code5,scan_date,ccass_asof_date,ccass_top10_pct,ccass_top5_pct,ccass_top10_delta,ccass_window_days,ccass_suspect_denominator,ccass_top10_pct_known,concentration_rising,hd_top10_pct_of_ccass,hd_asof_date,hd_top10_delta,dump_asof_date,dump_c10_shares,dump_issued_shares,dump_top10_pct_of_issued,dump_top10_pct_of_issued_raw,dump_top10_delta_shares,dump_window_days,dump_concentration_rising,dump_corp_action_in_window,dump_issued_missing
08293,2025-06-26,,,,,,,0,,,,,,,,,,,,,0,0
08226,2025-06-26,,,,,,,0,,,,,,,,,,,,,0,0
01235,2025-06-26,,,,,,,0,,,,,,,,,,,,,0,0
01647,2025-06-26,,,,,,,0,,,,,,,,,,,,,0,0
08267,2025-06-26,,,,,,,0,,,,,,,,,,,,,0,0
02212,2025-06-26,,,,,,,0,,,,,,,,,,,,,0,0
00510,2025-06-26,,,,,,,0,,,,,,,,,,,,,0,0
08350,2025-06-26,,,,,,,0,,,,,,,,,,,,,0,0
01987,2025-06-26,,,,,,,0,,,,,,,,,,,,,0,0
01305,2025-06-26,,,,,,,0,,,,,,,,,,,,,0,0
01150,2025-06-26,,,,,,,0,,,,,,,,,,,,,0,0
02263,2025-06-26,,,,,,,0,,,,,,,,,,,,,0,0
01073,2025-06-26,,,,,,,0,,,,,,,,,,,,,0,0
01895,2025-06-26,,,,,,,0,,,,,,,,,,,,,0,0
06882,2025-06-26,,,,,,,0,,,,,,,,,,,,,0,0
02699,2025-06-26,,,,,,,0,,,,,,,,,,,,,0,0
01822,2025-06-26,,,,,,,0,,,,,,,,,,,,,0,0
06866,2025-06-26,,,,,,,0,,,,,,,,,,,,,0,0
01856,2025-06-26,,,,,,,0,,,,,,,,,,,,,0,0
06118,2025-06-26,,,,,,,0,,,,,,,,,,,,,0,0
00227,2025-06-26,,,,,,,0,,,,,,,,,,,,,0,0
03329,2025-06-26,,,,,,,0,,,,,,,,,,,,,0,0
01278,2025-06-26,,,,,,,0,,,,,,,,,,,,,0,0
08475,2025-06-27,,,,,,,0,,,,,,,,,,,,,0,0
08320,2025-06-27,,,,,,,0,,,,,,,,,,,,,0,0
02682,2025-06-27,,,,,,,0,,,,,,,,,,,,,0,0
00185,2025-06-27,,,,,,,0,,,,,,,,,,,,,0,0
08267,2025-06-27,,,,,,,0,,,,,,,,,,,,,0,0
01792,2025-06-27,,,,,,,0,,,,,,,,,,,,,0,0
02031,2025-06-27,,,,,,,0,,,,,,,,,,,,,0,0
01961,2025-06-27,,,,,,,0,,,,,,,,,,,,,0,0
01636,2025-06-27,,,,,,,0,,,,,,,,,,,,,0,0
03389,2025-06-27,,,,,,,0,,,,,,,,,,,,,0,0
02530,2025-06-27,,,,,,,0,,,,,,,,,,,,,0,0
00184,2025-06-27,,,,,,,0,,,,,,,,,,,,,0,0
00237,2025-06-27,,,,,,,0,,,,,,,,,,,,,0,0
01846,2025-06-27,,,,,,,0,,,,,,,,,,,,,0,0
01082,2025-06-27,,,,,,,0,,,,,,,,,,,,,0,0
08226,2025-06-30,,,,,,,0,,,,,2025-06-26,360029396,417503991,86.2338,86.2338,-159200,58,0.5,0,0
01695,2025-06-30,,,,,,,0,,,,,2025-06-26,165653875,1080000000,15.3383,15.3383,250000,58,0.5,0,0
01132,2025-06-30,,,,,,,0,,,,,2025-06-26,2308573599,2799669050,82.4588,82.4588,3404500,58,0.5,0,0
01473,2025-06-30,,,,,,,0,,,,,2025-06-26,906110100,1182441289,76.6305,76.6305,-288000,58,0.5,0,0
08509,2025-06-30,,,,,,,0,,,,,2025-06-26,380100000,400000000,95.025,95.025,860000,58,0.5,0,0
00630,2025-06-30,,,,,,,0,,,,,2025-06-26,725341778,967551792,74.9667,74.9667,-11759144,58,0,0,0
01643,2025-06-30,,,,,,,0,,,,,2025-06-26,240831161,720000000,33.4488,33.4488,-1852740,58,0.5,0,0
00328,2025-06-30,,,,,,,0,,,,,2025-06-26,69762315,286392150,24.359,24.359,-3071840,58,0,0,0
00927,2025-06-30,,,,,,,0,,,,,2025-06-26,188047495,511005000,36.7995,36.7995,-17726000,58,0,0,0
01489,2025-06-30,,,,,,,0,,,,,2025-06-26,957260000,1000000000,95.726,95.726,4090000,58,0.5,0,0
06913,2025-06-30,,,,,,,0,,,,,2025-06-26,464224684,1334000000,34.7995,34.7995,1686000,58,0.5,0,0
00413,2025-06-30,,,,,,,0,,,,,2025-06-26,2965119031,13221302172,22.4268,22.4268,-720000,58,0.5,0,0
00789,2025-06-30,,,,,,,0,,,,,2025-06-26,1119462995,264793625,,422.7681,1414361,58,,1,0
00582,2025-06-30,,,,,,,0,,,,,2025-06-26,917304982,3651481386,25.1214,25.1214,-915105,58,0.5,0,0
00496,2025-06-30,,,,,,,0,,,,,2025-06-26,1189175526,1836541352,64.7508,64.7508,1420000,58,0.5,0,0
02540,2025-06-30,,,,,,,0,,,,,2025-06-26,102024100,600000000,17.004,17.004,5427500,58,0.5,0,0
01483,2025-06-30,,,,,,,0,,,,,2025-06-26,718434000,819450000,87.6727,87.6727,8714000,58,1,0,0
01621,2025-07-02,,,,,,,0,,,,,2025-06-27,192368001,1000000000,19.2368,19.2368,7352000,59,0.5,0,0
02266,2025-07-02,,,,,,,0,,,,,2025-06-27,81180000,400000000,20.295,20.295,366000,59,0.5,0,0
08143,2025-07-02,,,,,,,0,,,,,2025-06-27,165280535,1352759971,,12.218,-332104108,59,,1,0
00893,2025-07-02,,,,,,,0,,,,,2025-06-27,1057970909,2249015410,47.0415,47.0415,3684000,59,0.5,0,0
00953,2025-07-02,,,,,,,0,,,,,2025-06-27,989604221,1419610000,69.7096,69.7096,-682500,59,0.5,0,0
00757,2025-07-02,,,,,,,0,,,,,2025-06-27,2043840055,3323771133,61.4916,61.4916,-2234445,59,0.5,0,0
00114,2025-07-02,,,,,,,0,,,,,2025-06-27,350371340,604490763,57.9614,57.9614,15725,59,0.5,0,0
01643,2025-07-02,,,,,,,0,,,,,2025-06-27,240855161,720000000,33.4521,33.4521,-1828740,59,0.5,0,0
01795,2025-07-02,,,,,,,0,,,,,2025-06-27,564627058,600000000,94.1045,94.1045,-672000,59,0.5,0,0
00320,2025-07-02,,,,,,,0,,,,,2025-06-27,355274479,842540000,42.1671,42.1671,-1112000,59,0.5,0,0
02530,2025-07-02,,,,,,,0,,,,,2025-06-27,215035500,1000000000,21.5036,21.5036,-3088000,59,0.5,0,0
03300,2025-07-02,,,,,,,0,,,,,2025-06-27,1108374253,1836218258,60.3618,60.3618,-385034,59,0.5,0,0
01346,2025-07-02,,,,,,,0,,,,,2025-06-27,392970001,639100000,61.488,61.488,104053000,59,1,0,0
06136,2025-07-02,,,,,,,0,,,,,2025-06-27,1891683051,2307008500,81.9972,81.9972,4326000,59,0.5,0,0
00399,2025-07-02,,,,,,,0,,,,,2025-06-27,1041107414,3277107928,31.7691,31.7691,-30271070,59,0.5,0,0
08092,2025-07-03,,,,,,,0,,,,,2025-06-30,274666514,925508000,29.6774,29.6774,-2252000,60,0.5,0,0
00657,2025-07-03,,,,,,,0,,,,,2025-06-30,274277597,1946314108,14.0922,14.0922,-3821700,60,0.5,0,0
00518,2025-07-03,,,,,,,0,,,,,2025-06-30,157376729,451067557,34.8898,34.8898,-22028100,60,0,0,0
00712,2025-07-03,,,,,,,0,,,,,2025-06-30,615439543,1059923412,58.0645,58.0645,94372435,60,1,0,0
01165,2025-07-03,,,,,,,0,,,,,2025-06-30,3204631111,5082375490,63.0538,63.0538,-27376273,60,0.5,0,0
01671,2025-07-03,,,,,,,0,,,,,2025-06-30,146956907,159920907,91.8935,91.8935,666000,60,0.5,0,0
08143,2025-07-03,,,,,,,0,,,,,2025-06-30,374779191,1352759971,,27.7048,-122605452,60,,1,0
01001,2025-07-03,,,,,,,0,,,,,2025-06-30,293624996,636508315,46.1306,46.1306,812300,60,0.5,0,0
02455,2025-07-03,,,,,,,0,,,,,2025-06-30,74716481,300000000,24.9055,24.9055,1284000,60,0.5,0,0
01631,2025-07-03,,,,,,,0,,,,,2025-06-30,47793700,307200000,15.5578,15.5578,-826300,60,0.5,0,0
08087,2025-07-03,,,,,,,0,,,,,2025-06-30,53236173,648000000,,8.2155,-6475231,60,,1,0
01795,2025-07-03,,,,,,,0,,,,,2025-06-30,564636058,600000000,94.106,94.106,-663000,60,0.5,0,0
00970,2025-07-03,,,,,,,0,,,,,2025-06-30,131936240,675362170,19.5356,19.5356,649219,60,0.5,0,0
08269,2025-07-03,,,,,,,0,,,,,2025-06-30,578950012,890722800,64.9978,64.9978,15588501,60,1,0,0
00320,2025-07-03,,,,,,,0,,,,,2025-06-30,355280479,842540000,42.1678,42.1678,-1106000,60,0.5,0,0
02205,2025-07-03,,,,,,,0,,,,,2025-06-30,195222000,700000000,27.8889,27.8889,87000,60,0.5,0,0
08328,2025-07-03,,,,,,,0,,,,,2025-06-30,345548623,785533629,43.989,43.989,-1350069,60,0.5,0,0
01282,2025-07-03,,,,,,,0,,,,,2025-06-30,1373939625,5000000000,27.4788,27.4788,-7824432,60,0.5,0,0
00184,2025-07-03,,,,,,,0,,,,,2025-06-30,142197913,340200000,41.7983,41.7983,560013,60,0.5,0,0
08092,2025-07-04,,,,,,,0,,,,,2025-07-02,274666514,925508000,29.6774,29.6774,-2252000,61,0.5,0,0
01740,2025-07-04,,,,,,,0,,,,,2025-07-02,764647000,1037500000,73.7009,73.7009,4295000,61,0.5,0,0
01949,2025-07-04,,,,,,,0,,,,,2025-07-02,654278025,230400000,,283.9748,189870000,61,,1,0
01991,2025-07-04,,,,,,,0,,,,,2025-07-02,113565975,172006700,66.0242,66.0242,-1018849566,60,0,0,0
03368,2025-07-04,,,,,,,0,,,,,2025-07-02,1341890399,2634532250,50.9347,50.9347,-1402000,61,0.5,0,0
01945,2025-07-04,,,,,,,0,,,,,2025-07-02,104240041,294030400,35.4521,35.4521,633600,61,0.5,0,0
00583,2025-07-04,,,,,,,0,,,,,2025-07-02,626074887,1567745596,39.9347,39.9347,28000,61,0.5,0,0
02377,2025-07-04,,,,,,,0,,,,,2025-07-02,705239983,854862679,82.4975,82.4975,928495,61,0.5,0,0
02257,2025-07-04,,,,,,,0,,,,,2025-07-02,60214218,112157138,53.6874,53.6874,-1086197,61,0.5,0,0
01082,2025-07-04,,,,,,,0,,,,,2025-07-02,545333200,608046880,89.686,89.686,-2400000,61,0.5,0,0
08018,2025-07-07,,,,,,,0,,,,,2025-07-03,397153794,504232936,78.764,78.764,-23206728,62,0,0,0
01722,2025-07-07,,,,,,,0,,,,,2025-07-03,318120000,1100000000,28.92,28.92,7160000,62,0.5,0,0
01421,2025-07-07,,,,,,,0,,,,,2025-07-03,101807750,200195200,50.8542,50.8542,269325,62,0.5,0,0
00515,2025-07-07,,,,,,,0,,,,,2025-07-03,131141711,285567614,45.9232,45.9232,-275446798,62,0,0,0
01025,2025-07-07,,,,,,,0,,,,,2025-07-03,161011856,447367440,35.991,35.991,128647440,62,1,0,0
08450,2025-07-07,,,,,,,0,,,,,2025-07-03,377775000,1000000000,37.7775,37.7775,2900000,62,0.5,0,0
01222,2025-07-07,,,,,,,0,,,,,2025-07-03,10203638316,13538696942,75.3665,75.3665,51005098,62,0.5,0,0
00673,2025-07-07,,,,,,,0,,,,,2025-07-03,341496989,1387138191,24.6188,24.6188,-4170350,62,0.5,0,0
01290,2025-07-07,,,,,,,0,,,,,2025-07-03,1027045200,1090335000,94.1954,94.1954,6060000,62,0.5,0,0
08340,2025-07-08,,,,,,,0,,,,,2025-07-04,49313320,79990000,61.6494,61.6494,9229216,63,1,0,0
00899,2025-07-08,,,,,,,0,,,,,2025-07-04,113019675,445159008,25.3886,25.3886,-803029138,63,0,0,0
08450,2025-07-08,,,,,,,0,,,,,2025-07-04,377775000,1000000000,37.7775,37.7775,2900000,63,0.5,0,0
06663,2025-07-08,,,,,,,0,,,,,2025-07-04,165970000,800000000,20.7462,20.7462,-870000,63,0.5,0,0
00620,2025-07-08,,,,,,,0,,,,,2025-07-04,492347660,801025230,61.4647,61.4647,-965506,63,0.5,0,0
01022,2025-07-08,,,,,,,0,,,,,2025-07-04,1447264189,1749442062,82.7272,82.7272,8473450,63,0.5,0,0
01046,2025-07-08,,,,,,,0,,,,,2025-07-04,852041285,906632276,93.9787,93.9787,-1439718,63,0.5,0,0
00610,2025-07-08,,,,,,,0,,,,,2025-07-04,522377879,793124034,65.8633,65.8633,124000,63,0.5,0,0
01233,2025-07-08,,,,,,,0,,,,,2025-07-04,1854094313,2996092775,61.8837,61.8837,-3646317,63,0.5,0,0
00736,2025-07-09,,,,,,,0,,,,,2025-07-07,180035504,320599606,56.1559,56.1559,-866202,64,0.5,0,0
00243,2025-07-09,,,,,,,0,,,,,2025-07-07,148220445,346490532,42.7776,42.7776,-237161,64,0.5,0,0
01253,2025-07-09,,,,,,,0,,,,,2025-07-07,3989024470,604116479,,660.3072,3354279,64,,0,0
00510,2025-07-09,,,,,,,0,,,,,2025-07-07,260063586,431174779,60.3151,60.3151,670560,64,0.5,0,0
00994,2025-07-09,,,,,,,0,,,,,2025-07-07,710611510,1291006000,55.0432,55.0432,-1676000,64,0.5,0,0
00620,2025-07-09,,,,,,,0,,,,,2025-07-07,492347660,801025230,61.4647,61.4647,-965506,64,0.5,0,0
08645,2025-07-09,,,,,,,0,,,,,2025-07-07,715558000,756504000,94.5875,94.5875,0,64,0.5,0,0
01909,2025-07-09,,,,,,,0,,,,,2025-07-07,131010014,242821041,53.9533,53.9533,-447730,64,0.5,0,0
01183,2025-07-09,,,,,,,0,,,,,2025-07-07,1511313312,3980719188,37.9658,37.9658,8599000,64,0.5,0,0
00419,2025-07-09,,,,,,,0,,,,,2025-07-07,9066330733,1757154399,,515.9667,-117741937,64,,1,0
06898,2025-07-09,,,,,,,0,,,,,2025-07-07,431169504,941401000,45.8008,45.8008,3442000,64,0.5,0,0
00488,2025-07-09,,,,,,,0,,,,,2025-07-07,796614762,1453328830,54.8131,54.8131,-1173323,64,0.5,0,0
01160,2025-07-10,,,,,,,0,,,,,2025-07-08,214810458,237271250,90.5337,90.5337,0,65,0.5,0,0
08245,2025-07-10,,,,,,,0,,,,,2025-07-08,141599791,289541272,48.9049,48.9049,2380100,65,0.5,0,0
00601,2025-07-10,,,,,,,0,,,,,2025-07-08,403685845,592595103,68.1217,68.1217,-2531747,65,0.5,0,0
08537,2025-07-10,,,,,,,0,,,,,2025-07-08,115606279,360000000,32.1129,32.1129,840000,65,0.5,0,0
01718,2025-07-10,,,,,,,0,,,,,2025-07-08,182919270,304120000,60.1471,60.1471,107094000,65,1,0,0
01315,2025-07-10,,,,,,,0,,,,,2025-07-08,334155807,621876317,53.7335,53.7335,-12384350,65,0,0,0
01661,2025-07-10,,,,,,,0,,,,,2025-07-08,87508997,190294200,45.9862,45.9862,-320000,65,0.5,0,0
06968,2025-07-10,,,,,,,0,,,,,2025-07-08,1276788000,1621799000,78.7266,78.7266,-2144000,65,0.5,0,0
01967,2025-07-10,,,,,,,0,,,,,2025-07-08,124037150,300000000,41.3457,41.3457,51350900,65,1,0,0
00833,2025-07-10,,,,,,,0,,,,,2025-07-08,309297664,473058180,65.3826,65.3826,-2119170,65,0.5,0,0
06158,2025-07-10,,,,,,,0,,,,,2025-07-08,3716928430,4367756000,85.0993,85.0993,-10095001,65,0.5,0,0
00476,2025-07-10,,,,,,,0,,,,,2025-07-08,143045151,355649109,40.2209,40.2209,28317004,65,1,0,0
00532,2025-07-10,,,,,,,0,,,,,2025-07-08,220304801,729897964,30.183,30.183,-2513550,65,0.5,0,0
01080,2025-07-10,,,,,,,0,,,,,2025-07-08,2589189374,3874365600,66.8287,66.8287,4001798,65,0.5,0,0
08481,2025-07-10,,,,,,,0,,,,,2025-07-08,241450000,405170000,59.5923,59.5923,340000,65,0.5,0,0
02349,2025-07-10,,,,,,,0,,,,,2025-07-08,1622788562,3128278542,51.8748,51.8748,6699200,65,0.5,0,0
01777,2025-07-10,,,,,,,0,,,,,2025-07-08,1205653855,3628367310,,33.2286,21327136,65,,1,0
01062,2025-07-10,,,,,,,0,,,,,2025-07-08,2540714560,2902215360,87.544,87.544,8340000,65,0.5,0,0
00583,2025-07-10,,,,,,,0,,,,,2025-07-08,626864887,1567745596,39.9851,39.9851,818000,65,0.5,0,0
03301,2025-07-10,,,,,,,0,,,,,2025-07-08,1069366009,1683431417,63.523,63.523,19504500,65,1,0,0
00149,2025-07-10,,,,,,,0,,,,,2025-07-08,7970184461,9953067822,80.0777,80.0777,18654244,65,0.5,0,0
02376,2025-07-10,,,,,,,0,,,,,2025-07-08,32126000,133340000,24.0933,24.0933,220500,65,0.5,0,0
01966,2025-07-10,,,,,,,0,,,,,2025-07-08,3692026906,4222986126,87.4269,87.4269,4472657,65,0.5,0,0
00090,2025-07-10,,,,,,,0,,,,,2025-07-08,418565000,458600000,91.2702,91.2702,682000,65,0.5,0,0
01233,2025-07-10,,,,,,,0,,,,,2025-07-08,1854117313,2996092775,61.8845,61.8845,-3623317,65,0.5,0,0
00337,2025-07-10,,,,,,,0,,,,,2025-07-08,1493340996,2791884683,53.4886,53.4886,-11742481,65,0.5,0,0
01141,2025-07-10,,,,,,,0,,,,,2025-07-08,380527554,1096968693,34.689,34.689,3539505,65,0.5,0,0
06898,2025-07-10,,,,,,,0,,,,,2025-07-08,431123504,941401000,45.7959,45.7959,3396000,65,0.5,0,0
01183,2025-07-10,,,,,,,0,,,,,2025-07-08,1511533062,3980719188,37.9714,37.9714,8818750,65,0.5,0,0
01862,2025-07-11,,,,,,,0,,,,,2025-07-09,1177188296,1538813213,76.4998,76.4998,-116185000,66,0,0,0
01803,2025-07-11,,,,,,,0,,,,,2025-07-09,1123928092,168961900,,665.1962,15655000,66,,1,0
00243,2025-07-11,,,,,,,0,,,,,2025-07-09,148264945,346490532,42.7905,42.7905,-192661,66,0.5,0,0
01049,2025-07-11,,,,,,,0,,,,,2025-07-09,28611479,80698181,35.4549,35.4549,-492164,66,0.5,0,0
00619,2025-07-11,,,,,,,0,,,,,2025-07-09,144526093,301277070,47.9712,47.9712,221600,66,0.5,0,0
00718,2025-07-11,,,,,,,0,,,,,2025-07-09,4943239146,5250019852,94.1566,94.1566,-6709460,66,0.5,0,0
08350,2025-07-11,,,,,,,0,,,,,2025-07-09,883792019,950064000,93.0245,93.0245,156880012,66,1,0,0
02263,2025-07-11,,,,,,,0,,,,,2025-07-09,214440000,1000000000,21.444,21.444,980000,66,0.5,0,0
00476,2025-07-11,,,,,,,0,,,,,2025-07-09,143049751,355649109,40.2222,40.2222,28321604,66,1,0,0
01141,2025-07-11,,,,,,,0,,,,,2025-07-09,380433554,1096968693,34.6804,34.6804,3445505,66,0.5,0,0
00212,2025-07-11,,,,,,,0,,,,,2025-07-09,23321382,33967738,68.6574,68.6574,-580500,66,0,0,0
00381,2025-07-11,,,,,,,0,,,,,2025-07-09,280276098,1330424526,21.0667,21.0667,9507686,66,0.5,0,0
00339,2025-07-14,,,,,,,0,,,,,2025-07-10,265182867,432000000,61.3849,61.3849,32606117,67,1,0,0
01561,2025-07-14,,,,,,,0,,,,,2025-07-10,710672862,1065454100,66.7014,66.7014,-3460000,67,0.5,0,0
08120,2025-07-14,,,,,,,0,,,,,2025-07-10,102425565,162626760,62.982,62.982,-3026236,67,0,0,0
02178,2025-07-14,,,,,,,0,,,,,2025-07-10,1117493275,1726674682,64.7194,64.7194,-3084622,67,0.5,0,0
08471,2025-07-14,,,,,,,0,,,,,2025-07-10,1019034000,73560000,,1385.31,160700000,67,,1,0
01647,2025-07-14,,,,,,,0,,,,,2025-07-10,874412500,1195040000,73.1701,73.1701,-2622500,67,0.5,0,0
01555,2025-07-14,,,,,,,0,,,,,2025-07-10,2698659953,3386525510,79.6882,79.6882,7021880,67,0.5,0,0
02159,2025-07-14,,,,,,,0,,,,,2025-07-10,194959626,336480000,57.9409,57.9409,37576000,67,1,0,0
03639,2025-07-14,,,,,,,0,,,,,2025-07-10,2232883751,2583970000,86.4129,86.4129,-3822000,67,0.5,0,0
02738,2025-07-14,,,,,,,0,,,,,2025-07-10,537511920,600000000,89.5853,89.5853,-4704080,67,0.5,0,0
01938,2025-07-14,,,,,,,0,,,,,2025-07-10,410226006,1011142000,40.5706,40.5706,-5970000,67,0.5,0,0
00943,2025-07-14,,,,,,,0,,,,,2025-07-10,3625576492,2060601229,,175.9475,-21893704,67,,0,0
01036,2025-07-14,,,,,,,0,,,,,2025-07-10,74627648,389527932,19.1585,19.1585,462163,67,0.5,0,0
01373,2025-07-14,,,,,,,0,,,,,2025-07-10,257387634,713253000,36.0864,36.0864,-28426988,67,0,0,0
01520,2025-07-14,,,,,,,0,,,,,2025-07-10,582112367,1048938313,55.4954,55.4954,98375493,67,1,0,0
06677,2025-07-14,,,,,,,0,,,,,2025-07-10,456379488,1184000000,38.5456,38.5456,-1374500,67,0.5,0,0
08112,2025-07-15,,,,,,,0,,,,,2025-07-11,161448116,229418448,70.3728,70.3728,251200,68,0.5,0,0
01253,2025-07-15,,,,,,,0,,,,,2025-07-11,3981324470,604116479,,659.0326,-4345721,68,,0,0
08117,2025-07-15,,,,,,,0,,,,,2025-07-11,701074482,1023987439,68.4651,68.4651,-6747342,68,0.5,0,0
08239,2025-07-15,,,,,,,0,,,,,2025-07-11,85532262,97768961,87.4841,87.4841,5822786,68,1,0,0
01917,2025-07-15,,,,,,,0,,,,,2025-07-11,505850930,2300000000,21.9935,21.9935,-770000,68,0.5,0,0
01949,2025-07-15,,,,,,,0,,,,,2025-07-11,665714025,230400000,,288.9384,201306000,68,,1,0
08283,2025-07-15,,,,,,,0,,,,,2025-07-11,29988093,345600000,8.6771,8.6771,-2100,68,0.5,0,0
00234,2025-07-15,,,,,,,0,,,,,2025-07-11,2800931355,5780368705,48.4559,48.4559,-879450,68,0.5,0,0
00804,2025-07-15,,,,,,,0,,,,,2025-07-11,366084356,68800013,,532.0993,29485000,68,,0,0
00474,2025-07-15,,,,,,,0,,,,,2025-07-11,6525869653,8858126805,73.671,73.671,-17955514,68,0.5,0,0
01527,2025-07-15,,,,,,,0,,,,,2025-07-11,17873045,135000000,13.2393,13.2393,96045,68,0.5,0,0
01861,2025-07-15,,,,,,,0,,,,,2025-07-11,217446500,233917250,92.9587,92.9587,442000,68,0.5,0,0
01802,2025-07-16,,,,,,,0,,,,,2025-07-14,542322164,831600000,65.2143,65.2143,163213814,69,1,0,0
08416,2025-07-16,,,,,,,0,,,,,2025-07-14,169395000,421415000,40.1967,40.1967,-2340000,69,0.5,0,0
00559,2025-07-16,,,,,,,0,,,,,2025-07-14,429582831,523184390,82.1093,82.1093,-9144191,69,0,0,0
00871,2025-07-16,,,,,,,0,,,,,2025-07-14,496749251,1503881500,33.0311,33.0311,-9355200,69,0.5,0,0
00261,2025-07-16,,,,,,,0,,,,,2025-07-14,166350193,331361678,50.202,50.202,-22488840,69,0,0,0
08239,2025-07-16,,,,,,,0,,,,,2025-07-14,85532262,97768961,87.4841,87.4841,5822786,69,1,0,0
06933,2025-07-16,,,,,,,0,,,,,2025-07-14,317928010,428002816,74.2818,74.2818,488000,69,0.5,0,0
02699,2025-07-16,,,,,,,0,,,,,2025-07-14,12807417,26300708,,48.6961,-1306556331,69,,1,0
01073,2025-07-16,,,,,,,0,,,,,2025-07-14,1915402797,3417990570,56.0389,56.0389,1149700,69,0.5,0,0
01298,2025-07-16,,,,,,,0,,,,,2025-07-14,251977625,275437000,91.4829,91.4829,-40000,69,0.5,0,0
06063,2025-07-16,,,,,,,0,,,,,2025-07-14,301048740,2000000000,15.0524,15.0524,296000,69,0.5,0,0
02146,2025-07-16,,,,,,,0,,,,,2025-07-14,55399000,376000000,14.7338,14.7338,3951500,69,1,0,0
01851,2025-07-16,,,,,,,0,,,,,2025-07-14,457132500,500000000,91.4265,91.4265,-24266000,69,0,0,0
08087,2025-07-16,,,,,,,0,,,,,2025-07-14,73807181,648000000,,11.39,14095777,69,,1,0
02481,2025-07-16,,,,,,,0,,,,,2025-07-14,281735880,301600000,93.4138,93.4138,-11417120,69,0,0,0
01010,2025-07-17,,,,,,,0,,,,,2025-07-15,322856040,444294170,72.6672,72.6672,-10982000,70,0,0,0
00197,2025-07-17,,,,,,,0,,,,,2025-07-15,127957032,209210453,61.1619,61.1619,-117656,70,0.5,0,0
01718,2025-07-17,,,,,,,0,,,,,2025-07-15,179248770,304120000,58.9401,58.9401,103423500,70,1,0,0
08120,2025-07-17,,,,,,,0,,,,,2025-07-15,102435565,162626760,62.9881,62.9881,-3016236,70,0,0,0
00559,2025-07-17,,,,,,,0,,,,,2025-07-15,429362831,523184390,82.0672,82.0672,-9364191,70,0,0,0
01949,2025-07-17,,,,,,,0,,,,,2025-07-15,665964025,230400000,,289.0469,201556000,70,,1,0
08326,2025-07-17,,,,,,,0,,,,,2025-07-15,1086742455,1227000000,88.5691,88.5691,9875000,70,0.5,0,0
01961,2025-07-17,,,,,,,0,,,,,2025-07-15,671115136,734301174,91.3951,91.3951,172000,70,0.5,0,0
01407,2025-07-17,,,,,,,0,,,,,2025-07-15,94660000,440000000,21.5136,21.5136,1220000,70,0.5,0,0
01895,2025-07-17,,,,,,,0,,,,,2025-07-15,484872812,593037500,81.7609,81.7609,-4159000,70,0.5,0,0
08267,2025-07-17,,,,,,,0,,,,,2025-07-15,285204154,369492964,77.188,77.188,1238996,70,0.5,0,0
01460,2025-07-17,,,,,,,0,,,,,2025-07-15,613457888,877590312,69.9025,69.9025,8057600,70,0.5,0,0
01753,2025-07-17,,,,,,,0,,,,,2025-07-15,915554627,1076823200,85.0237,85.0237,-932300,70,0.5,0,0
00365,2025-07-17,,,,,,,0,,,,,2025-07-15,397285171,1455000000,27.3048,27.3048,3424000,70,0.5,0,0
02393,2025-07-17,,,,,,,0,,,,,2025-07-15,1545889225,2331590000,66.3019,66.3019,-1427400,70,0.5,0,0
01856,2025-07-17,,,,,,,0,,,,,2025-07-15,313794000,360257512,87.1027,87.1027,-912000,70,0.5,0,0
01622,2025-07-17,,,,,,,0,,,,,2025-07-15,1278008458,3551609322,35.9839,35.9839,512440,70,0.5,0,0
02197,2025-07-17,,,,,,,0,,,,,2025-07-15,837732431,1298600681,64.5104,64.5104,1488952,70,0.5,0,0
01780,2025-07-17,,,,,,,0,,,,,2025-07-15,565410000,620000000,91.1952,91.1952,337500,70,0.5,0,0
01660,2025-07-17,,,,,,,0,,,,,2025-07-15,4720144000,6195000000,76.1928,76.1928,-1120000,70,0.5,0,0
01628,2025-07-17,,,,,,,0,,,,,2025-07-15,3412139314,1487986995,,229.3124,-4570797,70,,0,0
01862,2025-07-18,,,,,,,0,,,,,2025-07-16,1158461683,1538813213,75.2828,75.2828,-134911613,71,0,0,0
02608,2025-07-18,,,,,,,0,,,,,2025-07-16,2150938261,2550811477,84.3237,84.3237,-145980429,71,0,0,0
01237,2025-07-18,,,,,,,0,,,,,2025-07-16,57035166,96037051,59.3887,59.3887,-1078623,71,0,0,0
02358,2025-07-18,,,,,,,0,,,,,2025-07-16,4346380000,5472000000,79.4295,79.4295,-58780000,71,0,0,0
00197,2025-07-18,,,,,,,0,,,,,2025-07-16,127891917,209210453,61.1307,61.1307,-182771,71,0.5,0,0
03938,2025-07-18,,,,,,,0,,,,,2025-07-16,61680775,490470397,12.5758,12.5758,-1972000,71,0.5,0,0
01059,2025-07-18,,,,,,,0,,,,,2025-07-16,332102760,375033506,88.5528,88.5528,-282730,71,0.5,0,0
01549,2025-07-18,,,,,,,0,,,,,2025-07-16,1413927996,1550000000,91.2212,91.2212,-1192000,71,0.5,0,0
01079,2025-07-18,,,,,,,0,,,,,2025-07-16,1050529143,2140052608,49.0889,49.0889,5988000,71,0.5,0,0
08123,2025-07-18,,,,,,,0,,,,,2025-07-16,4027780841,344648302,,1168.6641,-266000,71,,0,0
01822,2025-07-18,,,,,,,0,,,,,2025-07-16,214272859,1973797360,10.8559,10.8559,-89929,71,0.5,0,0
02699,2025-07-18,,,,,,,0,,,,,2025-07-16,12812917,26300708,,48.717,-1306550831,71,,1,0
06118,2025-07-18,,,,,,,0,,,,,2025-07-16,95402202,512582000,18.6121,18.6121,-3392000,71,0.5,0,0
00969,2025-07-18,,,,,,,0,,,,,2025-07-16,1959654844,2191180000,89.4338,89.4338,410000,71,0.5,0,0
06860,2025-07-18,,,,,,,0,,,,,2025-07-16,1615897956,1918088000,84.2452,84.2452,-14085000,71,0.5,0,0
02146,2025-07-18,,,,,,,0,,,,,2025-07-16,55427500,376000000,14.7414,14.7414,3980000,71,1,0,0
00334,2025-07-18,,,,,,,0,,,,,2025-07-16,1091757174,2114307929,51.6366,51.6366,-3476002,71,0.5,0,0
01980,2025-07-18,,,,,,,0,,,,,2025-07-16,983188540,1105998162,88.896,88.896,-10420487,71,0.5,0,0
00159,2025-07-18,,,,,,,0,,,,,2025-07-16,4583127018,9280232131,49.3859,49.3859,837083702,71,1,0,0
08007,2025-07-21,,,,,,,0,,,,,2025-07-17,34390479,226317429,15.1957,15.1957,-306304846,72,0,0,0
08160,2025-07-21,,,,,,,0,,,,,2025-07-17,113767569,214791940,52.9664,52.9664,332160,72,0.5,0,0
00104,2025-07-21,,,,,,,0,,,,,2025-07-17,522970629,747123220,69.9979,69.9979,1411451,72,0.5,0,0
01732,2025-07-21,,,,,,,0,,,,,2025-07-17,439241193,1280000000,34.3157,34.3157,4840000,72,0.5,0,0
01215,2025-07-21,,,,,,,0,,,,,2025-07-17,4176777700,12778879806,32.685,32.685,-13047500,72,0.5,0,0
00380,2025-07-21,,,,,,,0,,,,,2025-07-17,1219370120,1332266000,91.526,91.526,616000,72,0.5,0,0
01936,2025-07-21,,,,,,,0,,,,,2025-07-17,109835000,466762000,23.5313,23.5313,-342000,72,0.5,0,0
01822,2025-07-21,,,,,,,0,,,,,2025-07-17,214242859,1973797360,10.8543,10.8543,-119929,72,0.5,0,0
00875,2025-07-21,,,,,,,0,,,,,2025-07-17,140641337,699046571,20.119,20.119,39730606,72,1,0,0
00042,2025-07-21,,,,,,,0,,,,,2025-07-17,145211850,873370000,16.6266,16.6266,-1215000,72,0.5,0,0
01079,2025-07-21,,,,,,,0,,,,,2025-07-17,1050529143,2140052608,49.0889,49.0889,5988000,72,0.5,0,0
06188,2025-07-21,,,,,,,0,,,,,2025-07-17,64390888,886460400,7.2638,7.2638,-1216500,72,0.5,0,0
00858,2025-07-21,,,,,,,0,,,,,2025-07-17,1314299549,2900000000,45.3207,45.3207,16100000,72,0.5,0,0
01202,2025-07-21,,,,,,,0,,,,,2025-07-17,89780000,400000000,22.445,22.445,2079800,72,0.5,0,0
01795,2025-07-21,,,,,,,0,,,,,2025-07-17,563883058,600000000,93.9805,93.9805,-1416000,72,0.5,0,0
00202,2025-07-21,,,,,,,0,,,,,2025-07-17,3957985528,7294369363,54.2608,54.2608,37068750,72,0.5,0,0
02297,2025-07-21,,,,,,,0,,,,,2025-07-17,1023583842,1401358800,73.0422,73.0422,-42903000,72,0,0,0
01084,2025-07-21,,,,,,,0,,,,,2025-07-17,727406000,874120000,83.2158,83.2158,2506000,72,0.5,0,0
02521,2025-07-21,,,,,,,0,,,,,2025-07-17,720361250,1949735000,36.9466,36.9466,197640000,72,1,0,0
00611,2025-07-21,,,,,,,0,,,,,2025-07-17,1526510201,1852036942,82.4233,82.4233,9560000,72,0.5,0,0
03321,2025-07-22,,,,,,,0,,,,,2025-07-18,488429388,77669600,,628.8553,-3018685,73,,1,0
00602,2025-07-22,,,,,,,0,,,,,2025-07-18,192281782,1037500002,18.5332,18.5332,-1185000,73,0.5,0,0
08096,2025-07-22,,,,,,,0,,,,,2025-07-18,157188550,481250000,32.6626,32.6626,-73500,73,0.5,0,0
02433,2025-07-22,,,,,,,0,,,,,2025-07-18,330096715,576000000,57.3085,57.3085,-6168000,73,0,0,0
00747,2025-07-22,,,,,,,0,,,,,2025-07-18,317563740,1469376000,21.6121,21.6121,498000,73,0.5,0,0
00840,2025-07-22,,,,,,,0,,,,,2025-07-18,142917000,519521560,27.5093,27.5093,-2060000,73,0.5,0,0
00984,2025-07-22,,,,,,,0,,,,,2025-07-18,232033059,260000000,89.2435,89.2435,-350500,73,0.5,0,0
02336,2025-07-22,,,,,,,0,,,,,2025-07-18,632346366,1815910767,34.8225,34.8225,-1034400,73,0.5,0,0
00417,2025-07-22,,,,,,,0,,,,,2025-07-18,234982197,249182030,94.3014,94.3014,1212396,73,0.5,0,0
01305,2025-07-22,,,,,,,0,,,,,2025-07-18,176431000,216626000,81.445,81.445,2830000,73,1,0,0
01217,2025-07-22,,,,,,,0,,,,,2025-07-18,9295576947,12801578629,72.6127,72.6127,33689181,73,0.5,0,0
01351,2025-07-22,,,,,,,0,,,,,2025-07-18,356514544,600000000,59.4191,59.4191,1246000,73,0.5,0,0
00893,2025-07-22,,,,,,,0,,,,,2025-07-18,1049604909,2249015410,46.6695,46.6695,-4682000,73,0.5,0,0
00759,2025-07-22,,,,,,,0,,,,,2025-07-18,180215156,666190798,27.0516,27.0516,-15644000,73,0,0,0
00767,2025-07-22,,,,,,,0,,,,,2025-07-18,315414736,636654300,49.5425,49.5425,-4094931,73,0.5,0,0
01393,2025-07-22,,,,,,,0,,,,,2025-07-18,3316855338,4605259407,72.0232,72.0232,-13103837,73,0.5,0,0
02545,2025-07-22,,,,,,,0,,,,,2025-07-18,462673030,640000000,72.2927,72.2927,14996000,73,1,0,0
00679,2025-07-22,,,,,,,0,,,,,2025-07-18,101217848,378733400,26.7254,26.7254,-1145000,73,0.5,0,0
01847,2025-07-22,,,,,,,0,,,,,2025-07-18,126109300,446272000,28.2584,28.2584,1000,73,0.5,0,0
01265,2025-07-22,,,,,,,0,,,,,2025-07-18,283100000,1839307800,15.3917,15.3917,470000,73,0.5,0,0
01795,2025-07-22,,,,,,,0,,,,,2025-07-18,563799058,600000000,93.9665,93.9665,-1500000,73,0.5,0,0
06118,2025-07-22,,,,,,,0,,,,,2025-07-18,95390202,512582000,18.6097,18.6097,-3404000,73,0.5,0,0
08368,2025-07-22,,,,,,,0,,,,,2025-07-18,240811457,692217719,34.7884,34.7884,49221398,73,1,0,0
02289,2025-07-22,,,,,,,0,,,,,2025-07-18,89762000,108000000,83.113,83.113,3841500,73,1,0,0
06136,2025-07-22,,,,,,,0,,,,,2025-07-18,1885978514,2307008500,81.75,81.75,-1378537,73,0.5,0,0
00428,2025-07-23,,,,,,,0,,,,,2025-07-21,82778065,154258237,53.662,53.662,17440108,74,1,0,0
00061,2025-07-23,,,,,,,0,,,,,2025-07-21,389305471,131565101,,295.9033,-4769532,74,,1,0
00645,2025-07-23,,,,,,,0,,,,,2025-07-21,102120572,513175401,19.8997,19.8997,-86000,74,0.5,0,0
01069,2025-07-23,,,,,,,0,,,,,2025-07-21,53901898,308772660,17.4568,17.4568,-484623721,74,0,0,0
00269,2025-07-23,,,,,,,0,,,,,2025-07-21,5922585675,10644093185,55.642,55.642,-141954075,74,0,0,0
00814,2025-07-23,,,,,,,0,,,,,2025-07-21,129018853,412220000,31.2985,31.2985,2691000,74,0.5,0,0
01000,2025-07-23,,,,,,,0,,,,,2025-07-21,42091000,197310000,21.3324,21.3324,-86000,74,0.5,0,0
01129,2025-07-23,,,,,,,0,,,,,2025-07-21,585676734,632193928,92.6419,92.6419,55353679,74,1,0,0
01449,2025-07-23,,,,,,,0,,,,,2025-07-21,628637500,800000000,78.5797,78.5797,517000,74,0.5,0,0
08050,2025-07-23,,,,,,,0,,,,,2025-07-21,723619699,271250000,,266.7722,-2052001,74,,1,0
01097,2025-07-23,,,,,,,0,,,,,2025-07-21,3015310417,7134623520,42.2631,42.2631,27236549,74,0.5,0,0
00185,2025-07-23,,,,,,,0,,,,,2025-07-21,1825489930,1913386669,95.4062,95.4062,4713727,74,0.5,0,0
01419,2025-07-23,,,,,,,0,,,,,2025-07-21,97964174,379552233,25.8105,25.8105,458000,74,0.5,0,0
01738,2025-07-23,,,,,,,0,,,,,2025-07-21,1131830057,1380545800,81.9842,81.9842,39236,74,0.5,0,0
01993,2025-07-23,,,,,,,0,,,,,2025-07-21,91023541,484910739,18.7712,18.7712,-109000,74,0.5,0,0
06919,2025-07-23,,,,,,,0,,,,,2025-07-21,143114793,158445679,90.3242,90.3242,-774785,74,0.5,0,0
01022,2025-07-23,,,,,,,0,,,,,2025-07-21,1446676189,1749442062,82.6936,82.6936,7885450,74,0.5,0,0
06118,2025-07-23,,,,,,,0,,,,,2025-07-21,95391202,512582000,18.6099,18.6099,-3403000,74,0.5,0,0
08186,2025-07-24,,,,,,,0,,,,,2025-07-22,35256810,113868640,30.9627,30.9627,50952,75,0.5,0,0
02288,2025-07-24,,,,,,,0,,,,,2025-07-22,309654011,375447000,82.4761,82.4761,-629743,75,0.5,0,0
01376,2025-07-24,,,,,,,0,,,,,2025-07-22,904518000,1000000000,90.4518,90.4518,11192000,75,1,0,0
00544,2025-07-24,,,,,,,0,,,,,2025-07-22,19068757,123690455,15.4165,15.4165,-173434973,75,0,0,0
01129,2025-07-24,,,,,,,0,,,,,2025-07-22,585676734,632193928,92.6419,92.6419,55353679,75,1,0,0
08637,2025-07-24,,,,,,,0,,,,,2025-07-22,50748377,149702000,33.8996,33.8996,17320379,75,1,0,0
01473,2025-07-24,,,,,,,0,,,,,2025-07-22,903158100,1182441289,76.3808,76.3808,-3240000,75,0.5,0,0
01097,2025-07-24,,,,,,,0,,,,,2025-07-22,3015102698,7134623520,42.2602,42.2602,27028830,75,0.5,0,0
00213,2025-07-24,,,,,,,0,,,,,2025-07-22,242135304,912528962,26.5345,26.5345,1109134,75,0.5,0,0
01170,2025-07-24,,,,,,,0,,,,,2025-07-22,261084467,666999445,39.1431,39.1431,-22290070,75,0,0,0
06988,2025-07-24,,,,,,,0,,,,,2025-07-22,1263982200,2371927200,53.2892,53.2892,128114000,75,1,0,0
01636,2025-07-24,,,,,,,0,,,,,2025-07-22,224458471,448155726,,50.0849,-2053562859,75,,1,0
01334,2025-07-24,,,,,,,0,,,,,2025-07-22,228133014,500000000,45.6266,45.6266,-4005000,75,0.5,0,0
08368,2025-07-24,,,,,,,0,,,,,2025-07-22,240891457,692217719,34.8,34.8,49301398,75,1,0,0
02392,2025-07-24,,,,,,,0,,,,,2025-07-22,346739040,554859000,62.4914,62.4914,2448500,75,0.5,0,0
01204,2025-07-24,,,,,,,0,,,,,2025-07-22,420899250,500000000,84.1798,84.1798,42000,75,0.5,0,0
00352,2025-07-25,,,,,,,0,,,,,2025-07-23,94266778,246183390,38.2913,38.2913,-224219,76,0.5,0,0
08402,2025-07-25,,,,,,,0,,,,,2025-07-23,254252246,480010000,52.9681,52.9681,1943700,76,0.5,0,0
03683,2025-07-25,,,,,,,0,,,,,2025-07-23,860387600,952613513,90.3186,90.3186,-5202500,76,0.5,0,0
00348,2025-07-25,,,,,,,0,,,,,2025-07-23,573863102,924570836,62.0681,62.0681,8031000,76,0.5,0,0
01620,2025-07-25,,,,,,,0,,,,,2025-07-23,1121400000,1200000000,93.45,93.45,-1688000,76,0.5,0,0
09918,2025-07-25,,,,,,,0,,,,,2025-07-23,66653000,100000000,66.653,66.653,-480000,76,0.5,0,0
08462,2025-07-25,,,,,,,0,,,,,2025-07-23,495804000,600000000,82.634,82.634,4115000,76,0.5,0,0
01129,2025-07-25,,,,,,,0,,,,,2025-07-23,585660734,632193928,92.6394,92.6394,55337679,76,1,0,0
01218,2025-07-25,,,,,,,0,,,,,2025-07-23,25493848,147976806,,17.2283,360875,76,,1,0
00500,2025-07-25,,,,,,,0,,,,,2025-07-23,1090422887,2403385881,45.3703,45.3703,-2565812,76,0.5,0,0
00544,2025-07-25,,,,,,,0,,,,,2025-07-23,19068757,123690455,15.4165,15.4165,-173434973,76,0,0,0
01612,2025-07-25,,,,,,,0,,,,,2025-07-23,196007218,660098832,29.6936,29.6936,7120564,76,1,0,0
00433,2025-07-25,,,,,,,0,,,,,2025-07-23,6092789795,15002140397,40.6128,40.6128,25543995,76,0.5,0,0
02392,2025-07-25,,,,,,,0,,,,,2025-07-23,346729540,554859000,62.4897,62.4897,2439000,76,0.5,0,0
08425,2025-07-28,,,,,,,0,,,,,2025-07-24,287434000,376000000,76.4452,76.4452,3446000,77,0.5,0,0
08286,2025-07-28,,,,,,,0,,,,,2025-07-24,77480000,308860000,25.0858,25.0858,-235000,77,0.5,0,0
08366,2025-07-28,,,,,,,0,,,,,2025-07-24,1378330001,1577200000,87.3909,87.3909,-780000,77,0.5,0,0
00574,2025-07-28,,,,,,,0,,,,,2025-07-24,1176742522,1990576062,59.1157,59.1157,2438000,77,0.5,0,0
01695,2025-07-28,,,,,,,0,,,,,2025-07-24,167293875,1080000000,15.4902,15.4902,1890000,77,0.5,0,0
00876,2025-07-28,,,,,,,0,,,,,2025-07-24,4197967787,103632754,,4050.8118,-141950048,77,,1,0
08535,2025-07-28,,,,,,,0,,,,,2025-07-24,223840000,1200000000,18.6533,18.6533,980000,77,0.5,0,0
08106,2025-07-28,,,,,,,0,,,,,2025-07-24,223640100,558821170,40.02,40.02,-1905000,77,0.5,0,0
09918,2025-07-28,,,,,,,0,,,,,2025-07-24,66653000,100000000,66.653,66.653,-480000,77,0.5,0,0
01459,2025-07-28,,,,,,,0,,,,,2025-07-24,104241000,533360000,19.5442,19.5442,-132000,77,0.5,0,0
03860,2025-07-28,,,,,,,0,,,,,2025-07-24,494371668,582429838,84.8809,84.8809,-5795000,77,0.5,0,0
01201,2025-07-28,,,,,,,0,,,,,2025-07-24,164167760,439685228,37.3376,37.3376,224900,77,0.5,0,0
00582,2025-07-28,,,,,,,0,,,,,2025-07-24,1176655967,3651481386,32.2241,32.2241,258435880,77,1,0,0
06885,2025-07-28,,,,,,,0,,,,,2025-07-24,331511496,535421000,61.916,61.916,4141881,77,0.5,0,0
01692,2025-07-28,,,,,,,0,,,,,2025-07-24,52842000,359000000,14.7192,14.7192,970000,77,0.5,0,0
02438,2025-07-28,,,,,,,0,,,,,2025-07-24,834031312,1548844356,53.8486,53.8486,1452730,77,0.5,0,0
03882,2025-07-28,,,,,,,0,,,,,2025-07-24,518722100,1008587455,51.4306,51.4306,6007043,77,0.5,0,0
00720,2025-07-28,,,,,,,0,,,,,2025-07-24,3198217445,6142515390,52.0669,52.0669,6305078,77,0.5,0,0
01803,2025-07-29,,,,,,,0,,,,,2025-07-25,1133718092,168961900,,670.9904,25445000,78,,1,0
01736,2025-07-29,,,,,,,0,,,,,2025-07-25,16444509,51138203,32.157,32.157,-123680640,78,0,0,0
00602,2025-07-29,,,,,,,0,,,,,2025-07-25,198519282,1037500002,19.1344,19.1344,5052500,78,0.5,0,0
08125,2025-07-29,,,,,,,0,,,,,2025-07-25,87495701,216732672,40.3703,40.3703,64502440,78,1,0,0
08377,2025-07-29,,,,,,,0,,,,,2025-07-25,358522903,539241860,66.4865,66.4865,20000,78,0.5,0,0
08262,2025-07-29,,,,,,,0,,,,,2025-07-25,410540367,923290000,44.4649,44.4649,4940000,78,0.5,0,0
00261,2025-07-29,,,,,,,0,,,,,2025-07-25,183519576,331361678,55.3835,55.3835,-5319457,78,0,0,0
01102,2025-07-29,,,,,,,0,,,,,2025-07-25,964043411,2799385743,34.4377,34.4377,34313015,78,1,0,0
08613,2025-07-29,,,,,,,0,,,,,2025-07-25,1097548188,1927716667,56.9351,56.9351,-2934950,78,0.5,0,0
08106,2025-07-29,,,,,,,0,,,,,2025-07-25,223800100,558821170,40.0486,40.0486,-1745000,78,0.5,0,0
01613,2025-07-29,,,,,,,0,,,,,2025-07-25,202981339,1535864491,13.2161,13.2161,716435,78,0.5,0,0
01817,2025-07-29,,,,,,,0,,,,,2025-07-25,723392565,950000000,76.1466,76.1466,526000,78,0.5,0,0
08657,2025-07-29,,,,,,,0,,,,,2025-07-25,405307421,610183500,66.4239,66.4239,22000,78,0.5,0,0
02376,2025-07-29,,,,,,,0,,,,,2025-07-25,32312500,133340000,24.2332,24.2332,407000,78,0.5,0,0
00730,2025-07-29,,,,,,,0,,,,,2025-07-25,2063840747,3953938703,52.1971,52.1971,-427000,78,0.5,0,0
00236,2025-07-29,,,,,,,0,,,,,2025-07-25,61565102,373570560,16.4802,16.4802,-1008750,78,0.5,0,0
01925,2025-07-29,,,,,,,0,,,,,2025-07-25,132667714,405042000,32.7541,32.7541,-2035143,78,0.5,0,0
08611,2025-07-29,,,,,,,0,,,,,2025-07-25,148654582,596014196,24.9414,24.9414,26035952,78,1,0,0
08521,2025-07-29,,,,,,,0,,,,,2025-07-25,409473800,639000000,64.0804,64.0804,1690000,78,0.5,0,0
02415,2025-07-29,,,,,,,0,,,,,2025-07-25,390948940,607170950,64.3886,64.3886,-2443250,78,0.5,0,0
08446,2025-07-30,,,,,,,0,,,,,2025-07-28,588997921,56255273,,1047.0093,-15366780,79,,1,0
01710,2025-07-30,,,,,,,0,,,,,2025-07-28,169436000,1000000000,16.9436,16.9436,-1188000,79,0.5,0,0
00036,2025-07-30,,,,,,,0,,,,,2025-07-28,300704488,326735577,92.033,92.033,-565013,79,0.5,0,0
02221,2025-07-30,,,,,,,0,,,,,2025-07-28,1254667850,229303213,,547.1654,-5960000,79,,0,0
00120,2025-07-30,,,,,,,0,,,,,2025-07-28,420160866,1639620550,25.6255,25.6255,-237204,79,0.5,0,0
09958,2025-07-30,,,,,,,0,,,,,2025-07-28,146777710,500000000,29.3555,29.3555,-14487200,79,0,0,0
08158,2025-07-30,,,,,,,0,,,,,2025-07-28,193550816,304252480,63.6152,63.6152,383200,79,0.5,0,0
06033,2025-07-30,,,,,,,0,,,,,2025-07-28,364873780,403753000,90.3705,90.3705,368000,79,0.5,0,0
01901,2025-07-30,,,,,,,0,,,,,2025-07-28,285592945,998400000,28.6051,28.6051,6852000,79,0.5,0,0
01046,2025-07-30,,,,,,,0,,,,,2025-07-28,851200885,906632276,93.886,93.886,-2280118,79,0.5,0,0
03938,2025-07-30,,,,,,,0,,,,,2025-07-28,81415087,490470397,16.5994,16.5994,17762312,79,1,0,0
02187,2025-07-30,,,,,,,0,,,,,2025-07-28,264308485,897600000,29.4461,29.4461,2973350,79,0.5,0,0
00776,2025-07-30,,,,,,,0,,,,,2025-07-28,295173988,671837550,43.9353,43.9353,-8840700,79,0,0,0
08521,2025-07-30,,,,,,,0,,,,,2025-07-28,409643800,639000000,64.107,64.107,1860000,79,0.5,0,0
08446,2025-07-31,,,,,,,0,,,,,2025-07-29,589245921,56255273,,1047.4501,-15118780,80,,1,0
02135,2025-07-31,,,,,,,0,,,,,2025-07-29,451858294,557077333,81.1123,81.1123,23990,80,0.5,0,0
00036,2025-07-31,,,,,,,0,,,,,2025-07-29,300716488,326735577,92.0367,92.0367,-553013,80,0.5,0,0
01075,2025-07-31,,,,,,,0,,,,,2025-07-29,55281740,289808609,19.0753,19.0753,-282600,80,0.5,0,0
01073,2025-07-31,,,,,,,0,,,,,2025-07-29,1916118397,3417990570,56.0598,56.0598,1865300,80,0.5,0,0
00643,2025-07-31,,,,,,,0,,,,,2025-07-29,621779172,899845554,69.0984,69.0984,101360176,80,1,0,0
02187,2025-07-31,,,,,,,0,,,,,2025-07-29,264330485,897600000,29.4486,29.4486,2995350,80,0.5,0,0
02177,2025-07-31,,,,,,,0,,,,,2025-07-29,95333810,165894700,57.4665,57.4665,-195200,80,0.5,0,0
00673,2025-07-31,,,,,,,0,,,,,2025-07-29,335767373,1387138191,24.2058,24.2058,-9899966,80,0.5,0,0
01183,2025-07-31,,,,,,,0,,,,,2025-07-29,1509214312,3980719188,37.9131,37.9131,6500000,80,0.5,0,0
02167,2025-07-31,,,,,,,0,,,,,2025-07-29,91987061,173380400,53.0551,53.0551,-110600,80,0.5,0,0
08221,2025-08-01,,,,,,,0,,,,,2025-07-30,38388800,47600000,80.6487,80.6487,-1877741200,81,0,0,0
01630,2025-08-01,,,,,,,0,,,,,2025-07-30,1359169594,1500000000,90.6113,90.6113,-2502000,81,0.5,0,0
01348,2025-08-01,,,,,,,0,,,,,2025-07-30,1258612000,1474232000,85.3741,85.3741,10480000,81,0.5,0,0
08163,2025-08-01,,,,,,,0,,,,,2025-07-30,730944937,1025255612,71.2939,71.2939,262397055,81,1,0,0
01715,2025-08-01,,,,,,,0,,,,,2025-07-30,292646270,360759879,81.1194,81.1194,214661770,81,1,0,0
00092,2025-08-01,,,,,,,0,,,,,2025-07-30,765353772,1097614848,69.7288,69.7288,35315213,81,1,0,0
06068,2025-08-01,,,,,,,0,,,,,2025-07-30,985882863,2178154000,45.2623,45.2623,-20435143,81,0.5,0,0
01657,2025-08-01,,,,,,,0,,,,,2025-07-30,2859000,32000000,8.9344,8.9344,-14500,81,0.5,0,0
08300,2025-08-01,,,,,,,0,,,,,2025-07-30,2010250000,2643360000,76.049,76.049,8700000,81,0.5,0,0
00124,2025-08-01,,,,,,,0,,,,,2025-07-30,568577010,1711536850,33.2203,33.2203,4106055,81,0.5,0,0
01028,2025-08-01,,,,,,,0,,,,,2025-07-30,1809921539,2492400000,72.6176,72.6176,18300588,81,0.5,0,0
01100,2025-08-01,,,,,,,0,,,,,2025-07-30,132709895,429164448,30.9229,30.9229,-1137525,81,0.5,0,0
02625,2025-08-01,,,,,,,0,,,,,2025-07-30,210413980,235639565,89.2948,89.2948,-2801930,81,0,0,0
02442,2025-08-01,,,,,,,0,,,,,2025-07-30,93596000,408000000,22.9402,22.9402,752000,81,0.5,0,0
02195,2025-08-04,,,,,,,0,,,,,2025-07-31,970716776,169142857,,573.9035,3825000,82,,0,0
01991,2025-08-04,,,,,,,0,,,,,2025-07-31,111800064,172006700,64.9975,64.9975,-1020615477,81,0,0,0
06918,2025-08-04,,,,,,,0,,,,,2025-07-31,397732325,874386800,45.487,45.487,1300000,82,0.5,0,0
01771,2025-08-04,,,,,,,0,,,,,2025-07-31,148249180,600000000,24.7082,24.7082,2463380,82,0.5,0,0
00387,2025-08-04,,,,,,,0,,,,,2025-07-31,197278694,230076062,85.745,85.745,-208000,82,0.5,0,0
01967,2025-08-04,,,,,,,0,,,,,2025-07-31,124011850,300000000,41.3373,41.3373,51325600,82,1,0,0
00723,2025-08-04,,,,,,,0,,,,,2025-07-31,712454829,1093841518,65.1333,65.1333,-12650127,82,0,0,0
01080,2025-08-04,,,,,,,0,,,,,2025-07-31,2587535725,3874365600,66.786,66.786,2348149,82,0.5,0,0
02210,2025-08-04,,,,,,,0,,,,,2025-07-31,33713925,146667200,22.9867,22.9867,-142400,82,0.5,0,0
01985,2025-08-04,,,,,,,0,,,,,2025-07-31,242165400,306374000,79.0424,79.0424,6840500,82,1,0,0
01565,2025-08-04,,,,,,,0,,,,,2025-07-31,2229075068,3036787000,73.4024,73.4024,-80247272,82,0,0,0
00156,2025-08-04,,,,,,,0,,,,,2025-07-31,828562434,918691271,90.1894,90.1894,6744742,82,0.5,0,0
02625,2025-08-04,,,,,,,0,,,,,2025-07-31,210427980,235639565,89.3008,89.3008,-2787930,82,0,0,0
00420,2025-08-04,,,,,,,0,,,,,2025-07-31,577011882,1225026960,47.102,47.102,819048,82,0.5,0,0
00306,2025-08-04,,,,,,,0,,,,,2025-07-31,417979287,476776842,87.6677,87.6677,-1545000,82,0.5,0,0
00727,2025-08-04,,,,,,,0,,,,,2025-07-31,155157969,1271844000,12.1994,12.1994,14903100,82,1,0,0
03728,2025-08-05,,,,,,,0,,,,,2025-08-01,881443000,1013000000,87.0131,87.0131,4400000,83,0.5,0,0
08035,2025-08-05,,,,,,,0,,,,,2025-08-01,524110000,600000000,87.3517,87.3517,22420000,83,1,0,0
08537,2025-08-05,,,,,,,0,,,,,2025-08-01,115846279,360000000,32.1795,32.1795,1080000,83,0.5,0,0
01967,2025-08-05,,,,,,,0,,,,,2025-08-01,124011850,300000000,41.3373,41.3373,51325600,83,1,0,0
01540,2025-08-05,,,,,,,0,,,,,2025-08-01,99562194,498671823,19.9655,19.9655,-8235294,83,0,0,0
01449,2025-08-05,,,,,,,0,,,,,2025-08-01,630020500,800000000,78.7526,78.7526,1900000,83,0.5,0,0
00865,2025-08-05,,,,,,,0,,,,,2025-08-01,2260398791,5837989696,38.7188,38.7188,47844000,83,0.5,0,0
01667,2025-08-05,,,,,,,0,,,,,2025-08-01,655023000,960000000,68.2316,68.2316,10000,83,0.5,0,0
00022,2025-08-05,,,,,,,0,,,,,2025-08-01,1708711390,39327757,,4344.7975,28738695,83,,1,0
01020,2025-08-05,,,,,,,0,,,,,2025-08-01,2890851500,5983182005,48.3163,48.3163,3208000,83,0.5,0,0
00767,2025-08-05,,,,,,,0,,,,,2025-08-01,324558032,636654300,50.9787,50.9787,5048365,83,0.5,0,0
01938,2025-08-05,,,,,,,0,,,,,2025-08-01,407053006,1011142000,40.2568,40.2568,-9143000,83,0.5,0,0
02350,2025-08-05,,,,,,,0,,,,,2025-08-01,509325400,875000000,58.2086,58.2086,296495500,83,1,0,0
01418,2025-08-05,,,,,,,0,,,,,2025-08-01,1106477000,1750002000,63.2272,63.2272,-508000,83,0.5,0,0
08223,2025-08-05,,,,,,,0,,,,,2025-08-01,315361981,516000000,61.1167,61.1167,8170200,83,1,0,0
02427,2025-08-05,,,,,,,0,,,,,2025-08-01,894293199,950000000,94.1361,94.1361,9120000,83,0.5,0,0
08021,2025-08-05,,,,,,,0,,,,,2025-08-01,8913096964,718355052,,1240.7648,3712000,83,,1,0
08245,2025-08-06,,,,,,,0,,,,,2025-08-04,141748091,289541272,48.9561,48.9561,2528400,84,0.5,0,0
08160,2025-08-06,,,,,,,0,,,,,2025-08-04,120326769,214791940,56.0202,56.0202,6891360,84,1,0,0
01561,2025-08-06,,,,,,,0,,,,,2025-08-04,706108862,1065454100,66.273,66.273,-8024000,84,0.5,0,0
08176,2025-08-06,,,,,,,0,,,,,2025-08-04,388519763,715500728,54.3004,54.3004,-6144216,84,0.5,0,0
08535,2025-08-06,,,,,,,0,,,,,2025-08-04,225000000,1200000000,18.75,18.75,2140000,84,0.5,0,0
00276,2025-08-06,,,,,,,0,,,,,2025-08-04,126181489,188125849,67.0729,67.0729,1990877,84,1,0,0
02728,2025-08-06,,,,,,,0,,,,,2025-08-04,3002321112,4455020888,67.3919,67.3919,752000,84,0.5,0,0
00572,2025-08-06,,,,,,,0,,,,,2025-08-04,209375648,301507892,69.4428,69.4428,49228,84,0.5,0,0
02381,2025-08-06,,,,,,,0,,,,,2025-08-04,1861210000,2000000000,93.0605,93.0605,-1650000,84,0.5,0,0
01991,2025-08-06,,,,,,,0,,,,,2025-08-04,111945064,172006700,65.0818,65.0818,-1020470477,83,0,0,0
00423,2025-08-06,,,,,,,0,,,,,2025-08-04,76785173,431600000,17.7908,17.7908,-17993500,84,0,0,0
00969,2025-08-06,,,,,,,0,,,,,2025-08-04,1962906844,2191180000,89.5822,89.5822,3662000,84,0.5,0,0
00096,2025-08-06,,,,,,,0,,,,,2025-08-04,158040014,636549600,24.8276,24.8276,842000,84,0.5,0,0
01079,2025-08-06,,,,,,,0,,,,,2025-08-04,1041403643,2140052608,48.6625,48.6625,-3137500,84,0.5,0,0
02237,2025-08-06,,,,,,,0,,,,,2025-08-04,485186184,1600000000,30.3241,30.3241,781000,84,0.5,0,0
08003,2025-08-07,,,,,,,0,,,,,2025-08-05,172020143,332269560,51.7713,51.7713,-1200600,85,0.5,0,0
00784,2025-08-07,,,,,,,0,,,,,2025-08-05,426504005,800000000,53.313,53.313,2620000,85,0.5,0,0
01750,2025-08-07,,,,,,,0,,,,,2025-08-05,330646000,1800000000,18.3692,18.3692,10940000,85,0.5,0,0
08401,2025-08-07,,,,,,,0,,,,,2025-08-05,580050475,813210607,71.3284,71.3284,395802179,85,1,0,0
02122,2025-08-07,,,,,,,0,,,,,2025-08-05,637575570,1355914286,47.0218,47.0218,-1298000,85,0.5,0,0
01720,2025-08-07,,,,,,,0,,,,,2025-08-05,1013517140,1100000000,92.1379,92.1379,5270000,85,0.5,0,0
09916,2025-08-07,,,,,,,0,,,,,2025-08-05,378368500,400000000,94.5921,94.5921,74123000,85,1,0,0
02203,2025-08-07,,,,,,,0,,,,,2025-08-05,717931024,800000000,89.7414,89.7414,1900000,85,0.5,0,0
01355,2025-08-07,,,,,,,0,,,,,2025-08-05,368271500,1789597740,20.5785,20.5785,9527000,85,0.5,0,0
01826,2025-08-07,,,,,,,0,,,,,2025-08-05,442160000,2397600000,18.4418,18.4418,-2060000,85,0.5,0,0
06893,2025-08-07,,,,,,,0,,,,,2025-08-05,1008600100,1091796000,92.3799,92.3799,-458000,85,0.5,0,0
00989,2025-08-07,,,,,,,0,,,,,2025-08-05,226325577,360181940,62.8365,62.8365,-51497755,85,0,0,0
08050,2025-08-07,,,,,,,0,,,,,2025-08-05,723059699,271250000,,266.5658,-2612001,85,,1,0
00825,2025-08-07,,,,,,,0,,,,,2025-08-05,327432268,1686145000,19.419,19.419,4361043,85,0.5,0,0
08472,2025-08-08,,,,,,,0,,,,,2025-08-06,74187540,115200000,64.3989,64.3989,13483000,86,1,0,0
01470,2025-08-08,,,,,,,0,,,,,2025-08-06,726521010,800000000,90.8151,90.8151,-1596000,86,0.5,0,0
08271,2025-08-08,,,,,,,0,,,,,2025-08-06,623937939,1503309540,41.5043,41.5043,5826824,86,0.5,0,0
08507,2025-08-08,,,,,,,0,,,,,2025-08-06,70748000,800000000,8.8435,8.8435,3564000,86,0.5,0,0
02728,2025-08-08,,,,,,,0,,,,,2025-08-06,3002681112,4455020888,67.3999,67.3999,1112000,86,0.5,0,0
01716,2025-08-08,,,,,,,0,,,,,2025-08-06,70391120,270000000,26.0708,26.0708,782000,86,0.5,0,0
03302,2025-08-08,,,,,,,0,,,,,2025-08-06,518209380,920393394,56.303,56.303,-1636000,86,0.5,0,0
00821,2025-08-08,,,,,,,0,,,,,2025-08-06,177435239,371085219,47.8152,47.8152,-1564558161,86,0,0,0
00352,2025-08-08,,,,,,,0,,,,,2025-08-06,90824778,246183390,36.8931,36.8931,-3666219,86,0,0,0
01389,2025-08-08,,,,,,,0,,,,,2025-08-06,103797495,554333332,18.7247,18.7247,1110000,86,0.5,0,0
08229,2025-08-08,,,,,,,0,,,,,2025-08-06,208925000,555480000,37.6116,37.6116,1115000,86,0.5,0,0
00476,2025-08-08,,,,,,,0,,,,,2025-08-06,142783187,355649109,40.1472,40.1472,28055040,86,1,0,0
00361,2025-08-08,,,,,,,0,,,,,2025-08-06,4422771965,5851250000,75.5868,75.5868,47978000,86,0.5,0,0
01397,2025-08-08,,,,,,,0,,,,,2025-08-06,367311466,415000000,88.5088,88.5088,-11508000,86,0,0,0
00953,2025-08-08,,,,,,,0,,,,,2025-08-06,979164221,1419610000,68.9742,68.9742,-11122500,86,0.5,0,0
00585,2025-08-08,,,,,,,0,,,,,2025-08-06,762973601,829921572,91.9332,91.9332,43852073,86,1,0,0
01780,2025-08-08,,,,,,,0,,,,,2025-08-06,564760000,620000000,91.0903,91.0903,-312500,86,0.5,0,0
02289,2025-08-08,,,,,,,0,,,,,2025-08-06,89764000,108000000,83.1148,83.1148,3843500,86,1,0,0
00266,2025-08-08,,,,,,,0,,,,,2025-08-06,203511303,474731824,42.8687,42.8687,-25076,86,0.5,0,0
00898,2025-08-08,,,,,,,0,,,,,2025-08-06,208023490,836074218,24.881,24.881,86800,86,0.5,0,0
00810,2025-08-11,,,,,,,0,,,,,2025-08-07,109672147,712751154,15.3872,15.3872,1523426,87,0.5,0,0
01722,2025-08-11,,,,,,,0,,,,,2025-08-07,310110000,1100000000,28.1918,28.1918,-850000,87,0.5,0,0
01315,2025-08-11,,,,,,,0,,,,,2025-08-07,334371307,621876317,53.7681,53.7681,-12168850,87,0,0,0
01843,2025-08-11,,,,,,,0,,,,,2025-08-07,761785123,800000000,95.2231,95.2231,650906,87,0.5,0,0
02682,2025-08-11,,,,,,,0,,,,,2025-08-07,275205250,1000000000,27.5205,27.5205,-5860000,87,0.5,0,0
01470,2025-08-11,,,,,,,0,,,,,2025-08-07,726521010,800000000,90.8151,90.8151,-1596000,87,0.5,0,0
00498,2025-08-11,,,,,,,0,,,,,2025-08-07,898878300,1040946114,86.352,86.352,-373334,87,0.5,0,0
01949,2025-08-11,,,,,,,0,,,,,2025-08-07,657508025,230400000,,285.3767,193100000,87,,1,0
01129,2025-08-11,,,,,,,0,,,,,2025-08-07,583964894,632193928,92.3712,92.3712,53641839,87,1,0,0
00832,2025-08-11,,,,,,,0,,,,,2025-08-07,2766610218,3039126090,91.0331,91.0331,2064000,87,0.5,0,0
00254,2025-08-11,,,,,,,0,,,,,2025-08-07,1864814634,675762840,,275.957,51823311,87,,0,0
06188,2025-08-11,,,,,,,0,,,,,2025-08-07,60007308,886460400,6.7693,6.7693,-5600080,87,0.5,0,0
03688,2025-08-11,,,,,,,0,,,,,2025-08-07,999644196,1412732441,70.7596,70.7596,-214200,87,0.5,0,0
00585,2025-08-11,,,,,,,0,,,,,2025-08-07,762974226,829921572,91.9333,91.9333,43852698,87,1,0,0
00206,2025-08-11,,,,,,,0,,,,,2025-08-07,1333567206,3243433914,41.1159,41.1159,-7577000,87,0.5,0,0
06811,2025-08-11,,,,,,,0,,,,,2025-08-07,799474019,971419000,82.2996,82.2996,1576695,87,0.5,0,0
00627,2025-08-11,,,,,,,0,,,,,2025-08-07,346555734,1420673262,24.3938,24.3938,-3462254,87,0.5,0,0
03603,2025-08-12,,,,,,,0,,,,,2025-08-08,1095641000,1492944000,73.388,73.388,-1851000,88,0.5,0,0
01259,2025-08-12,,,,,,,0,,,,,2025-08-08,1440355103,2203361000,65.3708,65.3708,-175627999,88,0,0,0
02113,2025-08-12,,,,,,,0,,,,,2025-08-08,749510000,804750000,93.1358,93.1358,-2380000,88,0.5,0,0
00899,2025-08-12,,,,,,,0,,,,,2025-08-08,113111851,445159008,25.4093,25.4093,-802936962,88,0,0,0
01757,2025-08-12,,,,,,,0,,,,,2025-08-08,1025640000,1200000000,85.47,85.47,310000,88,0.5,0,0
00947,2025-08-12,,,,,,,0,,,,,2025-08-08,413624299,796845094,51.9077,51.9077,1505500,88,0.5,0,0
09929,2025-08-12,,,,,,,0,,,,,2025-08-08,301560000,2000000000,15.078,15.078,-3820000,88,0.5,0,0
02132,2025-08-12,,,,,,,0,,,,,2025-08-08,240354000,1600000000,15.0221,15.0221,-360000,88,0.5,0,0
01775,2025-08-12,,,,,,,0,,,,,2025-08-08,99750499,533012000,18.7145,18.7145,-4012000,88,0.5,0,0
02028,2025-08-12,,,,,,,0,,,,,2025-08-08,565501762,858334100,65.8836,65.8836,-57381,88,0.5,0,0
01620,2025-08-12,,,,,,,0,,,,,2025-08-08,1120890000,1200000000,93.4075,93.4075,-2198000,88,0.5,0,0
01831,2025-08-12,,,,,,,0,,,,,2025-08-08,306154647,1075449549,28.4676,28.4676,-1076919,88,0.5,0,0
01407,2025-08-12,,,,,,,0,,,,,2025-08-08,396546000,440000000,90.1241,90.1241,303106000,88,1,0,0
01623,2025-08-12,,,,,,,0,,,,,2025-08-08,1085048462,1696438600,63.9604,63.9604,25420658,88,1,0,0
06119,2025-08-12,,,,,,,0,,,,,2025-08-08,116331475,600000000,19.3886,19.3886,-3267000,88,0.5,0,0
00924,2025-08-12,,,,,,,0,,,,,2025-08-08,935928000,1000000000,93.5928,93.5928,-1624000,88,0.5,0,0
01949,2025-08-12,,,,,,,0,,,,,2025-08-08,657362025,230400000,,285.3134,192954000,88,,1,0
00828,2025-08-12,,,,,,,0,,,,,2025-08-08,408307225,1408405886,28.9907,28.9907,-2296328,88,0.5,0,0
01202,2025-08-12,,,,,,,0,,,,,2025-08-08,89722000,400000000,22.4305,22.4305,2021800,88,0.5,0,0
00244,2025-08-12,,,,,,,0,,,,,2025-08-08,1194631300,1313962560,90.9182,90.9182,2275000,88,0.5,0,0
02146,2025-08-12,,,,,,,0,,,,,2025-08-08,53993500,376000000,14.36,14.36,2546000,88,0.5,0,0
00528,2025-08-12,,,,,,,0,,,,,2025-08-08,347957229,629678000,55.2595,55.2595,-25940000,88,0,0,0
02458,2025-08-12,,,,,,,0,,,,,2025-08-08,122460993,142710128,85.811,85.811,4856528,88,1,0,0
00212,2025-08-12,,,,,,,0,,,,,2025-08-08,23342882,33967738,68.7207,68.7207,-559000,88,0,0,0
06188,2025-08-12,,,,,,,0,,,,,2025-08-08,60250308,886460400,6.7967,6.7967,-5357080,88,0.5,0,0
08430,2025-08-13,,,,,,,0,,,,,2025-08-11,124706050,166835200,74.748,74.748,14735450,89,1,0,0
00193,2025-08-13,,,,,,,0,,,,,2025-08-11,112536364,233202559,48.2569,48.2569,-5817846,89,0,0,0
01340,2025-08-13,,,,,,,0,,,,,2025-08-11,533847000,138425700,,385.656,3252000,89,,1,0
02358,2025-08-13,,,,,,,0,,,,,2025-08-11,4196482000,5472000000,76.6901,76.6901,-208678000,89,0,0,0
08052,2025-08-13,,,,,,,0,,,,,2025-08-11,473878551,548256000,86.4338,86.4338,65680000,89,1,0,0
02147,2025-08-13,,,,,,,0,,,,,2025-08-11,693410123,67200000,,1031.8603,-19096000,89,,1,0
01889,2025-08-13,,,,,,,0,,,,,2025-08-11,101019369,152898695,66.0695,66.0695,2396100,89,1,0,0
01629,2025-08-13,,,,,,,0,,,,,2025-08-11,465359320,546092537,85.2162,85.2162,3269000,89,0.5,0,0
08283,2025-08-13,,,,,,,0,,,,,2025-08-11,33854249,345600000,9.7958,9.7958,3864056,89,1,0,0
01241,2025-08-13,,,,,,,0,,,,,2025-08-11,597572000,650000000,91.9342,91.9342,1190000,89,0.5,0,0
00637,2025-08-13,,,,,,,0,,,,,2025-08-11,132735040,828750000,16.0163,16.0163,-758000,89,0.5,0,0
00442,2025-08-13,,,,,,,0,,,,,2025-08-11,133605494,259150000,51.5553,51.5553,-903000,89,0.5,0,0
01757,2025-08-13,,,,,,,0,,,,,2025-08-11,1025590000,1200000000,85.4658,85.4658,260000,89,0.5,0,0
06882,2025-08-13,,,,,,,0,,,,,2025-08-11,147600700,502450000,29.3762,29.3762,-1404000,89,0.5,0,0
01222,2025-08-13,,,,,,,0,,,,,2025-08-11,10116679034,13538696942,74.7242,74.7242,-35954184,89,0.5,0,0
00209,2025-08-13,,,,,,,0,,,,,2025-08-11,41306690,148567180,,27.8034,-10786389,89,,1,0
02497,2025-08-13,,,,,,,0,,,,,2025-08-11,112522018,500000000,22.5044,22.5044,114000,89,0.5,0,0
00970,2025-08-13,,,,,,,0,,,,,2025-08-11,149199806,675362170,22.0918,22.0918,17912785,89,1,0,0
00166,2025-08-13,,,,,,,0,,,,,2025-08-11,2339818687,8741776988,26.7659,26.7659,-23453350,89,0.5,0,0
01098,2025-08-13,,,,,,,0,,,,,2025-08-11,428391359,749336566,57.1694,57.1694,1501447,89,0.5,0,0
01084,2025-08-13,,,,,,,0,,,,,2025-08-11,725244000,874120000,82.9685,82.9685,344000,89,0.5,0,0
00167,2025-08-13,,,,,,,0,,,,,2025-08-11,21370267,519984181,4.1098,4.1098,-620,89,0.5,0,0
02530,2025-08-13,,,,,,,0,,,,,2025-08-11,223403700,1000000000,22.3404,22.3404,5280200,89,0.5,0,0
00206,2025-08-13,,,,,,,0,,,,,2025-08-11,1333655206,3243433914,41.1186,41.1186,-7489000,89,0.5,0,0
02481,2025-08-13,,,,,,,0,,,,,2025-08-11,283574880,301600000,94.0235,94.0235,-9578120,89,0,0,0
00428,2025-08-14,,,,,,,0,,,,,2025-08-12,103037900,154258237,66.7957,66.7957,37699943,90,1,0,0
01064,2025-08-14,,,,,,,0,,,,,2025-08-12,212318896,768616520,27.6235,27.6235,2457296,90,0.5,0,0
00193,2025-08-14,,,,,,,0,,,,,2025-08-12,112551364,233202559,48.2633,48.2633,-5802846,90,0,0,0
00145,2025-08-14,,,,,,,0,,,,,2025-08-12,135266067,366201816,36.9376,36.9376,37902670,90,1,0,0
08120,2025-08-14,,,,,,,0,,,,,2025-08-12,97116565,162626760,59.7175,59.7175,-8335236,90,0,0,0
00660,2025-08-14,,,,,,,0,,,,,2025-08-12,149095136,384309785,38.7956,38.7956,-536701,90,0.5,0,0
01452,2025-08-14,,,,,,,0,,,,,2025-08-12,531910405,770697720,69.0167,69.0167,361000,90,0.5,0,0
00889,2025-08-14,,,,,,,0,,,,,2025-08-12,83652000,320000000,26.1412,26.1412,396000,90,0.5,0,0
02022,2025-08-14,,,,,,,0,,,,,2025-08-12,906277710,2000000000,45.3139,45.3139,1056000,90,0.5,0,0
02113,2025-08-14,,,,,,,0,,,,,2025-08-12,749105000,804750000,93.0854,93.0854,-2785000,90,0.5,0,0
08601,2025-08-14,,,,,,,0,,,,,2025-08-12,188500000,800000000,23.5625,23.5625,-380000,90,0.5,0,0
00653,2025-08-14,,,,,,,0,,,,,2025-08-12,359994410,1874878065,19.201,19.201,5094780,90,0.5,0,0
01682,2025-08-14,,,,,,,0,,,,,2025-08-12,737068489,1571854000,46.8917,46.8917,-1516000,90,0.5,0,0
01046,2025-08-14,,,,,,,0,,,,,2025-08-12,851414285,906632276,93.9095,93.9095,-2066718,90,0.5,0,0
00328,2025-08-14,,,,,,,0,,,,,2025-08-12,67821632,286392150,23.6814,23.6814,-5012523,90,0,0,0
06866,2025-08-14,,,,,,,0,,,,,2025-08-12,223218000,1180000000,18.9168,18.9168,748000,90,0.5,0,0
02136,2025-08-14,,,,,,,0,,,,,2025-08-12,1016790242,1464448500,69.4316,69.4316,6447412,90,0.5,0,0
00974,2025-08-14,,,,,,,0,,,,,2025-08-12,174287591,290457000,60.0046,60.0046,-96000,90,0.5,0,0
00970,2025-08-14,,,,,,,0,,,,,2025-08-12,149215806,675362170,22.0942,22.0942,17928785,90,1,0,0
01778,2025-08-14,,,,,,,0,,,,,2025-08-12,1188096953,1859407192,63.8965,63.8965,-11235779,90,0.5,0,0
01098,2025-08-14,,,,,,,0,,,,,2025-08-12,428386359,749336566,57.1688,57.1688,1496447,90,0.5,0,0
00610,2025-08-14,,,,,,,0,,,,,2025-08-12,521033146,793124034,65.6938,65.6938,-1220733,90,0.5,0,0
01813,2025-08-14,,,,,,,0,,,,,2025-08-12,1227780596,3418883945,35.9117,35.9117,10227641,90,0.5,0,0
03315,2025-08-14,,,,,,,0,,,,,2025-08-12,552107812,805802000,68.5166,68.5166,-413752,90,0.5,0,0
08365,2025-08-15,,,,,,,0,,,,,2025-08-13,58079934,198749440,29.2227,29.2227,32147774,91,1,0,0
00660,2025-08-15,,,,,,,0,,,,,2025-08-13,149095136,384309785,38.7956,38.7956,-536701,91,0.5,0,0
02372,2025-08-15,,,,,,,0,,,,,2025-08-13,433232000,800000001,54.154,54.154,956000,91,0.5,0,0
06816,2025-08-15,,,,,,,0,,,,,2025-08-13,688963995,800000000,86.1205,86.1205,-428000,91,0.5,0,0
00380,2025-08-15,,,,,,,0,,,,,2025-08-13,1218914120,1332266000,91.4918,91.4918,160000,91,0.5,0,0
02885,2025-08-15,,,,,,,0,,,,,2025-08-13,77864000,400000000,19.466,19.466,-106000,91,0.5,0,0
00858,2025-08-15,,,,,,,0,,,,,2025-08-13,1296449549,2900000000,44.7052,44.7052,-1750000,91,0.5,0,0
00929,2025-08-15,,,,,,,0,,,,,2025-08-13,982882313,1052254135,93.4073,93.4073,-1884340,91,0.5,0,0
00938,2025-08-15,,,,,,,0,,,,,2025-08-13,332866165,647198595,51.4318,51.4318,16437454,91,1,0,0
01085,2025-08-15,,,,,,,0,,,,,2025-08-13,277875162,465600000,59.6811,59.6811,-21506525,91,0,0,0
02789,2025-08-15,,,,,,,0,,,,,2025-08-13,5520937384,6208734000,88.9221,88.9221,-16039773,91,0.5,0,0
00228,2025-08-15,,,,,,,0,,,,,2025-08-13,3729015322,456200400,,817.4073,-8398000,91,,0,0
02651,2025-08-15,,,,,,,0,,,,,2025-08-13,16051115,50579042,31.7347,31.7347,-606825,26,0,0,0
00829,2025-08-15,,,,,,,0,,,,,2025-08-13,761122783,3230480000,23.5607,23.5607,7350602,91,0.5,0,0
08277,2025-08-18,,,,,,,0,,,,,2025-08-14,244432120,262473333,93.1265,93.1265,-420000,92,0.5,0,0
01421,2025-08-18,,,,,,,0,,,,,2025-08-14,94932750,200195200,47.4201,47.4201,-6605675,92,0,0,0
08365,2025-08-18,,,,,,,0,,,,,2025-08-14,58184534,198749440,29.2753,29.2753,32252374,92,1,0,0
01710,2025-08-18,,,,,,,0,,,,,2025-08-14,169720000,1000000000,16.972,16.972,-904000,92,0.5,0,0
00844,2025-08-18,,,,,,,0,,,,,2025-08-14,415155511,494335330,83.9826,83.9826,2980000,92,0.5,0,0
00515,2025-08-18,,,,,,,0,,,,,2025-08-14,199048375,285567614,69.7027,69.7027,-207540134,92,0,0,0
01351,2025-08-18,,,,,,,0,,,,,2025-08-14,382910544,600000000,63.8184,63.8184,27642000,92,1,0,0
00894,2025-08-18,,,,,,,0,,,,,2025-08-14,136016298,479322470,28.3768,28.3768,-958566,92,0.5,0,0
01480,2025-08-18,,,,,,,0,,,,,2025-08-14,37193991,240000000,15.4975,15.4975,-56000,92,0.5,0,0
01955,2025-08-18,,,,,,,0,,,,,2025-08-14,490946000,500000000,98.1892,98.1892,674000,92,0.5,0,0
00556,2025-08-18,,,,,,,0,,,,,2025-08-14,921603500,1004820842,91.7182,91.7182,46000,92,0.5,0,0
00927,2025-08-18,,,,,,,0,,,,,2025-08-14,187875495,511005000,36.7659,36.7659,-17898000,92,0,0,0
01993,2025-08-18,,,,,,,0,,,,,2025-08-14,89723041,484910739,18.503,18.503,-1409500,92,0.5,0,0
01153,2025-08-18,,,,,,,0,,,,,2025-08-14,573085751,672209000,85.2541,85.2541,9644385,92,1,0,0
02107,2025-08-18,,,,,,,0,,,,,2025-08-14,883632095,1264000000,69.9076,69.9076,2343942,92,0.5,0,0
01260,2025-08-18,,,,,,,0,,,,,2025-08-14,264109025,1151454000,22.937,22.937,1566000,92,0.5,0,0
02125,2025-08-18,,,,,,,0,,,,,2025-08-14,550328206,706041400,77.9456,77.9456,3271000,92,0.5,0,0
02389,2025-08-18,,,,,,,0,,,,,2025-08-14,4435512745,6058772027,73.2081,73.2081,52434000,92,0.5,0,0
01100,2025-08-18,,,,,,,0,,,,,2025-08-14,132127845,429164448,30.7872,30.7872,-1719575,92,0.5,0,0
06677,2025-08-18,,,,,,,0,,,,,2025-08-14,450501288,1184000000,38.0491,38.0491,-7252700,92,0.5,0,0
06908,2025-08-18,,,,,,,0,,,,,2025-08-14,706761141,1171854481,60.3113,60.3113,6119552,92,0.5,0,0
00383,2025-08-18,,,,,,,0,,,,,2025-08-14,585068435,1010530457,57.8972,57.8972,-744146,92,0.5,0,0
00184,2025-08-18,,,,,,,0,,,,,2025-08-14,141853779,340200000,41.6972,41.6972,215879,92,0.5,0,0
02540,2025-08-18,,,,,,,0,,,,,2025-08-14,101661600,600000000,16.9436,16.9436,5065000,92,0.5,0,0
08340,2025-08-19,,,,,,,0,,,,,2025-08-15,49088320,79990000,61.3681,61.3681,9004216,93,1,0,0
08118,2025-08-19,,,,,,,0,,,,,2025-08-15,412880000,500000000,82.576,82.576,227760000,93,1,0,0
00060,2025-08-19,,,,,,,0,,,,,2025-08-15,134385906,255654000,52.5655,52.5655,-1044984,93,0.5,0,0
01132,2025-08-19,,,,,,,0,,,,,2025-08-15,2301732599,2799669050,82.2145,82.2145,-3436500,93,0.5,0,0
01953,2025-08-19,,,,,,,0,,,,,2025-08-15,1172199582,1260000000,93.0317,93.0317,-1050000,93,0.5,0,0
00894,2025-08-19,,,,,,,0,,,,,2025-08-15,135990298,479322470,28.3714,28.3714,-984566,93,0.5,0,0
00417,2025-08-19,,,,,,,0,,,,,2025-08-15,235216197,249182030,94.3953,94.3953,1446396,93,0.5,0,0
00718,2025-08-19,,,,,,,0,,,,,2025-08-15,4954469409,5250019852,94.3705,94.3705,4520803,93,0.5,0,0
02165,2025-08-19,,,,,,,0,,,,,2025-08-15,110277440,285685000,38.6011,38.6011,920000,93,0.5,0,0
00413,2025-08-19,,,,,,,0,,,,,2025-08-15,2950991385,13221302172,22.32,22.32,-14847646,93,0.5,0,0
01020,2025-08-19,,,,,,,0,,,,,2025-08-15,2885439500,5983182005,48.2258,48.2258,-2204000,93,0.5,0,0
01612,2025-08-19,,,,,,,0,,,,,2025-08-15,197301218,660098832,29.8896,29.8896,8414564,93,1,0,0
08315,2025-08-20,,,,,,,0,,,,,2025-08-18,485609055,581442248,83.518,83.518,1593834,94,0.5,0,0
00725,2025-08-20,,,,,,,0,,,,,2025-08-18,179855500,198958000,90.3987,90.3987,-274000,94,0.5,0,0
00833,2025-08-20,,,,,,,0,,,,,2025-08-18,303834894,473058180,64.2278,64.2278,-7581940,94,0,0,0
03893,2025-08-20,,,,,,,0,,,,,2025-08-18,146608204,1054805818,13.8991,13.8991,-6033465,94,0.5,0,0
01351,2025-08-20,,,,,,,0,,,,,2025-08-18,382988544,600000000,63.8314,63.8314,27720000,94,1,0,0
01284,2025-08-20,,,,,,,0,,,,,2025-08-18,122960000,600000000,20.4933,20.4933,5615000,94,0.5,0,0
02882,2025-08-20,,,,,,,0,,,,,2025-08-18,242720699,269671601,90.006,90.006,1366500,94,0.5,0,0
06182,2025-08-20,,,,,,,0,,,,,2025-08-18,161752000,800000000,20.219,20.219,-1640000,94,0.5,0,0
00987,2025-08-20,,,,,,,0,,,,,2025-08-18,2215200657,2506157464,88.3903,88.3903,-3119828,94,0.5,0,0
06663,2025-08-20,,,,,,,0,,,,,2025-08-18,165490000,800000000,20.6862,20.6862,-1350000,94,0.5,0,0
00417,2025-08-20,,,,,,,0,,,,,2025-08-18,233756449,249182030,93.8095,93.8095,-13352,94,0.5,0,0
00280,2025-08-20,,,,,,,0,,,,,2025-08-18,744796644,909308465,81.908,81.908,1289895,94,0.5,0,0
01795,2025-08-20,,,,,,,0,,,,,2025-08-18,561213058,600000000,93.5355,93.5355,-4086000,94,0.5,0,0
00097,2025-08-20,,,,,,,0,,,,,2025-08-18,520818074,3047327395,17.091,17.091,-2660534,94,0.5,0,0
00776,2025-08-20,,,,,,,0,,,,,2025-08-18,295003488,671837550,43.9099,43.9099,-9011200,94,0,0,0
08079,2025-08-21,,,,,,,0,,,,,2025-08-19,22561280,36637201,61.5803,61.5803,284501,95,0.5,0,0
01340,2025-08-21,,,,,,,0,,,,,2025-08-19,543959000,138425700,,392.961,13364000,95,,1,0
08125,2025-08-21,,,,,,,0,,,,,2025-08-19,87241301,216732672,40.253,40.253,64248040,95,1,0,0
01413,2025-08-21,,,,,,,0,,,,,2025-08-19,842365000,328000000,,256.8186,-73715000,95,,1,0
08028,2025-08-21,,,,,,,0,,,,,2025-08-19,278161717,505932270,54.98,54.98,72717277,95,1,0,0
02349,2025-08-21,,,,,,,0,,,,,2025-08-19,1639372562,3128278542,52.4049,52.4049,23283200,95,0.5,0,0
01962,2025-08-21,,,,,,,0,,,,,2025-08-19,605326693,616136000,98.2456,98.2456,-1233803,95,0.5,0,0
01073,2025-08-21,,,,,,,0,,,,,2025-08-19,1921905137,3417990570,56.2291,56.2291,7652040,95,0.5,0,0
00191,2025-08-21,,,,,,,0,,,,,2025-08-19,447740117,883373901,50.6852,50.6852,-1490251,95,0.5,0,0
08368,2025-08-21,,,,,,,0,,,,,2025-08-19,241385357,692217719,34.8713,34.8713,49795298,95,1,0,0
00848,2025-08-21,,,,,,,0,,,,,2025-08-19,4804426648,5140326000,93.4654,93.4654,4956000,95,0.5,0,0
01719,2025-08-21,,,,,,,0,,,,,2025-08-19,1680169612,1725066689,97.3974,97.3974,-121466,95,0.5,0,0
00156,2025-08-21,,,,,,,0,,,,,2025-08-19,826762295,918691271,89.9935,89.9935,4944603,95,0.5,0,0
00527,2025-08-21,,,,,,,0,,,,,2025-08-19,1514670773,1934915002,78.281,78.281,8656036,95,0.5,0,0
03315,2025-08-21,,,,,,,0,,,,,2025-08-19,555206812,805802000,68.9011,68.9011,2685248,95,0.5,0,0
08121,2025-08-22,,,,,,,0,,,,,2025-08-20,19102313,150040000,12.7315,12.7315,-475600,96,0.5,0,0
03666,2025-08-22,,,,,,,0,,,,,2025-08-20,1738289681,2655637000,65.4566,65.4566,-3675296,96,0.5,0,0
06158,2025-08-22,,,,,,,0,,,,,2025-08-20,3727965168,4367756000,85.352,85.352,941737,96,0.5,0,0
02108,2025-08-22,,,,,,,0,,,,,2025-08-20,174906000,800000000,21.8632,21.8632,404000,96,0.5,0,0
01792,2025-08-22,,,,,,,0,,,,,2025-08-20,1097730810,247680000,,443.2053,-64303076,96,,1,0
00865,2025-08-22,,,,,,,0,,,,,2025-08-20,2274915324,5837989696,38.9674,38.9674,62360533,96,1,0,0
01001,2025-08-22,,,,,,,0,,,,,2025-08-20,294302796,636508315,46.2371,46.2371,1490100,96,0.5,0,0
08239,2025-08-22,,,,,,,0,,,,,2025-08-20,85738932,97768961,87.6955,87.6955,6029456,96,1,0,0
01617,2025-08-22,,,,,,,0,,,,,2025-08-20,1283062861,1626240000,78.8975,78.8975,-3248001,96,0.5,0,0
00689,2025-08-22,,,,,,,0,,,,,2025-08-20,378207013,1857731712,20.3585,20.3585,-3527590747,96,0,0,0
00723,2025-08-22,,,,,,,0,,,,,2025-08-20,710000466,1093841518,64.9089,64.9089,-15104490,96,0,0,0
03368,2025-08-22,,,,,,,0,,,,,2025-08-20,1341886899,2634532250,50.9345,50.9345,-1405500,96,0.5,0,0
01925,2025-08-22,,,,,,,0,,,,,2025-08-20,129461714,405042000,31.9625,31.9625,-5241143,96,0,0,0
00330,2025-08-22,,,,,,,0,,,,,2025-08-20,2175067735,283081734,,768.3533,21357283,96,,0,0
01334,2025-08-22,,,,,,,0,,,,,2025-08-20,226678014,500000000,45.3356,45.3356,-5460000,96,0,0,0
01063,2025-08-25,,,,,,,0,,,,,2025-08-21,851499727,307707313,,276.7239,3090166,97,,1,0
01225,2025-08-25,,,,,,,0,,,,,2025-08-21,165238656,230322413,71.7423,71.7423,1274840,97,0.5,0,0
08401,2025-08-25,,,,,,,0,,,,,2025-08-21,574748475,813210607,70.6765,70.6765,390500179,97,1,0,0
01348,2025-08-25,,,,,,,0,,,,,2025-08-21,1279956000,1474232000,86.8219,86.8219,31824000,97,1,0,0
01315,2025-08-25,,,,,,,0,,,,,2025-08-21,335544907,621876317,53.9569,53.9569,-10995250,97,0,0,0
01064,2025-08-25,,,,,,,0,,,,,2025-08-21,209458896,768616520,27.2514,27.2514,-402704,97,0.5,0,0
00243,2025-08-25,,,,,,,0,,,,,2025-08-21,207459746,346490532,59.8746,59.8746,59002140,97,1,0,0
08239,2025-08-25,,,,,,,0,,,,,2025-08-21,85738932,97768961,87.6955,87.6955,6029456,97,1,0,0
01869,2025-08-25,,,,,,,0,,,,,2025-08-21,1168389400,1692300000,69.0415,69.0415,14052500,97,0.5,0,0
00607,2025-08-25,,,,,,,0,,,,,2025-08-21,303500595,708763934,42.8211,42.8211,-1762553,97,0.5,0,0
01657,2025-08-25,,,,,,,0,,,,,2025-08-21,2868500,32000000,8.9641,8.9641,-5000,97,0.5,0,0
00969,2025-08-25,,,,,,,0,,,,,2025-08-21,1964440844,2191180000,89.6522,89.6522,5196000,97,0.5,0,0
00229,2025-08-25,,,,,,,0,,,,,2025-08-21,176299968,501324860,35.1668,35.1668,-16403900,97,0,0,0
00351,2025-08-25,,,,,,,0,,,,,2025-08-21,450769641,1994975244,22.5952,22.5952,7996203,97,0.5,0,0
02165,2025-08-25,,,,,,,0,,,,,2025-08-21,110605440,285685000,38.7159,38.7159,1248000,97,0.5,0,0
02377,2025-08-25,,,,,,,0,,,,,2025-08-21,698857065,854862679,81.7508,81.7508,-5454423,97,0.5,0,0
01483,2025-08-25,,,,,,,0,,,,,2025-08-21,719528000,819450000,87.8062,87.8062,9808000,97,1,0,0
08367,2025-08-26,,,,,,,0,,,,,2025-08-22,49207840,96649984,50.9134,50.9134,-128000,98,0.5,0,0
08412,2025-08-26,,,,,,,0,,,,,2025-08-22,85860601,146697120,58.5292,58.5292,344500,98,0.5,0,0
01400,2025-08-26,,,,,,,0,,,,,2025-08-22,2302132366,3801767365,60.5543,60.5543,143733354,98,1,0,0
01715,2025-08-26,,,,,,,0,,,,,2025-08-22,288509270,360759879,79.9727,79.9727,210524770,98,1,0,0
01315,2025-08-26,,,,,,,0,,,,,2025-08-22,335714907,621876317,53.9842,53.9842,-10825250,98,0,0,0
00361,2025-08-26,,,,,,,0,,,,,2025-08-22,4423591965,5851250000,75.6008,75.6008,48798000,98,0.5,0,0
01759,2025-08-26,,,,,,,0,,,,,2025-08-22,46689000,216000000,21.6153,21.6153,160000,98,0.5,0,0
00827,2025-08-26,,,,,,,0,,,,,2025-08-22,3200319096,7028042599,45.5364,45.5364,6380000,98,0.5,0,0
01490,2025-08-26,,,,,,,0,,,,,2025-08-22,307871351,1234600000,24.9369,24.9369,138150,98,0.5,0,0
00926,2025-08-26,,,,,,,0,,,,,2025-08-22,86242084,122265585,70.5367,70.5367,-15850001,98,0,0,0
00519,2025-08-26,,,,,,,0,,,,,2025-08-22,1450957904,3055105739,47.4929,47.4929,12465538,98,0.5,0,0
01827,2025-08-26,,,,,,,0,,,,,2025-08-22,385190001,400000000,96.2975,96.2975,1215000,98,0.5,0,0
01925,2025-08-26,,,,,,,0,,,,,2025-08-22,129429714,405042000,31.9546,31.9546,-5273143,98,0,0,0
01900,2025-08-26,,,,,,,0,,,,,2025-08-22,1362357037,1720185862,79.1982,79.1982,7263855,98,0.5,0,0
01657,2025-08-26,,,,,,,0,,,,,2025-08-22,2868500,32000000,8.9641,8.9641,-5000,98,0.5,0,0
00487,2025-08-26,,,,,,,0,,,,,2025-08-22,2508120109,4926491196,50.9109,50.9109,-13855542,98,0.5,0,0
02298,2025-08-26,,,,,,,0,,,,,2025-08-22,2023867068,2249457213,89.9714,89.9714,11071395,98,0.5,0,0
01039,2025-08-27,,,,,,,0,,,,,2025-08-25,1351849418,1810953272,74.6485,74.6485,-64111636,99,0,0,0
08163,2025-08-27,,,,,,,0,,,,,2025-08-25,725434153,1025255612,70.7564,70.7564,256886271,99,1,0,0
08206,2025-08-27,,,,,,,0,,,,,2025-08-25,727834097,1895697017,38.394,38.394,-17947000,99,0.5,0,0
00456,2025-08-27,,,,,,,0,,,,,2025-08-25,120580068,214228885,56.2856,56.2856,16415533,99,1,0,0
00065,2025-08-27,,,,,,,0,,,,,2025-08-25,96238410,245536916,39.1951,39.1951,-3573873,99,0,0,0
08659,2025-08-27,,,,,,,0,,,,,2025-08-25,268737000,823331036,32.6402,32.6402,-18702760,99,0,0,0
00888,2025-08-27,,,,,,,0,,,,,2025-08-25,961015804,1421838398,67.5897,67.5897,-4360998,99,0.5,0,0
01582,2025-08-27,,,,,,,0,,,,,2025-08-25,90065000,500000000,18.013,18.013,-1342500,99,0.5,0,0
00352,2025-08-27,,,,,,,0,,,,,2025-08-25,93439444,246183390,37.9552,37.9552,-1051553,99,0.5,0,0
01376,2025-08-27,,,,,,,0,,,,,2025-08-25,909450000,1000000000,90.945,90.945,16124000,99,1,0,0
01111,2025-08-27,,,,,,,0,,,,,2025-08-25,612489998,770650000,79.4771,79.4771,-1220000,99,0.5,0,0
01870,2025-08-27,,,,,,,0,,,,,2025-08-25,514245000,1017170000,50.5564,50.5564,131875000,99,1,0,0
01289,2025-08-27,,,,,,,0,,,,,2025-08-25,20704500,128000000,16.1754,16.1754,2766000,99,1,0,0
01767,2025-08-27,,,,,,,0,,,,,2025-08-25,934480000,1000000000,93.448,93.448,-3850000,99,0.5,0,0
00046,2025-08-27,,,,,,,0,,,,,2025-08-25,61067632,244334384,24.9935,24.9935,-4477852,99,0,0,0
02222,2025-08-27,,,,,,,0,,,,,2025-08-25,441872609,507273677,87.1073,87.1073,6757800,99,1,0,0
00365,2025-08-27,,,,,,,0,,,,,2025-08-25,397965171,1455000000,27.3516,27.3516,4104000,99,0.5,0,0
01556,2025-08-27,,,,,,,0,,,,,2025-08-25,199173333,1500000000,13.2782,13.2782,-470,99,0.5,0,0
03828,2025-08-27,,,,,,,0,,,,,2025-08-25,279664287,734262697,38.0878,38.0878,-50104000,99,0,0,0
00529,2025-08-27,,,,,,,0,,,,,2025-08-25,58415549,277966666,21.0153,21.0153,4000,99,0.5,0,0
01282,2025-08-27,,,,,,,0,,,,,2025-08-25,1234690025,5000000000,24.6938,24.6938,-147074032,99,0,0,0
01292,2025-08-27,,,,,,,0,,,,,2025-08-25,110510800,202064000,54.691,54.691,1112000,99,0.5,0,0
01940,2025-08-27,,,,,,,0,,,,,2025-08-25,266700000,1200000000,22.225,22.225,1044000,99,0.5,0,0
02540,2025-08-27,,,,,,,0,,,,,2025-08-25,101814100,600000000,16.969,16.969,5217500,99,0.5,0,0
02330,2025-08-28,,,,,,,0,,,,,2025-08-26,241021790,452845748,53.2238,53.2238,62401200,100,1,0,0
01581,2025-08-28,,,,,,,0,,,,,2025-08-26,367391276,415000000,88.528,88.528,4151000,100,1,0,0
00456,2025-08-28,,,,,,,0,,,,,2025-08-26,120590068,214228885,56.2903,56.2903,16425533,100,1,0,0
08426,2025-08-28,,,,,,,0,,,,,2025-08-26,183038000,800000000,22.8797,22.8797,10000,100,0.5,0,0
06038,2025-08-28,,,,,,,0,,,,,2025-08-26,178380000,1003000000,17.7846,17.7846,1010000,100,0.5,0,0
03395,2025-08-28,,,,,,,0,,,,,2025-08-26,296253397,869292597,34.0798,34.0798,17148089,100,1,0,0
00295,2025-08-28,,,,,,,0,,,,,2025-08-26,6617731030,14964442519,44.223,44.223,-691831800,100,0,0,0
01335,2025-08-28,,,,,,,0,,,,,2025-08-26,1078771000,2434136166,44.3184,44.3184,-4800000,100,0.5,0,0
01285,2025-08-28,,,,,,,0,,,,,2025-08-26,396733002,415000000,95.5983,95.5983,249000,100,0.5,0,0
08395,2025-08-28,,,,,,,0,,,,,2025-08-26,525191912,1714000000,30.6413,30.6413,-611118088,100,0,0,0
08368,2025-08-28,,,,,,,0,,,,,2025-08-26,241395357,692217719,34.8728,34.8728,49805298,100,1,0,0
08026,2025-08-28,,,,,,,0,,,,,2025-08-26,1384454212,1539985388,89.9005,89.9005,11652906,100,0.5,0,0
01862,2025-08-29,,,,,,,0,,,,,2025-08-27,1153208013,1538813213,74.9414,74.9414,-140165283,101,0,0,0
06080,2025-08-29,,,,,,,0,,,,,2025-08-27,830351800,1120350000,74.1154,74.1154,5784000,101,0.5,0,0
02286,2025-08-29,,,,,,,0,,,,,2025-08-27,586175993,599999989,97.696,97.696,86530,101,0.5,0,0
01124,2025-08-29,,,,,,,0,,,,,2025-08-27,325480813,414602028,78.5044,78.5044,-3095400,101,0.5,0,0
08659,2025-08-29,,,,,,,0,,,,,2025-08-27,268477000,823331036,32.6086,32.6086,-18962760,101,0,0,0
01693,2025-08-29,,,,,,,0,,,,,2025-08-27,37423306,80278240,46.617,46.617,3185612,101,1,0,0
01150,2025-08-29,,,,,,,0,,,,,2025-08-27,890234714,1056936650,84.2278,84.2278,-3971500,101,0.5,0,0
00442,2025-08-29,,,,,,,0,,,,,2025-08-27,133556494,259150000,51.5364,51.5364,-952000,101,0.5,0,0
01669,2025-08-29,,,,,,,0,,,,,2025-08-27,71098500,400000000,17.7746,17.7746,496000,101,0.5,0,0
02101,2025-08-29,,,,,,,0,,,,,2025-08-27,160725838,406020887,39.5856,39.5856,-3010000,101,0.5,0,0
01397,2025-08-29,,,,,,,0,,,,,2025-08-27,366651346,415000000,88.3497,88.3497,-12168120,101,0,0,0
01087,2025-08-29,,,,,,,0,,,,,2025-08-27,105232896,239865600,43.8716,43.8716,1312700,101,0.5,0,0
02483,2025-08-29,,,,,,,0,,,,,2025-08-27,211109000,500000000,42.2218,42.2218,1696000,101,0.5,0,0
01483,2025-08-29,,,,,,,0,,,,,2025-08-27,719616000,819450000,87.817,87.817,9896000,101,1,0,0
01802,2025-09-01,,,,,,,0,,,,,2025-08-28,559778164,831600000,67.3134,67.3134,180669814,102,1,0,0
00704,2025-09-01,,,,,,,0,,,,,2025-08-28,222362173,290373235,76.5781,76.5781,234687,102,0.5,0,0
01156,2025-09-01,,,,,,,0,,,,,2025-08-28,416381760,707710677,58.835,58.835,4242227,102,0.5,0,0
01741,2025-09-01,,,,,,,0,,,,,2025-08-28,366115000,800000000,45.7644,45.7644,9058000,102,1,0,0
01701,2025-09-01,,,,,,,0,,,,,2025-08-28,807832429,1000000000,80.7832,80.7832,-194000,102,0.5,0,0
02663,2025-09-01,,,,,,,0,,,,,2025-08-28,107210000,556930000,19.2502,19.2502,-3470000,102,0.5,0,0
01037,2025-09-01,,,,,,,0,,,,,2025-08-28,305413839,706173448,43.2491,43.2491,69523,102,0.5,0,0
00616,2025-09-01,,,,,,,0,,,,,2025-08-28,843128924,1867324348,45.1517,45.1517,-27642594,102,0,0,0
00831,2025-09-01,,,,,,,0,,,,,2025-08-28,329663635,782136974,42.1491,42.1491,-21392103,102,0,0,0
01150,2025-09-01,,,,,,,0,,,,,2025-08-28,889734714,1056936650,84.1805,84.1805,-4471500,102,0.5,0,0
01460,2025-09-01,,,,,,,0,,,,,2025-08-28,616463488,877590312,70.245,70.245,11063200,102,1,0,0
08178,2025-09-01,,,,,,,0,,,,,2025-08-28,50799626,172107158,29.5163,29.5163,-537248,102,0.5,0,0
02177,2025-09-01,,,,,,,0,,,,,2025-08-28,95363610,165894700,57.4844,57.4844,-165400,102,0.5,0,0
01518,2025-09-01,,,,,,,0,,,,,2025-08-28,377878400,490025000,77.1141,77.1141,192500,102,0.5,0,0
01795,2025-09-01,,,,,,,0,,,,,2025-08-28,560697058,600000000,93.4495,93.4495,-4602000,102,0.5,0,0
00542,2025-09-01,,,,,,,0,,,,,2025-08-28,6866030102,1530930808,,448.4873,-38357000,102,,0,0
03822,2025-09-02,,,,,,,0,,,,,2025-08-29,15520999,84000000,18.4774,18.4774,-134200,103,0.5,0,0
01156,2025-09-02,,,,,,,0,,,,,2025-08-29,416301760,707710677,58.8237,58.8237,4162227,103,0.5,0,0
00712,2025-09-02,,,,,,,0,,,,,2025-08-29,614949168,1059923412,58.0183,58.0183,93882060,103,1,0,0
02122,2025-09-02,,,,,,,0,,,,,2025-08-29,635870314,1355914286,46.8961,46.8961,-3003256,103,0.5,0,0
09963,2025-09-02,,,,,,,0,,,,,2025-08-29,26048920,387343000,6.725,6.725,124000,103,0.5,0,0
00653,2025-09-02,,,,,,,0,,,,,2025-08-29,360759338,1874878065,19.2417,19.2417,5859708,103,0.5,0,0
08491,2025-09-02,,,,,,,0,,,,,2025-08-29,212270819,398606168,53.2533,53.2533,4881625,103,1,0,0
08143,2025-09-02,,,,,,,0,,,,,2025-08-29,382349692,1352759971,,28.2644,-115034951,103,,1,0
06162,2025-09-02,,,,,,,0,,,,,2025-08-29,1937064100,2400000000,80.711,80.711,680000,103,0.5,0,0
02336,2025-09-02,,,,,,,0,,,,,2025-08-29,590213094,1815910767,32.5023,32.5023,-43167672,103,0,0,0
03348,2025-09-02,,,,,,,0,,,,,2025-08-29,116482300,500000000,23.2965,23.2965,32000,103,0.5,0,0
00736,2025-09-03,,,,,,,0,,,,,2025-09-01,182377295,320599606,56.8863,56.8863,1475589,104,0.5,0,0
08500,2025-09-03,,,,,,,0,,,,,2025-09-01,348721000,432000000,80.7225,80.7225,123636000,104,1,0,0
02336,2025-09-03,,,,,,,0,,,,,2025-09-01,590203094,1815910767,32.5018,32.5018,-43177672,104,0,0,0
06162,2025-09-03,,,,,,,0,,,,,2025-09-01,1936968100,2400000000,80.707,80.707,584000,104,0.5,0,0
00969,2025-09-03,,,,,,,0,,,,,2025-09-01,1969560844,2191180000,89.8859,89.8859,10316000,104,0.5,0,0
08187,2025-09-04,,,,,,,0,,,,,2025-09-02,111426362,151683840,73.4596,73.4596,-23063750,105,0,0,0
01581,2025-09-04,,,,,,,0,,,,,2025-09-02,367081276,415000000,88.4533,88.4533,3841000,105,0.5,0,0
02227,2025-09-04,,,,,,,0,,,,,2025-09-02,828759120,915600000,90.5154,90.5154,-310000,105,0.5,0,0
01132,2025-09-04,,,,,,,0,,,,,2025-09-02,2308402599,2799669050,82.4527,82.4527,3233500,105,0.5,0,0
01150,2025-09-04,,,,,,,0,,,,,2025-09-02,888458342,1056936650,84.0598,84.0598,-5747872,105,0.5,0,0
00969,2025-09-04,,,,,,,0,,,,,2025-09-02,1969834844,2191180000,89.8984,89.8984,10590000,105,0.5,0,0
00994,2025-09-04,,,,,,,0,,,,,2025-09-02,712448510,1291006000,55.1855,55.1855,161000,105,0.5,0,0
01628,2025-09-04,,,,,,,0,,,,,2025-09-02,9351754487,1487986995,,628.4836,5935044376,105,,0,0
00616,2025-09-04,,,,,,,0,,,,,2025-09-02,847261384,1867324348,45.373,45.373,-23510134,105,0,0,0
00193,2025-09-05,,,,,,,0,,,,,2025-09-03,110115204,233202559,47.2187,47.2187,-8239006,106,0,0,0
08187,2025-09-05,,,,,,,0,,,,,2025-09-03,111941362,151683840,73.7991,73.7991,-22548750,106,0,0,0
02330,2025-09-05,,,,,,,0,,,,,2025-09-03,240129790,452845748,53.0268,53.0268,61509200,106,1,0,0
01134,2025-09-05,,,,,,,0,,,,,2025-09-03,189424450,500000000,37.8849,37.8849,2872000,106,0.5,0,0
08507,2025-09-05,,,,,,,0,,,,,2025-09-03,345184000,800000000,43.148,43.148,278000000,106,1,0,0
00712,2025-09-05,,,,,,,0,,,,,2025-09-03,614442668,1059923412,57.9705,57.9705,93375560,106,1,0,0
08637,2025-09-05,,,,,,,0,,,,,2025-09-03,50899377,149702000,34.0005,34.0005,17471379,106,1,0,0
02326,2025-09-05,,,,,,,0,,,,,2025-09-03,6281895829,21084072140,29.7945,29.7945,-4683000,106,0.5,0,0
01314,2025-09-05,,,,,,,0,,,,,2025-09-03,469257333,1411226450,33.2517,33.2517,-507319,106,0.5,0,0
00924,2025-09-05,,,,,,,0,,,,,2025-09-03,934536000,1000000000,93.4536,93.4536,-3016000,106,0.5,0,0
06696,2025-09-05,,,,,,,0,,,,,2025-09-03,61433734,672000000,9.1419,9.1419,-401310,106,0.5,0,0
00757,2025-09-05,,,,,,,0,,,,,2025-09-03,2053036946,3323771133,61.7683,61.7683,6962446,106,0.5,0,0
01938,2025-09-05,,,,,,,0,,,,,2025-09-03,400591006,1011142000,39.6177,39.6177,-15605000,106,0,0,0
00750,2025-09-05,,,,,,,0,,,,,2025-09-03,2024387966,2521081780,80.2984,80.2984,-15096267,106,0.5,0,0
08460,2025-09-08,,,,,,,0,,,,,2025-09-04,129198466,265608018,48.6425,48.6425,-5232000,107,0,0,0
01162,2025-09-08,,,,,,,0,,,,,2025-09-04,162267020,600000000,27.0445,27.0445,-3000000,107,0.5,0,0
01413,2025-09-08,,,,,,,0,,,,,2025-09-04,826240000,328000000,,251.9024,-89840000,107,,1,0
01707,2025-09-08,,,,,,,0,,,,,2025-09-04,1585456000,1680000000,94.3724,94.3724,-3472000,107,0.5,0,0
01653,2025-09-08,,,,,,,0,,,,,2025-09-04,113419500,288917000,39.2568,39.2568,-1004000,107,0.5,0,0
08329,2025-09-08,,,,,,,0,,,,,2025-09-04,299772387,1678000000,17.8649,17.8649,-3790000,107,0.5,0,0
01613,2025-09-08,,,,,,,0,,,,,2025-09-04,212010190,1535864491,13.804,13.804,9745286,107,0.5,0,0
01379,2025-09-08,,,,,,,0,,,,,2025-09-04,18212000,80000000,22.765,22.765,-86500,107,0.5,0,0
01741,2025-09-08,,,,,,,0,,,,,2025-09-04,370463000,800000000,46.3079,46.3079,13406000,107,1,0,0
00757,2025-09-08,,,,,,,0,,,,,2025-09-04,2053112946,3323771133,61.7706,61.7706,7038446,107,0.5,0,0
00021,2025-09-08,,,,,,,0,,,,,2025-09-04,1066961551,3975233406,26.8402,26.8402,10780000,107,0.5,0,0
08107,2025-09-08,,,,,,,0,,,,,2025-09-04,1255585000,1373145000,91.4386,91.4386,-11960000,107,0.5,0,0
00438,2025-09-08,,,,,,,0,,,,,2025-09-04,82212769,176322070,46.6265,46.6265,-132150,107,0.5,0,0
00929,2025-09-08,,,,,,,0,,,,,2025-09-04,977954442,1052254135,92.939,92.939,-6812211,107,0.5,0,0
08277,2025-09-09,,,,,,,0,,,,,2025-09-05,243676120,262473333,92.8384,92.8384,-1176000,108,0.5,0,0
02195,2025-09-09,,,,,,,0,,,,,2025-09-05,956276776,169142857,,565.3663,-10615000,108,,0,0
02022,2025-09-09,,,,,,,0,,,,,2025-09-05,908616710,2000000000,45.4308,45.4308,3395000,108,0.5,0,0
01355,2025-09-09,,,,,,,0,,,,,2025-09-05,372041500,1789597740,20.7891,20.7891,13297000,108,0.5,0,0
01351,2025-09-09,,,,,,,0,,,,,2025-09-05,383308544,600000000,63.8848,63.8848,28040000,108,1,0,0
01153,2025-09-09,,,,,,,0,,,,,2025-09-05,571982751,672209000,85.09,85.09,8541385,108,1,0,0
03301,2025-09-09,,,,,,,0,,,,,2025-09-05,1075509470,1683431417,63.8879,63.8879,25647961,108,1,0,0
02000,2025-09-09,,,,,,,0,,,,,2025-09-05,791387610,2119047300,37.3464,37.3464,-644354,108,0.5,0,0
08619,2025-09-10,,,,,,,0,,,,,2025-09-08,81578190,433635000,18.8126,18.8126,-703182310,109,0,0,0
00619,2025-09-10,,,,,,,0,,,,,2025-09-08,144030269,301277070,47.8066,47.8066,-274224,109,0.5,0,0
08350,2025-09-10,,,,,,,0,,,,,2025-09-08,883664000,950064000,93.011,93.011,156751993,109,1,0,0
00862,2025-09-10,,,,,,,0,,,,,2025-09-08,3424420054,392419046,,872.6437,74400035,109,,1,0
08406,2025-09-10,,,,,,,0,,,,,2025-09-08,857409365,1969617722,43.5318,43.5318,-2994063,109,0.5,0,0
06663,2025-09-10,,,,,,,0,,,,,2025-09-08,165310000,800000000,20.6638,20.6638,-1530000,109,0.5,0,0
00736,2025-09-10,,,,,,,0,,,,,2025-09-08,182303060,320599606,56.8632,56.8632,1401354,109,0.5,0,0
01129,2025-09-10,,,,,,,0,,,,,2025-09-08,575536802,632193928,91.038,91.038,45213747,109,1,0,0
01757,2025-09-10,,,,,,,0,,,,,2025-09-08,1025660000,1200000000,85.4717,85.4717,330000,109,0.5,0,0
01226,2025-09-10,,,,,,,0,,,,,2025-09-08,292158905,412596600,70.8098,70.8098,12592000,109,1,0,0
01418,2025-09-10,,,,,,,0,,,,,2025-09-08,1106585000,1750002000,63.2334,63.2334,-400000,109,0.5,0,0
00617,2025-09-10,,,,,,,0,,,,,2025-09-08,461690743,1114585474,41.4226,41.4226,-20532206,109,0,0,0
01073,2025-09-10,,,,,,,0,,,,,2025-09-08,1923063325,3417990570,56.263,56.263,8810228,109,0.5,0,0
00519,2025-09-10,,,,,,,0,,,,,2025-09-08,1444972904,3055105739,47.297,47.297,6480538,109,0.5,0,0
02231,2025-09-10,,,,,,,0,,,,,2025-09-08,1628177235,1646173000,98.9068,98.9068,-1222305,109,0.5,0,0
01036,2025-09-10,,,,,,,0,,,,,2025-09-08,74818648,389527932,19.2075,19.2075,653163,109,0.5,0,0
00078,2025-09-10,,,,,,,0,,,,,2025-09-08,561758468,898782333,62.5022,62.5022,-20604897,109,0,0,0
03882,2025-09-10,,,,,,,0,,,,,2025-09-08,526721057,1008587455,52.2236,52.2236,14006000,109,1,0,0
00524,2025-09-11,,,,,,,0,,,,,2025-09-09,170026713,236277500,71.9606,71.9606,-154754,110,0.5,0,0
03708,2025-09-11,,,,,,,0,,,,,2025-09-09,4723585960,727280000,,649.4866,-5435000,110,,1,0
02132,2025-09-11,,,,,,,0,,,,,2025-09-09,239322000,1600000000,14.9576,14.9576,-1392000,110,0.5,0,0
00094,2025-09-11,,,,,,,0,,,,,2025-09-09,636074501,2782486584,22.8599,22.8599,313835846,110,1,0,0
01949,2025-09-11,,,,,,,0,,,,,2025-09-09,674424525,230400000,,292.719,210016500,110,,1,0
01245,2025-09-11,,,,,,,0,,,,,2025-09-09,333329965,1195850460,27.8739,27.8739,-1132000,110,0.5,0,0
00862,2025-09-11,,,,,,,0,,,,,2025-09-09,3424420054,392419046,,872.6437,74400035,110,,1,0
00204,2025-09-11,,,,,,,0,,,,,2025-09-09,31450805,249055128,12.628,12.628,-659680541,110,0,0,0
00474,2025-09-11,,,,,,,0,,,,,2025-09-09,6461234700,8858126805,72.9413,72.9413,-82590467,110,0.5,0,0
02381,2025-09-11,,,,,,,0,,,,,2025-09-09,1857340000,2000000000,92.867,92.867,-5520000,110,0.5,0,0
00822,2025-09-11,,,,,,,0,,,,,2025-09-09,592954510,893761400,66.3437,66.3437,8487625,110,0.5,0,0
02680,2025-09-11,,,,,,,0,,,,,2025-09-09,56105859,60000000,93.5098,93.5098,421179,110,0.5,0,0
03816,2025-09-11,,,,,,,0,,,,,2025-09-09,562167012,600000000,93.6945,93.6945,736000,110,0.5,0,0
01332,2025-09-11,,,,,,,0,,,,,2025-09-09,1271748913,2805952149,45.3233,45.3233,-1093579,110,0.5,0,0
02122,2025-09-11,,,,,,,0,,,,,2025-09-09,647544314,1355914286,47.757,47.757,8670744,110,0.5,0,0
01856,2025-09-11,,,,,,,0,,,,,2025-09-09,320485000,360257512,88.96,88.96,5779000,110,1,0,0
01980,2025-09-11,,,,,,,0,,,,,2025-09-09,993943040,1105998162,89.8684,89.8684,334013,110,0.5,0,0
01063,2025-09-12,,,,,,,0,,,,,2025-09-10,891893353,307707313,,289.8512,43483792,111,,1,0
08221,2025-09-12,,,,,,,0,,,,,2025-09-10,38219200,47600000,80.2924,80.2924,-1877910800,111,0,0,0
08118,2025-09-12,,,,,,,0,,,,,2025-09-10,409112000,500000000,81.8224,81.8224,223992000,111,1,0,0
00923,2025-09-12,,,,,,,0,,,,,2025-09-10,1566742375,4823009000,32.4847,32.4847,12354000,111,0.5,0,0
08027,2025-09-12,,,,,,,0,,,,,2025-09-10,137983800,710400000,19.4234,19.4234,114000,111,0.5,0,0
01421,2025-09-12,,,,,,,0,,,,,2025-09-10,94789250,200195200,47.3484,47.3484,-6749175,111,0,0,0
01718,2025-09-12,,,,,,,0,,,,,2025-09-10,171719770,304120000,56.4645,56.4645,95894500,111,1,0,0
08160,2025-09-12,,,,,,,0,,,,,2025-09-10,112977009,214791940,52.5983,52.5983,-458400,111,0.5,0,0
08321,2025-09-12,,,,,,,0,,,,,2025-09-10,179958200,536400000,33.5493,33.5493,14288000,111,1,0,0
08535,2025-09-12,,,,,,,0,,,,,2025-09-10,239740000,1200000000,19.9783,19.9783,16880000,111,1,0,0
08268,2025-09-12,,,,,,,0,,,,,2025-09-10,244367457,288000000,84.8498,84.8498,-425163,111,0.5,0,0
01996,2025-09-12,,,,,,,0,,,,,2025-09-10,3153434098,3338898000,94.4454,94.4454,-2535000,111,0.5,0,0
01305,2025-09-12,,,,,,,0,,,,,2025-09-10,175491000,216626000,81.0111,81.0111,1890000,111,0.5,0,0
00199,2025-09-12,,,,,,,0,,,,,2025-09-10,781429032,1088638092,71.7804,71.7804,2965158,111,0.5,0,0
03778,2025-09-12,,,,,,,0,,,,,2025-09-10,1139207800,125235000,,909.6561,-110000,111,,0,0
00124,2025-09-12,,,,,,,0,,,,,2025-09-10,553865084,1711536850,32.3607,32.3607,-10605871,111,0.5,0,0
01577,2025-09-12,,,,,,,0,,,,,2025-09-10,178070000,680000000,26.1868,26.1868,10000,111,0.5,0,0
01176,2025-09-12,,,,,,,0,,,,,2025-09-10,6680088327,8850632753,75.4758,75.4758,-31686000,111,0.5,0,0
00519,2025-09-12,,,,,,,0,,,,,2025-09-10,1443992904,3055105739,47.2649,47.2649,5500538,111,0.5,0,0
01565,2025-09-12,,,,,,,0,,,,,2025-09-10,2238644068,3036787000,73.7175,73.7175,-70678272,111,0,0,0
01780,2025-09-12,,,,,,,0,,,,,2025-09-10,564622500,620000000,91.0681,91.0681,-450000,111,0.5,0,0
01980,2025-09-12,,,,,,,0,,,,,2025-09-10,994013040,1105998162,89.8747,89.8747,404013,111,0.5,0,0
01660,2025-09-12,,,,,,,0,,,,,2025-09-10,4719896000,6195000000,76.1888,76.1888,-1368000,111,0.5,0,0
00337,2025-09-12,,,,,,,0,,,,,2025-09-10,1467510761,2791884683,52.5634,52.5634,-37572716,111,0,0,0
01569,2025-09-12,,,,,,,0,,,,,2025-09-10,1713352234,4217720000,40.6227,40.6227,19794000,111,0.5,0,0
00682,2025-09-15,,,,,,,0,,,,,2025-09-11,84302082,197729124,42.6351,42.6351,1308353,112,0.5,0,0
08131,2025-09-15,,,,,,,0,,,,,2025-09-11,265528337,719211139,36.9194,36.9194,-164884300,112,0,0,0
00889,2025-09-15,,,,,,,0,,,,,2025-09-11,83594000,320000000,26.1231,26.1231,338000,112,0.5,0,0
00932,2025-09-15,,,,,,,0,,,,,2025-09-11,1925641845,3107893440,61.9597,61.9597,22742000,112,0.5,0,0
01987,2025-09-15,,,,,,,0,,,,,2025-09-11,879119333,1000000000,87.9119,87.9119,3804000,112,0.5,0,0
00876,2025-09-15,,,,,,,0,,,,,2025-09-11,4229843168,103632754,,4081.5698,-110074667,112,,1,0
02371,2025-09-15,,,,,,,0,,,,,2025-09-11,4626610937,688378950,,672.1023,79490718,112,,1,0
02280,2025-09-15,,,,,,,0,,,,,2025-09-11,981345977,1309931119,74.9158,74.9158,1968373,112,0.5,0,0
02012,2025-09-15,,,,,,,0,,,,,2025-09-11,242311211,711354444,34.0634,34.0634,58124289,112,1,0,0
00381,2025-09-15,,,,,,,0,,,,,2025-09-11,290734274,1330424526,21.8527,21.8527,19965862,112,1,0,0
00528,2025-09-15,,,,,,,0,,,,,2025-09-11,347824874,629678000,55.2385,55.2385,-26072355,112,0,0,0
01660,2025-09-15,,,,,,,0,,,,,2025-09-11,4719896000,6195000000,76.1888,76.1888,-1368000,112,0.5,0,0
00237,2025-09-15,,,,,,,0,,,,,2025-09-11,69261849,405000000,17.1017,17.1017,1088000,112,0.5,0,0
01502,2025-09-15,,,,,,,0,,,,,2025-09-11,75210856,373500000,20.1368,20.1368,-2851644,112,0.5,0,0
02486,2025-09-15,,,,,,,0,,,,,2025-09-11,97097764,113207600,85.7697,85.7697,-4130258,112,0,0,0
08018,2025-09-16,,,,,,,0,,,,,2025-09-12,396334772,504232936,78.6015,78.6015,-24025750,113,0,0,0
08472,2025-09-16,,,,,,,0,,,,,2025-09-12,86828040,115200000,75.3716,75.3716,26123500,113,1,0,0
08111,2025-09-16,,,,,,,0,,,,,2025-09-12,91411392,460976684,19.8299,19.8299,4531000,113,0.5,0,0
01239,2025-09-16,,,,,,,0,,,,,2025-09-12,119372988,434017926,27.5042,27.5042,1311350,113,0.5,0,0
00574,2025-09-16,,,,,,,0,,,,,2025-09-12,1155890522,1990576062,58.0681,58.0681,-18414000,113,0.5,0,0
01749,2025-09-16,,,,,,,0,,,,,2025-09-12,22018997,133400000,16.506,16.506,-1313000,113,0.5,0,0
00491,2025-09-16,,,,,,,0,,,,,2025-09-12,1049983523,3213340890,32.6758,32.6758,-12207701,113,0.5,0,0
09958,2025-09-16,,,,,,,0,,,,,2025-09-12,127793710,500000000,25.5587,25.5587,-33471200,113,0,0,0
02340,2025-09-16,,,,,,,0,,,,,2025-09-12,550168739,764723000,,71.9435,181279623,113,,1,0
00756,2025-09-16,,,,,,,0,,,,,2025-09-12,285200078,340558265,83.7449,83.7449,1732800,113,0.5,0,0
09998,2025-09-16,,,,,,,0,,,,,2025-09-12,173710000,800000000,21.7138,21.7138,1150000,113,0.5,0,0
00876,2025-09-16,,,,,,,0,,,,,2025-09-12,4231253168,103632754,,4082.9304,-108664667,113,,1,0
01978,2025-09-16,,,,,,,0,,,,,2025-09-12,159202992,800000000,19.9004,19.9004,1725000,113,0.5,0,0
06182,2025-09-16,,,,,,,0,,,,,2025-09-12,165672000,800000000,20.709,20.709,2280000,113,0.5,0,0
03395,2025-09-16,,,,,,,0,,,,,2025-09-12,286083396,869292597,32.9099,32.9099,6978088,113,0.5,0,0
01543,2025-09-16,,,,,,,0,,,,,2025-09-12,496363334,1560792687,31.802,31.802,-1216000,113,0.5,0,0
08368,2025-09-16,,,,,,,0,,,,,2025-09-12,240338357,692217719,34.7201,34.7201,48748298,113,1,0,0
01094,2025-09-16,,,,,,,0,,,,,2025-09-12,266872651,711015213,37.534,37.534,21165119,113,1,0,0
03893,2025-09-16,,,,,,,0,,,,,2025-09-12,150252704,1054805818,14.2446,14.2446,-2388965,113,0.5,0,0
01660,2025-09-16,,,,,,,0,,,,,2025-09-12,4719840000,6195000000,76.1879,76.1879,-1424000,113,0.5,0,0
00167,2025-09-16,,,,,,,0,,,,,2025-09-12,20198958,519984181,3.8845,3.8845,-1171929,113,0.5,0,0
08007,2025-09-17,,,,,,,0,,,,,2025-09-15,170368310,226317429,75.2785,75.2785,-170327015,114,0,0,0
06108,2025-09-17,,,,,,,0,,,,,2025-09-15,85544621,200616665,42.6408,42.6408,-736610409,114,0,0,0
08268,2025-09-17,,,,,,,0,,,,,2025-09-15,248195100,288000000,86.1789,86.1789,3402480,114,1,0,0
02203,2025-09-17,,,,,,,0,,,,,2025-09-15,717741024,800000000,89.7176,89.7176,1710000,114,0.5,0,0
00379,2025-09-17,,,,,,,0,,,,,2025-09-15,1088711739,1687302760,64.5238,64.5238,-1119000,114,0.5,0,0
01312,2025-09-17,,,,,,,0,,,,,2025-09-15,4743038782,5588571777,84.8703,84.8703,-19776000,114,0.5,0,0
01105,2025-09-17,,,,,,,0,,,,,2025-09-15,513636749,880543017,58.3318,58.3318,-893965,114,0.5,0,0
02080,2025-09-17,,,,,,,0,,,,,2025-09-15,116735000,492984000,23.6793,23.6793,805000,114,0.5,0,0
01460,2025-09-17,,,,,,,0,,,,,2025-09-15,616261488,877590312,70.222,70.222,10861200,114,1,0,0
02101,2025-09-17,,,,,,,0,,,,,2025-09-15,159862935,406020887,39.3731,39.3731,-3872903,114,0.5,0,0
00875,2025-09-17,,,,,,,0,,,,,2025-09-15,134903637,699046571,19.2982,19.2982,33992906,114,1,0,0
01222,2025-09-17,,,,,,,0,,,,,2025-09-15,10135884690,13538696942,74.866,74.866,-16748528,114,0.5,0,0
00897,2025-09-17,,,,,,,0,,,,,2025-09-15,974090829,1114382888,87.4108,87.4108,1505417,114,0.5,0,0
01118,2025-09-17,,,,,,,0,,,,,2025-09-15,118792787,574378128,20.682,20.682,-9562000,114,0,0,0
01183,2025-09-17,,,,,,,0,,,,,2025-09-15,1515476561,3980719188,38.0704,38.0704,12762249,114,0.5,0,0
00918,2025-09-17,,,,,,,0,,,,,2025-09-15,347932092,1114069159,31.2307,31.2307,-1018000,114,0.5,0,0
02358,2025-09-18,,,,,,,0,,,,,2025-09-16,4067182000,5472000000,74.3272,74.3272,-337978000,115,0,0,0
08081,2025-09-18,,,,,,,0,,,,,2025-09-16,3679880241,5156035108,71.3703,71.3703,145377761,115,1,0,0
02203,2025-09-18,,,,,,,0,,,,,2025-09-16,717431024,800000000,89.6789,89.6789,1400000,115,0.5,0,0
00379,2025-09-18,,,,,,,0,,,,,2025-09-16,1088691739,1687302760,64.5226,64.5226,-1139000,115,0.5,0,0
02326,2025-09-18,,,,,,,0,,,,,2025-09-16,6306385829,21084072140,29.9107,29.9107,19807000,115,0.5,0,0
01226,2025-09-18,,,,,,,0,,,,,2025-09-16,292218905,412596600,70.8244,70.8244,12652000,115,1,0,0
01351,2025-09-18,,,,,,,0,,,,,2025-09-16,385284544,600000000,64.2141,64.2141,30016000,115,1,0,0
00723,2025-09-18,,,,,,,0,,,,,2025-09-16,709849813,1093841518,64.8951,64.8951,-15255143,115,0,0,0
01389,2025-09-18,,,,,,,0,,,,,2025-09-16,104773362,554333332,18.9008,18.9008,2085867,115,0.5,0,0
00630,2025-09-18,,,,,,,0,,,,,2025-09-16,727411328,967551792,75.1806,75.1806,-9689594,115,0,0,0
01260,2025-09-18,,,,,,,0,,,,,2025-09-16,264367025,1151454000,22.9594,22.9594,1824000,115,0.5,0,0
00936,2025-09-18,,,,,,,0,,,,,2025-09-16,853844000,1060000000,80.5513,80.5513,-140000,115,0.5,0,0
01719,2025-09-18,,,,,,,0,,,,,2025-09-16,1679437612,1725066689,97.3549,97.3549,-853466,115,0.5,0,0
01553,2025-09-18,,,,,,,0,,,,,2025-09-16,92547550,433800000,21.3342,21.3342,48000,115,0.5,0,0
03882,2025-09-18,,,,,,,0,,,,,2025-09-16,544683100,1008587455,54.0045,54.0045,31968043,115,1,0,0
08448,2025-09-19,,,,,,,0,,,,,2025-09-17,57964039,99800000,58.0802,58.0802,-309600,116,0.5,0,0
08238,2025-09-19,,,,,,,0,,,,,2025-09-17,60218076,348364800,17.2859,17.2859,655640,116,0.5,0,0
00243,2025-09-19,,,,,,,0,,,,,2025-09-17,202696833,346490532,58.5,58.5,54239227,116,1,0,0
01720,2025-09-19,,,,,,,0,,,,,2025-09-17,1018287140,1100000000,92.5716,92.5716,10040000,116,0.5,0,0
01582,2025-09-19,,,,,,,0,,,,,2025-09-17,89922500,500000000,17.9845,17.9845,-1485000,116,0.5,0,0
01991,2025-09-19,,,,,,,0,,,,,2025-09-17,129245048,172006700,75.1395,75.1395,-1003170493,115,0,0,0
01148,2025-09-19,,,,,,,0,,,,,2025-09-17,310736060,1282211794,24.2344,24.2344,-2311000,116,0.5,0,0
02501,2025-09-19,,,,,,,0,,,,,2025-09-17,138560000,500000000,27.712,27.712,23737000,116,1,0,0
00301,2025-09-19,,,,,,,0,,,,,2025-09-17,414010740,470459740,88.0013,88.0013,-13141400,116,0,0,0
00936,2025-09-19,,,,,,,0,,,,,2025-09-17,853824000,1060000000,80.5494,80.5494,-160000,116,0.5,0,0
01082,2025-09-19,,,,,,,0,,,,,2025-09-17,536885200,608046880,88.2967,88.2967,-10848000,116,0,0,0
00206,2025-09-19,,,,,,,0,,,,,2025-09-17,1315466206,3243433914,40.5578,40.5578,-25678000,116,0.5,0,0
00907,2025-09-22,,,,,,,0,,,,,2025-09-18,599204375,872863684,68.6481,68.6481,-29101157,117,0,0,0
08448,2025-09-22,,,,,,,0,,,,,2025-09-18,57925639,99800000,58.0417,58.0417,-348000,117,0.5,0,0
00923,2025-09-22,,,,,,,0,,,,,2025-09-18,1566448375,4823009000,32.4787,32.4787,12060000,117,0.5,0,0
00092,2025-09-22,,,,,,,0,,,,,2025-09-18,766339708,1097614848,69.8186,69.8186,36301149,117,1,0,0
00684,2025-09-22,,,,,,,0,,,,,2025-09-18,87468995,333054520,26.2627,26.2627,-16758000,117,0,0,0
06939,2025-09-22,,,,,,,0,,,,,2025-09-18,156790000,622500000,25.1871,25.1871,1912000,117,0.5,0,0
08509,2025-09-22,,,,,,,0,,,,,2025-09-18,380212000,400000000,95.053,95.053,972000,117,0.5,0,0
01037,2025-09-22,,,,,,,0,,,,,2025-09-18,302847894,706173448,42.8858,42.8858,-2496422,117,0.5,0,0
01795,2025-09-22,,,,,,,0,,,,,2025-09-18,560946058,600000000,93.491,93.491,-4353000,117,0.5,0,0
01027,2025-09-22,,,,,,,0,,,,,2025-09-18,205542577,417550000,49.2259,49.2259,74031,117,0.5,0,0
00789,2025-09-22,,,,,,,0,,,,,2025-09-18,1131176895,264793625,,427.1919,13128261,117,,1,0
01148,2025-09-22,,,,,,,0,,,,,2025-09-18,310809060,1282211794,24.2401,24.2401,-2238000,117,0.5,0,0
00918,2025-09-22,,,,,,,0,,,,,2025-09-18,348195292,1114069159,31.2544,31.2544,-754800,117,0.5,0,0
00771,2025-09-22,,,,,,,0,,,,,2025-09-18,271208235,839429492,32.3086,32.3086,-3385149,117,0.5,0,0
02008,2025-09-22,,,,,,,0,,,,,2025-09-18,164053421,499365950,32.8523,32.8523,426200,117,0.5,0,0
08125,2025-09-23,,,,,,,0,,,,,2025-09-19,86936341,216732672,40.1122,40.1122,63943080,118,1,0,0
01894,2025-09-23,,,,,,,0,,,,,2025-09-19,633675000,233357000,,271.5475,35874900,118,,1,0
02108,2025-09-23,,,,,,,0,,,,,2025-09-19,175282000,800000000,21.9102,21.9102,780000,118,0.5,0,0
02132,2025-09-23,,,,,,,0,,,,,2025-09-19,238594000,1600000000,14.9121,14.9121,-2120000,118,0.5,0,0
00689,2025-09-23,,,,,,,0,,,,,2025-09-19,379743960,1857731712,20.4413,20.4413,-3526053800,118,0,0,0
01912,2025-09-23,,,,,,,0,,,,,2025-09-19,329719490,461209833,71.4901,71.4901,-5401000,118,0,0,0
01878,2025-09-23,,,,,,,0,,,,,2025-09-19,247404439,370549288,66.7669,66.7669,-3083500,118,0.5,0,0
00929,2025-09-23,,,,,,,0,,,,,2025-09-19,975115486,1052254135,92.6692,92.6692,-9651167,118,0.5,0,0
01037,2025-09-23,,,,,,,0,,,,,2025-09-19,302817894,706173448,42.8815,42.8815,-2526422,118,0.5,0,0
01082,2025-09-23,,,,,,,0,,,,,2025-09-19,536885200,608046880,88.2967,88.2967,-10848000,118,0,0,0
01802,2025-09-24,,,,,,,0,,,,,2025-09-22,559386164,831600000,67.2663,67.2663,180277814,119,1,0,0
08125,2025-09-24,,,,,,,0,,,,,2025-09-22,86952341,216732672,40.1196,40.1196,63959080,119,1,0,0
01429,2025-09-24,,,,,,,0,,,,,2025-09-22,285129808,1600000000,17.8206,17.8206,-1144000,119,0.5,0,0
00544,2025-09-24,,,,,,,0,,,,,2025-09-22,18421205,123690455,14.893,14.893,-174082525,119,0,0,0
00726,2025-09-24,,,,,,,0,,,,,2025-09-22,2819132138,3101095730,90.9076,90.9076,294834425,119,1,0,0
03302,2025-09-24,,,,,,,0,,,,,2025-09-22,519515380,920393394,56.4449,56.4449,-330000,119,0.5,0,0
02017,2025-09-24,,,,,,,0,,,,,2025-09-22,552524000,618502000,89.3326,89.3326,188000,119,0.5,0,0
06988,2025-09-24,,,,,,,0,,,,,2025-09-22,1263252050,2371927200,53.2585,53.2585,127383850,119,1,0,0
00361,2025-09-24,,,,,,,0,,,,,2025-09-22,4410621965,5851250000,75.3791,75.3791,35828000,119,0.5,0,0
02280,2025-09-24,,,,,,,0,,,,,2025-09-22,978647477,1309931119,74.7098,74.7098,-730127,119,0.5,0,0
02189,2025-09-24,,,,,,,0,,,,,2025-09-22,901564416,1000000000,90.1564,90.1564,-1108548,119,0.5,0,0
03728,2025-09-25,,,,,,,0,,,,,2025-09-23,877163000,1013000000,86.5906,86.5906,120000,120,0.5,0,0
01561,2025-09-25,,,,,,,0,,,,,2025-09-23,705296862,1065454100,66.1968,66.1968,-8836000,120,0.5,0,0
01850,2025-09-25,,,,,,,0,,,,,2025-09-23,22237574,172800000,12.869,12.869,-86391103,120,0,0,0
02211,2025-09-25,,,,,,,0,,,,,2025-09-23,23475831,110546218,21.2362,21.2362,-189734128,120,0,0,0
02349,2025-09-25,,,,,,,0,,,,,2025-09-23,1645988962,3128278542,52.6164,52.6164,29899600,120,0.5,0,0
00544,2025-09-25,,,,,,,0,,,,,2025-09-23,18381005,123690455,14.8605,14.8605,-174122725,120,0,0,0
03302,2025-09-25,,,,,,,0,,,,,2025-09-23,519515380,920393394,56.4449,56.4449,-330000,120,0.5,0,0
00730,2025-09-25,,,,,,,0,,,,,2025-09-23,2060880747,3953938703,52.1222,52.1222,-3387000,120,0.5,0,0
01903,2025-09-25,,,,,,,0,,,,,2025-09-23,234208000,500000000,46.8416,46.8416,93573760,120,1,0,0
02427,2025-09-25,,,,,,,0,,,,,2025-09-23,893513199,950000000,94.054,94.054,8340000,120,0.5,0,0
02167,2025-09-25,,,,,,,0,,,,,2025-09-23,90372501,173380400,52.1238,52.1238,-1725160,120,0.5,0,0
01027,2025-09-25,,,,,,,0,,,,,2025-09-23,205542577,417550000,49.2259,49.2259,74031,120,0.5,0,0
02422,2025-09-25,,,,,,,0,,,,,2025-09-23,915874134,1660000000,55.1731,55.1731,-21025086,120,0,0,0
08315,2025-09-26,,,,,,,0,,,,,2025-09-24,482757055,581442248,83.0275,83.0275,-1258166,121,0.5,0,0
08320,2025-09-26,,,,,,,0,,,,,2025-09-24,278566904,733190000,37.9938,37.9938,4380000,121,0.5,0,0
01850,2025-09-26,,,,,,,0,,,,,2025-09-24,22197574,172800000,12.8458,12.8458,-86431103,121,0,0,0
08490,2025-09-26,,,,,,,0,,,,,2025-09-24,140042700,705500000,19.8501,19.8501,-1650000,121,0.5,0,0
08225,2025-09-26,,,,,,,0,,,,,2025-09-24,295192866,995351660,29.6571,29.6571,870000,121,0.5,0,0
02212,2025-09-26,,,,,,,0,,,,,2025-09-24,456638600,1263899200,36.1294,36.1294,-29144000,121,0,0,0
02221,2025-09-26,,,,,,,0,,,,,2025-09-24,1467003850,229303213,,639.7659,206376000,121,,0,0
01732,2025-09-26,,,,,,,0,,,,,2025-09-24,487442793,1280000000,38.0815,38.0815,53041600,121,1,0,0
01419,2025-09-26,,,,,,,0,,,,,2025-09-24,96814174,379552233,25.5075,25.5075,-692000,121,0.5,0,0
06119,2025-09-26,,,,,,,0,,,,,2025-09-24,116718475,600000000,19.4531,19.4531,-2880000,121,0.5,0,0
01757,2025-09-26,,,,,,,0,,,,,2025-09-24,1024790000,1200000000,85.3992,85.3992,-540000,121,0.5,0,0
00235,2025-09-26,,,,,,,0,,,,,2025-09-24,10813384066,20385253835,53.0451,53.0451,48629398,121,0.5,0,0
02540,2025-09-26,,,,,,,0,,,,,2025-09-24,99176600,600000000,16.5294,16.5294,2580000,121,0.5,0,0
01868,2025-09-26,,,,,,,0,,,,,2025-09-24,981728819,2094465417,46.8725,46.8725,1203000,121,0.5,0,0
08147,2025-09-29,,,,,,,0,,,,,2025-09-25,58866847,207229597,28.4066,28.4066,385900,122,0.5,0,0
01752,2025-09-29,,,,,,,0,,,,,2025-09-25,916808000,2231846000,41.0785,41.0785,-590000,122,0.5,0,0
06080,2025-09-29,,,,,,,0,,,,,2025-09-25,1006907800,1120350000,89.8744,89.8744,182340000,122,1,0,0
01449,2025-09-29,,,,,,,0,,,,,2025-09-25,626716500,800000000,78.3396,78.3396,-1404000,122,0.5,0,0
08637,2025-09-29,,,,,,,0,,,,,2025-09-25,49313377,149702000,32.941,32.941,15885379,122,1,0,0
02212,2025-09-29,,,,,,,0,,,,,2025-09-25,456928600,1263899200,36.1523,36.1523,-28854000,122,0,0,0
03300,2025-09-29,,,,,,,0,,,,,2025-09-25,1101330254,1836218258,59.9782,59.9782,-7429033,122,0.5,0,0
01063,2025-09-30,,,,,,,0,,,,,2025-09-26,884313600,307707313,,287.3879,35904039,123,,1,0
08072,2025-09-30,,,,,,,0,,,,,2025-09-26,150152279,168349134,89.191,89.191,37863326,123,1,0,0
02330,2025-09-30,,,,,,,0,,,,,2025-09-26,238421390,452845748,52.6496,52.6496,59800800,123,1,0,0
08619,2025-09-30,,,,,,,0,,,,,2025-09-26,84069990,433635000,19.3873,19.3873,-700690510,123,0,0,0
00572,2025-09-30,,,,,,,0,,,,,2025-09-26,189264319,301507892,62.7726,62.7726,-20062101,123,0,0,0
01987,2025-09-30,,,,,,,0,,,,,2025-09-26,873213333,1000000000,87.3213,87.3213,-2102000,123,0.5,0,0
01170,2025-09-30,,,,,,,0,,,,,2025-09-26,257104467,666999445,38.5464,38.5464,-26270070,123,0,0,0
01289,2025-09-30,,,,,,,0,,,,,2025-09-26,21484500,128000000,16.7848,16.7848,3546000,123,1,0,0
01046,2025-09-30,,,,,,,0,,,,,2025-09-26,856387671,906632276,94.4581,94.4581,2906668,123,0.5,0,0
00510,2025-09-30,,,,,,,0,,,,,2025-09-26,260701890,431174779,60.4632,60.4632,1308864,123,0.5,0,0
02699,2025-09-30,,,,,,,0,,,,,2025-09-26,81017423,26300708,,308.0427,-1238346325,123,,1,0
01334,2025-09-30,,,,,,,0,,,,,2025-09-26,245835514,500000000,49.1671,49.1671,13697500,123,1,0,0
08368,2025-09-30,,,,,,,0,,,,,2025-09-26,240335357,692217719,34.7196,34.7196,48745298,123,1,0,0
01851,2025-09-30,,,,,,,0,,,,,2025-09-26,479234500,500000000,95.8469,95.8469,-2164000,123,0.5,0,0
00156,2025-09-30,,,,,,,0,,,,,2025-09-26,584178778,918691271,63.5881,63.5881,-237638914,123,0,0,0
01010,2025-10-02,,,,,,,0,,,,,2025-09-29,322640040,444294170,72.6186,72.6186,-11198000,124,0,0,0
08208,2025-10-02,,,,,,,0,,,,,2025-09-29,231943000,720000000,32.2143,32.2143,5706000,124,0.5,0,0
00261,2025-10-02,,,,,,,0,,,,,2025-09-29,221229828,331361678,66.7639,66.7639,32390795,124,1,0,0
01049,2025-10-02,,,,,,,0,,,,,2025-09-29,28636158,80698181,35.4855,35.4855,-467485,124,0.5,0,0
02340,2025-10-02,,,,,,,0,,,,,2025-09-29,552067496,764723000,,72.1918,183178380,124,,1,0
01362,2025-10-02,,,,,,,0,,,,,2025-09-29,50352607,280000000,17.9831,17.9831,577600,124,0.5,0,0
03313,2025-10-02,,,,,,,0,,,,,2025-09-29,681425672,142210462,,479.167,655513,124,,1,0
01240,2025-10-02,,,,,,,0,,,,,2025-09-29,792938047,1518320030,52.2247,52.2247,-335000,124,0.5,0,0
08148,2025-10-02,,,,,,,0,,,,,2025-09-29,433464947,458150400,94.6119,94.6119,76241300,124,1,0,0
01746,2025-10-02,,,,,,,0,,,,,2025-09-29,891966000,1000000000,89.1966,89.1966,4950000,124,0.5,0,0
08269,2025-10-02,,,,,,,0,,,,,2025-09-29,539812787,890722800,60.6039,60.6039,-23548724,124,0,0,0
01909,2025-10-02,,,,,,,0,,,,,2025-09-29,131813744,242821041,54.2843,54.2843,356000,124,0.5,0,0
00510,2025-10-02,,,,,,,0,,,,,2025-09-29,260815890,431174779,60.4896,60.4896,1422864,124,0.5,0,0
02237,2025-10-02,,,,,,,0,,,,,2025-09-29,483010184,1600000000,30.1881,30.1881,-1395000,124,0.5,0,0
01489,2025-10-02,,,,,,,0,,,,,2025-09-29,948755000,1000000000,94.8755,94.8755,-4415000,124,0.5,0,0
01942,2025-10-02,,,,,,,0,,,,,2025-09-29,1075575320,2058389599,52.2532,52.2532,113536636,124,1,0,0
00334,2025-10-02,,,,,,,0,,,,,2025-09-29,1089195373,2114307929,51.5155,51.5155,-6037803,124,0.5,0,0
02110,2025-10-03,,,,,,,0,,,,,2025-09-30,229556300,43200000,,531.3803,-6260000,125,,1,0
08293,2025-10-03,,,,,,,0,,,,,2025-09-30,173730118,215040093,80.7896,80.7896,-3275200,125,0,0,0
08221,2025-10-03,,,,,,,0,,,,,2025-09-30,38365400,47600000,80.5996,80.5996,-1877764600,125,0,0,0
00130,2025-10-03,,,,,,,0,,,,,2025-09-30,101719667,287930000,35.3279,35.3279,30320667,125,1,0,0
01421,2025-10-03,,,,,,,0,,,,,2025-09-30,95044250,200195200,47.4758,47.4758,-6494175,125,0,0,0
00784,2025-10-03,,,,,,,0,,,,,2025-09-30,428174005,800000000,53.5218,53.5218,4290000,125,0.5,0,0
01850,2025-10-03,,,,,,,0,,,,,2025-09-30,150400727,172800000,87.0375,87.0375,41772050,125,1,0,0
00397,2025-10-03,,,,,,,0,,,,,2025-09-30,1288526266,3422839101,37.645,37.645,-143377174,125,0,0,0
01957,2025-10-03,,,,,,,0,,,,,2025-09-30,260755579,628000000,41.5216,41.5216,-9820200,125,0,0,0
08350,2025-10-03,,,,,,,0,,,,,2025-09-30,882877000,950064000,92.9282,92.9282,155964993,125,1,0,0
02258,2025-10-03,,,,,,,0,,,,,2025-09-30,183805709,825400000,22.2687,22.2687,-3178292,125,0.5,0,0
01953,2025-10-03,,,,,,,0,,,,,2025-09-30,1156784582,1260000000,91.8083,91.8083,-16465000,125,0,0,0
00556,2025-10-03,,,,,,,0,,,,,2025-09-30,916105500,1004820842,91.171,91.171,-5452000,125,0.5,0,0
03773,2025-10-03,,,,,,,0,,,,,2025-09-30,168008000,415000000,40.4839,40.4839,1480000,125,0.5,0,0
00776,2025-10-03,,,,,,,0,,,,,2025-09-30,293842532,671837550,43.7371,43.7371,-10172156,125,0,0,0
08176,2025-10-06,,,,,,,0,,,,,2025-10-02,386164763,715500728,53.9713,53.9713,-8499216,126,0,0,0
02528,2025-10-06,,,,,,,0,,,,,2025-10-02,79266000,400000000,19.8165,19.8165,-614000,126,0.5,0,0
00810,2025-10-06,,,,,,,0,,,,,2025-10-02,108238147,712751154,15.186,15.186,89426,126,0.5,0,0
01722,2025-10-06,,,,,,,0,,,,,2025-10-02,310580000,1100000000,28.2345,28.2345,-380000,126,0.5,0,0
01069,2025-10-06,,,,,,,0,,,,,2025-10-02,59737085,308772660,19.3466,19.3466,-478788534,126,0,0,0
00784,2025-10-06,,,,,,,0,,,,,2025-10-02,428174005,800000000,53.5218,53.5218,4290000,126,0.5,0,0
08317,2025-10-06,,,,,,,0,,,,,2025-10-02,690419174,999808161,69.0552,69.0552,-28000,126,0.5,0,0
08637,2025-10-06,,,,,,,0,,,,,2025-10-02,51951286,149702000,34.7031,34.7031,18523288,126,1,0,0
00893,2025-10-06,,,,,,,0,,,,,2025-10-02,1067204909,2249015410,47.4521,47.4521,12918000,126,0.5,0,0
00731,2025-10-06,,,,,,,0,,,,,2025-10-02,312114972,1414600832,22.0638,22.0638,3160624,126,0.5,0,0
08029,2025-10-06,,,,,,,0,,,,,2025-10-02,204635590,280081621,73.0628,73.0628,-1117050,126,0.5,0,0
06909,2025-10-06,,,,,,,0,,,,,2025-10-02,604900806,622500000,97.1728,97.1728,-490838,126,0.5,0,0
00471,2025-10-06,,,,,,,0,,,,,2025-10-02,88092091,479762136,18.3616,18.3616,12418278,126,1,0,0
00166,2025-10-06,,,,,,,0,,,,,2025-10-02,2337132024,8741776988,26.7352,26.7352,-26140013,126,0.5,0,0
06829,2025-10-06,,,,,,,0,,,,,2025-10-02,138345508,288000000,48.0366,48.0366,-608992,126,0.5,0,0
00265,2025-10-06,,,,,,,0,,,,,2025-10-02,197137984,258441510,76.2795,76.2795,505640,126,0.5,0,0
08246,2025-10-06,,,,,,,0,,,,,2025-10-02,657364401,592203000,,111.0032,-42264000,126,,1,0
06898,2025-10-06,,,,,,,0,,,,,2025-10-02,415577504,941401000,44.1446,44.1446,-12150000,126,0,0,0
08250,2025-10-08,,,,,,,0,,,,,2025-10-03,214446788,344208116,62.3015,62.3015,-5652270,127,0,0,0
02330,2025-10-08,,,,,,,0,,,,,2025-10-03,239068190,452845748,52.7924,52.7924,60447600,127,1,0,0
08187,2025-10-08,,,,,,,0,,,,,2025-10-03,114790373,151683840,75.6774,75.6774,-19699739,127,0,0,0
08377,2025-10-08,,,,,,,0,,,,,2025-10-03,358314903,539241860,66.4479,66.4479,-188000,127,0.5,0,0
02112,2025-10-08,,,,,,,0,,,,,2025-10-03,1052393500,1500000000,70.1596,70.1596,-37518800,127,0,0,0
01715,2025-10-08,,,,,,,0,,,,,2025-10-03,277092270,360759879,76.808,76.808,199107770,127,1,0,0
08168,2025-10-08,,,,,,,0,,,,,2025-10-03,867992277,1484600000,58.4664,58.4664,150000,127,0.5,0,0
01722,2025-10-08,,,,,,,0,,,,,2025-10-03,310640000,1100000000,28.24,28.24,-320000,127,0.5,0,0
01711,2025-10-08,,,,,,,0,,,,,2025-10-03,101270000,800000000,12.6588,12.6588,420000,127,0.5,0,0
08029,2025-10-08,,,,,,,0,,,,,2025-10-03,204635590,280081621,73.0628,73.0628,-1117050,127,0.5,0,0
00595,2025-10-08,,,,,,,0,,,,,2025-10-03,366234101,857501302,42.7095,42.7095,-6037360,127,0.5,0,0
00166,2025-10-08,,,,,,,0,,,,,2025-10-03,2336721524,8741776988,26.7305,26.7305,-26550513,127,0.5,0,0
01636,2025-10-08,,,,,,,0,,,,,2025-10-03,227249731,448155726,,50.7078,-2050771599,127,,1,0
00365,2025-10-08,,,,,,,0,,,,,2025-10-03,395953571,1455000000,27.2133,27.2133,2092400,127,0.5,0,0
01900,2025-10-08,,,,,,,0,,,,,2025-10-03,1368211994,1720185862,79.5386,79.5386,13118812,127,0.5,0,0
06885,2025-10-08,,,,,,,0,,,,,2025-10-03,328188895,535421000,61.2955,61.2955,819280,127,0.5,0,0
01036,2025-10-08,,,,,,,0,,,,,2025-10-03,75731648,389527932,19.4419,19.4419,1566163,127,0.5,0,0
08178,2025-10-09,,,,,,,0,,,,,2025-10-06,50434530,172107158,29.3041,29.3041,-902344,128,0.5,0,0
08473,2025-10-09,,,,,,,0,,,,,2025-10-06,566896000,1120000000,50.6157,50.6157,3619193,128,0.5,0,0
01711,2025-10-09,,,,,,,0,,,,,2025-10-06,101270000,800000000,12.6588,12.6588,420000,128,0.5,0,0
08406,2025-10-09,,,,,,,0,,,,,2025-10-06,852826068,1969617722,43.2991,43.2991,-7577360,128,0.5,0,0
02102,2025-10-09,,,,,,,0,,,,,2025-10-06,187150000,1000000000,18.715,18.715,1200000,128,0.5,0,0
01959,2025-10-09,,,,,,,0,,,,,2025-10-06,486549000,530002000,91.8014,91.8014,3816000,128,0.5,0,0
00295,2025-10-09,,,,,,,0,,,,,2025-10-06,5975864230,14964442519,39.9338,39.9338,-1333698600,128,0,0,0
00970,2025-10-09,,,,,,,0,,,,,2025-10-06,152595456,675362170,22.5946,22.5946,21308435,128,1,0,0
06939,2025-10-09,,,,,,,0,,,,,2025-10-06,156036000,622500000,25.066,25.066,1158000,128,0.5,0,0
00979,2025-10-09,,,,,,,0,,,,,2025-10-06,504531709,1356308176,37.1989,37.1989,-5969010,128,0.5,0,0
06118,2025-10-09,,,,,,,0,,,,,2025-10-06,98757978,512582000,19.2668,19.2668,-36224,128,0.5,0,0
06885,2025-10-09,,,,,,,0,,,,,2025-10-06,327973895,535421000,61.2553,61.2553,604280,128,0.5,0,0
08377,2025-10-10,,,,,,,0,,,,,2025-10-08,439994903,539241860,81.5951,81.5951,81492000,129,1,0,0
06816,2025-10-10,,,,,,,0,,,,,2025-10-08,689691995,800000000,86.2115,86.2115,300000,129,0.5,0,0
08622,2025-10-10,,,,,,,0,,,,,2025-10-08,430804000,515472000,83.5747,83.5747,112164000,129,1,0,0
08403,2025-10-10,,,,,,,0,,,,,2025-10-08,144692120,169200000,85.5154,85.5154,28356120,129,1,0,0
01822,2025-10-10,,,,,,,0,,,,,2025-10-08,131911717,1973797360,6.6831,6.6831,-82451071,129,0,0,0
02237,2025-10-10,,,,,,,0,,,,,2025-10-08,481790184,1600000000,30.1119,30.1119,-2615000,129,0.5,0,0
00090,2025-10-10,,,,,,,0,,,,,2025-10-08,417531000,458600000,91.0447,91.0447,-352000,129,0.5,0,0
02458,2025-10-10,,,,,,,0,,,,,2025-10-08,122170193,142710128,85.6072,85.6072,4565728,129,1,0,0
02110,2025-10-13,,,,,,,0,,,,,2025-10-09,195881300,43200000,,453.4289,-39935000,130,,1,0
08456,2025-10-13,,,,,,,0,,,,,2025-10-09,119096950,132202950,90.0865,90.0865,101575438,130,1,0,0
00145,2025-10-13,,,,,,,0,,,,,2025-10-09,125065110,366201816,34.152,34.152,27701713,130,1,0,0
01591,2025-10-13,,,,,,,0,,,,,2025-10-09,132357499,533333333,24.817,24.817,-880000,130,0.5,0,0
00197,2025-10-13,,,,,,,0,,,,,2025-10-09,127710808,209210453,61.0442,61.0442,-363880,130,0.5,0,0
02370,2025-10-13,,,,,,,0,,,,,2025-10-09,189315653,200000000,94.6578,94.6578,763500,130,0.5,0,0
08360,2025-10-13,,,,,,,0,,,,,2025-10-09,259463600,362059714,71.6632,71.6632,17374800,130,1,0,0
08268,2025-10-13,,,,,,,0,,,,,2025-10-09,253479457,288000000,88.0137,88.0137,8686837,130,1,0,0
01163,2025-10-13,,,,,,,0,,,,,2025-10-09,385317500,896400000,42.985,42.985,-126152500,130,0,0,0
08413,2025-10-13,,,,,,,0,,,,,2025-10-09,402730000,1162000000,34.6583,34.6583,6060000,130,0.5,0,0
00298,2025-10-13,,,,,,,0,,,,,2025-10-09,530921819,2347035316,22.621,22.621,-30286572,130,0,0,0
02680,2025-10-13,,,,,,,0,,,,,2025-10-09,56223359,60000000,93.7056,93.7056,538679,130,0.5,0,0
00848,2025-10-13,,,,,,,0,,,,,2025-10-09,4795240243,5140326000,93.2867,93.2867,-4230405,130,0.5,0,0
01727,2025-10-13,,,,,,,0,,,,,2025-10-09,251682800,1761383500,14.2889,14.2889,24791416,130,1,0,0
02623,2025-10-13,,,,,,,0,,,,,2025-10-09,136370086,548629792,24.8565,24.8565,-11394879,130,0,0,0
01082,2025-10-13,,,,,,,0,,,,,2025-10-09,536365200,608046880,88.2112,88.2112,-11368000,130,0,0,0
08103,2025-10-14,,,,,,,0,,,,,2025-10-10,107555322,129447897,83.0877,83.0877,4168820,131,1,0,0
00601,2025-10-14,,,,,,,0,,,,,2025-10-10,401537540,592595103,67.7592,67.7592,-4680052,131,0.5,0,0
02227,2025-10-14,,,,,,,0,,,,,2025-10-10,828311120,915600000,90.4665,90.4665,-758000,131,0.5,0,0
00164,2025-10-14,,,,,,,0,,,,,2025-10-10,243790396,349262723,69.8014,69.8014,186731356,131,1,0,0
01742,2025-10-14,,,,,,,0,,,,,2025-10-10,241100000,1600000000,15.0688,15.0688,11265000,131,0.5,0,0
06839,2025-10-14,,,,,,,0,,,,,2025-10-10,230885300,1193213457,19.3499,19.3499,-864000,131,0.5,0,0
00913,2025-10-14,,,,,,,0,,,,,2025-10-10,248237633,887045040,27.9848,27.9848,1494075,131,0.5,0,0
00989,2025-10-14,,,,,,,0,,,,,2025-10-10,228600827,360181940,63.4682,63.4682,-49222505,131,0,0,0
01355,2025-10-14,,,,,,,0,,,,,2025-10-10,382786500,1789597740,21.3895,21.3895,24042000,131,1,0,0
01937,2025-10-14,,,,,,,0,,,,,2025-10-10,205950050,1000000000,20.595,20.595,1545700,131,0.5,0,0
01959,2025-10-14,,,,,,,0,,,,,2025-10-10,486619000,530002000,91.8146,91.8146,3886000,131,0.5,0,0
01945,2025-10-14,,,,,,,0,,,,,2025-10-10,109220441,294030400,37.146,37.146,5614000,131,1,0,0
00938,2025-10-14,,,,,,,0,,,,,2025-10-10,330754965,647198595,51.1056,51.1056,14326254,131,1,0,0
00244,2025-10-14,,,,,,,0,,,,,2025-10-10,1197015912,1313962560,91.0997,91.0997,4659612,131,0.5,0,0
01596,2025-10-14,,,,,,,0,,,,,2025-10-10,187090000,897840000,20.8378,20.8378,-5034474,131,0.5,0,0
00672,2025-10-14,,,,,,,0,,,,,2025-10-10,4809610461,5635809800,85.3402,85.3402,-88372148,131,0,0,0
00065,2025-10-15,,,,,,,0,,,,,2025-10-13,98351248,245536916,40.0556,40.0556,-1461035,132,0.5,0,0
01162,2025-10-15,,,,,,,0,,,,,2025-10-13,162147020,600000000,27.0245,27.0245,-3120000,132,0.5,0,0
01826,2025-10-15,,,,,,,0,,,,,2025-10-13,445720000,2397600000,18.5903,18.5903,1500000,132,0.5,0,0
00684,2025-10-15,,,,,,,0,,,,,2025-10-13,86922995,333054520,26.0987,26.0987,-17304000,132,0,0,0
00092,2025-10-15,,,,,,,0,,,,,2025-10-13,769219034,1097614848,70.081,70.081,39180475,132,1,0,0
00471,2025-10-15,,,,,,,0,,,,,2025-10-13,87423074,479762136,18.2222,18.2222,11749261,132,1,0,0
01959,2025-10-15,,,,,,,0,,,,,2025-10-13,487175000,530002000,91.9195,91.9195,4442000,132,0.5,0,0
00146,2025-10-15,,,,,,,0,,,,,2025-10-13,28105822,212187488,13.2457,13.2457,1216000,132,0.5,0,0
00096,2025-10-15,,,,,,,0,,,,,2025-10-13,158087854,636549600,24.8351,24.8351,889840,132,0.5,0,0
01751,2025-10-15,,,,,,,0,,,,,2025-10-13,220872720,407671369,54.1791,54.1791,-6992000,132,0,0,0
00970,2025-10-15,,,,,,,0,,,,,2025-10-13,152427956,675362170,22.5698,22.5698,21140935,132,1,0,0
01823,2025-10-15,,,,,,,0,,,,,2025-10-13,79149103,471108000,16.8006,16.8006,122000,132,0.5,0,0
00677,2025-10-15,,,,,,,0,,,,,2025-10-13,717560400,1697406458,42.2739,42.2739,2747385,132,0.5,0,0
00848,2025-10-15,,,,,,,0,,,,,2025-10-13,4794592243,5140326000,93.2741,93.2741,-4878405,132,0.5,0,0
00391,2025-10-15,,,,,,,0,,,,,2025-10-13,3046925335,5923738525,51.4359,51.4359,14395000,132,0.5,0,0
02325,2025-10-15,,,,,,,0,,,,,2025-10-13,580836477,621250500,93.4947,93.4947,-24407105,132,0,0,0
08120,2025-10-16,,,,,,,0,,,,,2025-10-14,98844565,162626760,60.78,60.78,-6607236,133,0,0,0
02330,2025-10-16,,,,,,,0,,,,,2025-10-14,239020190,452845748,52.7818,52.7818,60399600,133,1,0,0
01971,2025-10-16,,,,,,,0,,,,,2025-10-14,108724000,415000000,26.1986,26.1986,125000,133,0.5,0,0
08321,2025-10-16,,,,,,,0,,,,,2025-10-14,180438200,536400000,33.6387,33.6387,14768000,133,1,0,0
01751,2025-10-16,,,,,,,0,,,,,2025-10-14,212822720,407671369,52.2045,52.2045,-15042000,133,0,0,0
06830,2025-10-16,,,,,,,0,,,,,2025-10-14,297718570,1769193800,16.8279,16.8279,-7572400,133,0.5,0,0
06188,2025-10-16,,,,,,,0,,,,,2025-10-14,61385308,886460400,6.9248,6.9248,-4222080,133,0.5,0,0
01025,2025-10-17,,,,,,,0,,,,,2025-10-15,157217456,447367440,35.1428,35.1428,124853040,134,1,0,0
01273,2025-10-17,,,,,,,0,,,,,2025-10-15,252351300,415000000,60.8075,60.8075,188000,134,0.5,0,0
00844,2025-10-17,,,,,,,0,,,,,2025-10-15,415715511,494335330,84.0959,84.0959,3540000,134,0.5,0,0
01130,2025-10-17,,,,,,,0,,,,,2025-10-15,375939759,562869147,66.7899,66.7899,7243961,134,1,0,0
08612,2025-10-20,,,,,,,0,,,,,2025-10-16,65008800,414720000,15.6753,15.6753,-1828000,135,0.5,0,0
01400,2025-10-20,,,,,,,0,,,,,2025-10-16,2203480116,3801767365,57.9594,57.9594,45081104,135,1,0,0
08321,2025-10-20,,,,,,,0,,,,,2025-10-16,180438200,536400000,33.6387,33.6387,14768000,135,1,0,0
01792,2025-10-20,,,,,,,0,,,,,2025-10-16,1092100810,247680000,,440.9322,-69933076,135,,1,0
00280,2025-10-20,,,,,,,0,,,,,2025-10-16,744489644,909308465,81.8743,81.8743,982895,135,0.5,0,0
00610,2025-10-20,,,,,,,0,,,,,2025-10-16,524663746,793124034,66.1515,66.1515,2409867,135,0.5,0,0
01028,2025-10-20,,,,,,,0,,,,,2025-10-16,1020845515,2492400000,40.9583,40.9583,-770775436,135,0,0,0
01225,2025-10-21,,,,,,,0,,,,,2025-10-17,165433136,230322413,71.8268,71.8268,1469320,136,0.5,0,0
08118,2025-10-21,,,,,,,0,,,,,2025-10-17,404608000,500000000,80.9216,80.9216,219488000,136,1,0,0
02147,2025-10-21,,,,,,,0,,,,,2025-10-17,708659823,67200000,,1054.5533,-3846300,136,,1,0
08275,2025-10-21,,,,,,,0,,,,,2025-10-17,616959741,959985543,64.2676,64.2676,34334884,136,1,0,0
08481,2025-10-21,,,,,,,0,,,,,2025-10-17,241975000,405170000,59.7218,59.7218,865000,136,0.5,0,0
01715,2025-10-21,,,,,,,0,,,,,2025-10-17,275002270,360759879,76.2286,76.2286,197017770,136,1,0,0
01327,2025-10-21,,,,,,,0,,,,,2025-10-17,180667506,258785280,69.8137,69.8137,110682890,136,1,0,0
01792,2025-10-21,,,,,,,0,,,,,2025-10-17,1096240810,247680000,,442.6037,-65793076,136,,1,0
01753,2025-10-21,,,,,,,0,,,,,2025-10-17,918158727,1076823200,85.2655,85.2655,1671800,136,0.5,0,0
01867,2025-10-21,,,,,,,0,,,,,2025-10-17,312286258,1494000000,20.9027,20.9027,1448720,136,0.5,0,0
02107,2025-10-21,,,,,,,0,,,,,2025-10-17,891853153,1264000000,70.558,70.558,10565000,136,0.5,0,0
02393,2025-10-21,,,,,,,0,,,,,2025-10-17,1538391725,2331590000,65.9804,65.9804,-8924900,136,0.5,0,0
01265,2025-10-21,,,,,,,0,,,,,2025-10-17,279040000,1839307800,15.1709,15.1709,-3590000,136,0.5,0,0
01218,2025-10-21,,,,,,,0,,,,,2025-10-17,26396975,147976806,,17.8386,1264002,136,,1,0
01442,2025-10-21,,,,,,,0,,,,,2025-10-17,1974911027,2064000000,95.6837,95.6837,8220000,136,0.5,0,0
02505,2025-10-21,,,,,,,0,,,,,2025-10-17,397625420,463315750,85.8217,85.8217,305633642,136,1,0,0
08460,2025-10-22,,,,,,,0,,,,,2025-10-20,95170466,265608018,35.8312,35.8312,-39260000,137,0,0,0
08153,2025-10-22,,,,,,,0,,,,,2025-10-20,14131073,41595175,33.9729,33.9729,-281985887,137,0,0,0
02358,2025-10-22,,,,,,,0,,,,,2025-10-20,4074802000,5472000000,74.4664,74.4664,-330358000,137,0,0,0
01253,2025-10-22,,,,,,,0,,,,,2025-10-20,3980858548,604116479,,658.9555,-4811643,137,,0,0
00465,2025-10-22,,,,,,,0,,,,,2025-10-20,80997000,315086000,25.7063,25.7063,2384000,137,0.5,0,0
01540,2025-10-22,,,,,,,0,,,,,2025-10-20,98915501,498671823,19.8358,19.8358,-8881987,137,0,0,0
00422,2025-10-22,,,,,,,0,,,,,2025-10-20,835123077,907680000,92.0063,92.0063,76000,137,0.5,0,0
01867,2025-10-22,,,,,,,0,,,,,2025-10-20,312286258,1494000000,20.9027,20.9027,1448720,137,0.5,0,0
02389,2025-10-22,,,,,,,0,,,,,2025-10-20,4278465745,6058772027,70.6161,70.6161,-104613000,137,0,0,0
02377,2025-10-22,,,,,,,0,,,,,2025-10-20,699325723,854862679,81.8056,81.8056,-4985765,137,0.5,0,0
08460,2025-10-23,,,,,,,0,,,,,2025-10-21,95570466,265608018,35.9818,35.9818,-38860000,138,0,0,0
00571,2025-10-23,,,,,,,0,,,,,2025-10-21,502246259,1755876866,28.6037,28.6037,10744575,138,0.5,0,0
01850,2025-10-23,,,,,,,0,,,,,2025-10-21,130436953,172800000,75.4843,75.4843,21808276,138,1,0,0
01679,2025-10-23,,,,,,,0,,,,,2025-10-21,37453878,215813840,17.3547,17.3547,-95470308,138,0,0,0
01894,2025-10-23,,,,,,,0,,,,,2025-10-21,659045000,233357000,,282.4192,61244900,138,,1,0
01690,2025-10-23,,,,,,,0,,,,,2025-10-21,652484050,1445230000,45.1474,45.1474,-1110000,138,0.5,0,0
00726,2025-10-23,,,,,,,0,,,,,2025-10-21,2804244113,3101095730,90.4275,90.4275,279946400,138,1,0,0
00138,2025-10-23,,,,,,,0,,,,,2025-10-21,235839056,159967545,,147.4293,-349286772,138,,0,0
01449,2025-10-23,,,,,,,0,,,,,2025-10-21,626985500,800000000,78.3732,78.3732,-1135000,138,0.5,0,0
08368,2025-10-23,,,,,,,0,,,,,2025-10-21,240702357,692217719,34.7726,34.7726,49112298,138,1,0,0
00897,2025-10-23,,,,,,,0,,,,,2025-10-21,976917514,1114382888,87.6644,87.6644,4332102,138,0.5,0,0
01259,2025-10-24,,,,,,,0,,,,,2025-10-22,1532329103,2203361000,69.5451,69.5451,-83653999,139,0,0,0
01703,2025-10-24,,,,,,,0,,,,,2025-10-22,907633000,138000000,,657.7051,7825000,139,,0,0
00726,2025-10-24,,,,,,,0,,,,,2025-10-22,2804079113,3101095730,90.4222,90.4222,279781400,139,1,0,0
01459,2025-10-24,,,,,,,0,,,,,2025-10-22,101945000,533360000,19.1137,19.1137,-2428000,139,0.5,0,0
01429,2025-10-24,,,,,,,0,,,,,2025-10-22,275529808,1600000000,17.2206,17.2206,-10744000,139,0.5,0,0
00834,2025-10-24,,,,,,,0,,,,,2025-10-22,407003400,452948000,89.8565,89.8565,-664000,139,0.5,0,0
01265,2025-10-24,,,,,,,0,,,,,2025-10-22,279040000,1839307800,15.1709,15.1709,-3590000,139,0.5,0,0
01757,2025-10-24,,,,,,,0,,,,,2025-10-22,1026920000,1200000000,85.5767,85.5767,1590000,139,0.5,0,0
08385,2025-10-27,,,,,,,0,,,,,2025-10-23,81227520,104388000,77.8131,77.8131,-6926020,140,0,0,0
01010,2025-10-27,,,,,,,0,,,,,2025-10-23,317342040,444294170,71.4261,71.4261,-16496000,140,0,0,0
02288,2025-10-27,,,,,,,0,,,,,2025-10-23,312595201,375447000,83.2595,83.2595,2311447,140,0.5,0,0
03919,2025-10-27,,,,,,,0,,,,,2025-10-23,8573272,45372000,18.8955,18.8955,-226506581,140,0,0,0
08392,2025-10-27,,,,,,,0,,,,,2025-10-23,936470000,1000000000,93.647,93.647,-1570000,140,0.5,0,0
01703,2025-10-27,,,,,,,0,,,,,2025-10-23,907638000,138000000,,657.7087,7830000,140,,0,0
09929,2025-10-27,,,,,,,0,,,,,2025-10-23,303710000,2000000000,15.1855,15.1855,-1670000,140,0.5,0,0
01399,2025-10-27,,,,,,,0,,,,,2025-10-23,455200904,1090001246,41.7615,41.7615,448483,140,0.5,0,0
08123,2025-10-27,,,,,,,0,,,,,2025-10-23,4038760841,344648302,,1171.8499,10714000,140,,0,0
02326,2025-10-27,,,,,,,0,,,,,2025-10-23,6297685829,21084072140,29.8694,29.8694,11107000,140,0.5,0,0
01416,2025-10-27,,,,,,,0,,,,,2025-10-23,232141500,1400000000,16.5815,16.5815,10870000,140,0.5,0,0
02107,2025-10-27,,,,,,,0,,,,,2025-10-23,892658153,1264000000,70.6217,70.6217,11370000,140,0.5,0,0
00894,2025-10-27,,,,,,,0,,,,,2025-10-23,135226403,479322470,28.212,28.212,-1748461,140,0.5,0,0
01942,2025-10-27,,,,,,,0,,,,,2025-10-23,1072073320,2058389599,52.0831,52.0831,110034636,140,1,0,0
00915,2025-10-28,,,,,,,0,,,,,2025-10-24,529180617,1509592701,35.0545,35.0545,-11816000,141,0.5,0,0
01163,2025-10-28,,,,,,,0,,,,,2025-10-24,385272500,896400000,42.98,42.98,-126197500,141,0,0,0
01443,2025-10-28,,,,,,,0,,,,,2025-10-24,215361000,1300000000,16.5662,16.5662,-44442000,141,0,0,0
01777,2025-10-28,,,,,,,0,,,,,2025-10-24,1207693355,3628367310,,33.2848,23366636,141,,1,0
00205,2025-10-28,,,,,,,0,,,,,2025-10-24,824026538,1251214095,65.8582,65.8582,323125343,141,1,0,0
01985,2025-10-28,,,,,,,0,,,,,2025-10-24,243099400,306374000,79.3473,79.3473,7774500,141,1,0,0
01577,2025-10-28,,,,,,,0,,,,,2025-10-24,178178000,680000000,26.2026,26.2026,118000,141,0.5,0,0
01622,2025-10-28,,,,,,,0,,,,,2025-10-24,1276124422,3551609322,35.9309,35.9309,-1371596,141,0.5,0,0
00040,2025-10-28,,,,,,,0,,,,,2025-10-24,493809510,902488110,54.7165,54.7165,-2879859,141,0.5,0,0
00472,2025-10-28,,,,,,,0,,,,,2025-10-24,2935779831,3849109674,76.2717,76.2717,72974750,141,1,0,0
01980,2025-10-28,,,,,,,0,,,,,2025-10-24,987212040,1105998162,89.2598,89.2598,-6396987,141,0.5,0,0
08050,2025-10-28,,,,,,,0,,,,,2025-10-24,1113174700,271250000,,410.387,387503000,141,,1,0
01079,2025-10-28,,,,,,,0,,,,,2025-10-24,1055223136,2140052608,49.3083,49.3083,10681993,141,0.5,0,0
08072,2025-10-30,,,,,,,0,,,,,2025-10-27,150272279,168349134,89.2623,89.2623,37983326,142,1,0,0
02433,2025-10-30,,,,,,,0,,,,,2025-10-27,294916715,576000000,51.2008,51.2008,-41348000,142,0,0,0
08007,2025-10-30,,,,,,,0,,,,,2025-10-27,169679976,226317429,74.9743,74.9743,-171015349,142,0,0,0
01010,2025-10-30,,,,,,,0,,,,,2025-10-27,317342040,444294170,71.4261,71.4261,-16496000,142,0,0,0
08535,2025-10-30,,,,,,,0,,,,,2025-10-27,244060000,1200000000,20.3383,20.3383,21200000,142,1,0,0
02223,2025-10-30,,,,,,,0,,,,,2025-10-27,110050000,258152000,42.6299,42.6299,344000,142,0.5,0,0
08326,2025-10-30,,,,,,,0,,,,,2025-10-27,1086908715,1227000000,88.5826,88.5826,10041260,142,0.5,0,0
01869,2025-10-30,,,,,,,0,,,,,2025-10-27,1166499401,1692300000,68.9298,68.9298,12162501,142,0.5,0,0
00865,2025-10-30,,,,,,,0,,,,,2025-10-27,2276669324,5837989696,38.9975,38.9975,64114533,142,1,0,0
01226,2025-10-30,,,,,,,0,,,,,2025-10-27,292662905,412596600,70.932,70.932,13096000,142,1,0,0
02497,2025-10-30,,,,,,,0,,,,,2025-10-27,121232028,500000000,24.2464,24.2464,8824010,142,1,0,0
00381,2025-10-30,,,,,,,0,,,,,2025-10-27,322608273,1330424526,24.2485,24.2485,51839861,142,1,0,0
08021,2025-10-30,,,,,,,0,,,,,2025-10-27,8378796964,718355052,,1166.3866,-530588000,142,,1,0
03860,2025-10-30,,,,,,,0,,,,,2025-10-27,497416668,582429838,85.4037,85.4037,-2750000,142,0.5,0,0
00367,2025-10-30,,,,,,,0,,,,,2025-10-27,378790727,1672553104,22.6475,22.6475,-680626,142,0.5,0,0
02516,2025-10-30,,,,,,,0,,,,,2025-10-27,541544661,936000000,57.8573,57.8573,-9283200,142,0.5,0,0
00351,2025-10-30,,,,,,,0,,,,,2025-10-27,447055721,1994975244,22.4091,22.4091,4282283,142,0.5,0,0
01282,2025-10-30,,,,,,,0,,,,,2025-10-27,1227404075,5000000000,24.5481,24.5481,-154359982,142,0,0,0
01116,2025-10-30,,,,,,,0,,,,,2025-10-27,1023820050,2158000000,47.443,47.443,3684000,142,0.5,0,0
01134,2025-10-31,,,,,,,0,,,,,2025-10-28,190416450,500000000,38.0833,38.0833,3864000,143,0.5,0,0
00065,2025-10-31,,,,,,,0,,,,,2025-10-28,136255420,245536916,55.4928,55.4928,36443137,143,1,0,0
02227,2025-10-31,,,,,,,0,,,,,2025-10-28,829875120,915600000,90.6373,90.6373,806000,143,0.5,0,0
01393,2025-10-31,,,,,,,0,,,,,2025-10-28,3311971449,4605259407,71.9172,71.9172,-17987726,143,0.5,0,0
01613,2025-10-31,,,,,,,0,,,,,2025-10-28,217021083,1535864491,14.1302,14.1302,14756179,143,0.5,0,0
00432,2025-10-31,,,,,,,0,,,,,2025-10-28,1087844635,2038236743,53.3718,53.3718,-1604615,143,0.5,0,0
01319,2025-10-31,,,,,,,0,,,,,2025-10-28,1816527407,1924308406,94.399,94.399,4031774,143,0.5,0,0
03626,2025-10-31,,,,,,,0,,,,,2025-10-28,169508542,184000000,92.1242,92.1242,-6051458,143,0,0,0
01652,2025-10-31,,,,,,,0,,,,,2025-10-28,539759951,739301000,73.0095,73.0095,35095010,143,1,0,0
01282,2025-10-31,,,,,,,0,,,,,2025-10-28,1227404075,5000000000,24.5481,24.5481,-154359982,143,0,0,0
00727,2025-10-31,,,,,,,0,,,,,2025-10-28,148998664,1271844000,11.7152,11.7152,8743795,143,0.5,0,0
08282,2025-11-03,,,,,,,0,,,,,2025-10-30,31227221,57000000,54.7846,54.7846,-271760,144,0.5,0,0
08456,2025-11-03,,,,,,,0,,,,,2025-10-30,119928975,132202950,90.7158,90.7158,102407463,144,1,0,0
08500,2025-11-03,,,,,,,0,,,,,2025-10-30,349863000,432000000,80.9868,80.9868,124778000,144,1,0,0
00164,2025-11-03,,,,,,,0,,,,,2025-10-30,238438329,349262723,68.269,68.269,181379289,144,1,0,0
00348,2025-11-03,,,,,,,0,,,,,2025-10-30,576895102,924570836,62.396,62.396,11063000,144,1,0,0
01134,2025-11-03,,,,,,,0,,,,,2025-10-30,189948450,500000000,37.9897,37.9897,3396000,144,0.5,0,0
01327,2025-11-03,,,,,,,0,,,,,2025-10-30,180687506,258785280,69.8214,69.8214,110702890,144,1,0,0
01284,2025-11-03,,,,,,,0,,,,,2025-10-30,120275000,600000000,20.0458,20.0458,2930000,144,0.5,0,0
08502,2025-11-03,,,,,,,0,,,,,2025-10-30,167157600,800000000,20.8947,20.8947,308000,144,0.5,0,0
01075,2025-11-03,,,,,,,0,,,,,2025-10-30,53768522,289808609,18.5531,18.5531,-1795818,144,0.5,0,0
01393,2025-11-03,,,,,,,0,,,,,2025-10-30,3311971449,4605259407,71.9172,71.9172,-17987726,144,0.5,0,0
01738,2025-11-03,,,,,,,0,,,,,2025-10-30,1123635659,1380545800,81.3907,81.3907,-8155162,144,0.5,0,0
00582,2025-11-03,,,,,,,0,,,,,2025-10-30,1066136032,3651481386,29.1974,29.1974,147915945,144,1,0,0
01653,2025-11-03,,,,,,,0,,,,,2025-10-30,113225500,288917000,39.1896,39.1896,-1198000,144,0.5,0,0
00320,2025-11-03,,,,,,,0,,,,,2025-10-30,346317479,842540000,41.104,41.104,-10069000,144,0,0,0
00616,2025-11-03,,,,,,,0,,,,,2025-10-30,812463800,1867324348,43.5095,43.5095,-58307718,144,0,0,0
01692,2025-11-03,,,,,,,0,,,,,2025-10-30,52326820,359000000,14.5757,14.5757,454820,144,0.5,0,0
00149,2025-11-03,,,,,,,0,,,,,2025-10-30,8108288136,9953067822,81.4652,81.4652,156757919,144,1,0,0
02415,2025-11-03,,,,,,,0,,,,,2025-10-30,388656190,607170950,64.011,64.011,-4736000,144,0.5,0,0
01622,2025-11-03,,,,,,,0,,,,,2025-10-30,1278612422,3551609322,36.0009,36.0009,1116404,144,0.5,0,0
02110,2025-11-04,,,,,,,0,,,,,2025-10-31,233366300,43200000,,540.1998,-2450000,145,,1,0
08282,2025-11-04,,,,,,,0,,,,,2025-10-31,31227221,57000000,54.7846,54.7846,-271760,145,0.5,0,0
08340,2025-11-04,,,,,,,0,,,,,2025-10-31,49002320,79990000,61.2606,61.2606,8918216,145,1,0,0
08217,2025-11-04,,,,,,,0,,,,,2025-10-31,216705678,301860000,71.7901,71.7901,-16689086,145,0,0,0
00065,2025-11-04,,,,,,,0,,,,,2025-10-31,135983420,245536916,55.3821,55.3821,36171137,145,1,0,0
01722,2025-11-04,,,,,,,0,,,,,2025-10-31,312970000,1100000000,28.4518,28.4518,2010000,145,0.5,0,0
00209,2025-11-04,,,,,,,0,,,,,2025-10-31,126687763,148567180,,85.273,74594684,145,,1,0
03708,2025-11-04,,,,,,,0,,,,,2025-10-31,4718495960,727280000,,648.7867,-10525000,145,,1,0
01170,2025-11-04,,,,,,,0,,,,,2025-10-31,255759967,666999445,38.3449,38.3449,-27614570,145,0,0,0
00713,2025-11-04,,,,,,,0,,,,,2025-10-31,238288332,792117421,30.0825,30.0825,-6408097,145,0.5,0,0
02187,2025-11-04,,,,,,,0,,,,,2025-10-31,261463485,897600000,29.1292,29.1292,128350,145,0.5,0,0
08227,2025-11-04,,,,,,,0,,,,,2025-10-31,432461003,1897629000,22.7895,22.7895,-259000,145,0.5,0,0
00413,2025-11-04,,,,,,,0,,,,,2025-10-31,2934524320,13221302172,22.1954,22.1954,-31314711,145,0.5,0,0
01290,2025-11-04,,,,,,,0,,,,,2025-10-31,1027585200,1090335000,94.2449,94.2449,6600000,145,0.5,0,0
02405,2025-11-04,,,,,,,0,,,,,2025-10-31,675878000,800000000,84.4847,84.4847,375916000,145,1,0,0
00704,2025-11-05,,,,,,,0,,,,,2025-11-03,222302432,290373235,76.5575,76.5575,174946,146,0.5,0,0
08431,2025-11-05,,,,,,,0,,,,,2025-11-03,31581700,236563600,13.3502,13.3502,-252475300,146,0,0,0
00379,2025-11-05,,,,,,,0,,,,,2025-11-03,1092331826,1687302760,64.7383,64.7383,2501087,146,0.5,0,0
01402,2025-11-05,,,,,,,0,,,,,2025-11-03,948808000,1050500000,90.3197,90.3197,-260000,146,0.5,0,0
00969,2025-11-05,,,,,,,0,,,,,2025-11-03,1978010844,2191180000,90.2715,90.2715,18766000,146,0.5,0,0
01130,2025-11-05,,,,,,,0,,,,,2025-11-03,383461305,562869147,68.1262,68.1262,14765507,146,1,0,0
02122,2025-11-05,,,,,,,0,,,,,2025-11-03,658152314,1355914286,48.5394,48.5394,19278744,146,1,0,0
08021,2025-11-05,,,,,,,0,,,,,2025-11-03,8389506964,718355052,,1167.8775,-519878000,146,,1,0
08227,2025-11-05,,,,,,,0,,,,,2025-11-03,432461003,1897629000,22.7895,22.7895,-259000,146,0.5,0,0
08320,2025-11-06,,,,,,,0,,,,,2025-11-04,283071904,733190000,38.6083,38.6083,8885000,147,1,0,0
01889,2025-11-06,,,,,,,0,,,,,2025-11-04,100252869,152898695,65.5682,65.5682,1629600,147,1,0,0
00456,2025-11-06,,,,,,,0,,,,,2025-11-04,120356068,214228885,56.1811,56.1811,16191533,147,1,0,0
01720,2025-11-06,,,,,,,0,,,,,2025-11-04,1009931140,1100000000,91.8119,91.8119,1684000,147,0.5,0,0
00928,2025-11-06,,,,,,,0,,,,,2025-11-04,1562540881,1850425060,84.4423,84.4423,170759340,147,1,0,0
01343,2025-11-06,,,,,,,0,,,,,2025-11-04,417857000,1064000000,39.2723,39.2723,-5580000,147,0.5,0,0
00969,2025-11-06,,,,,,,0,,,,,2025-11-04,1978010844,2191180000,90.2715,90.2715,18766000,147,0.5,0,0
00936,2025-11-06,,,,,,,0,,,,,2025-11-04,904015000,1060000000,85.2844,85.2844,50031000,147,1,0,0
00869,2025-11-06,,,,,,,0,,,,,2025-11-04,408248082,1135000000,35.969,35.969,-11867715,147,0,0,0
01292,2025-11-06,,,,,,,0,,,,,2025-11-04,111271800,202064000,55.0676,55.0676,1873000,147,0.5,0,0
08035,2025-11-07,,,,,,,0,,,,,2025-11-05,532880000,600000000,88.8133,88.8133,31190000,148,1,0,0
00704,2025-11-07,,,,,,,0,,,,,2025-11-05,222402432,290373235,76.5919,76.5919,274946,148,0.5,0,0
02370,2025-11-07,,,,,,,0,,,,,2025-11-05,186351653,200000000,93.1758,93.1758,-2200500,148,0,0,0
03822,2025-11-07,,,,,,,0,,,,,2025-11-05,15710200,84000000,18.7026,18.7026,55001,148,0.5,0,0
00401,2025-11-07,,,,,,,0,,,,,2025-11-05,135967283,1128615702,12.0473,12.0473,9509807,148,0.5,0,0
00204,2025-11-07,,,,,,,0,,,,,2025-11-05,70303662,249055128,28.2282,28.2282,-620827684,148,0,0,0
01710,2025-11-07,,,,,,,0,,,,,2025-11-05,156964000,1000000000,15.6964,15.6964,-13660000,148,0,0,0
00582,2025-11-07,,,,,,,0,,,,,2025-11-05,2610697219,3651481386,71.4969,71.4969,1692477132,148,1,0,0
00559,2025-11-10,,,,,,,0,,,,,2025-11-06,424879654,523184390,81.2103,81.2103,-13847368,149,0,0,0
08537,2025-11-10,,,,,,,0,,,,,2025-11-06,170623279,360000000,47.3954,47.3954,55857000,149,1,0,0
08483,2025-11-10,,,,,,,0,,,,,2025-11-06,122418000,800000000,15.3022,15.3022,-14942000,149,0,0,0
00986,2025-11-10,,,,,,,0,,,,,2025-11-06,759377232,129470550,,586.5251,-111080075,149,,0,0
08426,2025-11-10,,,,,,,0,,,,,2025-11-06,180968000,800000000,22.621,22.621,-2060000,149,0.5,0,0
01655,2025-11-10,,,,,,,0,,,,,2025-11-06,157140256,719999580,21.825,21.825,2595000,149,0.5,0,0
03366,2025-11-10,,,,,,,0,,,,,2025-11-06,138183869,748366000,18.4647,18.4647,-3726000,149,0.5,0,0
06663,2025-11-10,,,,,,,0,,,,,2025-11-06,164800000,800000000,20.6,20.6,-2040000,149,0.5,0,0
02863,2025-11-10,,,,,,,0,,,,,2025-11-06,197498000,689511000,28.6432,28.6432,-838000,149,0.5,0,0
01710,2025-11-10,,,,,,,0,,,,,2025-11-06,156988000,1000000000,15.6988,15.6988,-13636000,149,0,0,0
00630,2025-11-10,,,,,,,0,,,,,2025-11-06,724471896,967551792,74.8768,74.8768,-12629026,149,0,0,0
00922,2025-11-10,,,,,,,0,,,,,2025-11-06,1883722668,2221363150,84.8003,84.8003,-4731538,149,0.5,0,0
08321,2025-11-10,,,,,,,0,,,,,2025-11-06,176454200,536400000,32.896,32.896,10784000,149,1,0,0
01746,2025-11-10,,,,,,,0,,,,,2025-11-06,903606000,1000000000,90.3606,90.3606,16590000,149,1,0,0
08418,2025-11-10,,,,,,,0,,,,,2025-11-06,258462400,850000000,30.4073,30.4073,-166000,149,0.5,0,0
00420,2025-11-10,,,,,,,0,,,,,2025-11-06,580393603,1225026960,47.378,47.378,4200769,149,0.5,0,0
08186,2025-11-11,,,,,,,0,,,,,2025-11-07,33538985,113868640,29.4541,29.4541,-1666873,150,0,0,0
08118,2025-11-11,,,,,,,0,,,,,2025-11-07,202608000,500000000,40.5216,40.5216,17488000,150,1,0,0
01707,2025-11-11,,,,,,,0,,,,,2025-11-07,1584000000,1680000000,94.2857,94.2857,-4928000,150,0.5,0,0
08320,2025-11-11,,,,,,,0,,,,,2025-11-07,283071904,733190000,38.6083,38.6083,8885000,150,1,0,0
00261,2025-11-11,,,,,,,0,,,,,2025-11-07,203689558,331361678,61.4705,61.4705,14850525,150,1,0,0
08513,2025-11-11,,,,,,,0,,,,,2025-11-07,577375874,81845537,,705.4458,2641515,150,,1,0
00619,2025-11-11,,,,,,,0,,,,,2025-11-07,144970613,301277070,48.1187,48.1187,666120,150,0.5,0,0
01413,2025-11-11,,,,,,,0,,,,,2025-11-07,920305000,328000000,,280.5808,4225000,150,,1,0
02372,2025-11-11,,,,,,,0,,,,,2025-11-07,433932000,800000001,54.2415,54.2415,1656000,150,0.5,0,0
08023,2025-11-11,,,,,,,0,,,,,2025-11-07,215236500,597444000,36.0262,36.0262,-480000,150,0.5,0,0
01920,2025-11-11,,,,,,,0,,,,,2025-11-07,316014749,587600000,53.7806,53.7806,31457059,150,1,0,0
00827,2025-11-11,,,,,,,0,,,,,2025-11-07,3207051096,7028042599,45.6322,45.6322,13112000,150,0.5,0,0
01460,2025-11-11,,,,,,,0,,,,,2025-11-07,619383888,877590312,70.5778,70.5778,13983600,150,1,0,0
01262,2025-11-11,,,,,,,0,,,,,2025-11-07,42908562,239250568,17.9346,17.9346,1996762,150,0.5,0,0
00620,2025-11-11,,,,,,,0,,,,,2025-11-07,617234743,801025230,77.0556,77.0556,123921577,150,1,0,0
01868,2025-11-11,,,,,,,0,,,,,2025-11-07,981873319,2094465417,46.8794,46.8794,1347500,150,0.5,0,0
02573,2025-11-11,,,,,,,0,,,,,2025-11-07,52667104,96231234,54.7297,54.7297,-1708390,105,0,0,0
01986,2025-11-11,,,,,,,0,,,,,2025-11-07,791937602,967884500,81.8215,81.8215,-629172,150,0.5,0,0
00426,2025-11-12,,,,,,,0,,,,,2025-11-10,73573521,400900000,18.3521,18.3521,718000,151,0.5,0,0
00261,2025-11-12,,,,,,,0,,,,,2025-11-10,203736598,331361678,61.4847,61.4847,14897565,151,1,0,0
00571,2025-11-12,,,,,,,0,,,,,2025-11-10,496714259,1755876866,28.2887,28.2887,5212575,151,0.5,0,0
01421,2025-11-12,,,,,,,0,,,,,2025-11-10,100633000,200195200,50.2674,50.2674,-905425,151,0.5,0,0
00619,2025-11-12,,,,,,,0,,,,,2025-11-10,144918613,301277070,48.1014,48.1014,614120,151,0.5,0,0
01621,2025-11-12,,,,,,,0,,,,,2025-11-10,202324001,1000000000,20.2324,20.2324,17308000,151,1,0,0
08483,2025-11-12,,,,,,,0,,,,,2025-11-10,122306000,800000000,15.2882,15.2882,-15054000,151,0,0,0
00262,2025-11-12,,,,,,,0,,,,,2025-11-10,715244268,1466820600,48.7615,48.7615,5414630,151,0.5,0,0
00204,2025-11-12,,,,,,,0,,,,,2025-11-10,88663662,249055128,35.6,35.6,-602467684,151,0,0,0
00932,2025-11-12,,,,,,,0,,,,,2025-11-10,1897649845,3107893440,61.059,61.059,-5250000,151,0.5,0,0
02455,2025-11-12,,,,,,,0,,,,,2025-11-10,70799006,300000000,23.5997,23.5997,-2633475,151,0.5,0,0
01552,2025-11-12,,,,,,,0,,,,,2025-11-10,198925000,800000000,24.8656,24.8656,52740000,151,1,0,0
08395,2025-11-12,,,,,,,0,,,,,2025-11-10,520721912,1714000000,30.3805,30.3805,-615588088,151,0,0,0
00685,2025-11-12,,,,,,,0,,,,,2025-11-10,301121419,1621521441,18.5703,18.5703,-4231229,151,0.5,0,0
00897,2025-11-12,,,,,,,0,,,,,2025-11-10,977398043,1114382888,87.7076,87.7076,4812631,151,0.5,0,0
01260,2025-11-12,,,,,,,0,,,,,2025-11-10,265887025,1151454000,23.0914,23.0914,3344000,151,0.5,0,0
02000,2025-11-12,,,,,,,0,,,,,2025-11-10,798576956,2119047300,37.6857,37.6857,6544992,151,0.5,0,0
08221,2025-11-13,,,,,,,0,,,,,2025-11-11,36504000,47600000,76.6891,76.6891,-1879626000,152,0,0,0
01380,2025-11-13,,,,,,,0,,,,,2025-11-11,291959215,516947660,56.4775,56.4775,52093477,152,1,0,0
01718,2025-11-13,,,,,,,0,,,,,2025-11-11,174726270,304120000,57.4531,57.4531,98901000,152,1,0,0
06193,2025-11-13,,,,,,,0,,,,,2025-11-11,384727000,400000000,96.1817,96.1817,-172000,152,0.5,0,0
08659,2025-11-13,,,,,,,0,,,,,2025-11-11,270501000,823331036,32.8545,32.8545,-16938760,152,0,0,0
01217,2025-11-13,,,,,,,0,,,,,2025-11-11,9293312947,12801578629,72.5951,72.5951,31425181,152,0.5,0,0
00532,2025-11-13,,,,,,,0,,,,,2025-11-11,218599083,729897964,29.9493,29.9493,-4219268,152,0.5,0,0
00442,2025-11-13,,,,,,,0,,,,,2025-11-11,132757494,259150000,51.2281,51.2281,-1751000,152,0.5,0,0
00681,2025-11-13,,,,,,,0,,,,,2025-11-11,3683865015,8934561203,41.2316,41.2316,128954004,152,1,0,0
00822,2025-11-13,,,,,,,0,,,,,2025-11-11,593646510,893761400,66.4211,66.4211,9179625,152,1,0,0
00591,2025-11-13,,,,,,,0,,,,,2025-11-11,800930612,1037500000,77.1981,77.1981,30112004,152,1,0,0
02683,2025-11-13,,,,,,,0,,,,,2025-11-11,80707999,408626000,19.7511,19.7511,5250000,152,1,0,0
02516,2025-11-13,,,,,,,0,,,,,2025-11-11,541128661,936000000,57.8129,57.8129,-9699200,152,0,0,0
01085,2025-11-13,,,,,,,0,,,,,2025-11-11,284905687,465600000,61.1911,61.1911,-14476000,152,0,0,0
01412,2025-11-13,,,,,,,0,,,,,2025-11-11,99090815,532000000,18.6261,18.6261,-4228185,152,0.5,0,0
00428,2025-11-14,,,,,,,0,,,,,2025-11-12,100498750,154258237,65.1497,65.1497,35160793,153,1,0,0
08208,2025-11-14,,,,,,,0,,,,,2025-11-12,611626000,720000000,84.9481,84.9481,385389000,153,1,0,0
00948,2025-11-14,,,,,,,0,,,,,2025-11-12,305659829,412280383,74.1388,74.1388,1100056,153,0.5,0,0
01718,2025-11-14,,,,,,,0,,,,,2025-11-12,174741270,304120000,57.458,57.458,98916000,153,1,0,0
08093,2025-11-14,,,,,,,0,,,,,2025-11-12,22058934,49478400,44.583,44.583,-333211160,153,0,0,0
08403,2025-11-14,,,,,,,0,,,,,2025-11-12,146898120,169200000,86.8192,86.8192,30562120,153,1,0,0
00022,2025-11-14,,,,,,,0,,,,,2025-11-12,1703591367,39327757,,4331.7786,23618672,153,,1,0
02483,2025-11-14,,,,,,,0,,,,,2025-11-12,213282000,500000000,42.6564,42.6564,3869000,153,0.5,0,0
00237,2025-11-14,,,,,,,0,,,,,2025-11-12,69808932,405000000,17.2368,17.2368,1635083,153,0.5,0,0
01959,2025-11-14,,,,,,,0,,,,,2025-11-12,132795000,530002000,25.0556,25.0556,-349938000,153,0,0,0
00193,2025-11-17,,,,,,,0,,,,,2025-11-13,110806569,233202559,47.5152,47.5152,-7547641,154,0,0,0
08118,2025-11-17,,,,,,,0,,,,,2025-11-13,203280000,500000000,40.656,40.656,18160000,154,1,0,0
08071,2025-11-17,,,,,,,0,,,,,2025-11-13,3212196210,93720967,,3427.404,-136655562,154,,1,0
08093,2025-11-17,,,,,,,0,,,,,2025-11-13,22050934,49478400,44.5668,44.5668,-333219160,154,0,0,0
00399,2025-11-17,,,,,,,0,,,,,2025-11-13,1072863429,3277107928,32.7381,32.7381,1484945,154,0.5,0,0
01917,2025-11-17,,,,,,,0,,,,,2025-11-13,506946739,2300000000,22.0412,22.0412,325809,154,0.5,0,0
08247,2025-11-17,,,,,,,0,,,,,2025-11-13,21392000,144707176,14.783,14.783,246000,154,0.5,0,0
06663,2025-11-17,,,,,,,0,,,,,2025-11-13,164910000,800000000,20.6138,20.6138,-1930000,154,0.5,0,0
00733,2025-11-17,,,,,,,0,,,,,2025-11-13,418373405,674149989,62.0594,62.0594,-1853640,154,0.5,0,0
01822,2025-11-17,,,,,,,0,,,,,2025-11-13,279260817,1973797360,14.1484,14.1484,64898029,154,1,0,0
08107,2025-11-17,,,,,,,0,,,,,2025-11-13,1259560000,1373145000,91.7281,91.7281,-7985000,154,0.5,0,0
06939,2025-11-17,,,,,,,0,,,,,2025-11-13,158296000,622500000,25.4291,25.4291,3418000,154,0.5,0,0
02298,2025-11-17,,,,,,,0,,,,,2025-11-13,2015358896,2249457213,89.5931,89.5931,2563223,154,0.5,0,0
03623,2025-11-17,,,,,,,0,,,,,2025-11-13,513877300,630663336,81.482,81.482,60316000,154,1,0,0
00526,2025-11-17,,,,,,,0,,,,,2025-11-13,6373109777,8844020391,72.0612,72.0612,12665076,154,0.5,0,0
08187,2025-11-18,,,,,,,0,,,,,2025-11-14,118609123,151683840,78.195,78.195,-15880989,155,0,0,0
08500,2025-11-18,,,,,,,0,,,,,2025-11-14,357129000,432000000,82.6688,82.6688,132044000,155,1,0,0
08659,2025-11-18,,,,,,,0,,,,,2025-11-14,271401000,823331036,32.9638,32.9638,-16038760,155,0,0,0
09929,2025-11-18,,,,,,,0,,,,,2025-11-14,297350000,2000000000,14.8675,14.8675,-8030000,155,0.5,0,0
06068,2025-11-18,,,,,,,0,,,,,2025-11-14,975776863,2178154000,44.7983,44.7983,-30541143,155,0,0,0
08247,2025-11-18,,,,,,,0,,,,,2025-11-14,21464000,144707176,14.8327,14.8327,318000,155,0.5,0,0
01182,2025-11-18,,,,,,,0,,,,,2025-11-14,93639216,340814567,27.4751,27.4751,2424622,155,0.5,0,0
02012,2025-11-18,,,,,,,0,,,,,2025-11-14,278060614,711354444,39.0889,39.0889,93873692,155,1,0,0
01201,2025-11-18,,,,,,,0,,,,,2025-11-14,164197160,439685228,37.3443,37.3443,254300,155,0.5,0,0
00936,2025-11-18,,,,,,,0,,,,,2025-11-14,903315000,1060000000,85.2184,85.2184,49331000,155,1,0,0
00360,2025-11-18,,,,,,,0,,,,,2025-11-14,13369401977,17216948349,77.6526,77.6526,14073353,155,0.5,0,0
01903,2025-11-18,,,,,,,0,,,,,2025-11-14,222330000,500000000,44.466,44.466,81695760,155,1,0,0
01862,2025-11-19,,,,,,,0,,,,,2025-11-17,1118756370,1538813213,72.7025,72.7025,-174616926,156,0,0,0
08072,2025-11-19,,,,,,,0,,,,,2025-11-17,149972316,168349134,89.0841,89.0841,37683363,156,1,0,0
00915,2025-11-19,,,,,,,0,,,,,2025-11-17,527300617,1509592701,34.93,34.93,-13696000,156,0.5,0,0
08275,2025-11-19,,,,,,,0,,,,,2025-11-17,611540406,959985543,63.7031,63.7031,28915549,156,1,0,0
00120,2025-11-19,,,,,,,0,,,,,2025-11-17,481317880,1639620550,29.3554,29.3554,60919810,156,1,0,0
01716,2025-11-19,,,,,,,0,,,,,2025-11-17,70865743,270000000,26.2466,26.2466,1256623,156,0.5,0,0
00834,2025-11-19,,,,,,,0,,,,,2025-11-17,407347400,452948000,89.9325,89.9325,-320000,156,0.5,0,0
06928,2025-11-19,,,,,,,0,,,,,2025-11-17,125897035,765000000,16.4571,16.4571,13297535,156,1,0,0
00365,2025-11-19,,,,,,,0,,,,,2025-11-17,397493171,1455000000,27.3191,27.3191,3632000,156,0.5,0,0
00266,2025-11-19,,,,,,,0,,,,,2025-11-17,203464887,474731824,42.8589,42.8589,-71492,156,0.5,0,0
02458,2025-11-19,,,,,,,0,,,,,2025-11-17,128960946,142710128,90.3657,90.3657,11356481,156,1,0,0
00997,2025-11-20,,,,,,,0,,,,,2025-11-18,981209028,1169287752,83.9151,83.9151,184890493,157,1,0,0
01633,2025-11-20,,,,,,,0,,,,,2025-11-18,128649000,684750000,18.7877,18.7877,-918000,157,0.5,0,0
01850,2025-11-20,,,,,,,0,,,,,2025-11-18,125627053,172800000,72.7008,72.7008,16998376,157,1,0,0
03639,2025-11-20,,,,,,,0,,,,,2025-11-18,2233817751,2583970000,86.4491,86.4491,-2888000,157,0.5,0,0
01420,2025-11-20,,,,,,,0,,,,,2025-11-18,1117400200,1342651200,83.2234,83.2234,10060000,157,0.5,0,0
00111,2025-11-20,,,,,,,0,,,,,2025-11-18,552424256,641205600,86.154,86.154,-2978983,157,0.5,0,0
08059,2025-11-20,,,,,,,0,,,,,2025-11-18,843165800,1010605000,,83.4318,-2010000,157,,1,0
03321,2025-11-21,,,,,,,0,,,,,2025-11-19,488676888,77669600,,629.1739,-2771185,158,,1,0
08360,2025-11-21,,,,,,,0,,,,,2025-11-19,260168400,362059714,71.8579,71.8579,18079600,158,1,0,0
01555,2025-11-21,,,,,,,0,,,,,2025-11-19,2708531953,3386525510,79.9797,79.9797,16893880,158,0.5,0,0
01163,2025-11-21,,,,,,,0,,,,,2025-11-19,385205000,896400000,42.9724,42.9724,-126265000,158,0,0,0
01172,2025-11-21,,,,,,,0,,,,,2025-11-19,5263671768,5779196660,91.0796,91.0796,14076996,158,0.5,0,0
00487,2025-11-21,,,,,,,0,,,,,2025-11-19,2504942384,4926491196,50.8464,50.8464,-17033267,158,0.5,0,0
01895,2025-11-21,,,,,,,0,,,,,2025-11-19,498916812,593037500,84.129,84.129,9885000,158,1,0,0
01543,2025-11-21,,,,,,,0,,,,,2025-11-19,494597334,1560792687,31.6889,31.6889,-2982000,158,0.5,0,0
01756,2025-11-21,,,,,,,0,,,,,2025-11-19,1134095000,1200000000,94.5079,94.5079,-14299620,158,0,0,0
03882,2025-11-21,,,,,,,0,,,,,2025-11-19,548902100,1008587455,54.4229,54.4229,36187043,158,1,0,0
01862,2025-11-24,,,,,,,0,,,,,2025-11-20,1118382370,1538813213,72.6782,72.6782,-174990926,159,0,0,0
08366,2025-11-24,,,,,,,0,,,,,2025-11-20,1380160001,1577200000,87.507,87.507,1050000,159,0.5,0,0
00841,2025-11-24,,,,,,,0,,,,,2025-11-20,182564800,584726715,31.2222,31.2222,-5768000,159,0.5,0,0
00747,2025-11-24,,,,,,,0,,,,,2025-11-20,327053340,1469376000,22.258,22.258,9987600,159,0.5,0,0
02048,2025-11-24,,,,,,,0,,,,,2025-11-20,1469807157,1749059530,84.0341,84.0341,-25354200,159,0,0,0
01451,2025-11-24,,,,,,,0,,,,,2025-11-20,61330000,204400000,30.0049,30.0049,12082000,159,1,0,0
01460,2025-11-24,,,,,,,0,,,,,2025-11-20,619321888,877590312,70.5707,70.5707,13921600,159,1,0,0
01410,2025-11-24,,,,,,,0,,,,,2025-11-20,802412000,1009717000,79.469,79.469,-38280000,159,0,0,0
01985,2025-11-24,,,,,,,0,,,,,2025-11-20,242835400,306374000,79.2611,79.2611,7510500,159,1,0,0
00618,2025-11-24,,,,,,,0,,,,,2025-11-20,1441234162,2737417279,52.6494,52.6494,16302600,159,0.5,0,0
00860,2025-11-24,,,,,,,0,,,,,2025-11-20,767370123,1022438090,75.053,75.053,-703193,159,0.5,0,0
06136,2025-11-24,,,,,,,0,,,,,2025-11-20,1965764222,2307008500,85.2084,85.2084,78407171,159,1,0,0
01500,2025-11-25,,,,,,,0,,,,,2025-11-21,156487000,830000000,18.8539,18.8539,-1290000,160,0.5,0,0
00269,2025-11-25,,,,,,,0,,,,,2025-11-21,6048277370,10644093185,56.8229,56.8229,-16262380,160,0.5,0,0
08275,2025-11-25,,,,,,,0,,,,,2025-11-21,604040406,959985543,62.9218,62.9218,21415549,160,1,0,0
01835,2025-11-25,,,,,,,0,,,,,2025-11-21,32842000,153340000,21.4178,21.4178,-4482000,160,0,0,0
01949,2025-11-25,,,,,,,0,,,,,2025-11-21,672493525,230400000,,291.8809,208085500,160,,1,0
08512,2025-11-25,,,,,,,0,,,,,2025-11-21,238350000,918500000,25.9499,25.9499,-663000,160,0.5,0,0
01410,2025-11-25,,,,,,,0,,,,,2025-11-21,802412000,1009717000,79.469,79.469,-38280000,160,0,0,0
00450,2025-11-25,,,,,,,0,,,,,2025-11-21,212349136,907864974,23.3899,23.3899,4594487,160,0.5,0,0
02415,2025-11-25,,,,,,,0,,,,,2025-11-21,381335690,607170950,62.8053,62.8053,-12056500,160,0,0,0
00907,2025-11-26,,,,,,,0,,,,,2025-11-24,602104375,872863684,68.9803,68.9803,-26201157,161,0,0,0
01259,2025-11-26,,,,,,,0,,,,,2025-11-24,1533365103,2203361000,69.5921,69.5921,-82617999,161,0,0,0
01750,2025-11-26,,,,,,,0,,,,,2025-11-24,333470000,1800000000,18.5261,18.5261,13764000,161,0.5,0,0
02266,2025-11-26,,,,,,,0,,,,,2025-11-24,83192000,400000000,20.798,20.798,2378000,161,0.5,0,0
00841,2025-11-26,,,,,,,0,,,,,2025-11-24,183208800,584726715,31.3324,31.3324,-5124000,161,0.5,0,0
08293,2025-11-27,,,,,,,0,,,,,2025-11-25,169939518,215040093,79.0269,79.0269,-7065800,162,0,0,0
08072,2025-11-27,,,,,,,0,,,,,2025-11-25,148342316,168349134,88.1159,88.1159,36053363,162,1,0,0
08131,2025-11-27,,,,,,,0,,,,,2025-11-25,404795091,719211139,56.2832,56.2832,-25617546,162,0,0,0
00261,2025-11-27,,,,,,,0,,,,,2025-11-25,209643474,331361678,63.2673,63.2673,20804441,162,1,0,0
00784,2025-11-27,,,,,,,0,,,,,2025-11-25,424854000,800000000,53.1068,53.1068,969995,162,0.5,0,0
09958,2025-11-27,,,,,,,0,,,,,2025-11-25,142860710,500000000,28.5721,28.5721,-18404200,162,0,0,0
08426,2025-11-27,,,,,,,0,,,,,2025-11-25,183148000,800000000,22.8935,22.8935,120000,162,0.5,0,0
01870,2025-11-27,,,,,,,0,,,,,2025-11-25,557007500,1017170000,54.7605,54.7605,174637500,162,1,0,0
01260,2025-11-27,,,,,,,0,,,,,2025-11-25,266229025,1151454000,23.1211,23.1211,3686000,162,0.5,0,0
01410,2025-11-27,,,,,,,0,,,,,2025-11-25,802842000,1009717000,79.5116,79.5116,-37850000,162,0,0,0
02325,2025-11-27,,,,,,,0,,,,,2025-11-25,566965977,621250500,91.2621,91.2621,-38277605,162,0,0,0
02482,2025-11-27,,,,,,,0,,,,,2025-11-25,512536480,1393876104,36.7706,36.7706,-2270000,162,0.5,0,0
08131,2025-11-28,,,,,,,0,,,,,2025-11-26,404795091,719211139,56.2832,56.2832,-25617546,163,0,0,0
08357,2025-11-28,,,,,,,0,,,,,2025-11-26,214585000,624000000,34.3886,34.3886,39925000,163,1,0,0
08163,2025-11-28,,,,,,,0,,,,,2025-11-26,721074253,1025255612,70.3312,70.3312,252526371,163,1,0,0
03666,2025-11-28,,,,,,,0,,,,,2025-11-26,1729018066,2655637000,65.1075,65.1075,-12946911,163,0.5,0,0
01059,2025-11-28,,,,,,,0,,,,,2025-11-26,260559268,375033506,69.4763,69.4763,-71826222,163,0,0,0
06933,2025-11-28,,,,,,,0,,,,,2025-11-26,256501650,428002816,59.9299,59.9299,-60938360,163,0,0,0
08146,2025-11-28,,,,,,,0,,,,,2025-11-26,733643809,813000000,90.2391,90.2391,-880000,163,0.5,0,0
01920,2025-11-28,,,,,,,0,,,,,2025-11-26,314796749,587600000,53.5733,53.5733,30239059,163,1,0,0
01778,2025-11-28,,,,,,,0,,,,,2025-11-26,1172964725,1859407192,63.0827,63.0827,-26368007,163,0,0,0
00078,2025-11-28,,,,,,,0,,,,,2025-11-26,563589684,898782333,62.7059,62.7059,-18773681,163,0,0,0
02369,2025-11-28,,,,,,,0,,,,,2025-11-26,268147762,397930198,67.3856,67.3856,-10719517629,163,0,0,0
00191,2025-11-28,,,,,,,0,,,,,2025-11-26,462197101,883373901,52.3218,52.3218,12966733,163,1,0,0
00488,2025-11-28,,,,,,,0,,,,,2025-11-26,804681030,1453328830,55.3681,55.3681,6892945,163,0.5,0,0
02250,2025-11-28,,,,,,,0,,,,,2025-11-26,481812500,1008355000,47.782,47.782,101295500,163,1,0,0
08532,2025-12-01,,,,,,,0,,,,,2025-11-27,546264000,84874400,,643.6146,147516000,164,,0,0
00193,2025-12-01,,,,,,,0,,,,,2025-11-27,108179644,233202559,46.3887,46.3887,-10174566,164,0,0,0
08072,2025-12-01,,,,,,,0,,,,,2025-11-27,148322316,168349134,88.104,88.104,36033363,164,1,0,0
08019,2025-12-01,,,,,,,0,,,,,2025-11-27,231105211,356072058,64.9041,64.9041,17797488,164,1,0,0
01124,2025-12-01,,,,,,,0,,,,,2025-11-27,325217033,414602028,78.4408,78.4408,-3359180,164,0.5,0,0
02223,2025-12-01,,,,,,,0,,,,,2025-11-27,110620000,258152000,42.8507,42.8507,914000,164,0.5,0,0
08146,2025-12-01,,,,,,,0,,,,,2025-11-27,733643809,813000000,90.2391,90.2391,-880000,164,0.5,0,0
01170,2025-12-01,,,,,,,0,,,,,2025-11-27,255149967,666999445,38.2534,38.2534,-28224570,164,0,0,0
00204,2025-12-01,,,,,,,0,,,,,2025-11-27,136363042,249055128,54.7522,54.7522,-554768304,164,0,0,0
00150,2025-12-01,,,,,,,0,,,,,2025-11-27,1921957871,2013330431,95.4616,95.4616,-7213600,164,0.5,0,0
03389,2025-12-01,,,,,,,0,,,,,2025-11-27,4040759488,4404018959,91.7516,91.7516,732153352,164,1,0,0
00205,2025-12-01,,,,,,,0,,,,,2025-11-27,810461419,1251214095,64.774,64.774,309560224,164,1,0,0
02482,2025-12-01,,,,,,,0,,,,,2025-11-27,512536480,1393876104,36.7706,36.7706,-2270000,164,0.5,0,0
02110,2025-12-02,,,,,,,0,,,,,2025-11-28,294583300,43200000,,681.9058,58767000,165,,1,0
08432,2025-12-02,,,,,,,0,,,,,2025-11-28,346725391,879264000,39.4336,39.4336,3190000,165,0.5,0,0
00682,2025-12-02,,,,,,,0,,,,,2025-11-28,83564415,197729124,42.2621,42.2621,570686,165,0.5,0,0
08007,2025-12-02,,,,,,,0,,,,,2025-11-28,170560242,226317429,75.3633,75.3633,-170135083,165,0,0,0
08401,2025-12-02,,,,,,,0,,,,,2025-11-28,582588475,813210607,71.6405,71.6405,398340179,165,1,0,0
01663,2025-12-02,,,,,,,0,,,,,2025-11-28,1070718908,2464000000,43.4545,43.4545,-58173372,165,0,0,0
01732,2025-12-02,,,,,,,0,,,,,2025-11-28,474782793,1280000000,37.0924,37.0924,40381600,165,1,0,0
02187,2025-12-02,,,,,,,0,,,,,2025-11-28,261653342,897600000,29.1503,29.1503,318207,165,0.5,0,0
00205,2025-12-02,,,,,,,0,,,,,2025-11-28,810461419,1251214095,64.774,64.774,309560224,165,1,0,0
08627,2025-12-03,,,,,,,0,,,,,2025-12-01,217872000,800000000,27.234,27.234,3984000,166,0.5,0,0
08436,2025-12-03,,,,,,,0,,,,,2025-12-01,362034403,400000000,90.5086,90.5086,635000,166,0.5,0,0
06933,2025-12-03,,,,,,,0,,,,,2025-12-01,256287650,428002816,59.8799,59.8799,-61152360,166,0,0,0
01215,2025-12-03,,,,,,,0,,,,,2025-12-01,4205456700,12778879806,32.9094,32.9094,15631500,166,0.5,0,0
00575,2025-12-03,,,,,,,0,,,,,2025-12-01,93928749,291815782,32.1877,32.1877,1282299,166,0.5,0,0
06860,2025-12-03,,,,,,,0,,,,,2025-12-01,1605279956,1918088000,83.6917,83.6917,-24703000,166,0,0,0
08162,2025-12-03,,,,,,,0,,,,,2025-12-01,833824800,995284800,83.7775,83.7775,9448800,166,0.5,0,0
00970,2025-12-03,,,,,,,0,,,,,2025-12-01,176154456,675362170,26.083,26.083,44867435,166,1,0,0
08321,2025-12-03,,,,,,,0,,,,,2025-12-01,177914200,536400000,33.1682,33.1682,12244000,166,1,0,0
00854,2025-12-03,,,,,,,0,,,,,2025-12-01,20277900,102989049,19.6894,19.6894,4553880,166,1,0,0
01085,2025-12-03,,,,,,,0,,,,,2025-12-01,284315687,465600000,61.0644,61.0644,-15066000,166,0,0,0
01483,2025-12-03,,,,,,,0,,,,,2025-12-01,668062000,819450000,81.5257,81.5257,-41658000,166,0,0,0
08487,2025-12-04,,,,,,,0,,,,,2025-12-02,713635136,1046628000,68.1842,68.1842,-53284360,167,0,0,0
01166,2025-12-04,,,,,,,0,,,,,2025-12-02,104156351,142466617,73.1093,73.1093,-4537052,167,0,0,0
08217,2025-12-04,,,,,,,0,,,,,2025-12-02,220026125,301860000,72.8901,72.8901,-13368639,167,0,0,0
01025,2025-12-04,,,,,,,0,,,,,2025-12-02,158641856,447367440,35.4612,35.4612,126277440,167,1,0,0
08163,2025-12-04,,,,,,,0,,,,,2025-12-02,719334201,1025255612,70.1614,70.1614,250786319,167,1,0,0
01750,2025-12-04,,,,,,,0,,,,,2025-12-02,329690000,1800000000,18.3161,18.3161,9984000,167,0.5,0,0
08283,2025-12-04,,,,,,,0,,,,,2025-12-02,35754373,345600000,10.3456,10.3456,5764180,167,1,0,0
01239,2025-12-04,,,,,,,0,,,,,2025-12-02,120870488,434017926,27.8492,27.8492,2808850,167,0.5,0,0
08326,2025-12-04,,,,,,,0,,,,,2025-12-02,1085683715,1227000000,88.4828,88.4828,8816260,167,0.5,0,0
01433,2025-12-04,,,,,,,0,,,,,2025-12-02,386140000,1991470000,19.3897,19.3897,6830000,167,0.5,0,0
02885,2025-12-04,,,,,,,0,,,,,2025-12-02,79554000,400000000,19.8885,19.8885,1584000,167,0.5,0,0
01226,2025-12-04,,,,,,,0,,,,,2025-12-02,294315875,412596600,71.3326,71.3326,14748970,167,1,0,0
00689,2025-12-04,,,,,,,0,,,,,2025-12-02,363116786,1857731712,19.5462,19.5462,-3542680974,167,0,0,0
06933,2025-12-04,,,,,,,0,,,,,2025-12-02,256253650,428002816,59.872,59.872,-61186360,167,0,0,0
01966,2025-12-04,,,,,,,0,,,,,2025-12-02,3713233424,4222986126,87.9291,87.9291,25679175,167,0.5,0,0
00970,2025-12-04,,,,,,,0,,,,,2025-12-02,176160456,675362170,26.0839,26.0839,44873435,167,1,0,0
01813,2025-12-04,,,,,,,0,,,,,2025-12-02,1249485087,3418883945,36.5466,36.5466,31932132,167,0.5,0,0
09929,2025-12-04,,,,,,,0,,,,,2025-12-02,323720000,2000000000,16.186,16.186,18340000,167,0.5,0,0
02110,2025-12-05,,,,,,,0,,,,,2025-12-03,293513300,43200000,,679.4289,57697000,168,,1,0
08482,2025-12-05,,,,,,,0,,,,,2025-12-03,151665701,179687520,84.4053,84.4053,25545320,168,1,0,0
00145,2025-12-05,,,,,,,0,,,,,2025-12-03,126564902,366201816,34.5615,34.5615,29201505,168,1,0,0
08125,2025-12-05,,,,,,,0,,,,,2025-12-03,86101231,216732672,39.7269,39.7269,63107970,168,1,0,0
08217,2025-12-05,,,,,,,0,,,,,2025-12-03,219746125,301860000,72.7974,72.7974,-13648639,168,0,0,0
01581,2025-12-05,,,,,,,0,,,,,2025-12-03,362986276,415000000,87.4666,87.4666,-254000,168,0.5,0,0
00243,2025-12-05,,,,,,,0,,,,,2025-12-03,201838260,346490532,58.2522,58.2522,53380654,168,1,0,0
01620,2025-12-05,,,,,,,0,,,,,2025-12-03,1089620000,1200000000,90.8017,90.8017,-33468000,168,0,0,0
08535,2025-12-05,,,,,,,0,,,,,2025-12-03,262720000,1200000000,21.8933,21.8933,39860000,168,1,0,0
01792,2025-12-05,,,,,,,0,,,,,2025-12-03,1129340810,247680000,,455.9677,-32693076,168,,1,0
00681,2025-12-05,,,,,,,0,,,,,2025-12-03,3706031202,8934561203,41.4797,41.4797,151120191,168,1,0,0
01226,2025-12-05,,,,,,,0,,,,,2025-12-03,294335875,412596600,71.3374,71.3374,14768970,168,1,0,0
02177,2025-12-05,,,,,,,0,,,,,2025-12-03,95746410,165894700,57.7152,57.7152,217400,168,0.5,0,0
01657,2025-12-05,,,,,,,0,,,,,2025-12-03,3126500,32000000,9.7703,9.7703,253000,168,0.5,0,0
03689,2025-12-05,,,,,,,0,,,,,2025-12-03,76701740,334394000,22.9375,22.9375,200200,168,0.5,0,0
00519,2025-12-05,,,,,,,0,,,,,2025-12-03,1449660806,3055105739,47.4504,47.4504,11168440,168,0.5,0,0
02789,2025-12-05,,,,,,,0,,,,,2025-12-03,5549799036,6208734000,89.387,89.387,12821879,168,0.5,0,0
01010,2025-12-08,,,,,,,0,,,,,2025-12-04,309176040,444294170,69.5881,69.5881,-24662000,169,0,0,0
08450,2025-12-08,,,,,,,0,,,,,2025-12-04,380255000,1000000000,38.0255,38.0255,5380000,169,0.5,0,0
00145,2025-12-08,,,,,,,0,,,,,2025-12-04,126620902,366201816,34.5768,34.5768,29257505,169,1,0,0
00164,2025-12-08,,,,,,,0,,,,,2025-12-04,238042476,349262723,68.1557,68.1557,180983436,169,1,0,0
08481,2025-12-08,,,,,,,0,,,,,2025-12-04,242290000,405170000,59.7996,59.7996,1180000,169,0.5,0,0
02129,2025-12-08,,,,,,,0,,,,,2025-12-04,221179198,1250000000,17.6943,17.6943,3739198,169,0.5,0,0
03313,2025-12-08,,,,,,,0,,,,,2025-12-04,680035672,142210462,,478.1896,-734487,169,,1,0
00913,2025-12-08,,,,,,,0,,,,,2025-12-04,248480078,887045040,28.0121,28.0121,1736520,169,0.5,0,0
06877,2025-12-08,,,,,,,0,,,,,2025-12-04,1601085107,2033290000,78.7436,78.7436,88202000,169,1,0,0
01348,2025-12-08,,,,,,,0,,,,,2025-12-04,1316890170,1474232000,89.3272,89.3272,68758170,169,1,0,0
00423,2025-12-08,,,,,,,0,,,,,2025-12-04,79915173,431600000,18.516,18.516,-14863500,169,0,0,0
00979,2025-12-08,,,,,,,0,,,,,2025-12-04,455101709,1356308176,33.5544,33.5544,-55399010,169,0,0,0
02177,2025-12-08,,,,,,,0,,,,,2025-12-04,95746010,165894700,57.7149,57.7149,217000,169,0.5,0,0
00227,2025-12-08,,,,,,,0,,,,,2025-12-04,645889403,2190679905,29.4835,29.4835,-15646479,169,0.5,0,0
02608,2025-12-09,,,,,,,0,,,,,2025-12-05,2140796261,2550811477,83.9261,83.9261,-156122429,170,0,0,0
00339,2025-12-09,,,,,,,0,,,,,2025-12-05,281626295,432000000,65.1913,65.1913,49049545,170,1,0,0
01889,2025-12-09,,,,,,,0,,,,,2025-12-05,99627969,152898695,65.1595,65.1595,1004700,170,0.5,0,0
01633,2025-12-09,,,,,,,0,,,,,2025-12-05,129723000,684750000,18.9446,18.9446,156000,170,0.5,0,0
02227,2025-12-09,,,,,,,0,,,,,2025-12-05,831555120,915600000,90.8208,90.8208,2486000,170,0.5,0,0
08481,2025-12-09,,,,,,,0,,,,,2025-12-05,242290000,405170000,59.7996,59.7996,1180000,170,0.5,0,0
02129,2025-12-09,,,,,,,0,,,,,2025-12-05,221179198,1250000000,17.6943,17.6943,3739198,170,0.5,0,0
01153,2025-12-09,,,,,,,0,,,,,2025-12-05,571386690,672209000,85.0013,85.0013,7945324,170,1,0,0
02189,2025-12-09,,,,,,,0,,,,,2025-12-05,902733922,1000000000,90.2734,90.2734,60958,170,0.5,0,0
01823,2025-12-09,,,,,,,0,,,,,2025-12-05,79243103,471108000,16.8206,16.8206,216000,170,0.5,0,0
02427,2025-12-09,,,,,,,0,,,,,2025-12-05,853590699,950000000,89.8517,89.8517,-31582500,170,0,0,0
00672,2025-12-09,,,,,,,0,,,,,2025-12-05,4797081061,5635809800,85.1179,85.1179,-100901548,170,0,0,0
08186,2025-12-10,,,,,,,0,,,,,2025-12-08,31960161,113868640,28.0676,28.0676,-3245697,171,0,0,0
08096,2025-12-10,,,,,,,0,,,,,2025-12-08,158054550,481250000,32.8425,32.8425,792500,171,0.5,0,0
08117,2025-12-10,,,,,,,0,,,,,2025-12-08,694710411,1023987439,67.8436,67.8436,-13111413,171,0,0,0
01025,2025-12-10,,,,,,,0,,,,,2025-12-08,157541456,447367440,35.2152,35.2152,125177040,171,1,0,0
08637,2025-12-10,,,,,,,0,,,,,2025-12-08,53728288,149702000,35.8902,35.8902,20300290,171,1,0,0
01545,2025-12-10,,,,,,,0,,,,,2025-12-08,398890000,2000000000,19.9445,19.9445,9370000,171,0.5,0,0
02263,2025-12-10,,,,,,,0,,,,,2025-12-08,221790000,1000000000,22.179,22.179,8330000,171,0.5,0,0
00254,2025-12-10,,,,,,,0,,,,,2025-12-08,185542664,675762840,27.4568,27.4568,-1627448659,171,0,0,0
02389,2025-12-10,,,,,,,0,,,,,2025-12-08,4274877745,6058772027,70.5568,70.5568,-108201000,171,0,0,0
00301,2025-12-10,,,,,,,0,,,,,2025-12-08,408655630,470459740,86.863,86.863,-18496510,171,0,0,0
03623,2025-12-10,,,,,,,0,,,,,2025-12-08,513999300,630663336,81.5014,81.5014,60438000,171,1,0,0
00848,2025-12-10,,,,,,,0,,,,,2025-12-08,4789625297,5140326000,93.1775,93.1775,-9845351,171,0.5,0,0
06828,2025-12-10,,,,,,,0,,,,,2025-12-08,4341640422,22736114715,19.0958,19.0958,255964726,171,1,0,0
08280,2025-12-11,,,,,,,0,,,,,2025-12-09,507762000,630332000,80.5547,80.5547,1482000,172,0.5,0,0
08186,2025-12-11,,,,,,,0,,,,,2025-12-09,31980161,113868640,28.0851,28.0851,-3225697,172,0,0,0
02135,2025-12-11,,,,,,,0,,,,,2025-12-09,449779887,557077333,80.7392,80.7392,-2054417,172,0.5,0,0
01894,2025-12-12,,,,,,,0,,,,,2025-12-10,656165000,233357000,,281.1851,58364900,173,,1,0
08275,2025-12-12,,,,,,,0,,,,,2025-12-10,605840406,959985543,63.1093,63.1093,23215549,173,1,0,0
08360,2025-12-12,,,,,,,0,,,,,2025-12-10,261824800,362059714,72.3154,72.3154,19736000,173,1,0,0
00653,2025-12-12,,,,,,,0,,,,,2025-12-10,1497408927,1874878065,79.867,79.867,1142509297,173,1,0,0
01831,2025-12-12,,,,,,,0,,,,,2025-12-10,302831381,1075449549,28.1586,28.1586,-4400185,173,0.5,0,0
08311,2025-12-12,,,,,,,0,,,,,2025-12-10,475267314,1483687151,32.0329,32.0329,1685555,173,0.5,0,0
00343,2025-12-12,,,,,,,0,,,,,2025-12-10,891719243,1734075788,51.4233,51.4233,-9997926,173,0.5,0,0
00721,2025-12-12,,,,,,,0,,,,,2025-12-10,7018076903,2194326806,,319.8282,718196000,173,,1,0
01020,2025-12-12,,,,,,,0,,,,,2025-12-10,2869327400,5983182005,47.9565,47.9565,-18316100,173,0.5,0,0
00428,2025-12-15,,,,,,,0,,,,,2025-12-11,100986750,154258237,65.466,65.466,35648793,174,1,0,0
08113,2025-12-15,,,,,,,0,,,,,2025-12-11,49221950,196117411,25.0982,25.0982,-439890231,174,0,0,0
01591,2025-12-15,,,,,,,0,,,,,2025-12-11,136511499,533333333,25.5959,25.5959,3274000,174,0.5,0,0
00745,2025-12-15,,,,,,,0,,,,,2025-12-11,186549557,234366456,79.5974,79.5974,7016825,174,1,0,0
01949,2025-12-15,,,,,,,0,,,,,2025-12-11,134639505,230400000,,58.4373,-329768520,174,,1,0
01792,2025-12-15,,,,,,,0,,,,,2025-12-11,1295920425,247680000,,523.2237,133886539,174,,1,0
00556,2025-12-15,,,,,,,0,,,,,2025-12-11,915107500,1004820842,91.0717,91.0717,-6450000,174,0.5,0,0
02205,2025-12-15,,,,,,,0,,,,,2025-12-11,195674000,700000000,27.9534,27.9534,539000,174,0.5,0,0
00334,2025-12-15,,,,,,,0,,,,,2025-12-11,1091585542,2114307929,51.6285,51.6285,-3647634,174,0.5,0,0
02728,2025-12-16,,,,,,,0,,,,,2025-12-12,2934810975,4455020888,65.8765,65.8765,-66758137,175,0,0,0
08646,2025-12-16,,,,,,,0,,,,,2025-12-12,194345000,782990000,24.8209,24.8209,73080000,175,1,0,0
03601,2025-12-16,,,,,,,0,,,,,2025-12-12,209870066,269000000,78.0186,78.0186,-1549000,175,0.5,0,0
01650,2025-12-16,,,,,,,0,,,,,2025-12-12,333852400,2000000000,16.6926,16.6926,13092000,175,0.5,0,0
01460,2025-12-16,,,,,,,0,,,,,2025-12-12,616573488,877590312,70.2576,70.2576,11173200,175,1,0,0
00037,2025-12-16,,,,,,,0,,,,,2025-12-12,367047628,752529810,48.7752,48.7752,-8409009,175,0,0,0
01909,2025-12-16,,,,,,,0,,,,,2025-12-12,131391620,242821041,54.1105,54.1105,-66124,175,0.5,0,0
02205,2025-12-16,,,,,,,0,,,,,2025-12-12,195826000,700000000,27.9751,27.9751,691000,175,0.5,0,0
01790,2025-12-16,,,,,,,0,,,,,2025-12-12,242540000,1000000000,24.254,24.254,-75000,175,0.5,0,0
01596,2025-12-16,,,,,,,0,,,,,2025-12-12,140384000,897840000,15.6357,15.6357,-51740474,175,0,0,0
09919,2025-12-16,,,,,,,0,,,,,2025-12-12,618601939,744218000,83.1211,83.1211,142252785,175,1,0,0
00279,2025-12-16,,,,,,,0,,,,,2025-12-12,1154394360,1395527300,82.721,82.721,-19057741570,175,0,0,0
08446,2025-12-17,,,,,,,0,,,,,2025-12-15,595029921,56255273,,1057.7318,-9334780,176,,1,0
01803,2025-12-17,,,,,,,0,,,,,2025-12-15,1134135500,168961900,,671.2374,25862408,176,,1,0
00907,2025-12-17,,,,,,,0,,,,,2025-12-15,604954375,872863684,69.3069,69.3069,-23351157,176,0,0,0
00076,2025-12-17,,,,,,,0,,,,,2025-12-15,279008421,444404073,62.7826,62.7826,36625460,176,1,0,0
09958,2025-12-17,,,,,,,0,,,,,2025-12-15,131800710,500000000,26.3601,26.3601,-29464200,176,0,0,0
02203,2025-12-17,,,,,,,0,,,,,2025-12-15,719570524,800000000,89.9463,89.9463,3539500,176,0.5,0,0
02168,2025-12-17,,,,,,,0,,,,,2025-12-15,145038033,154110000,94.1133,94.1133,-220660,176,0.5,0,0
06909,2025-12-17,,,,,,,0,,,,,2025-12-15,604788306,622500000,97.1547,97.1547,-603338,176,0.5,0,0
00736,2025-12-17,,,,,,,0,,,,,2025-12-15,152223009,320599606,47.4807,47.4807,-28678697,176,0,0,0
06038,2025-12-17,,,,,,,0,,,,,2025-12-15,181660002,1003000000,18.1117,18.1117,4290002,176,0.5,0,0
01529,2025-12-17,,,,,,,0,,,,,2025-12-15,439180005,667080000,65.8362,65.8362,359515200,176,1,0,0
00582,2025-12-17,,,,,,,0,,,,,2025-12-15,2611293390,3651481386,71.5133,71.5133,1693073303,176,1,0,0
01233,2025-12-17,,,,,,,0,,,,,2025-12-15,1823919078,2996092775,60.8766,60.8766,-33821552,176,0,0,0
00367,2025-12-17,,,,,,,0,,,,,2025-12-15,381103952,1672553104,22.7858,22.7858,1632599,176,0.5,0,0
02540,2025-12-17,,,,,,,0,,,,,2025-12-15,101129100,600000000,16.8548,16.8548,4532500,176,0.5,0,0
08429,2025-12-18,,,,,,,0,,,,,2025-12-16,376840000,480000000,78.5083,78.5083,-100000,177,0.5,0,0
01842,2025-12-18,,,,,,,0,,,,,2025-12-16,578290000,1440000000,40.159,40.159,-12256000,177,0.5,0,0
00465,2025-12-18,,,,,,,0,,,,,2025-12-16,79115000,315086000,25.109,25.109,502000,177,0.5,0,0
09963,2025-12-18,,,,,,,0,,,,,2025-12-16,21426000,387343000,5.5315,5.5315,-4498920,177,0,0,0
02101,2025-12-18,,,,,,,0,,,,,2025-12-16,162625935,406020887,40.0536,40.0536,-1109903,177,0.5,0,0
01473,2025-12-18,,,,,,,0,,,,,2025-12-16,1040597100,1182441289,88.0041,88.0041,134199000,177,1,0,0
02120,2025-12-18,,,,,,,0,,,,,2025-12-16,16367752,70399100,23.2499,23.2499,207050,177,0.5,0,0
08221,2025-12-19,,,,,,,0,,,,,2025-12-17,36290000,47600000,76.2395,76.2395,-1879840000,178,0,0,0
08007,2025-12-19,,,,,,,0,,,,,2025-12-17,168442971,226317429,74.4278,74.4278,-172252354,178,0,0,0
08081,2025-12-19,,,,,,,0,,,,,2025-12-17,3851238801,5156035108,74.6938,74.6938,316736321,178,1,0,0
01850,2025-12-19,,,,,,,0,,,,,2025-12-17,124966753,172800000,72.3187,72.3187,16338076,178,1,0,0
02370,2025-12-19,,,,,,,0,,,,,2025-12-17,186212153,200000000,93.1061,93.1061,-2340000,178,0,0,0
08368,2025-12-19,,,,,,,0,,,,,2025-12-17,248279757,692217719,35.8673,35.8673,56689698,178,1,0,0
00328,2025-12-19,,,,,,,0,,,,,2025-12-17,49932210,286392150,17.4349,17.4349,-22901945,178,0,0,0
00244,2025-12-19,,,,,,,0,,,,,2025-12-17,1199161912,1313962560,91.263,91.263,6805612,178,0.5,0,0
02298,2025-12-19,,,,,,,0,,,,,2025-12-17,2004892896,2249457213,89.1279,89.1279,-7902777,178,0.5,0,0
00711,2025-12-19,,,,,,,0,,,,,2025-12-17,1446822761,1842911704,78.5074,78.5074,42055250,178,1,0,0
00805,2025-12-19,,,,,,,0,,,,,2025-12-17,291424500,960000000,30.3567,30.3567,74698000,178,1,0,0
08019,2025-12-22,,,,,,,0,,,,,2025-12-18,230585211,356072058,64.758,64.758,17277488,179,1,0,0
01546,2025-12-22,,,,,,,0,,,,,2025-12-18,169002000,800000000,21.1252,21.1252,-2384000,179,0.5,0,0
08489,2025-12-22,,,,,,,0,,,,,2025-12-18,58872150,307575000,19.1407,19.1407,3155000,179,1,0,0
08081,2025-12-22,,,,,,,0,,,,,2025-12-18,3851368801,5156035108,74.6963,74.6963,316866321,179,1,0,0
02324,2025-12-22,,,,,,,0,,,,,2025-12-18,237231826,900256498,,26.3516,-3616884,179,,1,0
00747,2025-12-22,,,,,,,0,,,,,2025-12-18,337215340,1469376000,22.9496,22.9496,20149600,179,1,0,0
08426,2025-12-22,,,,,,,0,,,,,2025-12-18,183098000,800000000,22.8873,22.8873,70000,179,0.5,0,0
02250,2025-12-22,,,,,,,0,,,,,2025-12-18,473466501,1008355000,46.9543,46.9543,92949501,179,1,0,0
00339,2025-12-23,,,,,,,0,,,,,2025-12-19,280396295,432000000,64.9065,64.9065,47819545,180,1,0,0
01749,2025-12-23,,,,,,,0,,,,,2025-12-19,22349997,133400000,16.7541,16.7541,-982000,180,0.5,0,0
01166,2025-12-23,,,,,,,0,,,,,2025-12-19,105601230,142466617,74.1235,74.1235,-3092173,180,0,0,0
00310,2025-12-23,,,,,,,0,,,,,2025-12-19,574774399,621132020,92.5366,92.5366,494961900,180,1,0,0
06918,2025-12-23,,,,,,,0,,,,,2025-12-19,515313125,874386800,58.9342,58.9342,118880800,180,1,0,0
00841,2025-12-23,,,,,,,0,,,,,2025-12-19,188040800,584726715,32.1587,32.1587,-292000,180,0.5,0,0
01985,2025-12-23,,,,,,,0,,,,,2025-12-19,242710400,306374000,79.2203,79.2203,7385500,180,1,0,0
08107,2025-12-23,,,,,,,0,,,,,2025-12-19,1257880000,1373145000,91.6058,91.6058,-9665000,180,0.5,0,0
01290,2025-12-23,,,,,,,0,,,,,2025-12-19,1028161200,1090335000,94.2977,94.2977,7176000,180,0.5,0,0
00128,2025-12-23,,,,,,,0,,,,,2025-12-19,1039842996,1650658676,62.9956,62.9956,6719564,180,0.5,0,0
01608,2025-12-23,,,,,,,0,,,,,2025-12-19,6136969299,6683150524,91.8275,91.8275,28803609,180,0.5,0,0
08293,2025-12-24,,,,,,,0,,,,,2025-12-22,169270558,215040093,78.7158,78.7158,-7734760,181,0,0,0
01722,2025-12-24,,,,,,,0,,,,,2025-12-22,309110000,1100000000,28.1009,28.1009,-1850000,181,0.5,0,0
00869,2025-12-24,,,,,,,0,,,,,2025-12-22,406268796,1135000000,35.7946,35.7946,-13847001,181,0,0,0
00228,2025-12-24,,,,,,,0,,,,,2025-12-22,90940387,456200400,19.9343,19.9343,-3646472935,181,0,0,0
02415,2025-12-24,,,,,,,0,,,,,2025-12-22,390941440,607170950,64.3874,64.3874,-2450750,181,0.5,0,0
00698,2025-12-24,,,,,,,0,,,,,2025-12-22,72243125,194712152,37.1025,37.1025,-6860485692,181,0,0,0
08487,2025-12-29,,,,,,,0,,,,,2025-12-23,717965136,1046628000,68.5979,68.5979,-48954360,182,0,0,0
00197,2025-12-29,,,,,,,0,,,,,2025-12-23,144468813,209210453,69.0543,69.0543,16394125,182,1,0,0
00204,2025-12-29,,,,,,,0,,,,,2025-12-23,106351847,249055128,42.7021,42.7021,-584779499,182,0,0,0
01162,2025-12-29,,,,,,,0,,,,,2025-12-23,166651020,600000000,27.7752,27.7752,1384000,182,0.5,0,0
08509,2025-12-29,,,,,,,0,,,,,2025-12-23,377790000,400000000,94.4475,94.4475,-1450000,182,0.5,0,0
02221,2025-12-29,,,,,,,0,,,,,2025-12-23,145087084,229303213,63.273,63.273,-1115540766,182,0,0,0
00630,2025-12-29,,,,,,,0,,,,,2025-12-23,739011776,967551792,76.3796,76.3796,1910854,182,0.5,0,0
02381,2025-12-29,,,,,,,0,,,,,2025-12-23,1851840000,2000000000,92.592,92.592,-11020000,182,0.5,0,0
00583,2025-12-29,,,,,,,0,,,,,2025-12-23,626194506,1567745596,39.9424,39.9424,147619,182,0.5,0,0
08375,2025-12-29,,,,,,,0,,,,,2025-12-23,42518230,345600000,12.3027,12.3027,-14580854,182,0,0,0
00021,2025-12-29,,,,,,,0,,,,,2025-12-23,1042223237,3975233406,26.2179,26.2179,-13958314,182,0.5,0,0
06908,2025-12-29,,,,,,,0,,,,,2025-12-23,714311352,1171854481,60.9556,60.9556,13669763,182,1,0,0
02298,2025-12-29,,,,,,,0,,,,,2025-12-23,2005808896,2249457213,89.1686,89.1686,-6986777,182,0.5,0,0
01569,2025-12-29,,,,,,,0,,,,,2025-12-23,1729958035,4217720000,41.0164,41.0164,36399801,182,0.5,0,0
01116,2025-12-29,,,,,,,0,,,,,2025-12-23,1022302050,2158000000,47.3727,47.3727,2166000,182,0.5,0,0
06828,2025-12-29,,,,,,,0,,,,,2025-12-23,4348344422,22736114715,19.1253,19.1253,262668726,182,1,0,0
00210,2025-12-29,,,,,,,0,,,,,2025-12-23,1053544428,1978598429,53.247,53.247,10659779,182,0.5,0,0
08072,2025-12-30,,,,,,,0,,,,,2025-12-24,147659877,168349134,87.7105,87.7105,35370924,183,1,0,0
08500,2025-12-30,,,,,,,0,,,,,2025-12-24,354053000,432000000,81.9567,81.9567,128968000,183,1,0,0
00310,2025-12-30,,,,,,,0,,,,,2025-12-24,574774399,621132020,92.5366,92.5366,494961900,183,1,0,0
00928,2025-12-30,,,,,,,0,,,,,2025-12-24,1556899267,1850425060,84.1374,84.1374,165117726,183,1,0,0
00021,2025-12-30,,,,,,,0,,,,,2025-12-24,1042223237,3975233406,26.2179,26.2179,-13958314,183,0.5,0,0
00776,2025-12-30,,,,,,,0,,,,,2025-12-24,352417237,671837550,52.4557,52.4557,48402549,183,1,0,0
02392,2025-12-30,,,,,,,0,,,,,2025-12-24,301352440,554859000,54.3115,54.3115,-42938100,183,0,0,0
00640,2025-12-30,,,,,,,0,,,,,2025-12-24,83399762,310245538,26.8819,26.8819,-110275766,183,0,0,0
06828,2025-12-30,,,,,,,0,,,,,2025-12-24,4348344422,22736114715,19.1253,19.1253,262668726,183,1,0,0
01483,2025-12-30,,,,,,,0,,,,,2025-12-24,667786000,819450000,81.492,81.492,-41934000,183,0,0,0
00426,2025-12-31,,,,,,,0,,,,,2025-12-24,73759521,400900000,18.3985,18.3985,904000,183,0.5,0,0
01107,2025-12-31,,,,,,,0,,,,,2025-12-24,737437240,2794994650,26.3842,26.3842,-15647380,183,0.5,0,0
00092,2025-12-31,,,,,,,0,,,,,2025-12-24,758605488,1097614848,69.114,69.114,28566929,183,1,0,0
06928,2025-12-31,,,,,,,0,,,,,2025-12-24,125472762,765000000,16.4017,16.4017,12873262,183,1,0,0
00679,2025-12-31,,,,,,,0,,,,,2025-12-24,101241848,378733400,26.7317,26.7317,-1121000,183,0.5,0,0
00893,2026-01-02,,,,,,,0,,,,,2025-12-24,1066595909,2249015410,47.425,47.425,12309000,183,0.5,0,0
02515,2026-01-02,,,,,,,0,,,,,2025-12-24,199201749,310742749,64.105,64.105,166406749,183,1,0,0
01945,2026-01-02,,,,,,,0,,,,,2025-12-24,108390041,294030400,36.8635,36.8635,4783600,183,1,0,0
00854,2026-01-02,,,,,,,0,,,,,2025-12-24,20234300,102989049,19.647,19.647,4510280,183,1,0,0
02530,2026-01-02,,,,,,,0,,,,,2025-12-24,226291500,1000000000,22.6292,22.6292,8168000,183,0.5,0,0
00191,2026-01-02,,,,,,,0,,,,,2025-12-24,457971101,883373901,51.8434,51.8434,8740733,183,0.5,0,0
01278,2026-01-02,,,,,,,0,,,,,2025-12-24,3124386587,9726246417,32.1233,32.1233,18581408,183,0.5,0,0
01725,2026-01-02,,,,,,,0,,,,,2025-12-24,375356742,818410000,45.8641,45.8641,39736110,183,1,0,0
00488,2026-01-02,,,,,,,0,,,,,2025-12-24,802844075,1453328830,55.2417,55.2417,5055990,183,0.5,0,0
02516,2026-01-02,,,,,,,0,,,,,2025-12-24,637912661,936000000,68.1531,68.1531,87084800,183,1,0,0
08341,2026-01-05,,,,,,,0,,,,,2025-12-24,54824500,240000000,22.8435,22.8435,-999000,183,0.5,0,0
00048,2026-01-05,,,,,,,0,,,,,2025-12-24,96420376,437787760,22.0245,22.0245,-1910408,183,0.5,0,0
02178,2026-01-05,,,,,,,0,,,,,2025-12-24,1115501134,1726674682,64.604,64.604,-5076763,183,0.5,0,0
00312,2026-01-05,,,,,,,0,,,,,2025-12-24,2318889397,2495000000,92.9415,92.9415,12530000,183,0.5,0,0
00865,2026-01-05,,,,,,,0,,,,,2025-12-24,2282984924,5837989696,39.1057,39.1057,70430133,183,1,0,0
03313,2026-01-05,,,,,,,0,,,,,2025-12-24,898326672,142210462,,631.6882,217556513,183,,1,0
01538,2026-01-05,,,,,,,0,,,,,2025-12-24,765155204,854550000,89.539,89.539,4488000,183,0.5,0,0
00970,2026-01-05,,,,,,,0,,,,,2025-12-24,177348456,675362170,26.2598,26.2598,46061435,183,1,0,0
00248,2026-01-05,,,,,,,0,,,,,2025-12-24,298912083,233499610,,128.014,3939671,183,,1,0
00022,2026-01-05,,,,,,,0,,,,,2025-12-24,1722481140,39327757,,4379.8103,42508445,183,,1,0
00943,2026-01-05,,,,,,,0,,,,,2025-12-24,244360909,2060601229,11.8587,11.8587,-3403109287,183,0,0,0
01667,2026-01-05,,,,,,,0,,,,,2025-12-24,654573000,960000000,68.1847,68.1847,-440000,183,0.5,0,0
01612,2026-01-05,,,,,,,0,,,,,2025-12-24,198830719,660098832,30.1214,30.1214,9944065,183,1,0,0
02187,2026-01-05,,,,,,,0,,,,,2025-12-24,261808242,897600000,29.1676,29.1676,473107,183,0.5,0,0
08456,2026-01-06,,,,,,,0,,,,,2025-12-24,118238075,132202950,89.4368,89.4368,100716563,183,1,0,0
01421,2026-01-06,,,,,,,0,,,,,2025-12-24,107061250,200195200,53.4784,53.4784,5522825,183,1,0,0
00048,2026-01-06,,,,,,,0,,,,,2025-12-24,96420376,437787760,22.0245,22.0245,-1910408,183,0.5,0,0
08158,2026-01-06,,,,,,,0,,,,,2025-12-24,189363398,304252480,62.2389,62.2389,-3804218,183,0,0,0
00164,2026-01-06,,,,,,,0,,,,,2025-12-24,238037476,349262723,68.1543,68.1543,180978436,183,1,0,0
01429,2026-01-06,,,,,,,0,,,,,2025-12-24,282785808,1600000000,17.6741,17.6741,-3488000,183,0.5,0,0
00605,2026-01-06,,,,,,,0,,,,,2025-12-24,137527857,209160067,65.7524,65.7524,3263599,183,1,0,0
01182,2026-01-06,,,,,,,0,,,,,2025-12-24,92997122,340814567,27.2867,27.2867,1782528,183,0.5,0,0
03366,2026-01-06,,,,,,,0,,,,,2025-12-24,146231869,748366000,19.5402,19.5402,4322000,183,0.5,0,0
00042,2026-01-06,,,,,,,0,,,,,2025-12-24,146688850,873370000,16.7957,16.7957,262000,183,0.5,0,0
01613,2026-01-06,,,,,,,0,,,,,2025-12-24,215944923,1535864491,14.0602,14.0602,13680019,183,0.5,0,0
02393,2026-01-06,,,,,,,0,,,,,2025-12-24,1538636725,2331590000,65.9909,65.9909,-8679900,183,0.5,0,0
01159,2026-01-06,,,,,,,0,,,,,2025-12-24,89965710,141856479,63.4202,63.4202,46419952,183,1,0,0
01680,2026-01-06,,,,,,,0,,,,,2025-12-24,466944195,930178068,50.1994,50.1994,-4234229242,183,0,0,0
01778,2026-01-06,,,,,,,0,,,,,2025-12-24,1174740524,1859407192,63.1782,63.1782,-24592208,183,0,0,0
01148,2026-01-06,,,,,,,0,,,,,2025-12-24,312012325,1282211794,24.3339,24.3339,-1034735,183,0.5,0,0
08321,2026-01-06,,,,,,,0,,,,,2025-12-24,178304200,536400000,33.2409,33.2409,12634000,183,1,0,0
02187,2026-01-06,,,,,,,0,,,,,2025-12-24,261808242,897600000,29.1676,29.1676,473107,183,0.5,0,0
00160,2026-01-06,,,,,,,0,,,,,2025-12-24,615718967,720429301,85.4656,85.4656,18565613,183,1,0,0
01903,2026-01-06,,,,,,,0,,,,,2025-12-24,221614000,500000000,44.3228,44.3228,80979760,183,1,0,0
00554,2026-01-06,,,,,,,0,,,,,2025-12-24,4112950512,4387333078,93.746,93.746,143851667,183,1,0,0
01421,2026-01-07,,,,,,,0,,,,,2025-12-24,107061250,200195200,53.4784,53.4784,5522825,183,1,0,0
00309,2026-01-07,,,,,,,0,,,,,2025-12-24,1234641290,52101744,,2369.6736,-10669000,183,,1,0
01617,2026-01-07,,,,,,,0,,,,,2025-12-24,1220045461,1626240000,75.0225,75.0225,-66265401,183,0,0,0
01738,2026-01-07,,,,,,,0,,,,,2025-12-24,1114277709,1380545800,80.7128,80.7128,-17513112,183,0,0,0
01079,2026-01-07,,,,,,,0,,,,,2025-12-24,1168892236,2140052608,54.6198,54.6198,124351093,183,1,0,0
08315,2026-01-08,,,,,,,0,,,,,2025-12-24,485785455,581442248,83.5484,83.5484,1770234,183,0.5,0,0
01707,2026-01-08,,,,,,,0,,,,,2025-12-24,1581064000,1680000000,94.111,94.111,-7864000,183,0.5,0,0
01663,2026-01-08,,,,,,,0,,,,,2025-12-24,1070617670,2464000000,43.4504,43.4504,-58274610,183,0,0,0
08028,2026-01-08,,,,,,,0,,,,,2025-12-24,273805709,505932270,54.119,54.119,68361269,183,1,0,0
02371,2026-01-08,,,,,,,0,,,,,2025-12-24,4690730937,688378950,,681.417,143610718,183,,1,0
01420,2026-01-08,,,,,,,0,,,,,2025-12-24,1126224200,1342651200,83.8806,83.8806,18884000,183,1,0,0
01831,2026-01-08,,,,,,,0,,,,,2025-12-24,307153541,1075449549,28.5605,28.5605,-78025,183,0.5,0,0
00851,2026-01-08,,,,,,,0,,,,,2025-12-24,210005017,881970541,23.8109,23.8109,-71660,183,0.5,0,0
01955,2026-01-08,,,,,,,0,,,,,2025-12-24,490812000,500000000,98.1624,98.1624,540000,183,0.5,0,0
01826,2026-01-08,,,,,,,0,,,,,2025-12-24,871180000,2397600000,36.3355,36.3355,426960000,183,1,0,0
01643,2026-01-08,,,,,,,0,,,,,2025-12-24,223126901,720000000,30.9898,30.9898,-19557000,183,0,0,0
00582,2026-01-08,,,,,,,0,,,,,2025-12-24,2620128584,3651481386,71.7552,71.7552,1701908497,183,1,0,0
00301,2026-01-08,,,,,,,0,,,,,2025-12-24,407139630,470459740,86.5408,86.5408,-20012510,183,0,0,0
00212,2026-01-08,,,,,,,0,,,,,2025-12-24,23346893,33967738,68.7326,68.7326,-554989,183,0,0,0
08136,2026-01-09,,,,,,,0,,,,,2025-12-24,391110000,1000000000,39.111,39.111,-6030000,183,0.5,0,0
00076,2026-01-09,,,,,,,0,,,,,2025-12-24,257769975,444404073,58.0035,58.0035,15387014,183,1,0,0
01718,2026-01-09,,,,,,,0,,,,,2025-12-24,195580770,304120000,64.3104,64.3104,119755500,183,1,0,0
01707,2026-01-09,,,,,,,0,,,,,2025-12-24,1581064000,1680000000,94.111,94.111,-7864000,183,0.5,0,0
08275,2026-01-09,,,,,,,0,,,,,2025-12-24,747430381,959985543,77.8585,77.8585,164805524,183,1,0,0
02324,2026-01-09,,,,,,,0,,,,,2025-12-24,237181826,900256498,,26.346,-3666884,183,,1,0
08368,2026-01-09,,,,,,,0,,,,,2025-12-24,248089757,692217719,35.8398,35.8398,56499698,183,1,0,0
00924,2026-01-09,,,,,,,0,,,,,2025-12-24,933488000,1000000000,93.3488,93.3488,-4064000,183,0.5,0,0
02129,2026-01-09,,,,,,,0,,,,,2025-12-24,225599198,1250000000,18.0479,18.0479,8159198,183,0.5,0,0
08637,2026-01-09,,,,,,,0,,,,,2025-12-24,53520278,149702000,35.7512,35.7512,20092280,183,1,0,0
02321,2026-01-09,,,,,,,0,,,,,2025-12-24,254473070,1000150000,25.4435,25.4435,5032000,183,0.5,0,0
00149,2026-01-09,,,,,,,0,,,,,2025-12-24,8110615638,9953067822,81.4886,81.4886,159085421,183,1,0,0
00627,2026-01-09,,,,,,,0,,,,,2025-12-24,340260360,1420673262,23.9506,23.9506,-9757628,183,0.5,0,0
00704,2026-01-12,,,,,,,0,,,,,2025-12-24,226947994,290373235,78.1573,78.1573,4820508,183,1,0,0
00899,2026-01-12,,,,,,,0,,,,,2025-12-24,114468483,445159008,25.7141,25.7141,-801580330,183,0,0,0
08360,2026-01-12,,,,,,,0,,,,,2025-12-24,261584400,362059714,72.249,72.249,19495600,183,1,0,0
01156,2026-01-12,,,,,,,0,,,,,2025-12-24,415447383,707710677,58.703,58.703,3307850,183,0.5,0,0
01710,2026-01-12,,,,,,,0,,,,,2025-12-24,152160000,1000000000,15.216,15.216,-18464000,183,0,0,0
01419,2026-01-12,,,,,,,0,,,,,2025-12-24,92680174,379552233,24.4183,24.4183,-4826000,183,0,0,0
01831,2026-01-12,,,,,,,0,,,,,2025-12-24,307153541,1075449549,28.5605,28.5605,-78025,183,0.5,0,0
00381,2026-01-12,,,,,,,0,,,,,2025-12-24,348133887,1330424526,26.1671,26.1671,77365475,183,1,0,0
06830,2026-01-12,,,,,,,0,,,,,2025-12-24,297396370,1769193800,16.8097,16.8097,-7894600,183,0.5,0,0
02189,2026-01-12,,,,,,,0,,,,,2025-12-24,902818463,1000000000,90.2818,90.2818,145499,183,0.5,0,0
01960,2026-01-12,,,,,,,0,,,,,2025-12-24,336645000,1000000000,33.6645,33.6645,-900000,183,0.5,0,0
00994,2026-01-12,,,,,,,0,,,,,2025-12-24,897336510,1291006000,69.5068,69.5068,185049000,183,1,0,0
02321,2026-01-12,,,,,,,0,,,,,2025-12-24,254473070,1000150000,25.4435,25.4435,5032000,183,0.5,0,0
01473,2026-01-12,,,,,,,0,,,,,2025-12-24,1041589100,1182441289,88.088,88.088,135191000,183,1,0,0
02136,2026-01-12,,,,,,,0,,,,,2025-12-24,1012584830,1464448500,69.1444,69.1444,2242000,183,0.5,0,0
00210,2026-01-12,,,,,,,0,,,,,2025-12-24,1053544428,1978598429,53.247,53.247,10659779,183,0.5,0,0
00202,2026-01-12,,,,,,,0,,,,,2025-12-24,3968157278,7294369363,54.4003,54.4003,47240500,183,0.5,0,0
01315,2026-01-13,,,,,,,0,,,,,2025-12-24,337124382,621876317,54.2108,54.2108,-9415775,183,0,0,0
00704,2026-01-13,,,,,,,0,,,,,2025-12-24,226947994,290373235,78.1573,78.1573,4820508,183,1,0,0
01889,2026-01-13,,,,,,,0,,,,,2025-12-24,99647269,152898695,65.1721,65.1721,1024000,183,0.5,0,0
08187,2026-01-13,,,,,,,0,,,,,2025-12-24,117342373,151683840,77.3598,77.3598,-17147739,183,0,0,0
01173,2026-01-13,,,,,,,0,,,,,2025-12-24,512427332,2518001334,20.3506,20.3506,547968,183,0.5,0,0
08163,2026-01-13,,,,,,,0,,,,,2025-12-24,730565248,1025255612,71.2569,71.2569,262017366,183,1,0,0
08627,2026-01-13,,,,,,,0,,,,,2025-12-24,214728000,800000000,26.841,26.841,840000,183,0.5,0,0
08275,2026-01-13,,,,,,,0,,,,,2025-12-24,747430381,959985543,77.8585,77.8585,164805524,183,1,0,0
01741,2026-01-13,,,,,,,0,,,,,2025-12-24,371581000,800000000,46.4476,46.4476,14524000,183,1,0,0
02227,2026-01-13,,,,,,,0,,,,,2025-12-24,830295120,915600000,90.6832,90.6832,1226000,183,0.5,0,0
01953,2026-01-13,,,,,,,0,,,,,2025-12-24,1157544582,1260000000,91.8686,91.8686,-15705000,183,0,0,0
01962,2026-01-13,,,,,,,0,,,,,2025-12-24,602132693,616136000,97.7272,97.7272,-4427803,183,0.5,0,0
00858,2026-01-13,,,,,,,0,,,,,2025-12-24,1272969549,2900000000,43.8955,43.8955,-25230000,183,0.5,0,0
01073,2026-01-13,,,,,,,0,,,,,2025-12-24,2909961881,3417990570,85.1366,85.1366,995708784,183,1,0,0
08395,2026-01-13,,,,,,,0,,,,,2025-12-24,521631912,1714000000,30.4336,30.4336,-614678088,183,0,0,0
08403,2026-01-13,,,,,,,0,,,,,2025-12-24,146888120,169200000,86.8133,86.8133,30552120,183,1,0,0
03389,2026-01-13,,,,,,,0,,,,,2025-12-24,4058899560,4404018959,92.1635,92.1635,750293424,183,1,0,0
00994,2026-01-13,,,,,,,0,,,,,2025-12-24,897336510,1291006000,69.5068,69.5068,185049000,183,1,0,0
00488,2026-01-13,,,,,,,0,,,,,2025-12-24,802844075,1453328830,55.2417,55.2417,5055990,183,0.5,0,0
01141,2026-01-13,,,,,,,0,,,,,2025-12-24,374033152,1096968693,34.097,34.097,-2954897,183,0.5,0,0
08069,2026-01-14,,,,,,,0,,,,,2025-12-24,459780000,40835700,,1125.9266,2475000,183,,1,0
08226,2026-01-14,,,,,,,0,,,,,2025-12-24,341290596,417503991,81.7455,81.7455,-18898000,183,0,0,0
01591,2026-01-14,,,,,,,0,,,,,2025-12-24,137381529,533333333,25.759,25.759,4144030,183,0.5,0,0
08163,2026-01-14,,,,,,,0,,,,,2025-12-24,730565248,1025255612,71.2569,71.2569,262017366,183,1,0,0
02211,2026-01-14,,,,,,,0,,,,,2025-12-24,24845754,110546218,22.4754,22.4754,-188364205,183,0,0,0
03639,2026-01-14,,,,,,,0,,,,,2025-12-24,2231373751,2583970000,86.3545,86.3545,-5332000,183,0.5,0,0
01552,2026-01-14,,,,,,,0,,,,,2025-12-24,203300000,800000000,25.4125,25.4125,57115000,183,1,0,0
02371,2026-01-14,,,,,,,0,,,,,2025-12-24,4690730937,688378950,,681.417,143610718,183,,1,0
00328,2026-01-14,,,,,,,0,,,,,2025-12-24,49942196,286392150,17.4384,17.4384,-22891959,183,0,0,0
08229,2026-01-14,,,,,,,0,,,,,2025-12-24,170185000,555480000,30.6375,30.6375,-37625000,183,0,0,0
06866,2026-01-14,,,,,,,0,,,,,2025-12-24,223106000,1180000000,18.9073,18.9073,636000,183,0.5,0,0
06919,2026-01-14,,,,,,,0,,,,,2025-12-24,142297002,158445679,89.8081,89.8081,-1592576,183,0,0,0
01085,2026-01-14,,,,,,,0,,,,,2025-12-24,283563687,465600000,60.9029,60.9029,-15818000,183,0,0,0
01259,2026-01-15,,,,,,,0,,,,,2025-12-24,1533359102,2203361000,69.5918,69.5918,-82624000,183,0,0,0
03878,2026-01-15,,,,,,,0,,,,,2025-12-24,412431180,479600000,85.9948,85.9948,9106000,183,1,0,0
01637,2026-01-15,,,,,,,0,,,,,2025-12-24,370090700,400000000,92.5227,92.5227,1030000,183,0.5,0,0
01745,2026-01-15,,,,,,,0,,,,,2025-12-24,1372732626,50616020,,2712.0517,453425090,183,,1,0
01546,2026-01-15,,,,,,,0,,,,,2025-12-24,168538000,800000000,21.0672,21.0672,-2848000,183,0.5,0,0
01953,2026-01-15,,,,,,,0,,,,,2025-12-24,1157544582,1260000000,91.8686,91.8686,-15705000,183,0,0,0
01580,2026-01-15,,,,,,,0,,,,,2025-12-24,731970044,1095679546,66.8051,66.8051,5401471,183,0.5,0,0
01556,2026-01-15,,,,,,,0,,,,,2025-12-24,204413334,1500000000,13.6276,13.6276,5239531,183,0.5,0,0
00997,2026-01-16,,,,,,,0,,,,,2025-12-24,981090468,1169287752,83.905,83.905,184771933,183,1,0,0
08200,2026-01-16,,,,,,,0,,,,,2025-12-24,66301902,78842031,84.0946,84.0946,528365,183,0.5,0,0
01630,2026-01-16,,,,,,,0,,,,,2025-12-24,1356301594,1500000000,90.4201,90.4201,-5370000,183,0.5,0,0
03789,2026-01-16,,,,,,,0,,,,,2025-12-24,219624000,1200000000,18.302,18.302,856000,183,0.5,0,0
01408,2026-01-16,,,,,,,0,,,,,2025-12-24,207338546,500000000,41.4677,41.4677,6827346,183,1,0,0
00120,2026-01-16,,,,,,,0,,,,,2025-12-24,471926758,1639620550,28.7827,28.7827,51528688,183,1,0,0
01835,2026-01-16,,,,,,,0,,,,,2025-12-24,31313200,153340000,20.4208,20.4208,-6010800,183,0,0,0
01793,2026-01-16,,,,,,,0,,,,,2025-12-24,162824000,800000000,20.353,20.353,2324000,183,0.5,0,0
00417,2026-01-16,,,,,,,0,,,,,2025-12-24,231276216,249182030,92.8142,92.8142,-2493585,183,0,0,0
01429,2026-01-16,,,,,,,0,,,,,2025-12-24,282785808,1600000000,17.6741,17.6741,-3488000,183,0.5,0,0
03390,2026-01-16,,,,,,,0,,,,,2025-12-24,636046326,894000000,71.1461,71.1461,253324000,183,1,0,0
02439,2026-01-16,,,,,,,0,,,,,2025-12-24,279449150,1200000000,23.2874,23.2874,11478800,183,0.5,0,0
01745,2026-01-16,,,,,,,0,,,,,2025-12-24,1372732626,50616020,,2712.0517,453425090,183,,1,0
01410,2026-01-16,,,,,,,0,,,,,2025-12-24,794062000,1009717000,78.642,78.642,-46630000,183,0,0,0
02427,2026-01-16,,,,,,,0,,,,,2025-12-24,853680699,950000000,89.8611,89.8611,-31492500,183,0,0,0
00279,2026-01-16,,,,,,,0,,,,,2025-12-24,1163526058,1395527300,83.3754,83.3754,-19048609872,183,0,0,0
01536,2026-01-19,,,,,,,0,,,,,2025-12-24,411264050,456000000,90.1895,90.1895,-2782000,183,0.5,0,0
02211,2026-01-19,,,,,,,0,,,,,2025-12-24,24845754,110546218,22.4754,22.4754,-188364205,183,0,0,0
08379,2026-01-19,,,,,,,0,,,,,2025-12-24,261530100,800000000,32.6913,32.6913,-43642000,183,0,0,0
00834,2026-01-19,,,,,,,0,,,,,2025-12-24,336554066,452948000,74.303,74.303,-71113334,183,0,0,0
00510,2026-01-19,,,,,,,0,,,,,2025-12-24,259099931,431174779,60.0916,60.0916,-293095,183,0.5,0,0
00927,2026-01-19,,,,,,,0,,,,,2025-12-24,189365495,511005000,37.0575,37.0575,-16408000,183,0,0,0
01938,2026-01-19,,,,,,,0,,,,,2025-12-24,401341256,1011142000,39.6919,39.6919,-14854750,183,0,0,0
00607,2026-01-19,,,,,,,0,,,,,2025-12-24,287288195,708763934,40.5337,40.5337,-17974953,183,0,0,0
00508,2026-01-19,,,,,,,0,,,,,2025-12-24,652087620,865922203,75.3056,75.3056,-19563300,183,0,0,0
01831,2026-01-19,,,,,,,0,,,,,2025-12-24,307153541,1075449549,28.5605,28.5605,-78025,183,0.5,0,0
00825,2026-01-19,,,,,,,0,,,,,2025-12-24,319433215,1686145000,18.9446,18.9446,-3638010,183,0.5,0,0
01332,2026-01-19,,,,,,,0,,,,,2025-12-24,1296629842,2805952149,46.21,46.21,23787350,183,0.5,0,0
01082,2026-01-19,,,,,,,0,,,,,2025-12-24,536517200,608046880,88.2362,88.2362,-11216000,183,0,0,0
08036,2026-01-20,,,,,,,0,,,,,2025-12-24,431151821,1230000000,35.053,35.053,-13671760,183,0,0,0
00261,2026-01-20,,,,,,,0,,,,,2025-12-24,208971554,331361678,63.0645,63.0645,20132521,183,1,0,0
00919,2026-01-20,,,,,,,0,,,,,2025-12-24,325125673,904483942,35.946,35.946,-549900,183,0.5,0,0
01633,2026-01-20,,,,,,,0,,,,,2025-12-24,130326000,684750000,19.0326,19.0326,759000,183,0.5,0,0
01470,2026-01-20,,,,,,,0,,,,,2025-12-24,733967010,800000000,91.7459,91.7459,5850000,183,0.5,0,0
08028,2026-01-20,,,,,,,0,,,,,2025-12-24,273805709,505932270,54.119,54.119,68361269,183,1,0,0
01536,2026-01-20,,,,,,,0,,,,,2025-12-24,411264050,456000000,90.1895,90.1895,-2782000,183,0.5,0,0
01102,2026-01-20,,,,,,,0,,,,,2025-12-24,933839721,2799385743,33.3587,33.3587,4109325,183,0.5,0,0
01792,2026-01-20,,,,,,,0,,,,,2025-12-24,36029062,247680000,,14.5466,-1126004824,183,,1,0
08031,2026-01-20,,,,,,,0,,,,,2025-12-24,251716000,354745000,70.9569,70.9569,-3354000,183,0.5,0,0
01795,2026-01-20,,,,,,,0,,,,,2025-12-24,559449058,600000000,93.2415,93.2415,-5850000,183,0.5,0,0
01251,2026-01-20,,,,,,,0,,,,,2025-12-24,1629111960,1954143999,83.367,83.367,50840163,183,1,0,0
02211,2026-01-20,,,,,,,0,,,,,2025-12-24,24845754,110546218,22.4754,22.4754,-188364205,183,0,0,0
01202,2026-01-20,,,,,,,0,,,,,2025-12-24,91838000,400000000,22.9595,22.9595,4137800,183,1,0,0
08532,2026-01-21,,,,,,,0,,,,,2025-12-24,496288000,84874400,,584.7323,97540000,183,,0,0
08007,2026-01-21,,,,,,,0,,,,,2025-12-24,168452971,226317429,74.4322,74.4322,-172242354,183,0,0,0
00550,2026-01-21,,,,,,,0,,,,,2025-12-24,254113228,455534000,55.7836,55.7836,6491000,183,1,0,0
08489,2026-01-21,,,,,,,0,,,,,2025-12-24,282392150,307575000,91.8125,91.8125,226675000,183,1,0,0
02699,2026-01-21,,,,,,,0,,,,,2025-12-24,53180041,26300708,,202.2,-1266183707,183,,1,0
00784,2026-01-21,,,,,,,0,,,,,2025-12-24,422854000,800000000,52.8568,52.8568,-1030005,183,0.5,0,0
06918,2026-01-21,,,,,,,0,,,,,2025-12-24,516623125,874386800,59.084,59.084,120190800,183,1,0,0
02108,2026-01-21,,,,,,,0,,,,,2025-12-24,179270000,800000000,22.4087,22.4087,4768000,183,0.5,0,0
01239,2026-01-21,,,,,,,0,,,,,2025-12-24,122475901,434017926,28.2191,28.2191,4414263,183,1,0,0
01962,2026-01-21,,,,,,,0,,,,,2025-12-24,602132693,616136000,97.7272,97.7272,-4427803,183,0.5,0,0
00936,2026-01-21,,,,,,,0,,,,,2025-12-24,903355000,1060000000,85.2222,85.2222,49371000,183,1,0,0
01098,2026-01-21,,,,,,,0,,,,,2025-12-24,428519359,749336566,57.1865,57.1865,1629447,183,0.5,0,0
01026,2026-01-21,,,,,,,0,,,,,2025-12-24,2831442610,5513000000,51.3594,51.3594,11085000,183,0.5,0,0
00334,2026-01-21,,,,,,,0,,,,,2025-12-24,1096227542,2114307929,51.8481,51.8481,994366,183,0.5,0,0
08620,2026-01-22,,,,,,,0,,,,,2025-12-24,503050000,628705000,80.0137,80.0137,2805000,183,0.5,0,0
01722,2026-01-22,,,,,,,0,,,,,2025-12-24,309110000,1100000000,28.1009,28.1009,-1850000,183,0.5,0,0
01718,2026-01-22,,,,,,,0,,,,,2025-12-24,195580770,304120000,64.3104,64.3104,119755500,183,1,0,0
00048,2026-01-22,,,,,,,0,,,,,2025-12-24,96420376,437787760,22.0245,22.0245,-1910408,183,0.5,0,0
08186,2026-01-22,,,,,,,0,,,,,2025-12-24,31983364,113868640,28.0879,28.0879,-3222494,183,0,0,0
00844,2026-01-22,,,,,,,0,,,,,2025-12-24,413591511,494335330,83.6662,83.6662,1416000,183,0.5,0,0
01661,2026-01-22,,,,,,,0,,,,,2025-12-24,87203200,190294200,45.8255,45.8255,-625797,183,0.5,0,0
01580,2026-01-22,,,,,,,0,,,,,2025-12-24,731970044,1095679546,66.8051,66.8051,5401471,183,0.5,0,0
01486,2026-01-22,,,,,,,0,,,,,2025-12-24,106682500,432391170,24.6727,24.6727,36001500,183,1,0,0
00343,2026-01-22,,,,,,,0,,,,,2025-12-24,890465810,1734075788,51.351,51.351,-11251359,183,0.5,0,0
02211,2026-01-22,,,,,,,0,,,,,2025-12-24,24845754,110546218,22.4754,22.4754,-188364205,183,0,0,0
00953,2026-01-22,,,,,,,0,,,,,2025-12-24,993676021,1419610000,69.9964,69.9964,3389300,183,0.5,0,0
01831,2026-01-22,,,,,,,0,,,,,2025-12-24,307153541,1075449549,28.5605,28.5605,-78025,183,0.5,0,0
00131,2026-01-22,,,,,,,0,,,,,2025-12-24,258754229,652676781,39.6451,39.6451,-2575546,183,0.5,0,0
01986,2026-01-22,,,,,,,0,,,,,2025-12-24,794321734,967884500,82.0678,82.0678,1754960,183,0.5,0,0
01825,2026-01-23,,,,,,,0,,,,,2025-12-24,251876750,41472000,,607.3417,-7875000,183,,0,0
01695,2026-01-23,,,,,,,0,,,,,2025-12-24,165218875,1080000000,15.298,15.298,-185000,183,0.5,0,0
00379,2026-01-23,,,,,,,0,,,,,2025-12-24,1102623826,1687302760,65.3483,65.3483,12793087,183,0.5,0,0
01413,2026-01-23,,,,,,,0,,,,,2025-12-24,243368000,328000000,,74.1976,-672712000,183,,1,0
00164,2026-01-23,,,,,,,0,,,,,2025-12-24,238037476,349262723,68.1543,68.1543,180978436,183,1,0,0
00747,2026-01-23,,,,,,,0,,,,,2025-12-24,337177340,1469376000,22.947,22.947,20111600,183,1,0,0
01679,2026-01-23,,,,,,,0,,,,,2025-12-24,187636774,215813840,86.9438,86.9438,54712588,183,1,0,0
08326,2026-01-23,,,,,,,0,,,,,2025-12-24,1096203715,1227000000,89.3402,89.3402,19336260,183,1,0,0
01460,2026-01-23,,,,,,,0,,,,,2025-12-24,619335488,877590312,70.5723,70.5723,13935200,183,1,0,0
02372,2026-01-23,,,,,,,0,,,,,2025-12-24,435660000,800000001,54.4575,54.4575,3384000,183,0.5,0,0
01182,2026-01-23,,,,,,,0,,,,,2025-12-24,92997122,340814567,27.2867,27.2867,1782528,183,0.5,0,0
01332,2026-01-23,,,,,,,0,,,,,2025-12-24,1296629842,2805952149,46.21,46.21,23787350,183,0.5,0,0
01793,2026-01-23,,,,,,,0,,,,,2025-12-24,162824000,800000000,20.353,20.353,2324000,183,0.5,0,0
03816,2026-01-23,,,,,,,0,,,,,2025-12-24,564375012,600000000,94.0625,94.0625,2944000,183,0.5,0,0
00471,2026-01-23,,,,,,,0,,,,,2025-12-24,92200974,479762136,19.2181,19.2181,16527161,183,1,0,0
08029,2026-01-23,,,,,,,0,,,,,2025-12-24,227867590,280081621,81.3576,81.3576,22114950,183,1,0,0
00851,2026-01-23,,,,,,,0,,,,,2025-12-24,210005017,881970541,23.8109,23.8109,-71660,183,0.5,0,0
01985,2026-01-23,,,,,,,0,,,,,2025-12-24,242710400,306374000,79.2203,79.2203,7385500,183,1,0,0
03860,2026-01-23,,,,,,,0,,,,,2025-12-24,497737168,582429838,85.4587,85.4587,-2429500,183,0.5,0,0
03348,2026-01-23,,,,,,,0,,,,,2025-12-24,118918300,500000000,23.7837,23.7837,2468000,183,0.5,0,0
00419,2026-01-23,,,,,,,0,,,,,2025-12-24,983398307,1757154399,,55.9654,-8200674363,183,,1,0
01483,2026-01-23,,,,,,,0,,,,,2025-12-24,667786000,819450000,81.492,81.492,-41934000,183,0,0,0
08076,2026-01-26,,,,,,,0,,,,,2025-12-24,685699001,1317240000,52.0557,52.0557,-3772499,183,0.5,0,0
00145,2026-01-26,,,,,,,0,,,,,2025-12-24,256681823,366201816,70.093,70.093,159318426,183,1,0,0
08368,2026-01-26,,,,,,,0,,,,,2025-12-24,248089757,692217719,35.8398,35.8398,56499698,183,1,0,0
01655,2026-01-26,,,,,,,0,,,,,2025-12-24,184319836,719999580,25.6,25.6,29774580,183,1,0,0
01869,2026-01-26,,,,,,,0,,,,,2025-12-24,1208109401,1692300000,71.3886,71.3886,53772501,183,1,0,0
01680,2026-01-26,,,,,,,0,,,,,2025-12-24,466944195,930178068,50.1994,50.1994,-4234229242,183,0,0,0
01182,2026-01-26,,,,,,,0,,,,,2025-12-24,92997122,340814567,27.2867,27.2867,1782528,183,0.5,0,0
01170,2026-01-26,,,,,,,0,,,,,2025-12-24,254801967,666999445,38.2012,38.2012,-28572570,183,0,0,0
01429,2026-01-26,,,,,,,0,,,,,2025-12-24,282785808,1600000000,17.6741,17.6741,-3488000,183,0.5,0,0
02501,2026-01-26,,,,,,,0,,,,,2025-12-24,136258000,500000000,27.2516,27.2516,21435000,183,1,0,0
09928,2026-01-26,,,,,,,0,,,,,2025-12-24,814122387,985672747,82.5956,82.5956,25751958,183,1,0,0
03816,2026-01-26,,,,,,,0,,,,,2025-12-24,564375012,600000000,94.0625,94.0625,2944000,183,0.5,0,0
01319,2026-01-26,,,,,,,0,,,,,2025-12-24,1824355407,1924308406,94.8058,94.8058,11859774,183,0.5,0,0
09689,2026-01-26,,,,,,,0,,,,,2025-12-24,508446000,1116000000,45.5597,45.5597,21564000,183,1,0,0
00301,2026-01-26,,,,,,,0,,,,,2025-12-24,407139630,470459740,86.5408,86.5408,-20012510,183,0,0,0
01577,2026-01-26,,,,,,,0,,,,,2025-12-24,178194000,680000000,26.205,26.205,134000,183,0.5,0,0
06108,2026-01-27,,,,,,,0,,,,,2025-12-24,115086701,200616665,57.3665,57.3665,-707068329,183,0,0,0
03321,2026-01-27,,,,,,,0,,,,,2025-12-24,488854388,77669600,,629.4025,-2593685,183,,1,0
08201,2026-01-27,,,,,,,0,,,,,2025-12-24,488831676,540000000,90.5244,90.5244,-963009,183,0.5,0,0
08159,2026-01-27,,,,,,,0,,,,,2025-12-24,169071000,804800000,21.0078,21.0078,-6640000,183,0.5,0,0
01069,2026-01-27,,,,,,,0,,,,,2025-12-24,64443936,308772660,20.871,20.871,-474081683,183,0,0,0
01552,2026-01-27,,,,,,,0,,,,,2025-12-24,203300000,800000000,25.4125,25.4125,57115000,183,1,0,0
01130,2026-01-27,,,,,,,0,,,,,2025-12-24,458279903,562869147,81.4186,81.4186,89584105,183,1,0,0
02023,2026-01-27,,,,,,,0,,,,,2025-12-24,467048010,491800000,94.9671,94.9671,1200000,183,0.5,0,0
02211,2026-01-27,,,,,,,0,,,,,2025-12-24,24845754,110546218,22.4754,22.4754,-188364205,183,0,0,0
00918,2026-01-27,,,,,,,0,,,,,2025-12-24,353783292,1114069159,31.756,31.756,4833200,183,0.5,0,0
00627,2026-01-27,,,,,,,0,,,,,2025-12-24,340260360,1420673262,23.9506,23.9506,-9757628,183,0.5,0,0
01472,2026-01-28,,,,,,,0,,,,,2025-12-24,252723176,1000000000,25.2723,25.2723,5440000,183,0.5,0,0
01850,2026-01-28,,,,,,,0,,,,,2025-12-24,124696753,172800000,72.1625,72.1625,16068076,183,1,0,0
01720,2026-01-28,,,,,,,0,,,,,2025-12-24,1015563140,1100000000,92.3239,92.3239,7316000,183,0.5,0,0
01572,2026-01-28,,,,,,,0,,,,,2025-12-24,1447627800,1690500000,85.6331,85.6331,-4992000,183,0.5,0,0
01000,2026-01-28,,,,,,,0,,,,,2025-12-24,42433500,197310000,21.506,21.506,256500,183,0.5,0,0
00637,2026-01-28,,,,,,,0,,,,,2025-12-24,132684140,828750000,16.0102,16.0102,-808900,183,0.5,0,0
01775,2026-01-28,,,,,,,0,,,,,2025-12-24,100330499,533012000,18.8233,18.8233,-3432000,183,0.5,0,0
01945,2026-01-28,,,,,,,0,,,,,2025-12-24,108390041,294030400,36.8635,36.8635,4783600,183,1,0,0
01612,2026-01-28,,,,,,,0,,,,,2025-12-24,198830719,660098832,30.1214,30.1214,9944065,183,1,0,0
01183,2026-01-28,,,,,,,0,,,,,2025-12-24,1495491386,3980719188,37.5684,37.5684,-7222926,183,0.5,0,0
00627,2026-01-28,,,,,,,0,,,,,2025-12-24,340260360,1420673262,23.9506,23.9506,-9757628,183,0.5,0,0
08430,2026-01-29,,,,,,,0,,,,,2025-12-24,121458800,166835200,72.8017,72.8017,11488200,183,1,0,0
02608,2026-01-29,,,,,,,0,,,,,2025-12-24,2154207261,2550811477,84.4518,84.4518,-142711429,183,0,0,0
08219,2026-01-29,,,,,,,0,,,,,2025-12-24,89676450,247500000,36.2329,36.2329,-11820750,183,0,0,0
01107,2026-01-29,,,,,,,0,,,,,2025-12-24,737437240,2794994650,26.3842,26.3842,-15647380,183,0.5,0,0
08422,2026-01-29,,,,,,,0,,,,,2025-12-24,81713000,360000000,22.6981,22.6981,404000,183,0.5,0,0
08612,2026-01-29,,,,,,,0,,,,,2025-12-24,67742800,414720000,16.3346,16.3346,906000,183,0.5,0,0
08221,2026-01-29,,,,,,,0,,,,,2025-12-24,36243600,47600000,76.142,76.142,-1879886400,183,0,0,0
08007,2026-01-29,,,,,,,0,,,,,2025-12-24,168452971,226317429,74.4322,74.4322,-172242354,183,0,0,0
01421,2026-01-29,,,,,,,0,,,,,2025-12-24,107061250,200195200,53.4784,53.4784,5522825,183,1,0,0
03830,2026-01-29,,,,,,,0,,,,,2025-12-24,144540630,1000000000,14.4541,14.4541,8101500,183,0.5,0,0
09968,2026-01-29,,,,,,,0,,,,,2025-12-24,2204271500,5254000000,41.9542,41.9542,27138500,183,0.5,0,0
08093,2026-01-29,,,,,,,0,,,,,2025-12-24,20669184,49478400,41.7742,41.7742,-334600910,183,0,0,0
06158,2026-01-29,,,,,,,0,,,,,2025-12-24,3734589168,4367756000,85.5036,85.5036,7565737,183,0.5,0,0
01850,2026-01-29,,,,,,,0,,,,,2025-12-24,124696753,172800000,72.1625,72.1625,16068076,183,1,0,0
01703,2026-01-29,,,,,,,0,,,,,2025-12-24,888530000,138000000,,643.8623,-11278000,183,,0,0
01628,2026-01-29,,,,,,,0,,,,,2025-12-24,1002388819,1487986995,67.3654,67.3654,-2414321292,183,0,0,0
08368,2026-01-29,,,,,,,0,,,,,2025-12-24,248089757,692217719,35.8398,35.8398,56499698,183,1,0,0
03301,2026-01-29,,,,,,,0,,,,,2025-12-24,1067400470,1683431417,63.4062,63.4062,17538961,183,1,0,0
01265,2026-01-29,,,,,,,0,,,,,2025-12-24,280220000,1839307800,15.2351,15.2351,-2410000,183,0.5,0,0
01708,2026-01-29,,,,,,,0,,,,,2025-12-24,175153448,792058500,22.1137,22.1137,-330300,183,0.5,0,0
01073,2026-01-29,,,,,,,0,,,,,2025-12-24,2909961881,3417990570,85.1366,85.1366,995708784,183,1,0,0
01176,2026-01-29,,,,,,,0,,,,,2025-12-24,6658614025,8850632753,75.2332,75.2332,-53160302,183,0.5,0,0
00124,2026-01-29,,,,,,,0,,,,,2025-12-24,571259730,1711536850,33.377,33.377,6788775,183,0.5,0,0
03883,2026-01-29,,,,,,,0,,,,,2025-12-24,2528719184,4710146854,53.6866,53.6866,462681376,183,1,0,0
02683,2026-01-29,,,,,,,0,,,,,2025-12-24,79185999,408626000,19.3786,19.3786,3728000,183,0.5,0,0
01260,2026-01-29,,,,,,,0,,,,,2025-12-24,266353025,1151454000,23.1319,23.1319,3810000,183,0.5,0,0
02671,2026-01-29,,,,,,,0,,,,,,,,,,,,,0,0
01909,2026-01-29,,,,,,,0,,,,,2025-12-24,130766320,242821041,53.853,53.853,-691424,183,0.5,0,0
09689,2026-01-29,,,,,,,0,,,,,2025-12-24,508446000,1116000000,45.5597,45.5597,21564000,183,1,0,0
00519,2026-01-29,,,,,,,0,,,,,2025-12-24,1447790806,3055105739,47.3892,47.3892,9298440,183,0.5,0,0
00337,2026-01-29,,,,,,,0,,,,,2025-12-24,1474966406,2791884683,52.8305,52.8305,-30117071,183,0,0,0
00606,2026-01-29,,,,,,,0,,,,,2025-12-24,846590568,1935000000,43.7515,43.7515,-585743,183,0.5,0,0
01085,2026-01-29,,,,,,,0,,,,,2025-12-24,283563687,465600000,60.9029,60.9029,-15818000,183,0,0,0
00210,2026-01-29,,,,,,,0,,,,,2025-12-24,1053544428,1978598429,53.247,53.247,10659779,183,0.5,0,0
02138,2026-01-29,,,,,,,0,,,,,2025-12-24,1020176857,1185211265,86.0755,86.0755,-4153847,183,0.5,0,0
01813,2026-01-29,,,,,,,0,,,,,2025-12-24,1257442946,3418883945,36.7793,36.7793,39889991,183,1,0,0
08018,2026-01-30,,,,,,,0,,,,,2025-12-24,387776322,504232936,76.9042,76.9042,-32584200,183,0,0,0
08191,2026-01-30,,,,,,,0,,,,,2025-12-24,23677550,354040431,6.6878,6.6878,5082000,183,1,0,0
00602,2026-01-30,,,,,,,0,,,,,2025-12-24,193217582,1037500002,18.6234,18.6234,-249200,183,0.5,0,0
03830,2026-01-30,,,,,,,0,,,,,2025-12-24,144540630,1000000000,14.4541,14.4541,8101500,183,0.5,0,0
01025,2026-01-30,,,,,,,0,,,,,2025-12-24,151459856,447367440,33.8558,33.8558,119095440,183,1,0,0
08125,2026-01-30,,,,,,,0,,,,,2025-12-24,86361069,216732672,39.8468,39.8468,63367808,183,1,0,0
06812,2026-01-30,,,,,,,0,,,,,2025-12-24,72688445,600000000,12.1147,12.1147,-12555000,183,0,0,0
01746,2026-01-30,,,,,,,0,,,,,2025-12-24,904582000,1000000000,90.4582,90.4582,17566000,183,1,0,0
02415,2026-01-30,,,,,,,0,,,,,2025-12-24,391071440,607170950,64.4088,64.4088,-2320750,183,0.5,0,0
08103,2026-02-02,,,,,,,0,,,,,2025-12-24,106598807,129447897,82.3488,82.3488,3212305,183,1,0,0
08160,2026-02-02,,,,,,,0,,,,,2025-12-24,114794385,214791940,53.4445,53.4445,1358976,183,0.5,0,0
00310,2026-02-02,,,,,,,0,,,,,2025-12-24,574774399,621132020,92.5366,92.5366,494961900,183,1,0,0
01389,2026-02-02,,,,,,,0,,,,,2025-12-24,103566231,554333332,18.683,18.683,878736,183,0.5,0,0
03830,2026-02-02,,,,,,,0,,,,,2025-12-24,144540630,1000000000,14.4541,14.4541,8101500,183,0.5,0,0
00399,2026-02-02,,,,,,,0,,,,,2025-12-24,1105225185,3277107928,33.7256,33.7256,33846701,183,1,0,0
01292,2026-02-02,,,,,,,0,,,,,2025-12-24,112272800,202064000,55.563,55.563,2874000,183,1,0,0
08103,2026-02-03,,,,,,,0,,,,,2025-12-24,106598807,129447897,82.3488,82.3488,3212305,183,1,0,0
08245,2026-02-03,,,,,,,0,,,,,2025-12-24,163480091,289541272,56.4618,56.4618,24260400,183,1,0,0
08420,2026-02-03,,,,,,,0,,,,,2025-12-24,785221500,887760000,88.4497,88.4497,7505000,183,0.5,0,0
08052,2026-02-03,,,,,,,0,,,,,2025-12-24,474827551,548256000,86.6069,86.6069,66629000,183,1,0,0
08092,2026-02-03,,,,,,,0,,,,,2025-12-24,273873302,925508000,29.5917,29.5917,-3045212,183,0.5,0,0
08290,2026-02-03,,,,,,,0,,,,,2025-12-24,321270000,2000000000,16.0635,16.0635,2260000,183,0.5,0,0
02370,2026-02-03,,,,,,,0,,,,,2025-12-24,187190155,200000000,93.5951,93.5951,-1361998,183,0.5,0,0
01163,2026-02-03,,,,,,,0,,,,,2025-12-24,386940000,896400000,43.166,43.166,-124530000,183,0,0,0
00243,2026-02-03,,,,,,,0,,,,,2025-12-24,202018095,346490532,58.3041,58.3041,53560489,183,1,0,0
06128,2026-02-03,,,,,,,0,,,,,2025-12-24,816261320,941313336,86.7152,86.7152,639063360,183,1,0,0
00865,2026-02-03,,,,,,,0,,,,,2025-12-24,2282984924,5837989696,39.1057,39.1057,70430133,183,1,0,0
00146,2026-02-03,,,,,,,0,,,,,2025-12-24,28400912,212187488,13.3848,13.3848,1511090,183,0.5,0,0
09689,2026-02-03,,,,,,,0,,,,,2025-12-24,508446000,1116000000,45.5597,45.5597,21564000,183,1,0,0
08321,2026-02-03,,,,,,,0,,,,,2025-12-24,178304200,536400000,33.2409,33.2409,12634000,183,1,0,0
00079,2026-02-04,,,,,,,0,,,,,2025-12-24,81266410,326077423,24.9224,24.9224,-754000,183,0.5,0,0
08309,2026-02-04,,,,,,,0,,,,,2025-12-24,185550000,600000000,30.925,30.925,8780000,183,1,0,0
08621,2026-02-04,,,,,,,0,,,,,2025-12-24,816944005,960000000,85.0983,85.0983,1296000,183,0.5,0,0
02433,2026-02-04,,,,,,,0,,,,,2025-12-24,288522715,576000000,50.0907,50.0907,-47742000,183,0,0,0
08290,2026-02-04,,,,,,,0,,,,,2025-12-24,321270000,2000000000,16.0635,16.0635,2260000,183,0.5,0,0
01102,2026-02-04,,,,,,,0,,,,,2025-12-24,933839721,2799385743,33.3587,33.3587,4109325,183,0.5,0,0
08160,2026-02-04,,,,,,,0,,,,,2025-12-24,114794385,214791940,53.4445,53.4445,1358976,183,0.5,0,0
02168,2026-02-04,,,,,,,0,,,,,2025-12-24,145507783,154110000,94.4181,94.4181,249090,183,0.5,0,0
01592,2026-02-04,,,,,,,0,,,,,2025-12-24,182540047,1447776405,12.6083,12.6083,-1152515424,183,0,0,0
01738,2026-02-04,,,,,,,0,,,,,2025-12-24,1114277709,1380545800,80.7128,80.7128,-17513112,183,0,0,0
00731,2026-02-04,,,,,,,0,,,,,2025-12-24,309831948,1414600832,21.9024,21.9024,877600,183,0.5,0,0
01379,2026-02-04,,,,,,,0,,,,,2025-12-24,18373500,80000000,22.9669,22.9669,75000,183,0.5,0,0
01613,2026-02-04,,,,,,,0,,,,,2025-12-24,215944923,1535864491,14.0602,14.0602,13680019,183,0.5,0,0
01780,2026-02-04,,,,,,,0,,,,,2025-12-24,531014800,620000000,85.6475,85.6475,-34057700,183,0,0,0
00679,2026-02-04,,,,,,,0,,,,,2025-12-24,101241848,378733400,26.7317,26.7317,-1121000,183,0.5,0,0
01251,2026-02-04,,,,,,,0,,,,,2025-12-24,1629111960,1954143999,83.367,83.367,50840163,183,1,0,0
02573,2026-02-04,,,,,,,0,,,,,2025-12-24,52595604,96231234,54.6554,54.6554,-1779890,138,0,0,0
06989,2026-02-04,,,,,,,0,,,,,2025-12-24,235581509,1220348000,19.3045,19.3045,-11650394,183,0.5,0,0
08448,2026-02-05,,,,,,,0,,,,,2025-12-24,24177739,99800000,24.2262,24.2262,-34095900,183,0,0,0
02358,2026-02-05,,,,,,,0,,,,,2025-12-24,4098962000,5472000000,74.9079,74.9079,-306198000,183,0,0,0
01107,2026-02-05,,,,,,,0,,,,,2025-12-24,737437240,2794994650,26.3842,26.3842,-15647380,183,0.5,0,0
01850,2026-02-05,,,,,,,0,,,,,2025-12-24,124696753,172800000,72.1625,72.1625,16068076,183,1,0,0
01408,2026-02-05,,,,,,,0,,,,,2025-12-24,207338546,500000000,41.4677,41.4677,6827346,183,1,0,0
01987,2026-02-05,,,,,,,0,,,,,2025-12-24,869169333,1000000000,86.9169,86.9169,-6146000,183,0.5,0,0
09600,2026-02-05,,,,,,,0,,,,,2025-12-24,764395851,997864480,76.6032,76.6032,-23024800,183,0,0,0
00573,2026-02-05,,,,,,,0,,,,,2025-12-24,851868531,1014348000,83.9819,83.9819,1192000,183,0.5,0,0
00757,2026-02-05,,,,,,,0,,,,,2025-12-24,2049807058,3323771133,61.6711,61.6711,3732558,183,0.5,0,0
00296,2026-02-05,,,,,,,0,,,,,2025-12-24,328808560,1188490983,27.6661,27.6661,-30706188,183,0,0,0
02116,2026-02-05,,,,,,,0,,,,,2025-12-24,100640000,480000000,20.9667,20.9667,1584000,183,0.5,0,0
06038,2026-02-05,,,,,,,0,,,,,2025-12-24,185570003,1003000000,18.5015,18.5015,8200003,183,0.5,0,0
01596,2026-02-05,,,,,,,0,,,,,2025-12-24,139429000,897840000,15.5294,15.5294,-52695474,183,0,0,0
01808,2026-02-05,,,,,,,0,,,,,2025-12-24,207480088,244888185,84.7244,84.7244,8949680,183,1,0,0
01063,2026-02-06,,,,,,,0,,,,,2025-12-24,901079534,307707313,,292.8366,52669973,183,,1,0
08193,2026-02-06,,,,,,,0,,,,,2025-12-24,178826900,279812344,63.9096,63.9096,2064500,183,0.5,0,0
00332,2026-02-06,,,,,,,0,,,,,2025-12-24,5476509860,327281056,,1673.3354,15077868,183,,0,0
01720,2026-02-06,,,,,,,0,,,,,2025-12-24,1015563140,1100000000,92.3239,92.3239,7316000,183,0.5,0,0
01575,2026-02-06,,,,,,,0,,,,,2025-12-24,1247934000,3860000000,32.3299,32.3299,-11916000,183,0.5,0,0
01792,2026-02-06,,,,,,,0,,,,,2025-12-24,36029062,247680000,,14.5466,-1126004824,183,,1,0
01617,2026-02-06,,,,,,,0,,,,,2025-12-24,1220045461,1626240000,75.0225,75.0225,-66265401,183,0,0,0
06063,2026-02-06,,,,,,,0,,,,,2025-12-24,299432740,2000000000,14.9716,14.9716,-1320000,183,0.5,0,0
01731,2026-02-06,,,,,,,0,,,,,2025-12-24,211691391,1120000000,18.901,18.901,1046000,183,0.5,0,0
00698,2026-02-06,,,,,,,0,,,,,2025-12-24,71107075,194712152,36.5191,36.5191,-6861621742,183,0,0,0
01943,2026-02-06,,,,,,,0,,,,,2025-12-24,896380080,1173420000,76.3904,76.3904,-30553000,183,0,0,0
08367,2026-02-09,,,,,,,0,,,,,2025-12-24,62321040,96649984,64.4812,64.4812,12985200,183,1,0,0
01166,2026-02-09,,,,,,,0,,,,,2025-12-24,128381942,142466617,90.1137,90.1137,19688539,183,1,0,0
00094,2026-02-09,,,,,,,0,,,,,2025-12-24,650262040,2782486584,23.3698,23.3698,328023385,183,1,0,0
02545,2026-02-09,,,,,,,0,,,,,2025-12-24,472513020,640000000,73.8302,73.8302,24835990,183,1,0,0
00822,2026-02-09,,,,,,,0,,,,,2025-12-24,595448510,893761400,66.6228,66.6228,10981625,183,1,0,0
01720,2026-02-09,,,,,,,0,,,,,2025-12-24,1015563140,1100000000,92.3239,92.3239,7316000,183,0.5,0,0
08395,2026-02-09,,,,,,,0,,,,,2025-12-24,521631912,1714000000,30.4336,30.4336,-614678088,183,0,0,0
01936,2026-02-09,,,,,,,0,,,,,2025-12-24,111109000,466762000,23.8042,23.8042,932000,183,0.5,0,0
01260,2026-02-09,,,,,,,0,,,,,2025-12-24,266353025,1151454000,23.1319,23.1319,3810000,183,0.5,0,0
01617,2026-02-09,,,,,,,0,,,,,2025-12-24,1220045461,1626240000,75.0225,75.0225,-66265401,183,0,0,0
08431,2026-02-10,,,,,,,0,,,,,2025-12-24,31065947,236563600,13.1322,13.1322,-252991053,183,0,0,0
08448,2026-02-10,,,,,,,0,,,,,2025-12-24,24177739,99800000,24.2262,24.2262,-34095900,183,0,0,0
08489,2026-02-10,,,,,,,0,,,,,2025-12-24,282392150,307575000,91.8125,91.8125,226675000,183,1,0,0
01718,2026-02-10,,,,,,,0,,,,,2025-12-24,195580770,304120000,64.3104,64.3104,119755500,183,1,0,0
06080,2026-02-10,,,,,,,0,,,,,2025-12-24,999042000,1120350000,89.1723,89.1723,174474200,183,1,0,0
01281,2026-02-10,,,,,,,0,,,,,2025-12-24,1360173374,1484604000,91.6186,91.6186,1031878,183,0.5,0,0
01620,2026-02-10,,,,,,,0,,,,,2025-12-24,1087690000,1200000000,90.6408,90.6408,-35398000,183,0,0,0
01621,2026-02-10,,,,,,,0,,,,,2025-12-24,203140001,1000000000,20.314,20.314,18124000,183,1,0,0
00605,2026-02-10,,,,,,,0,,,,,2025-12-24,137527857,209160067,65.7524,65.7524,3263599,183,1,0,0
01613,2026-02-10,,,,,,,0,,,,,2025-12-24,215944923,1535864491,14.0602,14.0602,13680019,183,0.5,0,0
00202,2026-02-10,,,,,,,0,,,,,2025-12-24,3968157278,7294369363,54.4003,54.4003,47240500,183,0.5,0,0
06063,2026-02-10,,,,,,,0,,,,,2025-12-24,299432740,2000000000,14.9716,14.9716,-1320000,183,0.5,0,0
01010,2026-02-11,,,,,,,0,,,,,2025-12-24,295082040,444294170,66.4159,66.4159,-38756000,183,0,0,0
00907,2026-02-11,,,,,,,0,,,,,2025-12-24,604655586,872863684,69.2726,69.2726,-23649946,183,0,0,0
08613,2026-02-11,,,,,,,0,,,,,2025-12-24,1138616554,1927716667,59.0656,59.0656,38133416,183,1,0,0
08431,2026-02-11,,,,,,,0,,,,,2025-12-24,31065947,236563600,13.1322,13.1322,-252991053,183,0,0,0
02310,2026-02-11,,,,,,,0,,,,,2025-12-24,1023234737,1092877195,93.6276,93.6276,2098000,183,0.5,0,0
00396,2026-02-11,,,,,,,0,,,,,2025-12-24,234822007,808096025,29.0587,29.0587,4576000,183,0.5,0,0
00500,2026-02-11,,,,,,,0,,,,,2025-12-24,1066297537,2403385881,44.3665,44.3665,-26691162,183,0,0,0
00831,2026-02-11,,,,,,,0,,,,,2025-12-24,338987704,782136974,43.3412,43.3412,-12068034,183,0,0,0
00620,2026-02-11,,,,,,,0,,,,,2025-12-24,614049743,801025230,76.658,76.658,120736577,183,1,0,0
02297,2026-02-11,,,,,,,0,,,,,2025-12-24,962024498,1401358800,68.6494,68.6494,-104462344,183,0,0,0
01370,2026-02-11,,,,,,,0,,,,,2025-12-24,1378275514,1635329892,84.2812,84.2812,8359000,183,0.5,0,0
01538,2026-02-11,,,,,,,0,,,,,2025-12-24,765155204,854550000,89.539,89.539,4488000,183,0.5,0,0
00097,2026-02-11,,,,,,,0,,,,,2025-12-24,493200051,3047327395,16.1847,16.1847,-30278557,183,0.5,0,0
00899,2026-02-12,,,,,,,0,,,,,2025-12-24,114468483,445159008,25.7141,25.7141,-801580330,183,0,0,0
01452,2026-02-12,,,,,,,0,,,,,2025-12-24,541949929,770697720,70.3194,70.3194,10400524,183,1,0,0
08143,2026-02-12,,,,,,,0,,,,,2025-12-24,381335029,1352759971,,28.1894,-116049614,183,,1,0
08283,2026-02-12,,,,,,,0,,,,,2025-12-24,36615873,345600000,10.5949,10.5949,6625680,183,1,0,0
01955,2026-02-12,,,,,,,0,,,,,2025-12-24,490812000,500000000,98.1624,98.1624,540000,183,0.5,0,0
01636,2026-02-12,,,,,,,0,,,,,2025-12-24,226221291,448155726,,50.4783,-2051800039,183,,1,0
01447,2026-02-12,,,,,,,0,,,,,2025-12-24,93182588,400000000,23.2956,23.2956,-438000,183,0.5,0,0
00042,2026-02-12,,,,,,,0,,,,,2025-12-24,146688850,873370000,16.7957,16.7957,262000,183,0.5,0,0
02515,2026-02-12,,,,,,,0,,,,,2025-12-24,199201749,310742749,64.105,64.105,166406749,183,1,0,0
01226,2026-02-12,,,,,,,0,,,,,2025-12-24,298905875,412596600,72.4451,72.4451,19338970,183,1,0,0
00851,2026-02-12,,,,,,,0,,,,,2025-12-24,210005017,881970541,23.8109,23.8109,-71660,183,0.5,0,0
01543,2026-02-12,,,,,,,0,,,,,2025-12-24,495893334,1560792687,31.7719,31.7719,-1686000,183,0.5,0,0
01985,2026-02-12,,,,,,,0,,,,,2025-12-24,242710400,306374000,79.2203,79.2203,7385500,183,1,0,0
03913,2026-02-12,,,,,,,0,,,,,2025-12-24,782394274,2025858916,38.6204,38.6204,-66467644,183,0,0,0
00776,2026-02-12,,,,,,,0,,,,,2025-12-24,352417237,671837550,52.4557,52.4557,48402549,183,1,0,0
01685,2026-02-12,,,,,,,0,,,,,2025-12-24,681233000,773769000,88.0409,88.0409,3311000,183,0.5,0,0
01823,2026-02-12,,,,,,,0,,,,,2025-12-24,80123103,471108000,17.0074,17.0074,1096000,183,0.5,0,0
00351,2026-02-12,,,,,,,0,,,,,2025-12-24,449945075,1994975244,22.5539,22.5539,7171637,183,0.5,0,0
08179,2026-02-13,,,,,,,0,,,,,2025-12-24,840203403,1907798274,44.0405,44.0405,342955506,183,1,0,0
02608,2026-02-13,,,,,,,0,,,,,2025-12-24,2154207261,2550811477,84.4518,84.4518,-142711429,183,0,0,0
00810,2026-02-13,,,,,,,0,,,,,2025-12-24,138320461,712751154,19.4066,19.4066,30171740,183,1,0,0
01146,2026-02-13,,,,,,,0,,,,,2025-12-24,2549285960,3545450000,71.903,71.903,-43268080,183,0,0,0
01470,2026-02-13,,,,,,,0,,,,,2025-12-24,733967010,800000000,91.7459,91.7459,5850000,183,0.5,0,0
01715,2026-02-13,,,,,,,0,,,,,2025-12-24,260528070,360759879,72.2165,72.2165,182543570,183,1,0,0
00396,2026-02-13,,,,,,,0,,,,,2025-12-24,234822007,808096025,29.0587,29.0587,4576000,183,0.5,0,0
08125,2026-02-13,,,,,,,0,,,,,2025-12-24,86361069,216732672,39.8468,39.8468,63367808,183,1,0,0
08646,2026-02-13,,,,,,,0,,,,,2025-12-24,192611000,782990000,24.5994,24.5994,71346000,183,1,0,0
00399,2026-02-13,,,,,,,0,,,,,2025-12-24,1105225185,3277107928,33.7256,33.7256,33846701,183,1,0,0
01636,2026-02-13,,,,,,,0,,,,,2025-12-24,226221291,448155726,,50.4783,-2051800039,183,,1,0
02497,2026-02-13,,,,,,,0,,,,,2025-12-24,118994028,500000000,23.7988,23.7988,6586010,183,1,0,0
00591,2026-02-13,,,,,,,0,,,,,2025-12-24,808027612,1037500000,77.8822,77.8822,37209004,183,1,0,0
03913,2026-02-13,,,,,,,0,,,,,2025-12-24,782394274,2025858916,38.6204,38.6204,-66467644,183,0,0,0
01900,2026-02-13,,,,,,,0,,,,,2025-12-24,1287784455,1720185862,74.8631,74.8631,-67308727,183,0,0,0
00432,2026-02-13,,,,,,,0,,,,,2025-12-24,1091562471,2038236743,53.5543,53.5543,2113221,183,0.5,0,0
02405,2026-02-13,,,,,,,0,,,,,2025-12-24,678164000,800000000,84.7705,84.7705,378202000,183,1,0,0
00145,2026-02-16,,,,,,,0,,,,,2025-12-24,256681823,366201816,70.093,70.093,159318426,183,1,0,0
08620,2026-02-16,,,,,,,0,,,,,2025-12-24,503050000,628705000,80.0137,80.0137,2805000,183,0.5,0,0
01941,2026-02-16,,,,,,,0,,,,,2025-12-24,152608000,405310000,37.6522,37.6522,-154000,183,0.5,0,0
01129,2026-02-16,,,,,,,0,,,,,2025-12-24,571524438,632193928,90.4033,90.4033,41201383,183,1,0,0
00648,2026-02-16,,,,,,,0,,,,,2025-12-24,190438559,107116933,,177.7857,,,,1,0
01334,2026-02-16,,,,,,,0,,,,,2025-12-24,247530514,500000000,49.5061,49.5061,15392500,183,1,0,0
01945,2026-02-16,,,,,,,0,,,,,2025-12-24,108390041,294030400,36.8635,36.8635,4783600,183,1,0,0
01692,2026-02-16,,,,,,,0,,,,,2025-12-24,51924820,359000000,14.4637,14.4637,52820,183,0.5,0,0
01319,2026-02-16,,,,,,,0,,,,,2025-12-24,1824355407,1924308406,94.8058,94.8058,11859774,183,0.5,0,0
00554,2026-02-16,,,,,,,0,,,,,2025-12-24,4112950512,4387333078,93.746,93.746,143851667,183,1,0,0
08178,2026-02-20,,,,,,,0,,,,,2025-12-24,65920097,172107158,38.3018,38.3018,14583223,183,1,0,0
00188,2026-02-20,,,,,,,0,,,,,2025-12-24,297052527,764585103,38.8515,38.8515,-1409557,183,0.5,0,0
00567,2026-02-20,,,,,,,0,,,,,2025-12-24,1421994000,1613287570,88.1426,88.1426,20453000,183,1,0,0
00648,2026-02-20,,,,,,,0,,,,,2025-12-24,190438559,107116933,,177.7857,,,,1,0
00399,2026-02-20,,,,,,,0,,,,,2025-12-24,1105225185,3277107928,33.7256,33.7256,33846701,183,1,0,0
08178,2026-02-23,,,,,,,0,,,,,2025-12-24,65920097,172107158,38.3018,38.3018,14583223,183,1,0,0
08072,2026-02-23,,,,,,,0,,,,,2025-12-24,147659877,168349134,87.7105,87.7105,35370924,183,1,0,0
01707,2026-02-23,,,,,,,0,,,,,2025-12-24,1581064000,1680000000,94.111,94.111,-7864000,183,0.5,0,0
02193,2026-02-23,,,,,,,0,,,,,2025-12-24,370980000,419594000,88.414,88.414,-356000,183,0.5,0,0
00397,2026-02-23,,,,,,,0,,,,,2025-12-24,1341770345,3422839101,39.2005,39.2005,-90133095,183,0,0,0
01750,2026-02-23,,,,,,,0,,,,,2025-12-24,321330000,1800000000,17.8517,17.8517,1624000,183,0.5,0,0
01239,2026-02-23,,,,,,,0,,,,,2025-12-24,122475901,434017926,28.2191,28.2191,4414263,183,1,0,0
02459,2026-02-23,,,,,,,0,,,,,2025-12-24,1040381310,193800000,,536.8325,398307316,183,,1,0
08229,2026-02-23,,,,,,,0,,,,,2025-12-24,170185000,555480000,30.6375,30.6375,-37625000,183,0,0,0
00827,2026-02-23,,,,,,,0,,,,,2025-12-24,3205871096,7028042599,45.6154,45.6154,11932000,183,0.5,0,0
02501,2026-02-23,,,,,,,0,,,,,2025-12-24,136258000,500000000,27.2516,27.2516,21435000,183,1,0,0
00508,2026-02-23,,,,,,,0,,,,,2025-12-24,652087620,865922203,75.3056,75.3056,-19563300,183,0,0,0
01116,2026-02-23,,,,,,,0,,,,,2025-12-24,1022302050,2158000000,47.3727,47.3727,2166000,183,0.5,0,0
01900,2026-02-23,,,,,,,0,,,,,2025-12-24,1287784455,1720185862,74.8631,74.8631,-67308727,183,0,0,0
00040,2026-02-23,,,,,,,0,,,,,2025-12-24,495865897,902488110,54.9443,54.9443,-823472,183,0.5,0,0
00201,2026-02-23,,,,,,,0,,,,,2025-12-24,2054685929,8947051324,22.965,22.965,19024254,183,0.5,0,0
00648,2026-02-23,,,,,,,0,,,,,2025-12-24,190438559,107116933,,177.7857,,,,1,0
00526,2026-02-23,,,,,,,0,,,,,2025-12-24,6369523777,8844020391,72.0207,72.0207,9079076,183,0.5,0,0
08153,2026-02-24,,,,,,,0,,,,,2025-12-24,25498789,41595175,61.3023,61.3023,-270618171,183,0,0,0
00559,2026-02-24,,,,,,,0,,,,,2025-12-24,424450990,523184390,81.1284,81.1284,-14276032,183,0,0,0
01421,2026-02-24,,,,,,,0,,,,,2025-12-24,107061250,200195200,53.4784,53.4784,5522825,183,1,0,0
08143,2026-02-24,,,,,,,0,,,,,2025-12-24,381335029,1352759971,,28.1894,-116049614,183,,1,0
01682,2026-02-24,,,,,,,0,,,,,2025-12-24,664237489,1571854000,42.2582,42.2582,-74347000,183,0,0,0
00947,2026-02-24,,,,,,,0,,,,,2025-12-24,412132199,796845094,51.7205,51.7205,13400,183,0.5,0,0
01094,2026-02-24,,,,,,,0,,,,,2025-12-24,257077681,711015213,36.1564,36.1564,11370149,183,1,0,0
00356,2026-02-24,,,,,,,0,,,,,2025-12-24,2262835448,201398666,,1123.5603,-45175849,183,,1,0
00223,2026-02-24,,,,,,,0,,,,,2025-12-24,582518598,1629716754,35.7435,35.7435,-162076386,183,0,0,0
03322,2026-02-24,,,,,,,0,,,,,2025-12-24,399230407,1284400000,31.083,31.083,-20966000,183,0,0,0
00367,2026-02-24,,,,,,,0,,,,,2025-12-24,383190590,1672553104,22.9105,22.9105,3719237,183,0.5,0,0
01334,2026-02-24,,,,,,,0,,,,,2025-12-24,247530514,500000000,49.5061,49.5061,15392500,183,1,0,0
01202,2026-02-24,,,,,,,0,,,,,2025-12-24,91838000,400000000,22.9595,22.9595,4137800,183,1,0,0
01641,2026-02-24,,,,,,,0,,,,,,,,,,,,,0,0
00248,2026-02-25,,,,,,,0,,,,,2025-12-24,298912083,233499610,,128.014,3939671,183,,1,0
00197,2026-02-25,,,,,,,0,,,,,2025-12-24,144468813,209210453,69.0543,69.0543,16394125,183,1,0,0
01894,2026-02-25,,,,,,,0,,,,,2025-12-24,663650000,233357000,,284.3926,65849900,183,,1,0
01671,2026-02-25,,,,,,,0,,,,,2025-12-24,146312907,159920907,91.4908,91.4908,22000,183,0.5,0,0
01376,2026-02-25,,,,,,,0,,,,,2025-12-24,223754000,1000000000,22.3754,22.3754,-669572000,183,0,0,0
01682,2026-02-25,,,,,,,0,,,,,2025-12-24,664237489,1571854000,42.2582,42.2582,-74347000,183,0,0,0
08601,2026-02-25,,,,,,,0,,,,,2025-12-24,188750000,800000000,23.5938,23.5938,-130000,183,0.5,0,0
01460,2026-02-25,,,,,,,0,,,,,2025-12-24,619335488,877590312,70.5723,70.5723,13935200,183,1,0,0
00947,2026-02-25,,,,,,,0,,,,,2025-12-24,412132199,796845094,51.7205,51.7205,13400,183,0.5,0,0
00442,2026-02-25,,,,,,,0,,,,,2025-12-24,134044558,259150000,51.7247,51.7247,-463936,183,0.5,0,0
00295,2026-02-25,,,,,,,0,,,,,2025-12-24,5910516330,14964442519,39.4971,39.4971,-1399046500,183,0,0,0
01094,2026-02-25,,,,,,,0,,,,,2025-12-24,257077681,711015213,36.1564,36.1564,11370149,183,1,0,0
00042,2026-02-25,,,,,,,0,,,,,2025-12-24,146688850,873370000,16.7957,16.7957,262000,183,0.5,0,0
08645,2026-02-25,,,,,,,0,,,,,2025-12-24,714622000,756504000,94.4637,94.4637,-936000,183,0.5,0,0
00672,2026-02-25,,,,,,,0,,,,,2025-12-24,4792024261,5635809800,85.0281,85.0281,-105958348,183,0,0,0
00154,2026-02-25,,,,,,,0,,,,,2025-12-24,568787176,1500360150,37.91,37.91,-4459006,183,0.5,0,0
02008,2026-02-25,,,,,,,0,,,,,2025-12-24,159033422,499365950,31.8471,31.8471,-4593799,183,0.5,0,0
08221,2026-02-26,,,,,,,0,,,,,2025-12-24,36243600,47600000,76.142,76.142,-1879886400,183,0,0,0
08187,2026-02-26,,,,,,,0,,,,,2025-12-24,117342373,151683840,77.3598,77.3598,-17147739,183,0,0,0
08471,2026-02-26,,,,,,,0,,,,,2025-12-24,908604000,73560000,,1235.1876,50270000,183,,1,0
08447,2026-02-26,,,,,,,0,,,,,2025-12-24,434310000,1000000000,43.431,43.431,-460000,183,0.5,0,0
01443,2026-02-26,,,,,,,0,,,,,2025-12-24,257107000,1300000000,19.7775,19.7775,-2696000,183,0.5,0,0
08072,2026-02-26,,,,,,,0,,,,,2025-12-24,147659877,168349134,87.7105,87.7105,35370924,183,1,0,0
08601,2026-02-26,,,,,,,0,,,,,2025-12-24,188750000,800000000,23.5938,23.5938,-130000,183,0.5,0,0
00747,2026-02-26,,,,,,,0,,,,,2025-12-24,337177340,1469376000,22.947,22.947,20111600,183,1,0,0
08070,2026-02-26,,,,,,,0,,,,,2025-12-24,50405000,200000000,25.2025,25.2025,585000,183,0.5,0,0
02132,2026-02-26,,,,,,,0,,,,,2025-12-24,236246000,1600000000,14.7654,14.7654,-4468000,183,0.5,0,0
01147,2026-02-26,,,,,,,0,,,,,2025-12-24,396776850,2044947350,19.4028,19.4028,-7350000,183,0.5,0,0
01575,2026-02-26,,,,,,,0,,,,,2025-12-24,1247934000,3860000000,32.3299,32.3299,-11916000,183,0.5,0,0
01094,2026-02-26,,,,,,,0,,,,,2025-12-24,257077681,711015213,36.1564,36.1564,11370149,183,1,0,0
00987,2026-02-26,,,,,,,0,,,,,2025-12-24,2214386026,2506157464,88.3578,88.3578,-3934459,183,0.5,0,0
01215,2026-02-26,,,,,,,0,,,,,2025-12-24,4203701700,12778879806,32.8957,32.8957,13876500,183,0.5,0,0
01985,2026-02-26,,,,,,,0,,,,,2025-12-24,242710400,306374000,79.2203,79.2203,7385500,183,1,0,0
01746,2026-02-26,,,,,,,0,,,,,2025-12-24,904582000,1000000000,90.4582,90.4582,17566000,183,1,0,0
01202,2026-02-26,,,,,,,0,,,,,2025-12-24,91838000,400000000,22.9595,22.9595,4137800,183,1,0,0
01183,2026-02-26,,,,,,,0,,,,,2025-12-24,1495491386,3980719188,37.5684,37.5684,-7222926,183,0.5,0,0
02415,2026-02-26,,,,,,,0,,,,,2025-12-24,391071440,607170950,64.4088,64.4088,-2320750,183,0.5,0,0
01328,2026-02-26,,,,,,,0,,,,,2025-12-24,175335735,256934296,68.2415,68.2415,-8326373671,183,0,0,0
01933,2026-02-27,,,,,,,0,,,,,2025-12-24,170993500,503927177,33.9322,33.9322,-848000,183,0.5,0,0
08286,2026-02-27,,,,,,,0,,,,,2025-12-24,77945000,308860000,25.2364,25.2364,230000,183,0.5,0,0
01703,2026-02-27,,,,,,,0,,,,,2025-12-24,888530000,138000000,,643.8623,-11278000,183,,0,0
01871,2026-02-27,,,,,,,0,,,,,2025-12-24,135169807,435958192,31.0052,31.0052,-556000,183,0.5,0,0
03789,2026-02-27,,,,,,,0,,,,,2025-12-24,219624000,1200000000,18.302,18.302,856000,183,0.5,0,0
01217,2026-02-27,,,,,,,0,,,,,2025-12-24,9354396353,12801578629,73.0722,73.0722,92508587,183,0.5,0,0
06933,2026-02-27,,,,,,,0,,,,,2025-12-24,258921650,428002816,60.4953,60.4953,-58518360,183,0,0,0
01419,2026-02-27,,,,,,,0,,,,,2025-12-24,92680174,379552233,24.4183,24.4183,-4826000,183,0,0,0
06877,2026-02-27,,,,,,,0,,,,,2025-12-24,1599300107,2033290000,78.6558,78.6558,86417000,183,1,0,0
01161,2026-02-27,,,,,,,0,,,,,2025-12-24,256443811,680552764,37.6817,37.6817,-38391,183,0.5,0,0
01100,2026-02-27,,,,,,,0,,,,,2025-12-24,129167155,429164448,30.0974,30.0974,-4680265,183,0,0,0
08480,2026-03-02,,,,,,,0,,,,,2025-12-24,498436000,923321600,53.9829,53.9829,12184000,183,1,0,0
02728,2026-03-02,,,,,,,0,,,,,2025-12-24,2921430975,4455020888,65.5761,65.5761,-80138137,183,0,0,0
01894,2026-03-02,,,,,,,0,,,,,2025-12-24,663650000,233357000,,284.3926,65849900,183,,1,0
06068,2026-03-02,,,,,,,0,,,,,2025-12-24,975862863,2178154000,44.8023,44.8023,-30455143,183,0,0,0
01555,2026-03-02,,,,,,,0,,,,,2025-12-24,2714493953,3386525510,80.1557,80.1557,22855880,183,0.5,0,0
06933,2026-03-02,,,,,,,0,,,,,2025-12-24,258921650,428002816,60.4953,60.4953,-58518360,183,0,0,0
00332,2026-03-02,,,,,,,0,,,,,2025-12-24,5476509860,327281056,,1673.3354,15077868,183,,0,0
08413,2026-03-02,,,,,,,0,,,,,2025-12-24,359143000,1162000000,30.9073,30.9073,-37527000,183,0,0,0
02178,2026-03-02,,,,,,,0,,,,,2025-12-24,1115501134,1726674682,64.604,64.604,-5076763,183,0.5,0,0
02012,2026-03-02,,,,,,,0,,,,,2025-12-24,216525135,711354444,30.4384,30.4384,32338213,183,1,0,0
01301,2026-03-02,,,,,,,0,,,,,2025-12-24,490191396,626984000,78.1824,78.1824,-13793125,183,0,0,0
08132,2026-03-02,,,,,,,0,,,,,2025-12-24,2242305707,2694465453,83.2189,83.2189,22835864,183,0.5,0,0
02372,2026-03-02,,,,,,,0,,,,,2025-12-24,435660000,800000001,54.4575,54.4575,3384000,183,0.5,0,0
00365,2026-03-02,,,,,,,0,,,,,2025-12-24,396253171,1455000000,27.2339,27.2339,2392000,183,0.5,0,0
06877,2026-03-02,,,,,,,0,,,,,2025-12-24,1599300107,2033290000,78.6558,78.6558,86417000,183,1,0,0
03395,2026-03-02,,,,,,,0,,,,,2025-12-24,312585673,869292597,35.9586,35.9586,33480365,183,1,0,0
01080,2026-03-02,,,,,,,0,,,,,2025-12-24,2629351628,3874365600,67.8653,67.8653,44164052,183,1,0,0
02159,2026-03-02,,,,,,,0,,,,,2025-12-24,226955239,336480000,67.4498,67.4498,69571613,183,1,0,0
00632,2026-03-02,,,,,,,0,,,,,2025-12-24,661694837,956353674,69.1893,69.1893,-42516242,183,0,0,0
00672,2026-03-02,,,,,,,0,,,,,2025-12-24,4792024261,5635809800,85.0281,85.0281,-105958348,183,0,0,0
01251,2026-03-02,,,,,,,0,,,,,2025-12-24,1629111960,1954143999,83.367,83.367,50840163,183,1,0,0
00346,2026-03-02,,,,,,,0,,,,,2025-12-24,652416923,1100102803,59.3051,59.3051,3462000,183,0.5,0,0
00184,2026-03-02,,,,,,,0,,,,,2025-12-24,141453101,340200000,41.5794,41.5794,-184799,183,0.5,0,0
00918,2026-03-02,,,,,,,0,,,,,2025-12-24,353783292,1114069159,31.756,31.756,4833200,183,0.5,0,0
08219,2026-03-03,,,,,,,0,,,,,2025-12-24,89676450,247500000,36.2329,36.2329,-11820750,183,0,0,0
01400,2026-03-03,,,,,,,0,,,,,2025-12-24,2207364952,3801767365,58.0615,58.0615,48965940,183,1,0,0
01421,2026-03-03,,,,,,,0,,,,,2025-12-24,107061250,200195200,53.4784,53.4784,5522825,183,1,0,0
00048,2026-03-03,,,,,,,0,,,,,2025-12-24,96420376,437787760,22.0245,22.0245,-1910408,183,0.5,0,0
00332,2026-03-03,,,,,,,0,,,,,2025-12-24,5476509860,327281056,,1673.3354,15077868,183,,0,0
08326,2026-03-03,,,,,,,0,,,,,2025-12-24,1096203715,1227000000,89.3402,89.3402,19336260,183,1,0,0
01555,2026-03-03,,,,,,,0,,,,,2025-12-24,2714493953,3386525510,80.1557,80.1557,22855880,183,0.5,0,0
02012,2026-03-03,,,,,,,0,,,,,2025-12-24,216525135,711354444,30.4384,30.4384,32338213,183,1,0,0
01407,2026-03-03,,,,,,,0,,,,,2025-12-24,403444000,440000000,91.6918,91.6918,310004000,183,1,0,0
01265,2026-03-03,,,,,,,0,,,,,2025-12-24,280220000,1839307800,15.2351,15.2351,-2410000,183,0.5,0,0
01120,2026-03-03,,,,,,,0,,,,,2025-12-24,133851000,386263374,34.6528,34.6528,-15420000,183,0,0,0
03395,2026-03-03,,,,,,,0,,,,,2025-12-24,312585673,869292597,35.9586,35.9586,33480365,183,1,0,0
00166,2026-03-03,,,,,,,0,,,,,2025-12-24,2343481265,8741776988,26.8078,26.8078,-19790772,183,0.5,0,0
00681,2026-03-03,,,,,,,0,,,,,2025-12-24,3697353202,8934561203,41.3826,41.3826,142442191,183,1,0,0
02178,2026-03-03,,,,,,,0,,,,,2025-12-24,1115501134,1726674682,64.604,64.604,-5076763,183,0.5,0,0
01251,2026-03-03,,,,,,,0,,,,,2025-12-24,1629111960,1954143999,83.367,83.367,50840163,183,1,0,0
00346,2026-03-03,,,,,,,0,,,,,2025-12-24,652416923,1100102803,59.3051,59.3051,3462000,183,0.5,0,0
01341,2026-03-03,,,,,,,0,,,,,2025-12-24,10186799329,11095376835,,91.8112,4252549639,183,,1,0
01855,2026-03-03,,,,,,,0,,,,,2025-12-24,141971831,825000000,17.2087,17.2087,7878796,183,0.5,0,0
00632,2026-03-03,,,,,,,0,,,,,2025-12-24,661694837,956353674,69.1893,69.1893,-42516242,183,0,0,0
00918,2026-03-03,,,,,,,0,,,,,2025-12-24,353783292,1114069159,31.756,31.756,4833200,183,0.5,0,0
00197,2026-03-04,,,,,,,0,,,,,2025-12-24,144468813,209210453,69.0543,69.0543,16394125,183,1,0,0
08117,2026-03-04,,,,,,,0,,,,,2025-12-24,692800411,1023987439,67.6571,67.6571,-15021413,183,0,0,0
01637,2026-03-04,,,,,,,0,,,,,2025-12-24,370090700,400000000,92.5227,92.5227,1030000,183,0.5,0,0
03390,2026-03-04,,,,,,,0,,,,,2025-12-24,636046326,894000000,71.1461,71.1461,253324000,183,1,0,0
00557,2026-03-04,,,,,,,0,,,,,2025-12-24,322734622,398979524,80.89,80.89,535779,183,0.5,0,0
06911,2026-03-04,,,,,,,0,,,,,2025-12-24,47405500,150000000,31.6037,31.6037,19711300,183,1,0,0
00042,2026-03-04,,,,,,,0,,,,,2025-12-24,146688850,873370000,16.7957,16.7957,262000,183,0.5,0,0
02440,2026-03-04,,,,,,,0,,,,,2025-12-24,327399977,417029093,78.5077,78.5077,107449426,183,1,0,0
02458,2026-03-04,,,,,,,0,,,,,2025-12-24,128796146,142710128,90.2502,90.2502,11191681,183,1,0,0
08547,2026-03-05,,,,,,,0,,,,,2025-12-24,428801460,886733316,48.3574,48.3574,210220500,183,1,0,0
01950,2026-03-05,,,,,,,0,,,,,2025-12-24,448877991,720000000,62.3442,62.3442,-67884675,183,0,0,0
01245,2026-03-05,,,,,,,0,,,,,2025-12-24,336121457,1195850460,28.1073,28.1073,1659492,183,0.5,0,0
06083,2026-03-05,,,,,,,0,,,,,2025-12-24,454520112,501843114,90.5702,90.5702,8803200,183,1,0,0
01795,2026-03-05,,,,,,,0,,,,,2025-12-24,559449058,600000000,93.2415,93.2415,-5850000,183,0.5,0,0
01961,2026-03-05,,,,,,,0,,,,,2025-12-24,670499136,734301174,91.3112,91.3112,-444000,183,0.5,0,0
00821,2026-03-06,,,,,,,0,,,,,2025-12-24,243491398,371085219,65.616,65.616,-1498502002,183,0,0,0
01967,2026-03-06,,,,,,,0,,,,,2025-12-24,125343250,300000000,41.7811,41.7811,52657000,183,1,0,0
01843,2026-03-06,,,,,,,0,,,,,2025-12-24,754703478,800000000,94.3379,94.3379,-6430739,183,0.5,0,0
00310,2026-03-06,,,,,,,0,,,,,2025-12-24,574774399,621132020,92.5366,92.5366,494961900,183,1,0,0
01105,2026-03-06,,,,,,,0,,,,,2025-12-24,499286324,880543017,56.7021,56.7021,-15244390,183,0,0,0
08646,2026-03-06,,,,,,,0,,,,,2025-12-24,192611000,782990000,24.5994,24.5994,71346000,183,1,0,0
01500,2026-03-06,,,,,,,0,,,,,2025-12-24,156667000,830000000,18.8755,18.8755,-1110000,183,0.5,0,0
03366,2026-03-06,,,,,,,0,,,,,2025-12-24,146231869,748366000,19.5402,19.5402,4322000,183,0.5,0,0
01552,2026-03-06,,,,,,,0,,,,,2025-12-24,203300000,800000000,25.4125,25.4125,57115000,183,1,0,0
01529,2026-03-06,,,,,,,0,,,,,2025-12-24,440259005,667080000,65.9979,65.9979,360594200,183,1,0,0
01795,2026-03-06,,,,,,,0,,,,,2025-12-24,559449058,600000000,93.2415,93.2415,-5850000,183,0.5,0,0
01397,2026-03-06,,,,,,,0,,,,,2025-12-24,375080000,415000000,90.3807,90.3807,-3739466,183,0.5,0,0
00279,2026-03-06,,,,,,,0,,,,,2025-12-24,1163526058,1395527300,83.3754,83.3754,-19048609872,183,0,0,0
00058,2026-03-09,,,,,,,0,,,,,2025-12-24,88260278,515520000,17.1206,17.1206,716720,183,0.5,0,0
03366,2026-03-09,,,,,,,0,,,,,2025-12-24,146231869,748366000,19.5402,19.5402,4322000,183,0.5,0,0
01075,2026-03-09,,,,,,,0,,,,,2025-12-24,53467150,289808609,18.4491,18.4491,-2097190,183,0.5,0,0
01393,2026-03-09,,,,,,,0,,,,,2025-12-24,3304294674,4605259407,71.7505,71.7505,-25664501,183,0.5,0,0
00776,2026-03-09,,,,,,,0,,,,,2025-12-24,352417237,671837550,52.4557,52.4557,48402549,183,1,0,0
01429,2026-03-09,,,,,,,0,,,,,2025-12-24,282785808,1600000000,17.6741,17.6741,-3488000,183,0.5,0,0
01813,2026-03-09,,,,,,,0,,,,,2025-12-24,1257442946,3418883945,36.7793,36.7793,39889991,183,1,0,0
02502,2026-03-09,,,,,,,0,,,,,2025-12-24,937112862,955640000,98.0613,98.0613,8389940,183,0.5,0,0
08516,2026-03-10,,,,,,,0,,,,,2025-12-24,12147877,57548400,21.109,21.109,-111769722,183,0,0,0
00204,2026-03-10,,,,,,,0,,,,,2025-12-24,106351847,249055128,42.7021,42.7021,-584779499,183,0,0,0
08500,2026-03-10,,,,,,,0,,,,,2025-12-24,354053000,432000000,81.9567,81.9567,128968000,183,1,0,0
09918,2026-03-10,,,,,,,0,,,,,2025-12-24,65992200,100000000,65.9922,65.9922,-1140800,183,0,0,0
01025,2026-03-10,,,,,,,0,,,,,2025-12-24,151459856,447367440,33.8558,33.8558,119095440,183,1,0,0
08646,2026-03-10,,,,,,,0,,,,,2025-12-24,192611000,782990000,24.5994,24.5994,71346000,183,1,0,0
00550,2026-03-10,,,,,,,0,,,,,2025-12-24,254113228,455534000,55.7836,55.7836,6491000,183,1,0,0
00058,2026-03-10,,,,,,,0,,,,,2025-12-24,88260278,515520000,17.1206,17.1206,716720,183,0.5,0,0
01831,2026-03-10,,,,,,,0,,,,,2025-12-24,307153541,1075449549,28.5605,28.5605,-78025,183,0.5,0,0
00343,2026-03-10,,,,,,,0,,,,,2025-12-24,890465810,1734075788,51.351,51.351,-11251359,183,0.5,0,0
08223,2026-03-10,,,,,,,0,,,,,2025-12-24,331049981,516000000,64.157,64.157,23858200,183,1,0,0
01410,2026-03-10,,,,,,,0,,,,,2025-12-24,794062000,1009717000,78.642,78.642,-46630000,183,0,0,0
02405,2026-03-10,,,,,,,0,,,,,2025-12-24,678164000,800000000,84.7705,84.7705,378202000,183,1,0,0
06939,2026-03-10,,,,,,,0,,,,,2025-12-24,159838000,622500000,25.6768,25.6768,4960000,183,0.5,0,0
00938,2026-03-11,,,,,,,0,,,,,2025-12-24,309073050,647198595,47.7555,47.7555,-7355661,183,0,0,0
00913,2026-03-11,,,,,,,0,,,,,2025-12-24,251351078,887045040,28.3358,28.3358,4607520,183,0.5,0,0
08637,2026-03-11,,,,,,,0,,,,,2025-12-24,53520278,149702000,35.7512,35.7512,20092280,183,1,0,0
02671,2026-03-11,,,,,,,0,,,,,,,,,,,,,0,0
01410,2026-03-11,,,,,,,0,,,,,2025-12-24,794062000,1009717000,78.642,78.642,-46630000,183,0,0,0
00052,2026-03-11,,,,,,,0,,,,,2025-12-24,56202874,129552780,43.3822,43.3822,-1280525,183,0.5,0,0
02250,2026-03-11,,,,,,,0,,,,,2025-12-24,473489501,1008355000,46.9566,46.9566,92972501,183,1,0,0
00279,2026-03-11,,,,,,,0,,,,,2025-12-24,1163526058,1395527300,83.3754,83.3754,-19048609872,183,0,0,0
00426,2026-03-12,,,,,,,0,,,,,2025-12-24,73759521,400900000,18.3985,18.3985,904000,183,0.5,0,0
00261,2026-03-12,,,,,,,0,,,,,2025-12-24,208971554,331361678,63.0645,63.0645,20132521,183,1,0,0
08120,2026-03-12,,,,,,,0,,,,,2025-12-24,94680815,162626760,58.2197,58.2197,-10770986,183,0,0,0
01633,2026-03-12,,,,,,,0,,,,,2025-12-24,130326000,684750000,19.0326,19.0326,759000,183,0.5,0,0
01229,2026-03-12,,,,,,,0,,,,,2025-12-24,151440911,765373584,19.7865,19.7865,-30771,183,0.5,0,0
00381,2026-03-12,,,,,,,0,,,,,2025-12-24,348133887,1330424526,26.1671,26.1671,77365475,183,1,0,0
00764,2026-03-12,,,,,,,0,,,,,2025-12-24,317651511,402856705,78.8498,78.8498,-2847746380,183,0,0,0
08395,2026-03-12,,,,,,,0,,,,,2025-12-24,521631912,1714000000,30.4336,30.4336,-614678088,183,0,0,0
01332,2026-03-12,,,,,,,0,,,,,2025-12-24,1296629842,2805952149,46.21,46.21,23787350,183,0.5,0,0
09689,2026-03-12,,,,,,,0,,,,,2025-12-24,508446000,1116000000,45.5597,45.5597,21564000,183,1,0,0
02167,2026-03-12,,,,,,,0,,,,,2025-12-24,88192304,173380400,50.8664,50.8664,-3905357,183,0,0,0
00721,2026-03-12,,,,,,,0,,,,,2025-12-24,7024856903,2194326806,,320.1372,724976000,183,,1,0
02110,2026-03-13,,,,,,,0,,,,,2025-12-24,244766000,43200000,,566.588,8949700,183,,1,0
08131,2026-03-13,,,,,,,0,,,,,2025-12-24,420715091,719211139,58.4967,58.4967,-9697546,183,0,0,0
08187,2026-03-13,,,,,,,0,,,,,2025-12-24,117342373,151683840,77.3598,77.3598,-17147739,183,0,0,0
00484,2026-03-13,,,,,,,0,,,,,2025-12-24,82773569,171725090,48.2012,48.2012,1309400,183,0.5,0,0
03313,2026-03-13,,,,,,,0,,,,,2025-12-24,898326672,142210462,,631.6882,217556513,183,,1,0
02376,2026-03-13,,,,,,,0,,,,,2025-12-24,32505500,133340000,24.3779,24.3779,600000,183,0.5,0,0
00381,2026-03-13,,,,,,,0,,,,,2025-12-24,348133887,1330424526,26.1671,26.1671,77365475,183,1,0,0
01716,2026-03-13,,,,,,,0,,,,,2025-12-24,69617743,270000000,25.7843,25.7843,8623,183,0.5,0,0
01159,2026-03-13,,,,,,,0,,,,,2025-12-24,89965710,141856479,63.4202,63.4202,46419952,183,1,0,0
00827,2026-03-13,,,,,,,0,,,,,2025-12-24,3205871096,7028042599,45.6154,45.6154,11932000,183,0.5,0,0
01945,2026-03-13,,,,,,,0,,,,,2025-12-24,108390041,294030400,36.8635,36.8635,4783600,183,1,0,0
08403,2026-03-13,,,,,,,0,,,,,2025-12-24,146888120,169200000,86.8133,86.8133,30552120,183,1,0,0
06908,2026-03-13,,,,,,,0,,,,,2025-12-24,714311352,1171854481,60.9556,60.9556,13669763,183,1,0,0
00149,2026-03-13,,,,,,,0,,,,,2025-12-24,8110615638,9953067822,81.4886,81.4886,159085421,183,1,0,0
00721,2026-03-13,,,,,,,0,,,,,2025-12-24,7024856903,2194326806,,320.1372,724976000,183,,1,0
01647,2026-03-16,,,,,,,0,,,,,2025-12-24,902056000,1195040000,75.4833,75.4833,25021000,183,1,0,0
01718,2026-03-16,,,,,,,0,,,,,2025-12-24,195580770,304120000,64.3104,64.3104,119755500,183,1,0,0
01703,2026-03-16,,,,,,,0,,,,,2025-12-24,888530000,138000000,,643.8623,-11278000,183,,0,0
08646,2026-03-16,,,,,,,0,,,,,2025-12-24,192611000,782990000,24.5994,24.5994,71346000,183,1,0,0
00738,2026-03-16,,,,,,,0,,,,,2025-12-24,551498071,694751060,79.3807,79.3807,1525970,183,0.5,0,0
08292,2026-03-16,,,,,,,0,,,,,2025-12-24,586771868,1078320000,54.4154,54.4154,-17156050,183,0,0,0
00938,2026-03-16,,,,,,,0,,,,,2025-12-24,309073050,647198595,47.7555,47.7555,-7355661,183,0,0,0
01780,2026-03-16,,,,,,,0,,,,,2025-12-24,531014800,620000000,85.6475,85.6475,-34057700,183,0,0,0
06162,2026-03-16,,,,,,,0,,,,,2025-12-24,1045729099,2400000000,43.572,43.572,-890655001,183,0,0,0
02881,2026-03-16,,,,,,,0,,,,,2025-12-24,79818552,93300000,85.5504,85.5504,-12076448,183,0,0,0
06919,2026-03-16,,,,,,,0,,,,,2025-12-24,142297002,158445679,89.8081,89.8081,-1592576,183,0,0,0
01808,2026-03-16,,,,,,,0,,,,,2025-12-24,207480088,244888185,84.7244,84.7244,8949680,183,1,0,0
00635,2026-03-16,,,,,,,0,,,,,2025-12-24,415784397,2068000000,20.1056,20.1056,10717280,183,0.5,0,0
08153,2026-03-17,,,,,,,0,,,,,2025-12-24,25498789,41595175,61.3023,61.3023,-270618171,183,0,0,0
02433,2026-03-17,,,,,,,0,,,,,2025-12-24,288522715,576000000,50.0907,50.0907,-47742000,183,0,0,0
08416,2026-03-17,,,,,,,0,,,,,2025-12-24,172040000,421415000,40.8244,40.8244,305000,183,0.5,0,0
08238,2026-03-17,,,,,,,0,,,,,2025-12-24,61254504,348364800,17.5834,17.5834,1692068,183,0.5,0,0
06163,2026-03-17,,,,,,,0,,,,,2025-12-24,268433000,276504000,97.0811,97.0811,24485000,183,1,0,0
01025,2026-03-17,,,,,,,0,,,,,2025-12-24,151459856,447367440,33.8558,33.8558,119095440,183,1,0,0
01630,2026-03-17,,,,,,,0,,,,,2025-12-24,1356301594,1500000000,90.4201,90.4201,-5370000,183,0.5,0,0
01705,2026-03-17,,,,,,,0,,,,,2025-12-24,165185200,400000000,41.2963,41.2963,-2950000,183,0.5,0,0
08271,2026-03-17,,,,,,,0,,,,,2025-12-24,623201939,1503309540,41.4553,41.4553,5090824,183,0.5,0,0
00318,2026-03-17,,,,,,,0,,,,,2025-12-24,81916089,288258877,28.4175,28.4175,-74123,183,0.5,0,0
01710,2026-03-17,,,,,,,0,,,,,2025-12-24,152160000,1000000000,15.216,15.216,-18464000,183,0,0,0
00129,2026-03-17,,,,,,,0,,,,,2025-12-24,809057316,1420635324,56.9504,56.9504,-13697585,183,0.5,0,0
00936,2026-03-17,,,,,,,0,,,,,2025-12-24,903355000,1060000000,85.2222,85.2222,49371000,183,1,0,0
02671,2026-03-17,,,,,,,0,,,,,,,,,,,,,0,0
00994,2026-03-17,,,,,,,0,,,,,2025-12-24,897336510,1291006000,69.5068,69.5068,185049000,183,1,0,0
00097,2026-03-17,,,,,,,0,,,,,2025-12-24,493200051,3047327395,16.1847,16.1847,-30278557,183,0.5,0,0
02881,2026-03-17,,,,,,,0,,,,,2025-12-24,79818552,93300000,85.5504,85.5504,-12076448,183,0,0,0
01292,2026-03-17,,,,,,,0,,,,,2025-12-24,112272800,202064000,55.563,55.563,2874000,183,1,0,0
00690,2026-03-17,,,,,,,0,,,,,2025-12-24,2537177217,5971228147,42.49,42.49,46863971,183,0.5,0,0
00353,2026-03-17,,,,,,,0,,,,,2025-12-24,202740380,2115562890,9.5833,9.5833,-46134325,183,0,0,0
00210,2026-03-17,,,,,,,0,,,,,2025-12-24,1053544428,1978598429,53.247,53.247,10659779,183,0.5,0,0
00829,2026-03-17,,,,,,,0,,,,,2025-12-24,773260831,3230480000,23.9364,23.9364,19488650,183,0.5,0,0
02433,2026-03-18,,,,,,,0,,,,,2025-12-24,288522715,576000000,50.0907,50.0907,-47742000,183,0,0,0
00248,2026-03-18,,,,,,,0,,,,,2025-12-24,298912083,233499610,,128.014,3939671,183,,1,0
01259,2026-03-18,,,,,,,0,,,,,2025-12-24,1533359102,2203361000,69.5918,69.5918,-82624000,183,0,0,0
00653,2026-03-18,,,,,,,0,,,,,2025-12-24,1517185587,1874878065,80.9218,80.9218,1162285957,183,1,0,0
01156,2026-03-18,,,,,,,0,,,,,2025-12-24,415447383,707710677,58.703,58.703,3307850,183,0.5,0,0
01750,2026-03-18,,,,,,,0,,,,,2025-12-24,321330000,1800000000,17.8517,17.8517,1624000,183,0.5,0,0
01633,2026-03-18,,,,,,,0,,,,,2025-12-24,130326000,684750000,19.0326,19.0326,759000,183,0.5,0,0
02439,2026-03-18,,,,,,,0,,,,,2025-12-24,279449150,1200000000,23.2874,23.2874,11478800,183,0.5,0,0
00713,2026-03-18,,,,,,,0,,,,,2025-12-24,237592332,792117421,29.9946,29.9946,-7104097,183,0.5,0,0
00244,2026-03-18,,,,,,,0,,,,,2025-12-24,1200094912,1313962560,91.334,91.334,7738612,183,0.5,0,0
00620,2026-03-18,,,,,,,0,,,,,2025-12-24,614049743,801025230,76.658,76.658,120736577,183,1,0,0
00595,2026-03-18,,,,,,,0,,,,,2025-12-24,366753061,857501302,42.77,42.77,-5518400,183,0.5,0,0
00458,2026-03-18,,,,,,,0,,,,,2025-12-24,248722847,273975253,90.783,90.783,3799500,183,1,0,0
08059,2026-03-18,,,,,,,0,,,,,2025-12-24,846565800,1010605000,,83.7682,1390000,183,,1,0
00888,2026-03-19,,,,,,,0,,,,,2025-12-24,964400216,1421838398,67.8277,67.8277,-976586,183,0.5,0,0
01690,2026-03-19,,,,,,,0,,,,,2025-12-24,647974050,1445230000,44.8354,44.8354,-5620000,183,0.5,0,0
08081,2026-03-19,,,,,,,0,,,,,2025-12-24,3805816401,5156035108,73.8128,73.8128,271313921,183,1,0,0
01705,2026-03-19,,,,,,,0,,,,,2025-12-24,165185200,400000000,41.2963,41.2963,-2950000,183,0.5,0,0
01147,2026-03-19,,,,,,,0,,,,,2025-12-24,396776850,2044947350,19.4028,19.4028,-7350000,183,0.5,0,0
02102,2026-03-19,,,,,,,0,,,,,2025-12-24,188039850,1000000000,18.804,18.804,2089850,183,0.5,0,0
01490,2026-03-19,,,,,,,0,,,,,2025-12-24,310261351,1234600000,25.1305,25.1305,2528150,183,0.5,0,0
00022,2026-03-19,,,,,,,0,,,,,2025-12-24,1722481140,39327757,,4379.8103,42508445,183,,1,0
08176,2026-03-20,,,,,,,0,,,,,2025-12-24,383944999,715500728,53.661,53.661,-10718980,183,0,0,0
08619,2026-03-20,,,,,,,0,,,,,2025-12-24,80149990,433635000,18.4833,18.4833,-704610510,183,0,0,0
01690,2026-03-20,,,,,,,0,,,,,2025-12-24,647974050,1445230000,44.8354,44.8354,-5620000,183,0.5,0,0
01376,2026-03-20,,,,,,,0,,,,,2025-12-24,223754000,1000000000,22.3754,22.3754,-669572000,183,0,0,0
08507,2026-03-20,,,,,,,0,,,,,2025-12-24,281884000,800000000,35.2355,35.2355,214700000,183,1,0,0
08125,2026-03-20,,,,,,,0,,,,,2025-12-24,86361069,216732672,39.8468,39.8468,63367808,183,1,0,0
01949,2026-03-20,,,,,,,0,,,,,2025-12-24,132342105,230400000,,57.4401,-332065920,183,,1,0
01132,2026-03-20,,,,,,,0,,,,,2025-12-24,2305693099,2799669050,82.3559,82.3559,524000,183,0.5,0,0
01176,2026-03-20,,,,,,,0,,,,,2025-12-24,6658614025,8850632753,75.2332,75.2332,-53160302,183,0.5,0,0
01546,2026-03-20,,,,,,,0,,,,,2025-12-24,168538000,800000000,21.0672,21.0672,-2848000,183,0.5,0,0
00831,2026-03-20,,,,,,,0,,,,,2025-12-24,338987704,782136974,43.3412,43.3412,-12068034,183,0,0,0
00296,2026-03-20,,,,,,,0,,,,,2025-12-24,328808560,1188490983,27.6661,27.6661,-30706188,183,0,0,0
00620,2026-03-20,,,,,,,0,,,,,2025-12-24,614049743,801025230,76.658,76.658,120736577,183,1,0,0
01746,2026-03-20,,,,,,,0,,,,,2025-12-24,904582000,1000000000,90.4582,90.4582,17566000,183,1,0,0
02651,2026-03-20,,,,,,,0,,,,,2025-12-24,16147795,50579042,31.9259,31.9259,-510145,118,0,0,0
01466,2026-03-20,,,,,,,0,,,,,2025-12-24,572177816,932254085,61.3757,61.3757,11968816,183,1,0,0
00428,2026-03-23,,,,,,,0,,,,,2025-12-24,100966350,154258237,65.4528,65.4528,35628393,183,1,0,0
08422,2026-03-23,,,,,,,0,,,,,2025-12-24,81713000,360000000,22.6981,22.6981,404000,183,0.5,0,0
00932,2026-03-23,,,,,,,0,,,,,2025-12-24,1902669845,3107893440,61.2206,61.2206,-230000,183,0.5,0,0
08217,2026-03-23,,,,,,,0,,,,,2025-12-24,220240500,301860000,72.9611,72.9611,-13154264,183,0,0,0
00269,2026-03-23,,,,,,,0,,,,,2025-12-24,6064786695,10644093185,56.978,56.978,246945,183,0.5,0,0
03789,2026-03-23,,,,,,,0,,,,,2025-12-24,219624000,1200000000,18.302,18.302,856000,183,0.5,0,0
06918,2026-03-23,,,,,,,0,,,,,2025-12-24,516623125,874386800,59.084,59.084,120190800,183,1,0,0
01433,2026-03-23,,,,,,,0,,,,,2025-12-24,393620000,1991470000,19.7653,19.7653,14310000,183,0.5,0,0
00573,2026-03-23,,,,,,,0,,,,,2025-12-24,851868531,1014348000,83.9819,83.9819,1192000,183,0.5,0,0
00423,2026-03-23,,,,,,,0,,,,,2025-12-24,80185173,431600000,18.5786,18.5786,-14593500,183,0,0,0
00169,2026-03-23,,,,,,,0,,,,,2025-12-24,1288989137,4697346488,27.4408,27.4408,-41033710,183,0.5,0,0
00640,2026-03-23,,,,,,,0,,,,,2025-12-24,83399762,310245538,26.8819,26.8819,-110275766,183,0,0,0
01569,2026-03-23,,,,,,,0,,,,,2025-12-24,1729958035,4217720000,41.0164,41.0164,36399801,183,0.5,0,0
01731,2026-03-23,,,,,,,0,,,,,2025-12-24,211691391,1120000000,18.901,18.901,1046000,183,0.5,0,0
01346,2026-03-23,,,,,,,0,,,,,2025-12-24,392289457,639100000,61.3815,61.3815,103372456,183,1,0,0
01166,2026-03-24,,,,,,,0,,,,,2025-12-24,128381942,142466617,90.1137,90.1137,19688539,183,1,0,0
09958,2026-03-24,,,,,,,0,,,,,2025-12-24,129491711,500000000,25.8983,25.8983,-31773199,183,0,0,0
08360,2026-03-24,,,,,,,0,,,,,2025-12-24,261584400,362059714,72.249,72.249,19495600,183,1,0,0
06610,2026-03-24,,,,,,,0,,,,,2025-12-24,81371414,130028760,62.5796,62.5796,-1405797345,183,0,0,0
00118,2026-03-24,,,,,,,0,,,,,2025-12-24,307417601,861930692,35.6662,35.6662,203080,183,0.5,0,0
00897,2026-03-24,,,,,,,0,,,,,2025-12-24,977129851,1114382888,87.6835,87.6835,4544439,183,0.5,0,0
02529,2026-03-24,,,,,,,0,,,,,2025-12-24,38069000,160000000,23.7931,23.7931,80850,183,0.5,0,0
01692,2026-03-24,,,,,,,0,,,,,2025-12-24,51924820,359000000,14.4637,14.4637,52820,183,0.5,0,0
00567,2026-03-24,,,,,,,0,,,,,2025-12-24,1421994000,1613287570,88.1426,88.1426,20453000,183,1,0,0
01463,2026-03-24,,,,,,,0,,,,,2025-12-24,2369662000,2874251497,82.4445,82.4445,-4208000,183,0.5,0,0
02008,2026-03-24,,,,,,,0,,,,,2025-12-24,159033422,499365950,31.8471,31.8471,-4593799,183,0.5,0,0
00747,2026-03-25,,,,,,,0,,,,,2025-12-24,337177340,1469376000,22.947,22.947,20111600,183,1,0,0
00164,2026-03-25,,,,,,,0,,,,,2025-12-24,238037476,349262723,68.1543,68.1543,180978436,183,1,0,0
00784,2026-03-25,,,,,,,0,,,,,2025-12-24,422854000,800000000,52.8568,52.8568,-1030005,183,0.5,0,0
03662,2026-03-25,,,,,,,0,,,,,2025-12-24,380465270,726250000,52.3876,52.3876,1169508,183,0.5,0,0
02545,2026-03-25,,,,,,,0,,,,,2025-12-24,472513020,640000000,73.8302,73.8302,24835990,183,1,0,0
02529,2026-03-25,,,,,,,0,,,,,2025-12-24,38069000,160000000,23.7931,23.7931,80850,183,0.5,0,0
00367,2026-03-25,,,,,,,0,,,,,2025-12-24,383190590,1672553104,22.9105,22.9105,3719237,183,0.5,0,0
01727,2026-03-25,,,,,,,0,,,,,2025-12-24,250513300,1761383500,14.2225,14.2225,23621916,183,1,0,0
01553,2026-03-25,,,,,,,0,,,,,2025-12-24,92037550,433800000,21.2166,21.2166,-462000,183,0.5,0,0
00536,2026-03-25,,,,,,,0,,,,,2025-12-24,452852047,796058719,56.8868,56.8868,95200,183,0.5,0,0
00156,2026-03-25,,,,,,,0,,,,,2025-12-24,830090731,918691271,90.3558,90.3558,8273039,183,0.5,0,0
00559,2026-03-26,,,,,,,0,,,,,2025-12-24,424450990,523184390,81.1284,81.1284,-14276032,183,0,0,0
01400,2026-03-26,,,,,,,0,,,,,2025-12-24,2207364952,3801767365,58.0615,58.0615,48965940,183,1,0,0
01850,2026-03-26,,,,,,,0,,,,,2025-12-24,124696753,172800000,72.1625,72.1625,16068076,183,1,0,0
02605,2026-03-26,,,,,,,0,,,,,2025-12-24,73696175,154911462,47.5731,47.5731,52166575,138,1,0,0
00731,2026-03-26,,,,,,,0,,,,,2025-12-24,309831948,1414600832,21.9024,21.9024,877600,183,0.5,0,0
01285,2026-03-26,,,,,,,0,,,,,2025-12-24,397937002,415000000,95.8884,95.8884,1453000,183,0.5,0,0
01226,2026-03-26,,,,,,,0,,,,,2025-12-24,298905875,412596600,72.4451,72.4451,19338970,183,1,0,0
02651,2026-03-26,,,,,,,0,,,,,2025-12-24,16147795,50579042,31.9259,31.9259,-510145,118,0,0,0
00606,2026-03-26,,,,,,,0,,,,,2025-12-24,846590568,1935000000,43.7515,43.7515,-585743,183,0.5,0,0
00771,2026-03-26,,,,,,,0,,,,,2025-12-24,271280926,839429492,32.3173,32.3173,-3312458,183,0.5,0,0
01953,2026-03-26,,,,,,,0,,,,,2025-12-24,1157544582,1260000000,91.8686,91.8686,-15705000,183,0,0,0
00528,2026-03-26,,,,,,,0,,,,,2025-12-24,348150874,629678000,55.2903,55.2903,-25746355,183,0,0,0
02483,2026-03-26,,,,,,,0,,,,,2025-12-24,214639000,500000000,42.9278,42.9278,5226000,183,1,0,0
08516,2026-03-27,,,,,,,0,,,,,2025-12-24,12147877,57548400,21.109,21.109,-111769722,183,0,0,0
06968,2026-03-27,,,,,,,0,,,,,2025-12-24,1282799001,1621799000,79.0973,79.0973,3867001,183,0.5,0,0
00524,2026-03-27,,,,,,,0,,,,,2025-12-24,170391811,236277500,72.1151,72.1151,210344,183,0.5,0,0
08268,2026-03-27,,,,,,,0,,,,,2025-12-24,255082799,288000000,88.5704,88.5704,10290179,183,1,0,0
00396,2026-03-27,,,,,,,0,,,,,2025-12-24,234822007,808096025,29.0587,29.0587,4576000,183,0.5,0,0
03366,2026-03-27,,,,,,,0,,,,,2025-12-24,146231869,748366000,19.5402,19.5402,4322000,183,0.5,0,0
02605,2026-03-27,,,,,,,0,,,,,2025-12-24,73696175,154911462,47.5731,47.5731,52166575,138,1,0,0
02108,2026-03-27,,,,,,,0,,,,,2025-12-24,179270000,800000000,22.4087,22.4087,4768000,183,0.5,0,0
06038,2026-03-27,,,,,,,0,,,,,2025-12-24,185570003,1003000000,18.5015,18.5015,8200003,183,0.5,0,0
06118,2026-03-27,,,,,,,0,,,,,2025-12-24,100354778,512582000,19.5783,19.5783,1560576,183,0.5,0,0
00229,2026-03-27,,,,,,,0,,,,,2025-12-24,176305868,501324860,35.168,35.168,-16398000,183,0,0,0
01556,2026-03-27,,,,,,,0,,,,,2025-12-24,204413334,1500000000,13.6276,13.6276,5239531,183,0.5,0,0
01657,2026-03-27,,,,,,,0,,,,,2025-12-24,3144500,32000000,9.8266,9.8266,271000,183,0.5,0,0
00368,2026-03-27,,,,,,,0,,,,,2025-12-24,173130000,800000000,21.6412,21.6412,32408000,183,1,0,0
01346,2026-03-27,,,,,,,0,,,,,2025-12-24,392289457,639100000,61.3815,61.3815,103372456,183,1,0,0
08131,2026-03-30,,,,,,,0,,,,,2025-12-24,420715091,719211139,58.4967,58.4967,-9697546,183,0,0,0
00145,2026-03-30,,,,,,,0,,,,,2025-12-24,256681823,366201816,70.093,70.093,159318426,183,1,0,0
08081,2026-03-30,,,,,,,0,,,,,2025-12-24,3805816401,5156035108,73.8128,73.8128,271313921,183,1,0,0
00524,2026-03-30,,,,,,,0,,,,,2025-12-24,170391811,236277500,72.1151,72.1151,210344,183,0.5,0,0
02505,2026-03-30,,,,,,,0,,,,,2025-12-24,403270359,463315750,87.0401,87.0401,311278581,183,1,0,0
01102,2026-03-30,,,,,,,0,,,,,2025-12-24,933839721,2799385743,33.3587,33.3587,4109325,183,0.5,0,0
01715,2026-03-30,,,,,,,0,,,,,2025-12-24,260528070,360759879,72.2165,72.2165,182543570,183,1,0,0
01962,2026-03-30,,,,,,,0,,,,,2025-12-24,602132693,616136000,97.7272,97.7272,-4427803,183,0.5,0,0
01073,2026-03-30,,,,,,,0,,,,,2025-12-24,2909961881,3417990570,85.1366,85.1366,995708784,183,1,0,0
08269,2026-03-30,,,,,,,0,,,,,2025-12-24,543479621,890722800,61.0156,61.0156,-19881890,183,0,0,0
00583,2026-03-30,,,,,,,0,,,,,2025-12-24,626194506,1567745596,39.9424,39.9424,147619,183,0.5,0,0
03913,2026-03-30,,,,,,,0,,,,,2025-12-24,782394274,2025858916,38.6204,38.6204,-66467644,183,0,0,0
08368,2026-03-30,,,,,,,0,,,,,2025-12-24,248089757,692217719,35.8398,35.8398,56499698,183,1,0,0
01780,2026-03-30,,,,,,,0,,,,,2025-12-24,531014800,620000000,85.6475,85.6475,-34057700,183,0,0,0
02281,2026-03-30,,,,,,,0,,,,,2025-12-24,181183000,859710000,21.0749,21.0749,9462000,183,1,0,0
00351,2026-03-30,,,,,,,0,,,,,2025-12-24,449945075,1994975244,22.5539,22.5539,7171637,183,0.5,0,0
06989,2026-03-30,,,,,,,0,,,,,2025-12-24,235581509,1220348000,19.3045,19.3045,-11650394,183,0.5,0,0
01525,2026-03-30,,,,,,,0,,,,,2025-12-24,366394000,415000000,88.2877,88.2877,-4543500,183,0,0,0
01321,2026-03-30,,,,,,,0,,,,,2025-12-24,1812569075,1844023117,98.2943,98.2943,4467117,183,0.5,0,0
08007,2026-03-31,,,,,,,0,,,,,2025-12-24,168452971,226317429,74.4322,74.4322,-172242354,183,0,0,0
01961,2026-03-31,,,,,,,0,,,,,2025-12-24,670499136,734301174,91.3112,91.3112,-444000,183,0.5,0,0
08072,2026-03-31,,,,,,,0,,,,,2025-12-24,147659877,168349134,87.7105,87.7105,35370924,183,1,0,0
02135,2026-03-31,,,,,,,0,,,,,2025-12-24,445983356,557077333,80.0577,80.0577,-5850948,183,0,0,0
06918,2026-03-31,,,,,,,0,,,,,2025-12-24,516623125,874386800,59.084,59.084,120190800,183,1,0,0
01894,2026-03-31,,,,,,,0,,,,,2025-12-24,663650000,233357000,,284.3926,65849900,183,,1,0
01460,2026-03-31,,,,,,,0,,,,,2025-12-24,619335488,877590312,70.5723,70.5723,13935200,183,1,0,0
00954,2026-03-31,,,,,,,0,,,,,2025-12-24,122570000,529700000,23.1395,23.1395,-1624000,183,0.5,0,0
01792,2026-03-31,,,,,,,0,,,,,2025-12-24,36029062,247680000,,14.5466,-1126004824,183,,1,0
09982,2026-03-31,,,,,,,0,,,,,2025-12-24,3197627591,4638617028,68.9349,68.9349,-11072044,183,0.5,0,0
00987,2026-03-31,,,,,,,0,,,,,2025-12-24,2214386026,2506157464,88.3578,88.3578,-3934459,183,0.5,0,0
02189,2026-03-31,,,,,,,0,,,,,2025-12-24,902818463,1000000000,90.2818,90.2818,145499,183,0.5,0,0
00829,2026-03-31,,,,,,,0,,,,,2025-12-24,773260831,3230480000,23.9364,23.9364,19488650,183,0.5,0,0
08368,2026-03-31,,,,,,,0,,,,,2025-12-24,248089757,692217719,35.8398,35.8398,56499698,183,1,0,0
08471,2026-04-01,,,,,,,0,,,,,2025-12-24,908604000,73560000,,1235.1876,50270000,183,,1,0
01894,2026-04-01,,,,,,,0,,,,,2025-12-24,663650000,233357000,,284.3926,65849900,183,,1,0
06909,2026-04-01,,,,,,,0,,,,,2025-12-24,597359585,622500000,95.9614,95.9614,-8032059,183,0,0,0
00608,2026-04-01,,,,,,,0,,,,,2025-12-24,108052318,305615420,35.3556,35.3556,12969217,183,1,0,0
08368,2026-04-01,,,,,,,0,,,,,2025-12-24,248089757,692217719,35.8398,35.8398,56499698,183,1,0,0
00627,2026-04-01,,,,,,,0,,,,,2025-12-24,340260360,1420673262,23.9506,23.9506,-9757628,183,0.5,0,0
01036,2026-04-01,,,,,,,0,,,,,2025-12-24,75897162,389527932,19.4844,19.4844,1731677,183,0.5,0,0
02779,2026-04-01,,,,,,,0,,,,,2025-12-24,419536192,1608583000,26.0811,26.0811,-9649582,183,0.5,0,0
08069,2026-04-02,,,,,,,0,,,,,2025-12-24,459780000,40835700,,1125.9266,2475000,183,,1,0
01340,2026-04-02,,,,,,,0,,,,,2025-12-24,554000000,138425700,,400.2147,23405000,183,,1,0
00401,2026-04-02,,,,,,,0,,,,,2025-12-24,117299258,1128615702,10.3932,10.3932,-9158218,183,0.5,0,0
08031,2026-04-02,,,,,,,0,,,,,2025-12-24,251716000,354745000,70.9569,70.9569,-3354000,183,0.5,0,0
01529,2026-04-02,,,,,,,0,,,,,2025-12-24,440259005,667080000,65.9979,65.9979,360594200,183,1,0,0
06933,2026-04-02,,,,,,,0,,,,,2025-12-24,258921650,428002816,60.4953,60.4953,-58518360,183,0,0,0
01901,2026-04-02,,,,,,,0,,,,,2025-12-24,432149194,998400000,43.2842,43.2842,153408249,183,1,0,0
00022,2026-04-02,,,,,,,0,,,,,2025-12-24,1722481140,39327757,,4379.8103,42508445,183,,1,0
01371,2026-04-02,,,,,,,0,,,,,2025-12-24,117921822,342108876,,34.4691,-579156,183,,1,0
02298,2026-04-02,,,,,,,0,,,,,2025-12-24,2005808896,2249457213,89.1686,89.1686,-6986777,183,0.5,0,0
08237,2026-04-08,,,,,,,0,,,,,2025-12-24,159943920,201024000,79.5646,79.5646,32821361,183,1,0,0
01421,2026-04-08,,,,,,,0,,,,,2025-12-24,107061250,200195200,53.4784,53.4784,5522825,183,1,0,0
01013,2026-04-08,,,,,,,0,,,,,2025-12-24,252709250,267389531,94.5098,94.5098,630143,183,0.5,0,0
08007,2026-04-08,,,,,,,0,,,,,2025-12-24,168452971,226317429,74.4322,74.4322,-172242354,183,0,0,0
08620,2026-04-08,,,,,,,0,,,,,2025-12-24,503050000,628705000,80.0137,80.0137,2805000,183,0.5,0,0
01703,2026-04-08,,,,,,,0,,,,,2025-12-24,888530000,138000000,,643.8623,-11278000,183,,0,0
08082,2026-04-08,,,,,,,0,,,,,2025-12-24,1920377102,2672815671,71.8485,71.8485,-25864023,183,0.5,0,0
01025,2026-04-08,,,,,,,0,,,,,2025-12-24,151459856,447367440,33.8558,33.8558,119095440,183,1,0,0
08168,2026-04-08,,,,,,,0,,,,,2025-12-24,804720118,1484600000,54.2045,54.2045,-63122159,183,0,0,0
06909,2026-04-08,,,,,,,0,,,,,2025-12-24,597359585,622500000,95.9614,95.9614,-8032059,183,0,0,0
01661,2026-04-08,,,,,,,0,,,,,2025-12-24,87203200,190294200,45.8255,45.8255,-625797,183,0.5,0,0
02227,2026-04-08,,,,,,,0,,,,,2025-12-24,830295120,915600000,90.6832,90.6832,1226000,183,0.5,0,0
01419,2026-04-08,,,,,,,0,,,,,2025-12-24,92680174,379552233,24.4183,24.4183,-4826000,183,0,0,0
01795,2026-04-08,,,,,,,0,,,,,2025-12-24,559449058,600000000,93.2415,93.2415,-5850000,183,0.5,0,0
00082,2026-04-08,,,,,,,0,,,,,2025-12-24,2978611428,4526135442,65.8092,65.8092,28263720,183,0.5,0,0
08512,2026-04-08,,,,,,,0,,,,,2025-12-24,236330000,918500000,25.73,25.73,-2683000,183,0.5,0,0
02260,2026-04-08,,,,,,,0,,,,,2025-12-24,390117200,483442000,80.6958,80.6958,5920800,183,1,0,0
00301,2026-04-08,,,,,,,0,,,,,2025-12-24,407139630,470459740,86.5408,86.5408,-20012510,183,0,0,0
08321,2026-04-08,,,,,,,0,,,,,2025-12-24,178304200,536400000,33.2409,33.2409,12634000,183,1,0,0
00918,2026-04-08,,,,,,,0,,,,,2025-12-24,353783292,1114069159,31.756,31.756,4833200,183,0.5,0,0
00261,2026-04-09,,,,,,,0,,,,,2025-12-24,208971554,331361678,63.0645,63.0645,20132521,183,1,0,0
03313,2026-04-09,,,,,,,0,,,,,2025-12-24,898326672,142210462,,631.6882,217556513,183,,1,0
09968,2026-04-09,,,,,,,0,,,,,2025-12-24,2204271500,5254000000,41.9542,41.9542,27138500,183,0.5,0,0
03830,2026-04-09,,,,,,,0,,,,,2025-12-24,144540630,1000000000,14.4541,14.4541,8101500,183,0.5,0,0
00442,2026-04-09,,,,,,,0,,,,,2025-12-24,134044558,259150000,51.7247,51.7247,-463936,183,0.5,0,0
00417,2026-04-09,,,,,,,0,,,,,2025-12-24,231276216,249182030,92.8142,92.8142,-2493585,183,0,0,0
00471,2026-04-09,,,,,,,0,,,,,2025-12-24,92200974,479762136,19.2181,19.2181,16527161,183,1,0,0
01796,2026-04-09,,,,,,,0,,,,,2025-12-24,455348000,480000000,94.8642,94.8642,20564000,183,1,0,0
00184,2026-04-09,,,,,,,0,,,,,2025-12-24,141453101,340200000,41.5794,41.5794,-184799,183,0.5,0,0
00905,2026-04-09,,,,,,,0,,,,,2025-12-24,850422445,1050500887,80.954,80.954,104005455,183,1,0,0
00918,2026-04-09,,,,,,,0,,,,,2025-12-24,353783292,1114069159,31.756,31.756,4833200,183,0.5,0,0
00526,2026-04-09,,,,,,,0,,,,,2025-12-24,6369523777,8844020391,72.0207,72.0207,9079076,183,0.5,0,0
08221,2026-04-10,,,,,,,0,,,,,2025-12-24,36243600,47600000,76.142,76.142,-1879886400,183,0,0,0
08619,2026-04-10,,,,,,,0,,,,,2025-12-24,80149990,433635000,18.4833,18.4833,-704610510,183,0,0,0
08439,2026-04-10,,,,,,,0,,,,,2025-12-24,38454071,151491894,25.3836,25.3836,-346000,183,0.5,0,0
00110,2026-04-10,,,,,,,0,,,,,2025-12-24,63103070,278555888,22.6536,22.6536,282426,183,0.5,0,0
01468,2026-04-10,,,,,,,0,,,,,2025-12-24,1438410715,416830951,,345.0825,-75670695,183,,1,0
00401,2026-04-10,,,,,,,0,,,,,2025-12-24,117299258,1128615702,10.3932,10.3932,-9158218,183,0.5,0,0
01942,2026-04-10,,,,,,,0,,,,,2025-12-24,1061965320,2058389599,51.592,51.592,99926636,183,1,0,0
00677,2026-04-10,,,,,,,0,,,,,2025-12-24,717918400,1697406458,42.295,42.295,3105385,183,0.5,0,0
01661,2026-04-10,,,,,,,0,,,,,2025-12-24,87203200,190294200,45.8255,45.8255,-625797,183,0.5,0,0
08178,2026-04-13,,,,,,,0,,,,,2025-12-24,65920097,172107158,38.3018,38.3018,14583223,183,1,0,0
02433,2026-04-13,,,,,,,0,,,,,2025-12-24,288522715,576000000,50.0907,50.0907,-47742000,183,0,0,0
00193,2026-04-13,,,,,,,0,,,,,2025-12-24,113999800,233202559,48.8845,48.8845,-4354410,183,0,0,0
00110,2026-04-13,,,,,,,0,,,,,2025-12-24,63103070,278555888,22.6536,22.6536,282426,183,0.5,0,0
06928,2026-04-13,,,,,,,0,,,,,2025-12-24,125472762,765000000,16.4017,16.4017,12873262,183,1,0,0
03708,2026-04-13,,,,,,,0,,,,,2025-12-24,4448155960,727280000,,611.6153,-280865000,183,,1,0
00510,2026-04-13,,,,,,,0,,,,,2025-12-24,259099931,431174779,60.0916,60.0916,-293095,183,0.5,0,0
06988,2026-04-13,,,,,,,0,,,,,2025-12-24,1257364437,2371927200,53.0102,53.0102,121496237,183,1,0,0
08532,2026-04-14,,,,,,,0,,,,,2025-12-24,496288000,84874400,,584.7323,97540000,183,,0,0
08472,2026-04-14,,,,,,,0,,,,,2025-12-24,79060790,115200000,68.6292,68.6292,18356250,183,1,0,0
00986,2026-04-14,,,,,,,0,,,,,2025-12-24,759739036,129470550,,586.8045,-110718271,183,,0,0
08237,2026-04-14,,,,,,,0,,,,,2025-12-24,159943920,201024000,79.5646,79.5646,32821361,183,1,0,0
01581,2026-04-14,,,,,,,0,,,,,2025-12-24,364450276,415000000,87.8193,87.8193,1210000,183,0.5,0,0
00164,2026-04-14,,,,,,,0,,,,,2025-12-24,238037476,349262723,68.1543,68.1543,180978436,183,1,0,0
08439,2026-04-14,,,,,,,0,,,,,2025-12-24,38454071,151491894,25.3836,25.3836,-346000,183,0.5,0,0
00482,2026-04-14,,,,,,,0,,,,,2025-12-24,1136772982,245391143,,463.2494,-4896620,183,,1,0
02376,2026-04-14,,,,,,,0,,,,,2025-12-24,32505500,133340000,24.3779,24.3779,600000,183,0.5,0,0
00438,2026-04-14,,,,,,,0,,,,,2025-12-24,80991130,176322070,45.9336,45.9336,-1353789,183,0.5,0,0
01013,2026-04-14,,,,,,,0,,,,,2025-12-24,252709250,267389531,94.5098,94.5098,630143,183,0.5,0,0
01251,2026-04-14,,,,,,,0,,,,,2025-12-24,1629111960,1954143999,83.367,83.367,50840163,183,1,0,0
01255,2026-04-14,,,,,,,0,,,,,2025-12-24,176317376,242845000,72.6049,72.6049,2685000,183,1,0,0
00679,2026-04-14,,,,,,,0,,,,,2025-12-24,101241848,378733400,26.7317,26.7317,-1121000,183,0.5,0,0
00450,2026-04-14,,,,,,,0,,,,,2025-12-24,211661641,907864974,23.3142,23.3142,3906992,183,0.5,0,0
00660,2026-04-14,,,,,,,0,,,,,2025-12-24,148886616,384309785,38.7413,38.7413,-745221,183,0.5,0,0
08612,2026-04-15,,,,,,,0,,,,,2025-12-24,67742800,414720000,16.3346,16.3346,906000,183,0.5,0,0
00060,2026-04-15,,,,,,,0,,,,,2025-12-24,144063906,255654000,56.3511,56.3511,8633016,183,1,0,0
02193,2026-04-15,,,,,,,0,,,,,2025-12-24,370980000,419594000,88.414,88.414,-356000,183,0.5,0,0
01389,2026-04-15,,,,,,,0,,,,,2025-12-24,103566231,554333332,18.683,18.683,878736,183,0.5,0,0
01615,2026-04-15,,,,,,,0,,,,,2025-12-24,117780010,600000000,19.63,19.63,2115010,183,0.5,0,0
02376,2026-04-15,,,,,,,0,,,,,2025-12-24,32505500,133340000,24.3779,24.3779,600000,183,0.5,0,0
02125,2026-04-15,,,,,,,0,,,,,2025-12-24,550229206,706041400,77.9316,77.9316,3172000,183,0.5,0,0
06610,2026-04-15,,,,,,,0,,,,,2025-12-24,81371414,130028760,62.5796,62.5796,-1405797345,183,0,0,0
06913,2026-04-15,,,,,,,0,,,,,2025-12-24,459243000,1334000000,34.426,34.426,-3295684,183,0.5,0,0
01348,2026-04-15,,,,,,,0,,,,,2025-12-24,1351040170,1474232000,91.6437,91.6437,102908170,183,1,0,0
02297,2026-04-15,,,,,,,0,,,,,2025-12-24,962024498,1401358800,68.6494,68.6494,-104462344,183,0,0,0
00078,2026-04-15,,,,,,,0,,,,,2025-12-24,561670714,898782333,62.4924,62.4924,-20692651,183,0,0,0
00367,2026-04-15,,,,,,,0,,,,,2025-12-24,383190590,1672553104,22.9105,22.9105,3719237,183,0.5,0,0
00784,2026-04-15,,,,,,,0,,,,,2025-12-24,422854000,800000000,52.8568,52.8568,-1030005,183,0.5,0,0
01657,2026-04-15,,,,,,,0,,,,,2025-12-24,3144500,32000000,9.8266,9.8266,271000,183,0.5,0,0
00191,2026-04-15,,,,,,,0,,,,,2025-12-24,457971101,883373901,51.8434,51.8434,8740733,183,0.5,0,0
00679,2026-04-15,,,,,,,0,,,,,2025-12-24,101241848,378733400,26.7317,26.7317,-1121000,183,0.5,0,0
02625,2026-04-15,,,,,,,0,,,,,2025-12-24,222924133,235639565,94.6039,94.6039,9708223,183,1,0,0
02110,2026-04-16,,,,,,,0,,,,,2025-12-24,244766000,43200000,,566.588,8949700,183,,1,0
03603,2026-04-16,,,,,,,0,,,,,2025-12-24,1084286000,1492944000,72.6274,72.6274,-13206000,183,0.5,0,0
08372,2026-04-16,,,,,,,0,,,,,2025-12-24,694488001,800000000,86.811,86.811,2540000,183,0.5,0,0
08021,2026-04-16,,,,,,,0,,,,,2025-12-24,8571216964,718355052,,1193.1728,-338168000,183,,1,0
00164,2026-04-16,,,,,,,0,,,,,2025-12-24,238037476,349262723,68.1543,68.1543,180978436,183,1,0,0
00862,2026-04-16,,,,,,,0,,,,,2025-12-24,3423126166,392419046,,872.314,73106147,183,,1,0
01153,2026-04-16,,,,,,,0,,,,,2025-12-24,570302690,672209000,84.8401,84.8401,6861324,183,1,0,0
03390,2026-04-16,,,,,,,0,,,,,2025-12-24,636046326,894000000,71.1461,71.1461,253324000,183,1,0,0
02125,2026-04-16,,,,,,,0,,,,,2025-12-24,550229206,706041400,77.9316,77.9316,3172000,183,0.5,0,0
00150,2026-04-16,,,,,,,0,,,,,2025-12-24,1922239971,2013330431,95.4756,95.4756,-6931500,183,0.5,0,0
02263,2026-04-16,,,,,,,0,,,,,2025-12-24,222970000,1000000000,22.297,22.297,9510000,183,0.5,0,0
00789,2026-04-16,,,,,,,0,,,,,2025-12-24,1128582395,264793625,,426.2121,10533761,183,,1,0
08471,2026-04-17,,,,,,,0,,,,,2025-12-24,908604000,73560000,,1235.1876,50270000,183,,1,0
08217,2026-04-17,,,,,,,0,,,,,2025-12-24,220240500,301860000,72.9611,72.9611,-13154264,183,0,0,0
00261,2026-04-17,,,,,,,0,,,,,2025-12-24,208971554,331361678,63.0645,63.0645,20132521,183,1,0,0
01927,2026-04-17,,,,,,,0,,,,,2025-12-24,151000000,792000000,19.0657,19.0657,615000,183,0.5,0,0
01679,2026-04-17,,,,,,,0,,,,,2025-12-24,187636774,215813840,86.9438,86.9438,54712588,183,1,0,0
00532,2026-04-17,,,,,,,0,,,,,2025-12-24,217925083,729897964,29.8569,29.8569,-4893268,183,0.5,0,0
00356,2026-04-17,,,,,,,0,,,,,2025-12-24,2262835448,201398666,,1123.5603,-45175849,183,,1,0
00476,2026-04-17,,,,,,,0,,,,,2025-12-24,164812095,355649109,46.3412,46.3412,50083948,183,1,0,0
01650,2026-04-17,,,,,,,0,,,,,2025-12-24,338428400,2000000000,16.9214,16.9214,17668000,183,0.5,0,0
02457,2026-04-17,,,,,,,0,,,,,2025-12-24,233715000,1000000000,23.3715,23.3715,1000000,183,0.5,0,0
02312,2026-04-17,,,,,,,0,,,,,2025-12-24,317995205,456878407,69.6017,69.6017,22991269,183,1,0,0
00519,2026-04-17,,,,,,,0,,,,,2025-12-24,1447790806,3055105739,47.3892,47.3892,9298440,183,0.5,0,0
00672,2026-04-17,,,,,,,0,,,,,2025-12-24,4792024261,5635809800,85.0281,85.0281,-105958348,183,0,0,0
01201,2026-04-17,,,,,,,0,,,,,2025-12-24,169897960,439685228,38.6408,38.6408,5955100,183,1,0,0
01010,2026-04-20,,,,,,,0,,,,,2025-12-24,295082040,444294170,66.4159,66.4159,-38756000,183,0,0,0
08191,2026-04-20,,,,,,,0,,,,,2025-12-24,23677550,354040431,6.6878,6.6878,5082000,183,1,0,0
08487,2026-04-20,,,,,,,0,,,,,2025-12-24,717965136,1046628000,68.5979,68.5979,-48954360,183,0,0,0
08120,2026-04-20,,,,,,,0,,,,,2025-12-24,94680815,162626760,58.2197,58.2197,-10770986,183,0,0,0
00048,2026-04-20,,,,,,,0,,,,,2025-12-24,96420376,437787760,22.0245,22.0245,-1910408,183,0.5,0,0
03997,2026-04-20,,,,,,,0,,,,,2025-12-24,31953000,128342000,24.8968,24.8968,454000,183,0.5,0,0
02370,2026-04-20,,,,,,,0,,,,,2025-12-24,187190155,200000000,93.5951,93.5951,-1361998,183,0.5,0,0
01682,2026-04-20,,,,,,,0,,,,,2025-12-24,664237489,1571854000,42.2582,42.2582,-74347000,183,0,0,0
01679,2026-04-20,,,,,,,0,,,,,2025-12-24,187636774,215813840,86.9438,86.9438,54712588,183,1,0,0
01582,2026-04-20,,,,,,,0,,,,,2025-12-24,87162500,500000000,17.4325,17.4325,-4245000,183,0.5,0,0
03302,2026-04-20,,,,,,,0,,,,,2025-12-24,518663490,920393394,56.3524,56.3524,-1181890,183,0.5,0,0
00244,2026-04-20,,,,,,,0,,,,,2025-12-24,1200094912,1313962560,91.334,91.334,7738612,183,0.5,0,0
00280,2026-04-20,,,,,,,0,,,,,2025-12-24,747818427,909308465,82.2403,82.2403,4311678,183,0.5,0,0
06162,2026-04-20,,,,,,,0,,,,,2025-12-24,1045729099,2400000000,43.572,43.572,-890655001,183,0,0,0
01522,2026-04-20,,,,,,,0,,,,,2025-12-24,1789169356,2097146727,85.3145,85.3145,-29455734,183,0,0,0
02250,2026-04-20,,,,,,,0,,,,,2025-12-24,473489501,1008355000,46.9566,46.9566,92972501,183,1,0,0
01202,2026-04-20,,,,,,,0,,,,,2025-12-24,91838000,400000000,22.9595,22.9595,4137800,183,1,0,0
01082,2026-04-20,,,,,,,0,,,,,2025-12-24,536517200,608046880,88.2362,88.2362,-11216000,183,0,0,0
00426,2026-04-21,,,,,,,0,,,,,2025-12-24,73759521,400900000,18.3985,18.3985,904000,183,0.5,0,0
08489,2026-04-21,,,,,,,0,,,,,2025-12-24,282392150,307575000,91.8125,91.8125,226675000,183,1,0,0
01413,2026-04-21,,,,,,,0,,,,,2025-12-24,243368000,328000000,,74.1976,-672712000,183,,1,0
08483,2026-04-21,,,,,,,0,,,,,2025-12-24,119346000,800000000,14.9182,14.9182,-18014000,183,0,0,0
01239,2026-04-21,,,,,,,0,,,,,2025-12-24,122475901,434017926,28.2191,28.2191,4414263,183,1,0,0
00387,2026-04-21,,,,,,,0,,,,,2025-12-24,199842694,230076062,86.8594,86.8594,2356000,183,1,0,0
03997,2026-04-21,,,,,,,0,,,,,2025-12-24,31953000,128342000,24.8968,24.8968,454000,183,0.5,0,0
01793,2026-04-21,,,,,,,0,,,,,2025-12-24,162824000,800000000,20.353,20.353,2324000,183,0.5,0,0
01792,2026-04-21,,,,,,,0,,,,,2025-12-24,36029062,247680000,,14.5466,-1126004824,183,,1,0
08507,2026-04-21,,,,,,,0,,,,,2025-12-24,281884000,800000000,35.2355,35.2355,214700000,183,1,0,0
00723,2026-04-21,,,,,,,0,,,,,2025-12-24,699301855,1093841518,63.9308,63.9308,-25803101,183,0,0,0
01895,2026-04-21,,,,,,,0,,,,,2025-12-24,505684312,593037500,85.2702,85.2702,16652500,183,1,0,0
00641,2026-04-21,,,,,,,0,,,,,2025-12-24,391329146,1100216570,35.5684,35.5684,316000,183,0.5,0,0
08071,2026-04-22,,,,,,,0,,,,,2025-12-24,3212956210,93720967,,3428.215,-135895562,183,,1,0
00810,2026-04-22,,,,,,,0,,,,,2025-12-24,138320461,712751154,19.4066,19.4066,30171740,183,1,0,0
08193,2026-04-22,,,,,,,0,,,,,2025-12-24,178826900,279812344,63.9096,63.9096,2064500,183,0.5,0,0
00381,2026-04-22,,,,,,,0,,,,,2025-12-24,348133887,1330424526,26.1671,26.1671,77365475,183,1,0,0
08023,2026-04-22,,,,,,,0,,,,,2025-12-24,215224500,597444000,36.0242,36.0242,-492000,183,0.5,0,0
00092,2026-04-22,,,,,,,0,,,,,2025-12-24,758605488,1097614848,69.114,69.114,28566929,183,1,0,0
08227,2026-04-22,,,,,,,0,,,,,2025-12-24,419051003,1897629000,22.0829,22.0829,-13669000,183,0.5,0,0
01932,2026-04-22,,,,,,,0,,,,,2025-12-24,160251858,1000000000,16.0252,16.0252,-460261,183,0.5,0,0
00701,2026-04-22,,,,,,,0,,,,,2025-12-24,223019979,1903685690,11.7152,11.7152,11277823,183,0.5,0,0
08395,2026-04-22,,,,,,,0,,,,,2025-12-24,521631912,1714000000,30.4336,30.4336,-614678088,183,0,0,0
02230,2026-04-22,,,,,,,0,,,,,2025-12-24,445454000,1992000000,22.3621,22.3621,-16015000,183,0.5,0,0
01473,2026-04-22,,,,,,,0,,,,,2025-12-24,1041589100,1182441289,88.088,88.088,135191000,183,1,0,0
01693,2026-04-22,,,,,,,0,,,,,2025-12-24,37663442,80278240,46.9161,46.9161,3425748,183,1,0,0
00204,2026-04-23,,,,,,,0,,,,,2025-12-24,106351847,249055128,42.7021,42.7021,-584779499,183,0,0,0
08193,2026-04-23,,,,,,,0,,,,,2025-12-24,178826900,279812344,63.9096,63.9096,2064500,183,0.5,0,0
02699,2026-04-23,,,,,,,0,,,,,2025-12-24,53180041,26300708,,202.2,-1266183707,183,,1,0
00947,2026-04-23,,,,,,,0,,,,,2025-12-24,412132199,796845094,51.7205,51.7205,13400,183,0.5,0,0
00379,2026-04-23,,,,,,,0,,,,,2025-12-24,1102623826,1687302760,65.3483,65.3483,12793087,183,0.5,0,0
03398,2026-04-23,,,,,,,0,,,,,2025-12-24,508788700,2099818000,24.2301,24.2301,3152000,183,0.5,0,0
02515,2026-04-23,,,,,,,0,,,,,2025-12-24,199201749,310742749,64.105,64.105,166406749,183,1,0,0
02540,2026-04-23,,,,,,,0,,,,,2025-12-24,101229100,600000000,16.8715,16.8715,4632500,183,0.5,0,0
02392,2026-04-23,,,,,,,0,,,,,2025-12-24,301352440,554859000,54.3115,54.3115,-42938100,183,0,0,0
03816,2026-04-23,,,,,,,0,,,,,2025-12-24,564375012,600000000,94.0625,94.0625,2944000,183,0.5,0,0
00595,2026-04-23,,,,,,,0,,,,,2025-12-24,366753061,857501302,42.77,42.77,-5518400,183,0.5,0,0
03321,2026-04-24,,,,,,,0,,,,,2025-12-24,488854388,77669600,,629.4025,-2593685,183,,1,0
00911,2026-04-24,,,,,,,0,,,,,2025-12-24,139206574,169445000,82.1544,82.1544,878276,183,0.5,0,0
00889,2026-04-24,,,,,,,0,,,,,2025-12-24,83418000,320000000,26.0681,26.0681,162000,183,0.5,0,0
00499,2026-04-24,,,,,,,0,,,,,2025-12-24,388243261,998553360,38.8806,38.8806,2300693,183,0.5,0,0
01399,2026-04-24,,,,,,,0,,,,,2025-12-24,449782904,1090001246,41.2644,41.2644,-4969517,183,0.5,0,0
02885,2026-04-24,,,,,,,0,,,,,2025-12-24,79298000,400000000,19.8245,19.8245,1328000,183,0.5,0,0
01685,2026-04-24,,,,,,,0,,,,,2025-12-24,681233000,773769000,88.0409,88.0409,3311000,183,0.5,0,0
02322,2026-04-24,,,,,,,0,,,,,2025-12-24,3632156240,4420600000,82.1643,82.1643,78466000,183,1,0,0
03315,2026-04-24,,,,,,,0,,,,,2025-12-24,556988744,805802000,69.1223,69.1223,4467180,183,0.5,0,0
00528,2026-04-24,,,,,,,0,,,,,2025-12-24,348150874,629678000,55.2903,55.2903,-25746355,183,0,0,0
00130,2026-04-27,,,,,,,0,,,,,2025-12-24,261031667,287930000,90.658,90.658,189632667,183,1,0,0
00498,2026-04-27,,,,,,,0,,,,,2025-12-24,889527950,1040946114,85.4538,85.4538,-9723684,183,0.5,0,0
01145,2026-04-27,,,,,,,0,,,,,2025-12-24,915624048,1097703568,83.4127,83.4127,648898,183,0.5,0,0
02203,2026-04-27,,,,,,,0,,,,,2025-12-24,715480524,800000000,89.4351,89.4351,-550500,183,0.5,0,0
00911,2026-04-27,,,,,,,0,,,,,2025-12-24,139206574,169445000,82.1544,82.1544,878276,183,0.5,0,0
00524,2026-04-27,,,,,,,0,,,,,2025-12-24,170391811,236277500,72.1151,72.1151,210344,183,0.5,0,0
00582,2026-04-27,,,,,,,0,,,,,2025-12-24,2620128584,3651481386,71.7552,71.7552,1701908497,183,1,0,0
08029,2026-04-27,,,,,,,0,,,,,2025-12-24,227867590,280081621,81.3576,81.3576,22114950,183,1,0,0
02159,2026-04-27,,,,,,,0,,,,,2025-12-24,226955239,336480000,67.4498,67.4498,69571613,183,1,0,0
00655,2026-04-27,,,,,,,0,,,,,2025-12-24,1605547375,1998280097,80.3465,80.3465,4395921,183,0.5,0,0
08153,2026-04-28,,,,,,,0,,,,,2025-12-24,25498789,41595175,61.3023,61.3023,-270618171,183,0,0,0
01771,2026-04-28,,,,,,,0,,,,,2025-12-24,147420000,600000000,24.57,24.57,1634200,183,0.5,0,0
01968,2026-04-28,,,,,,,0,,,,,2025-12-24,124186002,640000000,19.4041,19.4041,844000,183,0.5,0,0
01957,2026-04-28,,,,,,,0,,,,,2025-12-24,321015579,628000000,51.1171,51.1171,50439800,183,1,0,0
01912,2026-04-28,,,,,,,0,,,,,2025-12-24,62895649,461209833,13.6371,13.6371,-272224841,183,0,0,0
00544,2026-04-28,,,,,,,0,,,,,2025-12-24,21183586,123690455,17.1263,17.1263,-171320144,183,0,0,0
00532,2026-04-28,,,,,,,0,,,,,2025-12-24,217925083,729897964,29.8569,29.8569,-4893268,183,0.5,0,0
02863,2026-04-28,,,,,,,0,,,,,2025-12-24,197561000,689511000,28.6523,28.6523,-775000,183,0.5,0,0
01218,2026-04-28,,,,,,,0,,,,,2025-12-24,26430927,147976806,,17.8615,1297954,183,,1,0
00776,2026-04-28,,,,,,,0,,,,,2025-12-24,352417237,671837550,52.4557,52.4557,48402549,183,1,0,0
01429,2026-04-28,,,,,,,0,,,,,2025-12-24,282785808,1600000000,17.6741,17.6741,-3488000,183,0.5,0,0
01673,2026-04-28,,,,,,,0,,,,,2025-12-24,990469464,1596134067,62.0543,62.0543,26554000,183,1,0,0
01466,2026-04-28,,,,,,,0,,,,,2025-12-24,572177816,932254085,61.3757,61.3757,11968816,183,1,0,0
06036,2026-04-28,,,,,,,0,,,,,2025-12-24,685970000,1075110000,63.8046,63.8046,-49465000,183,0,0,0
00334,2026-04-28,,,,,,,0,,,,,2025-12-24,1096227542,2114307929,51.8481,51.8481,994366,183,0.5,0,0
08176,2026-04-29,,,,,,,0,,,,,2025-12-24,383944999,715500728,53.661,53.661,-10718980,183,0,0,0
08221,2026-04-29,,,,,,,0,,,,,2025-12-24,36243600,47600000,76.142,76.142,-1879886400,183,0,0,0
01965,2026-04-29,,,,,,,0,,,,,2025-12-24,350117046,410765000,85.2354,85.2354,-6070283,183,0,0,0
01421,2026-04-29,,,,,,,0,,,,,2025-12-24,107061250,200195200,53.4784,53.4784,5522825,183,1,0,0
00276,2026-04-29,,,,,,,0,,,,,2025-12-24,133157862,188125849,70.7813,70.7813,8967250,183,1,0,0
01305,2026-04-29,,,,,,,0,,,,,2025-12-24,176888000,216626000,81.6559,81.6559,3287000,183,1,0,0
08121,2026-04-29,,,,,,,0,,,,,2025-12-24,20089558,150040000,13.3895,13.3895,511645,183,0.5,0,0
01472,2026-04-29,,,,,,,0,,,,,2025-12-24,252723176,1000000000,25.2723,25.2723,5440000,183,0.5,0,0
08368,2026-04-29,,,,,,,0,,,,,2025-12-24,248089757,692217719,35.8398,35.8398,56499698,183,1,0,0
00399,2026-04-29,,,,,,,0,,,,,2025-12-24,1105225185,3277107928,33.7256,33.7256,33846701,183,1,0,0
02863,2026-04-29,,,,,,,0,,,,,2025-12-24,197561000,689511000,28.6523,28.6523,-775000,183,0.5,0,0
01399,2026-04-29,,,,,,,0,,,,,2025-12-24,449782904,1090001246,41.2644,41.2644,-4969517,183,0.5,0,0
00745,2026-04-29,,,,,,,0,,,,,2025-12-24,186478832,234366456,79.5672,79.5672,6946100,183,1,0,0
01260,2026-04-29,,,,,,,0,,,,,2025-12-24,266353025,1151454000,23.1319,23.1319,3810000,183,0.5,0,0
06978,2026-04-29,,,,,,,0,,,,,2025-12-24,400576501,617500800,64.8706,64.8706,178210842,183,1,0,0
02881,2026-04-29,,,,,,,0,,,,,2025-12-24,79818552,93300000,85.5504,85.5504,-12076448,183,0,0,0
02136,2026-04-29,,,,,,,0,,,,,2025-12-24,1012584830,1464448500,69.1444,69.1444,2242000,183,0.5,0,0
08356,2026-04-30,,,,,,,0,,,,,2025-12-24,15221598,74908184,20.3203,20.3203,365690,183,0.5,0,0
01166,2026-04-30,,,,,,,0,,,,,2025-12-24,128381942,142466617,90.1137,90.1137,19688539,183,1,0,0
08072,2026-04-30,,,,,,,0,,,,,2025-12-24,147659877,168349134,87.7105,87.7105,35370924,183,1,0,0
09916,2026-04-30,,,,,,,0,,,,,2025-12-24,378137500,400000000,94.5344,94.5344,73892000,183,1,0,0
08436,2026-04-30,,,,,,,0,,,,,2025-12-24,361404403,400000000,90.3511,90.3511,5000,183,0.5,0,0
08360,2026-04-30,,,,,,,0,,,,,2025-12-24,261584400,362059714,72.249,72.249,19495600,183,1,0,0
01912,2026-04-30,,,,,,,0,,,,,2025-12-24,62895649,461209833,13.6371,13.6371,-272224841,183,0,0,0
00343,2026-04-30,,,,,,,0,,,,,2025-12-24,890465810,1734075788,51.351,51.351,-11251359,183,0.5,0,0
08281,2026-04-30,,,,,,,0,,,,,2025-12-24,206116001,1000000000,20.6116,20.6116,15616000,183,1,0,0
00970,2026-04-30,,,,,,,0,,,,,2025-12-24,177348456,675362170,26.2598,26.2598,46061435,183,1,0,0
00423,2026-04-30,,,,,,,0,,,,,2025-12-24,80185173,431600000,18.5786,18.5786,-14593500,183,0,0,0
09982,2026-04-30,,,,,,,0,,,,,2025-12-24,3197627591,4638617028,68.9349,68.9349,-11072044,183,0.5,0,0
00648,2026-04-30,,,,,,,0,,,,,2025-12-24,190438559,107116933,,177.7857,,,,1,0
02440,2026-04-30,,,,,,,0,,,,,2025-12-24,327399977,417029093,78.5077,78.5077,107449426,183,1,0,0
00854,2026-04-30,,,,,,,0,,,,,2025-12-24,20234300,102989049,19.647,19.647,4510280,183,1,0,0
00279,2026-04-30,,,,,,,0,,,,,2025-12-24,1163526058,1395527300,83.3754,83.3754,-19048609872,183,0,0,0
06828,2026-04-30,,,,,,,0,,,,,2025-12-24,4348344422,22736114715,19.1253,19.1253,262668726,183,1,0,0
01204,2026-04-30,,,,,,,0,,,,,2025-12-24,420995250,500000000,84.199,84.199,138000,183,0.5,0,0
08056,2026-05-04,,,,,,,0,,,,,2025-12-24,54440670,113414545,48.0015,48.0015,3092250,183,1,0,0
00397,2026-05-04,,,,,,,0,,,,,2025-12-24,1341770345,3422839101,39.2005,39.2005,-90133095,183,0,0,0
08368,2026-05-04,,,,,,,0,,,,,2025-12-24,248089757,692217719,35.8398,35.8398,56499698,183,1,0,0
01912,2026-05-04,,,,,,,0,,,,,2025-12-24,62895649,461209833,13.6371,13.6371,-272224841,183,0,0,0
08269,2026-05-04,,,,,,,0,,,,,2025-12-24,543479621,890722800,61.0156,61.0156,-19881890,183,0,0,0
00318,2026-05-04,,,,,,,0,,,,,2025-12-24,81916089,288258877,28.4175,28.4175,-74123,183,0.5,0,0
00117,2026-05-04,,,,,,,0,,,,,2025-12-24,275686790,744750000,37.0174,37.0174,7125850,183,0.5,0,0
00465,2026-05-04,,,,,,,0,,,,,2025-12-24,78567000,315086000,24.9351,24.9351,-46000,183,0.5,0,0
00550,2026-05-04,,,,,,,0,,,,,2025-12-24,254113228,455534000,55.7836,55.7836,6491000,183,1,0,0
09982,2026-05-04,,,,,,,0,,,,,2025-12-24,3197627591,4638617028,68.9349,68.9349,-11072044,183,0.5,0,0
08238,2026-05-05,,,,,,,0,,,,,2025-12-24,61254504,348364800,17.5834,17.5834,1692068,183,0.5,0,0
01967,2026-05-05,,,,,,,0,,,,,2025-12-24,125343250,300000000,41.7811,41.7811,52657000,183,1,0,0
08490,2026-05-05,,,,,,,0,,,,,2025-12-24,136387700,705500000,19.3321,19.3321,-5305000,183,0.5,0,0
00814,2026-05-05,,,,,,,0,,,,,2025-12-24,130281853,412220000,31.6049,31.6049,3954000,183,0.5,0,0
02593,2026-05-05,,,,,,,0,,,,,2025-12-24,24124864,133333600,18.0936,18.0936,-363942,183,0.5,0,0
01927,2026-05-05,,,,,,,0,,,,,2025-12-24,151000000,792000000,19.0657,19.0657,615000,183,0.5,0,0
01871,2026-05-05,,,,,,,0,,,,,2025-12-24,135169807,435958192,31.0052,31.0052,-556000,183,0.5,0,0
02203,2026-05-05,,,,,,,0,,,,,2025-12-24,715480524,800000000,89.4351,89.4351,-550500,183,0.5,0,0
01843,2026-05-05,,,,,,,0,,,,,2025-12-24,754703478,800000000,94.3379,94.3379,-6430739,183,0.5,0,0
01655,2026-05-05,,,,,,,0,,,,,2025-12-24,184319836,719999580,25.6,25.6,29774580,183,1,0,0
08529,2026-05-05,,,,,,,0,,,,,2025-12-24,307475000,514075000,59.8113,59.8113,4150000,183,0.5,0,0
06080,2026-05-05,,,,,,,0,,,,,2025-12-24,999042000,1120350000,89.1723,89.1723,174474200,183,1,0,0
00243,2026-05-05,,,,,,,0,,,,,2025-12-24,202018095,346490532,58.3041,58.3041,53560489,183,1,0,0
02528,2026-05-05,,,,,,,0,,,,,2025-12-24,77490000,400000000,19.3725,19.3725,-2390000,183,0.5,0,0
00725,2026-05-05,,,,,,,0,,,,,2025-12-24,179801500,198958000,90.3716,90.3716,-328000,183,0.5,0,0
03601,2026-05-05,,,,,,,0,,,,,2025-12-24,210095066,269000000,78.1023,78.1023,-1324000,183,0.5,0,0
01962,2026-05-05,,,,,,,0,,,,,2025-12-24,602132693,616136000,97.7272,97.7272,-4427803,183,0.5,0,0
01284,2026-05-05,,,,,,,0,,,,,2025-12-24,121420000,600000000,20.2367,20.2367,4075000,183,0.5,0,0
00118,2026-05-05,,,,,,,0,,,,,2025-12-24,307417601,861930692,35.6662,35.6662,203080,183,0.5,0,0
01633,2026-05-05,,,,,,,0,,,,,2025-12-24,130326000,684750000,19.0326,19.0326,759000,183,0.5,0,0
02381,2026-05-05,,,,,,,0,,,,,2025-12-24,1851840000,2000000000,92.592,92.592,-11020000,183,0.5,0,0
08439,2026-05-05,,,,,,,0,,,,,2025-12-24,38454071,151491894,25.3836,25.3836,-346000,183,0.5,0,0
01708,2026-05-05,,,,,,,0,,,,,2025-12-24,175153448,792058500,22.1137,22.1137,-330300,183,0.5,0,0
00822,2026-05-05,,,,,,,0,,,,,2025-12-24,595448510,893761400,66.6228,66.6228,10981625,183,1,0,0
02540,2026-05-05,,,,,,,0,,,,,2025-12-24,101229100,600000000,16.8715,16.8715,4632500,183,0.5,0,0
06898,2026-05-05,,,,,,,0,,,,,2025-12-24,412325504,941401000,43.7991,43.7991,-15402000,183,0,0,0
00117,2026-05-05,,,,,,,0,,,,,2025-12-24,275686790,744750000,37.0174,37.0174,7125850,183,0.5,0,0
00465,2026-05-05,,,,,,,0,,,,,2025-12-24,78567000,315086000,24.9351,24.9351,-46000,183,0.5,0,0
01401,2026-05-05,,,,,,,0,,,,,2025-12-24,1169295536,1500000000,77.953,77.953,433923442,183,1,0,0
01082,2026-05-05,,,,,,,0,,,,,2025-12-24,536517200,608046880,88.2362,88.2362,-11216000,183,0,0,0
01846,2026-05-05,,,,,,,0,,,,,2025-12-24,300778290,320706000,93.7863,93.7863,4447813,183,1,0,0
08136,2026-05-06,,,,,,,0,,,,,2025-12-24,391110000,1000000000,39.111,39.111,-6030000,183,0.5,0,0
01340,2026-05-06,,,,,,,0,,,,,2025-12-24,554000000,138425700,,400.2147,23405000,183,,1,0
08423,2026-05-06,,,,,,,0,,,,,2025-12-24,211030000,800000000,26.3788,26.3788,-3780000,183,0.5,0,0
01718,2026-05-06,,,,,,,0,,,,,2025-12-24,195580770,304120000,64.3104,64.3104,119755500,183,1,0,0
06893,2026-05-06,,,,,,,0,,,,,2025-12-24,1009758100,1091796000,92.486,92.486,700000,183,0.5,0,0
00637,2026-05-06,,,,,,,0,,,,,2025-12-24,132684140,828750000,16.0102,16.0102,-808900,183,0.5,0,0
01102,2026-05-06,,,,,,,0,,,,,2025-12-24,933839721,2799385743,33.3587,33.3587,4109325,183,0.5,0,0
01715,2026-05-06,,,,,,,0,,,,,2025-12-24,260528070,360759879,72.2165,72.2165,182543570,183,1,0,0
00591,2026-05-06,,,,,,,0,,,,,2025-12-24,808027612,1037500000,77.8822,77.8822,37209004,183,1,0,0
01480,2026-05-06,,,,,,,0,,,,,2025-12-24,36180991,240000000,15.0754,15.0754,-1069000,183,0.5,0,0
01008,2026-05-06,,,,,,,0,,,,,2025-12-24,1471035940,1567884634,93.823,93.823,2785616,183,0.5,0,0
01335,2026-05-06,,,,,,,0,,,,,2025-12-24,1062411000,2434136166,43.6463,43.6463,-21160000,183,0.5,0,0
00776,2026-05-06,,,,,,,0,,,,,2025-12-24,352417237,671837550,52.4557,52.4557,48402549,183,1,0,0
03302,2026-05-06,,,,,,,0,,,,,2025-12-24,518663490,920393394,56.3524,56.3524,-1181890,183,0.5,0,0
00256,2026-05-06,,,,,,,0,,,,,2025-12-24,3009990294,5192547029,57.9675,57.9675,24722513,183,0.5,0,0
01371,2026-05-06,,,,,,,0,,,,,2025-12-24,117921822,342108876,,34.4691,-579156,183,,1,0
03389,2026-05-06,,,,,,,0,,,,,2025-12-24,4058899560,4404018959,92.1635,92.1635,750293424,183,1,0,0
01586,2026-05-06,,,,,,,0,,,,,2025-12-24,549001474,586632818,93.5852,93.5852,-19096685,183,0,0,0
00465,2026-05-06,,,,,,,0,,,,,2025-12-24,78567000,315086000,24.9351,24.9351,-46000,183,0.5,0,0
01346,2026-05-06,,,,,,,0,,,,,2025-12-24,392289457,639100000,61.3815,61.3815,103372456,183,1,0,0
08532,2026-05-07,,,,,,,0,,,,,2025-12-24,496288000,84874400,,584.7323,97540000,183,,0,0
08285,2026-05-07,,,,,,,0,,,,,2025-12-24,107190000,560000000,19.1411,19.1411,4145000,183,0.5,0,0
08245,2026-05-07,,,,,,,0,,,,,2025-12-24,163480091,289541272,56.4618,56.4618,24260400,183,1,0,0
08425,2026-05-07,,,,,,,0,,,,,2025-12-24,287014000,376000000,76.3335,76.3335,3026000,183,0.5,0,0
01703,2026-05-07,,,,,,,0,,,,,2025-12-24,888530000,138000000,,643.8623,-11278000,183,,0,0
00309,2026-05-07,,,,,,,0,,,,,2025-12-24,1234641290,52101744,,2369.6736,-10669000,183,,1,0
01241,2026-05-07,,,,,,,0,,,,,2025-12-24,598790000,650000000,92.1215,92.1215,2408000,183,0.5,0,0
08400,2026-05-07,,,,,,,0,,,,,2025-12-24,354012640,1000000000,35.4013,35.4013,3230000,183,0.5,0,0
03822,2026-05-07,,,,,,,0,,,,,2025-12-24,15328399,84000000,18.2481,18.2481,-326800,183,0.5,0,0
03919,2026-05-07,,,,,,,0,,,,,2025-12-24,9009937,45372000,19.8579,19.8579,-226069916,183,0,0,0
01323,2026-05-07,,,,,,,0,,,,,2025-12-24,614244488,906774743,67.7395,67.7395,19041500,183,1,0,0
08186,2026-05-07,,,,,,,0,,,,,2025-12-24,31983364,113868640,28.0879,28.0879,-3222494,183,0,0,0
02370,2026-05-07,,,,,,,0,,,,,2025-12-24,187190155,200000000,93.5951,93.5951,-1361998,183,0.5,0,0
00938,2026-05-07,,,,,,,0,,,,,2025-12-24,309073050,647198595,47.7555,47.7555,-7355661,183,0,0,0
08529,2026-05-07,,,,,,,0,,,,,2025-12-24,307475000,514075000,59.8113,59.8113,4150000,183,0.5,0,0
08371,2026-05-07,,,,,,,0,,,,,2025-12-24,95895000,382709000,25.0569,25.0569,18998000,183,1,0,0
00673,2026-05-07,,,,,,,0,,,,,2025-12-24,418112157,1387138191,30.1421,30.1421,72444818,183,1,0,0
02030,2026-05-07,,,,,,,0,,,,,2025-12-24,633046900,668593000,94.6834,94.6834,1554000,183,0.5,0,0
08482,2026-05-08,,,,,,,0,,,,,2025-12-24,147605701,179687520,82.1458,82.1458,21485320,183,1,0,0
00197,2026-05-08,,,,,,,0,,,,,2025-12-24,144468813,209210453,69.0543,69.0543,16394125,183,1,0,0
00518,2026-05-08,,,,,,,0,,,,,2025-12-24,152708396,451067557,33.8549,33.8549,-26696433,183,0,0,0
02080,2026-05-08,,,,,,,0,,,,,2025-12-24,116380000,492984000,23.6073,23.6073,450000,183,0.5,0,0
00821,2026-05-08,,,,,,,0,,,,,2025-12-24,243491398,371085219,65.616,65.616,-1498502002,183,0,0,0
08160,2026-05-08,,,,,,,0,,,,,2025-12-24,114794385,214791940,53.4445,53.4445,1358976,183,0.5,0,0
08400,2026-05-08,,,,,,,0,,,,,2025-12-24,354012640,1000000000,35.4013,35.4013,3230000,183,0.5,0,0
01354,2026-05-08,,,,,,,0,,,,,2025-12-24,13445300,66666800,20.1679,20.1679,-2742400,183,0,0,0
06928,2026-05-08,,,,,,,0,,,,,2025-12-24,125472762,765000000,16.4017,16.4017,12873262,183,1,0,0
02023,2026-05-08,,,,,,,0,,,,,2025-12-24,467048010,491800000,94.9671,94.9671,1200000,183,0.5,0,0
00169,2026-05-08,,,,,,,0,,,,,2025-12-24,1288989137,4697346488,27.4408,27.4408,-41033710,183,0.5,0,0
00301,2026-05-08,,,,,,,0,,,,,2025-12-24,407139630,470459740,86.5408,86.5408,-20012510,183,0,0,0
00554,2026-05-08,,,,,,,0,,,,,2025-12-24,4112950512,4387333078,93.746,93.746,143851667,183,1,0,0
00048,2026-05-11,,,,,,,0,,,,,2025-12-24,96420376,437787760,22.0245,22.0245,-1910408,183,0.5,0,0
00482,2026-05-11,,,,,,,0,,,,,2025-12-24,1136772982,245391143,,463.2494,-4896620,183,,1,0
01895,2026-05-11,,,,,,,0,,,,,2025-12-24,505684312,593037500,85.2702,85.2702,16652500,183,1,0,0
01500,2026-05-11,,,,,,,0,,,,,2025-12-24,156667000,830000000,18.8755,18.8755,-1110000,183,0.5,0,0
03860,2026-05-11,,,,,,,0,,,,,2025-12-24,497737168,582429838,85.4587,85.4587,-2429500,183,0.5,0,0
01420,2026-05-11,,,,,,,0,,,,,2025-12-24,1126224200,1342651200,83.8806,83.8806,18884000,183,1,0,0
08305,2026-05-11,,,,,,,0,,,,,2025-12-24,1265450945,1622000000,78.0179,78.0179,413986100,183,1,0,0
09998,2026-05-11,,,,,,,0,,,,,2025-12-24,177440000,800000000,22.18,22.18,4880000,183,0.5,0,0
06083,2026-05-11,,,,,,,0,,,,,2025-12-24,454520112,501843114,90.5702,90.5702,8803200,183,1,0,0
00894,2026-05-11,,,,,,,0,,,,,2025-12-24,138056403,479322470,28.8024,28.8024,1081539,183,0.5,0,0
00227,2026-05-11,,,,,,,0,,,,,2025-12-24,649401403,2190679905,29.6438,29.6438,-12134479,183,0.5,0,0
01282,2026-05-11,,,,,,,0,,,,,2025-12-24,1249317634,5000000000,24.9864,24.9864,-132446423,183,0,0,0
00201,2026-05-11,,,,,,,0,,,,,2025-12-24,2054685929,8947051324,22.965,22.965,19024254,183,0.5,0,0
01244,2026-05-11,,,,,,,0,,,,,2025-12-24,149281685,258177000,57.8215,57.8215,-5626970,183,0,0,0
00929,2026-05-11,,,,,,,0,,,,,2025-12-24,966085486,1052254135,91.811,91.811,-18681167,183,0,0,0
06959,2026-05-11,,,,,,,0,,,,,2025-12-24,190637400,202160000,94.3003,94.3003,82964200,183,1,0,0
00169,2026-05-11,,,,,,,0,,,,,2025-12-24,1288989137,4697346488,27.4408,27.4408,-41033710,183,0.5,0,0
00353,2026-05-11,,,,,,,0,,,,,2025-12-24,202740380,2115562890,9.5833,9.5833,-46134325,183,0,0,0
00640,2026-05-11,,,,,,,0,,,,,2025-12-24,83399762,310245538,26.8819,26.8819,-110275766,183,0,0,0
01803,2026-05-12,,,,,,,0,,,,,2025-12-24,1170555500,168961900,,692.7926,62282408,183,,1,0
08315,2026-05-12,,,,,,,0,,,,,2025-12-24,485785455,581442248,83.5484,83.5484,1770234,183,0.5,0,0
01738,2026-05-12,,,,,,,0,,,,,2025-12-24,1114277709,1380545800,80.7128,80.7128,-17513112,183,0,0,0
08326,2026-05-12,,,,,,,0,,,,,2025-12-24,1096203715,1227000000,89.3402,89.3402,19336260,183,1,0,0
01001,2026-05-12,,,,,,,0,,,,,2025-12-24,294430796,636508315,46.2572,46.2572,1618100,183,0.5,0,0
06890,2026-05-12,,,,,,,0,,,,,2025-12-24,594708000,606252000,98.0958,98.0958,764000,183,0.5,0,0
00660,2026-05-12,,,,,,,0,,,,,2025-12-24,148886616,384309785,38.7413,38.7413,-745221,183,0.5,0,0
00090,2026-05-12,,,,,,,0,,,,,2025-12-24,418101500,458600000,91.1691,91.1691,218500,183,0.5,0,0
06083,2026-05-12,,,,,,,0,,,,,2025-12-24,454520112,501843114,90.5702,90.5702,8803200,183,1,0,0
00610,2026-05-12,,,,,,,0,,,,,2025-12-24,525907746,793124034,66.3084,66.3084,3653867,183,0.5,0,0
09983,2026-05-12,,,,,,,0,,,,,2025-12-24,1171945460,1299138000,90.2095,90.2095,-2215549,183,0.5,0,0
02440,2026-05-12,,,,,,,0,,,,,2025-12-24,327399977,417029093,78.5077,78.5077,107449426,183,1,0,0
01723,2026-05-12,,,,,,,0,,,,,2025-12-24,433426523,478272000,90.6234,90.6234,62542436,183,1,0,0
08621,2026-05-13,,,,,,,0,,,,,2025-12-24,816944005,960000000,85.0983,85.0983,1296000,183,0.5,0,0
08200,2026-05-13,,,,,,,0,,,,,2025-12-24,66301902,78842031,84.0946,84.0946,528365,183,0.5,0,0
00076,2026-05-13,,,,,,,0,,,,,2025-12-24,257769975,444404073,58.0035,58.0035,15387014,183,1,0,0
01400,2026-05-13,,,,,,,0,,,,,2025-12-24,2207364952,3801767365,58.0615,58.0615,48965940,183,1,0,0
08221,2026-05-13,,,,,,,0,,,,,2025-12-24,36243600,47600000,76.142,76.142,-1879886400,183,0,0,0
02231,2026-05-13,,,,,,,0,,,,,2025-12-24,1619485000,1646173000,98.3788,98.3788,-9914540,183,0.5,0,0
01722,2026-05-13,,,,,,,0,,,,,2025-12-24,309110000,1100000000,28.1009,28.1009,-1850000,183,0.5,0,0
03603,2026-05-13,,,,,,,0,,,,,2025-12-24,1084286000,1492944000,72.6274,72.6274,-13206000,183,0.5,0,0
08120,2026-05-13,,,,,,,0,,,,,2025-12-24,94680815,162626760,58.2197,58.2197,-10770986,183,0,0,0
08535,2026-05-13,,,,,,,0,,,,,2025-12-24,269480000,1200000000,22.4567,22.4567,46620000,183,1,0,0
01792,2026-05-13,,,,,,,0,,,,,2025-12-24,36029062,247680000,,14.5466,-1126004824,183,,1,0
01741,2026-05-13,,,,,,,0,,,,,2025-12-24,371581000,800000000,46.4476,46.4476,14524000,183,1,0,0
08029,2026-05-13,,,,,,,0,,,,,2025-12-24,227867590,280081621,81.3576,81.3576,22114950,183,1,0,0
01613,2026-05-13,,,,,,,0,,,,,2025-12-24,215944923,1535864491,14.0602,14.0602,13680019,183,0.5,0,0
06968,2026-05-13,,,,,,,0,,,,,2025-12-24,1282799001,1621799000,79.0973,79.0973,3867001,183,0.5,0,0
02210,2026-05-13,,,,,,,0,,,,,2025-12-24,33746725,146667200,23.009,23.009,-109600,183,0.5,0,0
01631,2026-05-13,,,,,,,0,,,,,2025-12-24,49183700,307200000,16.0103,16.0103,563700,183,0.5,0,0
01037,2026-05-13,,,,,,,0,,,,,2025-12-24,294871975,706173448,41.7563,41.7563,-10472341,183,0,0,0
00829,2026-05-13,,,,,,,0,,,,,2025-12-24,773260831,3230480000,23.9364,23.9364,19488650,183,0.5,0,0
02350,2026-05-13,,,,,,,0,,,,,2025-12-24,519593700,875000000,59.3821,59.3821,306763800,183,1,0,0
00209,2026-05-13,,,,,,,0,,,,,2025-12-24,120726386,148567180,,81.2605,68633307,183,,1,0
06890,2026-05-13,,,,,,,0,,,,,2025-12-24,594708000,606252000,98.0958,98.0958,764000,183,0.5,0,0
00351,2026-05-13,,,,,,,0,,,,,2025-12-24,449945075,1994975244,22.5539,22.5539,7171637,183,0.5,0,0
01085,2026-05-13,,,,,,,0,,,,,2025-12-24,283563687,465600000,60.9029,60.9029,-15818000,183,0,0,0
01769,2026-05-13,,,,,,,0,,,,,2025-12-24,496852375,673781050,73.7409,73.7409,11431637,183,1,0,0
02231,2026-05-14,,,,,,,0,,,,,2025-12-24,1619485000,1646173000,98.3788,98.3788,-9914540,183,0.5,0,0
08489,2026-05-14,,,,,,,0,,,,,2025-12-24,282392150,307575000,91.8125,91.8125,226675000,183,1,0,0
01025,2026-05-14,,,,,,,0,,,,,2025-12-24,151459856,447367440,33.8558,33.8558,119095440,183,1,0,0
00726,2026-05-14,,,,,,,0,,,,,2025-12-24,2818300963,3101095730,90.8808,90.8808,294003250,183,1,0,0
01737,2026-05-14,,,,,,,0,,,,,2025-12-24,187463002,1000000000,18.7463,18.7463,8410002,183,0.5,0,0
01740,2026-05-14,,,,,,,0,,,,,2025-12-24,769497001,1037500000,74.1684,74.1684,9145001,183,0.5,0,0
08480,2026-05-14,,,,,,,0,,,,,2025-12-24,498436000,923321600,53.9829,53.9829,12184000,183,1,0,0
06909,2026-05-14,,,,,,,0,,,,,2025-12-24,597359585,622500000,95.9614,95.9614,-8032059,183,0,0,0
01581,2026-05-14,,,,,,,0,,,,,2025-12-24,364450276,415000000,87.8193,87.8193,1210000,183,0.5,0,0
01891,2026-05-14,,,,,,,0,,,,,2025-12-24,767924000,1000000000,76.7924,76.7924,5112000,183,0.5,0,0
01835,2026-05-14,,,,,,,0,,,,,2025-12-24,31313200,153340000,20.4208,20.4208,-6010800,183,0,0,0
00442,2026-05-14,,,,,,,0,,,,,2025-12-24,134044558,259150000,51.7247,51.7247,-463936,183,0.5,0,0
01741,2026-05-14,,,,,,,0,,,,,2025-12-24,371581000,800000000,46.4476,46.4476,14524000,183,1,0,0
01417,2026-05-14,,,,,,,0,,,,,2025-12-24,387776000,405000000,95.7472,95.7472,3774000,183,0.5,0,0
01962,2026-05-14,,,,,,,0,,,,,2025-12-24,602132693,616136000,97.7272,97.7272,-4427803,183,0.5,0,0
01218,2026-05-14,,,,,,,0,,,,,2025-12-24,26430927,147976806,,17.8615,1297954,183,,1,0
00428,2026-05-15,,,,,,,0,,,,,2025-12-24,100966350,154258237,65.4528,65.4528,35628393,183,1,0,0
08619,2026-05-15,,,,,,,0,,,,,2025-12-24,80149990,433635000,18.4833,18.4833,-704610510,183,0,0,0
01591,2026-05-15,,,,,,,0,,,,,2025-12-24,137381529,533333333,25.759,25.759,4144030,183,0.5,0,0
08471,2026-05-15,,,,,,,0,,,,,2025-12-24,908604000,73560000,,1235.1876,50270000,183,,1,0
08549,2026-05-15,,,,,,,0,,,,,2025-12-24,70443923,400000000,17.611,17.611,-27741077,53,0,0,0
03878,2026-05-15,,,,,,,0,,,,,2025-12-24,412431180,479600000,85.9948,85.9948,9106000,183,1,0,0
02699,2026-05-15,,,,,,,0,,,,,2025-12-24,53180041,26300708,,202.2,-1266183707,183,,1,0
01146,2026-05-15,,,,,,,0,,,,,2025-12-24,2549285960,3545450000,71.903,71.903,-43268080,183,0,0,0
01559,2026-05-15,,,,,,,0,,,,,2025-12-24,949626897,2754600460,34.4742,34.4742,2580000,183,0.5,0,0
00936,2026-05-15,,,,,,,0,,,,,2025-12-24,903355000,1060000000,85.2222,85.2222,49371000,183,1,0,0
01592,2026-05-15,,,,,,,0,,,,,2025-12-24,182540047,1447776405,12.6083,12.6083,-1152515424,183,0,0,0
08059,2026-05-15,,,,,,,0,,,,,2025-12-24,846565800,1010605000,,83.7682,1390000,183,,1,0
00894,2026-05-15,,,,,,,0,,,,,2025-12-24,138056403,479322470,28.8024,28.8024,1081539,183,0.5,0,0
00254,2026-05-15,,,,,,,0,,,,,2025-12-24,185414461,675762840,27.4378,27.4378,-1627576862,183,0,0,0
00209,2026-05-15,,,,,,,0,,,,,2025-12-24,120726386,148567180,,81.2605,68633307,183,,1,0
09978,2026-05-18,,,,,,,0,,,,,2025-12-24,110426500,400000000,27.6066,27.6066,4768000,183,1,0,0
01413,2026-05-18,,,,,,,0,,,,,2025-12-24,243368000,328000000,,74.1976,-672712000,183,,1,0
08187,2026-05-18,,,,,,,0,,,,,2025-12-24,117342373,151683840,77.3598,77.3598,-17147739,183,0,0,0
01536,2026-05-18,,,,,,,0,,,,,2025-12-24,411264050,456000000,90.1895,90.1895,-2782000,183,0.5,0,0
01129,2026-05-18,,,,,,,0,,,,,2025-12-24,571524438,632193928,90.4033,90.4033,41201383,183,1,0,0
01559,2026-05-18,,,,,,,0,,,,,2025-12-24,949626897,2754600460,34.4742,34.4742,2580000,183,0.5,0,0
01778,2026-05-18,,,,,,,0,,,,,2025-12-24,1174740524,1859407192,63.1782,63.1782,-24592208,183,0,0,0
01473,2026-05-18,,,,,,,0,,,,,2025-12-24,1041589100,1182441289,88.088,88.088,135191000,183,1,0,0
01463,2026-05-18,,,,,,,0,,,,,2025-12-24,2369662000,2874251497,82.4445,82.4445,-4208000,183,0.5,0,0
08187,2026-05-19,,,,,,,0,,,,,2025-12-24,117342373,151683840,77.3598,77.3598,-17147739,183,0,0,0
01841,2026-05-19,,,,,,,0,,,,,2025-12-24,226460000,400000000,56.615,56.615,-750000,183,0.5,0,0
01536,2026-05-19,,,,,,,0,,,,,2025-12-24,411264050,456000000,90.1895,90.1895,-2782000,183,0.5,0,0
01547,2026-05-19,,,,,,,0,,,,,2025-12-24,759206000,800000000,94.9008,94.9008,-936000,183,0.5,0,0
06033,2026-05-19,,,,,,,0,,,,,2025-12-24,364718780,403753000,90.3322,90.3322,213000,183,0.5,0,0
02515,2026-05-19,,,,,,,0,,,,,2025-12-24,199201749,310742749,64.105,64.105,166406749,183,1,0,0
06893,2026-05-19,,,,,,,0,,,,,2025-12-24,1009758100,1091796000,92.486,92.486,700000,183,0.5,0,0
01938,2026-05-19,,,,,,,0,,,,,2025-12-24,401341256,1011142000,39.6919,39.6919,-14854750,183,0,0,0
00520,2026-05-19,,,,,,,0,,,,,2025-12-24,935720531,1086174481,86.1483,86.1483,966711,183,0.5,0,0
01417,2026-05-19,,,,,,,0,,,,,2025-12-24,387776000,405000000,95.7472,95.7472,3774000,183,0.5,0,0
00528,2026-05-19,,,,,,,0,,,,,2025-12-24,348150874,629678000,55.2903,55.2903,-25746355,183,0,0,0
02621,2026-05-19,,,,,,,0,,,,,2025-12-24,143162198,226378600,63.2402,63.2402,118626598,145,1,0,0
02392,2026-05-19,,,,,,,0,,,,,2025-12-24,301352440,554859000,54.3115,54.3115,-42938100,183,0,0,0
01161,2026-05-19,,,,,,,0,,,,,2025-12-24,256443811,680552764,37.6817,37.6817,-38391,183,0.5,0,0
01463,2026-05-19,,,,,,,0,,,,,2025-12-24,2369662000,2874251497,82.4445,82.4445,-4208000,183,0.5,0,0
09689,2026-05-19,,,,,,,0,,,,,2025-12-24,508446000,1116000000,45.5597,45.5597,21564000,183,1,0,0
00727,2026-05-19,,,,,,,0,,,,,2025-12-24,135557549,1271844000,10.6583,10.6583,-4697320,183,0.5,0,0
00204,2026-05-20,,,,,,,0,,,,,2025-12-24,106351847,249055128,42.7021,42.7021,-584779499,183,0,0,0
01340,2026-05-20,,,,,,,0,,,,,2025-12-24,554000000,138425700,,400.2147,23405000,183,,1,0
01835,2026-05-20,,,,,,,0,,,,,2025-12-24,31313200,153340000,20.4208,20.4208,-6010800,183,0,0,0
01449,2026-05-20,,,,,,,0,,,,,2025-12-24,627410501,800000000,78.4263,78.4263,-709999,183,0.5,0,0
01850,2026-05-20,,,,,,,0,,,,,2025-12-24,124696753,172800000,72.1625,72.1625,16068076,183,1,0,0
00833,2026-05-20,,,,,,,0,,,,,2025-12-24,289002011,473058180,61.0923,61.0923,-22414823,183,0,0,0
02540,2026-05-20,,,,,,,0,,,,,2025-12-24,101229100,600000000,16.8715,16.8715,4632500,183,0.5,0,0
00097,2026-05-20,,,,,,,0,,,,,2025-12-24,493200051,3047327395,16.1847,16.1847,-30278557,183,0.5,0,0
02295,2026-05-20,,,,,,,0,,,,,2025-12-24,98300000,400000000,24.575,24.575,-15000,183,0.5,0,0
09689,2026-05-20,,,,,,,0,,,,,2025-12-24,508446000,1116000000,45.5597,45.5597,21564000,183,1,0,0
08042,2026-05-21,,,,,,,0,,,,,2025-12-24,152730000,800000000,19.0913,19.0913,-6320000,183,0.5,0,0
01340,2026-05-21,,,,,,,0,,,,,2025-12-24,554000000,138425700,,400.2147,23405000,183,,1,0
01703,2026-05-21,,,,,,,0,,,,,2025-12-24,888530000,138000000,,643.8623,-11278000,183,,0,0
01129,2026-05-21,,,,,,,0,,,,,2025-12-24,571524438,632193928,90.4033,90.4033,41201383,183,1,0,0
02022,2026-05-21,,,,,,,0,,,,,2025-12-24,906876710,2000000000,45.3438,45.3438,1655000,183,0.5,0,0
06909,2026-05-21,,,,,,,0,,,,,2025-12-24,597359585,622500000,95.9614,95.9614,-8032059,183,0,0,0
00442,2026-05-21,,,,,,,0,,,,,2025-12-24,134044558,259150000,51.7247,51.7247,-463936,183,0.5,0,0
01752,2026-05-21,,,,,,,0,,,,,2025-12-24,915238000,2231846000,41.0081,41.0081,-2160000,183,0.5,0,0
01985,2026-05-21,,,,,,,0,,,,,2025-12-24,242710400,306374000,79.2203,79.2203,7385500,183,1,0,0
00391,2026-05-21,,,,,,,0,,,,,2025-12-24,3051243335,5923738525,51.5087,51.5087,18713000,183,0.5,0,0
01204,2026-05-21,,,,,,,0,,,,,2025-12-24,420995250,500000000,84.199,84.199,138000,183,0.5,0,0
00162,2026-05-22,,,,,,,0,,,,,2025-12-24,601136205,1149694715,52.2866,52.2866,13178500,183,1,0,0
01927,2026-05-22,,,,,,,0,,,,,2025-12-24,151000000,792000000,19.0657,19.0657,615000,183,0.5,0,0
02129,2026-05-22,,,,,,,0,,,,,2025-12-24,225599198,1250000000,18.0479,18.0479,8159198,183,0.5,0,0
00524,2026-05-22,,,,,,,0,,,,,2025-12-24,170391811,236277500,72.1151,72.1151,210344,183,0.5,0,0
00021,2026-05-22,,,,,,,0,,,,,2025-12-24,1042223237,3975233406,26.2179,26.2179,-13958314,183,0.5,0,0
01416,2026-05-22,,,,,,,0,,,,,2025-12-24,228211500,1400000000,16.3008,16.3008,6940000,183,0.5,0,0
01767,2026-05-22,,,,,,,0,,,,,2025-12-24,932930000,1000000000,93.293,93.293,-5400000,183,0.5,0,0
03913,2026-05-22,,,,,,,0,,,,,2025-12-24,782394274,2025858916,38.6204,38.6204,-66467644,183,0,0,0
00229,2026-05-22,,,,,,,0,,,,,2025-12-24,176305868,501324860,35.168,35.168,-16398000,183,0,0,0
03882,2026-05-22,,,,,,,0,,,,,2025-12-24,551713057,1008587455,54.7016,54.7016,38998000,183,1,0,0
00159,2026-05-22,,,,,,,0,,,,,2025-12-24,4480905989,9280232131,48.2844,48.2844,734862673,183,1,0,0
01203,2026-05-22,,,,,,,0,,,,,2025-12-24,239289661,907593285,26.3653,26.3653,-21551461,183,0,0,0
00368,2026-05-22,,,,,,,0,,,,,2025-12-24,173130000,800000000,21.6412,21.6412,32408000,183,1,0,0
06989,2026-05-22,,,,,,,0,,,,,2025-12-24,235581509,1220348000,19.3045,19.3045,-11650394,183,0.5,0,0
03728,2026-05-26,,,,,,,0,,,,,2025-12-24,879653000,1013000000,86.8364,86.8364,2610000,183,0.5,0,0
01259,2026-05-26,,,,,,,0,,,,,2025-12-24,1533359102,2203361000,69.5918,69.5918,-82624000,183,0,0,0
08007,2026-05-26,,,,,,,0,,,,,2025-12-24,168452971,226317429,74.4322,74.4322,-172242354,183,0,0,0
00310,2026-05-26,,,,,,,0,,,,,2025-12-24,574774399,621132020,92.5366,92.5366,494961900,183,1,0,0
08490,2026-05-26,,,,,,,0,,,,,2025-12-24,136387700,705500000,19.3321,19.3321,-5305000,183,0.5,0,0
01452,2026-05-26,,,,,,,0,,,,,2025-12-24,541949929,770697720,70.3194,70.3194,10400524,183,1,0,0
00356,2026-05-26,,,,,,,0,,,,,2025-12-24,2262835448,201398666,,1123.5603,-45175849,183,,1,0
01793,2026-05-26,,,,,,,0,,,,,2025-12-24,162824000,800000000,20.353,20.353,2324000,183,0.5,0,0
06663,2026-05-26,,,,,,,0,,,,,2025-12-24,161780000,800000000,20.2225,20.2225,-5060000,183,0.5,0,0
00243,2026-05-26,,,,,,,0,,,,,2025-12-24,202018095,346490532,58.3041,58.3041,53560489,183,1,0,0
00524,2026-05-26,,,,,,,0,,,,,2025-12-24,170391811,236277500,72.1151,72.1151,210344,183,0.5,0,0
00021,2026-05-26,,,,,,,0,,,,,2025-12-24,1042223237,3975233406,26.2179,26.2179,-13958314,183,0.5,0,0
01909,2026-05-26,,,,,,,0,,,,,2025-12-24,130766320,242821041,53.853,53.853,-691424,183,0.5,0,0
00225,2026-05-26,,,,,,,0,,,,,2025-12-24,10589225,110179385,9.6109,9.6109,-40620,183,0.5,0,0
02250,2026-05-26,,,,,,,0,,,,,2025-12-24,473489501,1008355000,46.9566,46.9566,92972501,183,1,0,0
09919,2026-05-26,,,,,,,0,,,,,2025-12-24,618540464,744218000,83.1128,83.1128,142191310,183,1,0,0
01693,2026-05-26,,,,,,,0,,,,,2025-12-24,37663442,80278240,46.9161,46.9161,3425748,183,1,0,0
02298,2026-05-26,,,,,,,0,,,,,2025-12-24,2005808896,2249457213,89.1686,89.1686,-6986777,183,0.5,0,0
01410,2026-05-26,,,,,,,0,,,,,2025-12-24,794062000,1009717000,78.642,78.642,-46630000,183,0,0,0
08069,2026-05-27,,,,,,,0,,,,,2025-12-24,459780000,40835700,,1125.9266,2475000,183,,1,0
00197,2026-05-27,,,,,,,0,,,,,2025-12-24,144468813,209210453,69.0543,69.0543,16394125,183,1,0,0
08291,2026-05-27,,,,,,,0,,,,,2025-12-24,45378420,213333332,21.2711,21.2711,-90951845,183,0,0,0
00145,2026-05-27,,,,,,,0,,,,,2025-12-24,256681823,366201816,70.093,70.093,159318426,183,1,0,0
08275,2026-05-27,,,,,,,0,,,,,2025-12-24,747430381,959985543,77.8585,77.8585,164805524,183,1,0,0
01162,2026-05-27,,,,,,,0,,,,,2025-12-24,166651020,600000000,27.7752,27.7752,1384000,183,0.5,0,0
02028,2026-05-27,,,,,,,0,,,,,2025-12-24,567375762,858334100,66.102,66.102,1816619,183,0.5,0,0
00396,2026-05-27,,,,,,,0,,,,,2025-12-24,234822007,808096025,29.0587,29.0587,4576000,183,0.5,0,0
08283,2026-05-27,,,,,,,0,,,,,2025-12-24,36615873,345600000,10.5949,10.5949,6625680,183,1,0,0
06988,2026-05-27,,,,,,,0,,,,,2025-12-24,1257364437,2371927200,53.0102,53.0102,121496237,183,1,0,0
01245,2026-05-27,,,,,,,0,,,,,2025-12-24,336121457,1195850460,28.1073,28.1073,1659492,183,0.5,0,0
01446,2026-05-27,,,,,,,0,,,,,2025-12-24,188532810,655944000,28.7422,28.7422,-2367990,183,0.5,0,0
01289,2026-05-27,,,,,,,0,,,,,2025-12-24,21414000,128000000,16.7297,16.7297,3475500,183,1,0,0
00828,2026-05-27,,,,,,,0,,,,,2025-12-24,405283225,1408405886,28.776,28.776,-5320328,183,0.5,0,0
02239,2026-05-27,,,,,,,0,,,,,2025-12-24,292320728,324931990,89.9637,89.9637,-463332,183,0.5,0,0
02501,2026-05-27,,,,,,,0,,,,,2025-12-24,136258000,500000000,27.2516,27.2516,21435000,183,1,0,0
02372,2026-05-27,,,,,,,0,,,,,2025-12-24,435660000,800000001,54.4575,54.4575,3384000,183,0.5,0,0
06188,2026-05-27,,,,,,,0,,,,,2025-12-24,61149808,886460400,6.8982,6.8982,-4457580,183,0.5,0,0
00618,2026-05-27,,,,,,,0,,,,,2025-12-24,1444141562,2737417279,52.7556,52.7556,19210000,183,0.5,0,0
01259,2026-05-28,,,,,,,0,,,,,2025-12-24,1533359102,2203361000,69.5918,69.5918,-82624000,183,0,0,0
01068,2026-05-28,,,,,,,0,,,,,2025-12-24,1210058006,1822755650,66.3862,66.3862,1197858,183,0.5,0,0
01679,2026-05-28,,,,,,,0,,,,,2025-12-24,187636774,215813840,86.9438,86.9438,54712588,183,1,0,0
08070,2026-05-28,,,,,,,0,,,,,2025-12-24,50405000,200000000,25.2025,25.2025,585000,183,0.5,0,0
00681,2026-05-28,,,,,,,0,,,,,2025-12-24,3697353202,8934561203,41.3826,41.3826,142442191,183,1,0,0
02028,2026-05-28,,,,,,,0,,,,,2025-12-24,567375762,858334100,66.102,66.102,1816619,183,0.5,0,0
00021,2026-05-28,,,,,,,0,,,,,2025-12-24,1042223237,3975233406,26.2179,26.2179,-13958314,183,0.5,0,0
00689,2026-05-28,,,,,,,0,,,,,2025-12-24,364293306,1857731712,19.6096,19.6096,-3541504454,183,0,0,0
08521,2026-05-28,,,,,,,0,,,,,2025-12-24,440167726,639000000,68.8838,68.8838,32383926,183,1,0,0
00994,2026-05-28,,,,,,,0,,,,,2025-12-24,897336510,1291006000,69.5068,69.5068,185049000,183,1,0,0
01685,2026-05-28,,,,,,,0,,,,,2025-12-24,681233000,773769000,88.0409,88.0409,3311000,183,0.5,0,0
00532,2026-05-28,,,,,,,0,,,,,2025-12-24,217925083,729897964,29.8569,29.8569,-4893268,183,0.5,0,0
02239,2026-05-28,,,,,,,0,,,,,2025-12-24,292320728,324931990,89.9637,89.9637,-463332,183,0.5,0,0
01082,2026-05-28,,,,,,,0,,,,,2025-12-24,536517200,608046880,88.2362,88.2362,-11216000,183,0,0,0
06128,2026-05-29,,,,,,,0,,,,,2025-12-24,816261320,941313336,86.7152,86.7152,639063360,183,1,0,0
01323,2026-05-29,,,,,,,0,,,,,2025-12-24,614244488,906774743,67.7395,67.7395,19041500,183,1,0,0
06918,2026-05-29,,,,,,,0,,,,,2025-12-24,516623125,874386800,59.084,59.084,120190800,183,1,0,0
01472,2026-05-29,,,,,,,0,,,,,2025-12-24,252723176,1000000000,25.2723,25.2723,5440000,183,0.5,0,0
02310,2026-05-29,,,,,,,0,,,,,2025-12-24,1023234737,1092877195,93.6276,93.6276,2098000,183,0.5,0,0
08070,2026-05-29,,,,,,,0,,,,,2025-12-24,50405000,200000000,25.2025,25.2025,585000,183,0.5,0,0
03997,2026-05-29,,,,,,,0,,,,,2025-12-24,31953000,128342000,24.8968,24.8968,454000,183,0.5,0,0
06911,2026-05-29,,,,,,,0,,,,,2025-12-24,47405500,150000000,31.6037,31.6037,19711300,183,1,0,0
02369,2026-05-29,,,,,,,0,,,,,2025-12-24,229548981,397930198,57.6857,57.6857,-10758116410,183,0,0,0
02497,2026-05-29,,,,,,,0,,,,,2025-12-24,118994028,500000000,23.7988,23.7988,6586010,183,1,0,0
02651,2026-05-29,,,,,,,0,,,,,2025-12-24,16147795,50579042,31.9259,31.9259,-510145,118,0,0,0
00254,2026-05-29,,,,,,,0,,,,,2025-12-24,185414461,675762840,27.4378,27.4378,-1627576862,183,0,0,0
02028,2026-05-29,,,,,,,0,,,,,2025-12-24,567375762,858334100,66.102,66.102,1816619,183,0.5,0,0
02496,2026-05-29,,,,,,,0,,,,,2025-12-24,111243848,193849200,57.3868,57.3868,13200,183,0.5,0,0
08081,2026-06-01,,,,,,,0,,,,,2025-12-24,3805816401,5156035108,73.8128,73.8128,271313921,183,1,0,0
00171,2026-06-01,,,,,,,0,,,,,2025-12-24,1870229769,2304849611,81.1432,81.1432,-9624757,183,0.5,0,0
02112,2026-06-01,,,,,,,0,,,,,2025-12-24,1050829500,1500000000,70.0553,70.0553,-39082800,183,0,0,0
01949,2026-06-01,,,,,,,0,,,,,2025-12-24,132342105,230400000,,57.4401,-332065920,183,,1,0
01468,2026-06-01,,,,,,,0,,,,,2025-12-24,1438410715,416830951,,345.0825,-75670695,183,,1,0
01314,2026-06-01,,,,,,,0,,,,,2025-12-24,465729033,1411226450,33.0017,33.0017,-4035619,183,0.5,0,0
00380,2026-06-01,,,,,,,0,,,,,2025-12-24,1219884120,1332266000,91.5646,91.5646,1130000,183,0.5,0,0
00889,2026-06-01,,,,,,,0,,,,,2025-12-24,83418000,320000000,26.0681,26.0681,162000,183,0.5,0,0
01831,2026-06-01,,,,,,,0,,,,,2025-12-24,307153541,1075449549,28.5605,28.5605,-78025,183,0.5,0,0
02000,2026-06-01,,,,,,,0,,,,,2025-12-24,786359515,2119047300,37.1091,37.1091,-5672449,183,0.5,0,0
01846,2026-06-01,,,,,,,0,,,,,2025-12-24,300778290,320706000,93.7863,93.7863,4447813,183,1,0,0
00301,2026-06-01,,,,,,,0,,,,,2025-12-24,407139630,470459740,86.5408,86.5408,-20012510,183,0,0,0
00314,2026-06-01,,,,,,,0,,,,,2025-12-24,704738825,725754114,97.1044,97.1044,-6184265,183,0.5,0,0
08471,2026-06-02,,,,,,,0,,,,,2025-12-24,908604000,73560000,,1235.1876,50270000,183,,1,0
08311,2026-06-02,,,,,,,0,,,,,2025-12-24,476467314,1483687151,32.1137,32.1137,2885555,183,0.5,0,0
01949,2026-06-02,,,,,,,0,,,,,2025-12-24,132342105,230400000,,57.4401,-332065920,183,,1,0
08160,2026-06-02,,,,,,,0,,,,,2025-12-24,114794385,214791940,53.4445,53.4445,1358976,183,0.5,0,0
08031,2026-06-02,,,,,,,0,,,,,2025-12-24,251716000,354745000,70.9569,70.9569,-3354000,183,0.5,0,0
00889,2026-06-02,,,,,,,0,,,,,2025-12-24,83418000,320000000,26.0681,26.0681,162000,183,0.5,0,0
00989,2026-06-02,,,,,,,0,,,,,2025-12-24,232359625,360181940,64.5117,64.5117,-45463707,183,0,0,0
01633,2026-06-02,,,,,,,0,,,,,2025-12-24,130326000,684750000,19.0326,19.0326,759000,183,0.5,0,0
01399,2026-06-02,,,,,,,0,,,,,2025-12-24,449782904,1090001246,41.2644,41.2644,-4969517,183,0.5,0,0
06162,2026-06-02,,,,,,,0,,,,,2025-12-24,1045729099,2400000000,43.572,43.572,-890655001,183,0,0,0
02350,2026-06-02,,,,,,,0,,,,,2025-12-24,519593700,875000000,59.3821,59.3821,306763800,183,1,0,0
08315,2026-06-03,,,,,,,0,,,,,2025-12-24,485785455,581442248,83.5484,83.5484,1770234,183,0.5,0,0
08379,2026-06-03,,,,,,,0,,,,,2025-12-24,261530100,800000000,32.6913,32.6913,-43642000,183,0,0,0
01771,2026-06-03,,,,,,,0,,,,,2025-12-24,147420000,600000000,24.57,24.57,1634200,183,0.5,0,0
00385,2026-06-03,,,,,,,0,,,,,2025-12-24,98939395,594899245,16.6313,16.6313,641448,183,0.5,0,0
00605,2026-06-03,,,,,,,0,,,,,2025-12-24,137527857,209160067,65.7524,65.7524,3263599,183,1,0,0
01745,2026-06-03,,,,,,,0,,,,,2025-12-24,1372732626,50616020,,2712.0517,453425090,183,,1,0
09968,2026-06-03,,,,,,,0,,,,,2025-12-24,2204271500,5254000000,41.9542,41.9542,27138500,183,0.5,0,0
00865,2026-06-03,,,,,,,0,,,,,2025-12-24,2282984924,5837989696,39.1057,39.1057,70430133,183,1,0,0
00423,2026-06-03,,,,,,,0,,,,,2025-12-24,80185173,431600000,18.5786,18.5786,-14593500,183,0,0,0
02258,2026-06-03,,,,,,,0,,,,,2025-12-24,183155709,825400000,22.1899,22.1899,-3828292,183,0.5,0,0
02322,2026-06-03,,,,,,,0,,,,,2025-12-24,3632156240,4420600000,82.1643,82.1643,78466000,183,1,0,0
02165,2026-06-03,,,,,,,0,,,,,2025-12-24,111174440,285685000,38.915,38.915,1817000,183,0.5,0,0
02439,2026-06-03,,,,,,,0,,,,,2025-12-24,279449150,1200000000,23.2874,23.2874,11478800,183,0.5,0,0
00353,2026-06-03,,,,,,,0,,,,,2025-12-24,202740380,2115562890,9.5833,9.5833,-46134325,183,0,0,0
01085,2026-06-03,,,,,,,0,,,,,2025-12-24,283563687,465600000,60.9029,60.9029,-15818000,183,0,0,0
02581,2026-06-03,,,,,,,0,,,,,2025-12-24,69639667,311945001,22.3243,22.3243,3928167,3,1,0,0
09978,2026-06-04,,,,,,,0,,,,,2025-12-24,110426500,400000000,27.6066,27.6066,4768000,183,1,0,0
00110,2026-06-04,,,,,,,0,,,,,2025-12-24,63103070,278555888,22.6536,22.6536,282426,183,0.5,0,0
03662,2026-06-04,,,,,,,0,,,,,2025-12-24,380465270,726250000,52.3876,52.3876,1169508,183,0.5,0,0
01975,2026-06-04,,,,,,,0,,,,,2025-12-24,97636000,480000000,20.3408,20.3408,3948000,183,0.5,0,0
08426,2026-06-04,,,,,,,0,,,,,2025-12-24,183098000,800000000,22.8873,22.8873,70000,183,0.5,0,0
00757,2026-06-04,,,,,,,0,,,,,2025-12-24,2049807058,3323771133,61.6711,61.6711,3732558,183,0.5,0,0
01732,2026-06-04,,,,,,,0,,,,,2025-12-24,478178141,1280000000,37.3577,37.3577,43776948,183,1,0,0
01540,2026-06-04,,,,,,,0,,,,,2025-12-24,100596044,498671823,20.1728,20.1728,-7201444,183,0,0,0
01592,2026-06-04,,,,,,,0,,,,,2025-12-24,182540047,1447776405,12.6083,12.6083,-1152515424,183,0,0,0
01080,2026-06-04,,,,,,,0,,,,,2025-12-24,2629351628,3874365600,67.8653,67.8653,44164052,183,1,0,0
01130,2026-06-04,,,,,,,0,,,,,2025-12-24,458279903,562869147,81.4186,81.4186,89584105,183,1,0,0
08229,2026-06-04,,,,,,,0,,,,,2025-12-24,170185000,555480000,30.6375,30.6375,-37625000,183,0,0,0
01490,2026-06-04,,,,,,,0,,,,,2025-12-24,310261351,1234600000,25.1305,25.1305,2528150,183,0.5,0,0
00672,2026-06-04,,,,,,,0,,,,,2025-12-24,4792024261,5635809800,85.0281,85.0281,-105958348,183,0,0,0
01622,2026-06-04,,,,,,,0,,,,,2025-12-24,1271194422,3551609322,35.7921,35.7921,-6301596,183,0.5,0,0
00532,2026-06-04,,,,,,,0,,,,,2025-12-24,217925083,729897964,29.8569,29.8569,-4893268,183,0.5,0,0
08317,2026-06-05,,,,,,,0,,,,,2025-12-24,690843574,999808161,69.0976,69.0976,396400,183,0.5,0,0
00110,2026-06-05,,,,,,,0,,,,,2025-12-24,63103070,278555888,22.6536,22.6536,282426,183,0.5,0,0
01759,2026-06-05,,,,,,,0,,,,,2025-12-24,47103000,216000000,21.8069,21.8069,574000,183,0.5,0,0
03708,2026-06-05,,,,,,,0,,,,,2025-12-24,4448155960,727280000,,611.6153,-280865000,183,,1,0
01933,2026-06-05,,,,,,,0,,,,,2025-12-24,170993500,503927177,33.9322,33.9322,-848000,183,0.5,0,0
01962,2026-06-05,,,,,,,0,,,,,2025-12-24,602132693,616136000,97.7272,97.7272,-4427803,183,0.5,0,0
00725,2026-06-05,,,,,,,0,,,,,2025-12-24,179801500,198958000,90.3716,90.3716,-328000,183,0.5,0,0
00987,2026-06-05,,,,,,,0,,,,,2025-12-24,2214386026,2506157464,88.3578,88.3578,-3934459,183,0.5,0,0
01480,2026-06-05,,,,,,,0,,,,,2025-12-24,36180991,240000000,15.0754,15.0754,-1069000,183,0.5,0,0
01720,2026-06-05,,,,,,,0,,,,,2025-12-24,1015563140,1100000000,92.3239,92.3239,7316000,183,0.5,0,0
02543,2026-06-05,,,,,,,0,,,,,2025-12-24,6261999,32788841,19.098,19.098,-222801,74,0.5,0,0
01647,2026-06-08,,,,,,,0,,,,,2025-12-24,902056000,1195040000,75.4833,75.4833,25021000,183,1,0,0
08072,2026-06-08,,,,,,,0,,,,,2025-12-24,147659877,168349134,87.7105,87.7105,35370924,183,1,0,0
02358,2026-06-08,,,,,,,0,,,,,2025-12-24,4098962000,5472000000,74.9079,74.9079,-306198000,183,0,0,0
08223,2026-06-08,,,,,,,0,,,,,2025-12-24,331049981,516000000,64.157,64.157,23858200,183,1,0,0
01305,2026-06-08,,,,,,,0,,,,,2025-12-24,176888000,216626000,81.6559,81.6559,3287000,183,1,0,0
01059,2026-06-08,,,,,,,0,,,,,2025-12-24,260673153,375033506,69.5066,69.5066,-71712337,183,0,0,0
01669,2026-06-08,,,,,,,0,,,,,2025-12-24,69672500,400000000,17.4181,17.4181,-930000,183,0.5,0,0
01011,2026-06-08,,,,,,,0,,,,,2025-12-24,421046626,1796563586,23.4362,23.4362,251373524,183,1,0,0
00929,2026-06-08,,,,,,,0,,,,,2025-12-24,966085486,1052254135,91.811,91.811,-18681167,183,0,0,0
01825,2026-06-09,,,,,,,0,,,,,2025-12-24,251876750,41472000,,607.3417,-7875000,183,,0,0
00401,2026-06-09,,,,,,,0,,,,,2025-12-24,117299258,1128615702,10.3932,10.3932,-9158218,183,0.5,0,0
02324,2026-06-09,,,,,,,0,,,,,2025-12-24,237181826,900256498,,26.346,-3666884,183,,1,0
00776,2026-06-09,,,,,,,0,,,,,2025-12-24,352417237,671837550,52.4557,52.4557,48402549,183,1,0,0
01613,2026-06-09,,,,,,,0,,,,,2025-12-24,215944923,1535864491,14.0602,14.0602,13680019,183,0.5,0,0
01251,2026-06-09,,,,,,,0,,,,,2025-12-24,1629111960,1954143999,83.367,83.367,50840163,183,1,0,0
00130,2026-06-10,,,,,,,0,,,,,2025-12-24,261031667,287930000,90.658,90.658,189632667,183,1,0,0
08131,2026-06-10,,,,,,,0,,,,,2025-12-24,420715091,719211139,58.4967,58.4967,-9697546,183,0,0,0
00657,2026-06-10,,,,,,,0,,,,,2025-12-24,283865597,1946314108,14.5848,14.5848,5766300,183,0.5,0,0
01312,2026-06-10,,,,,,,0,,,,,2025-12-24,4724791782,5588571777,84.5438,84.5438,-38023000,183,0.5,0,0
06193,2026-06-10,,,,,,,0,,,,,2025-12-24,385711000,400000000,96.4278,96.4278,812000,183,0.5,0,0
01795,2026-06-10,,,,,,,0,,,,,2025-12-24,559449058,600000000,93.2415,93.2415,-5850000,183,0.5,0,0
01218,2026-06-10,,,,,,,0,,,,,2025-12-24,26430927,147976806,,17.8615,1297954,183,,1,0
01596,2026-06-10,,,,,,,0,,,,,2025-12-24,139429000,897840000,15.5294,15.5294,-52695474,183,0,0,0
02439,2026-06-10,,,,,,,0,,,,,2025-12-24,279449150,1200000000,23.2874,23.2874,11478800,183,0.5,0,0
08227,2026-06-10,,,,,,,0,,,,,2025-12-24,419051003,1897629000,22.0829,22.0829,-13669000,183,0.5,0,0
00149,2026-06-10,,,,,,,0,,,,,2025-12-24,8110615638,9953067822,81.4886,81.4886,159085421,183,1,0,0
01613,2026-06-10,,,,,,,0,,,,,2025-12-24,215944923,1535864491,14.0602,14.0602,13680019,183,0.5,0,0
08131,2026-06-11,,,,,,,0,,,,,2025-12-24,420715091,719211139,58.4967,58.4967,-9697546,183,0,0,0
08082,2026-06-11,,,,,,,0,,,,,2025-12-24,1920377102,2672815671,71.8485,71.8485,-25864023,183,0.5,0,0
00356,2026-06-11,,,,,,,0,,,,,2025-12-24,2262835448,201398666,,1123.5603,-45175849,183,,1,0
01536,2026-06-11,,,,,,,0,,,,,2025-12-24,411264050,456000000,90.1895,90.1895,-2782000,183,0.5,0,0
01737,2026-06-11,,,,,,,0,,,,,2025-12-24,187463002,1000000000,18.7463,18.7463,8410002,183,0.5,0,0
00827,2026-06-11,,,,,,,0,,,,,2025-12-24,3205871096,7028042599,45.6154,45.6154,11932000,183,0.5,0,0
01793,2026-06-11,,,,,,,0,,,,,2025-12-24,162824000,800000000,20.353,20.353,2324000,183,0.5,0,0
00464,2026-06-11,,,,,,,0,,,,,2025-12-24,556541798,756242000,73.5931,73.5931,135613198,183,1,0,0
02496,2026-06-11,,,,,,,0,,,,,2025-12-24,111243848,193849200,57.3868,57.3868,13200,183,0.5,0,0
02562,2026-06-11,,,,,,,0,,,,,2025-12-24,391160728,466623070,83.828,83.828,249658774,183,1,0,0
08413,2026-06-12,,,,,,,0,,,,,2025-12-24,359143000,1162000000,30.9073,30.9073,-37527000,183,0,0,0
01842,2026-06-12,,,,,,,0,,,,,2025-12-24,577706000,1440000000,40.1185,40.1185,-12840000,183,0.5,0,0
08620,2026-06-12,,,,,,,0,,,,,2025-12-24,503050000,628705000,80.0137,80.0137,2805000,183,0.5,0,0
00426,2026-06-12,,,,,,,0,,,,,2025-12-24,73759521,400900000,18.3985,18.3985,904000,183,0.5,0,0
01323,2026-06-12,,,,,,,0,,,,,2025-12-24,614244488,906774743,67.7395,67.7395,19041500,183,1,0,0
02330,2026-06-12,,,,,,,0,,,,,2025-12-24,287919862,452845748,63.5801,63.5801,109299272,183,1,0,0
00355,2026-06-12,,,,,,,0,,,,,2025-12-24,973690885,3092569188,31.4849,31.4849,-162593485,183,0,0,0
02370,2026-06-12,,,,,,,0,,,,,2025-12-24,187190155,200000000,93.5951,93.5951,-1361998,183,0.5,0,0
00366,2026-06-12,,,,,,,0,,,,,2025-12-24,104814619,501621418,20.8952,20.8952,-1455150,183,0.5,0,0
00128,2026-06-12,,,,,,,0,,,,,2025-12-24,1039458996,1650658676,62.9724,62.9724,6335564,183,0.5,0,0
01204,2026-06-12,,,,,,,0,,,,,2025-12-24,420995250,500000000,84.199,84.199,138000,183,0.5,0,0
01025,2026-06-15,,,,,,,0,,,,,2025-12-24,151459856,447367440,33.8558,33.8558,119095440,183,1,0,0
01718,2026-06-15,,,,,,,0,,,,,2025-12-24,195580770,304120000,64.3104,64.3104,119755500,183,1,0,0
01671,2026-06-15,,,,,,,0,,,,,2025-12-24,146312907,159920907,91.4908,91.4908,22000,183,0.5,0,0
01792,2026-06-15,,,,,,,0,,,,,2025-12-24,36029062,247680000,,14.5466,-1126004824,183,,1,0
00723,2026-06-15,,,,,,,0,,,,,2025-12-24,699301855,1093841518,63.9308,63.9308,-25803101,183,0,0,0
00583,2026-06-15,,,,,,,0,,,,,2025-12-24,626194506,1567745596,39.9424,39.9424,147619,183,0.5,0,0
02863,2026-06-15,,,,,,,0,,,,,2025-12-24,197561000,689511000,28.6523,28.6523,-775000,183,0.5,0,0
01098,2026-06-15,,,,,,,0,,,,,2025-12-24,428519359,749336566,57.1865,57.1865,1629447,183,0.5,0,0
00254,2026-06-15,,,,,,,0,,,,,2025-12-24,185414461,675762840,27.4378,27.4378,-1627576862,183,0,0,0
02377,2026-06-15,,,,,,,0,,,,,2025-12-24,699178913,854862679,81.7884,81.7884,-5132575,183,0.5,0,0
01082,2026-06-15,,,,,,,0,,,,,2025-12-24,536517200,608046880,88.2362,88.2362,-11216000,183,0,0,0
01180,2026-06-15,,,,,,,0,,,,,2025-12-24,380333584,1052185315,36.147,36.147,53431795,183,1,0,0
08027,2026-06-16,,,,,,,0,,,,,2025-12-24,137741400,710400000,19.3893,19.3893,-128400,183,0.5,0,0
08275,2026-06-16,,,,,,,0,,,,,2025-12-24,747430381,959985543,77.8585,77.8585,164805524,183,1,0,0
02863,2026-06-16,,,,,,,0,,,,,2025-12-24,197561000,689511000,28.6523,28.6523,-775000,183,0.5,0,0
01861,2026-06-16,,,,,,,0,,,,,2025-12-24,216813000,233917250,92.6879,92.6879,-191500,183,0.5,0,0
06113,2026-06-16,,,,,,,0,,,,,2025-12-24,314884016,400000000,78.721,78.721,-37950984,183,0,0,0
00528,2026-06-16,,,,,,,0,,,,,2025-12-24,348150874,629678000,55.2903,55.2903,-25746355,183,0,0,0
00554,2026-06-16,,,,,,,0,,,,,2025-12-24,4112950512,4387333078,93.746,93.746,143851667,183,1,0,0
00128,2026-06-16,,,,,,,0,,,,,2025-12-24,1039458996,1650658676,62.9724,62.9724,6335564,183,0.5,0,0
08356,2026-06-17,,,,,,,0,,,,,2025-12-24,15221598,74908184,20.3203,20.3203,365690,183,0.5,0,0
01703,2026-06-17,,,,,,,0,,,,,2025-12-24,888530000,138000000,,643.8623,-11278000,183,,0,0
01546,2026-06-17,,,,,,,0,,,,,2025-12-24,168538000,800000000,21.0672,21.0672,-2848000,183,0.5,0,0
01869,2026-06-17,,,,,,,0,,,,,2025-12-24,1208109401,1692300000,71.3886,71.3886,53772501,183,1,0,0
08029,2026-06-17,,,,,,,0,,,,,2025-12-24,227867590,280081621,81.3576,81.3576,22114950,183,1,0,0
00487,2026-06-17,,,,,,,0,,,,,2025-12-24,2416312384,4926491196,49.0473,49.0473,-105663267,183,0,0,0
00575,2026-06-17,,,,,,,0,,,,,2025-12-24,94283896,291815782,32.3094,32.3094,1637446,183,0.5,0,0
01273,2026-06-17,,,,,,,0,,,,,2025-12-24,255165300,415000000,61.4856,61.4856,3002000,183,0.5,0,0
01380,2026-06-17,,,,,,,0,,,,,2025-12-24,309127326,516947660,59.7986,59.7986,69261588,183,1,0,0
01856,2026-06-17,,,,,,,0,,,,,2025-12-24,325513000,360257512,90.3556,90.3556,10807000,183,1,0,0
08226,2026-06-18,,,,,,,0,,,,,2025-12-24,341290596,417503991,81.7455,81.7455,-18898000,183,0,0,0
08096,2026-06-18,,,,,,,0,,,,,2025-12-24,167639550,481250000,34.8342,34.8342,10377500,183,1,0,0
00171,2026-06-18,,,,,,,0,,,,,2025-12-24,1870229769,2304849611,81.1432,81.1432,-9624757,183,0.5,0,0
00899,2026-06-18,,,,,,,0,,,,,2025-12-24,114468483,445159008,25.7141,25.7141,-801580330,183,0,0,0
01134,2026-06-18,,,,,,,0,,,,,2025-12-24,190943450,500000000,38.1887,38.1887,4391000,183,0.5,0,0
01557,2026-06-18,,,,,,,0,,,,,2025-12-24,467970000,480000000,97.4938,97.4938,-16000,183,0.5,0,0
00869,2026-06-18,,,,,,,0,,,,,2025-12-24,406257796,1135000000,35.7936,35.7936,-13858001,183,0,0,0
01303,2026-06-18,,,,,,,0,,,,,2025-12-24,1260843245,2103141290,59.9505,59.9505,-6324000,183,0.5,0,0
01466,2026-06-18,,,,,,,0,,,,,2025-12-24,572177816,932254085,61.3757,61.3757,11968816,183,1,0,0
01693,2026-06-18,,,,,,,0,,,,,2025-12-24,37663442,80278240,46.9161,46.9161,3425748,183,1,0,0
00351,2026-06-18,,,,,,,0,,,,,2025-12-24,449945075,1994975244,22.5539,22.5539,7171637,183,0.5,0,0
01425,2026-06-18,,,,,,,0,,,,,2025-12-24,1175054836,1250000000,94.0044,94.0044,-27659619,183,0,0,0
00554,2026-06-18,,,,,,,0,,,,,2025-12-24,4112950512,4387333078,93.746,93.746,143851667,183,1,0,0
09600,2026-06-22,,,,,,,0,,,,,2025-12-24,764395851,997864480,76.6032,76.6032,-23024800,183,0,0,0
00442,2026-06-22,,,,,,,0,,,,,2025-12-24,134044558,259150000,51.7247,51.7247,-463936,183,0.5,0,0
00417,2026-06-22,,,,,,,0,,,,,2025-12-24,231276216,249182030,92.8142,92.8142,-2493585,183,0,0,0
01987,2026-06-22,,,,,,,0,,,,,2025-12-24,869169333,1000000000,86.9169,86.9169,-6146000,183,0.5,0,0
08646,2026-06-22,,,,,,,0,,,,,2025-12-24,192611000,782990000,24.5994,24.5994,71346000,183,1,0,0
01332,2026-06-22,,,,,,,0,,,,,2025-12-24,1296629842,2805952149,46.21,46.21,23787350,183,0.5,0,0
02028,2026-06-22,,,,,,,0,,,,,2025-12-24,567375762,858334100,66.102,66.102,1816619,183,0.5,0,0
00610,2026-06-22,,,,,,,0,,,,,2025-12-24,525907746,793124034,66.3084,66.3084,3653867,183,0.5,0,0
09689,2026-06-22,,,,,,,0,,,,,2025-12-24,508446000,1116000000,45.5597,45.5597,21564000,183,1,0,0
01202,2026-06-22,,,,,,,0,,,,,2025-12-24,91838000,400000000,22.9595,22.9595,4137800,183,1,0,0
00210,2026-06-22,,,,,,,0,,,,,2025-12-24,1053544428,1978598429,53.247,53.247,10659779,183,0.5,0,0
01466,2026-06-22,,,,,,,0,,,,,2025-12-24,572177816,932254085,61.3757,61.3757,11968816,183,1,0,0
08031,2026-06-23,,,,,,,0,,,,,2025-12-24,251716000,354745000,70.9569,70.9569,-3354000,183,0.5,0,0
06918,2026-06-23,,,,,,,0,,,,,2025-12-24,516623125,874386800,59.084,59.084,120190800,183,1,0,0
01408,2026-06-23,,,,,,,0,,,,,2025-12-24,207338546,500000000,41.4677,41.4677,6827346,183,1,0,0
01752,2026-06-23,,,,,,,0,,,,,2025-12-24,915238000,2231846000,41.0081,41.0081,-2160000,183,0.5,0,0
01182,2026-06-23,,,,,,,0,,,,,2025-12-24,92997122,340814567,27.2867,27.2867,1782528,183,0.5,0,0
00809,2026-06-23,,,,,,,0,,,,,2025-12-24,3097592879,1678821152,,184.51,-56566546,183,,1,0
02458,2026-06-23,,,,,,,0,,,,,2025-12-24,128796146,142710128,90.2502,90.2502,11191681,183,1,0,0
00184,2026-06-23,,,,,,,0,,,,,2025-12-24,141453101,340200000,41.5794,41.5794,-184799,183,0.5,0,0
01204,2026-06-23,,,,,,,0,,,,,2025-12-24,420995250,500000000,84.199,84.199,138000,183,0.5,0,0
00197,2026-06-24,,,,,,,0,,,,,2025-12-24,144468813,209210453,69.0543,69.0543,16394125,183,1,0,0
08123,2026-06-24,,,,,,,0,,,,,2025-12-24,4011172841,344648302,,1163.8452,-16874000,183,,0,0
08160,2026-06-24,,,,,,,0,,,,,2025-12-24,114794385,214791940,53.4445,53.4445,1358976,183,0.5,0,0
00841,2026-06-24,,,,,,,0,,,,,2025-12-24,189010800,584726715,32.3246,32.3246,678000,183,0.5,0,0
01222,2026-06-24,,,,,,,0,,,,,2025-12-24,10108496813,13538696942,74.6637,74.6637,-44136405,183,0.5,0,0
02263,2026-06-24,,,,,,,0,,,,,2025-12-24,222970000,1000000000,22.297,22.297,9510000,183,0.5,0,0
08512,2026-06-24,,,,,,,0,,,,,2025-12-24,236330000,918500000,25.73,25.73,-2683000,183,0.5,0,0
08611,2026-06-24,,,,,,,0,,,,,2025-12-24,131021795,596014196,21.983,21.983,8403165,183,1,0,0
01097,2026-06-24,,,,,,,0,,,,,2025-12-24,3165010235,7134623520,44.3613,44.3613,176936367,183,1,0,0
02146,2026-06-24,,,,,,,0,,,,,2025-12-24,52690000,376000000,14.0133,14.0133,1242500,183,0.5,0,0
08403,2026-06-24,,,,,,,0,,,,,2025-12-24,146888120,169200000,86.8133,86.8133,30552120,183,1,0,0
02536,2026-06-24,,,,,,,0,,,,,2025-12-24,755731555,806594000,93.6942,93.6942,44226000,183,1,0,0
08315,2026-06-25,,,,,,,0,,,,,2025-12-24,485785455,581442248,83.5484,83.5484,1770234,183,0.5,0,0
08406,2026-06-25,,,,,,,0,,,,,2025-12-24,1010636068,1969617722,51.3113,51.3113,150232640,183,1,0,0
08050,2026-06-25,,,,,,,0,,,,,2025-12-24,250848539,271250000,,92.4787,-474823161,183,,1,0
01319,2026-06-25,,,,,,,0,,,,,2025-12-24,1824355407,1924308406,94.8058,94.8058,11859774,183,0.5,0,0
01499,2026-06-25,,,,,,,0,,,,,2025-12-24,4962577299,5370510000,92.4042,92.4042,-117286075,183,0,0,0
08245,2026-06-26,,,,,,,0,,,,,2025-12-24,163480091,289541272,56.4618,56.4618,24260400,183,1,0,0
02112,2026-06-26,,,,,,,0,,,,,2025-12-24,1050829500,1500000000,70.0553,70.0553,-39082800,183,0,0,0
08406,2026-06-26,,,,,,,0,,,,,2025-12-24,1010636068,1969617722,51.3113,51.3113,150232640,183,1,0,0
01156,2026-06-26,,,,,,,0,,,,,2025-12-24,415447383,707710677,58.703,58.703,3307850,183,0.5,0,0
01540,2026-06-26,,,,,,,0,,,,,2025-12-24,100596044,498671823,20.1728,20.1728,-7201444,183,0,0,0
01087,2026-06-26,,,,,,,0,,,,,2025-12-24,102690046,239865600,42.8115,42.8115,-1230150,183,0.5,0,0
01419,2026-06-26,,,,,,,0,,,,,2025-12-24,92680174,379552233,24.4183,24.4183,-4826000,183,0,0,0
01962,2026-06-26,,,,,,,0,,,,,2025-12-24,602132693,616136000,97.7272,97.7272,-4427803,183,0.5,0,0
01429,2026-06-26,,,,,,,0,,,,,2025-12-24,282785808,1600000000,17.6741,17.6741,-3488000,183,0.5,0,0
01831,2026-06-26,,,,,,,0,,,,,2025-12-24,307153541,1075449549,28.5605,28.5605,-78025,183,0.5,0,0
01082,2026-06-26,,,,,,,0,,,,,2025-12-24,536517200,608046880,88.2362,88.2362,-11216000,183,0,0,0
02153,2026-06-26,,,,,,,0,,,,,2025-12-24,834660382,1166871250,71.5298,71.5298,6722000,183,0.5,0,0
03822,2026-06-29,,,,,,,0,,,,,2025-12-24,15328399,84000000,18.2481,18.2481,-326800,183,0.5,0,0
02349,2026-06-29,,,,,,,0,,,,,2025-12-24,1656114562,3128278542,52.9401,52.9401,40025200,183,1,0,0
01314,2026-06-29,,,,,,,0,,,,,2025-12-24,465729033,1411226450,33.0017,33.0017,-4035619,183,0.5,0,0
01087,2026-06-29,,,,,,,0,,,,,2025-12-24,102690046,239865600,42.8115,42.8115,-1230150,183,0.5,0,0
00280,2026-06-29,,,,,,,0,,,,,2025-12-24,747818427,909308465,82.2403,82.2403,4311678,183,0.5,0,0
01260,2026-06-29,,,,,,,0,,,,,2025-12-24,266353025,1151454000,23.1319,23.1319,3810000,183,0.5,0,0
01745,2026-06-30,,,,,,,0,,,,,2025-12-24,1372732626,50616020,,2712.0517,453425090,183,,1,0
00204,2026-06-30,,,,,,,0,,,,,2025-12-24,106351847,249055128,42.7021,42.7021,-584779499,183,0,0,0
08112,2026-06-30,,,,,,,0,,,,,2025-12-24,165606056,229418448,72.1852,72.1852,4409140,183,1,0,0
08340,2026-06-30,,,,,,,0,,,,,2025-12-24,48996904,79990000,61.2538,61.2538,8912800,183,1,0,0
01162,2026-06-30,,,,,,,0,,,,,2025-12-24,166651020,600000000,27.7752,27.7752,1384000,183,0.5,0,0
00139,2026-06-30,,,,,,,0,,,,,2025-12-24,851028323,1474241762,57.7265,57.7265,-11137076043,183,0,0,0
01966,2026-06-30,,,,,,,0,,,,,2025-12-24,3712524424,4222986126,87.9123,87.9123,24970175,183,0.5,0,0
01327,2026-06-30,,,,,,,0,,,,,2025-12-24,180833506,258785280,69.8778,69.8778,110848890,183,1,0,0
01662,2026-06-30,,,,,,,0,,,,,2025-12-24,130488029,515000000,25.3375,25.3375,-1601000,183,0.5,0,0
01087,2026-06-30,,,,,,,0,,,,,2025-12-24,102690046,239865600,42.8115,42.8115,-1230150,183,0.5,0,0
00616,2026-06-30,,,,,,,0,,,,,2025-12-24,1180539438,1867324348,63.2209,63.2209,309767920,183,1,0,0
02189,2026-06-30,,,,,,,0,,,,,2025-12-24,902818463,1000000000,90.2818,90.2818,145499,183,0.5,0,0
08340,2026-07-02,,,,,,,0,,,,,2025-12-24,48996904,79990000,61.2538,61.2538,8912800,183,1,0,0
01894,2026-07-02,,,,,,,0,,,,,2025-12-24,663650000,233357000,,284.3926,65849900,183,,1,0
01949,2026-07-02,,,,,,,0,,,,,2025-12-24,132342105,230400000,,57.4401,-332065920,183,,1,0
00617,2026-07-02,,,,,,,0,,,,,2025-12-24,450271566,1114585474,40.3981,40.3981,-31951383,183,0,0,0
00969,2026-07-02,,,,,,,0,,,,,2025-12-24,1976098844,2191180000,90.1842,90.1842,16854000,183,0.5,0,0
01552,2026-07-02,,,,,,,0,,,,,2025-12-24,203300000,800000000,25.4125,25.4125,57115000,183,1,0,0
00139,2026-07-02,,,,,,,0,,,,,2025-12-24,851028323,1474241762,57.7265,57.7265,-11137076043,183,0,0,0
01314,2026-07-02,,,,,,,0,,,,,2025-12-24,465729033,1411226450,33.0017,33.0017,-4035619,183,0.5,0,0
01098,2026-07-02,,,,,,,0,,,,,2025-12-24,428519359,749336566,57.1865,57.1865,1629447,183,0.5,0,0
02515,2026-07-02,,,,,,,0,,,,,2025-12-24,199201749,310742749,64.105,64.105,166406749,183,1,0,0
02336,2026-07-02,,,,,,,0,,,,,2025-12-24,588764195,1815910767,32.4225,32.4225,-44616571,183,0,0,0
00635,2026-07-02,,,,,,,0,,,,,2025-12-24,415784397,2068000000,20.1056,20.1056,10717280,183,0.5,0,0
08462,2026-07-03,,,,,,,0,,,,,2025-12-24,487664000,600000000,81.2773,81.2773,-4025000,183,0.5,0,0
01160,2026-07-03,,,,,,,0,,,,,2025-12-24,216110458,237271250,91.0816,91.0816,1300000,183,0.5,0,0
08027,2026-07-03,,,,,,,0,,,,,2025-12-24,137741400,710400000,19.3893,19.3893,-128400,183,0.5,0,0
00653,2026-07-03,,,,,,,0,,,,,2025-12-24,1517185587,1874878065,80.9218,80.9218,1162285957,183,1,0,0
03313,2026-07-03,,,,,,,0,,,,,2025-12-24,898326672,142210462,,631.6882,217556513,183,,1,0
08360,2026-07-03,,,,,,,0,,,,,2025-12-24,261584400,362059714,72.249,72.249,19495600,183,1,0,0
08368,2026-07-03,,,,,,,0,,,,,2025-12-24,248089757,692217719,35.8398,35.8398,56499698,183,1,0,0
06163,2026-07-03,,,,,,,0,,,,,2025-12-24,268433000,276504000,97.0811,97.0811,24485000,183,1,0,0
02322,2026-07-03,,,,,,,0,,,,,2025-12-24,3632156240,4420600000,82.1643,82.1643,78466000,183,1,0,0
00519,2026-07-03,,,,,,,0,,,,,2025-12-24,1447790806,3055105739,47.3892,47.3892,9298440,183,0.5,0,0
06919,2026-07-03,,,,,,,0,,,,,2025-12-24,142297002,158445679,89.8081,89.8081,-1592576,183,0,0,0
00225,2026-07-03,,,,,,,0,,,,,2025-12-24,10589225,110179385,9.6109,9.6109,-40620,183,0.5,0,0
02438,2026-07-03,,,,,,,0,,,,,2025-12-24,872009418,1548844356,56.3006,56.3006,39430836,183,1,0,0
02289,2026-07-03,,,,,,,0,,,,,2025-12-24,86696000,108000000,80.2741,80.2741,775500,183,0.5,0,0
01738,2026-07-06,,,,,,,0,,,,,2025-12-24,1114277709,1380545800,80.7128,80.7128,-17513112,183,0,0,0
06988,2026-07-06,,,,,,,0,,,,,2025-12-24,1257364437,2371927200,53.0102,53.0102,121496237,183,1,0,0
01130,2026-07-06,,,,,,,0,,,,,2025-12-24,458279903,562869147,81.4186,81.4186,89584105,183,1,0,0
00037,2026-07-06,,,,,,,0,,,,,2025-12-24,338117628,752529810,44.9308,44.9308,-37339009,183,0,0,0
02503,2026-07-06,,,,,,,0,,,,,2025-12-24,233960802,3432851094,6.8153,6.8153,91949602,183,1,0,0
01063,2026-07-07,,,,,,,0,,,,,2025-12-24,901079534,307707313,,292.8366,52669973,183,,1,0
08072,2026-07-07,,,,,,,0,,,,,2025-12-24,147659877,168349134,87.7105,87.7105,35370924,183,1,0,0
01232,2026-07-07,,,,,,,0,,,,,2025-12-24,87373558,210421515,41.5231,41.5231,-786746022,183,0,0,0
08320,2026-07-07,,,,,,,0,,,,,2025-12-24,285871904,733190000,38.9902,38.9902,11685000,183,1,0,0
01871,2026-07-07,,,,,,,0,,,,,2025-12-24,135169807,435958192,31.0052,31.0052,-556000,183,0.5,0,0
01486,2026-07-07,,,,,,,0,,,,,2025-12-24,106682500,432391170,24.6727,24.6727,36001500,183,1,0,0
01120,2026-07-07,,,,,,,0,,,,,2025-12-24,133851000,386263374,34.6528,34.6528,-15420000,183,0,0,0
02505,2026-07-07,,,,,,,0,,,,,2025-12-24,403270359,463315750,87.0401,87.0401,311278581,183,1,0,0
02415,2026-07-07,,,,,,,0,,,,,2025-12-24,391071440,607170950,64.4088,64.4088,-2320750,183,0.5,0,0
02625,2026-07-07,,,,,,,0,,,,,2025-12-24,222924133,235639565,94.6039,94.6039,9708223,183,1,0,0
08037,2026-07-07,,,,,,,0,,,,,2025-12-24,735942529,975731150,75.4247,75.4247,-19454831,183,0,0,0
06898,2026-07-07,,,,,,,0,,,,,2025-12-24,412325504,941401000,43.7991,43.7991,-15402000,183,0,0,0
08489,2026-07-08,,,,,,,0,,,,,2025-12-24,282392150,307575000,91.8125,91.8125,226675000,183,1,0,0
01421,2026-07-08,,,,,,,0,,,,,2025-12-24,107061250,200195200,53.4784,53.4784,5522825,183,1,0,0
02223,2026-07-08,,,,,,,0,,,,,2025-12-24,109092000,258152000,42.2588,42.2588,-614000,183,0.5,0,0
08329,2026-07-08,,,,,,,0,,,,,2025-12-24,300262787,1678000000,17.8941,17.8941,-3299600,183,0.5,0,0
08283,2026-07-09,,,,,,,0,,,,,2025-12-24,36615873,345600000,10.5949,10.5949,6625680,183,1,0,0
01841,2026-07-09,,,,,,,0,,,,,2025-12-24,226460000,400000000,56.615,56.615,-750000,183,0.5,0,0
00689,2026-07-09,,,,,,,0,,,,,2025-12-24,364293306,1857731712,19.6096,19.6096,-3541504454,183,0,0,0
01327,2026-07-09,,,,,,,0,,,,,2025-12-24,180833506,258785280,69.8778,69.8778,110848890,183,1,0,0
01710,2026-07-09,,,,,,,0,,,,,2025-12-24,152160000,1000000000,15.216,15.216,-18464000,183,0,0,0
02625,2026-07-09,,,,,,,0,,,,,2025-12-24,222924133,235639565,94.6039,94.6039,9708223,183,1,0,0
00201,2026-07-09,,,,,,,0,,,,,2025-12-24,2054685929,8947051324,22.965,22.965,19024254,183,0.5,0,0
06162,2026-07-09,,,,,,,0,,,,,2025-12-24,1045729099,2400000000,43.572,43.572,-890655001,183,0,0,0
02098,2026-07-09,,,,,,,0,,,,,2025-12-24,10182477198,12399505800,82.12,82.12,-63436932,183,0.5,0,0
02231,2026-07-10,,,,,,,0,,,,,2025-12-24,1619485000,1646173000,98.3788,98.3788,-9914540,183,0.5,0,0
08245,2026-07-10,,,,,,,0,,,,,2025-12-24,163480091,289541272,56.4618,56.4618,24260400,183,1,0,0
00261,2026-07-10,,,,,,,0,,,,,2025-12-24,208971554,331361678,63.0645,63.0645,20132521,183,1,0,0
01870,2026-07-10,,,,,,,0,,,,,2025-12-24,579715000,1017170000,56.9929,56.9929,197345000,183,1,0,0
01563,2026-07-10,,,,,,,0,,,,,2025-12-24,1431447531,1690914000,84.6553,84.6553,-1918200,183,0.5,0,0
03789,2026-07-10,,,,,,,0,,,,,2025-12-24,219624000,1200000000,18.302,18.302,856000,183,0.5,0,0
02439,2026-07-10,,,,,,,0,,,,,2025-12-24,279449150,1200000000,23.2874,23.2874,11478800,183,0.5,0,0
02239,2026-07-10,,,,,,,0,,,,,2025-12-24,292320728,324931990,89.9637,89.9637,-463332,183,0.5,0,0
06676,2026-07-10,,,,,,,0,,,,,2025-12-24,711435121,1071728377,66.382,66.382,638110945,183,1,0,0
08057,2026-07-13,,,,,,,0,,,,,2025-12-24,479828612,155781805,,308.0133,-2725200,183,,1,0
08121,2026-07-13,,,,,,,0,,,,,2025-12-24,20089558,150040000,13.3895,13.3895,511645,183,0.5,0,0
01452,2026-07-13,,,,,,,0,,,,,2025-12-24,541949929,770697720,70.3194,70.3194,10400524,183,1,0,0
00114,2026-07-13,,,,,,,0,,,,,2025-12-24,351453892,604490763,58.1405,58.1405,1098277,183,0.5,0,0
01746,2026-07-13,,,,,,,0,,,,,2025-12-24,904582000,1000000000,90.4582,90.4582,17566000,183,1,0,0
01959,2026-07-13,,,,,,,0,,,,,2025-12-24,138744800,530002000,26.1782,26.1782,-343988200,183,0,0,0
02536,2026-07-13,,,,,,,0,,,,,2025-12-24,755731555,806594000,93.6942,93.6942,44226000,183,1,0,0
01340,2026-07-14,,,,,,,0,,,,,2025-12-24,554000000,138425700,,400.2147,23405000,183,,1,0
08123,2026-07-14,,,,,,,0,,,,,2025-12-24,4011172841,344648302,,1163.8452,-16874000,183,,0,0
01421,2026-07-14,,,,,,,0,,,,,2025-12-24,107061250,200195200,53.4784,53.4784,5522825,183,1,0,0
00544,2026-07-14,,,,,,,0,,,,,2025-12-24,21183586,123690455,17.1263,17.1263,-171320144,183,0,0,0
00110,2026-07-14,,,,,,,0,,,,,2025-12-24,63103070,278555888,22.6536,22.6536,282426,183,0.5,0,0
09968,2026-07-14,,,,,,,0,,,,,2025-12-24,2204271500,5254000000,41.9542,41.9542,27138500,183,0.5,0,0
01529,2026-07-14,,,,,,,0,,,,,2025-12-24,440259005,667080000,65.9979,65.9979,360594200,183,1,0,0
06033,2026-07-14,,,,,,,0,,,,,2025-12-24,364718780,403753000,90.3322,90.3322,213000,183,0.5,0,0
01402,2026-07-14,,,,,,,0,,,,,2025-12-24,949568000,1050500000,90.392,90.392,500000,183,0.5,0,0
02515,2026-07-14,,,,,,,0,,,,,2025-12-24,199201749,310742749,64.105,64.105,166406749,183,1,0,0
02863,2026-07-14,,,,,,,0,,,,,2025-12-24,197561000,689511000,28.6523,28.6523,-775000,183,0.5,0,0
01846,2026-07-14,,,,,,,0,,,,,2025-12-24,300778290,320706000,93.7863,93.7863,4447813,183,1,0,0
08309,2026-07-15,,,,,,,0,,,,,2025-12-24,185550000,600000000,30.925,30.925,8780000,183,1,0,0
01676,2026-07-15,,,,,,,0,,,,,2025-12-24,141110212,394644342,35.7563,35.7563,35750950,183,1,0,0
08427,2026-07-15,,,,,,,0,,,,,2025-12-24,14465012,16567632,87.3089,87.3089,5326053,183,1,0,0
00643,2026-07-15,,,,,,,0,,,,,2025-12-24,650910996,899845554,72.3359,72.3359,130492000,183,1,0,0
00730,2026-07-15,,,,,,,0,,,,,2025-12-24,2049490747,3953938703,51.8342,51.8342,-14777000,183,0.5,0,0
02539,2026-07-15,,,,,,,0,,,,,2025-12-24,22392630,55555600,40.3067,40.3067,-435590,16,0.5,0,0
02405,2026-07-15,,,,,,,0,,,,,2025-12-24,678164000,800000000,84.7705,84.7705,378202000,183,1,0,0
06182,2026-07-15,,,,,,,0,,,,,2025-12-24,768992550,800000000,96.1241,96.1241,605600550,183,1,0,0
08401,2026-07-16,,,,,,,0,,,,,2025-12-24,582900475,813210607,71.6789,71.6789,398652179,183,1,0,0
08163,2026-07-16,,,,,,,0,,,,,2025-12-24,730565248,1025255612,71.2569,71.2569,262017366,183,1,0,0
01400,2026-07-16,,,,,,,0,,,,,2025-12-24,2207364952,3801767365,58.0615,58.0615,48965940,183,1,0,0
09958,2026-07-16,,,,,,,0,,,,,2025-12-24,129491711,500000000,25.8983,25.8983,-31773199,183,0,0,0
01156,2026-07-16,,,,,,,0,,,,,2025-12-24,415447383,707710677,58.703,58.703,3307850,183,0.5,0,0
01132,2026-07-16,,,,,,,0,,,,,2025-12-24,2305693099,2799669050,82.3559,82.3559,524000,183,0.5,0,0
00329,2026-07-16,,,,,,,0,,,,,2025-12-24,898715286,1499749920,59.9243,59.9243,-4063927,183,0.5,0,0
03450,2026-07-16,,,,,,,0,,,,,2025-12-24,8718703,6840000,,127.4664,-13271254,183,,0,0
01641,2026-07-16,,,,,,,0,,,,,,,,,,,,,0,0
02405,2026-07-16,,,,,,,0,,,,,2025-12-24,678164000,800000000,84.7705,84.7705,378202000,183,1,0,0
00587,2026-07-16,,,,,,,0,,,,,2025-12-24,1490537966,1826765059,81.5944,81.5944,-33376174,183,0,0,0
01461,2026-07-16,,,,,,,0,,,,,2025-12-24,163424587,1001900000,16.3115,16.3115,122218,183,0.5,0,0
09689,2026-07-16,,,,,,,0,,,,,2025-12-24,508446000,1116000000,45.5597,45.5597,21564000,183,1,0,0
03401,2026-07-17,,,,,,,0,,,,,2025-12-24,113379,171429,66.1376,66.1376,-57400,183,0,0,0
03410,2026-07-17,,,,,,,0,,,,,2025-12-24,5495896,6669800,82.3997,82.3997,-12118504,183,0,0,0
00209,2026-07-17,,,,,,,0,,,,,2025-12-24,120726386,148567180,,81.2605,68633307,183,,1,0
08491,2026-07-17,,,,,,,0,,,,,2025-12-24,206721144,398606168,51.861,51.861,-668050,183,0.5,0,0
00989,2026-07-17,,,,,,,0,,,,,2025-12-24,232359625,360181940,64.5117,64.5117,-45463707,183,0,0,0
02017,2026-07-17,,,,,,,0,,,,,2025-12-24,553436000,618502000,89.4801,89.4801,1100000,183,0.5,0,0
00776,2026-07-17,,,,,,,0,,,,,2025-12-24,352417237,671837550,52.4557,52.4557,48402549,183,1,0,0
01260,2026-07-17,,,,,,,0,,,,,2025-12-24,266353025,1151454000,23.1319,23.1319,3810000,183,0.5,0,0
01243,2026-07-17,,,,,,,0,,,,,2025-12-24,14250606987,15200000000,93.754,93.754,45205870,183,0.5,0,0
02671,2026-07-17,,,,,,,0,,,,,,,,,,,,,0,0
01268,2026-07-17,,,,,,,0,,,,,2025-12-24,1209301107,1346247201,89.8276,89.8276,-7210285,183,0.5,0,0
02878,2026-07-17,,,,,,,0,,,,,2025-12-24,1648339673,2497752351,65.9929,65.9929,17184000,183,0.5,0,0
00420,2026-07-17,,,,,,,0,,,,,2025-12-24,576664473,1225026960,47.0736,47.0736,471639,183,0.5,0,0
03435,2026-07-20,,,,,,,0,,,,,2025-12-24,1175520,1500000,78.368,78.368,-671370,183,0,0,0
00328,2026-07-20,,,,,,,0,,,,,2025-12-24,49942196,286392150,17.4384,17.4384,-22891959,183,0,0,0
00294,2026-07-20,,,,,,,0,,,,,2025-12-24,127408183,206747688,61.625,61.625,326500,183,0.5,0,0
02017,2026-07-20,,,,,,,0,,,,,2025-12-24,553436000,618502000,89.4801,89.4801,1100000,183,0.5,0,0
03404,2026-07-20,,,,,,,0,,,,,2025-12-24,56896700,45500000,,125.0477,20746700,183,,0,0
03860,2026-07-20,,,,,,,0,,,,,2025-12-24,497737168,582429838,85.4587,85.4587,-2429500,183,0.5,0,0
02779,2026-07-20,,,,,,,0,,,,,2025-12-24,419536192,1608583000,26.0811,26.0811,-9649582,183,0.5,0,0
01319,2026-07-20,,,,,,,0,,,,,2025-12-24,1824355407,1924308406,94.8058,94.8058,11859774,183,0.5,0,0
01622,2026-07-20,,,,,,,0,,,,,2025-12-24,1271194422,3551609322,35.7921,35.7921,-6301596,183,0.5,0,0
00528,2026-07-20,,,,,,,0,,,,,2025-12-24,348150874,629678000,55.2903,55.2903,-25746355,183,0,0,0
01959,2026-07-20,,,,,,,0,,,,,2025-12-24,138744800,530002000,26.1782,26.1782,-343988200,183,0,0,0
08191,2026-07-21,,,,,,,0,,,,,2025-12-24,23677550,354040431,6.6878,6.6878,5082000,183,1,0,0
02320,2026-07-21,,,,,,,0,,100.0,2026-07-17,,2025-12-24,296824008,817644000,36.3024,36.3024,5287982,183,0.5,0,0
01160,2026-07-21,,,,,,,0,,,,,2025-12-24,216110458,237271250,91.0816,91.0816,1300000,183,0.5,0,0
01869,2026-07-21,,,,,,,0,,,,,2025-12-24,1208109401,1692300000,71.3886,71.3886,53772501,183,1,0,0
00776,2026-07-21,,,,,,,0,,,,,2025-12-24,352417237,671837550,52.4557,52.4557,48402549,183,1,0,0
01962,2026-07-21,,,,,,,0,,,,,2025-12-24,602132693,616136000,97.7272,97.7272,-4427803,183,0.5,0,0
09938,2026-07-21,,,,,,,0,,,,,2025-12-24,926459000,1000000000,92.6459,92.6459,6095000,183,0.5,0,0
00875,2026-07-21,,,,,,,0,,,,,2025-12-24,198056400,699046571,28.3324,28.3324,97145669,183,1,0,0
01669,2026-07-21,,,,,,,0,,,,,2025-12-24,69672500,400000000,17.4181,17.4181,-930000,183,0.5,0,0
00750,2026-07-21,,,,,,,0,,,,,2025-12-24,2021365437,2521081780,80.1785,80.1785,-18118796,183,0.5,0,0
02501,2026-07-21,,,,,,,0,,,,,2025-12-24,136258000,500000000,27.2516,27.2516,21435000,183,1,0,0
02503,2026-07-21,,,,,,,0,,,,,2025-12-24,233960802,3432851094,6.8153,6.8153,91949602,183,1,0,0
02458,2026-07-21,,,,,,,0,,,,,2025-12-24,128796146,142710128,90.2502,90.2502,11191681,183,1,0,0
01340,2026-07-22,,,,,,,0,,,,,2025-12-24,554000000,138425700,,400.2147,23405000,183,,1,0
08221,2026-07-22,,,,,,,0,,,,,2025-12-24,36243600,47600000,76.142,76.142,-1879886400,183,0,0,0
00185,2026-07-22,,,,,,,0,,,,,2025-12-24,1758238214,1913386669,91.8914,91.8914,-62537989,183,0,0,0
02320,2026-07-22,,,,,,,0,,100.0,2026-07-20,0.0,2025-12-24,296824008,817644000,36.3024,36.3024,5287982,183,0.5,0,0
01718,2026-07-22,,,,,,,0,,,,,2025-12-24,195580770,304120000,64.3104,64.3104,119755500,183,1,0,0
01869,2026-07-22,,,,,,,0,,,,,2025-12-24,1208109401,1692300000,71.3886,71.3886,53772501,183,1,0,0
00243,2026-07-22,,,,,,,0,,,,,2025-12-24,202018095,346490532,58.3041,58.3041,53560489,183,1,0,0
01416,2026-07-22,,,,,,,0,,,,,2025-12-24,228211500,1400000000,16.3008,16.3008,6940000,183,0.5,0,0
01449,2026-07-22,,,,,,,0,,,,,2025-12-24,627410501,800000000,78.4263,78.4263,-709999,183,0.5,0,0
00804,2026-07-22,,,,,,,0,,,,,2025-12-24,55398775,68800013,80.5215,80.5215,-281200581,183,0,0,0
01102,2026-07-22,,,,,,,0,,,,,2025-12-24,933839721,2799385743,33.3587,33.3587,4109325,183,0.5,0,0
02322,2026-07-22,,,,,,,0,,,,,2025-12-24,3632156240,4420600000,82.1643,82.1643,78466000,183,1,0,0
08350,2026-07-22,,,,,,,0,,,,,2025-12-24,913264000,950064000,96.1266,96.1266,186351993,183,1,0,0
01692,2026-07-22,,,,,,,0,,,,,2025-12-24,51924820,359000000,14.4637,14.4637,52820,183,0.5,0,0
02101,2026-07-22,,,,,,,0,,,,,2025-12-24,162641435,406020887,40.0574,40.0574,-1094403,183,0.5,0,0
02501,2026-07-22,,,,,,,0,,,,,2025-12-24,136258000,500000000,27.2516,27.2516,21435000,183,1,0,0
02562,2026-07-22,,,,,,,0,,,,,2025-12-24,391160728,466623070,83.828,83.828,249658774,183,1,0,0
01010,2026-07-23,,,,,,,0,,,,,2025-12-24,295082040,444294170,66.4159,66.4159,-38756000,183,0,0,0
08035,2026-07-23,,,,,,,0,,,,,2025-12-24,528970000,600000000,88.1617,88.1617,27280000,183,1,0,0
00065,2026-07-23,,,,,,,0,,,,,2025-12-24,129744689,245536916,52.8412,52.8412,29932406,183,1,0,0
00171,2026-07-23,,,,,,,0,,,,,2025-12-24,1870229769,2304849611,81.1432,81.1432,-9624757,183,0.5,0,0
01718,2026-07-23,,,,,,,0,,,,,2025-12-24,195580770,304120000,64.3104,64.3104,119755500,183,1,0,0
01942,2026-07-23,,,,,,,0,,,,,2025-12-24,1061965320,2058389599,51.592,51.592,99926636,183,1,0,0
02320,2026-07-23,,,,,,,0,,100.0,2026-07-21,0.0,2025-12-24,296824008,817644000,36.3024,36.3024,5287982,183,0.5,0,0
00738,2026-07-23,,,,,,,0,,,,,2025-12-24,551498071,694751060,79.3807,79.3807,1525970,183,0.5,0,0
09600,2026-07-23,,,,,,,0,,,,,2025-12-24,764395851,997864480,76.6032,76.6032,-23024800,183,0,0,0
00236,2026-07-23,,,,,,,0,,,,,2025-12-24,60891926,373570560,16.3,16.3,-1681926,183,0.5,0,0
01986,2026-07-23,,,,,,,0,,,,,2025-12-24,794321734,967884500,82.0678,82.0678,1754960,183,0.5,0,0
01232,2026-07-24,,,,,,,0,,,,,2025-12-24,87373558,210421515,41.5231,41.5231,-786746022,183,0,0,0
03313,2026-07-24,,,,,,,0,,,,,2025-12-24,898326672,142210462,,631.6882,217556513,183,,1,0
00456,2026-07-24,,,,,,,0,,,,,2025-12-24,121933502,214228885,56.9174,56.9174,17768967,183,1,0,0
01869,2026-07-24,,,,,,,0,,,,,2025-12-24,1208109401,1692300000,71.3886,71.3886,53772501,183,1,0,0
08326,2026-07-24,,,,,,,0,,,,,2025-12-24,1096203715,1227000000,89.3402,89.3402,19336260,183,1,0,0
01942,2026-07-24,,,,,,,0,,,,,2025-12-24,1061965320,2058389599,51.592,51.592,99926636,183,1,0,0
02370,2026-07-24,,,,,,,0,,,,,2025-12-24,187190155,200000000,93.5951,93.5951,-1361998,183,0.5,0,0
01718,2026-07-24,,,,,,,0,,,,,2025-12-24,195580770,304120000,64.3104,64.3104,119755500,183,1,0,0
02540,2026-07-24,,,,,,,0,,,,,2025-12-24,101229100,600000000,16.8715,16.8715,4632500,183,0.5,0,0
06113,2026-07-24,,,,,,,0,,,,,2025-12-24,314884016,400000000,78.721,78.721,-37950984,183,0,0,0
06828,2026-07-24,,,,,,,0,,,,,2025-12-24,4348344422,22736114715,19.1253,19.1253,262668726,183,1,0,0
00353,2026-07-24,,,,,,,0,,,,,2025-12-24,202740380,2115562890,9.5833,9.5833,-46134325,183,0,0,0
02535,2026-07-24,,,,,,,0,,,,,2025-12-24,1674200000,2000000000,83.71,83.71,917280000,183,1,0,0
08401,2026-07-27,,,,,,,0,,,,,2025-12-24,582900475,813210607,71.6789,71.6789,398652179,183,1,0,0
08340,2026-07-27,,,,,,,0,,,,,2025-12-24,48996904,79990000,61.2538,61.2538,8912800,183,1,0,0
08232,2026-07-27,,,,,,,0,,,,,2025-12-24,50895800,55750000,91.2929,91.2929,36354650,183,1,0,0
00810,2026-07-27,,,,,,,0,,,,,2025-12-24,138320461,712751154,19.4066,19.4066,30171740,183,1,0,0
00544,2026-07-27,,,,,,,0,,,,,2025-12-24,21183586,123690455,17.1263,17.1263,-171320144,183,0,0,0
03313,2026-07-27,,,,,,,0,,,,,2025-12-24,898326672,142210462,,631.6882,217556513,183,,1,0
01933,2026-07-27,,,,,,,0,,,,,2025-12-24,170993500,503927177,33.9322,33.9322,-848000,183,0.5,0,0
00164,2026-07-27,,,,,,,0,,,,,2025-12-24,238037476,349262723,68.1543,68.1543,180978436,183,1,0,0
02349,2026-07-27,,,,,,,0,,,,,2025-12-24,1656114562,3128278542,52.9401,52.9401,40025200,183,1,0,0
01822,2026-07-27,,,,,,,0,,,,,2025-12-24,279301838,1973797360,14.1505,14.1505,64939050,183,1,0,0
01633,2026-07-27,,,,,,,0,,,,,2025-12-24,130326000,684750000,19.0326,19.0326,759000,183,0.5,0,0
00145,2026-07-28,,,,,,,0,,,,,2025-12-24,256681823,366201816,70.093,70.093,159318426,183,1,0,0
08320,2026-07-28,,,,,,,0,,,,,2025-12-24,285871904,733190000,38.9902,38.9902,11685000,183,1,0,0
08483,2026-07-28,,,,,,,0,,,,,2025-12-24,119346000,800000000,14.9182,14.9182,-18014000,183,0,0,0
06978,2026-07-28,,,,,,,0,,,,,2025-12-24,400576501,617500800,64.8706,64.8706,178210842,183,1,0,0
03662,2026-07-28,,,,,,,0,,,,,2025-12-24,380465270,726250000,52.3876,52.3876,1169508,183,0.5,0,0
01795,2026-07-28,,,,,,,0,,,,,2025-12-24,559449058,600000000,93.2415,93.2415,-5850000,183,0.5,0,0
02885,2026-07-28,,,,,,,0,,,,,2025-12-24,79298000,400000000,19.8245,19.8245,1328000,183,0.5,0,0
00235,2026-07-28,,,,,,,0,,,,,2025-12-24,10814262827,20385253835,53.0494,53.0494,49508159,183,0.5,0,0
02439,2026-07-28,,,,,,,0,,,,,2025-12-24,279449150,1200000000,23.2874,23.2874,11478800,183,0.5,0,0
00672,2026-07-28,,,,,,,0,,,,,2025-12-24,4792024261,5635809800,85.0281,85.0281,-105958348,183,0,0,0
01037,2026-07-28,,,,,,,0,,,,,2025-12-24,294871975,706173448,41.7563,41.7563,-10472341,183,0,0,0
01243,2026-07-28,,,,,,,0,,,,,2025-12-24,14250606987,15200000000,93.754,93.754,45205870,183,0.5,0,0
03406,2026-07-28,,,,,,,0,,,,,2025-12-24,37000000,37250000,99.3289,99.3289,24500000,74,1,0,0
03477,2026-07-28,,,,,,,0,,,,,2025-12-24,37000000,37000000,100.0,100.0,24500000,74,1,0,0
01553,2026-07-28,,,,,,,0,,,,,2025-12-24,92037550,433800000,21.2166,21.2166,-462000,183,0.5,0,0
00993,2026-07-28,,,,,,,0,,,,,2025-12-24,4136024351,8709586011,47.4882,47.4882,-9705724,183,0.5,0,0
01166,2026-07-29,,,,,,,0,,,,,2025-12-24,128381942,142466617,90.1137,90.1137,19688539,183,1,0,0
08456,2026-07-29,,,,,,,0,,,,,2025-12-24,118238075,132202950,89.4368,89.4368,100716563,183,1,0,0
08203,2026-07-29,,,,,,,0,,,,,2025-12-24,341217282,583415844,58.4861,58.4861,2490000,183,0.5,0,0
01884,2026-07-29,,,,,,,0,,,,,2025-12-24,465045100,550000000,84.5537,84.5537,10060100,183,1,0,0
01933,2026-07-29,,,,,,,0,,,,,2025-12-24,170993500,503927177,33.9322,33.9322,-848000,183,0.5,0,0
01134,2026-07-29,,,,,,,0,,,,,2025-12-24,190943450,500000000,38.1887,38.1887,4391000,183,0.5,0,0
00928,2026-07-29,,,,,,,0,,,,,2025-12-24,1556899267,1850425060,84.1374,84.1374,165117726,183,1,0,0
01987,2026-07-29,,,,,,,0,,,,,2025-12-24,869169333,1000000000,86.9169,86.9169,-6146000,183,0.5,0,0
01545,2026-07-29,,,,,,,0,,,,,2025-12-24,400850000,2000000000,20.0425,20.0425,11330000,183,0.5,0,0
00114,2026-07-29,,,,,,,0,,,,,2025-12-24,351453892,604490763,58.1405,58.1405,1098277,183,0.5,0,0
00804,2026-07-29,,,,,,,0,,,,,2025-12-24,55398775,68800013,80.5215,80.5215,-281200581,183,0,0,0
03477,2026-07-29,,,,,,,0,,,,,2025-12-24,37000000,37000000,100.0,100.0,24500000,74,1,0,0
01710,2026-07-29,,,,,,,0,,,,,2025-12-24,152160000,1000000000,15.216,15.216,-18464000,183,0,0,0
00391,2026-07-29,,,,,,,0,,,,,2025-12-24,3051243335,5923738525,51.5087,51.5087,18713000,183,0.5,0,0
02651,2026-07-29,,,,,,,0,,,,,2025-12-24,16147795,50579042,31.9259,31.9259,-510145,118,0,0,0
01063,2026-07-30,,,,,,,0,,,,,2025-12-24,901079534,307707313,,292.8366,52669973,183,,1,0
01166,2026-07-30,,,,,,,0,,,,,2025-12-24,128381942,142466617,90.1137,90.1137,19688539,183,1,0,0
08245,2026-07-30,,,,,,,0,,,,,2025-12-24,163480091,289541272,56.4618,56.4618,24260400,183,1,0,0
03919,2026-07-30,,,,,,,0,,,,,2025-12-24,9009937,45372000,19.8579,19.8579,-226069916,183,0,0,0
01850,2026-07-30,,,,,,,0,,,,,2025-12-24,124696753,172800000,72.1625,72.1625,16068076,183,1,0,0
01884,2026-07-30,,,,,,,0,,,,,2025-12-24,465045100,550000000,84.5537,84.5537,10060100,183,1,0,0
08221,2026-07-30,,,,,,,0,,,,,2025-12-24,36243600,47600000,76.142,76.142,-1879886400,183,0,0,0
01542,2026-07-30,,,,,,,0,,,,,2025-12-24,49621000,200000000,24.8105,24.8105,43000,183,0.5,0,0
01094,2026-07-30,,,,,,,0,,,,,2025-12-24,257077681,711015213,36.1564,36.1564,11370149,183,1,0,0
08237,2026-07-30,,,,,,,0,,,,,2025-12-24,159943920,201024000,79.5646,79.5646,32821361,183,1,0,0
00110,2026-07-30,,,,,,,0,,,,,2025-12-24,63103070,278555888,22.6536,22.6536,282426,183,0.5,0,0
01661,2026-07-30,,,,,,,0,,,,,2025-12-24,87203200,190294200,45.8255,45.8255,-625797,183,0.5,0,0
00582,2026-07-30,,,,,,,0,,,,,2025-12-24,2620128584,3651481386,71.7552,71.7552,1701908497,183,1,0,0
01500,2026-07-30,,,,,,,0,,,,,2025-12-24,156667000,830000000,18.8755,18.8755,-1110000,183,0.5,0,0
06828,2026-07-30,,,,,,,0,,,,,2025-12-24,4348344422,22736114715,19.1253,19.1253,262668726,183,1,0,0
00419,2026-07-30,,,,,,,0,,,,,2025-12-24,983398307,1757154399,,55.9654,-8200674363,183,,1,0
02211,2026-07-31,,,,,,,0,,,,,2025-12-24,24845754,110546218,22.4754,22.4754,-188364205,183,0,0,0
00910,2026-07-31,,,,,,,0,,,,,2025-12-24,4228711408,5088207546,83.1081,83.1081,-2123900,183,0.5,0,0
08125,2026-07-31,,,,,,,0,,,,,2025-12-24,86361069,216732672,39.8468,39.8468,63367808,183,1,0,0
08368,2026-07-31,,,,,,,0,,,,,2025-12-24,248089757,692217719,35.8398,35.8398,56499698,183,1,0,0
01759,2026-07-31,,,,,,,0,,,,,2025-12-24,47103000,216000000,21.8069,21.8069,574000,183,0.5,0,0
00380,2026-07-31,,,,,,,0,,,,,2025-12-24,1219884120,1332266000,91.5646,91.5646,1130000,183,0.5,0,0
01843,2026-07-31,,,,,,,0,,,,,2025-12-24,754703478,800000000,94.3379,94.3379,-6430739,183,0.5,0,0
02680,2026-07-31,,,,,,,0,,,,,2025-12-24,56380659,60000000,93.9678,93.9678,695979,183,1,0,0
00698,2026-07-31,,,,,,,0,,,,,2025-12-24,71107075,194712152,36.5191,36.5191,-6861621742,183,0,0,0
02683,2026-07-31,,,,,,,0,,,,,2025-12-24,79185999,408626000,19.3786,19.3786,3728000,183,0.5,0,0
00018,2026-07-31,,,,,,,0,,,,,2025-12-24,289548168,2397917898,12.075,12.075,3160640,183,0.5,0,0
02262,2026-07-31,,,,,,,0,,,,,2025-12-24,1093275998,1141401000,95.7837,95.7837,-4528000,183,0.5,0,0
01553,2026-07-31,,,,,,,0,,,,,2025-12-24,92037550,433800000,21.2166,21.2166,-462000,183,0.5,0,0
02100,2026-07-31,,,,,,,0,,,,,2025-12-24,1364934156,2856582000,47.7821,47.7821,-4812607,183,0.5,0,0
08079,2026-08-03,,,,,,,0,,,,,2025-12-24,21479201,36637201,58.6268,58.6268,-797578,183,0,0,0
01825,2026-08-03,,,,,,,0,,,,,2025-12-24,251876750,41472000,,607.3417,-7875000,183,,0,0
02223,2026-08-03,,,,,,,0,,,,,2025-12-24,109092000,258152000,42.2588,42.2588,-614000,183,0.5,0,0
02215,2026-08-03,,,,,,,0,,,,,2025-12-24,780423823,917881000,85.0245,85.0245,-196000,183,0.5,0,0
06663,2026-08-03,,,,,,,0,,,,,2025-12-24,161780000,800000000,20.2225,20.2225,-5060000,183,0.5,0,0
01843,2026-08-03,,,,,,,0,,,,,2025-12-24,754703478,800000000,94.3379,94.3379,-6430739,183,0.5,0,0
01732,2026-08-03,,,,,,,0,,,,,2025-12-24,478178141,1280000000,37.3577,37.3577,43776948,183,1,0,0
02129,2026-08-03,,,,,,,0,,,,,2025-12-24,225599198,1250000000,18.0479,18.0479,8159198,183,0.5,0,0
00377,2026-08-03,,,,,,,0,,,,,2025-12-24,56357340,187491851,30.0586,30.0586,-54341,183,0.5,0,0
01522,2026-08-03,,,,,,,0,,,,,2025-12-24,1789169356,2097146727,85.3145,85.3145,-29455734,183,0,0,0
02262,2026-08-03,,,,,,,0,,,,,2025-12-24,1093275998,1141401000,95.7837,95.7837,-4528000,183,0.5,0,0
02381,2026-08-03,,,,,,,0,,,,,2025-12-24,1851840000,2000000000,92.592,92.592,-11020000,183,0.5,0,0
08455,2026-08-04,,,,,,,0,,,,,2025-12-24,616953286,960000000,64.266,64.266,-33398550,183,0,0,0
03460,2026-08-04,,,,,,,0,,,,,2025-12-24,14692450,16300000,90.1377,90.1377,12092450,42,1,0,0
00261,2026-08-04,,,,,,,0,,,,,2025-12-24,208971554,331361678,63.0645,63.0645,20132521,183,1,0,0
03301,2026-08-04,,,,,,,0,,,,,2025-12-24,1067400470,1683431417,63.4062,63.4062,17538961,183,1,0,0
02699,2026-08-04,2026-07-29,,46.85%,,,0,0,,,,,2025-12-24,53180041,26300708,,202.2,-1266183707,183,,1,0
01596,2026-08-04,,,,,,,0,,,,,2025-12-24,139429000,897840000,15.5294,15.5294,-52695474,183,0,0,0
02215,2026-08-04,,,,,,,0,,,,,2025-12-24,780423823,917881000,85.0245,85.0245,-196000,183,0.5,0,0
01046,2026-08-04,,,,,,,0,,,,,2025-12-24,855253171,906632276,94.333,94.333,1772168,183,0.5,0,0
01251,2026-08-04,,,,,,,0,,,,,2025-12-24,1629111960,1954143999,83.367,83.367,50840163,183,1,0,0
00229,2026-08-04,,,,,,,0,,,,,2025-12-24,176305868,501324860,35.168,35.168,-16398000,183,0,0,0
06829,2026-08-04,,,,,,,0,,,,,2025-12-24,137464500,288000000,47.7307,47.7307,-1490000,183,0.5,0,0
00377,2026-08-04,,,,,,,0,,,,,2025-12-24,56357340,187491851,30.0586,30.0586,-54341,183,0.5,0,0
01400,2026-08-05,,,,,,,0,,,,,2025-12-24,2207364952,3801767365,58.0615,58.0615,48965940,183,1,0,0
06158,2026-08-05,,,,,,,0,,,,,2025-12-24,3734589168,4367756000,85.5036,85.5036,7565737,183,0.5,0,0
08121,2026-08-05,,,,,,,0,,,,,2025-12-24,20089558,150040000,13.3895,13.3895,511645,183,0.5,0,0
01338,2026-08-05,,,,,,,0,,,,,2025-12-24,1215171254,3162440720,38.4251,38.4251,-8357100,183,0.5,0,0
01777,2026-08-05,,,,,,,0,,,,,2025-12-24,1215292355,3628367310,,33.4942,30965636,183,,1,0
01233,2026-08-05,,,,,,,0,,,,,2025-12-24,2274520129,2996092775,75.9162,75.9162,416779499,183,1,0,0
08029,2026-08-05,,,,,,,0,,,,,2025-12-24,227867590,280081621,81.3576,81.3576,22114950,183,1,0,0
03418,2026-08-05,,,,,,,0,,,,,,,,,,,,,0,0
02699,2026-08-05,2026-07-29,,46.85%,,,0,0,,,,,2025-12-24,53180041,26300708,,202.2,-1266183707,183,,1,0
01451,2026-08-05,,,,,,,0,,,,,2025-12-24,63550000,204400000,31.091,31.091,14302000,183,1,0,0
01637,2026-08-05,,,,,,,0,,,,,2025-12-24,370090700,400000000,92.5227,92.5227,1030000,183,0.5,0,0
02286,2026-08-05,,,,,,,0,,,,,2025-12-24,586233993,599999989,97.7057,97.7057,144530,183,0.5,0,0
01120,2026-08-05,,,,,,,0,,,,,2025-12-24,133851000,386263374,34.6528,34.6528,-15420000,183,0,0,0
09608,2026-08-05,,,,,,,0,,,,,2025-12-24,3475537200,3840000000,90.5088,90.5088,-8470000,183,0.5,0,0
03301,2026-08-05,,,,,,,0,,,,,2025-12-24,1067400470,1683431417,63.4062,63.4062,17538961,183,1,0,0
08090,2026-08-05,,,,,,,0,,,,,,,,,,,,,0,0
01826,2026-08-05,,,,,,,0,,,,,2025-12-24,871180000,2397600000,36.3355,36.3355,426960000,183,1,0,0
01638,2026-08-05,,,,,,,0,,,,,2025-12-24,7214304724,11427029390,63.1337,63.1337,1807386690,183,1,0,0
08037,2026-08-05,,,,,,,0,,,,,2025-12-24,735942529,975731150,75.4247,75.4247,-19454831,183,0,0,0
01085,2026-08-05,,,,,,,0,,,,,2025-12-24,283563687,465600000,60.9029,60.9029,-15818000,183,0,0,0
00420,2026-08-05,,,,,,,0,,,,,2025-12-24,576664473,1225026960,47.0736,47.0736,471639,183,0.5,0,0
02608,2026-08-06,,,,,,,0,,,,,2025-12-24,2154207261,2550811477,84.4518,84.4518,-142711429,183,0,0,0
02048,2026-08-06,,,,,,,0,,,,,2025-12-24,1452579657,1749059530,83.0492,83.0492,-42581700,183,0,0,0
03639,2026-08-06,,,,,,,0,,,,,2025-12-24,2231373751,2583970000,86.3545,86.3545,-5332000,183,0.5,0,0
01233,2026-08-06,,,,,,,0,,,,,2025-12-24,2274520129,2996092775,75.9162,75.9162,416779499,183,1,0,0
00348,2026-08-06,,,,,,,0,,,,,2025-12-24,573723702,924570836,62.053,62.053,7891600,183,0.5,0,0
01663,2026-08-06,,,,,,,0,,,,,2025-12-24,1070617670,2464000000,43.4504,43.4504,-58274610,183,0,0,0
00077,2026-08-06,,,,,,,0,,,,,2025-12-24,52350301,271913000,19.2526,19.2526,-6023800,183,0,0,0
02221,2026-08-06,,,,,,,0,,,,,2025-12-24,145087084,229303213,63.273,63.273,-1115540766,183,0,0,0
01825,2026-08-06,,,,,,,0,,,,,2025-12-24,251876750,41472000,,607.3417,-7875000,183,,0,0
01939,2026-08-06,,,,,,,0,,,,,2025-12-24,391851912,511880000,76.5515,76.5515,162076640,183,1,0,0
01451,2026-08-06,,,,,,,0,,,,,2025-12-24,63550000,204400000,31.091,31.091,14302000,183,1,0,0
08375,2026-08-06,,,,,,,0,,,,,2025-12-24,42518230,345600000,12.3027,12.3027,-14580854,183,0,0,0
00037,2026-08-06,,,,,,,0,,,,,2025-12-24,338117628,752529810,44.9308,44.9308,-37339009,183,0,0,0
00825,2026-08-06,,,,,,,0,,,,,2025-12-24,319433215,1686145000,18.9446,18.9446,-3638010,183,0.5,0,0
02167,2026-08-06,,,,,,,0,,,,,2025-12-24,88192304,173380400,50.8664,50.8664,-3905357,183,0,0,0
02281,2026-08-06,,,,,,,0,,,,,2025-12-24,181183000,859710000,21.0749,21.0749,9462000,183,1,0,0
00711,2026-08-06,,,,,,,0,,,,,2025-12-24,1446632761,1842911704,78.4971,78.4971,41865250,183,1,0,0
03919,2026-08-07,,,,,,,0,,,,,2025-12-24,9009937,45372000,19.8579,19.8579,-226069916,183,0,0,0
08529,2026-08-07,,,,,,,0,,,,,2025-12-24,307475000,514075000,59.8113,59.8113,4150000,183,0.5,0,0
01715,2026-08-07,,,,,,,0,,,,,2025-12-24,260528070,360759879,72.2165,72.2165,182543570,183,1,0,0
01460,2026-08-07,,,,,,,0,,,,,2025-12-24,619335488,877590312,70.5723,70.5723,13935200,183,1,0,0
00021,2026-08-07,,,,,,,0,,,,,2025-12-24,1042223237,3975233406,26.2179,26.2179,-13958314,183,0.5,0,0
00606,2026-08-07,,,,,,,0,,,,,2025-12-24,846590568,1935000000,43.7515,43.7515,-585743,183,0.5,0,0
02231,2026-08-10,,,,,,,0,,,,,2025-12-24,1619485000,1646173000,98.3788,98.3788,-9914540,183,0.5,0,0
07777,2026-08-10,,,,,,,0,,,,,2025-12-24,397512,439510,90.4444,90.4444,111172,183,1,0,0
02048,2026-08-10,,,,,,,0,,,,,2025-12-24,1452579657,1749059530,83.0492,83.0492,-42581700,183,0,0,0
08072,2026-08-10,,,,,,,0,,,,,2025-12-24,147659877,168349134,87.7105,87.7105,35370924,183,1,0,0
08491,2026-08-10,,,,,,,0,,,,,2025-12-24,206721144,398606168,51.861,51.861,-668050,183,0.5,0,0
01957,2026-08-10,,,,,,,0,,,,,2025-12-24,321015579,628000000,51.1171,51.1171,50439800,183,1,0,0
01182,2026-08-10,,,,,,,0,,,,,2025-12-24,92997122,340814567,27.2867,27.2867,1782528,183,0.5,0,0
06893,2026-08-10,,,,,,,0,,,,,2025-12-24,1009758100,1091796000,92.486,92.486,700000,183,0.5,0,0
02176,2026-08-10,,,,,,,0,,,,,2025-12-24,160419025,700000000,22.917,22.917,10293000,183,1,0,0
06885,2026-08-10,,,,,,,0,,,,,2025-12-24,325288895,535421000,60.7539,60.7539,-2080720,183,0.5,0,0
02415,2026-08-10,,,,,,,0,,,,,2025-12-24,391071440,607170950,64.4088,64.4088,-2320750,183,0.5,0,0
06123,2026-08-10,,,,,,,0,,,,,2025-12-24,364122238,420190000,86.6566,86.6566,476700,183,0.5,0,0
01669,2026-08-10,,,,,,,0,,,,,2025-12-24,69672500,400000000,17.4181,17.4181,-930000,183,0.5,0,0
00206,2026-08-10,,,,,,,0,,,,,2025-12-24,1373760306,3243433914,42.3551,42.3551,32616100,183,1,0,0
02167,2026-08-10,,,,,,,0,,,,,2025-12-24,88192304,173380400,50.8664,50.8664,-3905357,183,0,0,0
08620,2026-08-11,,,,,,,0,,,,,2025-12-24,503050000,628705000,80.0137,80.0137,2805000,183,0.5,0,0
01402,2026-08-11,,,,,,,0,,,,,2025-12-24,949568000,1050500000,90.392,90.392,500000,183,0.5,0,0
01631,2026-08-11,,,,,,,0,,,,,2025-12-24,49183700,307200000,16.0103,16.0103,563700,183,0.5,0,0
06182,2026-08-11,,,,,,,0,,,,,2025-12-24,768992550,800000000,96.1241,96.1241,605600550,183,1,0,0
02671,2026-08-11,,,,,,,0,,,,,,,,,,,,,0,0
02536,2026-08-11,,,,,,,0,,,,,2025-12-24,755731555,806594000,93.6942,93.6942,44226000,183,1,0,0
08191,2026-08-12,,,,,,,0,,100.0,2026-08-10,0.0,2025-12-24,23677550,354040431,6.6878,6.6878,5082000,183,1,0,0
08283,2026-08-12,,,,,,,0,,,,,2025-12-24,36615873,345600000,10.5949,10.5949,6625680,183,1,0,0
08620,2026-08-12,,,,,,,0,,,,,2025-12-24,503050000,628705000,80.0137,80.0137,2805000,183,0.5,0,0
02113,2026-08-12,,,,,,,0,,,,,2025-12-24,752320000,804750000,93.4849,93.4849,430000,183,0.5,0,0
00295,2026-08-12,,,,,,,0,,,,,2025-12-24,5910516330,14964442519,39.4971,39.4971,-1399046500,183,0,0,0
01265,2026-08-12,,,,,,,0,,,,,2025-12-24,280220000,1839307800,15.2351,15.2351,-2410000,183,0.5,0,0
06182,2026-08-12,,,,,,,0,,,,,2025-12-24,768992550,800000000,96.1241,96.1241,605600550,183,1,0,0
01402,2026-08-12,,,,,,,0,,,,,2025-12-24,949568000,1050500000,90.392,90.392,500000,183,0.5,0,0
03828,2026-08-12,,,,,,,0,,,,,2025-12-24,278508287,734262697,37.9303,37.9303,-51260000,183,0,0,0
00210,2026-08-12,,,,,,,0,,,,,2025-12-24,1053544428,1978598429,53.247,53.247,10659779,183,0.5,0,0
02260,2026-08-12,,,,,,,0,,,,,2025-12-24,390117200,483442000,80.6958,80.6958,5920800,183,1,0,0
01075,2026-08-13,,,,,,,0,,,,,2025-12-24,53467150,289808609,18.4491,18.4491,-2097190,183,0.5,0,0
01351,2026-08-13,,,,,,,0,,100.0,2026-08-11,0.0,2025-12-24,479098690,600000000,79.8498,79.8498,123830146,183,1,0,0
01002,2026-08-13,,,,,,,0,,,,,2025-12-24,1008272859,2778834792,36.284,36.284,-669500,183,0.5,0,0
02695,2026-08-13,,,,,,,0,,,,,2025-12-24,26903000,144170000,18.6606,18.6606,0,3,0.5,0,0
08509,2026-08-13,,,,,,,0,,,,,2025-12-24,377790000,400000000,94.4475,94.4475,-1450000,183,0.5,0,0
00936,2026-08-13,,,,,,,0,,,,,2025-12-24,903355000,1060000000,85.2222,85.2222,49371000,183,1,0,0
06890,2026-08-13,,,,,,,0,,,,,2025-12-24,594708000,606252000,98.0958,98.0958,764000,183,0.5,0,0
00366,2026-08-13,,,,,,,0,,,,,2025-12-24,104814619,501621418,20.8952,20.8952,-1455150,183,0.5,0,0
08189,2026-08-13,,,,,,,0,,,,,2025-12-24,1074831315,2133900000,50.3693,50.3693,89119000,183,1,0,0
01630,2026-08-13,,,,,,,0,,,,,2025-12-24,1356301594,1500000000,90.4201,90.4201,-5370000,183,0.5,0,0
08472,2026-08-14,,,,,,,0,,,,,2025-12-24,79060790,115200000,68.6292,68.6292,18356250,183,1,0,0
08178,2026-08-14,2026-07-29,,44.55%,,,0,0,,,,,2025-12-24,65920097,172107158,38.3018,38.3018,14583223,183,1,0,0
02113,2026-08-14,,,,,,,0,,,,,2025-12-24,752320000,804750000,93.4849,93.4849,430000,183,0.5,0,0
00905,2026-08-14,,,,,,,0,,,,,2025-12-24,850422445,1050500887,80.954,80.954,104005455,183,1,0,0
01792,2026-08-14,,,,,,,0,,,,,2025-12-24,36029062,247680000,,14.5466,-1126004824,183,,1,0
02370,2026-08-14,,,,,,,0,,,,,2025-12-24,187190155,200000000,93.5951,93.5951,-1361998,183,0.5,0,0
00520,2026-08-14,,,,,,,0,,,,,2025-12-24,935720531,1086174481,86.1483,86.1483,966711,183,0.5,0,0
02227,2026-08-14,,,,,,,0,,,,,2025-12-24,830295120,915600000,90.6832,90.6832,1226000,183,0.5,0,0
08350,2026-08-14,,,,,,,0,,,,,2025-12-24,913264000,950064000,96.1266,96.1266,186351993,183,1,0,0
01622,2026-08-14,,,,,,,0,,,,,2025-12-24,1271194422,3551609322,35.7921,35.7921,-6301596,183,0.5,0,0
02573,2026-08-14,,,,,,,0,,,,,2025-12-24,52595604,96231234,54.6554,54.6554,-1779890,138,0,0,0
03477,2026-08-14,,,,,,,0,,,,,2025-12-24,37000000,37000000,100.0,100.0,24500000,74,1,0,0
08148,2026-08-14,,,,,,,0,,,,,2025-12-24,380349547,458150400,83.0185,83.0185,23125900,183,1,0,0
08226,2026-08-17,,,,,,,0,,,,,2025-12-24,341290596,417503991,81.7455,81.7455,-18898000,183,0,0,0
08491,2026-08-17,,,,,,,0,,,,,2025-12-24,206721144,398606168,51.861,51.861,-668050,183,0.5,0,0
00397,2026-08-17,2026-07-29,,40.01%,,,0,0,,,,,2025-12-24,1341770345,3422839101,39.2005,39.2005,-90133095,183,0,0,0
00889,2026-08-17,,,,,,,0,,,,,2025-12-24,83418000,320000000,26.0681,26.0681,162000,183,0.5,0,0
00092,2026-08-17,,,,,,,0,,,,,2025-12-24,758605488,1097614848,69.114,69.114,28566929,183,1,0,0
01397,2026-08-17,,,,,,,0,,,,,2025-12-24,375080000,415000000,90.3807,90.3807,-3739466,183,0.5,0,0
00831,2026-08-17,,,,,,,0,,,,,2025-12-24,338987704,782136974,43.3412,43.3412,-12068034,183,0,0,0
08350,2026-08-17,,,,,,,0,,,,,2025-12-24,913264000,950064000,96.1266,96.1266,186351993,183,1,0,0
01673,2026-08-17,,,,,,,0,,,,,2025-12-24,990469464,1596134067,62.0543,62.0543,26554000,183,1,0,0
01720,2026-08-17,,,,,,,0,,,,,2025-12-24,1015563140,1100000000,92.3239,92.3239,7316000,183,0.5,0,0
00727,2026-08-17,,,,,,,0,,,,,2025-12-24,135557549,1271844000,10.6583,10.6583,-4697320,183,0.5,0,0
00279,2026-08-17,,,,,,,0,,,,,2025-12-24,1163526058,1395527300,83.3754,83.3754,-19048609872,183,0,0,0
08226,2026-08-18,,,,,,,0,,,,,2025-12-24,341290596,417503991,81.7455,81.7455,-18898000,183,0,0,0
01176,2026-08-18,,,,,,,0,,,,,2025-12-24,6658614025,8850632753,75.2332,75.2332,-53160302,183,0.5,0,0
06158,2026-08-18,,,,,,,0,,,,,2025-12-24,3734589168,4367756000,85.5036,85.5036,7565737,183,0.5,0,0
00767,2026-08-18,,,,,,,0,,,,,2025-12-24,330416120,636654300,51.8988,51.8988,10906453,183,1,0,0
00833,2026-08-18,,,,,,,0,,,,,2025-12-24,289002011,473058180,61.0923,61.0923,-22414823,183,0,0,0
01527,2026-08-18,,,,,,,0,,,,,2025-12-24,19004645,135000000,14.0775,14.0775,1227645,183,0.5,0,0
02683,2026-08-18,,,,,,,0,,,,,2025-12-24,79185999,408626000,19.3786,19.3786,3728000,183,0.5,0,0
03686,2026-08-18,,,,,,,0,,,,,2025-12-24,312135000,1015750000,30.7295,30.7295,-8515000,183,0.5,0,0
00279,2026-08-18,,,,,,,0,,,,,2025-12-24,1163526058,1395527300,83.3754,83.3754,-19048609872,183,0,0,0
02863,2026-08-18,,,,,,,0,,,,,2025-12-24,197561000,689511000,28.6523,28.6523,-775000,183,0.5,0,0
00334,2026-08-18,,,,,,,0,,,,,2025-12-24,1096227542,2114307929,51.8481,51.8481,994366,183,0.5,0,0
09639,2026-08-18,,,,,,,0,,,,,2025-12-24,957463491,1000000000,95.7463,95.7463,745158491,183,1,0,0
01340,2026-08-19,,,,,,,0,,,,,2025-12-24,554000000,138425700,,400.2147,23405000,183,,1,0
01949,2026-08-19,,,,,,,0,,,,,2025-12-24,132342105,230400000,,57.4401,-332065920,183,,1,0
01796,2026-08-19,,,,,,,0,,,,,2025-12-24,455348000,480000000,94.8642,94.8642,20564000,183,1,0,0
00767,2026-08-19,,,,,,,0,,,,,2025-12-24,330416120,636654300,51.8988,51.8988,10906453,183,1,0,0
01176,2026-08-19,,,,,,,0,,,,,2025-12-24,6658614025,8850632753,75.2332,75.2332,-53160302,183,0.5,0,0
01732,2026-08-19,,,,,,,0,,,,,2025-12-24,478178141,1280000000,37.3577,37.3577,43776948,183,1,0,0
01132,2026-08-19,,,,,,,0,,,,,2025-12-24,2305693099,2799669050,82.3559,82.3559,524000,183,0.5,0,0
01556,2026-08-19,,,,,,,0,,,,,2025-12-24,204413334,1500000000,13.6276,13.6276,5239531,183,0.5,0,0
00210,2026-08-19,,,,,,,0,,,,,2025-12-24,1053544428,1978598429,53.247,53.247,10659779,183,0.5,0,0
03428,2026-08-19,,,,,,,0,,,,,,,,,,,,,0,0
08275,2026-08-20,,,,,,,0,,,,,2025-12-24,747430381,959985543,77.8585,77.8585,164805524,183,1,0,0
01025,2026-08-20,,,,,,,0,,,,,2025-12-24,151459856,447367440,33.8558,33.8558,119095440,183,1,0,0
03444,2026-08-20,,,,,,,0,,,,,,,,,,,,,0,0
02122,2026-08-20,,,,,,,0,,,,,2025-12-24,659956314,1355914286,48.6724,48.6724,21082744,183,1,0,0
02459,2026-08-20,,,,,,,0,,,,,2025-12-24,1040381310,193800000,,536.8325,398307316,183,,1,0
00821,2026-08-20,,,,,,,0,,,,,2025-12-24,243491398,371085219,65.616,65.616,-1498502002,183,0,0,0
08326,2026-08-20,,,,,,,0,,,,,2025-12-24,1096203715,1227000000,89.3402,89.3402,19336260,183,1,0,0
01978,2026-08-20,,,,,,,0,,,,,2025-12-24,159019992,800000000,19.8775,19.8775,1542000,183,0.5,0,0
01560,2026-08-20,,,,,,,0,,,,,2025-12-24,289888080,641498000,45.1892,45.1892,522745,183,0.5,0,0
01808,2026-08-20,,,,,,,0,,,,,2025-12-24,207480088,244888185,84.7244,84.7244,8949680,183,1,0,0
00980,2026-08-20,,,,,,,0,,,,,2025-12-24,273659526,1479600000,18.4955,18.4955,-6789890,183,0.5,0,0
01244,2026-08-20,,,,,,,0,,,,,2025-12-24,149281685,258177000,57.8215,57.8215,-5626970,183,0,0,0
02231,2026-08-21,,,,,,,0,,,,,2025-12-24,1619485000,1646173000,98.3788,98.3788,-9914540,183,0.5,0,0
02608,2026-08-21,,,,,,,0,,,,,2025-12-24,2154207261,2550811477,84.4518,84.4518,-142711429,183,0,0,0
00471,2026-08-21,,,,,,,0,,,,,2025-12-24,92200974,479762136,19.2181,19.2181,16527161,183,1,0,0
08238,2026-08-21,,,,,,,0,,,,,2025-12-24,61254504,348364800,17.5834,17.5834,1692068,183,0.5,0,0
01225,2026-08-21,,,,,,,0,,,,,2025-12-24,164817376,230322413,71.5594,71.5594,853560,183,0.5,0,0
00910,2026-08-21,,,,,,,0,,,,,2025-12-24,4228711408,5088207546,83.1081,83.1081,-2123900,183,0.5,0,0
08275,2026-08-21,,,,,,,0,,,,,2025-12-24,747430381,959985543,77.8585,77.8585,164805524,183,1,0,0
01025,2026-08-21,,,,,,,0,,,,,2025-12-24,151459856,447367440,33.8558,33.8558,119095440,183,1,0,0
06158,2026-08-21,,,,,,,0,,,,,2025-12-24,3734589168,4367756000,85.5036,85.5036,7565737,183,0.5,0,0
00970,2026-08-21,,,,,,,0,,,,,2025-12-24,177348456,675362170,26.2598,26.2598,46061435,183,1,0,0
01354,2026-08-21,,,,,,,0,,,,,2025-12-24,13445300,66666800,20.1679,20.1679,-2742400,183,0,0,0
01751,2026-08-21,,,,,,,0,,,,,2025-12-24,195576420,407671369,47.974,47.974,-32288300,183,0,0,0
08090,2026-08-21,,,,,,,0,,,,,,,,,,,,,0,0
03448,2026-08-21,,,,,,,0,,,,,2025-12-24,5711327,3000000,,190.3776,5611327,118,,0,0
00337,2026-08-21,,,,,,,0,,,,,2025-12-24,1474966406,2791884683,52.8305,52.8305,-30117071,183,0,0,0
01011,2026-08-21,,,,,,,0,,,,,2025-12-24,421046626,1796563586,23.4362,23.4362,251373524,183,1,0,0
06959,2026-08-21,,,,,,,0,,,,,2025-12-24,190637400,202160000,94.3003,94.3003,82964200,183,1,0,0
06820,2026-08-21,,,,,,,0,,,,,2025-12-24,1033517041,2180850000,47.3906,47.3906,-42036361,183,0,0,0
01793,2026-08-21,2026-07-29,,16.08%,,,0,0,,,,,2025-12-24,162824000,800000000,20.353,20.353,2324000,183,0.5,0,0
00601,2026-08-24,,,,,,,0,,,,,2025-12-24,396706795,592595103,66.944,66.944,-9510797,183,0,0,0
08007,2026-08-24,,,,,,,0,,,,,2025-12-24,168452971,226317429,74.4322,74.4322,-172242354,183,0,0,0
02012,2026-08-24,,,,,,,0,,,,,2025-12-24,216525135,711354444,30.4384,30.4384,32338213,183,1,0,0
08029,2026-08-24,,,,,,,0,,,,,2025-12-24,227867590,280081621,81.3576,81.3576,22114950,183,1,0,0
01753,2026-08-24,,,,,,,0,,,,,2025-12-24,871492427,1076823200,80.9318,80.9318,-44994500,183,0,0,0
02170,2026-08-24,,,,,,,0,,,,,2025-12-24,47049660,273526000,17.2012,17.2012,-4816096,183,0,0,0
06989,2026-08-24,,,,,,,0,,,,,2025-12-24,235581509,1220348000,19.3045,19.3045,-11650394,183,0.5,0,0
00377,2026-08-24,,,,,,,0,,,,,2025-12-24,56357340,187491851,30.0586,30.0586,-54341,183,0.5,0,0
08430,2026-08-25,,,,,,,0,,,,,2025-12-24,121458800,166835200,72.8017,72.8017,11488200,183,1,0,0
03460,2026-08-25,,,,,,,0,,,,,2025-12-24,14692450,16300000,90.1377,90.1377,12092450,42,1,0,0
00076,2026-08-25,,,,,,,0,,,,,2025-12-24,257769975,444404073,58.0035,58.0035,15387014,183,1,0,0
00065,2026-08-25,,,,,,,0,,,,,2025-12-24,129744689,245536916,52.8412,52.8412,29932406,183,1,0,0
00254,2026-08-25,,,,,,,0,,,,,2025-12-24,185414461,675762840,27.4378,27.4378,-1627576862,183,0,0,0
02497,2026-08-25,2026-07-29,,21.86%,,,0,0,,,,,2025-12-24,118994028,500000000,23.7988,23.7988,6586010,183,1,0,0
00124,2026-08-25,,,,,,,0,,,,,2025-12-24,571259730,1711536850,33.377,33.377,6788775,183,0.5,0,0
00114,2026-08-25,,,,,,,0,,,,,2025-12-24,351453892,604490763,58.1405,58.1405,1098277,183,0.5,0,0
09919,2026-08-25,,,,,,,0,,,,,2025-12-24,618540464,744218000,83.1128,83.1128,142191310,183,1,0,0
02251,2026-08-25,,,,,,,0,,,,,2025-12-24,96644364,101021313,95.6673,95.6673,47625557,183,1,0,0
08121,2026-08-26,,,,,,,0,,,,,2025-12-24,20089558,150040000,13.3895,13.3895,511645,183,0.5,0,0
00736,2026-08-26,,,,,,,0,,,,,2025-12-24,151353390,320599606,47.2095,47.2095,-29548316,183,0,0,0
03444,2026-08-26,,,,,,,0,,,,,,,,,,,,,0,0
00254,2026-08-26,,,,,,,0,,,,,2025-12-24,185414461,675762840,27.4378,27.4378,-1627576862,183,0,0,0
00660,2026-08-26,,,,,,,0,,,,,2025-12-24,148886616,384309785,38.7413,38.7413,-745221,183,0.5,0,0
01962,2026-08-26,,,,,,,0,,,,,2025-12-24,602132693,616136000,97.7272,97.7272,-4427803,183,0.5,0,0
01087,2026-08-26,,,,,,,0,,,,,2025-12-24,102690046,239865600,42.8115,42.8115,-1230150,183,0.5,0,0
03860,2026-08-26,,,,,,,0,,,,,2025-12-24,497737168,582429838,85.4587,85.4587,-2429500,183,0.5,0,0
06038,2026-08-26,,,,,,,0,,,,,2025-12-24,185570003,1003000000,18.5015,18.5015,8200003,183,0.5,0,0
06829,2026-08-26,,,,,,,0,,,,,2025-12-24,137464500,288000000,47.7307,47.7307,-1490000,183,0.5,0,0
00160,2026-08-26,,,,,,,0,,,,,2025-12-24,615718967,720429301,85.4656,85.4656,18565613,183,1,0,0
01282,2026-08-26,,,,,,,0,,,,,2025-12-24,1249317634,5000000000,24.9864,24.9864,-132446423,183,0,0,0
01285,2026-08-26,,,,,,,0,,,,,2025-12-24,397937002,415000000,95.8884,95.8884,1453000,183,0.5,0,0
00239,2026-08-26,,,,,,,0,,,,,2025-12-24,112113392,311640000,35.9753,35.9753,-995857,183,0.5,0,0
01985,2026-08-26,,,,,,,0,,,,,2025-12-24,242710400,306374000,79.2203,79.2203,7385500,183,1,0,0
02098,2026-08-26,,,,,,,0,,,,,2025-12-24,10182477198,12399505800,82.12,82.12,-63436932,183,0.5,0,0
01483,2026-08-26,,,,,,,0,,,,,2025-12-24,667786000,819450000,81.492,81.492,-41934000,183,0,0,0
02358,2026-08-27,,,,,,,0,,,,,2025-12-24,4098962000,5472000000,74.9079,74.9079,-306198000,183,0,0,0
00197,2026-08-27,,,,,,,0,,,,,2025-12-24,144468813,209210453,69.0543,69.0543,16394125,183,1,0,0
08007,2026-08-27,,,,,,,0,,,,,2025-12-24,168452971,226317429,74.4322,74.4322,-172242354,183,0,0,0
08021,2026-08-27,,,,,,,0,,,,,2025-12-24,8571216964,718355052,,1193.1728,-338168000,183,,1,0
00254,2026-08-27,,,,,,,0,,,,,2025-12-24,185414461,675762840,27.4378,27.4378,-1627576862,183,0,0,0
09938,2026-08-27,,,,,,,0,,,,,2025-12-24,926459000,1000000000,92.6459,92.6459,6095000,183,0.5,0,0
00862,2026-08-27,,,,,,,0,,,,,2025-12-24,3423126166,392419046,,872.314,73106147,183,,1,0
01909,2026-08-27,,,,,,,0,,,,,2025-12-24,130766320,242821041,53.853,53.853,-691424,183,0.5,0,0
06182,2026-08-27,,,,,,,0,,,,,2025-12-24,768992550,800000000,96.1241,96.1241,605600550,183,1,0,0
00450,2026-08-27,,,,,,,0,,,,,2025-12-24,211661641,907864974,23.3142,23.3142,3906992,183,0.5,0,0
01085,2026-08-27,,,,,,,0,,,,,2025-12-24,283563687,465600000,60.9029,60.9029,-15818000,183,0,0,0
00420,2026-08-27,,,,,,,0,,,,,2025-12-24,576664473,1225026960,47.0736,47.0736,471639,183,0.5,0,0
00950,2026-08-27,,,,,,,0,,,,,2025-12-24,460937606,588835343,78.2795,78.2795,-43426811,183,0,0,0
02048,2026-08-28,,,,,,,0,,,,,2025-12-24,1452579657,1749059530,83.0492,83.0492,-42581700,183,0,0,0
09958,2026-08-28,,,,,,,0,,,,,2025-12-24,129491711,500000000,25.8983,25.8983,-31773199,183,0,0,0
08413,2026-08-28,,,,,,,0,,,,,2025-12-24,359143000,1162000000,30.9073,30.9073,-37527000,183,0,0,0
01470,2026-08-28,,,,,,,0,,,,,2025-12-24,733967010,800000000,91.7459,91.7459,5850000,183,0.5,0,0
08021,2026-08-28,,,,,,,0,,,,,2025-12-24,8571216964,718355052,,1193.1728,-338168000,183,,1,0
01841,2026-08-28,,,,,,,0,,,,,2025-12-24,226460000,400000000,56.615,56.615,-750000,183,0.5,0,0
02605,2026-08-28,,,,,,,0,,,,,2025-12-24,73696175,154911462,47.5731,47.5731,52166575,138,1,0,0
01447,2026-08-28,,,,,,,0,,,,,2025-12-24,93182588,400000000,23.2956,23.2956,-438000,183,0.5,0,0
09919,2026-08-28,,,,,,,0,,,,,2025-12-24,618540464,744218000,83.1128,83.1128,142191310,183,1,0,0
02536,2026-08-28,,,,,,,0,,,,,2025-12-24,755731555,806594000,93.6942,93.6942,44226000,183,1,0,0
00993,2026-08-28,,,,,,,0,,,,,2025-12-24,4136024351,8709586011,47.4882,47.4882,-9705724,183,0.5,0,0
00370,2026-08-28,,,,,,,0,,,,,2025-12-24,1203961969,3146438986,38.2643,38.2643,-119056855,183,0,0,0
00505,2026-08-28,,,,,,,0,,,,,2025-12-24,851630257,899558173,94.6721,94.6721,1784600,183,0.5,0,0
08139,2026-08-31,,,,,,,0,,,,,2025-12-24,32942100,38400000,85.7867,85.7867,-63976,183,0.5,0,0
08072,2026-08-31,,,,,,,0,,,,,2025-12-24,147659877,168349134,87.7105,87.7105,35370924,183,1,0,0
02246,2026-08-31,,,,,,,0,,,,,2025-12-24,49757692,66021275,75.3661,75.3661,-409747984,183,0,0,0
00261,2026-08-31,2026-08-27,81.92,66.16,,,0,1,,,,,2025-12-24,208971554,331361678,63.0645,63.0645,20132521,183,1,0,0
01850,2026-08-31,,,,,,,0,,,,,2025-12-24,124696753,172800000,72.1625,72.1625,16068076,183,1,0,0
00913,2026-08-31,,,,,,,0,,,,,2025-12-24,251351078,887045040,28.3358,28.3358,4607520,183,0.5,0,0
01312,2026-08-31,,,,,,,0,,,,,2025-12-24,4724791782,5588571777,84.5438,84.5438,-38023000,183,0.5,0,0
01690,2026-08-31,2026-08-27,84.62,72.71,,,0,1,,,,,2025-12-24,647974050,1445230000,44.8354,44.8354,-5620000,183,0.5,0,0
01939,2026-08-31,,,,,,,0,,,,,2025-12-24,391851912,511880000,76.5515,76.5515,162076640,183,1,0,0
00970,2026-08-31,2026-08-27,88.48,73.33,,,0,1,,,,,2025-12-24,177348456,675362170,26.2598,26.2598,46061435,183,1,0,0
01813,2026-08-31,,,,,,,0,,,,,2025-12-24,1257442946,3418883945,36.7793,36.7793,39889991,183,1,0,0
00897,2026-08-31,,,,,,,0,,,,,2025-12-24,977129851,1114382888,87.6835,87.6835,4544439,183,0.5,0,0
00236,2026-08-31,2026-08-27,72.41,56.81,,,0,1,,,,,2025-12-24,60891926,373570560,16.3,16.3,-1681926,183,0.5,0,0
02226,2026-08-31,,,,,,,0,,,,,2025-12-24,432331312,578750000,74.7009,74.7009,-1477500,183,0.5,0,0
00021,2026-08-31,2026-08-27,80.97,66.52,,,0,1,,,,,2025-12-24,1042223237,3975233406,26.2179,26.2179,-13958314,183,0.5,0,0
08229,2026-08-31,2026-08-27,84.65,71.5,,,0,1,,,,,2025-12-24,170185000,555480000,30.6375,30.6375,-37625000,183,0,0,0
01861,2026-08-31,,,,,,,0,,,,,2025-12-24,216813000,233917250,92.6879,92.6879,-191500,183,0.5,0,0
01746,2026-08-31,2026-08-27,92.47,87.32,,,0,1,,,,,2025-12-24,904582000,1000000000,90.4582,90.4582,17566000,183,1,0,0
09689,2026-08-31,,,,,,,0,,,,,2025-12-24,508446000,1116000000,45.5597,45.5597,21564000,183,1,0,0
03406,2026-08-31,2026-08-27,99.99,99.94,,,0,1,,,,,2025-12-24,37000000,37250000,99.3289,99.3289,24500000,74,1,0,0
01669,2026-08-31,2026-08-27,73.74,59.89,,,0,1,,,,,2025-12-24,69672500,400000000,17.4181,17.4181,-930000,183,0.5,0,0
03477,2026-08-31,2026-08-27,100.0,100.0,,,0,1,,,,,2025-12-24,37000000,37000000,100.0,100.0,24500000,74,1,0,0
02515,2026-08-31,2026-08-27,93.25,79.21,,,0,1,,100.0,2026-08-27,0.0,2025-12-24,199201749,310742749,64.105,64.105,166406749,183,1,0,0
00646,2026-09-01,2026-08-28,81.49,66.52,0.0,2,0,1,0.5,,,,2025-12-24,196354892,342697938,57.2968,57.2968,9704995,183,1,0,0
08051,2026-09-01,,,,,,,0,,,,,2025-12-24,17905173,26038783,68.7635,68.7635,179313,183,0.5,0,0
01340,2026-09-01,2026-08-28,68.89,52.63,,,0,1,,,,,2025-12-24,554000000,138425700,,400.2147,23405000,183,,1,0
08187,2026-09-01,2026-08-28,81.79,67.47,0.03,2,0,1,0.5,,,,2025-12-24,117342373,151683840,77.3598,77.3598,-17147739,183,0,0,0
01891,2026-09-01,,,,,,,0,,,,,2025-12-24,767924000,1000000000,76.7924,76.7924,5112000,183,0.5,0,0
01901,2026-09-01,,,,,,,0,,,,,2025-12-24,432149194,998400000,43.2842,43.2842,153408249,183,1,0,0
02048,2026-09-01,2026-08-28,79.62,63.51,-0.37,2,0,1,0.5,,,,2025-12-24,1452579657,1749059530,83.0492,83.0492,-42581700,183,0,0,0
00910,2026-09-01,2026-08-28,94.82,89.23,,,0,1,,,,,2025-12-24,4228711408,5088207546,83.1081,83.1081,-2123900,183,0.5,0,0
01792,2026-09-01,2026-08-28,78.79,55.99,,,0,1,,,,,2025-12-24,36029062,247680000,,14.5466,-1126004824,183,,1,0
01455,2026-09-01,2026-07-29,,18.94%,,,0,0,,,,,2025-12-24,283867500,1278562500,22.2021,22.2021,1100000,183,0.5,0,0
01420,2026-09-01,2026-08-28,88.89,78.63,,,0,1,,,,,2025-12-24,1126224200,1342651200,83.8806,83.8806,18884000,183,1,0,0
00244,2026-09-01,2026-08-28,95.27,92.3,0.0,2,0,1,0.5,,,,2025-12-24,1200094912,1313962560,91.334,91.334,7738612,183,0.5,0,0
03411,2026-09-01,2026-08-28,99.96,99.16,0.0,2,0,1,0.5,,,,2025-12-24,5125000,5200000,98.5577,98.5577,5121100,183,1,0,0
00997,2026-09-02,2026-08-31,85.0,76.06,0.0,2,0,1,0.5,,,,2025-12-24,981090468,1169287752,83.905,83.905,184771933,183,1,0,0
01195,2026-09-02,2026-08-31,63.59,46.31,0.0,2,0,1,0.5,,,,2025-12-24,1635071809,2894091737,56.4969,56.4969,6472891,183,0.5,0,0
08082,2026-09-02,,,,,,,0,,,,,2025-12-24,1920377102,2672815671,71.8485,71.8485,-25864023,183,0.5,0,0
00646,2026-09-02,2026-08-31,81.49,66.52,0.0,3,0,1,0.5,,,,2025-12-24,196354892,342697938,57.2968,57.2968,9704995,183,1,0,0
08187,2026-09-02,2026-08-31,81.77,67.45,0.01,3,0,1,0.5,,,,2025-12-24,117342373,151683840,77.3598,77.3598,-17147739,183,0,0,0
03639,2026-09-02,2026-08-31,97.01,93.59,-0.11,3,0,1,0.5,,,,2025-12-24,2231373751,2583970000,86.3545,86.3545,-5332000,183,0.5,0,0
00653,2026-09-02,2026-08-31,77.97,60.23,0.01,3,0,1,0.5,,,,2025-12-24,1517185587,1874878065,80.9218,80.9218,1162285957,183,1,0,0
00328,2026-09-02,2026-08-31,80.52,60.33,0.12,3,0,1,0.5,,,,2025-12-24,49942196,286392150,17.4384,17.4384,-22891959,183,0,0,0
01894,2026-09-02,,,,,,,0,,,,,2025-12-24,663650000,233357000,,284.3926,65849900,183,,1,0
02320,2026-09-02,,,,,,,0,,100.0,2026-08-31,0.0,2025-12-24,296824008,817644000,36.3024,36.3024,5287982,183,0.5,0,0
01094,2026-09-02,2026-08-31,81.32,66.78,0.0,2,0,1,0.5,,,,2025-12-24,257077681,711015213,36.1564,36.1564,11370149,183,1,0,0
00672,2026-09-02,2026-08-31,85.32,74.62,0.0,3,0,1,0.5,,,,2025-12-24,4792024261,5635809800,85.0281,85.0281,-105958348,183,0,0,0
08229,2026-09-02,2026-08-31,84.62,71.47,-0.03,3,0,1,0.5,,,,2025-12-24,170185000,555480000,30.6375,30.6375,-37625000,183,0,0,0
00149,2026-09-02,2026-08-31,84.32,75.5,0.0,3,0,1,0.5,,,,2025-12-24,8110615638,9953067822,81.4886,81.4886,159085421,183,1,0,0
02120,2026-09-02,,,,,,,0,,,,,2025-12-24,16435852,70399100,23.3467,23.3467,275150,183,0.5,0,0
06676,2026-09-02,,,,,,,0,,,,,2025-12-24,711435121,1071728377,66.382,66.382,638110945,183,1,0,0
03410,2026-09-03,2026-09-01,95.91,86.86,0.0,4,0,1,0.5,,,,2025-12-24,5495896,6669800,82.3997,82.3997,-12118504,183,0,0,0
00923,2026-09-03,2026-09-01,72.62,64.36,0.0,3,0,1,0.5,,,,2025-12-24,1582544375,4823009000,32.8124,32.8124,28156000,183,0.5,0,0
08237,2026-09-03,2026-09-01,93.01,82.15,-0.05,4,0,1,0.5,,,,2025-12-24,159943920,201024000,79.5646,79.5646,32821361,183,1,0,0
01996,2026-09-03,,,,,,,0,,,,,2025-12-24,3159217098,3338898000,94.6186,94.6186,3248000,183,0.5,0,0
03708,2026-09-03,2026-09-01,77.55,64.4,-0.01,4,0,1,0.5,,,,2025-12-24,4448155960,727280000,,611.6153,-280865000,183,,1,0
02320,2026-09-03,,,,,,,0,,100.0,2026-09-01,0.0,2025-12-24,296824008,817644000,36.3024,36.3024,5287982,183,0.5,0,0
01792,2026-09-03,2026-09-01,78.76,55.95,-0.03,3,0,1,0.5,,,,2025-12-24,36029062,247680000,,14.5466,-1126004824,183,,1,0
01314,2026-09-03,2026-09-01,73.94,59.71,0.0,3,0,1,0.5,,,,2025-12-24,465729033,1411226450,33.0017,33.0017,-4035619,183,0.5,0,0
01939,2026-09-03,,,,,,,0,,,,,2025-12-24,391851912,511880000,76.5515,76.5515,162076640,183,1,0,0
01265,2026-09-03,2026-09-01,58.17,38.23,0.0,3,0,1,0.5,,,,2025-12-24,280220000,1839307800,15.2351,15.2351,-2410000,183,0.5,0,0
01407,2026-09-03,2026-07-29,,94.24%,,,0,0,,,,,2025-12-24,403444000,440000000,91.6918,91.6918,310004000,183,1,0,0
09982,2026-09-03,,,,,,,0,,,,,2025-12-24,3197627591,4638617028,68.9349,68.9349,-11072044,183,0.5,0,0
02863,2026-09-03,2026-09-01,86.16,76.23,-0.09,4,0,1,0.5,,,,2025-12-24,197561000,689511000,28.6523,28.6523,-775000,183,0.5,0,0
06182,2026-09-03,,,,,,,0,,,,,2025-12-24,768992550,800000000,96.1241,96.1241,605600550,183,1,0,0
02779,2026-09-03,2026-09-01,83.07,67.45,-0.03,4,0,1,0.5,,,,2025-12-24,419536192,1608583000,26.0811,26.0811,-9649582,183,0.5,0,0
02392,2026-09-03,2026-09-01,87.24,75.02,0.03,4,0,1,0.5,,,,2025-12-24,301352440,554859000,54.3115,54.3115,-42938100,183,0,0,0
08037,2026-09-03,,,,,,,0,,,,,2025-12-24,735942529,975731150,75.4247,75.4247,-19454831,183,0,0,0
06898,2026-09-03,,,,,,,0,,,,,2025-12-24,412325504,941401000,43.7991,43.7991,-15402000,183,0,0,0
03428,2026-09-03,2026-09-01,99.99,99.91,0.0,4,0,1,0.5,,,,,,,,,,,,0,0
01393,2026-09-04,2026-09-02,83.43,73.95,-0.25,4,0,1,0.5,,,,2025-12-24,3304294674,4605259407,71.7505,71.7505,-25664501,183,0.5,0,0
08483,2026-09-04,,,,,,,0,,,,,2025-12-24,119346000,800000000,14.9182,14.9182,-18014000,183,0,0,0
01663,2026-09-04,2026-09-02,82.86,67.25,-0.01,5,0,1,0.5,,,,2025-12-24,1070617670,2464000000,43.4504,43.4504,-58274610,183,0,0,0
03997,2026-09-04,2026-09-02,77.0,64.08,-0.05,5,0,1,0.5,,,,2025-12-24,31953000,128342000,24.8968,24.8968,454000,183,0.5,0,0
00328,2026-09-04,2026-09-02,80.7,60.53,0.3,5,0,1,0.5,,,,2025-12-24,49942196,286392150,17.4384,17.4384,-22891959,183,0,0,0
02322,2026-09-04,,,,,,,0,,,,,2025-12-24,3632156240,4420600000,82.1643,82.1643,78466000,183,1,0,0
01094,2026-09-04,2026-09-02,81.33,66.75,0.01,4,0,1,0.5,,,,2025-12-24,257077681,711015213,36.1564,36.1564,11370149,183,1,0,0
03789,2026-09-04,2026-09-02,73.52,55.78,0.03,5,0,1,0.5,,,,2025-12-24,219624000,1200000000,18.302,18.302,856000,183,0.5,0,0
08375,2026-09-04,,,,,,,0,,,,,2025-12-24,42518230,345600000,12.3027,12.3027,-14580854,183,0,0,0
01587,2026-09-04,2026-09-02,91.44,67.83,0.15,5,0,1,0.5,,,,2025-12-24,154632000,680000000,22.74,22.74,-1242280,183,0.5,0,0
00756,2026-09-04,2026-09-02,94.47,90.52,0.03,5,0,1,0.5,,,,2025-12-24,284891607,340558265,83.6543,83.6543,1424329,183,0.5,0,0
02170,2026-09-04,,,,,,,0,,,,,2025-12-24,47049660,273526000,17.2012,17.2012,-4816096,183,0,0,0
00529,2026-09-04,2026-09-02,86.11,69.07,0.05,4,0,1,0.5,,,,2025-12-24,56915549,277966666,20.4757,20.4757,-1496000,183,0.5,0,0
00201,2026-09-04,2026-09-02,85.82,80.79,-0.02,5,0,1,0.5,,,,2025-12-24,2054685929,8947051324,22.965,22.965,19024254,183,0.5,0,0
02167,2026-09-04,,,,,,,0,,,,,2025-12-24,88192304,173380400,50.8664,50.8664,-3905357,183,0,0,0
08385,2026-09-07,,,,,,,0,,,,,2025-12-24,82392540,104388000,78.9291,78.9291,-5761000,183,0,0,0
08471,2026-09-07,,,,,,,0,,,,,2025-12-24,908604000,73560000,,1235.1876,50270000,183,,1,0
01842,2026-09-07,,,,,,,0,,,,,2025-12-24,577706000,1440000000,40.1185,40.1185,-12840000,183,0.5,0,0
00261,2026-09-07,2026-09-03,81.99,66.25,0.07,6,0,1,0.5,,,,2025-12-24,208971554,331361678,63.0645,63.0645,20132521,183,1,0,0
01160,2026-09-07,2026-09-03,92.84,78.38,0.0,5,0,1,0.5,,,,2025-12-24,216110458,237271250,91.0816,91.0816,1300000,183,0.5,0,0
06988,2026-09-07,,,,,,,0,,,,,2025-12-24,1257364437,2371927200,53.0102,53.0102,121496237,183,1,0,0
02370,2026-09-07,2026-09-03,94.96,89.8,-0.1,6,0,1,0.5,,,,2025-12-24,187190155,200000000,93.5951,93.5951,-1361998,183,0.5,0,0
02545,2026-09-07,2026-09-03,95.81,92.84,0.0,6,0,1,0.5,,,,2025-12-24,472513020,640000000,73.8302,73.8302,24835990,183,1,0,0
00979,2026-09-07,2026-09-03,71.45,50.02,-0.1,6,0,1,0.5,,,,2025-12-24,440617709,1356308176,32.4865,32.4865,-69883010,183,0,0,0
00360,2026-09-07,2026-09-03,87.06,78.03,-0.01,6,0,1,0.5,,,,2025-12-24,13382858077,17216948349,77.7307,77.7307,27529453,183,0.5,0,0
00538,2026-09-07,2026-09-03,90.73,82.19,-0.04,6,0,1,0.5,,,,2025-12-24,968612572,1091538820,88.7383,88.7383,31245914,183,1,0,0
