group,code5,scan_date,go_60,consolidation_60,placing_60,rights_60,go_120,consolidation_120,placing_120,rights_120,go_180,consolidation_180,placing_180,rights_180
signal,00018,2026-07-31,0,0,0,0,0,0,0,0,0,0,0,0
signal,00021,2025-09-08,0,0,0,0,0,0,0,0,0,0,0,0
signal,00022,2025-08-05,0,0,0,0,0,0,0,0,0,0,0,0
signal,00036,2025-07-30,0,0,0,0,0,0,0,0,0,0,0,0
signal,00037,2025-12-16,0,0,0,0,0,0,0,0,0,0,0,0
signal,00040,2025-10-28,0,0,0,0,0,0,0,0,0,0,0,0
signal,00042,2025-07-21,0,0,0,0,0,0,0,0,0,0,0,0
signal,00046,2025-08-27,0,0,0,0,0,0,0,0,0,0,0,0
signal,00048,2026-01-05,0,0,0,0,0,0,0,0,0,0,0,0
signal,00052,2026-03-11,0,0,0,0,0,0,0,0,0,0,0,0
signal,00058,2026-03-09,0,0,0,0,0,0,0,0,0,0,0,0
signal,00060,2025-08-19,0,0,0,0,0,0,0,0,0,0,0,0
signal,00061,2025-07-23,0,0,0,0,0,0,0,0,0,0,0,0
signal,00065,2025-08-27,0,0,0,0,0,0,0,0,0,0,0,0
signal,00076,2025-12-17,0,0,0,0,0,0,0,0,0,0,0,0
signal,00077,2026-08-06,0,0,0,0,0,0,0,0,0,0,0,0
signal,00078,2025-09-10,0,0,0,0,0,0,0,0,0,0,0,0
signal,00079,2026-02-04,0,0,0,0,0,0,0,0,0,0,0,0
signal,00082,2026-04-08,0,0,0,0,0,0,0,0,0,0,0,0
signal,00090,2025-07-10,0,0,0,0,0,0,0,0,0,0,0,0
signal,00092,2025-08-01,0,0,0,0,0,0,0,0,0,0,1,0
signal,00094,2025-09-11,0,0,0,0,0,0,0,0,0,0,0,0
signal,00096,2025-08-06,0,0,0,0,0,0,0,0,0,0,0,0
signal,00097,2025-08-20,0,0,0,0,0,0,0,0,0,0,0,0
signal,00104,2025-07-21,0,0,0,0,0,0,0,0,0,0,0,0
signal,00110,2026-04-10,0,0,0,0,0,0,0,0,0,0,0,0
signal,00111,2025-11-20,0,0,0,0,0,0,0,0,0,0,0,0
signal,00114,2025-07-02,0,0,0,0,0,0,0,0,0,0,0,0
signal,00117,2026-05-04,0,0,0,0,0,0,0,0,0,0,0,0
signal,00118,2026-03-24,0,0,0,0,0,0,0,0,0,0,0,0
signal,00120,2025-07-30,0,0,0,0,0,0,0,0,0,0,0,0
signal,00124,2025-08-01,0,0,0,0,0,0,0,0,0,0,0,0
signal,00128,2025-12-23,0,0,0,0,0,0,0,0,0,0,0,0
signal,00129,2026-03-17,0,0,0,0,0,0,0,0,0,0,0,0
signal,00130,2025-10-03,0,0,0,0,0,0,0,0,0,0,0,0
signal,00131,2026-01-22,0,0,0,0,0,0,0,0,0,0,0,0
signal,00138,2025-10-23,0,0,0,0,0,0,0,0,0,0,0,0
signal,00139,2026-06-30,0,0,0,0,0,0,0,0,0,0,0,0
signal,00145,2025-08-14,0,0,0,1,0,0,0,1,0,0,0,1
signal,00146,2025-10-15,0,0,0,0,0,0,0,0,0,0,0,0
signal,00149,2025-07-10,0,0,0,0,0,0,0,0,0,0,0,0
signal,00150,2025-12-01,0,0,0,0,0,0,0,0,0,0,0,0
signal,00154,2026-02-25,0,0,0,0,0,0,0,0,0,0,0,0
signal,00156,2025-08-04,0,0,0,0,0,0,0,0,0,0,0,0
signal,00159,2025-07-18,0,0,0,0,0,0,0,0,0,0,0,0
signal,00160,2026-01-06,0,0,0,0,0,0,0,0,0,0,0,0
signal,00162,2026-05-22,0,0,0,0,0,0,0,0,0,0,0,0
signal,00164,2025-10-14,0,0,0,0,0,0,0,0,0,0,1,0
signal,00166,2025-08-13,0,0,0,0,0,0,0,0,0,0,0,0
signal,00167,2025-08-13,0,0,0,0,1,0,0,0,1,0,0,0
signal,00169,2026-03-23,0,0,0,0,0,0,0,0,0,0,0,0
signal,00171,2026-06-01,0,0,0,0,0,0,0,0,0,0,0,0
signal,00184,2025-06-27,0,0,0,0,0,0,0,0,0,0,0,0
signal,00185,2025-06-27,0,0,0,0,0,0,0,0,0,0,0,0
signal,00188,2026-02-20,0,0,0,0,0,0,0,0,0,0,0,0
signal,00191,2025-08-21,0,0,0,0,0,0,0,0,0,0,0,0
signal,00193,2025-08-13,0,0,0,0,0,0,0,0,0,0,0,0
signal,00197,2025-07-17,0,0,0,0,0,0,1,0,0,0,1,0
signal,00199,2025-09-12,0,0,0,0,0,0,1,0,0,0,1,0
signal,00201,2026-02-23,0,0,0,0,0,0,0,0,0,0,0,0
signal,00202,2025-07-21,0,0,0,0,0,0,0,0,0,0,0,0
signal,00204,2025-09-11,0,0,0,0,0,0,1,0,0,0,1,0
signal,00205,2025-10-28,0,0,0,0,0,0,0,0,0,0,0,0
signal,00206,2025-08-11,0,0,0,0,0,0,0,0,0,0,0,0
signal,00209,2025-08-13,0,0,0,0,0,0,0,1,0,0,0,1
signal,00210,2025-12-29,0,0,0,0,0,0,0,0,0,0,0,0
signal,00212,2025-07-11,0,0,0,0,0,0,0,0,0,0,0,0
signal,00213,2025-07-24,0,0,0,0,0,0,0,0,0,0,0,0
signal,00223,2026-02-24,0,0,0,0,0,0,0,0,0,0,0,0
signal,00225,2026-05-26,0,0,0,0,0,0,0,0,0,0,0,0
signal,00227,2025-06-26,0,0,0,0,0,0,0,0,0,0,0,0
signal,00228,2025-08-15,0,0,0,0,0,0,0,0,1,0,0,0
signal,00229,2025-08-25,0,0,0,0,0,0,0,0,0,0,0,0
signal,00234,2025-07-15,0,0,0,0,0,0,0,0,0,0,0,0
signal,00235,2025-09-26,0,0,0,0,0,0,0,0,0,0,0,0
signal,00236,2025-07-29,0,0,0,0,0,0,0,0,0,0,0,0
signal,00237,2025-06-27,0,0,0,0,0,0,0,0,0,0,0,0
signal,00239,2026-08-26,0,0,0,0,0,0,0,0,0,0,0,0
signal,00243,2025-07-09,0,0,0,0,0,0,0,0,0,0,0,0
signal,00244,2025-08-12,0,0,0,0,0,0,0,0,0,0,0,0
signal,00248,2026-01-05,0,0,0,0,0,0,0,0,0,0,0,0
signal,00254,2025-08-11,0,0,0,0,0,0,0,0,0,0,0,0
signal,00256,2026-05-06,0,0,0,0,0,0,0,0,0,0,0,0
signal,00261,2025-07-16,0,0,0,0,0,0,0,0,0,0,0,0
signal,00262,2025-11-12,0,0,0,0,0,0,0,0,0,0,0,0
signal,00265,2025-10-06,0,0,0,0,0,0,0,0,0,0,0,0
signal,00266,2025-08-08,0,0,0,0,0,0,0,0,0,0,0,0
signal,00269,2025-07-23,0,0,0,0,0,0,0,0,0,0,0,0
signal,00276,2025-08-06,0,0,0,0,0,0,0,0,0,0,0,0
signal,00279,2025-12-16,0,0,0,0,0,0,0,0,0,0,1,0
signal,00280,2025-08-20,0,0,0,0,0,0,0,0,0,0,0,0
signal,00294,2026-07-20,0,0,0,0,0,0,0,0,0,0,0,0
signal,00295,2025-08-28,0,0,0,0,0,0,0,0,0,0,0,0
signal,00296,2026-02-05,0,0,0,0,0,0,0,0,0,0,0,0
signal,00298,2025-10-13,0,0,0,0,0,0,0,0,0,0,0,0
signal,00301,2025-09-19,0,0,0,0,0,0,0,0,0,0,0,0
signal,00306,2025-08-04,0,0,0,0,0,0,0,0,0,0,0,0
signal,00309,2026-01-07,0,0,0,0,0,0,1,0,0,1,1,0
signal,00310,2025-12-23,0,0,1,0,0,0,1,0,0,0,1,0
signal,00312,2026-01-05,0,0,0,0,0,0,0,0,0,0,0,0
signal,00314,2026-06-01,0,0,0,0,0,0,0,0,0,0,0,0
signal,00318,2026-03-17,0,0,0,0,0,0,0,0,0,0,0,0
signal,00320,2025-07-02,0,0,0,0,0,0,0,0,0,0,0,0
signal,00328,2025-06-30,0,0,0,1,0,0,0,1,0,0,0,1
signal,00329,2026-07-16,0,0,0,0,0,0,0,0,0,0,0,0
signal,00330,2025-08-22,0,0,0,0,0,0,0,0,0,0,0,0
signal,00332,2026-02-06,0,0,0,0,0,0,0,0,0,0,0,0
signal,00334,2025-07-18,0,0,0,0,0,0,0,0,0,0,0,0
signal,00337,2025-07-10,0,0,0,0,0,0,0,0,0,0,0,0
signal,00339,2025-07-14,0,0,0,0,0,0,0,0,0,0,0,0
signal,00343,2025-12-12,0,0,0,0,0,0,0,0,0,0,1,0
signal,00346,2026-03-02,0,0,0,0,0,0,0,0,0,0,0,0
signal,00348,2025-07-25,0,0,0,0,0,0,0,0,0,0,0,0
signal,00351,2025-08-25,0,0,0,0,0,0,0,0,0,0,0,0
signal,00352,2025-07-25,0,0,0,0,0,0,0,0,0,0,0,0
signal,00353,2026-03-17,0,0,0,0,0,0,0,0,0,0,0,0
signal,00355,2026-06-12,0,0,0,0,0,0,0,0,0,0,0,0
signal,00356,2026-02-24,0,0,0,0,0,1,1,0,0,1,1,0
signal,00360,2025-11-18,0,0,0,0,0,0,0,0,0,0,0,0
signal,00361,2025-08-08,1,0,0,0,1,0,0,0,1,0,0,0
signal,00365,2025-07-17,0,0,0,0,0,0,0,0,0,0,0,0
signal,00366,2026-06-12,0,0,0,0,0,0,0,0,0,0,0,0
signal,00367,2025-10-30,0,0,0,0,0,0,0,0,0,0,0,0
signal,00368,2026-03-27,0,0,0,0,0,0,0,0,1,0,0,0
signal,00370,2026-08-28,0,0,0,0,0,0,0,0,0,0,0,0
signal,00377,2026-08-03,0,0,0,0,0,0,0,0,0,0,0,0
signal,00379,2025-09-17,0,0,0,0,0,0,0,0,0,0,0,0
signal,00380,2025-07-21,0,0,0,0,0,0,0,0,0,0,0,0
signal,00381,2025-07-11,0,0,0,0,0,0,0,0,0,0,0,0
signal,00383,2025-08-18,0,0,0,0,0,0,0,0,0,0,0,0
signal,00385,2026-06-03,0,0,0,0,0,0,0,0,0,0,0,0
signal,00387,2025-08-04,0,0,0,0,0,0,0,0,0,0,0,0
signal,00391,2025-10-15,0,0,0,0,0,0,0,0,0,0,0,0
signal,00396,2026-02-11,0,0,0,0,0,0,0,0,0,0,0,0
signal,00397,2025-10-03,0,0,0,0,0,0,0,0,0,0,0,0
signal,00399,2025-07-02,0,0,0,0,0,0,0,0,0,0,0,0
signal,00401,2025-11-07,0,0,0,1,0,0,0,1,0,0,0,1
signal,00413,2025-06-30,0,0,0,0,0,0,0,0,0,0,0,0
signal,00417,2025-07-22,0,0,0,0,0,0,0,0,0,0,0,0
signal,00419,2025-07-09,0,0,0,0,0,1,1,0,0,1,1,0
signal,00420,2025-08-04,0,0,0,0,0,0,0,0,0,0,0,0
signal,00422,2025-10-22,0,0,0,0,0,0,0,0,0,0,0,0
signal,00423,2025-08-06,0,0,0,0,0,0,0,0,0,0,0,0
signal,00426,2025-11-12,0,0,0,0,0,0,0,0,0,0,0,0
signal,00428,2025-07-23,0,0,0,0,0,0,0,0,0,0,0,0
signal,00432,2025-10-31,0,0,0,0,0,0,0,0,0,0,0,0
signal,00433,2025-07-25,0,0,0,0,0,0,0,0,0,0,0,0
signal,00438,2025-09-08,0,0,0,0,0,0,0,0,0,0,0,0
signal,00442,2025-08-13,0,0,0,0,0,0,0,1,0,0,0,1
signal,00450,2025-11-25,0,0,0,0,0,0,0,0,0,0,0,0
signal,00456,2025-08-27,0,0,0,0,0,0,0,0,0,0,0,0
signal,00458,2026-03-18,0,0,0,0,0,0,0,0,0,0,0,0
signal,00464,2026-06-11,0,0,0,0,0,0,0,0,0,0,0,0
signal,00465,2025-10-22,0,0,0,0,0,0,0,0,0,0,0,0
signal,00471,2025-10-06,0,0,0,1,0,0,0,1,0,0,0,1
signal,00472,2025-10-28,0,0,0,0,0,0,0,0,0,0,0,0
signal,00474,2025-07-15,0,0,0,0,0,0,0,0,0,0,0,0
signal,00476,2025-07-10,0,0,0,0,0,0,0,0,0,0,1,0
signal,00482,2026-04-14,0,0,0,0,0,0,0,0,0,0,0,0
signal,00484,2026-03-13,0,0,0,0,0,0,0,0,0,0,0,0
signal,00487,2025-08-26,0,0,0,0,0,0,0,0,0,0,0,0
signal,00488,2025-07-09,0,0,0,0,0,0,0,0,0,0,0,0
signal,00491,2025-09-16,0,0,0,0,0,0,0,0,0,0,0,0
signal,00496,2025-06-30,0,0,0,0,0,0,0,0,0,0,0,0
signal,00498,2025-08-11,0,0,0,0,0,0,0,0,0,0,0,0
signal,00499,2026-04-24,0,0,0,0,0,0,0,0,0,0,0,0
signal,00500,2025-07-25,0,0,0,0,0,0,0,0,0,0,0,0
signal,00505,2026-08-28,0,0,0,0,0,0,0,0,0,0,0,0
signal,00508,2026-01-19,0,0,0,0,0,0,0,0,0,0,0,0
signal,00510,2025-06-26,0,0,0,0,0,0,0,0,0,0,0,0
signal,00515,2025-07-07,0,0,0,0,0,0,0,0,0,0,0,0
signal,00518,2025-07-03,0,0,0,0,0,0,0,0,0,0,0,0
signal,00519,2025-08-26,0,0,0,0,0,0,0,0,0,0,0,0
signal,00520,2026-05-19,0,0,0,0,0,0,0,0,0,0,0,0
signal,00524,2025-09-11,0,0,0,0,0,0,0,0,0,0,0,0
signal,00526,2025-11-17,0,0,0,0,0,0,0,0,0,0,0,0
signal,00527,2025-08-21,0,0,0,0,0,0,0,0,0,0,0,0
signal,00528,2025-08-12,0,0,0,0,0,0,0,0,0,0,0,0
signal,00529,2025-08-27,0,0,0,0,0,0,0,0,0,0,0,0
signal,00532,2025-07-10,0,0,0,0,0,0,0,0,0,0,0,0
signal,00536,2026-03-25,0,0,0,0,0,0,0,0,0,0,0,0
signal,00538,2026-09-07,0,0,0,0,0,0,0,0,0,0,0,0
signal,00542,2025-09-01,0,0,0,0,0,0,0,0,0,0,0,0
signal,00544,2025-07-24,0,0,0,0,0,0,1,0,0,0,1,0
signal,00550,2026-01-21,0,0,0,0,0,0,0,0,0,0,0,0
signal,00554,2026-01-06,0,0,0,0,0,0,0,0,0,0,0,0
signal,00556,2025-08-18,0,0,0,0,0,0,0,0,0,0,0,0
signal,00557,2026-03-04,0,0,0,0,0,0,0,0,0,0,0,0
signal,00559,2025-07-16,0,0,0,0,0,0,0,0,0,0,0,0
signal,00567,2026-02-20,0,0,0,0,0,0,0,0,0,0,0,0
signal,00571,2025-10-23,0,0,0,0,0,0,0,0,0,0,0,0
signal,00572,2025-08-06,0,0,0,0,0,0,0,0,0,0,0,0
signal,00573,2026-02-05,0,0,0,0,0,0,0,0,0,0,0,0
signal,00574,2025-07-28,0,0,0,0,0,0,0,0,0,0,0,0
signal,00575,2025-12-03,0,0,0,0,0,0,0,0,0,0,0,0
signal,00582,2025-06-30,0,0,0,1,0,0,0,1,0,0,0,1
signal,00583,2025-07-04,0,0,0,0,0,0,0,0,0,0,0,0
signal,00585,2025-08-08,0,0,0,0,0,0,0,0,0,0,0,0
signal,00587,2026-07-16,0,0,0,0,0,0,0,0,0,0,0,0
signal,00591,2025-11-13,0,0,0,0,0,0,0,0,0,0,0,0
signal,00595,2025-10-08,0,0,0,0,0,0,0,0,0,0,0,0
signal,00601,2025-07-10,0,0,0,0,0,0,0,0,0,0,0,0
signal,00602,2025-07-22,0,0,0,0,0,0,0,0,0,0,0,0
signal,00605,2026-01-06,0,0,0,0,0,0,0,0,0,0,0,0
signal,00606,2026-01-29,0,0,0,0,0,0,0,0,0,0,0,0
signal,00607,2025-08-25,0,0,0,0,0,0,0,0,0,0,1,0
signal,00608,2026-04-01,0,0,0,0,0,0,0,0,0,0,0,0
signal,00610,2025-07-08,0,0,0,0,0,0,0,0,0,0,0,0
signal,00611,2025-07-21,0,0,0,0,0,0,0,0,0,0,0,0
signal,00616,2025-09-01,0,0,0,0,0,0,1,0,0,0,1,0
signal,00617,2025-09-10,0,0,0,0,0,0,0,0,0,0,0,0
signal,00618,2025-11-24,0,0,0,0,0,0,0,0,0,0,0,0
signal,00619,2025-07-11,0,0,0,0,0,0,0,0,0,0,0,0
signal,00620,2025-07-08,0,0,0,0,0,0,0,0,0,0,0,0
signal,00627,2025-08-11,0,0,0,0,0,0,0,0,0,0,0,0
signal,00630,2025-06-30,0,0,0,0,0,0,0,0,0,0,0,0
signal,00632,2026-03-02,0,0,0,0,0,0,1,0,0,0,1,0
signal,00635,2026-03-16,0,0,0,0,0,0,0,0,0,0,0,0
signal,00637,2025-08-13,0,0,0,0,0,0,0,0,0,0,0,0
signal,00640,2025-12-30,0,0,0,0,0,0,0,0,0,0,0,0
signal,00641,2026-04-21,0,0,0,0,0,0,0,0,0,0,0,0
signal,00643,2025-07-31,0,0,0,0,1,0,0,0,1,0,0,0
signal,00645,2025-07-23,0,0,0,0,0,0,0,0,0,0,0,0
signal,00646,2026-09-01,0,0,0,0,0,0,0,0,0,0,0,0
signal,00648,2026-02-16,0,1,1,0,0,1,1,0,0,1,1,0
signal,00653,2025-08-14,0,0,0,0,0,0,0,0,0,0,1,0
signal,00655,2026-04-27,0,0,0,0,0,0,0,0,0,0,0,0
signal,00657,2025-07-03,0,0,0,0,0,0,0,0,0,0,0,0
signal,00660,2025-08-14,0,0,0,0,0,0,0,0,0,0,0,0
signal,00672,2025-10-14,0,0,0,0,0,0,0,0,0,0,0,0
signal,00673,2025-07-07,0,0,0,0,0,0,0,0,0,0,0,0
signal,00677,2025-10-15,0,0,0,0,0,0,0,0,0,0,0,0
signal,00679,2025-07-22,0,0,0,0,0,0,0,0,0,0,0,0
signal,00681,2025-11-13,0,0,0,0,0,0,0,0,0,0,0,0
signal,00682,2025-09-15,0,0,0,0,0,0,1,0,0,0,1,0
signal,00684,2025-09-22,0,0,0,0,0,0,0,0,0,0,0,0
signal,00685,2025-11-12,0,0,0,0,0,0,0,0,0,0,0,0
signal,00689,2025-08-22,0,0,0,0,0,0,0,0,0,0,0,1
signal,00690,2026-03-17,0,0,0,0,0,0,0,0,0,0,0,0
signal,00698,2025-12-24,0,0,0,0,0,0,0,0,0,0,0,0
signal,00701,2026-04-22,0,0,0,0,0,0,0,0,0,0,0,0
signal,00704,2025-09-01,0,0,0,0,0,0,0,0,0,0,0,0
signal,00711,2025-12-19,0,0,0,0,0,0,0,0,0,0,0,0
signal,00712,2025-07-03,0,0,0,0,0,0,0,0,0,0,0,0
signal,00713,2025-11-04,0,0,0,0,0,0,0,0,0,0,0,0
signal,00718,2025-07-11,0,0,0,0,0,0,0,0,0,0,0,0
signal,00720,2025-07-28,0,0,0,0,0,0,0,0,0,0,0,0
signal,00721,2025-12-12,0,0,0,0,0,1,1,0,0,1,1,0
signal,00723,2025-08-04,0,0,0,0,0,0,0,0,0,0,0,0
signal,00725,2025-08-20,0,0,0,0,0,0,0,0,0,0,0,0
signal,00726,2025-09-24,0,0,0,0,0,0,0,0,0,0,0,0
signal,00727,2025-08-04,0,0,0,0,0,0,0,1,0,0,0,1
signal,00730,2025-07-29,0,0,0,0,0,0,0,0,0,0,0,0
signal,00731,2025-10-06,0,0,0,0,0,0,0,0,0,0,0,0
signal,00733,2025-11-17,0,0,0,0,0,0,0,0,0,0,0,0
signal,00736,2025-07-09,0,0,0,0,0,0,0,0,0,0,0,0
signal,00738,2026-03-16,0,0,0,0,0,0,0,0,0,0,0,0
signal,00745,2025-12-15,0,0,0,0,0,0,0,0,0,0,0,0
signal,00747,2025-07-22,0,0,0,0,0,0,0,0,0,0,0,0
signal,00750,2025-09-05,0,0,0,0,0,0,0,0,0,0,0,0
signal,00756,2025-09-16,0,0,0,0,0,0,0,0,0,0,0,0
signal,00757,2025-07-02,0,0,0,0,0,0,0,0,0,0,0,0
signal,00759,2025-07-22,0,0,0,0,0,0,0,0,0,0,0,0
signal,00764,2026-03-12,0,0,0,0,0,0,0,0,0,0,0,0
signal,00767,2025-07-22,0,0,0,0,0,0,0,0,0,0,0,0
signal,00771,2025-09-22,0,0,0,0,0,0,0,0,0,0,0,0
signal,00776,2025-07-30,0,0,0,0,0,0,1,0,0,0,1,0
signal,00784,2025-08-07,0,0,0,0,0,0,0,0,0,0,0,0
signal,00789,2025-06-30,0,0,0,0,0,0,0,0,0,0,0,0
signal,00804,2025-07-15,0,0,0,0,0,0,1,0,0,0,1,0
signal,00805,2025-12-19,0,0,0,0,0,0,0,0,0,0,0,0
signal,00809,2026-06-23,0,0,0,0,0,0,0,0,0,0,0,0
signal,00810,2025-08-11,0,0,1,0,0,0,1,0,0,0,1,1
signal,00814,2025-07-23,0,0,0,0,0,0,0,0,0,0,0,0
signal,00821,2025-08-08,0,0,0,0,0,0,0,0,0,0,0,0
signal,00822,2025-09-11,0,0,0,0,0,0,0,0,0,0,0,0
signal,00825,2025-08-07,0,0,0,0,0,0,0,0,0,0,0,0
signal,00827,2025-08-26,0,0,0,0,0,0,0,0,0,0,0,0
signal,00828,2025-08-12,0,0,0,0,0,0,0,0,0,0,0,0
signal,00829,2025-08-15,0,0,0,0,0,0,0,0,0,0,0,0
signal,00831,2025-09-01,0,0,0,0,0,0,0,0,0,0,0,0
signal,00832,2025-08-11,0,0,0,0,0,0,0,0,0,0,0,0
signal,00833,2025-07-10,0,0,0,0,0,0,0,0,0,0,0,0
signal,00834,2025-10-24,0,0,0,0,0,0,0,0,0,0,0,0
signal,00840,2025-07-22,0,0,0,0,0,0,0,0,0,0,0,0
signal,00841,2025-11-24,0,0,0,0,0,0,0,0,0,0,0,0
signal,00844,2025-08-18,0,0,0,0,0,0,0,0,0,0,0,0
signal,00848,2025-08-21,0,0,0,0,0,0,0,0,0,0,0,0
signal,00851,2026-01-08,0,0,0,0,0,0,0,0,0,0,0,0
signal,00854,2025-12-03,0,0,0,0,0,0,0,0,0,0,0,0
signal,00858,2025-07-21,0,0,0,0,0,0,0,0,0,0,0,0
signal,00860,2025-11-24,0,0,0,0,0,0,0,0,0,0,0,0
signal,00862,2025-09-10,0,0,0,0,0,0,0,0,0,0,0,0
signal,00865,2025-08-05,0,0,0,0,0,0,0,0,0,0,0,0
signal,00869,2025-11-06,0,0,0,0,0,0,0,0,0,0,0,0
signal,00871,2025-07-16,0,0,0,0,0,0,0,0,0,0,0,0
signal,00875,2025-07-21,0,0,0,0,0,0,0,0,0,0,0,0
signal,00876,2025-07-28,0,0,0,0,0,0,0,0,0,0,0,0
signal,00888,2025-08-27,0,0,0,0,0,0,0,0,0,0,0,0
signal,00889,2025-08-14,0,0,0,0,0,0,0,0,0,0,0,0
signal,00893,2025-07-02,0,0,0,0,0,0,0,0,0,0,0,0
signal,00894,2025-08-18,0,0,0,0,0,0,0,0,0,0,0,0
signal,00897,2025-09-17,0,0,0,0,0,0,0,0,0,0,0,0
signal,00898,2025-08-08,0,0,0,0,0,0,0,0,0,0,0,0
signal,00899,2025-07-08,0,0,0,0,0,0,0,1,0,0,0,1
signal,00905,2026-04-09,0,0,0,0,0,0,0,0,0,0,0,0
signal,00907,2025-09-22,0,0,0,0,0,0,0,0,0,0,0,0
signal,00910,2026-07-31,0,1,0,0,0,1,0,0,0,1,0,0
signal,00911,2026-04-24,0,0,0,0,0,0,0,0,0,0,0,0
signal,00913,2025-10-14,0,0,0,0,0,0,0,0,0,0,0,0
signal,00915,2025-10-28,0,0,0,0,0,0,0,0,0,0,0,0
signal,00918,2025-09-17,0,0,0,0,0,0,0,0,0,0,0,0
signal,00919,2026-01-20,0,0,0,0,0,0,0,0,0,0,0,0
signal,00922,2025-11-10,0,0,0,0,0,0,0,0,0,0,0,0
signal,00923,2025-09-12,0,0,0,0,0,0,0,0,0,0,0,0
signal,00924,2025-08-12,0,0,0,0,0,0,0,0,0,0,0,0
signal,00926,2025-08-26,0,0,0,0,0,0,0,0,0,0,0,0
signal,00927,2025-06-30,0,0,0,0,0,0,0,0,0,0,0,0
signal,00928,2025-11-06,0,0,0,0,0,0,0,0,0,0,0,0
signal,00929,2025-08-15,0,0,0,0,0,0,0,0,0,0,0,0
signal,00932,2025-09-15,0,0,0,0,0,0,0,0,0,0,0,0
signal,00936,2025-09-18,0,0,0,0,0,0,0,0,0,0,0,0
signal,00938,2025-08-15,0,0,0,0,0,0,0,0,0,0,0,0
signal,00943,2025-07-14,0,0,0,0,0,0,0,0,0,0,1,0
signal,00947,2025-08-12,0,0,0,0,0,0,0,0,0,0,0,0
signal,00948,2025-11-14,0,0,0,0,0,0,1,0,0,0,1,0
signal,00950,2026-08-27,0,0,0,0,0,0,0,0,0,0,0,0
signal,00953,2025-07-02,0,0,0,0,0,0,0,0,0,0,0,0
signal,00954,2026-03-31,0,0,0,0,0,0,0,0,0,0,0,0
signal,00969,2025-07-18,0,0,0,0,0,0,0,0,0,0,0,0
signal,00970,2025-07-03,0,0,0,0,0,0,0,0,0,0,0,0
signal,00974,2025-08-14,0,0,0,0,0,0,0,0,0,0,0,0
signal,00979,2025-10-09,0,0,0,0,0,0,0,0,0,0,0,0
signal,00980,2026-08-20,0,0,0,0,0,0,0,0,0,0,0,0
signal,00984,2025-07-22,0,0,0,0,0,0,0,0,0,0,0,0
signal,00986,2025-11-10,0,0,0,0,0,0,0,0,0,0,0,0
signal,00987,2025-08-20,0,0,0,0,0,0,0,0,0,0,0,0
signal,00989,2025-08-07,0,0,0,0,0,0,0,0,0,0,0,0
signal,00993,2026-07-28,0,0,0,0,0,0,0,0,0,0,0,0
signal,00994,2025-07-09,0,0,0,0,0,0,0,0,0,0,0,0
signal,00997,2025-11-20,0,0,0,0,0,0,0,0,0,0,0,0
signal,01000,2025-07-23,0,0,0,0,0,0,0,0,0,0,0,0
signal,01001,2025-07-03,0,0,0,0,0,0,0,0,0,0,0,0
signal,01002,2026-08-13,0,0,0,0,0,0,0,0,0,0,0,0
signal,01008,2026-05-06,0,0,0,0,0,0,0,0,0,0,0,0
signal,01010,2025-07-17,0,0,0,0,0,0,0,0,0,0,0,0
signal,01011,2026-06-08,0,0,1,0,0,0,1,0,0,0,1,0
signal,01013,2026-04-08,0,0,0,0,0,0,0,0,0,0,0,0
signal,01020,2025-08-05,0,0,0,0,0,0,0,0,0,0,0,0
signal,01022,2025-07-08,0,0,0,0,0,0,0,0,0,0,0,0
signal,01025,2025-07-07,0,0,0,0,0,0,0,1,0,0,0,1
signal,01026,2026-01-21,0,0,0,0,0,0,0,0,0,0,0,0
signal,01027,2025-09-22,0,0,0,0,0,0,0,0,0,0,1,0
signal,01028,2025-08-01,0,0,0,0,0,0,1,0,0,0,1,0
signal,01036,2025-07-14,0,0,0,0,0,0,0,0,0,0,0,0
signal,01037,2025-09-01,0,0,0,0,0,0,0,0,0,0,0,0
signal,01039,2025-08-27,0,0,0,0,0,0,0,0,0,0,0,0
signal,01046,2025-07-08,0,0,0,0,0,0,0,0,0,0,0,0
signal,01049,2025-07-11,0,0,0,0,0,0,0,0,0,0,0,0
signal,01059,2025-07-18,0,0,0,0,0,0,0,0,0,0,0,0
signal,01062,2025-07-10,0,0,0,0,0,0,0,0,0,0,0,0
signal,01063,2025-08-25,0,0,0,0,0,0,0,0,0,0,0,0
signal,01064,2025-08-14,0,0,0,0,0,0,0,0,0,0,0,0
signal,01068,2026-05-28,0,0,0,0,0,0,0,0,0,0,0,0
signal,01069,2025-07-23,0,0,0,0,0,0,0,0,0,0,0,0
signal,01073,2025-06-26,0,0,0,1,0,0,0,1,0,0,0,1
signal,01075,2025-07-31,0,0,0,0,0,0,0,0,0,0,0,0
signal,01079,2025-07-18,1,0,0,0,1,0,0,0,1,0,1,0
signal,01080,2025-07-10,0,0,0,0,0,0,0,0,0,0,0,0
signal,01082,2025-06-27,0,0,0,0,0,0,0,0,0,0,0,0
signal,01084,2025-07-21,0,0,0,0,0,0,0,0,0,0,0,0
signal,01085,2025-08-15,0,0,0,0,0,0,0,0,0,0,0,0
signal,01087,2025-08-29,0,0,0,0,0,0,0,0,0,0,0,0
signal,01094,2025-09-16,0,0,0,0,0,0,0,0,0,0,0,0
signal,01097,2025-07-23,0,0,0,0,0,0,0,0,0,0,0,0
signal,01098,2025-08-13,0,0,0,0,0,0,0,0,0,0,0,0
signal,01100,2025-08-01,0,0,0,0,0,0,0,0,0,0,0,0
signal,01102,2025-07-29,0,0,0,0,0,0,0,0,0,0,0,0
signal,01105,2025-09-17,0,0,0,0,0,0,0,0,0,0,0,0
signal,01107,2025-12-31,0,0,0,0,0,0,0,0,0,0,0,0
signal,01111,2025-08-27,0,0,0,0,0,0,0,0,0,0,0,0
signal,01116,2025-10-30,0,0,0,0,0,0,0,0,0,0,0,0
signal,01118,2025-09-17,0,0,0,0,0,0,0,0,0,0,0,0
signal,01120,2026-03-03,0,0,0,0,0,0,0,0,0,0,0,0
signal,01124,2025-08-29,0,0,0,0,0,0,0,0,0,0,0,0
signal,01129,2025-07-23,0,0,0,0,0,0,0,0,0,0,0,0
signal,01130,2025-10-17,0,0,1,0,0,0,1,0,0,0,1,0
signal,01132,2025-06-30,0,0,0,0,0,0,0,0,0,0,0,0
signal,01134,2025-09-05,0,0,0,0,0,0,0,0,0,0,0,0
signal,01141,2025-07-10,0,0,0,0,0,0,0,0,0,0,0,0
signal,01145,2026-04-27,0,0,0,0,0,0,0,0,0,0,0,0
signal,01146,2026-02-13,0,0,0,0,0,0,1,0,0,0,1,0
signal,01147,2026-02-26,0,0,0,0,0,0,0,0,0,0,0,0
signal,01148,2025-09-19,0,0,0,0,0,0,0,0,0,0,0,0
signal,01150,2025-06-26,0,0,0,0,0,0,0,0,0,0,0,0
signal,01153,2025-08-18,0,0,0,0,0,0,0,0,0,0,0,0
signal,01156,2025-09-01,0,0,0,0,0,0,0,0,0,0,0,0
signal,01159,2026-01-06,0,0,0,0,0,0,0,0,0,0,1,0
signal,01160,2025-07-10,0,0,0,0,0,0,0,0,0,0,0,0
signal,01161,2026-02-27,0,0,0,0,0,0,0,0,0,0,0,0
signal,01162,2025-09-08,0,0,0,0,0,0,0,0,0,0,0,0
signal,01163,2025-10-13,0,0,0,0,0,0,0,0,0,0,0,0
signal,01165,2025-07-03,0,0,0,0,0,0,0,0,0,0,0,0
signal,01166,2025-12-04,0,0,0,0,0,0,0,0,0,0,0,0
signal,01170,2025-07-24,0,0,0,0,0,0,0,0,0,0,0,0
signal,01172,2025-11-21,0,0,0,0,0,0,0,0,0,0,0,0
signal,01173,2026-01-13,0,0,0,0,0,0,0,0,0,0,0,0
signal,01176,2025-09-12,0,0,0,0,0,0,0,0,0,0,0,0
signal,01180,2026-06-15,0,0,0,0,0,0,0,0,0,0,0,0
signal,01182,2025-11-18,0,0,0,0,0,0,0,0,0,0,0,0
signal,01183,2025-07-09,0,0,0,0,0,0,0,0,0,0,0,0
signal,01195,2026-09-02,0,0,0,0,0,0,0,0,0,0,0,0
signal,01201,2025-07-28,0,0,0,0,0,0,0,0,0,0,1,0
signal,01202,2025-07-21,0,0,0,0,0,0,0,0,0,0,0,0
signal,01203,2026-05-22,0,0,0,0,0,0,0,0,0,0,0,0
signal,01204,2025-07-24,0,0,0,0,0,0,0,0,0,0,0,0
signal,01215,2025-07-21,0,0,0,0,0,0,0,0,0,0,0,0
signal,01217,2025-07-22,0,0,0,0,0,0,0,0,0,0,0,0
signal,01218,2025-07-25,0,0,0,0,0,0,0,0,0,0,0,0
signal,01222,2025-07-07,0,0,0,0,0,0,0,0,0,0,0,0
signal,01225,2025-08-25,0,0,0,0,0,0,0,0,0,0,0,0
signal,01226,2025-09-10,0,0,0,0,0,0,0,0,0,0,0,0
signal,01229,2026-03-12,0,0,0,0,0,0,0,0,0,0,0,0
signal,01232,2026-07-07,0,0,0,0,0,0,0,0,0,0,0,0
signal,01233,2025-07-08,0,0,0,0,0,0,0,0,0,0,0,0
signal,01235,2025-06-26,0,0,0,0,0,0,0,0,0,0,0,0
signal,01237,2025-07-18,0,0,0,0,0,0,0,0,0,0,0,0
signal,01239,2025-09-16,0,0,0,0,0,0,1,0,0,0,1,0
signal,01240,2025-10-02,0,0,0,0,0,0,0,0,0,0,0,0
signal,01241,2025-08-13,0,0,0,0,0,0,0,0,0,0,0,0
signal,01243,2026-07-17,0,0,0,0,0,0,0,0,0,0,0,0
signal,01244,2026-05-11,0,0,0,0,0,0,0,0,0,0,0,0
signal,01245,2025-09-11,0,0,0,0,0,0,0,0,0,0,0,0
signal,01251,2026-01-20,0,0,0,0,0,0,0,0,0,0,0,0
signal,01253,2025-07-09,0,0,0,0,0,0,0,0,0,0,0,0
signal,01255,2026-04-14,0,0,0,0,0,0,0,0,0,0,0,0
signal,01259,2025-08-12,0,0,0,0,0,0,0,0,0,0,0,0
signal,01260,2025-08-18,0,0,0,0,0,0,0,0,0,0,0,0
signal,01262,2025-11-11,0,0,0,0,0,0,1,0,0,0,1,0
signal,01265,2025-07-22,0,0,0,0,0,0,0,0,0,0,0,0
signal,01268,2026-07-17,0,0,0,0,0,0,0,0,0,0,0,0
signal,01273,2025-10-17,0,0,0,0,0,0,0,0,0,0,0,0
signal,01278,2025-06-26,0,0,0,0,0,0,0,0,0,0,0,0
signal,01281,2026-02-10,0,0,0,0,0,0,0,0,0,0,0,0
signal,01282,2025-07-03,0,0,0,0,0,0,0,0,0,0,0,0
signal,01284,2025-08-20,0,0,0,0,0,0,0,0,0,0,0,0
signal,01285,2025-08-28,0,0,0,0,0,0,0,0,0,0,0,0
signal,01289,2025-08-27,0,0,0,0,0,0,0,0,0,0,0,0
signal,01290,2025-07-07,0,0,0,0,0,0,0,0,0,0,0,0
signal,01292,2025-08-27,0,0,0,0,0,0,0,0,0,0,0,0
signal,01298,2025-07-16,0,0,0,0,0,0,0,0,0,0,0,0
signal,01301,2026-03-02,0,0,0,0,0,0,0,0,0,0,0,0
signal,01303,2026-06-18,0,0,0,0,0,0,0,0,0,0,0,0
signal,01305,2025-06-26,0,0,0,0,0,0,0,0,0,0,0,0
signal,01312,2025-09-17,0,0,0,0,0,0,0,0,0,0,0,0
signal,01314,2025-09-05,0,0,0,0,0,0,0,0,0,0,0,0
signal,01315,2025-07-10,0,0,0,0,0,0,0,0,0,0,0,0
signal,01319,2025-10-31,0,0,0,0,0,0,0,0,0,0,0,0
signal,01321,2026-03-30,0,0,0,0,0,0,0,0,0,0,0,0
signal,01323,2026-05-07,0,0,1,0,0,0,1,0,0,0,1,0
signal,01327,2025-10-21,0,0,0,0,0,0,0,0,0,0,0,0
signal,01328,2026-02-26,0,0,0,0,0,0,0,0,0,0,0,0
signal,01332,2025-09-11,0,0,0,0,0,0,0,0,0,0,0,0
signal,01334,2025-07-24,0,0,0,0,0,0,0,0,0,0,0,0
signal,01335,2025-08-28,0,0,0,0,0,0,0,0,0,0,0,0
signal,01338,2026-08-05,0,0,0,0,0,0,0,0,0,0,0,0
signal,01340,2025-08-13,0,0,0,0,0,0,0,0,0,0,0,0
signal,01341,2026-03-03,0,1,0,0,0,1,0,0,0,1,0,0
signal,01343,2025-11-06,0,0,0,0,0,0,0,0,0,0,0,0
signal,01346,2025-07-02,0,0,0,0,0,0,0,0,0,0,0,0
signal,01348,2025-08-01,0,0,0,0,0,0,0,0,1,0,0,0
signal,01351,2025-07-22,1,0,0,0,1,0,0,0,1,0,0,0
signal,01354,2026-05-08,0,0,0,0,0,0,0,0,0,0,0,0
signal,01355,2025-08-07,0,0,0,0,0,0,0,0,0,0,0,0
signal,01362,2025-10-02,0,0,0,0,0,0,0,0,0,0,0,0
signal,01370,2026-02-11,0,0,0,0,0,0,0,0,0,0,0,0
signal,01371,2026-04-02,0,0,0,0,0,0,0,0,0,0,0,0
signal,01373,2025-07-14,0,0,0,0,0,0,0,0,0,0,0,0
signal,01376,2025-07-24,1,0,0,0,1,0,0,0,1,0,0,0
signal,01379,2025-09-08,0,0,0,0,0,0,0,0,0,0,0,0
signal,01380,2025-11-13,0,0,0,0,0,0,0,0,0,0,1,0
signal,01389,2025-08-08,0,0,0,0,0,0,0,0,0,0,0,0
signal,01393,2025-07-22,0,0,0,0,0,0,0,0,0,0,0,0
signal,01397,2025-08-08,0,0,0,0,0,0,0,0,0,0,0,0
signal,01399,2025-10-27,0,0,0,0,0,0,0,0,0,0,0,0
signal,01400,2025-08-26,0,0,0,0,0,0,0,0,0,0,0,0
signal,01401,2026-05-05,0,0,0,0,0,0,0,0,0,0,0,0
signal,01402,2025-11-05,0,0,0,0,0,0,0,0,0,0,0,0
signal,01407,2025-07-17,0,0,0,0,0,0,0,0,0,0,0,0
signal,01408,2026-01-16,0,0,0,0,0,0,0,0,0,0,0,0
signal,01410,2025-11-24,0,0,0,0,0,0,0,0,0,0,0,0
signal,01412,2025-11-13,0,0,0,0,0,0,0,0,0,0,0,0
signal,01413,2025-08-21,0,0,0,0,0,1,1,0,0,1,1,0
signal,01416,2025-10-27,0,0,0,0,0,0,0,0,0,0,0,0
signal,01417,2026-05-14,1,0,0,0,1,0,0,0,1,0,0,0
signal,01418,2025-08-05,0,0,0,0,0,0,0,0,0,0,0,0
signal,01419,2025-07-23,0,0,0,0,0,0,0,0,0,0,0,0
signal,01420,2025-11-20,0,0,0,0,0,0,0,0,0,0,0,0
signal,01421,2025-07-07,0,0,0,0,0,0,0,0,0,0,0,0
signal,01425,2026-06-18,0,0,0,0,0,0,0,0,0,0,0,0
signal,01429,2025-09-24,0,0,0,0,0,0,0,0,1,0,0,0
signal,01433,2025-12-04,0,0,0,0,0,0,0,0,0,0,0,0
signal,01442,2025-10-21,0,0,0,0,0,0,0,0,0,0,0,0
signal,01443,2025-10-28,0,0,0,0,0,0,0,0,0,0,0,0
signal,01446,2026-05-27,0,0,0,0,0,0,0,0,0,0,0,0
signal,01447,2026-02-12,0,0,0,0,0,0,0,0,0,0,0,0
signal,01449,2025-07-23,0,0,0,0,0,0,0,0,0,0,0,0
signal,01451,2025-11-24,0,0,0,0,0,0,0,0,1,0,0,0
signal,01452,2025-08-14,0,0,0,0,0,0,0,0,0,0,0,0
signal,01455,2026-09-01,0,0,0,0,0,0,0,0,0,0,0,0
signal,01459,2025-07-28,0,0,0,0,0,0,0,0,0,0,0,0
signal,01460,2025-07-17,0,0,0,0,0,0,0,0,0,0,0,0
signal,01461,2026-07-16,0,0,0,0,0,0,0,0,0,0,0,0
signal,01463,2026-03-24,0,0,0,0,0,0,0,0,0,0,0,0
signal,01466,2026-03-20,0,0,0,0,0,0,0,0,0,0,0,0
signal,01468,2026-04-10,0,0,0,0,0,0,0,0,0,0,0,0
signal,01470,2025-08-08,0,0,0,0,0,0,0,0,0,0,0,0
signal,01472,2026-01-28,0,0,0,0,0,0,0,0,0,0,0,0
signal,01473,2025-06-30,0,0,0,0,0,0,0,0,0,0,0,0
signal,01480,2025-08-18,0,0,0,0,0,0,0,0,0,0,0,0
signal,01483,2025-06-30,0,0,0,0,0,0,0,0,0,0,0,0
signal,01486,2026-01-22,0,0,0,0,0,0,0,0,0,0,0,0
signal,01489,2025-06-30,0,0,0,0,1,0,0,0,1,0,0,0
signal,01490,2025-08-26,0,0,0,0,0,0,0,0,0,0,0,0
signal,01499,2026-06-25,0,0,0,0,0,0,0,0,0,0,0,0
signal,01500,2025-11-25,0,0,0,0,0,0,0,0,0,0,0,0
signal,01502,2025-09-15,0,0,0,0,0,0,0,0,0,0,0,0
signal,01518,2025-09-01,0,0,0,0,0,0,0,0,0,0,0,0
signal,01520,2025-07-14,0,0,0,0,0,0,0,0,0,0,0,0
signal,01522,2026-04-20,0,0,0,0,0,0,0,0,0,0,0,0
signal,01525,2026-03-30,0,0,0,0,0,0,0,0,0,0,0,0
signal,01527,2025-07-15,0,0,0,0,0,0,0,0,0,0,0,0
signal,01529,2025-12-17,0,0,0,0,0,0,0,0,0,0,0,0
signal,01536,2026-01-19,0,0,0,0,0,0,0,0,0,0,0,0
signal,01538,2026-01-05,0,0,0,0,0,0,0,0,0,0,0,0
signal,01540,2025-08-05,0,0,0,0,0,0,0,0,0,0,0,0
signal,01542,2026-07-30,0,0,0,0,0,0,0,0,0,0,0,0
signal,01543,2025-09-16,0,0,0,0,0,0,0,0,0,0,0,0
signal,01545,2025-12-10,0,0,0,0,0,0,0,0,0,0,0,0
signal,01546,2025-12-22,1,0,0,0,1,0,0,0,1,0,0,0
signal,01547,2026-05-19,0,0,0,0,0,0,0,0,0,0,0,0
signal,01549,2025-07-18,0,0,0,0,0,0,0,0,0,0,0,0
signal,01552,2025-11-12,0,0,0,0,0,0,0,0,0,0,0,0
signal,01553,2025-09-18,0,0,0,0,0,0,0,0,0,0,0,0
signal,01555,2025-07-14,0,0,0,0,0,0,0,0,0,0,0,0
signal,01556,2025-08-27,0,0,0,0,0,0,0,0,0,0,0,0
signal,01557,2026-06-18,0,0,0,0,0,0,0,0,0,0,0,0
signal,01559,2026-05-15,0,0,0,0,0,0,0,0,0,0,0,0
signal,01560,2026-08-20,0,0,0,0,0,0,0,0,0,0,0,0
signal,01561,2025-07-14,0,0,0,0,0,0,0,0,0,0,0,0
signal,01563,2026-07-10,0,0,0,0,0,0,0,0,0,0,0,0
signal,01565,2025-08-04,0,0,0,0,0,0,0,0,0,0,0,0
signal,01569,2025-09-12,0,0,0,0,0,0,0,0,0,0,0,0
signal,01572,2026-01-28,0,0,0,0,0,0,0,0,0,0,0,0
signal,01575,2026-02-06,0,0,0,0,0,0,0,0,0,0,0,0
signal,01577,2025-09-12,0,0,0,0,0,0,0,0,0,0,0,0
signal,01580,2026-01-15,0,0,0,0,0,0,0,0,0,0,0,0
signal,01581,2025-08-28,0,0,0,0,0,0,0,0,0,0,0,0
signal,01582,2025-08-27,0,0,0,0,0,0,0,0,0,0,0,0
signal,01586,2026-05-06,0,0,0,0,0,0,0,0,0,0,0,0
signal,01587,2026-09-04,0,0,0,0,0,0,0,0,0,0,0,0
signal,01591,2025-10-13,0,0,0,1,0,0,0,1,0,0,0,1
signal,01592,2026-02-04,0,0,0,0,0,0,0,0,0,0,0,0
signal,01596,2025-10-14,0,0,0,0,0,0,0,0,0,0,0,0
signal,01608,2025-12-23,0,0,0,0,0,0,0,0,0,0,0,0
signal,01612,2025-07-25,0,0,0,0,0,0,0,0,0,0,0,0
signal,01613,2025-07-29,0,0,0,0,0,0,0,1,0,0,0,1
signal,01615,2026-04-15,0,0,0,0,0,0,0,0,0,0,0,0
signal,01617,2025-08-22,0,0,0,0,0,0,0,0,0,0,0,0
signal,01620,2025-07-25,0,0,0,0,0,0,0,0,0,0,0,0
signal,01621,2025-07-02,0,0,0,0,0,0,0,0,0,0,0,0
signal,01622,2025-07-17,0,0,0,0,0,0,0,0,0,0,0,0
signal,01623,2025-08-12,0,0,0,0,0,0,0,0,0,0,0,0
signal,01628,2025-07-17,0,0,0,0,0,0,0,0,0,0,0,0
signal,01629,2025-08-13,0,0,0,0,0,0,0,0,0,0,0,0
signal,01630,2025-08-01,0,0,0,0,0,0,0,0,0,0,0,0
signal,01631,2025-07-03,0,0,0,0,0,0,0,0,0,0,0,0
signal,01633,2025-11-20,0,0,0,0,0,0,0,0,0,0,0,0
signal,01636,2025-06-27,0,0,0,0,0,0,0,0,0,0,0,0
signal,01637,2026-01-15,0,0,0,0,0,0,0,0,0,0,0,0
signal,01638,2026-08-05,0,0,0,0,0,0,0,0,0,0,0,0
signal,01641,2026-02-24,0,0,0,0,0,0,0,0,0,0,0,0
signal,01643,2025-06-30,0,0,0,0,0,0,0,0,0,0,0,0
signal,01647,2025-06-26,0,0,0,0,0,0,0,0,0,0,0,0
signal,01650,2025-12-16,0,0,0,0,0,0,0,0,0,0,0,0
signal,01652,2025-10-31,0,0,0,0,0,0,0,0,0,0,0,0
signal,01653,2025-09-08,0,0,0,0,0,0,0,0,0,0,0,0
signal,01655,2025-11-10,0,0,0,0,0,0,1,0,0,0,1,0
signal,01657,2025-08-01,0,0,0,0,0,0,0,0,0,0,0,0
signal,01660,2025-07-17,0,0,0,0,0,0,0,0,0,0,0,0
signal,01661,2025-07-10,0,0,0,0,0,0,0,0,0,0,0,0
signal,01662,2026-06-30,0,0,0,0,0,0,0,0,0,0,0,0
signal,01663,2025-12-02,0,0,0,0,0,0,0,0,0,0,0,0
signal,01667,2025-08-05,0,0,0,0,0,0,0,0,0,0,0,0
signal,01669,2025-08-29,0,0,0,0,0,0,0,0,0,0,0,0
signal,01671,2025-07-03,0,0,0,0,0,0,0,0,0,0,0,0
signal,01673,2026-04-28,0,0,0,0,0,0,0,0,0,0,0,0
signal,01676,2026-07-15,0,0,0,0,0,0,0,0,0,0,0,0
signal,01679,2025-10-23,0,0,0,0,0,0,0,0,0,0,0,0
signal,01680,2026-01-06,0,0,0,0,0,0,0,0,0,0,0,0
signal,01682,2025-08-14,0,0,0,0,0,0,0,0,0,0,0,0
signal,01685,2026-02-12,0,0,0,0,0,0,0,0,0,0,0,0
signal,01690,2025-10-23,0,0,0,0,0,0,0,0,0,0,0,0
signal,01692,2025-07-28,0,0,0,0,0,0,0,0,0,0,0,0
signal,01693,2025-08-29,0,0,0,0,0,0,0,0,0,0,1,0
signal,01695,2025-06-30,0,0,0,0,0,0,0,0,0,0,0,0
signal,01701,2025-09-01,0,0,0,0,0,0,0,0,0,0,0,0
signal,01703,2025-10-24,0,0,0,0,0,0,0,0,0,0,1,0
signal,01705,2026-03-17,0,0,0,0,0,0,0,0,0,0,0,0
signal,01707,2025-09-08,0,0,0,0,0,0,0,0,0,0,0,0
signal,01708,2026-01-29,0,0,0,0,0,0,0,0,0,0,0,0
signal,01710,2025-07-30,0,0,0,0,0,0,0,0,0,0,0,0
signal,01711,2025-10-08,0,0,0,0,0,0,0,0,0,0,0,0
signal,01715,2025-08-01,0,0,0,0,0,0,0,0,0,0,0,0
signal,01716,2025-08-08,0,0,0,0,0,0,0,0,0,0,0,0
signal,01718,2025-07-10,0,0,0,0,0,0,0,0,0,0,0,0
signal,01719,2025-08-21,0,0,0,0,0,0,0,0,0,0,0,0
signal,01720,2025-08-07,0,0,0,0,0,0,0,0,0,0,0,0
signal,01722,2025-07-07,0,0,0,0,0,0,0,0,0,0,0,0
signal,01723,2026-05-12,0,0,0,0,0,0,0,0,0,0,0,0
signal,01725,2026-01-02,0,0,0,0,0,0,0,0,0,0,0,0
signal,01727,2025-10-13,0,0,0,0,0,0,0,0,0,0,0,0
signal,01731,2026-02-06,0,0,0,0,0,0,0,0,0,0,0,0
signal,01732,2025-07-21,0,0,0,0,0,0,0,0,1,0,0,0
signal,01736,2025-07-29,0,0,0,0,0,0,0,0,0,0,1,0
signal,01737,2026-05-14,0,0,0,0,0,0,0,0,0,0,0,0
signal,01738,2025-07-23,0,0,0,0,0,0,0,0,0,0,0,0
signal,01740,2025-07-04,0,0,0,0,0,0,0,0,0,0,0,0
signal,01741,2025-09-01,0,0,0,0,0,0,0,0,0,0,0,0
signal,01742,2025-10-14,0,0,0,0,0,0,0,0,0,0,0,0
signal,01745,2026-01-15,0,0,0,0,0,0,0,0,0,1,0,0
signal,01746,2025-10-02,0,0,0,0,0,0,0,0,0,0,0,0
signal,01749,2025-09-16,0,0,0,0,0,0,0,0,0,0,0,0
signal,01750,2025-08-07,0,0,0,0,0,0,0,0,0,0,0,0
signal,01751,2025-10-15,0,0,1,0,0,0,1,0,0,0,1,1
signal,01752,2025-09-29,0,0,0,0,0,0,0,0,0,0,0,0
signal,01753,2025-07-17,0,0,0,0,0,0,0,0,0,0,0,0
signal,01756,2025-11-21,0,0,0,0,0,0,0,0,0,0,0,0
signal,01757,2025-08-12,0,0,0,0,1,0,0,0,1,0,0,0
signal,01759,2025-08-26,0,0,0,0,0,0,0,0,0,0,0,0
signal,01767,2025-08-27,0,0,0,0,0,0,0,0,0,0,0,0
signal,01769,2026-05-13,0,0,0,0,0,0,0,0,0,0,0,0
signal,01771,2025-08-04,0,0,0,0,0,0,0,0,0,0,0,0
signal,01775,2025-08-12,0,0,0,0,0,0,0,0,0,0,0,0
signal,01777,2025-07-10,0,0,0,0,0,0,0,0,0,0,0,0
signal,01778,2025-08-14,0,0,0,0,0,0,0,0,0,0,0,0
signal,01780,2025-07-17,0,0,0,0,0,0,0,0,0,0,0,0
signal,01790,2025-12-16,0,0,0,0,0,0,0,0,0,0,0,0
signal,01792,2025-06-27,0,0,0,0,0,0,1,0,0,1,1,0
signal,01793,2026-01-16,0,0,0,0,0,0,0,0,0,0,0,0
signal,01795,2025-07-02,0,0,0,0,0,0,0,0,0,0,0,0
signal,01796,2026-04-09,1,0,0,0,1,0,0,0,1,0,0,0
signal,01802,2025-07-16,0,0,0,0,0,0,0,0,0,0,0,0
signal,01803,2025-07-11,0,0,0,0,0,0,0,0,0,0,0,0
signal,01808,2026-02-05,0,0,0,0,0,0,1,0,0,0,1,0
signal,01813,2025-08-14,0,0,0,0,0,0,0,0,0,0,0,0
signal,01817,2025-07-29,0,0,0,0,0,0,0,0,0,0,0,0
signal,01822,2025-06-26,0,0,0,0,0,0,1,0,0,0,1,0
signal,01823,2025-10-15,0,0,0,0,0,0,1,0,0,0,1,0
signal,01825,2026-01-23,0,0,0,0,0,0,0,0,0,0,0,0
signal,01826,2025-08-07,0,0,0,0,0,0,0,0,0,0,1,0
signal,01827,2025-08-26,0,0,0,0,0,0,0,0,0,0,0,0
signal,01831,2025-08-12,0,0,0,0,0,0,0,0,0,0,0,0
signal,01835,2025-11-25,0,0,0,0,0,0,0,0,0,0,0,0
signal,01841,2026-05-19,0,0,0,0,0,0,0,0,0,0,0,0
signal,01842,2025-12-18,0,0,0,0,0,0,0,0,0,0,0,0
signal,01843,2025-08-11,0,0,0,0,0,0,0,0,0,0,0,0
signal,01846,2025-06-27,0,0,0,0,0,0,0,0,0,0,0,0
signal,01847,2025-07-22,0,0,0,0,0,0,0,0,0,0,0,0
signal,01850,2025-09-25,0,0,0,0,0,0,0,0,0,0,0,0
signal,01851,2025-07-16,0,0,0,0,0,0,0,0,0,0,0,0
signal,01855,2026-03-03,0,0,0,0,0,0,0,0,0,0,0,0
signal,01856,2025-06-26,0,0,0,0,0,0,0,0,0,0,0,0
signal,01861,2025-07-15,0,0,0,0,0,0,0,0,0,0,0,0
signal,01862,2025-07-11,0,0,0,0,0,0,0,0,0,0,0,0
signal,01867,2025-10-21,0,0,0,0,0,0,0,0,0,0,0,0
signal,01868,2025-09-26,0,0,0,0,0,0,0,0,0,0,0,0
signal,01869,2025-08-25,0,0,0,0,0,0,0,0,0,0,0,0
signal,01870,2025-08-27,0,0,0,0,0,0,1,0,0,0,1,0
signal,01871,2026-02-27,0,0,0,0,0,0,0,0,0,0,0,0
signal,01878,2025-09-23,0,0,0,0,0,0,0,0,0,0,0,0
signal,01884,2026-07-29,0,0,0,0,0,0,0,0,0,0,0,0
signal,01889,2025-08-13,0,0,0,0,0,0,0,0,0,0,0,0
signal,01891,2026-05-14,0,0,0,0,0,0,0,0,0,0,0,0
signal,01894,2025-09-23,0,0,0,0,0,1,0,1,0,1,0,1
signal,01895,2025-06-26,0,0,0,0,0,0,0,0,0,0,0,0
signal,01900,2025-08-26,0,0,0,0,0,0,0,0,0,0,0,0
signal,01901,2025-07-30,0,0,0,0,0,0,0,0,0,0,0,0
signal,01903,2025-09-25,0,0,0,0,0,0,0,0,0,0,0,0
signal,01909,2025-07-09,0,0,0,0,0,0,0,1,0,0,0,1
signal,01912,2025-09-23,0,0,0,0,0,0,0,0,0,0,0,0
signal,01917,2025-07-15,0,0,0,0,0,0,0,0,0,0,0,0
signal,01920,2025-11-11,0,0,0,0,0,0,0,0,0,0,0,0
signal,01925,2025-07-29,0,0,0,0,0,0,0,0,0,0,0,0
signal,01927,2026-04-17,0,0,0,0,0,0,0,0,0,0,0,0
signal,01932,2026-04-22,0,0,0,0,0,0,0,0,0,0,0,0
signal,01933,2026-02-27,0,0,0,0,0,0,0,0,0,0,0,0
signal,01936,2025-07-21,0,0,0,0,0,0,0,0,0,0,0,0
signal,01937,2025-10-14,0,0,0,0,0,0,0,0,0,0,0,0
signal,01938,2025-07-14,0,0,0,0,0,0,0,0,0,0,0,0
signal,01939,2026-08-06,0,0,0,0,0,0,0,0,0,0,0,0
signal,01940,2025-08-27,0,0,0,0,0,0,0,0,0,0,0,0
signal,01941,2026-02-16,0,0,0,0,0,0,0,0,0,0,0,0
signal,01942,2025-10-02,0,0,0,0,0,0,0,0,0,0,0,0
signal,01943,2026-02-06,0,0,0,0,0,0,0,0,0,0,1,0
signal,01945,2025-07-04,0,0,0,0,0,0,0,0,0,0,0,0
signal,01949,2025-07-04,0,0,0,0,0,1,0,0,0,1,0,0
signal,01950,2026-03-05,0,0,0,0,0,0,1,0,0,0,1,0
signal,01953,2025-08-19,0,0,0,0,0,0,0,0,0,0,0,0
signal,01955,2025-08-18,0,0,0,0,0,0,0,0,0,0,0,0
signal,01957,2025-10-03,0,0,0,0,0,0,0,0,0,0,0,0
signal,01959,2025-10-09,0,0,0,0,1,0,0,0,1,0,0,0
signal,01960,2026-01-12,0,0,0,0,0,0,0,0,0,0,0,0
signal,01961,2025-06-27,0,0,0,0,0,0,0,0,0,0,0,0
signal,01962,2025-08-21,0,0,0,0,0,0,0,0,0,0,0,0
signal,01965,2026-04-29,0,0,0,0,0,0,0,0,0,0,0,0
signal,01966,2025-07-10,0,0,0,0,0,0,0,0,0,0,0,0
signal,01967,2025-07-10,0,0,0,0,0,0,0,0,0,0,0,0
signal,01968,2026-04-28,0,0,0,0,0,0,0,0,0,0,0,0
signal,01971,2025-10-16,0,0,0,0,0,0,0,0,0,0,0,0
signal,01975,2026-06-04,0,0,0,0,0,0,0,0,0,0,0,0
signal,01978,2025-09-16,0,0,0,0,0,0,0,0,0,0,0,0
signal,01980,2025-07-18,0,0,0,0,0,0,0,0,1,0,0,0
signal,01985,2025-08-04,0,0,0,0,0,0,0,0,0,0,0,0
signal,01986,2025-11-11,0,0,0,0,0,0,0,0,0,0,0,0
signal,01987,2025-06-26,0,0,0,0,0,0,0,0,0,0,0,0
signal,01991,2025-07-04,0,0,0,0,0,0,0,0,0,0,0,0
signal,01993,2025-07-23,0,0,0,0,0,0,0,0,0,0,0,0
signal,01996,2025-09-12,0,0,0,0,0,0,0,0,0,0,0,0
signal,02000,2025-09-09,0,0,0,0,0,0,0,0,0,0,0,0
signal,02008,2025-09-22,0,0,0,0,0,0,0,0,0,0,0,0
signal,02012,2025-09-15,0,0,1,0,0,0,1,0,0,0,1,0
signal,02017,2025-09-24,0,0,0,0,0,0,0,0,0,0,0,0
signal,02022,2025-08-14,0,0,0,0,0,0,0,0,0,0,0,0
signal,02023,2026-01-27,0,0,0,0,0,0,0,0,0,0,0,0
signal,02028,2025-08-12,0,0,0,0,0,0,0,0,0,0,0,0
signal,02030,2026-05-07,0,0,0,0,0,0,0,0,0,0,0,0
signal,02031,2025-06-27,0,0,0,0,0,0,0,0,0,0,0,0
signal,02048,2025-11-24,0,0,0,0,0,0,0,0,0,0,0,0
signal,02080,2025-09-17,0,0,0,0,0,0,0,0,0,0,0,0
signal,02098,2026-07-09,0,0,0,0,0,0,0,0,0,0,0,0
signal,02100,2026-07-31,0,0,0,0,0,0,0,0,0,0,0,0
signal,02101,2025-08-29,0,0,0,0,0,0,0,0,0,0,0,0
signal,02102,2025-10-09,0,0,0,0,0,0,0,0,0,0,0,0
signal,02107,2025-08-18,0,0,0,0,0,0,0,0,0,0,0,0
signal,02108,2025-08-22,0,0,0,0,0,0,0,0,0,0,0,0
signal,02110,2025-10-03,0,0,1,0,0,0,1,0,0,0,1,0
signal,02112,2025-10-08,0,0,0,0,0,0,0,0,0,0,0,0
signal,02113,2025-08-12,0,0,0,0,0,0,0,0,0,0,0,0
signal,02116,2026-02-05,0,0,0,0,0,0,0,0,0,0,0,0
signal,02120,2025-12-18,0,0,0,0,0,0,0,0,0,0,0,0
signal,02122,2025-08-07,0,0,0,0,0,0,0,0,0,0,0,0
signal,02125,2025-08-18,0,0,0,0,0,0,0,0,0,0,0,0
signal,02129,2025-12-08,0,0,0,0,0,0,0,0,0,0,0,0
signal,02132,2025-08-12,0,0,0,0,0,0,0,0,0,0,0,0
signal,02135,2025-07-31,0,0,0,0,0,0,0,0,0,0,0,0
signal,02136,2025-08-14,0,0,0,0,0,0,0,0,0,0,0,0
signal,02138,2026-01-29,0,0,0,0,0,0,0,0,0,0,0,0
signal,02146,2025-07-16,0,0,0,0,0,0,0,0,0,0,0,0
signal,02147,2025-08-13,0,0,0,0,0,1,0,0,0,1,1,0
signal,02153,2026-06-26,0,0,0,0,0,0,0,0,0,0,0,0
signal,02159,2025-07-14,0,0,0,0,0,0,0,0,0,0,0,0
signal,02165,2025-08-19,0,0,0,0,0,0,0,0,0,0,0,0
signal,02167,2025-07-31,0,0,0,0,0,0,0,0,0,0,0,0
signal,02168,2025-12-17,0,0,0,0,0,0,0,0,0,0,0,0
signal,02170,2026-08-24,0,0,0,0,0,0,0,0,0,0,0,0
signal,02176,2026-08-10,0,0,0,0,0,0,0,0,0,0,0,0
signal,02177,2025-07-31,0,0,0,0,0,0,0,0,0,0,0,0
signal,02178,2025-07-14,0,0,0,0,0,0,0,0,0,0,0,0
signal,02187,2025-07-30,0,0,0,0,0,0,0,0,0,0,1,0
signal,02189,2025-09-24,0,0,0,0,0,0,0,0,0,0,0,0
signal,02193,2026-02-23,0,0,0,0,0,0,0,0,0,0,0,0
signal,02195,2025-08-04,0,0,0,0,0,0,0,0,0,0,0,0
signal,02197,2025-07-17,0,0,0,0,0,0,0,0,0,0,0,0
signal,02203,2025-08-07,0,0,0,0,0,0,0,0,0,0,0,0
signal,02205,2025-07-03,0,0,0,0,0,0,0,0,0,0,0,0
signal,02210,2025-08-04,0,0,0,0,0,0,0,0,0,0,0,0
signal,02211,2025-09-25,0,0,0,0,0,0,0,0,0,0,0,0
signal,02212,2025-06-26,0,0,0,0,0,0,0,0,0,0,0,0
signal,02215,2026-08-03,0,0,0,0,0,0,0,0,0,0,0,0
signal,02221,2025-07-30,0,0,0,0,0,0,0,0,0,0,1,0
signal,02222,2025-08-27,0,0,0,0,0,0,0,0,0,0,0,0
signal,02223,2025-10-30,0,0,0,0,0,0,0,0,0,0,0,0
signal,02226,2026-08-31,0,0,0,0,0,0,0,0,0,0,0,0
signal,02227,2025-09-04,0,0,0,0,0,0,0,0,0,0,0,0
signal,02230,2026-04-22,0,0,0,0,0,0,0,0,0,0,0,0
signal,02231,2025-09-10,0,0,0,0,0,0,0,0,0,0,0,0
signal,02237,2025-08-06,0,0,0,0,0,0,0,0,0,0,0,0
signal,02239,2026-05-27,0,0,0,0,0,0,0,0,0,0,0,0
signal,02246,2026-08-31,0,0,0,0,0,0,0,0,0,0,0,0
signal,02250,2025-11-28,0,0,0,0,0,0,1,0,0,0,1,0
signal,02251,2026-08-25,0,0,0,0,0,0,0,0,0,0,0,0
signal,02257,2025-07-04,0,0,0,0,0,0,0,0,0,0,0,0
signal,02258,2025-10-03,0,0,0,0,0,0,0,0,0,0,0,0
signal,02260,2026-04-08,0,0,0,0,0,0,0,0,0,0,0,0
signal,02262,2026-07-31,0,0,0,0,0,0,0,0,0,0,0,0
signal,02263,2025-06-26,0,0,0,0,0,0,0,0,0,0,0,0
signal,02266,2025-07-02,0,0,0,0,0,0,0,0,0,0,0,0
signal,02280,2025-09-15,0,0,0,0,0,0,0,0,0,0,0,0
signal,02281,2026-03-30,0,0,0,0,0,0,0,0,0,0,0,0
signal,02286,2025-08-29,0,0,0,0,0,0,0,0,0,0,0,0
signal,02288,2025-07-24,0,0,0,0,0,0,0,0,0,0,0,0
signal,02289,2025-07-22,0,0,0,0,0,0,0,0,0,0,0,0
signal,02295,2026-05-20,1,0,0,0,1,0,0,0,1,0,0,0
signal,02297,2025-07-21,0,0,0,0,0,0,0,0,0,0,0,0
signal,02298,2025-08-26,0,0,0,0,0,0,0,0,0,0,0,0
signal,02310,2026-02-11,0,0,0,0,0,0,0,0,0,0,0,0
signal,02312,2026-04-17,0,0,1,0,0,0,1,0,0,0,1,0
signal,02320,2026-07-21,0,0,0,0,0,0,0,0,0,0,0,0
signal,02321,2026-01-09,0,0,0,0,0,0,0,0,0,0,0,0
signal,02322,2026-04-24,0,0,0,0,0,0,0,0,0,0,0,0
signal,02324,2025-12-22,0,0,0,0,0,0,0,0,0,0,0,0
signal,02325,2025-10-15,0,0,0,0,0,0,0,0,0,0,0,0
signal,02326,2025-09-05,0,0,0,0,0,0,0,0,0,0,0,0
signal,02330,2025-08-28,0,0,1,0,0,0,1,0,0,0,1,0
signal,02336,2025-07-22,0,0,0,0,0,0,0,0,0,0,0,0
signal,02340,2025-09-16,0,0,1,0,0,0,1,0,0,0,1,0
signal,02349,2025-07-10,0,0,0,0,0,0,0,0,0,0,0,0
signal,02350,2025-08-05,0,0,0,0,0,0,0,0,0,0,1,0
signal,02358,2025-07-18,0,0,0,0,0,0,0,0,0,0,0,0
signal,02369,2025-11-28,0,0,0,0,0,0,0,0,0,0,0,0
signal,02370,2025-10-13,0,0,0,0,0,0,0,0,0,0,0,0
signal,02371,2025-09-15,0,1,1,0,0,1,1,0,0,1,1,0
signal,02372,2025-08-15,0,0,0,0,0,0,0,0,0,0,0,0
signal,02376,2025-07-10,0,0,0,0,0,0,0,0,0,0,0,0
signal,02377,2025-07-04,0,0,0,0,0,0,0,0,0,0,0,0
signal,02381,2025-08-06,0,0,0,0,0,0,0,0,0,0,0,0
signal,02389,2025-08-18,0,0,0,0,0,0,0,0,0,0,0,0
signal,02392,2025-07-24,0,0,0,0,0,0,0,0,0,0,0,0
signal,02393,2025-07-17,0,0,0,0,0,0,0,0,0,0,0,0
signal,02405,2025-11-04,0,0,0,0,0,0,0,0,0,0,0,0
signal,02415,2025-07-29,0,0,0,0,0,0,0,0,0,0,0,0
signal,02422,2025-09-25,0,0,0,0,0,0,1,0,0,0,1,0
signal,02427,2025-08-05,0,0,0,0,0,0,0,0,0,0,0,0
signal,02433,2025-07-22,0,0,0,0,0,0,0,0,0,0,0,0
signal,02438,2025-07-28,0,0,0,0,0,0,0,0,0,0,0,0
signal,02439,2026-01-16,0,0,0,0,0,0,1,0,0,0,1,0
signal,02440,2026-03-04,0,0,0,0,0,0,0,0,0,0,0,0
signal,02442,2025-08-01,0,0,0,0,0,0,0,0,1,0,0,0
signal,02455,2025-07-03,0,0,0,0,0,0,0,0,0,0,0,0
signal,02457,2026-04-17,0,0,0,0,0,0,0,0,0,0,0,0
signal,02458,2025-08-12,0,0,0,0,0,0,0,0,0,0,0,0
signal,02459,2026-02-23,0,1,0,0,0,1,0,0,0,1,0,0
signal,02481,2025-07-16,0,0,0,0,0,0,0,0,0,0,0,0
signal,02482,2025-11-27,0,0,0,0,0,0,0,0,0,0,0,0
signal,02483,2025-08-29,0,0,0,0,0,0,0,0,0,0,0,0
signal,02486,2025-09-15,0,0,0,0,0,0,0,0,0,0,0,0
signal,02496,2026-05-29,0,0,0,0,0,0,0,0,0,0,0,0
signal,02497,2025-08-13,0,0,0,0,0,0,0,0,0,0,0,0
signal,02501,2025-09-19,0,0,0,0,0,0,0,0,0,0,0,0
signal,02502,2026-03-09,0,0,0,0,0,0,0,0,0,0,0,0
signal,02503,2026-07-06,0,0,0,0,0,0,0,0,0,0,0,0
signal,02505,2025-10-21,0,0,0,0,0,0,0,0,0,0,0,0
signal,02515,2026-01-02,0,0,1,0,0,0,1,0,0,0,1,0
signal,02516,2025-10-30,0,0,1,0,0,0,1,0,0,0,1,0
signal,02521,2025-07-21,0,0,0,0,0,0,0,0,0,0,0,0
signal,02528,2025-10-06,0,0,0,0,0,0,0,0,0,0,0,0
signal,02529,2026-03-24,0,0,0,0,0,0,0,0,0,0,0,0
signal,02530,2025-06-27,0,0,0,0,0,0,0,0,0,0,0,0
signal,02535,2026-07-24,1,0,0,0,1,0,0,0,1,0,0,0
signal,02536,2026-06-24,0,0,0,0,0,0,0,0,0,0,0,0
signal,02539,2026-07-15,0,0,0,0,0,0,0,0,0,0,0,0
signal,02540,2025-06-30,0,0,0,0,0,0,0,0,0,0,0,0
signal,02543,2026-06-05,0,0,0,0,0,0,0,0,0,0,0,0
signal,02545,2025-07-22,0,0,0,0,0,0,0,0,0,0,0,0
signal,02562,2026-06-11,0,0,0,0,0,0,0,0,0,0,0,0
signal,02573,2025-11-11,0,0,0,0,0,0,0,0,0,0,0,0
signal,02581,2026-06-03,0,0,0,0,0,0,0,0,0,0,0,0
signal,02593,2026-05-05,0,0,0,0,0,0,0,0,0,0,0,0
signal,02605,2026-03-26,0,0,0,0,0,0,0,0,0,0,0,0
signal,02608,2025-07-18,0,0,0,0,0,0,0,0,0,0,0,0
signal,02621,2026-05-19,0,0,0,0,0,0,0,0,0,0,0,0
signal,02623,2025-10-13,1,0,0,0,1,0,0,1,1,0,0,1
signal,02625,2025-08-01,0,0,0,0,0,0,1,0,0,0,1,0
signal,02651,2025-08-15,0,0,0,0,0,0,0,0,0,0,0,0
signal,02663,2025-09-01,0,0,0,0,0,0,0,0,0,0,0,0
signal,02671,2026-01-29,0,0,0,0,0,0,0,0,0,0,0,0
signal,02680,2025-09-11,1,0,0,0,1,0,0,0,1,0,0,0
signal,02682,2025-06-27,0,0,0,0,0,0,0,0,0,0,0,0
signal,02683,2025-11-13,0,0,0,0,0,0,0,0,0,0,0,0
signal,02695,2026-08-13,0,0,0,0,0,0,0,0,0,0,0,0
signal,02699,2025-06-26,0,0,0,0,0,0,0,0,0,0,0,0
signal,02728,2025-08-06,0,0,0,0,0,0,0,0,0,0,0,0
signal,02738,2025-07-14,0,0,0,0,0,0,0,0,0,0,0,0
signal,02779,2026-04-01,0,0,0,0,0,0,0,0,0,0,0,0
signal,02789,2025-08-15,0,0,0,0,0,0,0,0,0,0,0,0
signal,02863,2025-11-10,0,0,0,0,0,0,0,0,0,0,0,0
signal,02878,2026-07-17,0,0,0,0,0,0,0,0,0,0,0,0
signal,02881,2026-03-16,0,0,0,0,0,0,0,0,0,0,0,0
signal,02882,2025-08-20,0,0,0,0,0,0,0,0,0,0,0,0
signal,02885,2025-08-15,0,0,0,0,0,0,0,0,0,0,0,0
signal,03300,2025-07-02,0,0,0,0,0,0,0,0,0,0,0,0
signal,03301,2025-07-10,0,0,0,0,0,0,0,0,0,0,0,0
signal,03302,2025-08-08,0,0,0,0,0,0,0,0,0,0,0,0
signal,03313,2025-10-02,0,0,0,0,0,0,1,0,0,0,1,0
signal,03315,2025-08-14,0,0,0,0,0,0,0,0,0,0,0,0
signal,03321,2025-07-22,0,0,0,0,0,0,0,0,0,0,0,0
signal,03322,2026-02-24,0,0,0,0,0,0,0,0,0,0,0,0
signal,03329,2025-06-26,0,0,0,0,0,0,0,0,0,0,0,0
signal,03348,2025-09-02,0,0,0,0,0,0,0,0,0,0,0,0
signal,03366,2025-11-10,0,0,0,0,0,0,0,0,0,0,0,0
signal,03368,2025-07-04,0,0,0,0,0,0,0,0,0,0,0,0
signal,03389,2025-06-27,0,0,0,0,0,0,0,0,1,0,0,0
signal,03390,2026-01-16,0,0,0,0,0,0,0,0,0,0,0,0
signal,03395,2025-08-28,0,0,1,0,0,0,1,0,0,0,1,0
signal,03398,2026-04-23,0,0,0,0,0,0,0,0,0,0,0,0
signal,03401,2026-07-17,0,0,0,0,0,0,0,0,0,0,0,0
signal,03404,2026-07-20,0,0,0,0,0,0,0,0,0,0,0,0
signal,03406,2026-07-28,0,0,0,0,0,0,0,0,0,0,0,0
signal,03410,2026-07-17,0,0,0,0,0,0,0,0,0,0,0,0
signal,03411,2026-09-01,0,0,0,0,0,0,0,0,0,0,0,0
signal,03418,2026-08-05,0,0,0,0,0,0,0,0,0,0,0,0
signal,03428,2026-08-19,0,0,0,0,0,0,0,0,0,0,0,0
signal,03435,2026-07-20,0,0,0,0,0,0,0,0,0,0,0,0
signal,03444,2026-08-20,0,0,0,0,0,0,0,0,0,0,0,0
signal,03448,2026-08-21,0,0,0,0,0,0,0,0,0,0,0,0
signal,03450,2026-07-16,0,0,0,0,0,0,0,0,0,0,0,0
signal,03460,2026-08-04,0,0,0,0,0,0,0,0,0,0,0,0
signal,03477,2026-07-28,0,0,0,0,0,0,0,0,0,0,0,0
signal,03601,2025-12-16,0,0,0,0,0,0,0,0,0,0,0,0
signal,03603,2025-08-12,0,0,0,0,0,0,0,0,0,0,0,0
signal,03623,2025-11-17,0,0,0,0,0,0,0,0,0,0,0,0
signal,03626,2025-10-31,0,0,0,0,0,0,0,0,0,0,0,0
signal,03639,2025-07-14,0,0,0,0,0,0,0,0,0,0,0,0
signal,03662,2026-03-25,0,0,0,0,0,0,0,0,0,0,0,0
signal,03666,2025-08-22,0,0,0,0,0,0,0,0,0,0,1,0
signal,03683,2025-07-25,0,0,0,0,0,0,0,0,0,0,0,0
signal,03686,2026-08-18,0,0,0,0,0,0,0,0,0,0,0,0
signal,03688,2025-08-11,0,0,0,0,0,0,0,0,0,0,0,0
signal,03689,2025-12-05,0,0,0,0,0,0,0,0,0,0,0,0
signal,03708,2025-09-11,0,0,0,0,0,1,0,0,0,1,0,0
signal,03728,2025-08-05,0,0,0,0,0,0,0,0,0,0,0,0
signal,03773,2025-10-03,0,0,0,0,0,0,0,0,0,0,0,0
signal,03778,2025-09-12,0,0,0,0,0,0,0,0,0,0,0,0
signal,03789,2026-01-16,0,0,0,0,0,0,0,0,0,0,0,0
signal,03816,2025-09-11,0,0,0,0,0,0,0,0,0,0,0,0
signal,03822,2025-09-02,0,0,0,0,0,0,0,0,0,0,0,0
signal,03828,2025-08-27,0,0,0,0,0,0,0,0,0,0,0,0
signal,03830,2026-01-29,0,0,0,0,0,0,0,0,0,0,0,0
signal,03860,2025-07-28,0,0,0,0,0,0,0,0,0,0,0,0
signal,03878,2026-01-15,0,0,0,0,0,0,0,0,0,0,0,0
signal,03882,2025-07-28,0,0,0,0,0,0,0,0,0,0,0,0
signal,03883,2026-01-29,0,0,0,0,0,0,0,0,0,0,0,0
signal,03893,2025-08-20,0,0,0,0,0,0,0,0,0,0,0,0
signal,03913,2026-02-12,0,0,0,0,0,0,0,0,0,0,0,0
signal,03919,2025-10-27,0,0,0,0,0,0,0,0,0,0,0,0
signal,03938,2025-07-18,0,0,0,0,0,0,0,0,1,0,0,0
signal,03997,2026-04-20,0,0,0,0,0,0,0,0,0,0,0,0
signal,06033,2025-07-30,0,0,0,0,0,0,0,0,0,0,0,0
signal,06036,2026-04-28,0,0,0,0,0,0,0,0,0,0,0,0
signal,06038,2025-08-28,0,0,0,0,0,0,0,0,0,0,0,0
signal,06063,2025-07-16,0,0,0,0,0,0,0,0,0,0,0,0
signal,06068,2025-08-01,0,0,0,0,0,0,0,0,0,0,0,0
signal,06080,2025-08-29,0,0,0,0,0,0,0,0,0,0,0,0
signal,06083,2026-03-05,0,0,0,0,0,0,0,0,1,0,0,0
signal,06108,2025-09-17,0,0,0,0,0,0,1,0,0,0,1,0
signal,06113,2026-06-16,0,0,0,0,0,0,0,0,0,0,0,0
signal,06118,2025-06-26,0,0,0,0,0,0,0,0,0,0,0,0
signal,06119,2025-08-12,0,0,0,0,0,0,0,0,0,0,0,0
signal,06123,2026-08-10,0,0,0,0,0,0,0,0,0,0,0,0
signal,06128,2026-02-03,0,0,0,0,0,0,0,0,0,0,0,0
signal,06136,2025-07-02,1,0,0,0,1,0,0,0,1,0,0,0
signal,06158,2025-07-10,0,0,0,0,0,0,0,0,0,0,0,0
signal,06162,2025-09-02,0,0,0,0,0,0,0,0,0,0,0,0
signal,06163,2026-03-17,0,0,0,0,0,0,0,0,0,0,0,0
signal,06182,2025-08-20,0,0,0,0,1,0,0,0,1,0,0,0
signal,06188,2025-07-21,0,0,0,0,0,0,0,0,0,0,0,0
signal,06193,2025-11-13,0,0,0,0,0,0,0,0,0,0,0,0
signal,06610,2026-03-24,0,0,0,0,0,0,0,1,0,0,0,1
signal,06663,2025-07-08,0,0,0,0,0,0,0,0,0,0,0,0
signal,06676,2026-07-10,0,0,0,0,0,0,0,0,0,0,0,0
signal,06677,2025-07-14,0,0,0,0,0,0,0,0,0,0,0,0
signal,06696,2025-09-05,0,0,0,0,0,0,0,0,0,0,0,0
signal,06811,2025-08-11,0,0,0,0,0,0,0,0,0,0,0,0
signal,06812,2026-01-30,0,0,0,0,0,0,0,0,0,0,0,0
signal,06816,2025-08-15,0,0,0,0,0,0,0,0,0,0,0,0
signal,06820,2026-08-21,0,0,0,0,0,0,0,0,0,0,0,0
signal,06828,2025-12-10,0,0,0,0,0,0,0,0,0,0,0,0
signal,06829,2025-10-06,0,0,0,0,0,0,0,0,0,0,0,0
signal,06830,2025-10-16,0,0,0,0,0,0,0,0,0,0,0,0
signal,06839,2025-10-14,0,0,0,0,0,0,0,0,0,0,0,0
signal,06860,2025-07-18,0,0,0,0,0,0,0,0,0,0,0,0
signal,06866,2025-06-26,0,0,0,0,0,0,0,0,0,0,0,0
signal,06877,2025-12-08,0,0,0,0,0,0,0,0,0,0,0,0
signal,06882,2025-06-26,0,0,0,0,0,0,0,0,0,0,0,0
signal,06885,2025-07-28,0,0,0,0,0,0,0,0,0,0,0,0
signal,06890,2026-05-12,0,0,0,0,0,0,0,0,0,0,0,0
signal,06893,2025-08-07,0,0,0,0,0,0,0,0,0,0,0,0
signal,06898,2025-07-09,0,0,0,0,0,0,0,0,0,0,0,0
signal,06908,2025-08-18,0,0,0,0,0,0,1,0,0,0,1,0
signal,06909,2025-10-06,0,0,0,0,0,0,0,0,0,0,0,0
signal,06911,2026-03-04,0,0,0,0,0,0,0,0,0,0,0,0
signal,06913,2025-06-30,0,0,0,0,0,0,0,0,0,0,0,0
signal,06918,2025-08-04,0,0,0,0,0,0,0,0,0,0,0,0
signal,06919,2025-07-23,0,0,0,0,0,0,0,0,0,0,0,0
signal,06928,2025-11-19,0,0,0,0,0,0,0,0,0,0,0,0
signal,06933,2025-07-16,0,0,0,0,0,0,0,0,0,0,0,0
signal,06939,2025-09-22,0,0,0,0,0,0,0,0,1,0,1,0
signal,06959,2026-05-11,0,0,0,0,0,0,0,0,0,0,0,0
signal,06968,2025-07-10,0,0,0,0,0,0,0,0,0,0,0,0
signal,06978,2026-04-29,0,0,0,0,0,0,0,0,0,0,0,0
signal,06988,2025-07-24,0,0,0,0,0,0,0,0,0,0,0,0
signal,06989,2026-02-04,0,0,0,0,0,0,0,0,0,0,0,0
signal,07777,2026-08-10,0,0,0,0,0,0,0,0,0,0,0,0
signal,08003,2025-08-07,0,0,0,0,0,0,0,0,0,0,0,0
signal,08007,2025-07-21,0,0,0,0,0,0,0,0,0,0,0,0
signal,08018,2025-07-07,0,0,0,0,0,0,0,0,0,0,0,0
signal,08019,2025-12-01,0,0,0,0,0,0,0,0,0,0,0,0
signal,08021,2025-08-05,0,0,0,0,0,0,0,0,0,0,0,0
signal,08023,2025-11-11,0,0,0,0,0,0,0,0,0,0,0,0
signal,08026,2025-08-28,0,0,0,0,0,0,0,0,0,0,0,0
signal,08027,2025-09-12,0,0,0,0,0,0,0,0,0,0,0,0
signal,08028,2025-08-21,0,0,0,0,0,0,0,0,0,0,0,0
signal,08029,2025-10-06,0,0,0,0,0,0,0,0,0,0,0,0
signal,08031,2026-01-20,0,0,0,0,0,0,0,0,0,0,1,0
signal,08035,2025-08-05,0,0,0,0,0,0,0,0,0,0,0,0
signal,08036,2026-01-20,0,0,0,0,0,0,0,0,0,0,0,0
signal,08037,2026-07-07,0,0,0,0,0,0,0,0,0,0,0,0
signal,08042,2026-05-21,0,0,0,0,0,0,0,0,0,0,0,0
signal,08050,2025-07-23,1,0,0,0,1,1,0,0,1,1,0,0
signal,08051,2026-09-01,0,0,0,0,0,0,0,0,0,0,0,0
signal,08052,2025-08-13,0,0,0,0,0,0,0,0,0,0,0,0
signal,08056,2026-05-04,0,0,0,0,0,0,0,0,0,0,0,0
signal,08057,2026-07-13,0,0,0,0,0,0,0,0,0,0,0,0
signal,08059,2025-11-20,0,0,0,0,0,0,0,0,0,0,0,0
signal,08069,2026-01-14,0,0,0,0,0,1,0,0,0,1,0,0
signal,08070,2026-02-26,0,0,0,0,0,0,0,0,0,0,0,0
signal,08071,2025-11-17,0,0,0,0,0,0,0,0,0,1,0,0
signal,08072,2025-09-30,0,0,0,0,0,0,0,0,0,0,0,0
signal,08076,2026-01-26,0,0,0,0,0,0,0,0,0,0,0,0
signal,08079,2025-08-21,0,0,0,0,0,0,0,0,0,0,0,0
signal,08081,2025-09-18,0,0,0,0,0,0,0,0,0,0,0,0
signal,08082,2026-04-08,0,0,0,0,0,0,0,0,0,0,0,0
signal,08087,2025-07-03,0,0,0,0,0,0,0,0,0,0,0,0
signal,08090,2026-08-05,0,0,0,0,0,0,0,0,0,0,0,0
signal,08092,2025-07-03,0,0,0,0,0,0,0,0,0,0,0,0
signal,08093,2025-11-14,0,0,0,0,0,0,0,0,0,0,0,0
signal,08096,2025-07-22,0,0,0,0,0,0,0,0,0,0,0,0
signal,08103,2025-10-14,0,0,0,0,0,0,0,0,0,0,0,0
signal,08106,2025-07-28,0,0,0,0,0,0,0,0,0,0,0,0
signal,08107,2025-09-08,0,0,0,0,0,0,0,0,0,0,0,0
signal,08111,2025-09-16,0,0,0,0,0,0,0,0,0,0,0,0
signal,08112,2025-07-15,0,0,0,0,0,0,0,0,0,0,0,0
signal,08113,2025-12-15,0,0,0,0,0,0,0,0,0,0,0,1
signal,08117,2025-07-15,0,0,0,0,0,0,0,0,0,0,0,0
signal,08118,2025-08-19,0,0,0,0,0,0,0,0,0,0,0,0
signal,08120,2025-07-14,0,0,0,0,0,0,0,0,0,0,0,0
signal,08121,2025-08-22,0,0,0,0,0,0,0,0,0,0,0,0
signal,08123,2025-07-18,0,0,0,0,0,0,0,0,0,0,0,0
signal,08125,2025-07-29,0,0,0,0,0,0,0,0,0,0,0,0
signal,08131,2025-09-15,0,0,0,0,0,0,0,0,0,0,0,0
signal,08132,2026-03-02,0,0,0,0,0,0,0,0,0,0,0,0
signal,08136,2026-01-09,0,0,0,0,0,0,0,0,0,0,0,0
signal,08139,2026-08-31,0,0,0,0,0,0,0,0,0,0,0,0
signal,08143,2025-07-02,0,0,0,0,0,0,0,0,0,0,0,0
signal,08146,2025-11-28,1,0,0,0,1,0,0,0,1,0,0,0
signal,08147,2025-09-29,0,0,0,0,0,0,0,0,0,0,0,0
signal,08148,2025-10-02,0,0,0,0,0,0,0,0,0,0,0,0
signal,08153,2025-10-22,0,0,0,1,0,0,0,1,0,0,1,1
signal,08158,2025-07-30,0,0,0,0,0,0,0,0,0,0,0,0
signal,08159,2026-01-27,0,0,0,0,0,0,0,0,0,0,0,0
signal,08160,2025-07-21,0,0,0,0,0,0,1,0,0,0,1,0
signal,08162,2025-12-03,0,0,0,0,0,0,0,0,0,0,0,0
signal,08163,2025-08-01,0,0,0,0,0,0,0,0,0,0,0,0
signal,08168,2025-10-08,0,0,0,0,0,0,0,0,0,0,1,0
signal,08176,2025-08-06,0,0,0,0,0,0,0,0,0,0,0,0
signal,08178,2025-09-01,0,0,0,0,0,0,1,0,0,0,1,0
signal,08179,2026-02-13,0,0,0,0,0,0,0,0,0,0,0,0
signal,08186,2025-07-24,0,0,0,0,0,0,0,0,0,0,0,0
signal,08187,2025-09-04,0,0,0,0,0,0,0,0,0,0,0,0
signal,08189,2026-08-13,0,0,0,0,0,0,0,0,0,0,0,0
signal,08191,2026-01-30,0,0,0,0,0,0,0,1,0,0,0,1
signal,08193,2026-02-06,0,0,0,0,0,0,0,0,0,0,0,0
signal,08200,2026-01-16,0,0,0,0,0,0,0,0,0,0,0,0
signal,08201,2026-01-27,0,0,0,0,0,0,0,0,0,0,0,0
signal,08203,2026-07-29,0,0,0,0,0,0,0,0,0,0,0,0
signal,08206,2025-08-27,0,0,0,0,0,0,0,0,0,0,0,0
signal,08208,2025-10-02,1,0,0,0,1,0,0,0,1,0,0,0
signal,08217,2025-11-04,0,0,0,0,0,0,0,0,0,0,0,0
signal,08219,2026-01-29,0,0,0,0,0,0,0,0,0,0,0,0
signal,08221,2025-08-01,0,0,0,0,0,0,0,0,0,0,0,0
signal,08223,2025-08-05,0,0,0,0,0,0,0,0,0,0,0,0
signal,08225,2025-09-26,0,0,0,0,0,0,0,0,0,0,0,0
signal,08226,2025-06-26,0,0,0,0,0,0,0,0,0,0,0,0
signal,08227,2025-11-04,0,0,0,0,0,0,0,0,0,0,0,0
signal,08229,2025-08-08,0,0,0,0,0,0,0,0,0,0,0,0
signal,08232,2026-07-27,0,0,0,0,0,0,0,0,0,0,0,0
signal,08237,2026-04-08,0,0,0,0,0,0,0,0,0,0,0,0
signal,08238,2025-09-19,0,0,1,1,0,0,1,1,0,0,1,1
signal,08239,2025-07-15,0,0,0,0,0,0,0,0,0,0,0,0
signal,08245,2025-07-10,0,0,0,0,0,0,0,0,0,0,0,0
signal,08246,2025-10-06,0,0,1,0,0,1,1,0,0,1,1,0
signal,08247,2025-11-17,0,0,0,0,0,0,0,0,0,0,0,0
signal,08250,2025-10-08,0,0,0,0,0,0,0,0,0,0,0,0
signal,08262,2025-07-29,0,0,0,0,0,0,0,0,0,0,0,0
signal,08267,2025-06-26,0,0,0,0,0,0,0,0,0,0,0,0
signal,08268,2025-09-12,0,0,0,0,0,0,0,0,0,0,1,0
signal,08269,2025-07-03,0,0,0,0,0,0,0,0,0,0,0,0
signal,08271,2025-08-08,0,0,0,0,0,0,0,0,0,0,0,0
signal,08275,2025-10-21,0,0,1,0,0,0,1,0,0,0,1,0
signal,08277,2025-08-18,0,0,0,0,0,0,0,0,0,0,0,0
signal,08280,2025-12-11,0,0,0,0,0,0,0,0,0,0,0,0
signal,08281,2026-04-30,0,0,0,0,0,0,0,0,0,0,0,0
signal,08282,2025-11-03,0,0,0,0,0,0,0,0,0,0,0,0
signal,08283,2025-07-15,0,0,0,0,0,0,0,1,0,0,0,1
signal,08285,2026-05-07,0,0,0,0,0,0,0,0,0,0,0,0
signal,08286,2025-07-28,0,0,0,0,0,0,0,0,0,0,0,0
signal,08290,2026-02-03,0,0,0,0,0,0,0,0,0,0,0,0
signal,08291,2026-05-27,0,0,0,1,0,0,0,1,0,0,0,1
signal,08292,2026-03-16,0,0,0,0,0,0,0,0,0,0,0,0
signal,08293,2025-06-26,0,0,0,0,0,0,0,0,0,0,0,0
signal,08300,2025-08-01,0,0,0,0,0,0,0,0,0,0,0,0
signal,08305,2026-05-11,0,0,0,0,0,0,0,0,0,0,0,0
signal,08309,2026-02-04,0,0,0,0,0,0,0,0,0,0,0,0
signal,08311,2025-12-12,0,0,0,0,0,0,0,0,0,0,0,0
signal,08315,2025-08-20,0,0,0,0,0,0,0,0,0,0,0,0
signal,08317,2025-10-06,0,0,0,0,0,0,0,0,0,0,0,0
signal,08320,2025-06-27,0,0,0,0,0,0,0,0,0,0,0,0
signal,08321,2025-09-12,0,0,1,0,0,0,1,0,0,0,1,0
signal,08326,2025-07-17,0,0,0,0,0,0,0,0,0,0,0,0
signal,08328,2025-07-03,0,0,0,0,0,0,0,0,0,0,0,0
signal,08329,2025-09-08,0,0,0,0,0,0,0,0,0,0,0,0
signal,08340,2025-07-08,0,0,0,0,0,0,0,0,0,0,0,0
signal,08341,2026-01-05,0,0,0,0,0,0,0,0,0,0,0,0
signal,08350,2025-06-26,0,0,0,0,0,0,0,0,0,0,0,0
signal,08356,2026-04-30,0,0,0,0,0,0,0,0,0,0,0,0
signal,08357,2025-11-28,0,0,0,0,0,0,0,0,0,0,0,0
signal,08360,2025-10-13,0,0,0,0,0,0,0,0,0,0,0,0
signal,08365,2025-08-15,0,0,0,0,0,0,1,0,0,0,1,0
signal,08366,2025-07-28,0,0,0,0,0,0,0,0,0,0,0,0
signal,08367,2025-08-26,0,0,0,0,0,0,0,0,0,0,0,0
signal,08368,2025-07-22,0,0,0,0,0,0,0,0,0,0,0,0
signal,08371,2026-05-07,0,0,0,0,0,0,0,0,0,0,0,0
signal,08372,2026-04-16,0,0,0,0,0,0,0,0,0,0,0,0
signal,08375,2025-12-29,0,0,1,0,0,0,1,0,0,0,1,0
signal,08377,2025-07-29,0,0,0,0,0,0,0,0,0,0,0,0
signal,08379,2026-01-19,0,0,0,0,0,0,0,0,0,0,0,0
signal,08385,2025-10-27,0,0,0,0,0,0,0,0,0,0,0,0
signal,08392,2025-10-27,0,0,0,0,0,0,0,0,0,0,0,0
signal,08395,2025-08-28,0,0,0,0,0,0,0,0,0,0,0,0
signal,08400,2026-05-07,0,0,0,0,0,0,0,0,0,0,0,0
signal,08401,2025-08-07,0,0,0,0,0,0,0,0,0,0,0,0
signal,08402,2025-07-25,0,0,0,0,0,0,0,0,0,0,0,0
signal,08403,2025-10-10,1,0,0,0,1,0,0,0,1,0,0,0
signal,08406,2025-09-10,0,0,0,0,0,0,0,0,0,0,0,0
signal,08412,2025-08-26,0,0,0,0,0,0,0,0,0,0,0,0
signal,08413,2025-10-13,1,0,0,0,1,0,0,0,1,0,0,0
signal,08416,2025-07-16,0,0,0,0,0,0,0,0,0,0,0,0
signal,08418,2025-11-10,0,0,0,0,0,0,0,0,0,0,0,0
signal,08420,2026-02-03,0,0,0,0,0,0,0,0,0,0,0,0
signal,08422,2026-01-29,0,0,0,1,0,0,0,1,0,0,0,1
signal,08423,2026-05-06,0,0,0,0,0,0,0,0,0,0,0,0
signal,08425,2025-07-28,0,0,0,0,0,0,0,0,0,0,0,0
signal,08426,2025-08-28,0,0,0,0,0,0,0,0,0,0,0,0
signal,08427,2026-07-15,0,0,0,0,0,0,0,0,0,0,0,0
signal,08429,2025-12-18,0,0,0,0,0,0,0,0,0,0,0,0
signal,08430,2025-08-13,0,0,0,0,0,0,0,0,0,0,0,0
signal,08431,2025-11-05,0,0,0,0,0,0,0,0,0,0,1,0
signal,08432,2025-12-02,0,0,0,0,0,0,0,0,0,0,0,0
signal,08436,2025-12-03,0,0,0,0,0,0,0,0,0,0,0,0
signal,08439,2026-04-10,1,0,0,0,1,0,0,0,1,0,0,0
signal,08446,2025-07-30,0,0,0,0,0,0,0,0,0,0,0,0
signal,08447,2026-02-26,0,0,0,0,0,0,0,0,0,0,0,0
signal,08448,2025-09-19,0,0,0,0,0,0,0,0,1,0,0,0
signal,08450,2025-07-07,0,0,0,0,0,0,0,0,0,0,0,0
signal,08455,2026-08-04,0,0,0,0,0,0,0,0,0,0,0,0
signal,08456,2025-10-13,0,0,0,0,0,0,0,0,0,0,0,0
signal,08460,2025-09-08,0,0,1,0,0,0,1,0,0,0,1,0
signal,08462,2025-07-25,0,0,0,0,0,0,0,0,0,0,0,0
signal,08471,2025-07-14,0,0,0,0,0,0,0,0,0,0,0,0
signal,08472,2025-08-08,0,0,0,0,0,0,0,0,0,0,0,0
signal,08473,2025-10-09,0,0,0,0,0,0,0,0,0,0,0,0
signal,08475,2025-06-27,0,0,0,0,0,0,0,0,0,0,0,0
signal,08480,2026-03-02,0,0,0,0,0,0,0,0,0,0,0,0
signal,08481,2025-07-10,0,0,0,0,0,0,0,0,0,0,0,0
signal,08482,2025-12-05,0,0,0,0,0,0,0,0,0,0,0,0
signal,08483,2025-11-10,0,0,0,0,0,0,0,0,0,0,0,0
signal,08487,2025-12-04,0,0,0,0,0,0,0,0,0,0,0,0
signal,08489,2025-12-22,0,0,1,0,0,0,1,0,0,0,1,0
signal,08490,2025-09-26,0,0,0,0,0,0,0,0,0,0,0,0
signal,08491,2025-09-02,0,0,0,0,0,0,0,0,0,0,0,0
signal,08500,2025-09-03,0,0,0,0,0,0,0,0,0,0,0,0
signal,08502,2025-11-03,0,0,0,0,0,0,0,0,0,0,0,0
signal,08507,2025-08-08,1,0,0,0,1,0,0,0,1,0,0,0
signal,08509,2025-06-30,0,0,0,0,0,0,0,0,0,0,0,0
signal,08512,2025-11-25,0,0,0,0,0,0,0,0,0,0,0,0
signal,08513,2025-11-11,0,1,0,0,0,1,0,0,0,1,0,0
signal,08516,2026-03-10,0,0,0,0,0,0,0,0,0,0,0,0
signal,08521,2025-07-29,0,0,0,0,0,0,0,0,0,0,0,0
signal,08529,2026-05-05,0,0,0,0,0,0,0,0,0,0,0,0
signal,08532,2025-12-01,0,0,0,0,0,0,0,0,0,0,0,0
signal,08535,2025-07-28,0,0,0,0,0,0,0,0,0,0,0,0
signal,08537,2025-07-10,0,0,0,0,0,0,0,0,0,0,0,0
signal,08547,2026-03-05,0,0,0,0,0,0,0,0,0,0,1,0
signal,08549,2026-05-15,0,0,0,0,0,0,0,0,0,0,0,0
signal,08601,2025-08-14,0,0,0,0,0,0,0,0,0,0,0,0
signal,08611,2025-07-29,0,0,0,0,0,0,0,0,0,0,0,1
signal,08612,2025-10-20,0,0,0,0,0,0,0,0,0,0,0,0
signal,08613,2025-07-29,0,0,0,0,0,0,0,0,0,0,0,0
signal,08619,2025-09-10,0,0,0,0,0,0,0,0,0,0,0,1
signal,08620,2026-01-22,0,0,0,0,0,0,0,0,0,0,1,0
signal,08621,2026-02-04,0,0,0,0,0,0,0,0,0,0,0,0
signal,08622,2025-10-10,0,0,0,0,0,0,0,0,0,0,0,0
signal,08627,2025-12-03,0,0,0,0,0,0,0,0,0,0,0,0
signal,08637,2025-07-24,0,0,0,0,0,0,0,0,0,0,0,0
signal,08645,2025-07-09,0,0,0,0,0,0,0,0,0,0,0,0
signal,08646,2025-12-16,0,0,1,0,0,0,1,0,0,0,1,0
signal,08657,2025-07-29,0,0,0,0,0,0,0,0,0,0,0,0
signal,08659,2025-08-27,0,0,0,0,0,0,1,0,0,0,1,0
signal,09600,2026-02-05,0,0,0,0,0,0,0,0,0,0,0,0
signal,09608,2026-08-05,0,0,0,0,0,0,0,0,0,0,0,0
signal,09639,2026-08-18,0,0,0,0,0,0,0,0,0,0,0,0
signal,09689,2026-01-26,0,0,0,0,0,0,0,0,0,0,1,0
signal,09916,2025-08-07,0,0,0,0,0,0,0,0,0,0,0,0
signal,09918,2025-07-25,0,0,0,0,0,0,0,0,0,0,0,0
signal,09919,2025-12-16,0,0,0,0,0,0,0,0,0,0,0,0
signal,09928,2026-01-26,0,0,0,0,0,0,0,0,0,0,0,0
signal,09929,2025-08-12,0,0,0,0,1,0,0,0,1,0,0,0
signal,09938,2026-07-21,0,0,0,0,0,0,0,0,0,0,0,0
signal,09958,2025-07-30,0,0,0,0,0,0,0,0,0,0,1,0
signal,09963,2025-09-02,0,0,0,0,0,0,1,0,0,0,1,0
signal,09968,2026-01-29,0,0,0,0,0,0,0,0,0,0,0,0
signal,09978,2026-05-18,0,0,0,0,1,0,0,0,1,0,0,0
signal,09982,2026-03-31,0,0,0,0,0,0,1,0,0,0,1,0
signal,09983,2026-05-12,0,0,0,0,0,0,0,0,0,0,0,0
signal,09998,2025-09-16,0,0,0,0,0,0,0,0,0,0,0,0
baseline_sample,01180,2025-06-26,0,0,0,0,0,0,0,0,0,0,0,0
baseline_sample,00698,2025-06-26,0,0,0,0,0,0,0,0,0,0,0,0
baseline_sample,01759,2025-06-26,0,0,0,0,0,0,0,0,0,0,0,0
baseline_sample,00591,2025-06-26,0,0,0,0,0,0,0,0,0,0,0,0
baseline_sample,03928,2025-06-26,1,0,0,0,1,0,0,0,1,0,0,0
baseline_sample,02516,2025-06-26,0,0,0,0,0,0,0,0,0,0,1,0
baseline_sample,01725,2025-06-26,0,0,0,0,0,0,0,0,0,0,1,0
baseline_sample,01203,2025-06-26,0,0,0,0,0,0,0,0,0,0,0,0
baseline_sample,00039,2025-06-26,0,0,0,0,0,0,0,0,0,0,0,0
baseline_sample,00690,2025-06-26,0,0,0,0,0,0,0,0,0,0,0,0
baseline_sample,08193,2025-06-27,0,0,0,0,0,0,0,0,0,0,0,0
baseline_sample,00721,2025-06-27,0,0,0,0,0,0,0,0,0,0,0,0
baseline_sample,08275,2025-06-27,0,0,0,0,0,0,0,0,0,0,1,0
baseline_sample,01520,2025-06-27,0,0,0,0,0,0,0,0,0,0,0,0
baseline_sample,02885,2025-06-27,0,0,0,0,0,0,0,0,0,0,0,0
baseline_sample,03883,2025-06-27,0,0,0,0,0,0,0,0,0,0,0,0
baseline_sample,01468,2025-06-27,0,0,0,0,0,0,0,0,0,0,0,0
baseline_sample,01522,2025-06-27,0,0,0,0,0,0,0,0,0,0,0,0
baseline_sample,00306,2025-06-27,0,0,0,0,0,0,0,0,0,0,0,0
baseline_sample,03390,2025-06-27,0,0,0,0,0,0,0,0,0,0,0,0
baseline_sample,01180,2025-06-30,0,0,0,0,0,0,0,0,0,0,0,0
baseline_sample,01522,2025-06-30,0,0,0,0,0,0,0,0,0,0,0,0
baseline_sample,00280,2025-06-30,0,0,0,0,0,0,0,0,0,0,0,0
baseline_sample,00227,2025-06-30,0,0,0,0,0,0,0,0,0,0,0,0
baseline_sample,02516,2025-06-30,0,0,0,0,0,0,0,0,0,0,1,0
baseline_sample,01636,2025-06-30,0,0,0,0,0,0,0,0,0,0,0,0
baseline_sample,02605,2025-06-30,0,0,0,0,0,0,0,0,0,0,0,0
baseline_sample,00237,2025-06-30,0,0,0,0,0,0,0,0,0,0,0,0
baseline_sample,08153,2025-06-30,0,0,0,0,0,0,0,1,0,0,0,1
baseline_sample,09600,2025-06-30,0,0,0,0,0,0,0,0,0,0,0,0
baseline_sample,00306,2025-07-02,0,0,0,0,0,0,0,0,0,0,0,0
baseline_sample,01468,2025-07-02,0,0,0,0,0,0,0,0,0,0,0,0
baseline_sample,01942,2025-07-02,0,0,0,0,0,0,0,0,0,0,0,0
baseline_sample,00227,2025-07-02,0,0,0,0,0,0,0,0,0,0,0,0
baseline_sample,00330,2025-07-02,0,0,0,0,0,0,0,0,0,0,0,0
baseline_sample,00464,2025-07-02,0,0,0,0,0,0,0,0,0,0,1,0
baseline_sample,08267,2025-07-02,0,0,0,0,0,0,0,0,0,0,0,0
baseline_sample,08187,2025-07-02,0,0,0,0,0,0,0,0,0,0,0,0
baseline_sample,00689,2025-07-02,0,0,0,0,0,0,0,0,0,0,0,0
baseline_sample,08153,2025-07-02,0,0,0,0,0,0,0,1,0,0,0,1
baseline_sample,01520,2025-07-03,0,0,0,0,0,0,0,0,0,0,0,0
baseline_sample,01251,2025-07-03,0,0,0,0,0,0,0,0,0,0,0,0
baseline_sample,08292,2025-07-03,0,0,0,0,0,0,0,0,0,0,1,0
baseline_sample,08226,2025-07-03,0,0,0,0,0,0,0,0,0,0,0,0
baseline_sample,06136,2025-07-03,1,0,0,0,1,0,0,0,1,0,0,0
baseline_sample,00953,2025-07-03,0,0,0,0,0,0,0,0,0,0,0,0
baseline_sample,00355,2025-07-03,0,0,0,0,0,0,0,0,0,0,0,0
baseline_sample,01468,2025-07-03,0,0,0,0,0,0,0,0,0,0,0,0
baseline_sample,00527,2025-07-03,0,0,0,0,0,0,0,0,0,0,0,0
baseline_sample,02250,2025-07-03,0,0,0,0,0,0,1,0,0,0,1,0
baseline_sample,01421,2025-07-04,0,0,0,0,0,0,0,0,0,0,0,0
baseline_sample,08275,2025-07-04,0,0,0,0,0,0,0,0,0,0,1,0
baseline_sample,08483,2025-07-04,0,0,0,0,0,0,0,0,0,0,0,0
baseline_sample,01449,2025-07-04,0,0,0,0,0,0,0,0,0,0,0,0
baseline_sample,01425,2025-07-04,0,0,0,0,0,0,0,0,0,0,0,0
baseline_sample,00139,2025-07-04,0,0,0,0,0,0,0,0,0,0,0,0
baseline_sample,00464,2025-07-04,0,0,0,0,0,0,0,0,0,0,1,0
baseline_sample,00690,2025-07-04,0,0,0,0,0,0,0,0,0,0,0,0
baseline_sample,00591,2025-07-04,0,0,0,0,0,0,0,0,0,0,0,0
baseline_sample,00757,2025-07-04,0,0,0,0,0,0,0,0,0,0,0,0
baseline_sample,01159,2025-07-07,0,0,0,0,0,0,0,0,0,0,0,0
baseline_sample,01226,2025-07-07,0,0,0,0,0,0,0,0,0,0,0,0
baseline_sample,02625,2025-07-07,0,0,0,0,0,0,0,0,0,0,1,0
baseline_sample,00139,2025-07-07,0,0,0,0,0,0,0,0,0,0,0,0
baseline_sample,01732,2025-07-07,0,0,0,0,0,0,0,0,1,0,0,0
baseline_sample,01354,2025-07-07,0,0,0,0,0,0,0,0,0,0,0,0
baseline_sample,01878,2025-07-07,0,0,0,0,0,0,0,0,0,0,0,0
baseline_sample,08483,2025-07-07,0,0,0,0,0,0,0,0,0,0,0,0
baseline_sample,06136,2025-07-07,1,0,0,0,1,0,0,0,1,0,0,0
baseline_sample,02159,2025-07-07,0,0,0,0,0,0,0,0,0,0,0,0
baseline_sample,02298,2025-07-08,0,0,0,0,0,0,0,0,0,0,0,0
baseline_sample,08275,2025-07-08,0,0,0,0,0,0,0,0,0,0,1,0
baseline_sample,01715,2025-07-08,0,0,0,0,0,0,0,0,0,0,0,0
baseline_sample,06928,2025-07-08,0,0,0,1,0,0,0,1,0,0,1,1
baseline_sample,08268,2025-07-08,0,0,0,0,0,0,0,0,0,0,0,0
baseline_sample,06610,2025-07-08,0,0,0,0,0,0,0,0,0,0,0,0
baseline_sample,02459,2025-07-08,0,0,0,0,0,0,0,0,0,0,0,0
baseline_sample,08269,2025-07-08,0,0,0,0,0,0,0,0,0,0,0,0
baseline_sample,08153,2025-07-08,0,0,0,0,0,0,0,1,0,0,0,1
baseline_sample,01901,2025-07-08,0,0,0,0,0,0,0,0,0,0,0,0
baseline_sample,00953,2025-07-09,0,0,0,0,0,0,0,0,0,0,0,0
baseline_sample,00591,2025-07-09,0,0,0,0,0,0,0,0,0,0,0,0
baseline_sample,01623,2025-07-09,0,0,0,0,0,0,0,0,0,0,0,0
baseline_sample,00139,2025-07-09,0,0,0,0,0,0,0,0,0,0,0,0
baseline_sample,02312,2025-07-09,0,0,0,0,0,0,1,0,0,0,1,0
baseline_sample,00831,2025-07-09,0,0,0,0,0,0,0,0,0,0,0,0
baseline_sample,00184,2025-07-09,0,0,0,0,0,0,0,0,0,0,0,0
baseline_sample,03883,2025-07-09,0,0,0,0,0,0,0,0,0,0,0,0
baseline_sample,01022,2025-07-09,0,0,0,0,0,0,0,0,0,0,0,0
baseline_sample,00536,2025-07-09,0,0,0,0,0,0,0,0,0,0,0,0
baseline_sample,02136,2025-07-10,0,0,0,0,0,0,0,0,0,0,0,0
baseline_sample,03368,2025-07-10,0,0,0,0,0,0,0,0,0,0,0,0
baseline_sample,01421,2025-07-10,0,0,0,0,0,0,0,0,0,0,1,0
baseline_sample,02516,2025-07-10,0,0,0,0,0,0,0,0,0,0,1,0
baseline_sample,00591,2025-07-10,0,0,0,0,0,0,0,0,0,0,0,0
baseline_sample,01647,2025-07-10,0,0,0,0,0,0,0,0,0,0,0,0
baseline_sample,00605,2025-07-10,0,0,0,0,0,0,0,0,0,0,0,0
baseline_sample,03395,2025-07-10,0,0,0,0,0,0,1,0,0,0,1,0
baseline_sample,00419,2025-07-10,0,0,0,0,0,1,1,0,0,1,1,0
baseline_sample,00397,2025-07-10,0,0,0,0,0,0,0,0,0,0,0,0
baseline_sample,00953,2025-07-11,0,0,0,0,0,0,0,0,0,0,0,0
baseline_sample,00124,2025-07-11,0,0,0,0,0,0,0,0,0,0,0,0
baseline_sample,00591,2025-07-11,0,0,0,0,0,0,0,0,0,0,0,0
baseline_sample,00090,2025-07-11,0,0,0,0,0,0,0,0,0,0,0,0
baseline_sample,01520,2025-07-11,0,0,0,0,0,0,0,0,0,0,0,0
baseline_sample,02438,2025-07-11,0,0,0,0,0,0,0,0,0,0,0,0
baseline_sample,08066,2025-07-11,0,0,0,0,0,0,0,0,0,0,0,0
baseline_sample,01380,2025-07-11,0,0,0,0,0,0,0,0,0,0,0,0
baseline_sample,00487,2025-07-11,0,0,0,0,0,0,0,0,0,0,0,0
baseline_sample,00111,2025-07-11,0,0,0,0,0,0,0,0,0,0,0,0
baseline_sample,08406,2025-07-14,0,0,0,0,0,0,0,0,0,0,0,0
baseline_sample,01180,2025-07-14,0,0,0,0,0,0,0,0,0,0,0,0
baseline_sample,02263,2025-07-14,0,0,0,0,0,0,0,0,0,0,0,0
baseline_sample,00605,2025-07-14,0,0,0,0,0,0,0,0,0,0,0,0
baseline_sample,08275,2025-07-14,0,0,0,0,0,0,0,0,0,0,1,0
baseline_sample,00090,2025-07-14,0,0,0,0,0,0,0,0,0,0,0,0
baseline_sample,00464,2025-07-14,0,0,0,0,0,0,1,0,0,0,1,0
baseline_sample,00672,2025-07-14,0,0,0,0,0,0,0,0,0,0,0,0
baseline_sample,02625,2025-07-14,0,0,0,0,0,0,1,0,0,0,1,0
baseline_sample,06136,2025-07-14,1,0,0,0,1,0,0,0,1,0,0,0
baseline_sample,02433,2025-07-15,0,0,0,0,0,0,0,0,0,0,0,0
baseline_sample,02530,2025-07-15,0,0,0,0,0,0,0,0,0,0,0,0
baseline_sample,02159,2025-07-15,0,0,0,0,0,0,0,0,0,0,0,0
baseline_sample,02459,2025-07-15,0,0,0,0,0,0,0,0,0,0,0,0
baseline_sample,01180,2025-07-15,0,0,0,0,0,0,0,0,0,0,0,0
baseline_sample,00124,2025-07-15,0,0,0,0,0,0,0,0,0,0,0,0
baseline_sample,01942,2025-07-15,0,0,0,0,0,0,0,0,0,0,0,0
baseline_sample,01529,2025-07-15,0,0,0,0,0,0,0,0,0,0,0,0
baseline_sample,00227,2025-07-15,0,0,0,0,0,0,0,0,0,0,0,0
baseline_sample,01425,2025-07-15,0,0,0,0,0,0,0,0,0,0,0,0
baseline_sample,02257,2025-07-16,0,0,0,0,0,0,0,0,0,0,0,0
baseline_sample,00831,2025-07-16,0,0,0,0,0,0,0,0,0,0,0,0
baseline_sample,00619,2025-07-16,0,0,0,0,0,0,0,0,0,0,0,0
baseline_sample,02605,2025-07-16,0,0,0,0,0,0,0,0,0,0,0,0
baseline_sample,01412,2025-07-16,0,0,0,0,0,0,0,0,0,0,0,0
baseline_sample,08401,2025-07-16,0,0,0,0,0,0,0,0,0,0,0,0
baseline_sample,00527,2025-07-16,0,0,0,0,0,0,0,0,0,0,0,0
baseline_sample,08275,2025-07-16,0,0,0,0,0,0,0,0,0,0,1,0
baseline_sample,01901,2025-07-16,0,0,0,0,0,0,0,0,0,0,0,0
baseline_sample,01870,2025-07-16,0,0,0,0,0,0,0,0,0,0,1,0
baseline_sample,02257,2025-07-17,0,0,0,0,0,0,0,0,0,0,0,0
baseline_sample,02459,2025-07-17,0,0,0,0,0,0,0,0,0,0,0,0
baseline_sample,01468,2025-07-17,0,0,0,0,0,0,0,0,0,0,0,0
baseline_sample,01901,2025-07-17,0,0,0,0,0,0,0,0,0,0,0,0
baseline_sample,00632,2025-07-17,0,0,0,0,0,0,0,0,0,0,0,0
baseline_sample,00381,2025-07-17,0,0,0,0,0,0,0,0,0,0,0,0
baseline_sample,02369,2025-07-17,0,0,0,0,0,0,0,0,0,0,0,0
baseline_sample,01636,2025-07-17,0,0,0,0,0,0,0,0,0,0,0,0
baseline_sample,02481,2025-07-17,0,0,0,0,0,0,0,0,0,0,0,0
baseline_sample,00776,2025-07-17,0,0,0,0,0,0,1,0,0,0,1,0
baseline_sample,06928,2025-07-18,0,0,0,1,0,0,0,1,0,0,1,1
baseline_sample,00875,2025-07-18,0,0,0,0,0,0,0,0,0,0,0,0
baseline_sample,01987,2025-07-18,0,0,0,0,0,0,0,0,0,0,0,0
baseline_sample,00520,2025-07-18,0,0,0,0,0,0,0,0,0,0,0,0
baseline_sample,08275,2025-07-18,0,0,0,0,0,0,0,0,0,0,1,0
baseline_sample,00337,2025-07-18,0,0,0,0,0,0,0,0,0,0,0,0
baseline_sample,02459,2025-07-18,0,0,0,0,0,0,0,0,0,0,0,0
baseline_sample,02178,2025-07-18,0,0,0,0,0,0,0,0,0,0,0,0
baseline_sample,09919,2025-07-18,0,0,0,0,0,0,0,0,0,0,0,0
baseline_sample,00620,2025-07-18,0,0,0,0,0,0,0,0,0,0,0,0
baseline_sample,08267,2025-07-21,0,0,0,0,0,0,0,0,0,0,0,0
baseline_sample,00672,2025-07-21,0,0,0,0,0,0,0,0,0,0,0,0
baseline_sample,00591,2025-07-21,0,0,0,0,0,0,0,0,0,0,0,0
baseline_sample,01413,2025-07-21,0,0,0,0,0,0,1,0,0,1,1,0
baseline_sample,02438,2025-07-21,0,0,0,0,0,0,0,0,0,0,0,0
baseline_sample,01949,2025-07-21,0,0,0,0,0,1,0,0,0,1,0,0
baseline_sample,00139,2025-07-21,0,0,0,0,0,0,0,0,0,0,0,0
baseline_sample,02230,2025-07-21,0,0,0,0,0,0,0,0,0,0,0,0
baseline_sample,01746,2025-07-21,0,0,0,0,0,0,0,0,0,0,0,0
baseline_sample,00149,2025-07-21,0,0,0,0,0,0,0,0,0,0,0,0
baseline_sample,00139,2025-07-22,0,0,0,0,0,0,0,0,0,0,0,0
baseline_sample,00117,2025-07-22,0,0,0,0,0,0,0,0,0,0,0,0
baseline_sample,00090,2025-07-22,0,0,0,0,0,0,0,0,0,0,0,0
baseline_sample,02312,2025-07-22,0,0,0,0,0,0,1,0,0,0,1,0
baseline_sample,01942,2025-07-22,0,0,0,0,0,0,0,0,0,0,0,0
baseline_sample,02521,2025-07-22,0,0,0,0,0,0,0,0,0,0,0,0
baseline_sample,02197,2025-07-22,0,0,0,0,0,0,0,0,0,0,0,0
baseline_sample,01822,2025-07-22,0,0,0,0,0,0,1,0,0,0,1,0
baseline_sample,01950,2025-07-22,0,0,0,0,0,0,0,0,0,0,0,0
baseline_sample,00169,2025-07-22,0,0,0,0,0,0,0,0,0,0,0,0
baseline_sample,00476,2025-07-23,0,0,0,0,0,0,1,0,0,0,1,0
baseline_sample,02289,2025-07-23,0,0,0,0,0,0,0,0,0,0,0,0
baseline_sample,00672,2025-07-23,0,0,0,0,0,0,0,0,0,0,0,0
baseline_sample,06928,2025-07-23,0,0,0,1,0,0,1,1,0,0,1,1
baseline_sample,00337,2025-07-23,0,0,0,0,0,0,0,0,0,0,0,0
baseline_sample,03913,2025-07-23,0,0,0,0,0,0,0,0,0,0,0,0
baseline_sample,01901,2025-07-23,0,0,0,0,0,0,0,0,0,0,0,0
baseline_sample,00759,2025-07-23,0,0,0,0,0,0,0,0,0,0,0,0
baseline_sample,01203,2025-07-23,0,0,0,0,0,0,0,0,0,0,0,0
baseline_sample,00243,2025-07-23,0,0,0,0,0,0,0,0,0,0,0,0
baseline_sample,03883,2025-07-24,0,0,0,0,0,0,0,0,0,0,0,0
baseline_sample,02516,2025-07-24,0,0,0,0,0,0,1,0,0,0,1,0
baseline_sample,02197,2025-07-24,0,0,0,0,0,0,0,0,0,0,0,0
baseline_sample,01986,2025-07-24,0,0,0,0,0,0,0,0,0,0,0,0
baseline_sample,01745,2025-07-24,0,0,0,0,0,0,0,0,0,0,0,0
baseline_sample,00672,2025-07-24,0,0,0,0,0,0,0,0,0,0,0,0
baseline_sample,01079,2025-07-24,1,0,0,0,1,0,0,0,1,0,1,0
baseline_sample,00620,2025-07-24,0,0,0,0,0,0,0,0,0,0,0,0
baseline_sample,03300,2025-07-24,0,0,0,0,0,0,0,0,0,0,0,0
baseline_sample,00643,2025-07-24,0,0,0,0,1,0,0,0,1,0,0,0
baseline_sample,01473,2025-07-25,0,0,0,0,0,0,0,0,0,0,0,0
baseline_sample,00204,2025-07-25,0,0,0,0,0,0,0,0,0,0,1,0
baseline_sample,00337,2025-07-25,0,0,0,0,0,0,0,0,0,0,0,0
baseline_sample,08637,2025-07-25,0,0,0,0,0,0,0,0,0,0,0,0
baseline_sample,01204,2025-07-25,0,0,0,0,0,0,0,0,0,0,0,0
baseline_sample,09958,2025-07-25,0,0,0,0,0,0,0,0,0,0,1,0
baseline_sample,00559,2025-07-25,0,0,0,0,0,0,0,0,0,0,0,0
baseline_sample,00139,2025-07-25,0,0,0,0,0,0,0,0,0,0,0,0
baseline_sample,01846,2025-07-25,0,0,0,0,0,0,0,0,0,0,0,0
baseline_sample,01079,2025-07-25,1,0,0,0,1,0,0,0,1,0,1,0
baseline_sample,01920,2025-07-28,0,0,0,0,0,0,1,0,0,0,1,0
baseline_sample,01407,2025-07-28,0,0,0,0,0,0,0,0,0,0,0,0
baseline_sample,00776,2025-07-28,0,0,0,0,0,0,1,0,0,0,1,0
baseline_sample,06908,2025-07-28,0,0,0,0,0,0,0,0,0,0,1,0
baseline_sample,00139,2025-07-28,0,0,0,0,0,0,0,0,0,0,1,0
baseline_sample,00337,2025-07-28,0,0,0,0,0,0,0,0,0,0,0,0
baseline_sample,00750,2025-07-28,0,0,0,0,0,0,0,0,0,0,0,0
baseline_sample,02605,2025-07-28,0,0,0,0,0,0,0,0,0,0,0,0
baseline_sample,00124,2025-07-28,0,0,0,0,0,0,0,0,0,0,0,0
baseline_sample,01878,2025-07-28,0,0,0,0,0,0,0,0,0,0,0,0
baseline_sample,06118,2025-07-29,0,0,0,0,0,0,0,0,0,0,0,0
baseline_sample,06885,2025-07-29,0,0,0,0,0,0,0,0,0,0,0,0
baseline_sample,08292,2025-07-29,0,0,0,0,0,0,0,0,0,0,1,0
baseline_sample,09918,2025-07-29,0,0,0,0,0,0,0,0,0,0,0,0
baseline_sample,01421,2025-07-29,0,0,0,0,0,0,0,0,0,0,1,0
baseline_sample,01468,2025-07-29,0,0,0,0,0,0,0,0,0,0,0,0
baseline_sample,00582,2025-07-29,0,0,0,0,0,0,0,0,0,0,0,0
baseline_sample,01942,2025-07-29,0,0,0,0,0,0,0,0,0,0,0,0
baseline_sample,02393,2025-07-29,0,0,0,0,0,0,0,0,0,0,0,0
baseline_sample,01901,2025-07-29,0,0,0,0,0,0,0,0,0,0,0,0
baseline_sample,00771,2025-07-30,0,0,0,0,0,0,0,0,0,0,0,0
baseline_sample,08106,2025-07-30,0,0,0,0,0,0,0,0,0,0,0,0
baseline_sample,02392,2025-07-30,0,0,0,0,0,0,0,0,0,0,0,0
baseline_sample,02297,2025-07-30,0,0,0,0,0,0,0,0,0,0,0,0
baseline_sample,01425,2025-07-30,0,0,0,0,0,0,0,0,0,0,0,0
baseline_sample,08267,2025-07-30,0,0,0,0,0,0,0,0,0,0,0,0
baseline_sample,01075,2025-07-30,0,0,0,0,0,0,0,0,0,0,0,0
baseline_sample,01025,2025-07-30,0,0,0,0,0,0,0,1,0,0,0,1
baseline_sample,02415,2025-07-30,0,0,0,0,0,0,0,0,0,0,0,0
baseline_sample,02369,2025-07-30,0,0,0,0,0,0,0,0,0,0,0,0
baseline_sample,01473,2025-07-31,0,0,0,0,0,0,0,0,0,0,0,0
baseline_sample,00611,2025-07-31,0,0,0,0,0,0,0,0,0,0,0,0
baseline_sample,01080,2025-07-31,0,0,0,0,0,0,0,0,0,0,0,0
baseline_sample,08066,2025-07-31,0,0,0,0,0,0,0,0,0,0,0,0
baseline_sample,01745,2025-07-31,0,0,0,0,0,0,0,0,0,0,0,0
baseline_sample,01468,2025-07-31,0,0,0,0,0,0,0,0,0,0,0,0
baseline_sample,01153,2025-07-31,0,0,0,0,0,0,0,0,0,0,0,0
baseline_sample,08239,2025-07-31,0,0,0,0,0,0,0,0,0,0,0,0
baseline_sample,00124,2025-07-31,0,0,0,0,0,0,0,0,0,0,0,0
baseline_sample,00139,2025-07-31,0,0,0,0,0,0,0,0,0,0,1,0
baseline_sample,02651,2025-08-01,0,0,0,0,0,0,0,0,0,0,0,0
baseline_sample,00690,2025-08-01,0,0,0,0,0,0,0,0,0,0,0,0
baseline_sample,08007,2025-08-01,0,0,0,0,0,0,0,0,0,0,0,0
baseline_sample,01746,2025-08-01,0,0,0,0,0,0,0,0,0,0,0,0
baseline_sample,00227,2025-08-01,0,0,0,0,0,0,0,0,0,0,0,0
baseline_sample,00643,2025-08-01,0,0,0,0,1,0,0,0,1,0,0,0
baseline_sample,09918,2025-08-01,0,0,0,0,0,0,0,0,0,0,0,0
baseline_sample,02521,2025-08-01,0,0,0,0,0,0,0,0,0,0,0,0
baseline_sample,01425,2025-08-01,0,0,0,0,0,0,0,0,0,0,0,0
baseline_sample,00672,2025-08-01,0,0,0,0,0,0,0,0,0,0,0,0
baseline_sample,02298,2025-08-04,0,0,0,0,0,0,0,0,0,0,0,0
baseline_sample,00690,2025-08-04,0,0,0,0,0,0,0,0,0,0,0,0
baseline_sample,00776,2025-08-04,0,0,1,0,0,0,1,0,0,0,1,0
baseline_sample,02297,2025-08-04,0,0,0,0,0,0,0,0,0,0,0,0
baseline_sample,00124,2025-08-04,0,0,0,0,0,0,0,0,0,0,0,0
baseline_sample,00591,2025-08-04,0,0,0,0,0,0,0,0,0,0,0,0
baseline_sample,01920,2025-08-04,0,0,0,0,0,0,1,0,0,0,1,0
baseline_sample,02392,2025-08-04,0,0,0,0,0,0,0,0,0,0,0,0
baseline_sample,02167,2025-08-04,0,0,0,0,0,0,0,0,0,0,0,0
baseline_sample,08547,2025-08-04,0,0,0,0,0,0,1,0,0,0,1,1
baseline_sample,00723,2025-08-05,0,0,0,0,0,0,0,0,0,0,0,0
baseline_sample,01425,2025-08-05,0,0,0,0,0,0,0,0,0,0,0,0
baseline_sample,01080,2025-08-05,0,0,0,0,0,0,0,0,0,0,0,0
baseline_sample,08269,2025-08-05,0,0,0,0,0,0,0,0,0,0,0,0
baseline_sample,00776,2025-08-05,0,0,1,0,0,0,1,0,0,0,1,0
baseline_sample,08066,2025-08-05,0,0,0,0,0,0,0,0,0,0,0,0
baseline_sample,01022,2025-08-05,0,0,0,0,0,0,0,0,0,0,0,0
baseline_sample,08611,2025-08-05,0,0,0,0,0,0,0,0,0,0,0,1
baseline_sample,08446,2025-08-05,0,0,0,0,0,0,0,0,0,0,0,0
baseline_sample,01596,2025-08-05,0,0,0,0,0,0,0,0,0,0,0,0
baseline_sample,00515,2025-08-06,0,0,0,0,0,0,0,0,0,0,0,0
baseline_sample,02197,2025-08-06,0,0,0,0,0,0,0,0,0,0,0,0
baseline_sample,02298,2025-08-06,0,0,0,0,0,0,0,0,0,0,0,0
baseline_sample,00149,2025-08-06,0,0,0,0,0,0,0,0,0,0,0,0
baseline_sample,09600,2025-08-06,0,0,0,0,0,0,0,0,0,0,0,0
baseline_sample,08219,2025-08-06,0,0,0,0,0,0,0,0,0,0,0,0
baseline_sample,06136,2025-08-06,0,0,0,0,0,0,0,0,0,0,0,0
baseline_sample,08153,2025-08-06,0,0,0,0,0,0,0,1,0,0,0,1
baseline_sample,00591,2025-08-06,0,0,0,0,0,0,0,0,0,0,0,0
baseline_sample,08187,2025-08-06,0,0,0,0,0,0,0,0,0,0,0,0
baseline_sample,08066,2025-08-07,0,0,0,0,0,0,0,0,0,0,0,0
baseline_sample,01025,2025-08-07,0,0,0,0,0,0,0,1,0,0,0,1
baseline_sample,08406,2025-08-07,0,0,0,0,0,0,0,0,0,0,0,0
baseline_sample,00124,2025-08-07,0,0,0,0,0,0,0,0,0,0,0,0
baseline_sample,08521,2025-08-07,0,0,0,0,0,0,0,0,0,0,0,0
baseline_sample,00139,2025-08-07,0,0,0,0,0,0,0,0,0,0,1,0
baseline_sample,00520,2025-08-07,0,0,0,0,0,0,0,0,0,0,0,0
baseline_sample,00690,2025-08-07,0,0,0,0,0,0,0,0,0,0,0,0
baseline_sample,01596,2025-08-07,0,0,0,0,0,0,0,0,0,0,0,0
baseline_sample,01373,2025-08-07,0,0,0,0,0,0,0,0,0,0,0,0
baseline_sample,01718,2025-08-08,0,0,0,0,0,0,0,0,0,0,1,0
baseline_sample,01596,2025-08-08,0,0,0,0,0,0,0,0,0,0,0,0
baseline_sample,01079,2025-08-08,0,0,0,0,0,0,1,0,0,0,1,0
baseline_sample,01180,2025-08-08,0,0,0,0,0,0,0,0,0,0,0,0
baseline_sample,01380,2025-08-08,0,0,0,0,0,0,0,0,0,0,0,0
baseline_sample,02312,2025-08-08,0,0,1,0,0,0,1,0,0,0,1,0
baseline_sample,00464,2025-08-08,0,0,0,0,0,0,1,0,0,0,1,0
baseline_sample,01529,2025-08-08,0,0,0,0,0,0,0,0,0,0,0,0
baseline_sample,00825,2025-08-08,0,0,0,0,0,0,0,0,0,0,0,0
baseline_sample,00169,2025-08-08,0,0,0,0,0,0,0,0,0,0,0,0
baseline_sample,01159,2025-08-11,0,0,0,0,0,0,0,0,0,0,0,0
baseline_sample,08035,2025-08-11,0,0,0,0,0,0,0,0,0,0,0,0
baseline_sample,06908,2025-08-11,0,0,0,0,0,0,1,0,0,0,1,0
baseline_sample,02439,2025-08-11,0,0,0,0,0,0,0,0,0,0,0,0
baseline_sample,00227,2025-08-11,0,0,0,0,0,0,0,0,0,0,0,0
baseline_sample,08106,2025-08-11,0,0,0,0,0,0,0,0,0,0,0,0
baseline_sample,01753,2025-08-11,0,0,0,0,0,0,0,0,0,0,0,0
baseline_sample,08219,2025-08-11,0,0,0,0,0,0,0,0,0,0,0,0
baseline_sample,08153,2025-08-11,0,0,0,0,0,0,0,1,0,0,0,1
baseline_sample,00080,2025-08-11,0,0,0,1,0,0,0,1,0,0,1,1
baseline_sample,01901,2025-08-12,0,0,0,0,0,0,0,0,0,0,0,0
baseline_sample,01878,2025-08-12,0,0,0,0,0,0,0,0,0,0,0,0
baseline_sample,01745,2025-08-12,0,0,0,0,0,0,0,0,0,0,0,0
baseline_sample,02350,2025-08-12,0,0,0,0,0,0,0,0,0,0,1,0
baseline_sample,00640,2025-08-12,0,0,0,0,0,0,1,0,0,0,1,0
baseline_sample,02545,2025-08-12,0,0,0,0,0,0,0,0,0,0,0,0
baseline_sample,01129,2025-08-12,0,0,0,0,0,0,0,0,0,0,0,0
baseline_sample,00227,2025-08-12,0,0,0,0,0,0,0,0,0,0,0,0
baseline_sample,02312,2025-08-12,0,0,1,0,0,0,1,0,0,0,1,0
baseline_sample,03315,2025-08-12,0,0,0,0,0,0,0,0,0,0,0,0
baseline_sample,00210,2025-08-13,0,0,0,0,0,0,0,0,0,0,0,0
baseline_sample,08267,2025-08-13,0,0,0,0,0,0,0,0,0,0,0,0
baseline_sample,01753,2025-08-13,0,0,0,0,0,0,0,0,0,0,0,0
baseline_sample,01943,2025-08-13,0,0,0,0,0,0,0,0,0,0,0,0
baseline_sample,06118,2025-08-13,0,0,0,0,0,0,0,0,0,0,0,0
baseline_sample,02257,2025-08-13,0,0,0,0,0,0,0,0,0,0,0,0
baseline_sample,00352,2025-08-13,0,0,0,0,0,0,0,0,0,0,0,0
baseline_sample,01725,2025-08-13,0,0,0,0,0,0,1,0,0,0,1,0
baseline_sample,00476,2025-08-13,0,0,0,0,0,0,1,0,0,0,1,0
baseline_sample,02459,2025-08-13,0,0,0,0,0,0,0,0,0,0,1,0
baseline_sample,01473,2025-08-14,0,0,0,0,0,0,0,0,0,0,0,0
baseline_sample,00209,2025-08-14,0,0,0,0,0,0,0,1,0,0,0,1
baseline_sample,01901,2025-08-14,0,0,0,0,0,0,0,0,0,0,0,0
baseline_sample,00082,2025-08-14,0,0,0,0,0,0,0,0,0,0,0,0
baseline_sample,01616,2025-08-14,0,0,0,0,0,0,0,0,0,0,0,0
baseline_sample,02146,2025-08-14,0,0,0,0,0,0,0,0,0,0,0,0
baseline_sample,02439,2025-08-14,0,0,0,0,0,0,0,0,0,0,0,0
baseline_sample,01080,2025-08-14,0,0,0,0,0,0,0,0,0,0,0,0
baseline_sample,01985,2025-08-14,0,0,0,0,0,0,0,0,0,0,0,0
baseline_sample,06877,2025-08-14,0,0,0,0,0,0,0,0,0,0,0,0
baseline_sample,00206,2025-08-15,0,0,0,0,0,0,0,0,0,0,0,0
baseline_sample,01813,2025-08-15,0,0,0,0,0,0,0,0,0,0,0,0
baseline_sample,00611,2025-08-15,0,0,0,0,0,0,0,0,0,0,0,0
baseline_sample,02136,2025-08-15,0,0,0,0,0,0,0,0,0,0,0,0
baseline_sample,02297,2025-08-15,0,0,0,0,0,0,0,0,0,0,0,0
baseline_sample,00235,2025-08-15,0,0,0,0,0,0,0,0,0,0,0,0
baseline_sample,00124,2025-08-15,0,0,0,0,0,0,0,0,0,0,0,0
baseline_sample,08187,2025-08-15,0,0,0,0,0,0,0,0,0,0,0,0
baseline_sample,08472,2025-08-15,0,0,0,0,0,0,0,0,0,0,0,0
baseline_sample,08037,2025-08-15,0,0,0,0,0,0,0,0,0,0,0,0
baseline_sample,08219,2025-08-18,0,0,0,0,0,0,0,0,0,0,0,0
baseline_sample,06918,2025-08-18,0,0,0,0,0,0,0,0,0,0,0,0
baseline_sample,08305,2025-08-18,0,0,0,0,0,0,0,0,0,0,0,0
baseline_sample,08267,2025-08-18,0,0,0,0,0,0,0,0,0,0,0,0
baseline_sample,00328,2025-08-18,0,0,0,0,0,0,0,0,0,0,0,0
baseline_sample,00145,2025-08-18,0,0,0,1,0,0,0,1,0,0,0,1
baseline_sample,01745,2025-08-18,0,0,0,0,0,0,0,0,0,0,0,0
baseline_sample,00672,2025-08-18,0,0,0,0,0,0,0,0,0,0,0,0
baseline_sample,08223,2025-08-18,0,0,0,0,0,0,0,0,0,0,0,0
baseline_sample,01085,2025-08-18,0,0,0,0,0,0,0,0,0,0,0,0
baseline_sample,08267,2025-08-19,0,0,0,0,0,0,0,0,0,0,0,0
baseline_sample,01778,2025-08-19,0,0,0,0,0,0,0,0,0,0,0,0
baseline_sample,06918,2025-08-19,0,0,0,0,0,0,0,0,0,0,0,0
baseline_sample,03300,2025-08-19,0,0,0,0,0,0,0,0,0,0,0,0
baseline_sample,02120,2025-08-19,0,0,0,0,0,0,0,0,0,0,0,0
baseline_sample,00767,2025-08-19,0,0,0,0,0,0,0,0,0,0,0,0
baseline_sample,08483,2025-08-19,0,0,0,0,0,0,0,0,0,0,0,0
baseline_sample,08521,2025-08-19,0,0,0,0,0,0,0,0,0,0,0,0
baseline_sample,03390,2025-08-19,0,0,0,0,0,0,0,0,0,0,0,0
baseline_sample,06811,2025-08-19,0,0,0,0,0,0,0,0,0,0,0,0
baseline_sample,01097,2025-08-20,0,0,0,0,0,0,0,0,0,0,0,0
baseline_sample,01020,2025-08-20,0,0,0,0,0,0,0,0,0,0,0,0
baseline_sample,01967,2025-08-20,0,0,0,0,0,0,0,0,0,0,0,0
baseline_sample,01725,2025-08-20,0,0,0,0,0,0,1,0,0,0,1,0
baseline_sample,01980,2025-08-20,0,0,0,0,1,0,0,0,1,0,0,0
baseline_sample,01746,2025-08-20,0,0,0,0,0,0,0,0,0,0,0,0
baseline_sample,08547,2025-08-20,0,0,0,0,0,0,1,0,0,0,1,1
baseline_sample,01943,2025-08-20,0,0,0,0,0,0,0,0,0,0,0,0
baseline_sample,03390,2025-08-20,0,0,0,0,0,0,0,0,0,0,0,0
baseline_sample,01901,2025-08-20,0,0,0,0,0,0,0,0,0,0,0,0
baseline_sample,06885,2025-08-21,0,0,0,0,0,0,0,0,0,0,0,0
baseline_sample,08406,2025-08-21,0,0,0,0,0,0,0,0,0,0,0,0
baseline_sample,00464,2025-08-21,0,0,0,0,0,0,1,0,0,0,1,0
baseline_sample,02297,2025-08-21,0,0,0,0,0,0,0,0,0,0,0,0
baseline_sample,01612,2025-08-21,0,0,0,0,0,0,0,0,0,0,0,0
baseline_sample,00417,2025-08-21,0,0,0,0,0,0,0,0,0,0,0,0
baseline_sample,01132,2025-08-21,0,0,0,0,0,0,0,0,0,0,0,0
baseline_sample,00520,2025-08-21,0,0,0,0,0,0,0,0,0,0,0,0
baseline_sample,01284,2025-08-21,0,0,0,0,0,0,0,0,0,0,0,0
baseline_sample,00894,2025-08-21,0,0,0,0,0,0,0,0,0,0,0,0
baseline_sample,02297,2025-08-22,0,0,0,0,0,0,0,0,0,0,0,0
baseline_sample,00825,2025-08-22,0,0,0,0,0,0,0,0,0,0,0,0
baseline_sample,00591,2025-08-22,0,0,0,0,0,0,0,0,0,0,0,0
baseline_sample,00328,2025-08-22,0,0,0,0,0,0,0,0,0,0,0,0
baseline_sample,01079,2025-08-22,0,0,0,0,0,0,1,0,0,0,1,0
baseline_sample,02312,2025-08-22,0,0,1,0,0,0,1,0,0,0,1,0
baseline_sample,00894,2025-08-22,0,0,0,0,0,0,0,0,0,0,0,0
baseline_sample,01502,2025-08-22,0,0,0,0,0,0,0,0,0,0,0,0
baseline_sample,00149,2025-08-22,0,0,0,0,0,0,0,0,0,0,0,0
baseline_sample,08547,2025-08-22,0,0,0,0,0,0,1,0,0,0,1,1
baseline_sample,01020,2025-08-25,0,0,0,0,0,0,0,0,0,0,0,0
baseline_sample,01243,2025-08-25,0,0,0,0,0,0,0,0,0,0,0,0
baseline_sample,01980,2025-08-25,0,0,0,0,1,0,0,0,1,0,0,0
baseline_sample,00343,2025-08-25,0,0,0,0,0,0,0,0,0,0,0,0
baseline_sample,01731,2025-08-25,0,0,0,0,0,0,0,0,0,0,0,0
baseline_sample,08188,2025-08-25,0,0,0,0,0,0,0,0,0,0,0,0
baseline_sample,01346,2025-08-25,0,0,0,0,0,0,0,0,0,0,0,0
baseline_sample,02369,2025-08-25,0,0,0,0,0,0,0,0,0,0,0,0
baseline_sample,01522,2025-08-25,0,0,0,0,0,0,0,0,0,0,0,0
baseline_sample,00464,2025-08-25,0,0,0,0,0,0,1,0,0,0,1,0
baseline_sample,03315,2025-08-26,0,0,0,0,0,0,0,0,0,0,0,0
baseline_sample,00227,2025-08-26,0,0,0,0,0,0,0,0,0,0,0,0
baseline_sample,00022,2025-08-26,0,0,0,0,0,0,0,0,0,0,0,0
baseline_sample,03828,2025-08-26,0,0,0,0,0,0,0,0,0,0,0,0
baseline_sample,00632,2025-08-26,0,0,0,0,0,0,0,0,0,0,0,0
baseline_sample,08521,2025-08-26,0,0,0,0,0,0,0,0,0,0,0,0
baseline_sample,00334,2025-08-26,0,0,0,0,0,0,0,0,0,0,0,0
baseline_sample,03368,2025-08-26,0,0,0,0,0,0,0,0,0,0,0,0
baseline_sample,01180,2025-08-26,0,0,0,0,0,0,0,0,0,0,0,0
baseline_sample,00139,2025-08-26,0,0,0,0,0,0,0,0,0,0,1,0
baseline_sample,01617,2025-08-27,0,0,0,0,0,0,0,0,0,0,0,0
baseline_sample,02605,2025-08-27,0,0,0,0,0,0,0,0,0,0,0,0
baseline_sample,00097,2025-08-27,0,0,0,0,0,0,0,0,0,0,0,0
baseline_sample,08028,2025-08-27,0,0,0,0,0,0,0,0,0,0,0,0
baseline_sample,08037,2025-08-27,0,0,0,0,0,0,0,0,0,0,0,0
baseline_sample,00227,2025-08-27,0,0,0,0,0,0,0,0,0,0,0,0
baseline_sample,00721,2025-08-27,0,0,0,0,0,0,0,0,0,0,0,0
baseline_sample,00169,2025-08-27,0,0,0,0,0,0,0,0,0,0,0,0
baseline_sample,00243,2025-08-27,0,0,0,0,0,0,0,0,0,0,0,0
baseline_sample,08239,2025-08-27,0,0,0,0,0,0,0,0,0,0,0,0
baseline_sample,00355,2025-08-28,0,0,0,0,0,0,0,0,0,0,0,0
baseline_sample,00611,2025-08-28,0,0,0,0,0,0,0,0,0,0,0,0
baseline_sample,03828,2025-08-28,0,0,0,0,0,0,0,0,0,0,0,0
baseline_sample,00643,2025-08-28,1,0,0,0,1,0,0,0,1,0,0,0
baseline_sample,06811,2025-08-28,0,0,0,0,0,0,0,0,0,0,0,0
baseline_sample,01087,2025-08-28,0,0,0,0,0,0,0,0,0,0,0,0
baseline_sample,00417,2025-08-28,0,0,0,0,0,0,0,0,0,0,0,0
baseline_sample,01942,2025-08-28,0,0,0,0,0,0,0,0,0,0,0,0
baseline_sample,01111,2025-08-28,0,0,0,0,0,0,0,0,0,0,0,0
baseline_sample,00616,2025-08-28,0,0,0,0,0,0,1,0,0,0,1,0
baseline_sample,01870,2025-08-29,0,0,0,0,0,0,1,0,0,0,1,0
baseline_sample,00328,2025-08-29,0,0,0,0,0,0,0,0,0,0,0,0
baseline_sample,01141,2025-08-29,0,0,0,0,0,0,0,0,0,0,0,0
baseline_sample,02298,2025-08-29,0,0,0,0,0,0,0,0,0,0,0,0
baseline_sample,00033,2025-08-29,0,0,0,0,0,0,0,0,0,0,0,0
baseline_sample,03395,2025-08-29,0,0,1,0,0,0,1,0,0,0,1,0
baseline_sample,08219,2025-08-29,0,0,0,0,0,0,0,0,0,0,0,0
baseline_sample,08232,2025-08-29,0,0,0,0,0,0,0,0,0,0,0,0
baseline_sample,00894,2025-08-29,0,0,0,0,0,0,0,0,0,0,0,0
baseline_sample,00620,2025-08-29,0,0,0,0,0,0,0,0,0,0,0,0
baseline_sample,08371,2025-09-01,0,0,0,0,0,0,0,0,0,0,0,0
baseline_sample,02699,2025-09-01,0,0,0,0,0,0,0,0,0,0,0,1
baseline_sample,01087,2025-09-01,0,0,0,0,0,0,0,0,0,0,0,0
baseline_sample,00337,2025-09-01,0,0,0,0,0,0,0,0,0,0,0,0
baseline_sample,01468,2025-09-01,0,0,0,0,0,0,0,0,0,0,0,0
baseline_sample,08095,2025-09-01,0,0,0,0,0,0,0,0,0,0,0,0
baseline_sample,03315,2025-09-01,0,0,0,0,0,0,0,0,0,0,0,0
baseline_sample,00690,2025-09-01,0,0,0,0,0,0,0,0,0,0,0,0
baseline_sample,00361,2025-09-01,1,0,0,0,1,0,0,0,1,0,0,0
baseline_sample,00228,2025-09-01,0,0,0,0,1,0,0,0,1,0,0,0
baseline_sample,08095,2025-09-02,0,0,0,0,0,0,0,0,0,0,0,0
baseline_sample,01180,2025-09-02,0,0,0,0,0,0,0,0,0,0,0,0
baseline_sample,06908,2025-09-02,0,0,0,0,0,0,1,0,0,0,1,0
baseline_sample,00698,2025-09-02,0,0,0,0,0,0,0,0,0,0,0,0
baseline_sample,01150,2025-09-02,0,0,0,0,0,0,0,0,0,0,0,0
baseline_sample,01745,2025-09-02,0,0,0,0,0,0,0,0,0,0,0,0
baseline_sample,01617,2025-09-02,0,0,0,0,0,0,0,0,0,0,0,0
baseline_sample,06811,2025-09-02,0,0,0,0,0,0,0,0,0,0,0,0
baseline_sample,00536,2025-09-02,0,0,0,0,0,0,0,0,0,0,0,0
baseline_sample,00875,2025-09-02,0,0,0,0,0,0,0,0,0,0,0,0
baseline_sample,08087,2025-09-03,0,0,0,0,0,0,0,0,0,0,0,0
baseline_sample,00698,2025-09-03,0,0,0,0,0,0,0,0,0,0,0,0
baseline_sample,02122,2025-09-03,0,0,0,0,0,0,0,0,0,0,0,0
baseline_sample,08622,2025-09-03,1,0,0,0,1,0,0,0,1,0,0,0
baseline_sample,00033,2025-09-03,0,0,0,0,0,0,0,0,0,0,0,0
baseline_sample,02120,2025-09-03,0,0,0,0,0,0,0,0,0,0,0,0
baseline_sample,00080,2025-09-03,0,0,0,1,0,0,1,1,0,0,1,1
baseline_sample,06918,2025-09-03,0,0,0,0,0,0,0,0,0,0,0,0
baseline_sample,08219,2025-09-03,0,0,0,0,0,0,0,0,0,0,0,0
baseline_sample,08106,2025-09-03,0,0,0,0,0,0,0,0,0,0,1,0
baseline_sample,02312,2025-09-04,0,0,1,0,0,0,1,0,0,0,1,0
baseline_sample,08232,2025-09-04,0,0,0,0,0,0,0,0,0,0,0,0
baseline_sample,00145,2025-09-04,0,0,0,1,0,0,0,1,0,0,0,1
baseline_sample,00591,2025-09-04,0,0,0,0,0,0,0,0,0,0,0,0
baseline_sample,01147,2025-09-04,0,0,0,0,0,0,0,0,0,0,0,0
baseline_sample,02699,2025-09-04,0,0,0,0,0,0,0,0,0,0,0,1
baseline_sample,08066,2025-09-04,0,0,0,0,0,0,0,0,0,0,0,0
baseline_sample,00632,2025-09-04,0,0,0,0,0,0,0,0,0,0,0,0
baseline_sample,01612,2025-09-04,0,0,0,0,0,0,0,0,0,0,0,0
baseline_sample,08087,2025-09-04,0,0,0,0,0,0,0,0,0,0,0,0
baseline_sample,00632,2025-09-05,0,0,0,0,0,0,0,0,0,0,0,0
baseline_sample,02503,2025-09-05,0,0,0,0,0,0,1,0,0,0,1,0
baseline_sample,00536,2025-09-05,0,0,0,0,0,0,0,0,0,0,0,0
baseline_sample,00616,2025-09-05,0,0,0,0,0,0,1,0,0,0,1,0
baseline_sample,01870,2025-09-05,0,0,0,0,0,0,1,0,0,0,1,0
baseline_sample,01628,2025-09-05,0,0,0,0,0,0,0,0,0,0,0,0
baseline_sample,03300,2025-09-05,0,0,0,0,0,0,0,0,0,0,0,0
baseline_sample,00690,2025-09-05,0,0,0,0,0,0,0,0,0,0,0,0
baseline_sample,01282,2025-09-05,0,0,0,0,0,0,0,0,0,0,0,0
baseline_sample,00417,2025-09-05,0,0,0,0,0,0,0,0,0,0,0,0
baseline_sample,01079,2025-09-08,0,0,0,0,0,0,1,0,0,0,1,0
baseline_sample,02350,2025-09-08,0,0,0,0,0,0,1,0,0,0,1,0
baseline_sample,08365,2025-09-08,0,0,1,0,0,0,1,0,0,0,1,0
baseline_sample,08095,2025-09-08,0,0,0,0,0,0,0,0,0,0,0,0
baseline_sample,02521,2025-09-08,0,0,0,0,0,0,0,0,0,0,0,0
baseline_sample,03883,2025-09-08,0,0,0,0,0,0,0,0,0,0,0,0
baseline_sample,08187,2025-09-08,0,0,0,0,0,0,0,0,0,0,0,0
baseline_sample,01419,2025-09-08,0,0,0,0,0,0,0,0,0,0,0,0
baseline_sample,01901,2025-09-08,0,0,0,0,0,0,0,0,0,0,0,0
baseline_sample,01745,2025-09-08,0,0,0,0,0,0,0,0,0,0,0,0
baseline_sample,00712,2025-09-09,0,0,0,0,0,0,0,0,0,0,0,0
baseline_sample,01413,2025-09-09,0,0,0,0,0,1,1,0,0,1,1,0
baseline_sample,03913,2025-09-09,0,0,0,0,0,0,0,0,0,0,0,0
baseline_sample,08401,2025-09-09,0,0,0,0,0,0,0,0,0,0,0,0
baseline_sample,08219,2025-09-09,0,0,0,0,0,0,0,0,0,0,0,0
baseline_sample,08050,2025-09-09,0,1,0,0,0,1,0,0,0,1,0,0
baseline_sample,08365,2025-09-09,0,0,1,0,0,0,1,0,0,0,1,0
baseline_sample,03883,2025-09-09,0,0,0,0,0,0,0,0,0,0,0,0
baseline_sample,06860,2025-09-09,0,0,0,0,0,0,0,0,0,0,0,0
baseline_sample,00757,2025-09-09,0,0,0,0,0,0,0,0,0,0,0,0
baseline_sample,03913,2025-09-10,0,0,0,0,0,0,0,0,0,0,0,0
baseline_sample,08132,2025-09-10,0,0,0,0,0,0,0,0,0,0,0,0
baseline_sample,00515,2025-09-10,0,0,0,0,0,0,0,0,0,0,0,0
baseline_sample,00417,2025-09-10,0,0,0,0,0,0,0,0,0,0,0,0
baseline_sample,00591,2025-09-10,0,0,0,0,0,0,0,0,0,0,0,0
baseline_sample,00301,2025-09-10,0,0,0,0,0,0,0,0,0,0,0,0
baseline_sample,01522,2025-09-10,0,0,0,0,0,0,0,0,0,0,0,0
baseline_sample,02885,2025-09-10,0,0,0,0,0,0,0,0,0,0,0,0
baseline_sample,02312,2025-09-10,0,0,1,0,0,0,1,0,0,0,1,0
baseline_sample,00616,2025-09-10,0,0,0,0,0,0,1,0,0,0,1,0
baseline_sample,00929,2025-09-11,0,0,0,0,0,0,0,0,0,0,0,0
baseline_sample,01159,2025-09-11,0,0,0,0,0,0,0,0,0,0,0,0
baseline_sample,01087,2025-09-11,0,0,0,0,0,0,0,0,0,0,0,0
baseline_sample,01413,2025-09-11,0,0,1,0,0,1,1,0,0,1,1,0
baseline_sample,02312,2025-09-11,0,0,1,0,0,0,1,0,0,0,1,0
baseline_sample,00328,2025-09-11,0,0,0,0,0,0,0,0,0,0,0,0
baseline_sample,00355,2025-09-11,0,0,0,0,0,0,0,0,0,0,0,0
baseline_sample,01425,2025-09-11,0,0,0,0,0,0,0,0,0,0,0,0
baseline_sample,08365,2025-09-11,0,0,1,0,0,0,1,0,0,0,1,0
baseline_sample,01943,2025-09-11,0,0,0,0,0,0,0,0,0,0,0,0
baseline_sample,01379,2025-09-12,0,0,0,0,0,0,0,0,0,0,0,0
baseline_sample,03601,2025-09-12,0,0,0,0,0,0,0,0,0,0,0,0
baseline_sample,00464,2025-09-12,0,0,1,0,0,0,1,0,0,0,1,0
baseline_sample,00420,2025-09-12,0,0,0,0,0,0,0,0,0,0,0,0
baseline_sample,08547,2025-09-12,0,0,0,0,0,0,1,0,0,0,1,1
baseline_sample,00617,2025-09-12,0,0,0,0,0,0,0,0,0,0,0,0
baseline_sample,02369,2025-09-12,0,0,0,0,0,0,0,0,0,0,0,0
baseline_sample,08232,2025-09-12,0,0,0,0,0,0,0,0,0,0,0,0
baseline_sample,01623,2025-09-12,0,0,0,0,0,0,0,0,0,0,0,0
baseline_sample,01079,2025-09-12,0,0,0,0,0,0,1,0,0,0,1,0
baseline_sample,00712,2025-09-15,0,0,0,0,0,0,0,0,0,0,0,0
baseline_sample,06908,2025-09-15,0,0,0,0,0,0,1,0,0,0,1,0
baseline_sample,06162,2025-09-15,0,0,0,0,0,0,0,0,0,0,0,0
baseline_sample,02683,2025-09-15,0,0,0,0,0,0,0,0,0,0,0,0
baseline_sample,01473,2025-09-15,0,0,0,0,0,0,0,0,0,0,0,0
baseline_sample,03315,2025-09-15,0,0,0,0,0,0,0,0,0,0,0,0
baseline_sample,00167,2025-09-15,0,0,0,0,1,0,0,0,1,0,1,0
baseline_sample,01938,2025-09-15,0,0,0,0,0,0,0,0,0,0,0,0
baseline_sample,01725,2025-09-15,0,0,0,0,0,0,1,0,0,0,1,0
baseline_sample,08622,2025-09-15,1,0,0,0,1,0,0,0,1,0,0,0
baseline_sample,01079,2025-09-16,0,0,0,0,0,0,1,0,0,0,1,0
baseline_sample,02297,2025-09-16,0,0,0,0,0,0,0,0,0,0,0,0
baseline_sample,08371,2025-09-16,0,0,0,0,0,0,0,0,0,0,0,0
baseline_sample,01653,2025-09-16,0,0,0,0,0,0,0,0,0,0,0,0
baseline_sample,06128,2025-09-16,0,0,0,0,0,0,0,0,0,0,0,0
baseline_sample,00355,2025-09-16,0,0,0,0,0,0,0,0,0,0,0,0
baseline_sample,00736,2025-09-16,0,0,0,0,0,0,0,0,0,0,0,0
baseline_sample,00932,2025-09-16,0,0,0,0,0,0,0,0,0,0,0,0
baseline_sample,02012,2025-09-16,0,0,1,0,0,0,1,0,0,0,1,0
baseline_sample,00464,2025-09-16,0,0,1,0,0,0,1,0,0,0,1,0
baseline_sample,08275,2025-09-17,0,0,0,0,0,0,1,0,0,0,1,0
baseline_sample,01623,2025-09-17,0,0,0,0,0,0,0,0,0,0,0,0
baseline_sample,00228,2025-09-17,0,0,0,0,1,0,0,0,1,0,0,0
baseline_sample,01079,2025-09-17,0,0,0,0,0,0,1,0,0,0,1,0
baseline_sample,08239,2025-09-17,0,0,0,0,0,0,0,0,0,0,0,0
baseline_sample,06068,2025-09-17,0,0,0,0,0,0,0,0,0,0,0,0
baseline_sample,00474,2025-09-17,0,0,0,0,0,0,0,0,0,0,1,0
baseline_sample,01522,2025-09-17,0,0,0,0,0,0,0,0,0,0,0,0
baseline_sample,01124,2025-09-17,0,0,0,0,0,0,0,0,0,0,0,0
baseline_sample,03395,2025-09-17,0,0,1,0,0,0,1,0,0,0,1,0
baseline_sample,01180,2025-09-18,0,0,0,0,0,0,0,0,0,0,0,0
baseline_sample,00343,2025-09-18,0,0,0,0,0,0,0,0,0,0,0,0
baseline_sample,00355,2025-09-18,0,0,0,0,0,0,0,0,0,0,0,0
baseline_sample,01942,2025-09-18,0,0,0,0,0,0,0,0,0,0,0,0
baseline_sample,00227,2025-09-18,0,0,0,0,0,0,0,0,0,0,0,0
baseline_sample,06696,2025-09-18,0,0,0,0,0,0,0,0,0,0,0,0
baseline_sample,01094,2025-09-18,0,0,0,0,0,0,0,0,0,0,0,0
baseline_sample,06162,2025-09-18,0,0,0,0,0,0,0,0,0,0,0,0
baseline_sample,00875,2025-09-18,0,0,0,0,0,0,0,0,0,0,0,0
baseline_sample,01473,2025-09-18,0,0,0,0,0,0,0,0,0,0,0,0
baseline_sample,01215,2025-09-19,0,0,0,0,0,0,0,0,0,0,0,0
baseline_sample,00078,2025-09-19,0,0,0,0,0,0,0,0,0,0,0,0
baseline_sample,00698,2025-09-19,0,0,0,0,0,0,0,0,0,0,0,0
baseline_sample,01094,2025-09-19,0,0,0,0,0,0,0,0,0,0,0,0
baseline_sample,00994,2025-09-19,0,0,0,0,0,0,0,0,0,0,0,0
baseline_sample,00690,2025-09-19,0,0,0,0,0,0,0,0,0,0,0,0
baseline_sample,08365,2025-09-19,0,0,1,0,0,0,1,0,0,0,1,0
baseline_sample,00334,2025-09-19,0,0,0,0,0,0,0,0,0,0,0,0
baseline_sample,00616,2025-09-19,0,0,0,0,0,0,1,0,0,0,1,0
baseline_sample,01623,2025-09-19,0,0,0,0,0,0,0,0,0,0,0,0
baseline_sample,01612,2025-09-22,0,0,0,0,0,0,0,0,0,0,0,0
baseline_sample,00611,2025-09-22,0,0,0,0,0,0,0,0,0,0,0,0
baseline_sample,02369,2025-09-22,0,0,0,0,0,0,0,0,0,0,0,0
baseline_sample,00929,2025-09-22,0,0,0,0,0,0,0,0,0,0,0,0
baseline_sample,01468,2025-09-22,0,0,0,0,0,0,0,0,0,1,1,0
baseline_sample,01617,2025-09-22,0,0,0,0,0,0,0,0,0,0,0,0
baseline_sample,08500,2025-09-22,0,0,0,0,0,0,0,0,0,0,0,0
baseline_sample,02122,2025-09-22,0,0,0,0,0,0,0,0,0,0,0,0
baseline_sample,02459,2025-09-22,0,0,0,0,0,0,0,0,0,0,1,0
baseline_sample,01376,2025-09-22,0,0,0,0,0,0,0,0,0,0,0,0
baseline_sample,02297,2025-09-23,0,0,0,0,0,0,0,0,0,0,0,0
baseline_sample,01745,2025-09-23,0,0,0,0,0,0,0,0,0,0,0,0
baseline_sample,00519,2025-09-23,0,0,0,0,0,0,0,0,0,0,0,0
baseline_sample,00789,2025-09-23,0,0,0,0,0,0,0,0,0,0,0,0
baseline_sample,01991,2025-09-23,0,0,0,0,0,0,0,0,0,0,0,1
baseline_sample,09928,2025-09-23,0,0,0,0,0,0,0,0,0,0,0,0
baseline_sample,08081,2025-09-23,0,0,0,0,0,0,0,0,0,0,0,0
baseline_sample,01725,2025-09-23,0,0,0,0,0,0,1,0,0,0,1,0
baseline_sample,00936,2025-09-23,0,0,0,0,0,0,0,0,0,0,0,0
baseline_sample,06136,2025-09-23,0,0,0,0,0,0,0,0,0,0,0,0
baseline_sample,00433,2025-09-24,0,0,0,0,0,0,0,0,0,0,0,0
baseline_sample,08107,2025-09-24,0,0,0,0,0,0,0,0,0,0,0,0
baseline_sample,02369,2025-09-24,0,0,0,0,0,0,0,0,0,0,0,0
baseline_sample,01643,2025-09-24,0,0,0,0,0,0,0,0,0,0,0,0
baseline_sample,00875,2025-09-24,0,0,0,0,0,0,0,0,0,0,0,0
baseline_sample,01079,2025-09-24,0,0,0,0,0,0,1,0,0,0,1,0
baseline_sample,00474,2025-09-24,0,0,0,0,0,0,0,0,0,0,1,0
baseline_sample,01865,2025-09-24,0,0,0,0,0,0,0,0,0,0,0,0
baseline_sample,02122,2025-09-24,0,0,0,0,0,0,0,0,0,0,0,0
baseline_sample,01165,2025-09-24,0,0,0,0,0,0,0,0,0,0,0,0
baseline_sample,01425,2025-09-25,0,0,0,0,0,0,0,0,0,0,0,0
baseline_sample,00519,2025-09-25,0,0,0,0,0,0,0,0,0,0,0,0
baseline_sample,00632,2025-09-25,0,0,0,0,0,0,0,0,0,0,0,0
baseline_sample,01725,2025-09-25,0,0,0,0,0,0,1,0,0,0,1,0
baseline_sample,08232,2025-09-25,0,0,0,0,0,0,0,0,0,0,0,0
baseline_sample,02280,2025-09-25,0,0,0,0,0,0,0,0,0,0,0,0
baseline_sample,08305,2025-09-25,0,0,0,0,0,0,0,0,0,0,0,0
baseline_sample,00936,2025-09-25,0,0,0,0,0,0,0,0,0,0,0,0
baseline_sample,08509,2025-09-25,0,0,0,0,0,0,0,0,0,0,0,0
baseline_sample,01312,2025-09-25,0,0,0,0,0,0,0,0,0,0,0,0
baseline_sample,00875,2025-09-26,0,0,0,0,0,0,0,0,0,0,0,0
baseline_sample,01856,2025-09-26,0,0,0,0,0,0,0,0,0,0,0,0
baseline_sample,01725,2025-09-26,0,0,0,0,0,0,1,0,0,0,1,0
baseline_sample,01723,2025-09-26,0,0,0,0,0,0,0,0,0,0,0,0
baseline_sample,02521,2025-09-26,0,0,0,0,0,0,0,0,0,0,0,0
baseline_sample,01150,2025-09-26,0,0,0,0,0,0,0,0,0,0,0,0
baseline_sample,00328,2025-09-26,0,0,0,0,0,0,0,0,0,0,0,1
baseline_sample,06918,2025-09-26,0,0,0,0,0,0,0,0,0,0,0,0
baseline_sample,02122,2025-09-26,0,0,0,0,0,0,0,0,0,0,0,0
baseline_sample,00139,2025-09-26,0,0,0,0,0,0,1,0,0,0,1,0
baseline_sample,09928,2025-09-29,0,0,0,0,0,0,0,0,0,0,0,0
baseline_sample,01745,2025-09-29,0,0,0,0,0,0,0,0,0,0,0,0
baseline_sample,00464,2025-09-29,0,0,1,0,0,0,1,0,0,0,1,0
baseline_sample,02486,2025-09-29,0,0,0,0,0,0,0,0,0,0,0,0
baseline_sample,01037,2025-09-29,0,0,0,0,0,0,0,0,0,0,0,0
baseline_sample,08232,2025-09-29,0,0,0,0,0,0,0,0,0,0,0,0
baseline_sample,01097,2025-09-29,0,0,0,0,0,0,0,0,0,0,0,0
baseline_sample,01413,2025-09-29,0,1,1,0,0,1,1,0,0,1,1,0
baseline_sample,01757,2025-09-29,1,0,0,0,1,0,0,0,1,0,0,0
baseline_sample,01732,2025-09-29,0,0,0,0,1,0,0,0,1,0,0,0
baseline_sample,08637,2025-09-30,0,0,0,0,0,0,0,0,0,0,0,0
baseline_sample,00474,2025-09-30,0,0,0,0,0,0,0,0,0,0,1,0
baseline_sample,00139,2025-09-30,0,0,0,0,0,0,1,0,0,0,1,0
baseline_sample,08472,2025-09-30,0,0,0,0,0,0,0,0,0,0,0,0
baseline_sample,00591,2025-09-30,0,0,0,0,0,0,0,0,0,0,0,0
baseline_sample,00632,2025-09-30,0,0,0,0,0,0,0,0,0,0,0,0
baseline_sample,00361,2025-09-30,0,0,0,0,0,0,0,0,0,0,0,0
baseline_sample,08305,2025-09-30,0,0,0,0,0,0,0,0,0,0,0,0
baseline_sample,00476,2025-09-30,0,0,1,0,0,0,1,0,0,0,1,0
baseline_sample,00723,2025-09-30,0,0,0,0,0,0,0,0,0,0,0,0
baseline_sample,06885,2025-10-02,0,0,0,0,0,0,0,0,0,0,0,0
baseline_sample,01980,2025-10-02,1,0,0,0,1,0,0,0,1,0,0,0
baseline_sample,08007,2025-10-02,0,0,0,0,0,0,0,0,0,0,0,0
baseline_sample,08490,2025-10-02,0,0,0,0,0,0,0,0,0,0,0,0
baseline_sample,02503,2025-10-02,0,0,1,0,0,0,1,0,0,0,1,1
baseline_sample,00209,2025-10-02,0,0,0,1,0,0,0,1,0,0,0,1
baseline_sample,03883,2025-10-02,0,0,0,0,0,0,0,0,0,0,0,0
baseline_sample,06908,2025-10-02,0,0,0,0,0,0,1,0,0,0,1,0
baseline_sample,01856,2025-10-02,0,0,0,0,0,0,0,0,0,0,0,0
baseline_sample,02322,2025-10-02,0,0,1,0,0,0,1,0,0,0,1,0
baseline_sample,02405,2025-10-03,0,0,0,0,0,0,0,0,0,0,0,0
baseline_sample,02203,2025-10-03,0,0,0,0,0,0,0,0,0,0,0,0
baseline_sample,01226,2025-10-03,0,0,0,0,0,0,0,0,0,0,0,0
baseline_sample,02459,2025-10-03,0,0,0,0,0,0,1,0,0,1,1,0
baseline_sample,08305,2025-10-03,0,0,0,0,0,0,0,0,0,0,0,0
baseline_sample,06908,2025-10-03,0,0,1,0,0,0,1,0,0,0,1,0
baseline_sample,01087,2025-10-03,0,0,0,0,0,0,0,0,0,0,0,0
baseline_sample,01046,2025-10-03,0,0,0,0,0,0,0,0,0,0,0,0
baseline_sample,00653,2025-10-03,0,0,0,0,0,0,0,0,0,0,1,0
baseline_sample,01522,2025-10-03,0,0,0,0,0,0,0,0,0,0,0,0
baseline_sample,00690,2025-10-06,0,0,0,0,0,0,0,0,0,0,0,0
baseline_sample,08148,2025-10-06,0,0,0,0,0,0,0,0,0,0,0,0
baseline_sample,01652,2025-10-06,0,0,0,0,0,0,0,0,0,0,0,0
baseline_sample,08269,2025-10-06,0,0,0,0,0,0,0,0,0,0,0,0
baseline_sample,06162,2025-10-06,0,0,0,0,0,0,0,0,0,0,0,0
baseline_sample,08472,2025-10-06,0,0,0,0,0,0,0,0,0,0,0,0
baseline_sample,08368,2025-10-06,0,0,0,0,0,0,0,0,0,0,0,0
baseline_sample,00235,2025-10-06,0,0,0,0,0,0,0,0,0,0,0,0
baseline_sample,01878,2025-10-06,0,0,0,0,0,0,0,0,0,0,0,0
baseline_sample,06918,2025-10-06,0,0,0,0,0,0,0,0,0,0,0,0
baseline_sample,01037,2025-10-08,0,0,0,0,0,0,0,0,0,0,0,0
baseline_sample,02605,2025-10-08,0,0,0,0,0,0,0,0,0,0,0,0
baseline_sample,08350,2025-10-08,0,0,0,0,0,0,0,0,0,0,0,0
baseline_sample,00929,2025-10-08,0,0,0,0,0,0,0,0,0,0,0,0
baseline_sample,00776,2025-10-08,0,0,0,0,0,0,0,0,0,0,0,0
baseline_sample,02699,2025-10-08,0,0,0,0,0,0,0,0,0,0,0,1
baseline_sample,01780,2025-10-08,0,0,0,0,0,0,0,0,0,0,0,0
baseline_sample,00653,2025-10-08,0,0,0,0,0,0,0,0,0,0,1,0
baseline_sample,01745,2025-10-08,0,0,0,0,0,0,0,0,0,0,0,0
baseline_sample,01942,2025-10-08,0,0,0,0,0,0,0,0,0,0,0,0
baseline_sample,02369,2025-10-09,0,0,0,0,0,0,0,0,0,0,0,0
baseline_sample,00757,2025-10-09,0,0,0,0,0,0,0,0,0,0,0,0
baseline_sample,00510,2025-10-09,0,0,0,0,0,0,0,0,0,0,0,0
baseline_sample,02312,2025-10-09,0,0,0,0,0,0,0,0,0,0,0,0
baseline_sample,06918,2025-10-09,0,0,0,0,0,0,0,0,0,0,0,0
baseline_sample,02699,2025-10-09,0,0,0,0,0,0,0,0,0,0,0,1
baseline_sample,01856,2025-10-09,0,0,0,0,0,0,0,0,0,0,0,0
baseline_sample,01725,2025-10-09,0,0,1,0,0,0,1,0,0,0,1,0
baseline_sample,02350,2025-10-09,0,0,0,0,0,0,1,0,0,0,1,0
baseline_sample,01636,2025-10-09,0,0,0,0,0,0,0,0,0,0,0,0
baseline_sample,00876,2025-10-10,0,0,0,0,0,0,0,0,0,1,1,0
baseline_sample,00690,2025-10-10,0,0,0,0,0,0,0,0,0,0,0,0
baseline_sample,01870,2025-10-10,0,0,1,0,0,0,1,0,0,0,1,0
baseline_sample,01468,2025-10-10,0,0,0,0,0,0,0,0,0,1,1,0
baseline_sample,01942,2025-10-10,0,0,0,0,0,0,0,0,0,0,0,0
baseline_sample,06080,2025-10-10,0,0,0,0,0,0,0,0,0,0,0,0
baseline_sample,01373,2025-10-10,0,0,0,0,0,0,0,0,0,0,0,0
baseline_sample,01745,2025-10-10,0,0,0,0,0,0,0,0,0,0,0,0
baseline_sample,08037,2025-10-10,0,0,0,0,0,0,0,0,0,0,0,0
baseline_sample,08238,2025-10-10,0,0,1,1,0,0,1,1,0,0,1,1
baseline_sample,01725,2025-10-13,0,0,1,0,0,0,1,0,0,0,1,0
baseline_sample,02136,2025-10-13,0,0,0,0,0,0,0,0,0,0,0,0
baseline_sample,00536,2025-10-13,0,0,0,0,0,0,0,0,0,0,0,0
baseline_sample,00620,2025-10-13,0,0,0,0,0,0,0,0,0,0,0,0
baseline_sample,08191,2025-10-13,0,0,0,0,0,0,1,0,0,0,1,0
baseline_sample,08549,2025-10-13,0,0,0,0,0,0,0,0,0,0,0,0
baseline_sample,08637,2025-10-13,0,0,0,0,0,0,0,0,0,0,0,0
baseline_sample,01489,2025-10-13,0,0,0,0,0,0,0,0,0,0,0,0
baseline_sample,08238,2025-10-13,0,0,1,1,0,0,1,1,0,0,1,1
baseline_sample,08187,2025-10-13,0,0,0,0,0,0,0,0,0,0,0,0
baseline_sample,02486,2025-10-14,0,0,0,0,0,0,0,0,0,0,0,0
baseline_sample,00301,2025-10-14,0,0,0,0,0,0,0,0,0,0,0,0
baseline_sample,00736,2025-10-14,0,0,0,0,0,0,0,0,0,0,0,0
baseline_sample,02521,2025-10-14,0,0,0,0,0,0,0,0,0,0,0,0
baseline_sample,01376,2025-10-14,0,0,0,0,0,0,0,0,0,0,0,0
baseline_sample,06162,2025-10-14,0,0,0,0,0,0,0,0,0,0,0,0
baseline_sample,00750,2025-10-14,0,0,0,0,0,0,0,0,0,0,0,0
baseline_sample,03315,2025-10-14,0,0,0,0,0,0,0,0,0,0,0,0
baseline_sample,06885,2025-10-14,0,0,0,0,0,0,0,0,0,0,0,0
baseline_sample,02369,2025-10-14,0,0,0,0,0,0,0,0,0,0,0,0
baseline_sample,00632,2025-10-15,0,0,0,0,0,0,0,0,0,0,0,0
baseline_sample,08238,2025-10-15,0,0,1,1,0,0,1,1,0,0,1,1
baseline_sample,02392,2025-10-15,0,0,0,0,0,0,0,0,0,0,0,0
baseline_sample,06908,2025-10-15,0,0,1,0,0,0,1,0,0,0,1,0
baseline_sample,01856,2025-10-15,0,0,0,0,0,0,0,0,0,0,0,0
baseline_sample,01401,2025-10-15,0,0,0,0,0,0,0,0,0,0,0,0
baseline_sample,00736,2025-10-15,0,0,0,0,0,0,0,0,0,0,0,0
baseline_sample,08305,2025-10-15,0,0,0,0,0,0,0,0,0,0,0,0
baseline_sample,02237,2025-10-15,0,0,0,0,0,0,0,0,0,0,0,0
baseline_sample,01037,2025-10-15,0,0,0,0,0,0,0,0,0,0,0,0
baseline_sample,00471,2025-10-16,0,0,0,1,0,0,0,1,0,0,0,1
baseline_sample,01725,2025-10-16,0,0,1,0,0,0,1,0,0,0,1,0
baseline_sample,01148,2025-10-16,0,0,0,0,0,0,0,0,0,0,0,0
baseline_sample,02625,2025-10-16,0,0,1,0,0,0,1,0,0,0,1,0
baseline_sample,02312,2025-10-16,0,0,0,0,0,0,0,0,0,0,0,0
baseline_sample,01150,2025-10-16,0,0,0,0,0,0,0,0,0,0,0,0
baseline_sample,06610,2025-10-16,0,0,0,0,0,0,0,0,0,0,0,0
baseline_sample,08037,2025-10-16,0,0,0,0,0,0,0,0,0,0,0,0
baseline_sample,01351,2025-10-16,0,0,0,0,0,0,0,0,0,0,0,0
baseline_sample,00736,2025-10-16,0,0,0,0,0,0,0,0,0,0,0,0
baseline_sample,03302,2025-10-17,0,0,0,0,0,0,0,0,0,0,0,0
baseline_sample,02167,2025-10-17,0,0,0,0,0,0,0,0,0,0,0,0
baseline_sample,01468,2025-10-17,0,0,0,0,0,0,0,0,0,1,1,0
baseline_sample,06908,2025-10-17,0,0,1,0,0,0,1,0,0,0,1,0
baseline_sample,01865,2025-10-17,0,0,0,0,0,0,0,0,0,0,0,0
baseline_sample,08305,2025-10-17,0,0,0,0,0,0,0,0,0,0,0,0
baseline_sample,08611,2025-10-17,0,0,0,0,0,0,0,1,0,0,0,1
baseline_sample,02312,2025-10-17,0,0,0,0,0,0,0,0,0,0,0,0
baseline_sample,00929,2025-10-17,0,0,0,0,0,0,0,0,0,0,0,0
baseline_sample,01856,2025-10-17,0,0,0,0,0,0,0,0,0,0,0,0
baseline_sample,01082,2025-10-20,0,0,0,0,0,0,0,0,0,0,0,0
baseline_sample,08223,2025-10-20,0,0,0,0,0,0,0,0,0,0,1,0
baseline_sample,02699,2025-10-20,0,0,0,0,0,0,0,1,0,0,0,1
baseline_sample,00169,2025-10-20,0,0,0,0,0,0,0,0,0,0,0,0
baseline_sample,08147,2025-10-20,0,0,0,0,0,0,0,0,0,0,0,0
baseline_sample,01943,2025-10-20,0,0,0,0,0,0,0,0,0,0,0,0
baseline_sample,00929,2025-10-20,0,0,0,0,0,0,0,0,0,0,0,0
baseline_sample,01813,2025-10-20,0,0,0,0,0,0,0,0,0,0,0,0
baseline_sample,01522,2025-10-20,0,0,0,0,0,0,0,0,0,0,0,0
baseline_sample,00042,2025-10-20,0,0,0,0,0,0,0,0,0,0,0,0
baseline_sample,02459,2025-10-21,0,0,0,0,0,0,1,0,0,1,1,0
baseline_sample,01124,2025-10-21,0,0,0,0,0,0,0,0,0,0,0,0
baseline_sample,08611,2025-10-21,0,0,0,0,0,0,0,1,0,0,0,1
baseline_sample,00280,2025-10-21,0,0,0,0,0,0,0,0,0,0,0,0
baseline_sample,08178,2025-10-21,0,0,1,0,0,0,1,0,0,0,1,0
baseline_sample,01079,2025-10-21,0,0,1,0,0,0,1,0,0,0,1,0
baseline_sample,01097,2025-10-21,0,0,0,0,0,0,0,0,0,0,0,0
baseline_sample,08547,2025-10-21,0,0,1,0,0,0,1,1,0,0,1,1
baseline_sample,00235,2025-10-21,0,0,0,0,0,0,0,0,0,0,0,0
baseline_sample,00474,2025-10-21,0,0,0,0,0,0,1,0,0,0,1,0
baseline_sample,00821,2025-10-22,0,0,0,0,0,0,0,0,0,0,0,0
baseline_sample,08371,2025-10-22,0,0,0,0,0,0,0,0,0,0,0,0
baseline_sample,02147,2025-10-22,0,1,0,0,0,1,1,0,0,1,1,0
baseline_sample,02392,2025-10-22,0,0,0,0,0,0,0,0,0,0,0,0
baseline_sample,00632,2025-10-22,0,0,0,0,0,0,0,0,0,0,0,0
baseline_sample,00361,2025-10-22,0,0,0,0,0,0,0,0,0,0,0,0
baseline_sample,00197,2025-10-22,0,0,0,0,0,0,0,0,0,0,0,0
baseline_sample,03882,2025-10-22,0,0,0,0,0,0,0,0,0,0,0,0
baseline_sample,02312,2025-10-22,0,0,0,0,0,0,0,0,0,0,1,0
baseline_sample,01522,2025-10-22,0,0,0,0,0,0,0,0,0,0,0,0
baseline_sample,02132,2025-10-23,0,0,0,0,0,0,0,0,0,0,0,0
baseline_sample,03882,2025-10-23,0,0,0,0,0,0,0,0,0,0,0,0
baseline_sample,00932,2025-10-23,0,0,0,0,0,0,0,0,0,0,0,0
baseline_sample,02505,2025-10-23,0,0,0,0,0,0,0,0,0,0,0,0
baseline_sample,01950,2025-10-23,0,0,0,0,0,0,0,0,0,0,0,0
baseline_sample,02312,2025-10-23,0,0,0,0,0,0,0,0,0,0,1,0
baseline_sample,00235,2025-10-23,0,0,0,0,0,0,0,0,0,0,0,0
baseline_sample,01865,2025-10-23,0,0,0,0,0,0,0,0,0,0,0,0
baseline_sample,02358,2025-10-23,0,0,0,0,0,0,0,0,0,0,0,0
baseline_sample,02625,2025-10-23,0,0,1,0,0,0,1,0,0,0,1,0
baseline_sample,03882,2025-10-24,0,0,0,0,0,0,0,0,0,0,0,0
baseline_sample,01745,2025-10-24,0,0,0,0,0,0,0,0,0,0,0,0
baseline_sample,00519,2025-10-24,0,0,0,0,0,0,0,0,0,0,0,0
baseline_sample,01725,2025-10-24,0,0,1,0,0,0,1,0,0,0,1,0
baseline_sample,08507,2025-10-24,0,0,0,0,0,0,0,0,0,0,0,1
baseline_sample,08622,2025-10-24,0,0,0,0,0,0,0,0,0,0,0,0
baseline_sample,01412,2025-10-24,0,0,0,0,0,0,0,0,0,0,0,0
baseline_sample,00199,2025-10-24,0,0,1,0,0,0,1,0,0,0,1,0
baseline_sample,03938,2025-10-24,0,0,0,0,1,0,0,0,1,0,0,0
baseline_sample,06162,2025-10-24,0,0,0,0,0,0,0,0,0,0,1,0
baseline_sample,01715,2025-10-27,0,0,0,0,0,0,0,0,0,0,0,0
baseline_sample,01870,2025-10-27,0,0,1,0,0,0,1,0,0,0,1,0
baseline_sample,01028,2025-10-27,0,0,1,0,0,0,1,0,0,0,1,0
baseline_sample,02312,2025-10-27,0,0,0,0,0,0,0,0,0,0,1,0
baseline_sample,02358,2025-10-27,0,0,0,0,0,0,0,0,0,0,0,0
baseline_sample,06162,2025-10-27,0,0,0,0,0,0,0,0,0,0,1,0
baseline_sample,01850,2025-10-27,0,0,0,0,0,0,0,0,0,0,0,0
baseline_sample,02322,2025-10-27,0,0,1,0,0,0,1,0,0,0,1,0
baseline_sample,06610,2025-10-27,0,0,0,0,0,0,0,0,0,0,0,0
baseline_sample,01751,2025-10-27,0,0,1,0,0,0,1,0,0,0,1,1
baseline_sample,01959,2025-10-28,1,0,0,0,1,0,0,0,1,0,0,0
baseline_sample,00471,2025-10-28,0,0,0,1,0,0,0,1,0,0,0,1
baseline_sample,00464,2025-10-28,0,0,1,0,0,0,1,0,0,0,1,0
baseline_sample,08275,2025-10-28,0,0,1,0,0,0,1,0,0,0,1,0
baseline_sample,02438,2025-10-28,0,0,0,0,0,0,0,0,0,0,0,0
baseline_sample,01942,2025-10-28,0,0,0,0,0,0,0,0,0,0,0,0
baseline_sample,00591,2025-10-28,0,0,0,0,0,0,0,0,0,0,0,0
baseline_sample,00876,2025-10-28,0,0,0,0,0,0,0,0,0,1,1,0
baseline_sample,01087,2025-10-28,0,0,0,0,0,0,0,0,0,0,0,0
baseline_sample,00474,2025-10-28,0,0,0,0,0,0,1,0,0,0,1,0
baseline_sample,00894,2025-10-30,0,0,0,0,0,0,0,0,0,0,0,0
baseline_sample,01943,2025-10-30,0,0,0,0,0,0,0,0,0,0,0,0
baseline_sample,01878,2025-10-30,0,0,0,0,0,0,0,0,0,0,0,0
baseline_sample,08472,2025-10-30,0,0,0,0,0,0,0,0,0,0,0,0
baseline_sample,00632,2025-10-30,0,0,0,0,0,0,0,0,0,0,0,0
baseline_sample,06908,2025-10-30,0,0,1,0,0,0,1,0,0,0,1,0
baseline_sample,02521,2025-10-30,0,0,0,0,0,0,0,0,0,0,0,0
baseline_sample,06885,2025-10-30,0,0,0,0,0,0,0,0,0,0,0,0
baseline_sample,06162,2025-10-30,0,0,0,0,0,0,0,0,0,0,1,0
baseline_sample,08365,2025-10-30,0,0,1,0,0,0,1,0,0,0,1,0
baseline_sample,08622,2025-10-31,0,0,0,0,0,0,0,0,0,0,0,0
baseline_sample,01468,2025-10-31,0,0,0,0,0,0,0,0,0,1,1,0
baseline_sample,01850,2025-10-31,0,0,0,0,0,0,0,0,0,0,0,0
baseline_sample,02312,2025-10-31,0,0,0,0,0,0,0,0,0,0,1,0
baseline_sample,02789,2025-10-31,0,0,0,0,0,0,0,0,0,0,0,0
baseline_sample,02680,2025-10-31,0,0,0,0,0,0,0,0,0,0,0,0
baseline_sample,01622,2025-10-31,0,0,0,0,0,0,0,0,0,0,0,0
baseline_sample,00876,2025-10-31,0,0,0,0,0,0,0,0,0,1,1,0
baseline_sample,08535,2025-10-31,0,0,0,0,0,0,0,0,0,0,0,0
baseline_sample,01025,2025-10-31,0,0,0,1,0,0,0,1,0,0,0,1
baseline_sample,06610,2025-11-03,0,0,0,0,0,0,0,0,0,0,0,0
baseline_sample,00736,2025-11-03,0,0,0,0,0,0,0,0,0,0,0,0
baseline_sample,01745,2025-11-03,0,0,0,0,0,0,0,0,0,0,0,0
baseline_sample,01715,2025-11-03,0,0,0,0,0,0,0,0,0,0,0,0
baseline_sample,01097,2025-11-03,0,0,0,0,0,0,0,0,0,0,0,0
baseline_sample,02312,2025-11-03,0,0,0,0,0,0,0,0,0,0,1,0
baseline_sample,00343,2025-11-03,0,0,0,0,0,0,0,0,0,0,1,0
baseline_sample,08239,2025-11-03,0,0,0,0,0,0,0,0,0,0,0,0
baseline_sample,08460,2025-11-03,0,0,1,0,0,0,1,0,0,0,1,0
baseline_sample,08365,2025-11-03,0,0,1,0,0,0,1,0,0,0,1,0
baseline_sample,09998,2025-11-04,0,0,0,0,0,0,0,0,0,0,0,0
baseline_sample,01950,2025-11-04,0,0,0,0,0,0,0,0,0,0,0,0
baseline_sample,02625,2025-11-04,0,0,1,0,0,0,1,0,0,0,1,0
baseline_sample,06918,2025-11-04,0,0,0,0,0,0,0,0,0,0,0,0
baseline_sample,00648,2025-11-04,0,0,0,0,0,0,0,0,0,1,1,0
baseline_sample,01622,2025-11-04,0,0,0,0,0,0,0,0,0,0,0,0
baseline_sample,01037,2025-11-04,0,0,0,0,0,0,0,0,0,0,0,0
baseline_sample,08622,2025-11-04,0,0,0,0,0,0,0,0,0,0,0,0
baseline_sample,01468,2025-11-04,0,0,0,0,0,0,0,0,0,1,1,0
baseline_sample,00804,2025-11-04,0,0,0,0,0,0,0,0,0,0,0,0
baseline_sample,08532,2025-11-05,0,0,0,0,0,0,0,0,0,0,0,0
baseline_sample,01165,2025-11-05,0,0,0,0,0,0,0,0,0,0,0,0
baseline_sample,01780,2025-11-05,0,0,0,0,0,0,0,0,0,0,0,0
baseline_sample,08472,2025-11-05,0,0,0,0,0,0,0,0,0,0,0,0
baseline_sample,00643,2025-11-05,0,0,0,0,0,0,0,0,0,0,0,0
baseline_sample,00648,2025-11-05,0,0,0,0,0,0,0,0,0,1,1,0
baseline_sample,00256,2025-11-05,0,0,0,0,0,0,0,0,0,0,0,0
baseline_sample,00894,2025-11-05,0,0,0,0,0,0,0,0,0,0,0,0
baseline_sample,03626,2025-11-05,0,0,0,0,0,0,0,0,0,0,0,0
baseline_sample,02405,2025-11-05,0,0,0,0,0,0,0,0,0,0,0,0
baseline_sample,08239,2025-11-06,0,0,0,0,0,0,0,0,0,0,0,0
baseline_sample,03626,2025-11-06,0,0,0,0,0,0,0,0,0,0,0,0
baseline_sample,01489,2025-11-06,0,0,0,0,0,0,0,0,0,0,0,0
baseline_sample,01738,2025-11-06,0,0,0,0,0,0,0,0,0,0,0,0
baseline_sample,01468,2025-11-06,0,0,0,0,0,1,0,0,0,1,1,0
baseline_sample,00536,2025-11-06,0,0,0,0,0,0,0,0,0,0,0,0
baseline_sample,01425,2025-11-06,0,0,0,0,0,0,0,0,0,0,0,0
baseline_sample,01087,2025-11-06,0,0,0,0,0,0,0,0,0,0,0,0
baseline_sample,02257,2025-11-06,0,0,0,0,0,0,0,0,0,0,0,0
baseline_sample,00139,2025-11-06,0,0,0,0,0,0,1,0,0,0,1,0
baseline_sample,01959,2025-11-07,1,0,0,0,1,0,0,0,1,0,0,0
baseline_sample,08148,2025-11-07,0,0,0,0,0,0,0,0,0,0,0,0
baseline_sample,01413,2025-11-07,0,1,1,0,0,1,1,0,0,1,1,1
baseline_sample,08168,2025-11-07,0,0,0,0,0,0,0,0,0,0,1,0
baseline_sample,00632,2025-11-07,0,0,0,0,0,0,0,0,0,0,0,0
baseline_sample,06885,2025-11-07,0,0,0,0,0,0,0,0,0,0,0,0
baseline_sample,00969,2025-11-07,0,0,0,0,0,0,0,0,0,0,0,0
baseline_sample,01502,2025-11-07,0,0,0,0,0,0,0,0,0,0,0,0
baseline_sample,01865,2025-11-07,0,0,0,0,0,0,0,0,0,0,0,0
baseline_sample,02012,2025-11-07,0,0,1,0,0,0,1,0,0,0,1,0
baseline_sample,01282,2025-11-10,0,0,0,0,0,0,0,0,0,0,0,0
baseline_sample,06829,2025-11-10,0,0,0,0,0,0,0,0,0,0,0,0
baseline_sample,01865,2025-11-10,0,0,0,0,0,0,0,0,0,0,0,0
baseline_sample,01319,2025-11-10,0,0,0,0,0,0,0,0,0,0,0,0
baseline_sample,01986,2025-11-10,0,0,0,0,0,0,0,0,0,0,0,0
baseline_sample,02415,2025-11-10,0,0,0,0,0,0,0,0,0,0,0,0
baseline_sample,00704,2025-11-10,0,0,0,0,0,0,0,0,0,0,0,0
baseline_sample,01780,2025-11-10,0,0,0,0,0,0,0,0,1,0,0,0
baseline_sample,00876,2025-11-10,0,0,0,0,0,0,0,0,0,1,1,0
baseline_sample,00582,2025-11-10,0,0,0,0,0,0,0,0,0,0,0,0
baseline_sample,01393,2025-11-11,0,0,0,0,0,0,0,0,0,0,0,0
baseline_sample,02167,2025-11-11,0,0,0,0,0,0,0,0,0,0,0,0
baseline_sample,08460,2025-11-11,0,0,1,0,0,0,1,0,0,0,1,0
baseline_sample,02521,2025-11-11,0,0,0,0,0,0,0,0,0,0,0,0
baseline_sample,01823,2025-11-11,0,0,0,0,0,0,1,0,0,0,1,0
baseline_sample,06885,2025-11-11,0,0,0,0,0,0,0,0,0,0,0,0
baseline_sample,08472,2025-11-11,0,0,0,0,0,0,0,0,0,0,0,0
baseline_sample,00953,2025-11-11,0,0,0,0,0,0,1,0,0,0,1,0
baseline_sample,08532,2025-11-11,0,0,0,0,0,0,0,0,0,0,0,0
baseline_sample,06118,2025-11-11,0,0,0,0,0,0,0,0,0,0,0,0
baseline_sample,03626,2025-11-12,0,0,0,0,0,0,0,0,0,0,0,0
baseline_sample,00704,2025-11-12,0,0,0,0,0,0,0,0,0,0,0,0
baseline_sample,02486,2025-11-12,0,0,0,0,0,0,0,0,0,0,0,0
baseline_sample,01489,2025-11-12,0,0,0,0,0,0,0,0,0,0,0,0
baseline_sample,08507,2025-11-12,0,0,0,0,0,0,0,0,0,0,0,1
baseline_sample,08305,2025-11-12,0,0,0,0,0,0,0,0,0,0,0,0
baseline_sample,01162,2025-11-12,0,0,0,0,0,0,0,0,0,0,0,0
baseline_sample,00827,2025-11-12,0,0,0,0,0,0,0,0,0,0,0,0
baseline_sample,01653,2025-11-12,0,0,0,0,0,0,0,0,0,0,0,0
baseline_sample,08611,2025-11-12,0,0,0,1,0,0,0,1,0,0,0,1
baseline_sample,01180,2025-11-13,0,0,0,0,0,0,0,0,0,0,0,0
baseline_sample,00932,2025-11-13,0,0,0,0,0,0,0,0,0,0,0,0
baseline_sample,01991,2025-11-13,0,0,0,0,0,0,0,1,0,0,0,1
baseline_sample,01351,2025-11-13,0,0,0,0,0,0,0,0,0,0,0,0
baseline_sample,06885,2025-11-13,0,0,0,0,0,0,0,0,0,0,0,0
baseline_sample,08305,2025-11-13,0,0,0,0,0,0,0,0,0,0,0,0
baseline_sample,00256,2025-11-13,0,0,0,0,0,0,0,0,0,0,0,1
baseline_sample,03938,2025-11-13,1,0,0,0,1,0,0,0,1,0,0,0
baseline_sample,00379,2025-11-13,0,0,0,0,0,0,0,0,0,0,0,0
baseline_sample,00610,2025-11-13,0,0,0,0,0,0,0,0,0,0,0,0
baseline_sample,01942,2025-11-14,0,0,0,0,0,0,0,0,0,0,0,0
baseline_sample,03302,2025-11-14,0,0,0,0,0,0,0,0,0,0,0,0
baseline_sample,02322,2025-11-14,0,0,1,0,0,0,1,0,0,0,1,0
baseline_sample,01502,2025-11-14,0,0,0,0,0,0,0,0,0,0,0,0
baseline_sample,09919,2025-11-14,0,0,0,0,0,0,0,0,0,0,0,0
baseline_sample,08460,2025-11-14,0,0,1,0,0,0,1,0,0,0,1,0
baseline_sample,03938,2025-11-14,1,0,0,0,1,0,0,0,1,0,0,0
baseline_sample,06885,2025-11-14,0,0,0,0,0,0,0,0,0,0,0,0
baseline_sample,02521,2025-11-14,0,0,0,0,0,0,0,0,0,0,0,0
baseline_sample,02486,2025-11-14,0,0,0,0,0,0,0,0,0,0,0,0
baseline_sample,01489,2025-11-17,0,0,0,0,0,0,0,0,0,0,0,0
baseline_sample,03913,2025-11-17,0,0,0,0,0,0,0,0,0,0,0,0
baseline_sample,06908,2025-11-17,0,0,1,0,0,0,1,0,0,0,1,0
baseline_sample,00313,2025-11-17,0,0,0,0,0,0,0,0,0,0,0,0
baseline_sample,00328,2025-11-17,0,0,0,0,0,0,0,0,0,0,0,1
baseline_sample,01162,2025-11-17,0,0,0,0,0,0,0,0,0,0,0,0
baseline_sample,03626,2025-11-17,0,0,0,0,0,0,0,0,0,0,0,0
baseline_sample,02680,2025-11-17,0,0,0,0,0,0,0,0,0,0,0,0
baseline_sample,08187,2025-11-17,0,0,0,0,0,0,0,0,0,0,0,0
baseline_sample,08350,2025-11-17,0,0,0,0,0,0,0,0,0,0,0,0
baseline_sample,02330,2025-11-18,0,0,0,0,0,0,0,0,0,0,0,0
baseline_sample,01718,2025-11-18,0,0,0,0,0,0,1,0,0,0,1,0
baseline_sample,01745,2025-11-18,0,0,0,0,0,0,0,0,0,0,0,0
baseline_sample,01739,2025-11-18,0,0,0,0,0,0,0,0,0,0,0,0
baseline_sample,00876,2025-11-18,0,0,0,0,0,1,1,0,0,1,1,0
baseline_sample,08491,2025-11-18,0,0,0,0,0,0,0,0,0,0,0,0
baseline_sample,02486,2025-11-18,0,0,0,0,0,0,0,0,0,0,0,0
baseline_sample,00894,2025-11-18,0,0,0,0,0,0,0,0,0,0,0,0
baseline_sample,01986,2025-11-18,0,0,0,0,0,0,0,0,0,0,0,0
baseline_sample,08460,2025-11-18,0,0,1,0,0,0,1,0,0,0,1,0
baseline_sample,09929,2025-11-19,1,0,0,0,1,0,0,0,1,0,0,0
baseline_sample,01217,2025-11-19,0,0,0,0,0,0,0,0,0,0,0,0
baseline_sample,03626,2025-11-19,0,0,0,0,0,0,0,0,0,0,0,0
baseline_sample,01986,2025-11-19,0,0,0,0,0,0,0,0,0,0,0,0
baseline_sample,01653,2025-11-19,0,0,0,0,0,0,0,0,0,0,0,0
baseline_sample,08547,2025-11-19,0,0,1,0,0,0,1,1,0,0,1,1
baseline_sample,06639,2025-11-19,0,0,0,0,0,0,0,0,0,0,0,0
baseline_sample,02122,2025-11-19,0,0,0,0,0,0,0,0,0,0,0,0
baseline_sample,02008,2025-11-19,0,0,0,0,0,0,0,0,0,0,0,0
baseline_sample,02438,2025-11-19,0,0,0,0,0,0,0,0,0,0,0,0
baseline_sample,08507,2025-11-20,0,0,0,0,0,0,0,1,0,0,0,1
baseline_sample,01401,2025-11-20,0,0,0,0,0,0,0,0,0,0,0,0
baseline_sample,01986,2025-11-20,0,0,0,0,0,0,0,0,0,0,0,0
baseline_sample,06639,2025-11-20,0,0,0,0,0,0,0,0,0,0,0,0
baseline_sample,01141,2025-11-20,0,0,0,0,0,0,0,0,0,0,0,0
baseline_sample,01865,2025-11-20,0,0,0,0,0,0,0,0,0,0,0,0
baseline_sample,08611,2025-11-20,0,0,0,1,0,0,0,1,0,0,0,1
baseline_sample,01201,2025-11-20,0,0,1,0,0,0,1,0,0,0,1,0
baseline_sample,00313,2025-11-20,0,0,0,0,0,0,0,0,0,0,0,0
baseline_sample,08208,2025-11-20,0,0,0,0,0,0,0,0,0,0,0,0
baseline_sample,02122,2025-11-21,0,0,0,0,0,0,0,0,0,0,0,0
baseline_sample,02680,2025-11-21,0,0,0,0,0,0,0,0,0,0,0,0
baseline_sample,01217,2025-11-21,0,0,0,0,0,0,0,0,0,0,0,0
baseline_sample,00399,2025-11-21,0,0,0,0,0,0,0,0,0,0,0,0
baseline_sample,02369,2025-11-21,0,0,0,0,0,0,0,0,0,0,0,0
baseline_sample,01489,2025-11-21,0,0,0,0,0,0,0,0,0,0,0,0
baseline_sample,01425,2025-11-21,0,0,0,0,0,0,0,0,0,0,0,0
baseline_sample,01633,2025-11-21,0,0,0,0,0,0,0,0,0,0,0,0
baseline_sample,02440,2025-11-21,0,0,0,0,0,0,0,0,0,0,0,0
baseline_sample,00591,2025-11-21,0,0,0,0,0,0,0,0,0,0,0,0
baseline_sample,01725,2025-11-24,0,0,1,0,0,0,1,0,0,0,1,0
baseline_sample,01738,2025-11-24,0,0,0,0,0,0,0,0,0,0,0,0
baseline_sample,01201,2025-11-24,0,0,1,0,0,0,1,0,0,0,1,0
baseline_sample,02167,2025-11-24,0,0,0,0,0,0,0,0,0,0,0,0
baseline_sample,01942,2025-11-24,0,0,0,0,0,0,0,0,0,0,0,1
baseline_sample,00632,2025-11-24,0,0,0,0,0,0,0,0,0,0,0,0
baseline_sample,01991,2025-11-24,0,0,0,0,0,0,0,1,0,0,0,1
baseline_sample,02358,2025-11-24,0,0,0,0,0,0,0,0,0,0,0,0
baseline_sample,01413,2025-11-24,0,0,0,0,0,0,0,0,0,0,0,1
baseline_sample,01401,2025-11-24,0,0,0,0,0,0,0,0,0,0,0,0
baseline_sample,02012,2025-11-25,0,0,1,0,0,0,1,0,0,0,1,0
baseline_sample,01653,2025-11-25,0,0,0,0,0,0,0,0,0,0,0,0
baseline_sample,01738,2025-11-25,0,0,0,0,0,0,0,0,0,0,0,0
baseline_sample,08611,2025-11-25,0,0,0,1,0,0,0,1,0,0,0,1
baseline_sample,02438,2025-11-25,0,0,0,0,0,0,0,0,0,0,0,0
baseline_sample,08305,2025-11-25,0,0,0,0,0,0,0,0,0,0,0,0
baseline_sample,08148,2025-11-25,0,0,0,0,0,0,0,0,0,0,0,0
baseline_sample,02257,2025-11-25,0,0,0,0,0,0,0,0,0,0,0,0
baseline_sample,01425,2025-11-25,0,0,0,0,0,0,0,0,0,0,0,0
baseline_sample,00090,2025-11-25,0,0,0,0,0,0,0,0,0,0,0,0
baseline_sample,08547,2025-11-26,0,0,1,0,0,0,1,1,0,0,1,1
baseline_sample,06639,2025-11-26,0,0,0,0,0,0,0,0,0,0,0,0
baseline_sample,01751,2025-11-26,0,0,1,0,0,0,1,1,0,0,1,1
baseline_sample,08187,2025-11-26,0,0,0,0,0,0,0,0,0,0,0,0
baseline_sample,01087,2025-11-26,0,0,0,0,0,0,0,0,0,0,1,0
baseline_sample,01380,2025-11-26,0,0,0,0,0,0,0,0,0,0,1,0
baseline_sample,00616,2025-11-26,0,0,1,0,0,0,1,0,0,0,1,0
baseline_sample,08611,2025-11-26,0,0,0,1,0,0,0,1,0,0,0,1
baseline_sample,01725,2025-11-26,0,0,1,0,0,0,1,0,0,0,1,0
baseline_sample,03302,2025-11-26,0,0,0,0,0,0,0,0,0,0,0,0
baseline_sample,06639,2025-11-27,0,0,0,0,0,0,0,0,0,0,0,0
baseline_sample,02322,2025-11-27,0,0,0,0,0,0,0,0,0,0,0,0
baseline_sample,02312,2025-11-27,0,0,0,0,0,0,0,0,0,0,1,0
baseline_sample,00381,2025-11-27,0,0,0,0,0,0,0,0,0,0,0,0
baseline_sample,02330,2025-11-27,0,0,0,0,0,0,0,0,0,0,0,0
baseline_sample,08168,2025-11-27,0,0,0,0,0,0,1,0,0,0,1,0
baseline_sample,01079,2025-11-27,0,0,1,0,0,0,1,0,0,0,1,0
baseline_sample,02012,2025-11-27,0,0,1,0,0,0,1,0,0,0,1,0
baseline_sample,06128,2025-11-27,0,0,0,0,0,0,0,0,0,0,0,0
baseline_sample,00690,2025-11-27,0,0,0,0,0,0,0,0,0,0,0,0
baseline_sample,00120,2025-11-28,0,0,0,0,0,0,0,0,0,0,0,0
baseline_sample,01683,2025-11-28,0,0,0,0,0,0,0,0,0,0,0,0
baseline_sample,08087,2025-11-28,0,0,0,0,0,0,0,0,0,0,0,0
baseline_sample,00876,2025-11-28,0,0,0,0,0,1,1,0,0,1,1,0
baseline_sample,02486,2025-11-28,0,0,0,0,0,0,0,0,0,0,0,0
baseline_sample,00139,2025-11-28,0,0,1,0,0,0,1,0,0,0,1,0
baseline_sample,00776,2025-11-28,0,0,0,0,0,0,0,0,0,0,0,0
baseline_sample,08507,2025-11-28,0,0,0,0,0,0,0,1,0,0,0,1
baseline_sample,08148,2025-11-28,0,0,0,0,0,0,0,0,0,0,0,0
baseline_sample,01201,2025-11-28,0,0,0,0,0,0,0,0,0,0,1,0
baseline_sample,01380,2025-12-01,0,0,0,0,0,0,0,0,0,0,1,0
baseline_sample,00399,2025-12-01,0,0,0,0,0,0,0,0,0,0,0,0
baseline_sample,08549,2025-12-01,0,0,0,0,0,0,0,0,0,0,0,0
baseline_sample,01751,2025-12-01,0,0,1,0,0,0,1,1,0,0,1,1
baseline_sample,02312,2025-12-01,0,0,0,0,0,0,0,0,0,0,1,0
baseline_sample,01410,2025-12-01,0,0,0,0,0,0,0,0,0,0,0,0
baseline_sample,08245,2025-12-01,0,0,0,0,0,0,1,0,0,0,1,0
baseline_sample,01397,2025-12-01,0,0,0,0,0,0,0,0,0,0,0,0
baseline_sample,08500,2025-12-01,0,0,0,0,0,0,0,0,0,0,0,0
baseline_sample,02257,2025-12-01,0,0,0,0,0,0,0,0,0,0,1,0
baseline_sample,02350,2025-12-02,0,0,1,0,0,0,1,0,0,0,1,1
baseline_sample,08368,2025-12-02,0,0,0,0,0,0,0,0,0,0,0,0
baseline_sample,00078,2025-12-02,0,0,0,0,0,0,0,0,0,0,0,0
baseline_sample,00356,2025-12-02,0,0,0,0,0,0,0,0,0,0,1,0
baseline_sample,08187,2025-12-02,0,0,0,0,0,0,0,0,0,0,0,0
baseline_sample,01780,2025-12-02,0,0,0,0,0,0,0,0,1,0,0,0
baseline_sample,08547,2025-12-02,0,0,1,1,0,0,1,1,0,0,1,1
baseline_sample,08659,2025-12-02,0,0,1,0,0,0,1,0,0,0,1,0
baseline_sample,02012,2025-12-02,0,0,1,0,0,0,1,0,0,0,1,0
baseline_sample,01425,2025-12-02,0,0,0,0,0,0,0,0,0,0,0,0
baseline_sample,08305,2025-12-03,0,0,0,0,0,0,0,0,0,0,0,0
baseline_sample,01489,2025-12-03,0,0,0,0,0,0,0,0,0,0,0,0
baseline_sample,08247,2025-12-03,0,0,0,0,0,0,0,0,0,0,0,0
baseline_sample,08187,2025-12-03,0,0,0,0,0,0,0,0,0,0,0,0
baseline_sample,08350,2025-12-03,0,0,0,0,0,0,0,0,0,0,0,0
baseline_sample,01351,2025-12-03,0,0,0,0,0,0,0,0,0,0,0,0
baseline_sample,02516,2025-12-03,0,0,0,0,0,0,0,0,0,0,0,0
baseline_sample,00876,2025-12-03,0,0,0,0,0,1,1,0,0,1,1,0
baseline_sample,09958,2025-12-03,0,0,1,0,0,0,1,0,0,0,1,0
baseline_sample,02486,2025-12-03,0,0,0,0,0,0,0,0,0,0,0,0
baseline_sample,00361,2025-12-04,0,0,0,0,0,0,0,0,0,0,0,0
baseline_sample,02012,2025-12-04,0,0,1,0,0,0,1,0,0,0,1,0
baseline_sample,02008,2025-12-04,0,0,0,0,0,0,0,0,0,0,0,0
baseline_sample,01795,2025-12-04,0,0,0,0,0,0,0,0,0,0,0,0
baseline_sample,09983,2025-12-04,0,0,0,0,0,0,0,0,0,0,0,0
baseline_sample,00204,2025-12-04,0,0,1,0,0,0,1,0,0,0,1,0
baseline_sample,00632,2025-12-04,0,0,0,0,0,0,0,0,0,0,0,0
baseline_sample,08365,2025-12-04,0,0,0,0,0,0,1,0,0,0,1,0
baseline_sample,00039,2025-12-04,0,0,0,0,0,0,0,0,0,0,0,0
baseline_sample,01037,2025-12-04,0,0,0,0,0,0,0,0,0,0,0,0
baseline_sample,01723,2025-12-05,0,0,0,0,0,0,0,0,0,0,0,0
baseline_sample,00689,2025-12-05,0,0,0,1,0,0,0,1,0,0,0,1
baseline_sample,08269,2025-12-05,0,0,0,0,0,0,0,0,0,0,0,0
baseline_sample,08622,2025-12-05,0,0,0,0,0,0,0,0,0,0,0,0
baseline_sample,08187,2025-12-05,0,0,0,0,0,0,0,0,0,0,0,0
baseline_sample,01920,2025-12-05,0,0,0,0,0,0,0,0,0,0,0,0
baseline_sample,02257,2025-12-05,0,0,0,0,0,0,0,0,0,0,1,0
baseline_sample,01725,2025-12-05,0,0,1,0,0,0,1,0,0,0,1,0
baseline_sample,00834,2025-12-05,0,0,0,0,0,0,0,0,0,0,0,0
baseline_sample,06136,2025-12-05,0,0,0,0,0,0,0,0,0,0,0,0
baseline_sample,08162,2025-12-08,0,0,0,0,0,0,0,0,0,0,0,0
baseline_sample,06128,2025-12-08,0,0,0,0,0,0,0,0,0,0,0,0
baseline_sample,01723,2025-12-08,0,0,0,0,0,0,0,0,0,0,0,0
baseline_sample,03626,2025-12-08,0,0,0,0,0,0,0,0,0,0,0,0
baseline_sample,02516,2025-12-08,0,0,0,0,0,0,0,0,0,0,0,0
baseline_sample,01751,2025-12-08,0,0,1,0,0,0,1,1,0,0,1,1
baseline_sample,00204,2025-12-08,0,0,1,0,0,0,1,0,0,0,1,0
baseline_sample,08168,2025-12-08,0,0,0,0,0,0,1,0,0,0,1,0
baseline_sample,06182,2025-12-08,0,0,0,0,0,0,0,0,0,0,0,0
baseline_sample,01865,2025-12-08,0,0,0,0,0,0,0,0,0,0,0,0
baseline_sample,02110,2025-12-09,0,0,0,0,0,0,0,0,0,0,1,0
baseline_sample,01751,2025-12-09,0,0,1,0,0,0,1,1,0,0,1,1
baseline_sample,01942,2025-12-09,0,0,0,0,0,0,0,0,0,0,0,1
baseline_sample,00078,2025-12-09,0,0,0,0,0,0,0,0,0,0,0,0
baseline_sample,02455,2025-12-09,0,0,0,0,0,0,0,0,0,0,0,0
baseline_sample,01750,2025-12-09,0,0,0,0,0,0,0,0,0,0,0,0
baseline_sample,00210,2025-12-09,0,0,0,0,0,0,0,0,0,0,0,0
baseline_sample,00591,2025-12-09,0,0,0,0,0,0,0,0,0,0,0,0
baseline_sample,01870,2025-12-09,0,0,1,0,0,0,1,0,0,0,1,0
baseline_sample,00204,2025-12-09,0,0,1,0,0,0,1,0,0,0,1,0
baseline_sample,02459,2025-12-10,0,0,1,0,0,1,1,0,0,1,1,0
baseline_sample,08305,2025-12-10,0,0,0,0,0,0,0,0,0,0,0,0
baseline_sample,02405,2025-12-10,0,0,0,0,0,0,0,0,0,0,0,0
baseline_sample,00361,2025-12-10,0,0,0,0,0,0,0,0,0,0,0,0
baseline_sample,01489,2025-12-10,0,0,0,0,0,0,0,0,0,0,0,0
baseline_sample,01341,2025-12-10,0,1,0,0,0,1,0,0,0,1,0,0
baseline_sample,01380,2025-12-10,0,0,0,0,0,0,0,0,0,0,1,0
baseline_sample,01856,2025-12-10,0,0,0,0,0,0,0,0,0,0,0,0
baseline_sample,08125,2025-12-10,0,0,0,0,0,0,0,0,0,0,1,0
baseline_sample,00876,2025-12-10,0,0,0,0,0,1,1,0,0,1,1,0
baseline_sample,08659,2025-12-11,0,0,1,0,0,0,1,0,0,0,1,0
baseline_sample,06829,2025-12-11,0,0,0,0,0,0,0,0,0,0,0,0
baseline_sample,02439,2025-12-11,0,0,0,0,0,0,1,0,0,0,1,0
baseline_sample,00591,2025-12-11,0,0,0,0,0,0,0,0,0,0,0,0
baseline_sample,00111,2025-12-11,0,0,0,0,0,0,0,0,0,0,0,0
baseline_sample,02369,2025-12-11,0,0,0,0,0,0,0,0,0,0,0,0
baseline_sample,00228,2025-12-11,1,0,0,0,1,0,0,0,1,0,0,0
baseline_sample,01943,2025-12-11,0,0,0,0,0,0,0,0,0,0,0,0
baseline_sample,01341,2025-12-11,0,1,0,0,0,1,0,0,0,1,0,0
baseline_sample,01780,2025-12-11,0,0,0,0,0,0,0,0,1,0,0,0
baseline_sample,00776,2025-12-12,0,0,0,0,0,0,0,0,0,0,0,0
baseline_sample,03626,2025-12-12,0,0,0,0,0,0,0,0,0,0,0,0
baseline_sample,01943,2025-12-12,0,0,0,0,0,0,0,0,0,0,0,0
baseline_sample,00632,2025-12-12,0,0,0,0,0,0,0,0,0,0,1,0
baseline_sample,06829,2025-12-12,0,0,0,0,0,0,0,0,0,0,0,0
baseline_sample,02516,2025-12-12,0,0,0,0,0,0,0,0,0,0,0,0
baseline_sample,01750,2025-12-12,0,0,0,0,0,0,0,0,0,0,0,0
baseline_sample,01780,2025-12-12,0,0,0,0,0,0,0,0,1,0,0,0
baseline_sample,01980,2025-12-12,1,0,0,0,1,0,0,0,1,0,0,0
baseline_sample,02167,2025-12-12,0,0,0,0,0,0,0,0,0,0,0,0
baseline_sample,08611,2025-12-15,0,0,0,1,0,0,0,1,0,0,0,1
baseline_sample,01723,2025-12-15,0,0,0,0,0,0,0,0,0,0,0,0
baseline_sample,02459,2025-12-15,0,0,1,0,0,1,1,0,0,1,1,0
baseline_sample,02312,2025-12-15,0,0,0,0,0,0,0,0,0,0,1,0
baseline_sample,09958,2025-12-15,0,0,1,0,0,0,1,0,0,0,1,0
baseline_sample,02422,2025-12-15,0,0,1,0,0,0,1,0,0,0,1,0
baseline_sample,08186,2025-12-15,0,0,0,0,0,0,0,0,0,0,0,0
baseline_sample,01980,2025-12-15,1,0,0,0,1,0,0,0,1,0,0,0
baseline_sample,00632,2025-12-15,0,0,0,0,0,0,0,0,0,0,1,0
baseline_sample,00653,2025-12-15,0,0,1,0,0,0,1,0,0,0,1,0
baseline_sample,01943,2025-12-16,0,0,0,0,0,0,0,0,0,0,0,0
baseline_sample,01732,2025-12-16,0,0,0,0,0,0,0,0,0,0,0,0
baseline_sample,03666,2025-12-16,0,0,0,0,0,0,1,0,0,0,1,0
baseline_sample,03626,2025-12-16,0,0,0,0,0,0,0,0,0,0,0,0
baseline_sample,00736,2025-12-16,0,0,0,0,0,0,0,0,0,0,0,0
baseline_sample,02438,2025-12-16,0,0,0,0,0,0,0,0,0,0,0,0
baseline_sample,01376,2025-12-16,0,0,0,0,0,0,0,0,0,0,0,0
baseline_sample,02257,2025-12-16,0,0,0,0,0,0,0,0,0,0,1,0
baseline_sample,02885,2025-12-16,0,0,0,0,0,0,0,0,0,0,0,0
baseline_sample,02330,2025-12-16,0,0,0,0,0,0,0,0,0,0,0,0
baseline_sample,00145,2025-12-17,0,0,0,0,0,0,0,0,0,0,0,0
baseline_sample,01141,2025-12-17,0,0,0,0,0,0,0,0,0,0,0,0
baseline_sample,01163,2025-12-17,0,0,0,0,0,0,0,0,0,0,0,0
baseline_sample,02438,2025-12-17,0,0,0,0,0,0,0,0,0,0,0,0
baseline_sample,01087,2025-12-17,0,0,0,0,0,0,0,0,0,0,1,0
baseline_sample,01380,2025-12-17,0,0,0,0,0,0,0,0,0,0,1,0
baseline_sample,00139,2025-12-17,0,0,1,0,0,0,1,0,0,0,1,0
baseline_sample,06885,2025-12-17,0,0,0,0,0,0,0,0,0,0,0,0
baseline_sample,00632,2025-12-17,0,0,0,0,0,0,0,0,0,0,1,0
baseline_sample,08460,2025-12-17,0,0,0,0,0,0,0,0,0,0,0,0
baseline_sample,00805,2025-12-18,0,0,0,0,0,0,0,0,0,0,0,0
baseline_sample,00139,2025-12-18,0,0,1,0,0,0,1,0,0,0,1,0
baseline_sample,08611,2025-12-18,0,0,0,1,0,0,0,1,0,0,0,1
baseline_sample,06829,2025-12-18,0,0,0,0,0,0,0,0,0,0,0,0
baseline_sample,02885,2025-12-18,0,0,0,0,0,0,0,0,0,0,0,0
baseline_sample,01425,2025-12-18,0,0,0,0,0,0,0,0,0,0,0,0
baseline_sample,03626,2025-12-18,0,0,0,0,0,0,0,0,0,0,0,0
baseline_sample,00145,2025-12-18,0,0,0,0,0,0,0,0,0,0,0,0
baseline_sample,02257,2025-12-18,0,0,0,0,0,0,0,0,0,0,1,0
baseline_sample,01870,2025-12-18,0,0,0,0,0,0,0,0,0,0,0,0
baseline_sample,01980,2025-12-19,1,0,0,0,1,0,0,0,1,0,0,0
baseline_sample,01865,2025-12-19,0,0,0,0,0,0,0,0,0,0,0,0
baseline_sample,06162,2025-12-19,0,0,0,0,0,0,1,0,0,0,1,0
baseline_sample,01348,2025-12-19,0,0,0,0,0,0,0,0,0,0,0,0
baseline_sample,01653,2025-12-19,0,0,0,0,0,0,0,0,0,0,0,0
baseline_sample,09958,2025-12-19,0,0,1,0,0,0,1,0,0,0,1,0
baseline_sample,01020,2025-12-19,0,0,0,0,0,0,1,0,0,0,1,0
baseline_sample,08611,2025-12-19,0,0,0,1,0,0,0,1,0,0,0,1
baseline_sample,08659,2025-12-19,0,0,1,0,0,0,1,0,0,0,1,0
baseline_sample,01341,2025-12-19,0,1,0,0,0,1,0,0,0,1,0,0
baseline_sample,02459,2025-12-22,0,0,1,0,0,1,1,0,0,1,1,0
baseline_sample,08365,2025-12-22,0,0,0,0,0,0,1,0,0,0,1,0
baseline_sample,00139,2025-12-22,0,0,1,0,0,0,1,0,0,0,1,0
baseline_sample,01795,2025-12-22,0,0,0,0,0,0,0,0,0,0,0,0
baseline_sample,00616,2025-12-22,0,0,1,0,0,0,1,0,0,0,1,0
baseline_sample,01751,2025-12-22,0,0,0,0,0,0,0,1,0,0,0,1
baseline_sample,02012,2025-12-22,0,0,0,0,0,0,0,0,0,0,0,0
baseline_sample,00361,2025-12-22,0,0,0,0,0,0,0,0,0,0,0,0
baseline_sample,02438,2025-12-22,0,0,0,0,0,0,0,0,0,0,0,0
baseline_sample,00169,2025-12-22,0,0,0,0,0,0,0,0,0,0,0,0
baseline_sample,00493,2025-12-23,0,0,1,0,0,0,1,0,0,0,1,0
baseline_sample,08239,2025-12-23,0,0,0,0,0,0,0,0,0,0,0,0
baseline_sample,01341,2025-12-23,0,1,0,0,0,1,0,0,0,1,0,0
baseline_sample,08547,2025-12-23,0,0,0,1,0,0,0,1,0,0,0,1
baseline_sample,00399,2025-12-23,0,0,0,0,0,0,0,0,0,0,0,0
baseline_sample,01942,2025-12-23,0,0,0,0,0,0,0,0,0,0,0,1
baseline_sample,08489,2025-12-23,0,0,1,0,0,0,1,0,0,0,1,0
baseline_sample,02008,2025-12-23,0,0,0,0,0,0,0,0,0,0,0,0
baseline_sample,01020,2025-12-23,0,0,0,0,0,0,1,0,0,0,1,0
baseline_sample,08305,2025-12-23,0,0,0,0,0,0,0,0,0,0,0,0
baseline_sample,08375,2025-12-24,0,0,1,0,0,0,1,0,0,0,1,0
baseline_sample,00128,2025-12-24,0,0,0,0,0,0,0,0,0,0,0,0
baseline_sample,00139,2025-12-24,0,0,1,0,0,0,1,0,0,0,1,0
baseline_sample,08611,2025-12-24,0,0,0,1,0,0,0,1,0,0,0,1
baseline_sample,06918,2025-12-24,0,0,0,0,0,0,0,0,0,0,0,0
baseline_sample,09982,2025-12-24,0,0,0,0,0,0,0,0,0,0,1,0
baseline_sample,00736,2025-12-24,0,0,0,0,0,0,0,0,0,0,0,0
baseline_sample,02330,2025-12-24,0,0,0,0,0,0,0,0,0,0,0,0
baseline_sample,00805,2025-12-24,0,0,0,0,0,0,0,0,0,0,0,0
baseline_sample,01332,2025-12-24,0,0,0,0,0,0,0,0,0,0,0,0
baseline_sample,01943,2025-12-29,0,0,0,0,0,0,0,0,0,0,1,0
baseline_sample,00235,2025-12-29,0,0,0,0,0,0,0,0,0,0,0,0
baseline_sample,00139,2025-12-29,0,0,1,0,0,0,1,0,0,0,1,0
baseline_sample,00223,2025-12-29,0,0,1,0,0,0,1,0,0,0,1,0
baseline_sample,00080,2025-12-29,0,0,0,0,0,0,0,0,0,0,1,0
baseline_sample,06038,2025-12-29,0,0,0,0,0,0,0,0,0,0,0,0
baseline_sample,01795,2025-12-29,0,0,0,0,0,0,0,0,0,0,0,0
baseline_sample,00876,2025-12-29,0,0,0,0,0,1,1,0,0,1,1,0
baseline_sample,03883,2025-12-29,0,0,0,0,0,0,0,0,0,0,0,0
baseline_sample,08239,2025-12-29,0,0,0,0,0,0,0,0,0,0,0,0
baseline_sample,01022,2025-12-30,0,0,0,0,0,0,0,0,0,0,0,0
baseline_sample,08305,2025-12-30,0,0,0,0,0,0,0,0,0,0,0,0
baseline_sample,00339,2025-12-30,0,0,0,0,0,0,0,0,0,0,0,0
baseline_sample,08168,2025-12-30,0,0,0,0,0,0,1,0,0,0,1,0
baseline_sample,02012,2025-12-30,0,0,0,0,0,0,0,0,0,0,0,0
baseline_sample,01751,2025-12-30,0,0,0,0,0,0,0,1,0,0,0,1
baseline_sample,02562,2025-12-30,0,0,0,0,0,0,0,0,0,0,0,0
baseline_sample,01750,2025-12-30,0,0,0,0,0,0,0,0,0,0,0,0
baseline_sample,01909,2025-12-30,0,0,0,0,0,0,0,0,0,0,0,0
baseline_sample,00632,2025-12-30,0,0,0,0,0,0,0,0,0,0,1,0
baseline_sample,09982,2025-12-31,0,0,0,0,0,0,0,0,0,0,1,0
baseline_sample,08186,2025-12-31,0,0,0,0,0,0,0,0,0,0,0,0
baseline_sample,00869,2025-12-31,0,0,0,0,0,0,0,0,0,0,0,0
baseline_sample,02562,2025-12-31,0,0,0,0,0,0,0,0,0,0,0,0
baseline_sample,00776,2025-12-31,0,0,0,0,0,0,0,0,0,0,0,1
baseline_sample,03300,2025-12-31,0,0,0,0,0,0,0,0,0,0,0,0
baseline_sample,02438,2025-12-31,0,0,0,0,0,0,0,0,0,0,0,0
baseline_sample,08547,2025-12-31,0,0,0,1,0,0,0,1,0,0,0,1
baseline_sample,01037,2025-12-31,0,0,0,0,0,0,0,0,0,0,0,0
baseline_sample,06918,2025-12-31,0,0,0,0,0,0,0,0,0,0,0,0
baseline_sample,01425,2026-01-02,0,0,0,0,0,0,0,0,0,0,0,0
baseline_sample,06038,2026-01-02,0,0,0,0,0,0,0,0,0,0,0,0
baseline_sample,01903,2026-01-02,0,0,0,0,0,0,0,0,0,0,0,0
baseline_sample,02671,2026-01-02,0,0,0,0,0,0,0,0,0,0,0,0
baseline_sample,02350,2026-01-02,0,0,0,0,0,0,0,0,0,0,0,1
baseline_sample,01341,2026-01-02,0,1,0,0,0,1,0,0,0,1,0,0
baseline_sample,02322,2026-01-02,0,0,0,0,0,0,0,0,0,0,0,0
baseline_sample,00355,2026-01-02,0,0,0,0,0,0,0,0,0,0,0,0
baseline_sample,00556,2026-01-02,0,0,0,0,0,0,0,0,0,0,0,0
baseline_sample,00632,2026-01-02,0,0,0,0,0,0,0,0,0,0,1,0
baseline_sample,01380,2026-01-05,0,0,0,0,0,0,1,0,0,0,1,0
baseline_sample,01943,2026-01-05,0,0,0,0,0,0,0,0,0,0,1,0
baseline_sample,02671,2026-01-05,0,0,0,0,0,0,0,0,0,0,0,0
baseline_sample,00082,2026-01-05,0,0,0,0,0,0,0,0,0,0,0,0
baseline_sample,02322,2026-01-05,0,0,0,0,0,0,0,0,0,0,0,0
baseline_sample,00169,2026-01-05,0,0,0,0,0,0,0,0,0,0,0,0
baseline_sample,02455,2026-01-05,0,0,0,0,0,0,0,0,0,0,0,0
baseline_sample,01146,2026-01-05,0,0,0,0,0,0,0,0,0,0,1,0
baseline_sample,01725,2026-01-05,0,0,0,0,0,0,0,0,0,0,0,0
baseline_sample,00092,2026-01-05,0,0,1,0,0,0,1,0,0,0,1,0
baseline_sample,08472,2026-01-06,0,0,0,0,0,0,0,0,0,0,0,0
baseline_sample,01780,2026-01-06,0,0,0,0,0,0,0,0,1,0,0,0
baseline_sample,08350,2026-01-06,0,0,0,0,0,0,0,0,0,0,0,0
baseline_sample,01653,2026-01-06,0,0,0,0,0,0,0,0,0,0,0,0
baseline_sample,01667,2026-01-06,0,0,0,0,0,0,0,0,0,0,0,0
baseline_sample,01341,2026-01-06,0,1,0,0,0,1,0,0,0,1,0,0
baseline_sample,02503,2026-01-06,0,0,0,0,0,0,0,1,0,0,0,1
baseline_sample,02312,2026-01-06,0,0,0,0,0,0,1,0,0,0,1,0
baseline_sample,00361,2026-01-06,0,0,0,0,0,0,0,0,0,0,0,0
baseline_sample,00805,2026-01-06,0,0,0,0,0,0,0,0,0,0,0,0
baseline_sample,08168,2026-01-07,0,0,0,0,0,0,1,0,0,0,1,0
baseline_sample,00228,2026-01-07,0,0,0,0,0,0,0,0,0,0,0,0
baseline_sample,02562,2026-01-07,0,0,0,0,0,0,0,0,0,0,0,0
baseline_sample,01650,2026-01-07,0,0,0,0,0,0,0,0,0,0,0,0
baseline_sample,02438,2026-01-07,0,0,0,0,0,0,0,0,0,0,0,0
baseline_sample,01341,2026-01-07,0,1,0,0,0,1,0,0,0,1,0,0
baseline_sample,00209,2026-01-07,0,0,0,0,0,0,0,0,0,1,0,0
baseline_sample,01943,2026-01-07,0,0,0,0,0,0,0,0,0,0,1,0
baseline_sample,02012,2026-01-07,0,0,0,0,0,0,0,0,0,0,0,0
baseline_sample,02392,2026-01-07,0,0,0,0,0,0,0,0,0,0,0,0
baseline_sample,00841,2026-01-08,0,0,0,0,0,0,0,0,0,0,0,0
baseline_sample,06885,2026-01-08,0,0,0,0,0,0,0,0,0,0,0,0
baseline_sample,00080,2026-01-08,0,0,0,0,0,0,0,0,0,0,1,0
baseline_sample,01341,2026-01-08,0,1,0,0,0,1,0,0,0,1,0,0
baseline_sample,01473,2026-01-08,0,0,0,0,0,0,0,0,0,0,0,0
baseline_sample,01751,2026-01-08,0,0,0,1,0,0,0,1,0,0,0,1
baseline_sample,08472,2026-01-08,0,0,0,0,0,0,0,0,0,0,0,0
baseline_sample,00632,2026-01-08,0,0,0,0,0,0,0,0,0,0,1,0
baseline_sample,01468,2026-01-08,0,1,1,0,0,1,1,0,0,1,1,0
baseline_sample,01348,2026-01-08,0,0,0,0,0,0,0,0,0,0,0,0
baseline_sample,01380,2026-01-09,0,0,0,0,0,0,1,0,0,0,1,0
baseline_sample,03708,2026-01-09,0,0,0,0,0,0,0,0,0,0,1,0
baseline_sample,03666,2026-01-09,0,0,1,0,0,0,1,0,0,0,1,0
baseline_sample,08375,2026-01-09,0,0,0,0,0,0,0,0,0,0,0,0
baseline_sample,08365,2026-01-09,0,0,1,0,0,0,1,0,0,0,1,0
baseline_sample,00632,2026-01-09,0,0,0,0,0,0,0,0,0,0,1,0
baseline_sample,06829,2026-01-09,0,0,0,0,0,0,0,0,0,0,0,0
baseline_sample,02438,2026-01-09,0,0,0,0,0,0,0,0,0,0,0,0
baseline_sample,01903,2026-01-09,0,0,0,0,0,0,0,0,0,0,0,0
baseline_sample,01725,2026-01-09,0,0,0,0,0,0,0,0,0,0,0,0
baseline_sample,08146,2026-01-12,0,0,0,0,0,0,0,0,0,0,0,0
baseline_sample,00520,2026-01-12,0,0,0,0,0,0,0,0,0,0,0,0
baseline_sample,01751,2026-01-12,0,0,0,1,0,0,0,1,0,0,0,1
baseline_sample,08247,2026-01-12,0,0,0,0,0,0,0,0,0,0,0,0
baseline_sample,01255,2026-01-12,0,0,0,0,0,0,0,0,0,0,0,0
baseline_sample,06829,2026-01-12,0,0,0,0,0,0,0,0,0,0,0,0
baseline_sample,03626,2026-01-12,0,0,0,0,0,0,0,0,0,0,0,0
baseline_sample,01522,2026-01-12,0,0,0,0,0,0,0,0,0,0,0,0
baseline_sample,08341,2026-01-12,0,0,0,0,0,0,0,0,0,0,0,0
baseline_sample,00776,2026-01-12,0,0,0,0,0,0,0,0,0,0,0,1
baseline_sample,00399,2026-01-13,0,0,0,0,0,0,0,0,0,0,0,0
baseline_sample,01903,2026-01-13,0,0,0,0,0,0,0,0,0,0,0,0
baseline_sample,02515,2026-01-13,0,0,1,0,0,0,1,0,0,0,1,0
baseline_sample,01943,2026-01-13,0,0,0,0,0,0,0,0,0,0,1,0
baseline_sample,02438,2026-01-13,0,0,0,0,0,0,0,0,0,0,0,0
baseline_sample,00698,2026-01-13,0,0,0,0,0,0,0,0,0,0,0,0
baseline_sample,02503,2026-01-13,0,0,0,0,0,0,0,1,0,0,0,1
baseline_sample,01097,2026-01-13,0,0,0,0,0,0,0,0,0,0,0,0
baseline_sample,00080,2026-01-13,0,0,0,0,0,0,0,0,0,0,1,0
baseline_sample,02350,2026-01-13,0,0,0,0,0,0,0,1,0,0,0,1
baseline_sample,06885,2026-01-14,0,0,0,0,0,0,0,0,0,0,0,0
baseline_sample,00776,2026-01-14,0,0,0,0,0,0,0,0,0,0,0,1
baseline_sample,00210,2026-01-14,0,0,0,0,0,0,0,0,0,0,0,0
baseline_sample,01718,2026-01-14,0,0,1,0,0,0,1,0,0,0,1,0
baseline_sample,01780,2026-01-14,0,0,0,0,1,0,0,0,1,0,0,0
baseline_sample,00876,2026-01-14,0,0,0,0,0,1,1,0,0,1,1,0
baseline_sample,02312,2026-01-14,0,0,0,0,0,0,1,0,0,0,1,0
baseline_sample,01831,2026-01-14,0,0,0,0,0,0,0,0,0,0,0,0
baseline_sample,01502,2026-01-14,0,0,0,0,0,0,0,0,0,0,0,0
baseline_sample,02369,2026-01-14,0,0,0,0,0,0,0,0,0,0,0,0
baseline_sample,01831,2026-01-15,0,0,0,0,0,0,0,0,0,0,0,0
baseline_sample,00256,2026-01-15,0,0,0,0,0,0,0,1,0,0,0,1
baseline_sample,00381,2026-01-15,0,0,0,0,0,0,0,0,0,0,1,0
baseline_sample,02167,2026-01-15,0,0,0,0,0,0,0,0,0,0,0,0
baseline_sample,01473,2026-01-15,0,0,0,0,0,0,0,0,0,0,0,0
baseline_sample,09983,2026-01-15,0,0,0,0,0,0,0,0,0,0,0,0
baseline_sample,00204,2026-01-15,0,0,0,0,0,0,0,0,0,0,0,0
baseline_sample,00080,2026-01-15,0,0,0,0,0,0,0,0,0,0,1,0
baseline_sample,08460,2026-01-15,0,0,0,0,0,0,0,0,0,0,0,0
baseline_sample,08403,2026-01-15,0,0,0,0,0,0,1,0,0,0,1,0
baseline_sample,01380,2026-01-16,0,0,0,0,0,0,1,0,0,0,1,0
baseline_sample,08403,2026-01-16,0,0,0,0,0,0,1,0,0,0,1,0
baseline_sample,08247,2026-01-16,0,0,0,0,0,0,0,0,0,0,0,0
baseline_sample,02515,2026-01-16,0,0,1,0,0,0,1,0,0,0,1,0
baseline_sample,00209,2026-01-16,0,0,0,0,0,0,0,0,0,1,0,0
baseline_sample,00139,2026-01-16,0,0,1,0,0,0,1,0,0,0,1,0
baseline_sample,02381,2026-01-16,0,0,0,0,0,0,0,0,0,0,0,0
baseline_sample,00328,2026-01-16,0,0,0,0,0,0,0,1,0,0,0,1
baseline_sample,08186,2026-01-16,0,0,0,0,0,0,0,0,0,0,0,0
baseline_sample,06162,2026-01-16,0,0,0,0,0,0,1,0,0,0,1,0
baseline_sample,00776,2026-01-19,0,0,0,0,0,0,0,0,0,0,0,1
baseline_sample,06162,2026-01-19,0,0,0,0,0,0,1,0,0,0,1,0
baseline_sample,00953,2026-01-19,0,0,1,0,0,0,1,0,0,0,1,0
baseline_sample,01662,2026-01-19,0,0,0,0,0,0,0,0,0,0,0,0
baseline_sample,00209,2026-01-19,0,0,0,0,0,0,0,0,0,1,0,0
baseline_sample,01865,2026-01-19,0,0,0,0,0,0,0,0,0,0,0,0
baseline_sample,01425,2026-01-19,0,0,0,0,0,0,0,0,0,0,0,0
baseline_sample,02350,2026-01-19,0,0,0,0,0,0,0,1,0,0,0,1
baseline_sample,08168,2026-01-19,0,0,1,0,0,0,1,0,0,0,1,0
baseline_sample,08247,2026-01-19,0,0,0,0,0,0,0,0,0,0,0,0
baseline_sample,02136,2026-01-20,0,0,0,0,0,0,0,0,0,0,0,0
baseline_sample,01742,2026-01-20,0,0,0,0,0,0,0,0,0,0,0,0
baseline_sample,03389,2026-01-20,0,0,0,0,0,0,0,0,0,0,0,0
baseline_sample,01725,2026-01-20,0,0,0,0,0,0,0,0,0,0,0,0
baseline_sample,02381,2026-01-20,0,0,0,0,0,0,0,0,0,0,0,0
baseline_sample,08275,2026-01-20,0,0,0,0,0,0,0,0,0,0,0,0
baseline_sample,01425,2026-01-20,0,0,0,0,0,0,0,0,0,0,0,0
baseline_sample,00953,2026-01-20,0,0,1,0,0,0,1,0,0,0,1,0
baseline_sample,01662,2026-01-20,0,0,0,0,0,0,0,0,0,0,0,0
baseline_sample,06829,2026-01-20,0,0,0,0,0,0,0,0,0,0,0,0
baseline_sample,01166,2026-01-21,0,0,0,0,0,0,0,0,0,0,0,0
baseline_sample,09958,2026-01-21,0,0,0,0,0,0,1,0,0,0,1,0
baseline_sample,02515,2026-01-21,0,0,1,0,0,0,1,0,0,0,1,0
baseline_sample,02187,2026-01-21,0,0,1,0,0,0,1,0,0,0,1,0
baseline_sample,01473,2026-01-21,0,0,0,0,0,0,0,0,0,0,0,0
baseline_sample,08082,2026-01-21,0,0,0,0,0,0,0,0,0,0,0,0
baseline_sample,00591,2026-01-21,0,0,0,0,0,0,0,0,0,0,0,0
baseline_sample,08500,2026-01-21,0,0,0,0,0,0,0,0,0,0,0,0
baseline_sample,01102,2026-01-21,0,0,0,0,0,0,0,0,0,0,0,0
baseline_sample,00139,2026-01-21,0,0,1,0,0,0,1,0,0,0,1,0
baseline_sample,09919,2026-01-22,0,0,0,0,0,0,0,0,0,0,0,0
baseline_sample,09982,2026-01-22,0,0,0,0,0,0,0,0,0,0,1,0
baseline_sample,00228,2026-01-22,0,0,0,0,0,0,0,0,0,0,0,0
baseline_sample,01751,2026-01-22,0,0,0,1,0,0,0,1,0,0,0,1
baseline_sample,02257,2026-01-22,0,0,0,0,0,0,0,0,0,0,1,0
baseline_sample,00607,2026-01-22,0,0,1,0,0,0,1,0,0,0,1,0
baseline_sample,08275,2026-01-22,0,0,0,0,0,0,0,0,0,0,0,0
baseline_sample,02187,2026-01-22,0,0,1,0,0,0,1,0,0,0,1,0
baseline_sample,08247,2026-01-22,0,0,0,0,0,0,0,0,0,0,0,0
baseline_sample,01980,2026-01-22,0,0,0,0,0,0,0,0,0,0,0,0
baseline_sample,01943,2026-01-23,0,0,0,0,0,0,0,0,0,0,1,0
baseline_sample,03626,2026-01-23,0,0,0,0,0,0,0,0,0,0,0,0
baseline_sample,00022,2026-01-23,0,0,0,0,0,0,0,0,0,1,0,0
baseline_sample,01473,2026-01-23,0,0,0,0,0,0,0,0,0,0,0,0
baseline_sample,00632,2026-01-23,0,0,0,0,0,0,0,0,0,0,1,0
baseline_sample,01162,2026-01-23,0,0,0,0,0,0,0,0,0,0,0,0
baseline_sample,01986,2026-01-23,0,0,0,0,0,0,0,0,0,0,0,0
baseline_sample,00111,2026-01-23,0,0,0,0,0,0,0,0,0,0,0,0
baseline_sample,08350,2026-01-23,0,0,0,0,0,0,0,0,0,0,0,0
baseline_sample,01991,2026-01-23,0,0,0,1,0,0,0,1,0,0,0,1
baseline_sample,00139,2026-01-26,0,0,0,0,0,0,0,0,0,0,0,0
baseline_sample,00776,2026-01-26,0,0,0,0,0,0,0,0,0,0,0,1
baseline_sample,01425,2026-01-26,0,0,0,0,0,0,0,0,0,0,0,0
baseline_sample,06918,2026-01-26,0,0,0,0,0,0,0,0,0,0,0,0
baseline_sample,08247,2026-01-26,0,0,0,0,0,0,0,0,0,0,0,0
baseline_sample,08082,2026-01-26,0,0,0,0,0,0,0,0,0,0,0,0
baseline_sample,03626,2026-01-26,0,0,0,0,0,0,0,0,0,0,0,0
baseline_sample,00381,2026-01-26,0,0,0,0,0,0,0,0,0,0,1,0
baseline_sample,06829,2026-01-26,0,0,0,0,0,0,0,0,0,0,0,0
baseline_sample,01641,2026-01-26,0,0,0,0,0,0,0,0,0,0,0,0
baseline_sample,00876,2026-01-27,0,1,1,0,0,1,1,0,0,1,1,0
baseline_sample,08403,2026-01-27,0,0,0,0,0,0,1,0,0,0,1,0
baseline_sample,00361,2026-01-27,0,0,0,0,0,0,0,0,0,0,0,0
baseline_sample,00550,2026-01-27,0,0,0,0,0,0,0,0,0,0,0,0
baseline_sample,01162,2026-01-27,0,0,0,0,0,0,0,0,0,0,0,0
baseline_sample,01520,2026-01-27,0,0,0,0,0,0,0,0,0,0,0,0
baseline_sample,00080,2026-01-27,0,0,0,0,0,0,0,0,0,0,1,0
baseline_sample,01502,2026-01-27,0,0,0,0,0,0,0,0,0,0,0,0
baseline_sample,01410,2026-01-27,0,0,0,0,0,0,0,0,0,0,0,0
baseline_sample,01351,2026-01-27,0,0,0,0,0,0,0,0,0,0,0,0
baseline_sample,06162,2026-01-28,0,0,0,0,0,0,1,0,0,0,1,0
baseline_sample,00235,2026-01-28,0,0,0,0,0,0,0,0,0,0,0,0
baseline_sample,01348,2026-01-28,0,0,0,0,0,0,0,0,0,0,0,0
baseline_sample,02325,2026-01-28,0,0,0,0,0,0,0,0,0,0,0,0
baseline_sample,02680,2026-01-28,0,0,0,0,0,0,0,0,0,0,0,0
baseline_sample,08247,2026-01-28,0,0,0,0,0,0,0,0,0,0,0,0
baseline_sample,01502,2026-01-28,0,0,0,0,0,0,0,0,0,0,0,0
baseline_sample,08611,2026-01-28,0,0,0,1,0,0,0,1,0,0,0,1
baseline_sample,01425,2026-01-28,0,0,0,0,0,0,0,0,0,0,0,0
baseline_sample,01641,2026-01-28,0,0,0,0,0,0,0,0,0,0,0,0
baseline_sample,02322,2026-01-29,0,0,0,0,0,0,0,0,0,0,0,0
baseline_sample,02350,2026-01-29,0,0,0,0,0,0,0,1,0,0,0,1
baseline_sample,08069,2026-01-29,0,1,0,0,0,1,0,0,0,1,0,0
baseline_sample,01097,2026-01-29,0,0,0,0,0,0,0,0,0,0,0,0
baseline_sample,08275,2026-01-29,0,0,0,0,0,0,0,0,0,0,0,0
baseline_sample,02211,2026-01-29,0,0,0,0,0,0,0,0,0,0,0,1
baseline_sample,01662,2026-01-29,0,0,0,0,0,0,0,0,0,0,0,0
baseline_sample,08460,2026-01-29,0,0,0,0,0,0,0,0,0,0,0,0
baseline_sample,01831,2026-01-29,0,0,0,0,0,0,0,0,0,0,0,0
baseline_sample,06162,2026-01-29,0,0,0,0,0,0,1,0,0,0,1,0
baseline_sample,09982,2026-01-30,0,0,0,0,0,0,0,0,0,0,1,0
baseline_sample,01980,2026-01-30,0,0,0,0,0,0,0,0,0,0,0,0
baseline_sample,06162,2026-01-30,0,0,0,0,0,0,1,0,0,0,1,0
baseline_sample,00339,2026-01-30,0,0,0,0,0,0,0,0,0,0,0,0
baseline_sample,01901,2026-01-30,0,0,0,0,0,0,0,0,0,0,0,0
baseline_sample,01641,2026-01-30,0,0,0,0,0,0,0,0,0,0,0,0
baseline_sample,01552,2026-01-30,0,0,0,0,0,0,0,0,0,0,0,0
baseline_sample,00328,2026-01-30,0,0,0,1,0,0,0,1,0,0,0,1
baseline_sample,01159,2026-01-30,0,0,0,0,0,0,0,0,0,0,1,0
baseline_sample,01341,2026-01-30,0,0,0,0,0,1,0,0,0,1,0,0
baseline_sample,00381,2026-02-02,0,0,0,0,0,0,0,0,0,0,1,0
baseline_sample,01943,2026-02-02,0,0,0,0,0,0,0,0,0,0,1,0
baseline_sample,03708,2026-02-02,0,0,0,0,0,0,0,0,0,0,1,0
baseline_sample,06939,2026-02-02,0,0,0,0,0,0,0,0,0,0,0,0
baseline_sample,08611,2026-02-02,0,0,0,1,0,0,0,1,0,0,0,1
baseline_sample,00111,2026-02-02,0,0,0,0,0,0,0,0,0,0,0,0
baseline_sample,08460,2026-02-02,0,0,0,0,0,0,0,0,0,0,0,0
baseline_sample,01410,2026-02-02,0,0,0,0,0,0,0,0,0,0,0,0
baseline_sample,03816,2026-02-02,0,0,0,0,0,0,0,0,0,0,0,0
baseline_sample,01986,2026-02-02,0,0,0,0,0,0,0,0,0,0,0,0
baseline_sample,08507,2026-02-03,0,0,0,1,0,0,0,1,0,0,0,1
baseline_sample,02322,2026-02-03,0,0,0,0,0,0,0,0,0,0,0,0
baseline_sample,01662,2026-02-03,0,0,0,0,0,0,0,0,0,0,0,0
baseline_sample,00381,2026-02-03,0,0,0,0,0,0,0,0,0,0,1,0
baseline_sample,01725,2026-02-03,0,0,0,0,0,0,0,0,0,0,0,0
baseline_sample,08191,2026-02-03,0,0,0,0,0,0,0,1,0,0,0,1
baseline_sample,01425,2026-02-03,0,0,0,0,0,0,0,0,0,0,0,0
baseline_sample,08146,2026-02-03,0,0,0,0,0,0,0,0,0,0,0,0
baseline_sample,01865,2026-02-03,0,0,0,0,0,0,0,0,0,0,0,0
baseline_sample,03883,2026-02-03,0,0,0,0,0,0,0,0,0,0,0,0
baseline_sample,01725,2026-02-04,0,0,0,0,0,0,0,0,0,0,0,0
baseline_sample,08365,2026-02-04,0,0,1,0,0,0,1,0,0,0,1,0
baseline_sample,01878,2026-02-04,0,0,0,0,0,0,0,0,0,0,0,0
baseline_sample,00776,2026-02-04,0,0,0,0,0,0,0,0,0,0,0,1
baseline_sample,02325,2026-02-04,0,0,0,0,0,0,0,0,0,0,0,0
baseline_sample,01865,2026-02-04,0,0,0,0,0,0,0,0,0,0,0,0
baseline_sample,00080,2026-02-04,0,0,0,0,0,0,1,0,0,0,1,0
baseline_sample,00381,2026-02-04,0,0,0,0,0,0,0,0,0,0,1,0
baseline_sample,01641,2026-02-04,0,0,0,0,0,0,0,0,0,0,0,0
baseline_sample,00653,2026-02-04,0,0,1,0,0,0,1,0,0,0,1,0
baseline_sample,01400,2026-02-05,0,0,0,0,0,0,0,0,0,0,0,0
baseline_sample,00928,2026-02-05,0,0,0,0,0,0,0,0,0,1,0,1
baseline_sample,08365,2026-02-05,0,0,1,0,0,0,1,0,0,0,1,0
baseline_sample,02440,2026-02-05,0,0,0,0,0,0,0,0,0,0,0,0
baseline_sample,01865,2026-02-05,0,0,0,0,0,0,0,0,0,0,0,0
baseline_sample,00381,2026-02-05,0,0,0,0,0,0,0,0,0,0,1,0
baseline_sample,06162,2026-02-05,0,0,0,0,0,0,1,0,0,0,1,0
baseline_sample,01633,2026-02-05,0,0,0,0,0,0,0,0,1,0,0,0
baseline_sample,00339,2026-02-05,0,0,0,0,0,0,0,0,0,0,0,0
baseline_sample,08168,2026-02-05,0,0,1,0,0,0,1,0,0,0,1,0
baseline_sample,01341,2026-02-06,0,0,0,0,0,1,0,0,0,1,0,0
baseline_sample,01643,2026-02-06,0,0,0,0,0,0,0,0,0,0,0,0
baseline_sample,02438,2026-02-06,0,0,0,0,0,0,0,0,0,0,0,0
baseline_sample,08637,2026-02-06,0,0,0,0,0,0,0,0,0,0,0,0
baseline_sample,01489,2026-02-06,0,0,0,0,0,0,0,0,0,0,0,0
baseline_sample,01991,2026-02-06,0,0,0,0,0,0,0,0,0,0,0,0
baseline_sample,08460,2026-02-06,0,0,0,0,0,0,0,0,0,0,0,0
baseline_sample,00339,2026-02-06,0,0,0,0,0,0,0,0,0,0,0,0
baseline_sample,00209,2026-02-06,0,0,0,0,0,1,0,0,0,1,0,0
baseline_sample,08275,2026-02-06,0,0,0,0,0,0,0,0,0,0,0,0
baseline_sample,00301,2026-02-09,0,0,0,0,0,0,0,0,0,0,0,0
baseline_sample,01341,2026-02-09,0,0,0,0,0,1,0,0,0,1,0,0
baseline_sample,02350,2026-02-09,0,0,0,0,0,0,0,1,0,0,0,1
baseline_sample,01348,2026-02-09,0,0,0,0,0,0,0,0,0,0,0,0
baseline_sample,08238,2026-02-09,0,0,0,0,0,0,0,0,0,0,0,0
baseline_sample,02438,2026-02-09,0,0,0,0,0,0,0,0,0,0,0,0
baseline_sample,08611,2026-02-09,0,0,0,1,0,0,0,1,0,0,0,1
baseline_sample,00022,2026-02-09,0,0,0,0,0,1,0,0,0,1,0,0
baseline_sample,00464,2026-02-09,0,0,0,0,0,0,0,0,0,0,0,0
baseline_sample,01087,2026-02-09,0,0,0,0,0,0,1,0,0,0,1,0
baseline_sample,01870,2026-02-10,0,0,0,0,0,0,0,0,0,0,1,0
baseline_sample,02012,2026-02-10,0,0,0,0,0,0,0,0,0,0,0,0
baseline_sample,01348,2026-02-10,0,0,0,0,0,0,0,0,0,0,0,0
baseline_sample,01943,2026-02-10,0,0,0,0,0,0,0,0,0,0,1,0
baseline_sample,01720,2026-02-10,0,0,0,0,0,0,0,0,0,0,0,0
baseline_sample,00862,2026-02-10,0,0,0,0,0,1,0,0,0,1,0,0
baseline_sample,01643,2026-02-10,0,0,0,0,0,0,0,0,0,0,0,0
baseline_sample,06696,2026-02-10,0,0,0,0,0,0,0,0,0,0,0,0
baseline_sample,01380,2026-02-10,0,0,0,0,0,0,1,0,0,0,1,0
baseline_sample,01745,2026-02-10,0,0,0,0,0,0,0,0,0,1,0,0
baseline_sample,00361,2026-02-11,0,0,0,0,0,0,0,0,0,0,0,0
baseline_sample,01742,2026-02-11,0,0,0,0,0,0,0,0,0,0,0,0
baseline_sample,01716,2026-02-11,1,0,0,0,1,0,0,0,1,0,1,0
baseline_sample,01865,2026-02-11,0,0,0,0,0,0,0,0,0,0,1,0
baseline_sample,01425,2026-02-11,0,0,0,0,0,0,0,0,0,0,0,0
baseline_sample,09958,2026-02-11,0,0,1,0,0,0,1,0,0,0,1,0
baseline_sample,00334,2026-02-11,0,0,0,0,0,0,0,0,0,0,0,0
baseline_sample,00617,2026-02-11,0,0,0,0,0,0,0,0,0,0,0,0
baseline_sample,02116,2026-02-11,0,0,0,0,0,0,0,0,0,0,0,0
baseline_sample,01079,2026-02-11,0,0,0,0,0,0,0,0,0,0,0,1
baseline_sample,01742,2026-02-12,0,0,0,0,0,0,0,0,0,0,0,0
baseline_sample,06918,2026-02-12,0,0,0,0,0,0,0,0,0,0,0,0
baseline_sample,01720,2026-02-12,0,0,0,0,0,0,0,0,0,0,0,0
baseline_sample,01623,2026-02-12,0,0,0,0,0,0,0,0,0,0,0,0
baseline_sample,08365,2026-02-12,0,0,1,0,0,0,1,0,0,0,1,0
baseline_sample,08460,2026-02-12,0,0,0,0,0,0,0,0,0,0,0,0
baseline_sample,01718,2026-02-12,0,0,0,0,0,0,0,0,0,0,0,0
baseline_sample,02211,2026-02-12,0,0,0,0,0,0,0,0,0,0,0,1
baseline_sample,03816,2026-02-12,0,0,0,0,0,0,0,0,0,0,0,0
baseline_sample,01520,2026-02-12,0,0,0,0,0,0,0,0,0,0,0,0
baseline_sample,01332,2026-02-13,0,0,0,0,0,0,0,0,0,0,0,0
baseline_sample,01942,2026-02-13,0,0,0,0,0,0,0,1,0,0,0,1
baseline_sample,08365,2026-02-13,0,0,1,0,0,0,1,0,0,0,1,0
baseline_sample,02438,2026-02-13,0,0,0,0,0,0,0,0,0,0,0,0
baseline_sample,01865,2026-02-13,0,0,0,0,0,0,0,0,0,0,1,0
baseline_sample,02680,2026-02-13,0,0,0,0,0,0,0,0,0,0,0,0
baseline_sample,02370,2026-02-13,0,0,0,0,0,0,0,0,0,0,0,0
baseline_sample,01991,2026-02-13,0,0,0,0,0,0,0,0,0,0,0,0
baseline_sample,00953,2026-02-13,0,0,0,0,0,0,0,0,0,0,0,0
baseline_sample,01850,2026-02-13,0,0,0,0,0,0,0,0,0,0,0,0
baseline_sample,08283,2026-02-16,0,0,0,0,0,0,0,0,0,0,0,0
baseline_sample,00617,2026-02-16,0,0,0,0,0,0,0,0,0,0,0,0
baseline_sample,08247,2026-02-16,0,0,0,0,0,0,0,0,0,0,1,0
baseline_sample,01986,2026-02-16,0,0,0,0,0,0,0,0,0,0,0,0
baseline_sample,00776,2026-02-16,0,0,0,0,0,0,0,0,0,0,0,1
baseline_sample,01429,2026-02-16,0,0,0,0,0,0,0,0,0,0,1,0
baseline_sample,01341,2026-02-16,0,0,0,0,0,1,0,0,0,1,0,0
baseline_sample,00228,2026-02-16,0,0,0,0,0,0,0,0,0,0,0,0
baseline_sample,01685,2026-02-16,0,0,0,0,0,0,0,0,0,0,0,0
baseline_sample,08491,2026-02-16,0,0,0,0,0,0,0,0,0,0,0,0
baseline_sample,08620,2026-02-20,0,0,0,0,0,0,0,0,0,0,1,0
baseline_sample,01613,2026-02-20,0,0,1,0,0,0,1,0,0,0,1,0
baseline_sample,00520,2026-02-20,0,0,0,0,0,0,0,0,0,0,0,0
baseline_sample,06128,2026-02-20,0,0,0,0,0,0,0,0,0,0,0,0
baseline_sample,00556,2026-02-20,0,0,0,0,0,0,0,0,0,0,0,0
baseline_sample,01986,2026-02-20,0,0,0,0,0,0,0,0,0,0,0,0
baseline_sample,00080,2026-02-20,0,0,0,0,0,0,1,0,0,0,1,0
baseline_sample,08611,2026-02-20,0,0,0,0,0,0,0,0,0,0,0,0
baseline_sample,01180,2026-02-20,0,0,0,0,0,0,0,0,0,0,0,0
baseline_sample,01945,2026-02-20,0,0,0,0,0,0,0,0,0,0,0,0
baseline_sample,01685,2026-02-23,0,0,0,0,0,0,0,0,0,0,0,0
baseline_sample,08611,2026-02-23,0,0,0,0,0,0,0,0,0,0,0,0
baseline_sample,03321,2026-02-23,0,1,1,0,0,1,1,0,0,1,1,0
baseline_sample,01425,2026-02-23,0,0,0,0,0,0,0,0,0,0,0,0
baseline_sample,08082,2026-02-23,0,0,0,0,0,0,0,0,0,0,0,0
baseline_sample,01617,2026-02-23,0,0,0,0,0,0,0,0,0,0,0,0
baseline_sample,08350,2026-02-23,0,0,0,0,0,0,0,0,0,0,0,0
baseline_sample,00632,2026-02-23,0,0,0,0,0,0,1,0,0,0,1,0
baseline_sample,06128,2026-02-23,0,0,0,0,0,0,0,0,0,0,0,0
baseline_sample,01346,2026-02-23,0,0,0,0,0,0,0,0,0,0,0,0
baseline_sample,00827,2026-02-24,0,0,0,0,0,0,0,0,0,0,0,0
baseline_sample,02440,2026-02-24,0,0,0,0,0,0,0,0,0,0,0,0
baseline_sample,01751,2026-02-24,0,0,0,1,0,0,0,1,0,0,0,1
baseline_sample,06038,2026-02-24,0,0,0,0,0,0,0,0,0,0,0,0
baseline_sample,01655,2026-02-24,0,0,0,0,0,0,0,0,0,0,0,0
baseline_sample,01720,2026-02-24,0,0,0,0,0,0,0,0,0,0,0,0
baseline_sample,02459,2026-02-24,0,1,0,0,0,1,0,0,0,1,0,0
baseline_sample,01685,2026-02-24,0,0,0,0,0,0,0,0,0,0,0,0
baseline_sample,01380,2026-02-24,0,0,1,0,0,0,1,0,0,0,1,0
baseline_sample,01429,2026-02-24,0,0,0,0,0,0,0,0,0,0,1,0
baseline_sample,01421,2026-02-25,0,0,0,0,0,0,0,0,0,0,0,0
baseline_sample,00567,2026-02-25,0,0,0,0,0,0,0,0,0,0,0,0
baseline_sample,01850,2026-02-25,0,0,0,0,0,0,0,0,0,0,0,0
baseline_sample,00611,2026-02-25,0,0,0,0,0,0,0,0,0,0,0,0
baseline_sample,00875,2026-02-25,0,0,1,0,0,0,1,0,0,0,1,0
baseline_sample,08611,2026-02-25,0,0,0,0,0,0,0,0,0,0,0,0
baseline_sample,00399,2026-02-25,0,0,0,0,0,0,0,0,0,0,0,0
baseline_sample,02325,2026-02-25,0,0,0,0,0,0,0,0,0,0,0,0
baseline_sample,01334,2026-02-25,0,0,0,0,0,0,0,0,0,0,0,0
baseline_sample,01079,2026-02-25,0,0,0,0,0,0,0,0,0,0,0,1
baseline_sample,00607,2026-02-26,0,0,0,0,0,0,0,0,0,0,0,0
baseline_sample,01341,2026-02-26,0,0,0,0,0,1,0,0,0,1,0,0
baseline_sample,02459,2026-02-26,0,1,0,0,0,1,0,0,0,1,0,0
baseline_sample,00399,2026-02-26,0,0,0,0,0,0,0,0,0,0,0,0
baseline_sample,01425,2026-02-26,0,0,0,0,0,0,0,0,0,0,0,0
baseline_sample,01685,2026-02-26,0,0,0,0,0,0,0,0,0,0,0,0
baseline_sample,00037,2026-02-26,0,0,0,0,0,0,0,0,0,0,0,0
baseline_sample,01502,2026-02-26,0,0,0,0,0,0,0,0,0,0,0,0
baseline_sample,00721,2026-02-26,0,1,1,0,0,1,1,0,0,1,1,0
baseline_sample,00042,2026-02-26,0,0,0,0,0,0,0,0,0,0,0,0
baseline_sample,08601,2026-02-27,0,0,0,0,0,0,0,0,0,0,0,0
baseline_sample,00389,2026-02-27,0,0,0,0,0,0,0,0,1,0,1,0
baseline_sample,01334,2026-02-27,0,0,0,0,0,0,0,0,0,0,0,0
baseline_sample,01792,2026-02-27,0,0,0,0,0,0,0,1,0,0,0,1
baseline_sample,00653,2026-02-27,0,0,1,0,0,0,1,0,0,1,1,0
baseline_sample,08637,2026-02-27,0,0,0,0,0,0,0,0,0,0,0,0
baseline_sample,08125,2026-02-27,0,0,1,0,0,0,1,0,0,0,1,0
baseline_sample,01282,2026-02-27,0,0,0,0,0,0,0,0,0,0,0,0
baseline_sample,00632,2026-02-27,0,0,0,0,0,0,1,0,0,0,1,0
baseline_sample,08431,2026-02-27,0,0,1,0,0,0,1,0,0,0,1,0
baseline_sample,00611,2026-03-02,0,0,0,0,0,0,0,0,0,0,0,0
baseline_sample,00432,2026-03-02,0,0,0,0,0,0,0,0,0,0,0,0
baseline_sample,01166,2026-03-02,0,0,0,0,0,0,0,0,0,0,0,0
baseline_sample,00689,2026-03-02,0,0,0,0,0,0,0,0,0,0,0,0
baseline_sample,01920,2026-03-02,0,0,0,0,0,0,1,0,0,0,1,0
baseline_sample,01617,2026-03-02,0,0,0,0,0,0,0,0,0,0,0,0
baseline_sample,01720,2026-03-02,0,0,0,0,0,0,0,0,0,0,0,0
baseline_sample,08146,2026-03-02,0,0,0,0,0,0,0,0,0,0,0,0
baseline_sample,01473,2026-03-02,0,0,0,0,0,0,0,0,0,0,0,0
baseline_sample,02438,2026-03-02,0,0,0,0,0,0,0,0,0,0,0,0
baseline_sample,00256,2026-03-03,0,0,0,0,0,0,0,1,0,0,0,1
baseline_sample,02878,2026-03-03,0,0,0,0,0,0,0,0,0,0,0,0
baseline_sample,01894,2026-03-03,0,0,0,0,0,0,0,0,0,0,1,0
baseline_sample,02789,2026-03-03,0,0,0,0,0,0,0,0,0,0,0,0
baseline_sample,01792,2026-03-03,0,0,0,0,0,0,0,1,0,0,0,1
baseline_sample,01546,2026-03-03,0,0,0,0,0,0,0,0,0,0,0,0
baseline_sample,01612,2026-03-03,0,0,0,0,0,0,0,0,0,0,0,0
baseline_sample,00556,2026-03-03,0,0,0,0,0,0,0,0,0,0,0,0
baseline_sample,01942,2026-03-03,0,0,0,0,0,0,0,1,0,0,0,1
baseline_sample,01685,2026-03-03,0,0,0,0,0,0,0,0,0,0,0,0
baseline_sample,02438,2026-03-04,0,0,0,0,0,0,0,0,0,0,0,0
baseline_sample,01920,2026-03-04,0,0,0,0,0,0,1,0,0,0,1,0
baseline_sample,01685,2026-03-04,0,0,0,0,0,0,0,0,0,0,0,0
baseline_sample,00048,2026-03-04,0,0,0,0,0,0,0,0,0,0,0,0
baseline_sample,01725,2026-03-04,0,0,0,0,0,0,0,0,0,0,1,0
baseline_sample,08365,2026-03-04,0,0,1,0,0,0,1,0,0,0,1,0
baseline_sample,01334,2026-03-04,0,0,0,0,0,0,0,0,0,0,0,0
baseline_sample,02543,2026-03-04,0,0,0,0,0,0,0,0,0,0,0,0
baseline_sample,06918,2026-03-04,0,0,0,0,0,0,0,0,0,0,0,0
baseline_sample,00520,2026-03-04,0,0,0,0,0,0,0,0,0,0,0,0
baseline_sample,01334,2026-03-05,0,0,0,0,0,0,0,0,0,0,0,0
baseline_sample,01870,2026-03-05,0,0,0,0,0,0,0,0,0,0,1,0
baseline_sample,00471,2026-03-05,0,0,0,0,0,0,0,0,0,0,0,0
baseline_sample,02543,2026-03-05,0,0,0,0,0,0,0,0,0,0,0,0
baseline_sample,00679,2026-03-05,0,0,0,0,0,0,0,0,0,0,0,0
baseline_sample,01502,2026-03-05,0,0,0,0,0,0,0,0,0,0,0,0
baseline_sample,00209,2026-03-05,0,0,0,0,0,1,0,0,0,1,0,0
baseline_sample,01725,2026-03-05,0,0,0,0,0,0,0,0,0,0,1,0
baseline_sample,08275,2026-03-05,0,0,0,0,0,0,0,0,0,0,0,0
baseline_sample,02257,2026-03-05,0,0,0,0,0,0,1,0,0,0,1,0
baseline_sample,00607,2026-03-06,0,0,0,0,0,0,0,0,0,0,0,0
baseline_sample,08460,2026-03-06,0,0,0,0,0,0,0,0,0,0,0,0
baseline_sample,02503,2026-03-06,0,0,0,1,0,0,0,1,0,0,0,1
baseline_sample,01943,2026-03-06,0,0,0,0,0,0,1,0,0,0,1,0
baseline_sample,01685,2026-03-06,0,0,0,0,0,0,0,0,0,0,0,0
baseline_sample,06162,2026-03-06,0,0,1,0,0,0,1,0,0,0,1,0
baseline_sample,08365,2026-03-06,0,0,0,0,0,0,0,0,0,0,1,0
baseline_sample,02178,2026-03-06,0,0,0,0,0,0,0,0,0,0,0,0
baseline_sample,01855,2026-03-06,0,0,0,0,0,0,0,0,0,0,0,0
baseline_sample,09998,2026-03-06,0,0,0,0,0,0,0,0,0,0,0,0
baseline_sample,01943,2026-03-09,0,0,0,0,0,0,1,0,0,0,1,0
baseline_sample,02440,2026-03-09,0,0,0,0,0,0,0,0,0,0,0,0
baseline_sample,00399,2026-03-09,0,0,0,0,0,0,0,0,0,0,0,0
baseline_sample,01380,2026-03-09,0,0,1,0,0,0,1,0,0,0,1,0
baseline_sample,01425,2026-03-09,0,0,0,0,0,0,0,0,0,0,0,0
baseline_sample,01720,2026-03-09,0,0,0,0,0,0,0,0,0,0,0,0
baseline_sample,00698,2026-03-09,0,0,0,0,0,0,0,0,0,0,0,0
baseline_sample,02012,2026-03-09,0,0,0,0,0,0,0,0,0,0,0,0
baseline_sample,01613,2026-03-09,0,0,0,0,0,0,0,0,0,0,0,0
baseline_sample,01850,2026-03-09,0,0,0,0,0,0,0,0,0,0,0,0
baseline_sample,02012,2026-03-10,0,0,0,0,0,0,0,0,0,0,0,0
baseline_sample,01425,2026-03-10,0,0,0,0,0,0,0,0,0,0,0,0
baseline_sample,02211,2026-03-10,0,0,0,0,0,0,0,0,0,0,0,1
baseline_sample,00607,2026-03-10,0,0,0,0,0,0,0,0,0,0,0,0
baseline_sample,00947,2026-03-10,0,0,0,0,0,0,0,0,0,0,0,0
baseline_sample,08275,2026-03-10,0,0,0,0,0,0,0,0,0,0,0,0
baseline_sample,02178,2026-03-10,0,0,0,0,0,0,0,0,0,0,0,0
baseline_sample,02649,2026-03-10,0,0,0,0,0,0,0,0,0,0,0,0
baseline_sample,08187,2026-03-10,0,0,0,0,0,0,0,0,0,0,0,0
baseline_sample,02257,2026-03-10,0,0,0,0,0,0,1,0,0,0,1,0
baseline_sample,02405,2026-03-11,0,0,0,0,0,0,0,0,0,0,0,0
baseline_sample,01400,2026-03-11,0,0,0,0,0,0,0,0,0,0,0,0
baseline_sample,00550,2026-03-11,0,0,0,0,0,0,0,0,0,0,0,0
baseline_sample,01429,2026-03-11,0,0,0,0,0,0,0,0,0,0,1,0
baseline_sample,08500,2026-03-11,0,0,0,0,0,0,0,0,0,0,0,0
baseline_sample,00042,2026-03-11,0,0,0,0,0,0,0,0,0,0,0,0
baseline_sample,02159,2026-03-11,0,0,1,0,0,0,1,0,0,0,1,0
baseline_sample,02350,2026-03-11,0,0,0,0,0,0,0,1,0,0,1,1
baseline_sample,00894,2026-03-11,0,0,0,0,0,0,0,0,0,0,0,0
baseline_sample,01942,2026-03-11,0,0,0,0,0,0,0,1,0,0,0,1
baseline_sample,01850,2026-03-12,0,0,0,0,0,0,0,0,0,0,0,0
baseline_sample,01901,2026-03-12,0,0,0,0,0,0,0,0,0,0,0,0
baseline_sample,01653,2026-03-12,0,0,0,0,0,0,0,0,0,0,0,0
baseline_sample,01334,2026-03-12,0,0,0,0,0,0,0,0,0,0,0,0
baseline_sample,01878,2026-03-12,0,0,0,0,0,0,0,0,0,0,0,0
baseline_sample,01720,2026-03-12,0,0,0,0,0,0,0,0,0,0,0,0
baseline_sample,02503,2026-03-12,0,0,0,1,0,0,0,1,0,0,0,1
baseline_sample,00784,2026-03-12,1,0,0,0,1,0,0,0,1,0,0,0
baseline_sample,08365,2026-03-12,0,0,0,0,0,0,0,0,0,0,1,0
baseline_sample,01341,2026-03-12,0,1,0,0,0,1,0,0,0,1,0,0
baseline_sample,01653,2026-03-13,0,0,0,0,0,0,0,0,0,0,0,0
baseline_sample,00361,2026-03-13,0,0,0,0,0,0,0,0,0,0,0,0
baseline_sample,00875,2026-03-13,0,0,1,0,0,0,1,0,0,0,1,0
baseline_sample,02573,2026-03-13,0,0,0,0,0,0,0,0,0,0,0,0
baseline_sample,02438,2026-03-13,0,0,0,0,0,0,0,0,0,0,0,0
baseline_sample,00611,2026-03-13,0,0,0,0,0,0,0,0,0,0,0,0
baseline_sample,01613,2026-03-13,0,0,0,0,0,0,0,0,0,0,0,0
baseline_sample,01655,2026-03-13,0,0,0,0,0,0,0,0,0,0,0,0
baseline_sample,08072,2026-03-13,0,0,0,0,0,0,0,0,0,0,0,0
baseline_sample,06162,2026-03-13,0,0,1,0,0,0,1,0,0,0,1,0
baseline_sample,01901,2026-03-16,0,0,0,0,0,0,0,0,0,0,0,0
baseline_sample,00721,2026-03-16,0,1,0,0,0,1,0,0,0,1,0,0
baseline_sample,01348,2026-03-16,0,0,0,0,0,0,0,0,0,0,0,0
baseline_sample,01945,2026-03-16,0,0,0,0,0,0,0,0,0,0,0,0
baseline_sample,02257,2026-03-16,0,0,0,0,0,0,1,0,0,0,1,0
baseline_sample,00209,2026-03-16,0,0,0,0,0,1,0,0,0,1,0,0
baseline_sample,01520,2026-03-16,0,0,0,0,0,0,0,0,0,0,0,0
baseline_sample,00550,2026-03-16,0,0,0,0,0,0,0,0,0,0,0,0
baseline_sample,01087,2026-03-16,0,0,1,0,0,0,1,0,0,0,1,0
baseline_sample,01850,2026-03-16,0,0,0,0,0,0,0,0,0,0,0,0
baseline_sample,01380,2026-03-17,0,0,1,0,0,0,1,0,0,0,1,0
baseline_sample,00139,2026-03-17,0,0,0,0,0,0,0,0,0,0,0,0
baseline_sample,00611,2026-03-17,0,0,0,0,0,0,0,0,0,0,0,0
baseline_sample,00617,2026-03-17,0,0,0,0,0,0,0,0,0,0,0,0
baseline_sample,00111,2026-03-17,0,0,0,0,0,0,0,0,0,0,0,0
baseline_sample,00607,2026-03-17,0,0,0,0,0,0,0,0,0,0,0,0
baseline_sample,02257,2026-03-17,0,0,0,0,0,0,1,0,0,0,1,0
baseline_sample,01945,2026-03-17,0,0,0,0,0,0,0,0,0,0,0,0
baseline_sample,09958,2026-03-17,0,0,1,0,0,0,1,0,0,0,1,1
baseline_sample,03300,2026-03-17,0,0,0,0,0,0,0,0,0,0,0,0
baseline_sample,08403,2026-03-18,0,0,1,0,0,0,1,0,0,0,1,0
baseline_sample,01855,2026-03-18,0,0,0,0,0,0,0,0,0,0,0,0
baseline_sample,01685,2026-03-18,0,0,0,0,0,0,0,0,0,0,0,0
baseline_sample,00875,2026-03-18,0,0,1,0,0,0,1,0,0,0,1,0
baseline_sample,03300,2026-03-18,0,0,0,0,0,0,0,0,0,0,0,0
baseline_sample,01652,2026-03-18,0,0,0,0,0,0,0,0,0,0,0,0
baseline_sample,01720,2026-03-18,0,0,0,0,0,0,0,0,0,0,0,0
baseline_sample,00827,2026-03-18,0,0,0,0,0,0,0,0,0,0,0,0
baseline_sample,02649,2026-03-18,0,0,0,0,0,0,0,0,0,0,0,0
baseline_sample,08365,2026-03-18,0,0,0,0,0,0,0,0,0,0,1,0
baseline_sample,00953,2026-03-19,0,0,0,0,0,0,0,0,0,0,0,0
baseline_sample,01653,2026-03-19,0,0,0,0,0,0,0,0,0,0,0,0
baseline_sample,01596,2026-03-19,0,0,0,0,0,0,0,0,0,0,0,0
baseline_sample,03883,2026-03-19,0,0,0,0,0,0,0,0,0,0,0,0
baseline_sample,00037,2026-03-19,0,0,0,0,0,0,0,0,0,0,0,0
baseline_sample,01633,2026-03-19,0,0,0,0,0,0,0,0,1,0,0,0
baseline_sample,01522,2026-03-19,0,0,0,0,0,0,0,0,0,0,0,0
baseline_sample,02405,2026-03-19,0,0,0,0,0,0,0,0,0,0,0,0
baseline_sample,00399,2026-03-19,0,0,0,0,0,0,0,0,0,0,0,0
baseline_sample,01630,2026-03-19,0,0,0,0,0,0,0,0,0,0,0,0
baseline_sample,09963,2026-03-20,0,0,0,0,0,0,0,0,0,0,1,0
baseline_sample,08187,2026-03-20,0,0,0,0,0,0,0,0,0,0,0,0
baseline_sample,02878,2026-03-20,0,0,0,0,0,0,0,0,0,0,0,0
baseline_sample,06885,2026-03-20,0,0,0,0,0,0,0,0,0,0,0,0
baseline_sample,06908,2026-03-20,0,0,0,0,0,0,0,0,0,0,0,0
baseline_sample,00381,2026-03-20,0,0,0,0,0,0,1,0,0,0,1,0
baseline_sample,00595,2026-03-20,0,0,0,0,0,0,0,0,0,0,0,0
baseline_sample,00876,2026-03-20,0,0,0,0,0,0,0,0,0,0,0,0
baseline_sample,02012,2026-03-20,0,0,0,0,0,0,0,0,0,0,0,0
baseline_sample,09958,2026-03-20,0,0,1,0,0,0,1,0,0,0,1,1
baseline_sample,00536,2026-03-23,0,0,0,0,0,0,0,0,0,0,0,0
baseline_sample,00620,2026-03-23,0,0,0,0,0,0,0,0,0,0,0,0
baseline_sample,00139,2026-03-23,0,0,0,0,0,0,0,0,0,0,0,0
baseline_sample,01725,2026-03-23,0,0,0,0,0,0,0,0,0,0,1,0
baseline_sample,00210,2026-03-23,0,0,0,0,0,0,0,0,0,0,0,0
baseline_sample,01380,2026-03-23,0,0,1,0,0,0,1,0,0,0,1,0
baseline_sample,02885,2026-03-23,0,0,0,0,0,0,0,0,0,0,0,0
baseline_sample,02008,2026-03-23,0,0,0,0,0,0,0,0,0,0,0,0
baseline_sample,01942,2026-03-23,0,0,0,1,0,0,0,1,0,0,0,1
baseline_sample,00607,2026-03-23,0,0,0,0,0,0,0,0,0,0,0,0
baseline_sample,02439,2026-03-24,0,0,1,0,0,0,1,0,0,0,1,0
baseline_sample,00607,2026-03-24,0,0,0,0,0,0,0,0,0,0,0,0
baseline_sample,08547,2026-03-24,0,0,0,0,0,0,0,0,0,0,1,0
baseline_sample,00210,2026-03-24,0,0,0,0,0,0,0,0,0,0,0,0
baseline_sample,08365,2026-03-24,0,0,0,0,0,0,1,0,0,0,1,0
baseline_sample,01865,2026-03-24,0,0,0,0,0,0,0,0,0,0,1,0
baseline_sample,00616,2026-03-24,0,0,0,0,0,0,0,0,0,0,0,0
baseline_sample,00042,2026-03-24,0,0,0,0,0,0,0,0,0,0,0,0
baseline_sample,01425,2026-03-24,0,0,0,0,0,0,0,0,0,0,0,0
baseline_sample,01683,2026-03-24,0,0,0,0,0,0,0,0,0,0,0,0
baseline_sample,02651,2026-03-25,0,0,0,0,0,0,1,0,0,0,1,0
baseline_sample,02257,2026-03-25,0,0,0,0,0,0,1,0,0,0,1,0
baseline_sample,00204,2026-03-25,0,0,0,0,0,0,0,0,0,0,0,0
baseline_sample,06885,2026-03-25,0,0,0,0,0,0,0,0,0,0,0,0
baseline_sample,01690,2026-03-25,0,0,0,0,0,0,0,0,0,0,0,0
baseline_sample,00334,2026-03-25,0,0,0,0,0,0,0,0,0,0,0,0
baseline_sample,01942,2026-03-25,0,0,0,1,0,0,0,1,0,0,0,1
baseline_sample,00611,2026-03-25,0,0,0,0,0,0,0,0,0,0,0,0
baseline_sample,01920,2026-03-25,0,0,0,0,0,0,1,0,0,0,1,0
baseline_sample,01831,2026-03-25,0,0,0,0,0,0,0,0,0,0,0,0
baseline_sample,01410,2026-03-26,0,0,0,0,0,0,0,0,0,0,0,0
baseline_sample,08403,2026-03-26,0,0,1,0,0,0,1,0,0,0,1,0
baseline_sample,00381,2026-03-26,0,0,0,0,0,0,1,0,0,0,1,0
baseline_sample,00897,2026-03-26,0,0,0,0,0,0,0,0,0,0,0,0
baseline_sample,01920,2026-03-26,0,0,0,0,0,0,1,0,0,0,1,0
baseline_sample,03666,2026-03-26,0,0,0,0,0,0,0,0,0,0,0,0
baseline_sample,02505,2026-03-26,0,0,0,0,0,0,0,0,0,0,0,0
baseline_sample,08365,2026-03-26,0,0,0,0,0,0,1,0,0,0,1,0
baseline_sample,08431,2026-03-26,0,0,0,0,0,0,0,0,0,0,0,0
baseline_sample,00875,2026-03-26,0,0,1,0,0,0,1,0,0,0,1,0
baseline_sample,02505,2026-03-27,0,0,0,0,0,0,0,0,0,0,0,0
baseline_sample,00723,2026-03-27,0,0,0,0,0,0,0,0,0,0,0,0
baseline_sample,06610,2026-03-27,0,0,0,0,0,0,0,1,0,0,0,1
baseline_sample,08187,2026-03-27,0,0,0,0,0,0,0,0,0,0,0,0
baseline_sample,00607,2026-03-27,0,0,0,0,0,0,0,0,0,0,0,0
baseline_sample,00784,2026-03-27,1,0,0,0,1,0,0,0,1,0,0,0
baseline_sample,02501,2026-03-27,0,0,0,0,0,0,0,0,0,0,1,0
baseline_sample,02159,2026-03-27,0,0,1,0,0,0,1,0,0,0,1,0
baseline_sample,00042,2026-03-27,0,0,0,0,0,0,0,0,0,0,0,0
baseline_sample,00381,2026-03-27,0,0,0,0,0,0,1,0,0,0,1,0
baseline_sample,00337,2026-03-30,0,0,0,0,0,0,0,0,0,0,0,0
baseline_sample,00381,2026-03-30,0,0,0,0,0,0,1,0,0,0,1,0
baseline_sample,00607,2026-03-30,0,0,0,0,0,0,0,0,0,0,0,0
baseline_sample,01617,2026-03-30,0,0,0,0,0,0,0,0,0,0,0,0
baseline_sample,08360,2026-03-30,0,0,0,0,0,0,0,0,0,0,0,0
baseline_sample,03366,2026-03-30,0,0,0,0,0,0,0,0,0,0,0,0
baseline_sample,02012,2026-03-30,0,0,0,0,0,0,0,0,0,0,0,0
baseline_sample,00731,2026-03-30,0,0,0,0,0,0,0,0,0,0,0,0
baseline_sample,00464,2026-03-30,0,0,0,0,0,0,0,0,0,0,0,0
baseline_sample,00689,2026-03-30,0,0,0,0,0,0,0,0,0,0,0,0
baseline_sample,02012,2026-03-31,0,0,0,0,0,0,0,0,0,0,0,0
baseline_sample,00039,2026-03-31,0,0,0,0,0,0,0,0,0,0,0,0
baseline_sample,01685,2026-03-31,0,0,0,0,0,0,0,0,0,0,0,0
baseline_sample,01725,2026-03-31,0,0,0,0,0,0,0,0,0,0,1,0
baseline_sample,02505,2026-03-31,0,0,0,0,0,0,0,0,0,0,0,0
baseline_sample,01617,2026-03-31,0,0,0,0,0,0,0,0,0,0,0,0
baseline_sample,00875,2026-03-31,0,0,1,0,0,0,1,0,0,0,1,0
baseline_sample,00689,2026-03-31,0,0,0,0,0,0,0,0,0,0,0,0
baseline_sample,01425,2026-03-31,0,0,0,0,0,0,0,0,0,0,0,0
baseline_sample,01683,2026-03-31,0,0,0,0,0,0,0,0,0,0,0,0
baseline_sample,00550,2026-04-01,0,0,0,0,0,0,0,0,0,0,0,0
baseline_sample,01617,2026-04-01,0,0,0,0,0,0,0,0,0,0,0,0
baseline_sample,01953,2026-04-01,1,0,0,0,1,0,0,0,1,0,0,0
baseline_sample,00595,2026-04-01,0,0,0,0,0,0,0,0,0,0,0,0
baseline_sample,01943,2026-04-01,0,0,0,0,0,0,1,0,0,0,1,0
baseline_sample,03300,2026-04-01,0,0,0,0,0,0,0,0,0,0,0,0
baseline_sample,06118,2026-04-01,0,0,0,0,0,0,0,0,0,0,0,0
baseline_sample,01460,2026-04-01,0,0,0,0,0,0,0,0,0,0,0,0
baseline_sample,00689,2026-04-01,0,0,0,0,0,0,0,0,0,0,0,0
baseline_sample,08403,2026-04-01,0,0,1,0,0,0,1,0,0,0,1,0
baseline_sample,00145,2026-04-02,0,0,0,0,0,0,0,0,0,0,0,0
baseline_sample,01380,2026-04-02,0,0,1,0,0,0,1,0,0,0,1,0
baseline_sample,00616,2026-04-02,0,0,0,0,0,0,0,0,0,0,0,0
baseline_sample,02350,2026-04-02,0,0,0,1,0,0,0,1,0,0,1,1
baseline_sample,01483,2026-04-02,0,0,0,0,0,0,0,0,0,0,0,0
baseline_sample,08637,2026-04-02,0,0,0,0,0,0,0,0,0,0,0,0
baseline_sample,00653,2026-04-02,0,0,0,0,0,0,0,0,0,1,0,0
baseline_sample,08375,2026-04-02,0,0,0,0,0,0,0,0,0,0,0,0
baseline_sample,01460,2026-04-02,0,0,0,0,0,0,0,0,0,0,0,0
baseline_sample,00567,2026-04-02,0,0,0,0,0,0,0,0,0,0,0,0
baseline_sample,01380,2026-04-08,0,0,1,0,0,0,1,0,0,0,1,0
baseline_sample,02159,2026-04-08,0,0,0,0,0,0,0,0,0,0,0,0
baseline_sample,01617,2026-04-08,0,0,0,0,0,0,0,0,0,0,0,0
baseline_sample,01334,2026-04-08,0,0,0,0,0,0,0,0,0,0,0,0
baseline_sample,01202,2026-04-08,0,0,0,0,0,0,0,0,0,0,0,0
baseline_sample,01831,2026-04-08,0,0,0,0,0,0,0,0,0,0,0,0
baseline_sample,00550,2026-04-08,0,0,0,0,0,0,0,0,0,0,0,0
baseline_sample,01683,2026-04-08,0,0,0,0,0,0,0,0,0,0,0,0
baseline_sample,01942,2026-04-08,0,0,0,1,0,0,0,1,0,0,0,1
baseline_sample,02298,2026-04-08,0,0,0,0,0,0,0,0,0,0,0,0
baseline_sample,01720,2026-04-09,0,0,0,0,0,0,0,0,0,0,0,0
baseline_sample,01980,2026-04-09,0,0,0,0,0,0,0,0,0,0,0,0
baseline_sample,00875,2026-04-09,0,0,0,0,0,0,0,0,0,0,1,0
baseline_sample,00689,2026-04-09,0,0,0,0,0,0,0,0,0,0,0,0
baseline_sample,02260,2026-04-09,0,0,0,0,0,0,0,0,0,0,0,0
baseline_sample,00381,2026-04-09,0,0,0,0,0,0,1,0,0,0,1,0
baseline_sample,06939,2026-04-09,0,0,0,0,0,0,0,0,0,0,0,0
baseline_sample,00994,2026-04-09,0,0,1,0,0,0,1,0,0,0,1,0
baseline_sample,01865,2026-04-09,0,0,0,0,0,0,0,0,0,0,1,0
baseline_sample,01831,2026-04-09,0,0,0,0,0,0,0,0,0,0,0,0
baseline_sample,00918,2026-04-10,0,0,0,0,0,0,0,0,0,0,0,0
baseline_sample,01943,2026-04-10,0,0,0,0,0,0,1,0,0,0,1,0
baseline_sample,00399,2026-04-10,0,0,0,0,0,0,0,0,0,0,0,0
baseline_sample,08007,2026-04-10,0,0,0,0,0,0,0,0,0,0,0,0
baseline_sample,01638,2026-04-10,0,0,0,0,0,0,0,0,0,0,0,0
baseline_sample,02178,2026-04-10,0,0,0,0,0,0,0,0,0,0,0,0
baseline_sample,01653,2026-04-10,0,0,0,0,0,0,0,0,0,0,0,0
baseline_sample,01953,2026-04-10,1,0,0,0,1,0,0,0,1,0,0,0
baseline_sample,09963,2026-04-10,0,0,0,0,0,0,0,0,0,0,1,0
baseline_sample,00616,2026-04-10,0,0,0,0,0,0,0,0,0,0,0,0
baseline_sample,02459,2026-04-13,0,0,0,0,0,0,0,0,0,0,0,0
baseline_sample,02505,2026-04-13,0,0,0,0,0,0,0,0,0,0,0,0
baseline_sample,00396,2026-04-13,0,0,0,0,0,0,0,0,0,0,0,0
baseline_sample,00938,2026-04-13,0,0,0,0,0,0,0,0,0,0,0,0
baseline_sample,02298,2026-04-13,0,0,0,0,0,0,0,0,0,0,0,0
baseline_sample,06933,2026-04-13,0,0,0,0,0,0,0,0,0,0,0,0
baseline_sample,01429,2026-04-13,0,0,0,0,0,0,0,0,0,0,1,0
baseline_sample,01710,2026-04-13,0,0,0,0,0,0,0,0,0,0,0,0
baseline_sample,02438,2026-04-13,0,0,0,0,0,0,0,0,0,0,0,0
baseline_sample,01831,2026-04-13,0,0,0,0,0,0,0,0,0,0,0,0
baseline_sample,01751,2026-04-14,0,0,0,0,0,0,0,0,0,0,0,1
baseline_sample,08268,2026-04-14,0,0,0,0,0,0,0,0,0,0,0,0
baseline_sample,06063,2026-04-14,0,0,0,0,0,0,0,0,0,0,0,0
baseline_sample,00632,2026-04-14,0,0,1,0,0,0,1,0,0,0,1,0
baseline_sample,01087,2026-04-14,0,0,1,0,0,0,1,0,0,0,1,0
baseline_sample,02503,2026-04-14,0,0,0,0,0,0,0,0,0,0,0,0
baseline_sample,01429,2026-04-14,0,0,0,0,0,0,0,0,0,0,1,0
baseline_sample,00875,2026-04-14,0,0,0,0,0,0,0,0,0,0,1,0
baseline_sample,02159,2026-04-14,0,0,0,0,0,0,0,0,0,0,0,0
baseline_sample,01130,2026-04-14,0,0,0,0,0,0,0,0,0,0,0,0
baseline_sample,03773,2026-04-15,0,0,0,0,0,0,0,0,0,0,0,0
baseline_sample,08305,2026-04-15,0,0,0,0,0,0,0,0,0,0,0,0
baseline_sample,01710,2026-04-15,0,0,0,0,0,0,0,0,0,0,0,0
baseline_sample,01878,2026-04-15,0,0,0,0,0,0,0,0,0,0,0,0
baseline_sample,06988,2026-04-15,0,0,0,0,0,0,0,0,0,0,0,0
baseline_sample,01653,2026-04-15,0,0,0,0,0,0,0,0,0,0,0,0
baseline_sample,00938,2026-04-15,0,0,0,0,0,0,0,0,0,0,0,0
baseline_sample,01943,2026-04-15,0,0,0,0,0,0,1,0,0,0,1,0
baseline_sample,00616,2026-04-15,0,0,0,0,0,0,0,0,0,0,0,0
baseline_sample,00396,2026-04-15,0,0,0,0,0,0,0,0,0,0,0,0
baseline_sample,08131,2026-04-16,0,0,1,0,0,0,1,0,0,0,1,0
baseline_sample,09958,2026-04-16,0,0,0,0,0,0,0,0,0,0,0,1
baseline_sample,00464,2026-04-16,0,0,0,0,0,0,0,0,0,0,0,0
baseline_sample,00784,2026-04-16,0,0,0,0,0,0,0,0,0,0,0,0
baseline_sample,00381,2026-04-16,0,0,0,0,0,0,1,0,0,0,1,0
baseline_sample,02433,2026-04-16,0,0,0,0,0,0,0,0,0,0,0,0
baseline_sample,01943,2026-04-16,0,0,0,0,0,0,1,0,0,0,1,0
baseline_sample,00022,2026-04-16,0,1,0,0,0,1,0,0,0,1,0,0
baseline_sample,00632,2026-04-16,0,0,1,0,0,0,1,0,0,0,1,0
baseline_sample,01380,2026-04-16,0,0,1,0,0,0,1,0,0,0,1,0
baseline_sample,01617,2026-04-17,0,0,0,0,0,0,0,0,0,0,0,0
baseline_sample,00399,2026-04-17,0,0,0,0,0,0,0,0,0,0,0,0
baseline_sample,01865,2026-04-17,0,0,0,0,0,0,1,0,0,0,1,0
baseline_sample,02178,2026-04-17,0,0,0,0,0,0,0,0,0,0,0,0
baseline_sample,01152,2026-04-17,0,0,1,0,0,0,1,0,0,0,1,0
baseline_sample,01180,2026-04-17,0,0,0,0,0,0,0,0,0,0,0,0
baseline_sample,00784,2026-04-17,0,0,0,0,0,0,0,0,0,0,0,0
baseline_sample,02110,2026-04-17,0,0,0,0,0,1,0,0,0,1,0,0
baseline_sample,01943,2026-04-17,0,0,0,0,0,0,1,0,0,0,1,0
baseline_sample,08125,2026-04-17,0,0,1,0,0,0,1,0,0,0,1,0
baseline_sample,00804,2026-04-20,0,0,0,0,0,0,1,0,0,0,1,0
baseline_sample,01410,2026-04-20,0,0,0,0,0,0,0,0,0,0,0,0
baseline_sample,02330,2026-04-20,0,0,0,0,0,0,1,0,0,0,1,0
baseline_sample,09958,2026-04-20,0,0,0,0,0,0,0,0,0,0,0,1
baseline_sample,02515,2026-04-20,0,0,1,0,0,0,1,0,0,0,1,0
baseline_sample,08162,2026-04-20,0,0,0,0,0,0,0,0,0,0,0,0
baseline_sample,00464,2026-04-20,0,0,0,0,0,0,0,0,0,0,0,0
baseline_sample,01617,2026-04-20,0,0,0,0,0,0,0,0,0,0,0,0
baseline_sample,01520,2026-04-20,0,0,0,0,0,0,0,0,0,0,0,0
baseline_sample,00595,2026-04-20,0,0,0,0,0,0,0,0,0,0,0,0
baseline_sample,00689,2026-04-21,0,0,0,0,0,0,0,0,0,0,0,0
baseline_sample,00804,2026-04-21,0,0,0,0,0,0,1,0,0,0,1,0
baseline_sample,00611,2026-04-21,0,0,0,0,0,0,0,0,0,0,0,0
baseline_sample,09958,2026-04-21,0,0,0,0,0,0,0,0,0,0,0,1
baseline_sample,00660,2026-04-21,0,0,0,0,0,0,0,0,0,0,0,0
baseline_sample,01920,2026-04-21,0,0,1,0,0,0,1,0,0,0,1,0
baseline_sample,01710,2026-04-21,0,0,0,0,0,0,0,0,0,0,0,0
baseline_sample,02298,2026-04-21,0,0,0,0,0,0,0,0,0,0,0,0
baseline_sample,08547,2026-04-21,0,0,0,0,0,0,1,0,0,0,1,0
baseline_sample,09882,2026-04-21,0,0,0,0,0,0,0,0,0,0,0,0
baseline_sample,00145,2026-04-22,0,0,0,0,0,0,0,0,0,0,0,0
baseline_sample,01410,2026-04-22,0,0,0,0,0,0,0,0,0,0,0,0
baseline_sample,00556,2026-04-22,0,0,0,0,0,0,0,0,0,0,0,0
baseline_sample,00632,2026-04-22,0,0,1,0,0,0,1,0,0,0,1,0
baseline_sample,08637,2026-04-22,0,0,0,0,0,0,0,0,0,0,0,0
baseline_sample,02438,2026-04-22,0,0,0,0,0,0,0,0,0,0,0,0
baseline_sample,01425,2026-04-22,0,0,0,0,0,0,0,0,0,0,0,0
baseline_sample,01831,2026-04-22,0,0,0,0,0,0,0,0,0,0,0,0
baseline_sample,00616,2026-04-22,0,0,0,0,0,0,0,0,0,0,0,0
baseline_sample,02543,2026-04-22,0,0,0,0,0,0,0,0,0,0,0,0
baseline_sample,01202,2026-04-23,0,0,0,0,0,0,0,0,0,0,0,0
baseline_sample,01520,2026-04-23,0,0,0,0,0,0,0,0,0,0,0,0
baseline_sample,08491,2026-04-23,0,0,0,0,0,0,0,0,0,0,0,0
baseline_sample,00464,2026-04-23,0,0,0,0,0,0,0,0,0,0,0,0
baseline_sample,06939,2026-04-23,0,0,0,0,0,0,0,0,0,0,0,0
baseline_sample,01865,2026-04-23,0,0,0,0,0,0,1,0,0,0,1,0
baseline_sample,00471,2026-04-23,0,0,0,0,0,0,0,0,0,0,0,0
baseline_sample,08365,2026-04-23,0,0,0,0,0,0,1,0,0,0,1,0
baseline_sample,00550,2026-04-23,0,0,0,0,0,0,0,0,0,0,0,0
baseline_sample,01710,2026-04-23,0,0,0,0,0,0,0,0,0,0,0,0
baseline_sample,08460,2026-04-24,0,0,0,0,0,0,0,0,0,0,0,0
baseline_sample,06828,2026-04-24,0,0,0,0,0,0,0,0,0,0,0,0
baseline_sample,00164,2026-04-24,0,0,1,0,0,0,1,0,0,0,1,0
baseline_sample,01720,2026-04-24,0,0,0,0,0,0,0,0,0,0,0,0
baseline_sample,00689,2026-04-24,0,0,0,0,0,0,0,0,0,0,0,0
baseline_sample,00022,2026-04-24,0,1,0,0,0,1,0,0,0,1,0,0
baseline_sample,01878,2026-04-24,0,0,0,0,0,0,0,0,0,0,0,0
baseline_sample,08431,2026-04-24,0,0,0,0,0,0,0,0,0,0,0,0
baseline_sample,08395,2026-04-24,0,0,1,0,0,0,1,0,0,0,1,0
baseline_sample,01429,2026-04-24,0,0,0,0,0,0,1,0,0,0,1,0
baseline_sample,06162,2026-04-27,0,0,0,0,0,0,0,0,0,0,0,0
baseline_sample,01201,2026-04-27,0,0,0,0,0,0,0,0,0,0,0,0
baseline_sample,01679,2026-04-27,0,0,1,0,0,0,1,0,0,0,1,0
baseline_sample,00875,2026-04-27,0,0,0,0,0,0,1,0,0,0,1,0
baseline_sample,01202,2026-04-27,0,0,0,0,0,0,0,0,0,0,0,0
baseline_sample,01630,2026-04-27,0,0,0,0,0,0,0,0,0,0,0,0
baseline_sample,00381,2026-04-27,0,0,1,0,0,0,1,0,0,0,1,0
baseline_sample,02438,2026-04-27,0,0,0,0,0,0,0,0,0,0,0,0
baseline_sample,01942,2026-04-27,0,0,0,1,0,0,0,1,0,0,0,1
baseline_sample,00947,2026-04-27,0,0,0,0,0,0,0,0,0,0,0,0
baseline_sample,08162,2026-04-28,0,0,0,0,0,0,0,0,0,0,0,0
baseline_sample,00655,2026-04-28,0,0,0,0,0,0,0,0,0,0,0,0
baseline_sample,00314,2026-04-28,0,0,0,0,0,0,0,0,0,0,0,0
baseline_sample,00367,2026-04-28,0,0,0,0,0,0,0,0,0,0,0,0
baseline_sample,01473,2026-04-28,0,0,0,0,0,0,0,0,0,0,0,0
baseline_sample,08507,2026-04-28,0,0,0,0,0,0,0,0,0,0,0,0
baseline_sample,01850,2026-04-28,0,0,0,0,0,0,0,0,0,0,0,0
baseline_sample,01725,2026-04-28,0,0,0,0,0,0,1,0,0,0,1,0
baseline_sample,01087,2026-04-28,0,0,1,0,0,0,1,0,0,0,1,0
baseline_sample,01341,2026-04-28,0,1,0,0,0,1,0,0,0,1,0,0
baseline_sample,00918,2026-04-29,0,0,0,0,0,0,0,0,0,0,0,0
baseline_sample,06162,2026-04-29,0,0,0,0,0,0,0,0,0,0,0,0
baseline_sample,00328,2026-04-29,0,0,0,0,0,0,0,0,0,0,0,0
baseline_sample,01751,2026-04-29,0,0,0,0,0,0,0,1,0,0,0,1
baseline_sample,01942,2026-04-29,0,0,0,1,0,0,0,1,0,0,0,1
baseline_sample,00080,2026-04-29,0,0,1,0,0,0,1,0,0,0,1,0
baseline_sample,01638,2026-04-29,0,0,0,0,0,0,0,0,0,0,0,0
baseline_sample,02369,2026-04-29,0,0,0,0,0,0,1,0,0,0,1,0
baseline_sample,01653,2026-04-29,0,0,0,0,0,0,0,0,0,0,0,0
baseline_sample,00632,2026-04-29,0,0,1,0,0,0,1,0,0,0,1,0
baseline_sample,02438,2026-04-30,0,0,0,0,0,0,0,0,0,0,0,0
baseline_sample,01489,2026-04-30,0,0,0,0,0,0,0,0,0,0,0,0
baseline_sample,03816,2026-04-30,0,0,0,0,0,0,0,0,0,0,0,0
baseline_sample,06676,2026-04-30,0,0,0,0,0,0,0,0,0,0,0,0
baseline_sample,00875,2026-04-30,0,0,0,0,0,0,1,0,0,0,1,0
baseline_sample,00994,2026-04-30,0,0,1,0,0,0,1,0,0,0,1,0
baseline_sample,01831,2026-04-30,0,0,0,0,0,0,0,0,0,0,0,0
baseline_sample,01025,2026-04-30,0,0,1,0,0,0,1,0,0,0,1,0
baseline_sample,01341,2026-04-30,0,0,0,0,0,0,0,0,0,0,0,0
baseline_sample,01348,2026-04-30,0,0,0,0,0,0,0,0,0,0,0,0
baseline_sample,01865,2026-05-04,0,0,0,0,0,0,1,0,0,0,1,0
baseline_sample,08365,2026-05-04,0,0,0,0,0,0,1,0,0,0,1,0
baseline_sample,00471,2026-05-04,0,0,0,0,0,0,0,0,0,0,0,0
baseline_sample,03816,2026-05-04,0,0,0,0,0,0,0,0,0,0,0,0
baseline_sample,00616,2026-05-04,0,0,0,0,0,0,0,0,0,0,0,0
baseline_sample,00022,2026-05-04,0,1,0,0,0,1,0,0,0,1,0,0
baseline_sample,08395,2026-05-04,0,0,1,0,0,0,1,0,0,0,1,0
baseline_sample,01425,2026-05-04,0,0,0,0,0,0,0,0,0,0,0,0
baseline_sample,06885,2026-05-04,0,0,0,0,0,0,0,0,0,0,0,0
baseline_sample,01202,2026-05-04,0,0,0,0,0,0,0,0,0,0,0,0
baseline_sample,01468,2026-05-05,0,0,0,0,0,0,0,0,0,0,0,0
baseline_sample,01653,2026-05-05,0,0,0,0,0,0,0,0,0,0,0,0
baseline_sample,00911,2026-05-05,0,0,0,0,0,0,0,0,0,0,0,0
baseline_sample,00209,2026-05-05,0,1,0,0,0,1,0,0,0,1,0,0
baseline_sample,08637,2026-05-05,0,0,0,0,0,0,0,0,0,0,0,0
baseline_sample,01942,2026-05-05,0,0,0,1,0,0,0,1,0,0,0,1
baseline_sample,08162,2026-05-05,0,0,0,0,0,0,0,0,0,0,0,0
baseline_sample,06908,2026-05-05,0,0,0,0,0,0,0,0,0,0,0,0
baseline_sample,00655,2026-05-05,0,0,0,0,0,0,0,0,0,0,0,0
baseline_sample,01932,2026-05-05,0,0,0,0,0,0,0,0,0,0,0,0
baseline_sample,09982,2026-05-06,0,0,1,0,0,0,1,0,0,0,1,0
baseline_sample,08431,2026-05-06,0,0,0,0,0,0,0,0,0,0,0,0
baseline_sample,01751,2026-05-06,0,0,0,0,0,0,0,1,0,0,0,1
baseline_sample,08439,2026-05-06,0,0,0,0,0,0,0,0,0,0,0,0
baseline_sample,08507,2026-05-06,0,0,0,0,0,0,0,0,0,0,0,0
baseline_sample,01401,2026-05-06,0,0,0,0,0,0,0,0,0,0,0,0
baseline_sample,09958,2026-05-06,0,0,0,0,0,0,0,1,0,0,0,1
baseline_sample,01451,2026-05-06,0,0,0,0,0,0,0,0,0,0,0,0
baseline_sample,08471,2026-05-06,0,1,0,0,0,1,0,0,0,1,0,0
baseline_sample,08529,2026-05-06,0,0,0,0,0,0,0,0,0,0,0,0
baseline_sample,09958,2026-05-07,0,0,0,0,0,0,0,1,0,0,0,1
baseline_sample,01413,2026-05-07,0,0,0,0,0,0,0,0,0,0,0,0
baseline_sample,08637,2026-05-07,0,0,0,0,0,0,0,0,0,0,0,0
baseline_sample,00465,2026-05-07,0,0,0,0,0,0,0,0,0,0,0,0
baseline_sample,06978,2026-05-07,0,0,0,0,0,0,0,0,0,0,0,0
baseline_sample,03300,2026-05-07,0,0,0,0,0,0,0,0,0,0,0,0
baseline_sample,03321,2026-05-07,0,0,0,0,0,0,0,0,0,0,0,0
baseline_sample,00328,2026-05-07,0,0,0,0,0,0,0,0,0,0,0,0
baseline_sample,00111,2026-05-07,0,0,0,0,0,0,0,0,0,0,0,0
baseline_sample,01147,2026-05-07,0,0,0,0,0,0,0,0,0,0,0,0
baseline_sample,06162,2026-05-08,0,0,0,0,0,0,0,0,0,0,0,0
baseline_sample,01653,2026-05-08,0,0,0,0,0,0,0,0,0,0,0,0
baseline_sample,01451,2026-05-08,0,0,0,0,0,0,0,0,0,0,0,0
baseline_sample,02581,2026-05-08,0,0,0,0,0,0,0,0,0,0,0,0
baseline_sample,01725,2026-05-08,0,0,0,0,0,0,1,0,0,0,1,0
baseline_sample,08350,2026-05-08,0,0,0,0,0,0,0,0,0,0,0,0
baseline_sample,01720,2026-05-08,0,0,0,0,0,0,0,0,0,0,0,0
baseline_sample,00117,2026-05-08,0,0,0,0,0,0,0,0,0,0,0,0
baseline_sample,08472,2026-05-08,0,0,0,0,0,0,0,0,0,0,0,0
baseline_sample,01401,2026-05-08,0,0,0,0,0,0,0,0,0,0,0,0
baseline_sample,01334,2026-05-11,0,0,0,0,0,0,0,0,0,0,0,0
baseline_sample,01380,2026-05-11,0,0,0,0,0,0,0,0,0,0,0,0
baseline_sample,06978,2026-05-11,0,0,0,0,0,0,0,0,0,0,0,0
baseline_sample,00550,2026-05-11,0,0,0,0,0,0,0,0,0,0,0,0
baseline_sample,00334,2026-05-11,0,0,0,0,0,0,0,0,0,0,0,0
baseline_sample,01037,2026-05-11,0,0,0,0,1,0,0,0,1,0,0,0
baseline_sample,00653,2026-05-11,0,0,0,0,0,1,0,0,0,1,0,0
baseline_sample,01087,2026-05-11,0,0,1,0,0,0,1,0,0,0,1,0
baseline_sample,00532,2026-05-11,0,0,0,0,0,0,0,0,0,0,0,0
baseline_sample,00689,2026-05-11,0,0,0,0,0,0,0,0,0,0,0,0
baseline_sample,01943,2026-05-12,0,0,1,0,0,0,1,0,0,0,1,0
baseline_sample,01421,2026-05-12,0,0,0,0,0,0,0,0,0,0,0,0
baseline_sample,08193,2026-05-12,0,0,0,0,0,0,0,1,0,0,0,1
baseline_sample,01147,2026-05-12,0,0,0,0,0,0,0,0,0,0,0,0
baseline_sample,01710,2026-05-12,0,0,0,0,0,0,0,0,0,0,0,0
baseline_sample,08507,2026-05-12,0,0,0,0,0,0,0,0,0,0,0,0
baseline_sample,01013,2026-05-12,0,0,0,0,0,0,0,0,0,0,0,0
baseline_sample,00567,2026-05-12,0,0,0,0,0,0,0,0,0,0,0,0
baseline_sample,08350,2026-05-12,0,0,0,0,0,0,0,0,0,0,0,0
baseline_sample,00042,2026-05-12,0,0,0,0,0,0,0,0,0,0,0,0
baseline_sample,00169,2026-05-13,0,0,0,0,0,0,0,0,0,0,0,0
baseline_sample,00464,2026-05-13,0,0,0,0,0,0,0,0,0,0,0,0
baseline_sample,01723,2026-05-13,0,0,0,0,0,0,0,0,0,0,0,0
baseline_sample,08365,2026-05-13,0,0,0,0,0,0,1,0,0,0,1,0
baseline_sample,02581,2026-05-13,0,0,0,0,0,0,0,0,0,0,0,0
baseline_sample,01421,2026-05-13,0,0,0,0,0,0,0,0,0,0,0,0
baseline_sample,08460,2026-05-13,0,0,0,0,0,0,0,0,0,0,0,0
baseline_sample,08439,2026-05-13,0,0,0,0,0,0,0,0,0,0,0,0
baseline_sample,01278,2026-05-13,0,0,0,0,0,0,0,0,0,0,0,0
baseline_sample,01745,2026-05-13,0,1,0,0,0,1,0,0,0,1,0,0
baseline_sample,01769,2026-05-14,0,0,0,0,0,0,0,0,0,0,0,0
baseline_sample,01682,2026-05-14,0,0,0,0,0,0,0,0,0,0,0,0
baseline_sample,06933,2026-05-14,0,0,0,0,0,0,0,0,0,0,0,0
baseline_sample,06036,2026-05-14,0,0,0,0,0,0,0,0,0,0,0,0
baseline_sample,06890,2026-05-14,0,0,0,0,0,0,0,0,0,0,0,0
baseline_sample,00938,2026-05-14,0,0,0,0,0,0,0,0,0,0,0,0
baseline_sample,08527,2026-05-14,0,0,0,0,0,0,0,0,0,0,0,0
baseline_sample,06968,2026-05-14,0,0,0,0,0,0,0,0,0,0,0,0
baseline_sample,01943,2026-05-14,0,0,1,0,0,0,1,0,0,0,1,0
baseline_sample,01980,2026-05-14,0,0,0,0,0,0,0,0,0,0,0,0
baseline_sample,01796,2026-05-15,0,0,0,0,0,0,0,0,0,0,0,0
baseline_sample,01986,2026-05-15,0,0,0,0,0,0,0,0,0,0,0,0
baseline_sample,00822,2026-05-15,0,0,0,0,0,0,0,0,0,0,0,0
baseline_sample,02438,2026-05-15,0,0,0,0,0,0,0,0,0,0,0,0
baseline_sample,01710,2026-05-15,0,0,0,0,0,0,0,0,0,0,0,0
baseline_sample,01865,2026-05-15,0,0,0,0,0,0,1,0,0,0,1,0
baseline_sample,01410,2026-05-15,0,0,0,0,0,0,0,0,0,0,0,0
baseline_sample,00745,2026-05-15,0,0,0,0,0,0,0,0,0,0,0,0
baseline_sample,01417,2026-05-15,1,0,0,0,1,0,0,0,1,0,0,0
baseline_sample,08193,2026-05-15,0,0,0,0,0,0,0,1,0,0,0,1
baseline_sample,01796,2026-05-18,0,0,0,0,0,0,0,0,0,0,0,0
baseline_sample,01653,2026-05-18,0,0,0,0,0,0,0,0,0,0,0,0
baseline_sample,00660,2026-05-18,0,0,0,0,0,0,0,0,0,0,0,0
baseline_sample,06182,2026-05-18,0,0,0,0,0,0,0,0,0,0,0,0
baseline_sample,08188,2026-05-18,0,0,0,0,0,0,0,0,0,0,0,0
baseline_sample,00894,2026-05-18,0,0,0,0,0,0,0,0,0,0,0,0
baseline_sample,08460,2026-05-18,0,0,0,0,0,0,0,0,0,0,0,0
baseline_sample,08431,2026-05-18,0,0,0,0,0,0,0,0,0,0,0,0
baseline_sample,01348,2026-05-18,0,0,0,0,0,0,0,0,0,0,0,0
baseline_sample,06083,2026-05-18,1,0,0,0,1,0,0,0,1,0,0,0
baseline_sample,06036,2026-05-19,0,0,0,0,0,0,0,0,0,0,0,0
baseline_sample,08431,2026-05-19,0,0,0,0,0,0,0,0,0,0,0,0
baseline_sample,08480,2026-05-19,0,0,0,0,0,0,0,0,0,0,0,0
baseline_sample,02878,2026-05-19,0,0,0,0,0,0,0,0,0,0,0,0
baseline_sample,08162,2026-05-19,0,0,0,0,0,0,0,0,0,0,0,0
baseline_sample,01617,2026-05-19,0,0,0,0,0,0,0,0,0,0,0,0
baseline_sample,08305,2026-05-19,0,0,0,0,0,0,0,0,0,0,0,0
baseline_sample,01661,2026-05-19,0,0,0,0,0,0,0,0,0,0,0,0
baseline_sample,08527,2026-05-19,0,0,0,0,0,0,0,0,0,0,0,0
baseline_sample,08268,2026-05-19,0,0,0,0,0,0,0,0,0,0,0,0
baseline_sample,08188,2026-05-20,0,0,0,0,0,0,0,0,0,0,0,0
baseline_sample,01870,2026-05-20,0,0,1,0,0,0,1,0,0,0,1,0
baseline_sample,01489,2026-05-20,0,0,0,0,0,0,0,0,0,0,0,0
baseline_sample,00655,2026-05-20,0,0,0,0,0,0,0,0,0,0,0,0
baseline_sample,00209,2026-05-20,0,1,0,0,0,1,0,0,0,1,0,0
baseline_sample,00381,2026-05-20,0,0,1,0,0,0,1,0,0,0,1,0
baseline_sample,00433,2026-05-20,0,0,0,0,0,0,0,0,0,0,0,0
baseline_sample,01796,2026-05-20,0,0,0,0,0,0,0,0,0,0,0,0
baseline_sample,01592,2026-05-20,0,0,0,0,0,0,0,0,0,0,0,0
baseline_sample,08365,2026-05-20,0,0,1,0,0,0,1,0,0,0,1,0
baseline_sample,01710,2026-05-21,0,0,0,0,0,0,0,0,0,0,0,0
baseline_sample,01630,2026-05-21,0,0,0,0,0,0,0,0,0,0,0,0
baseline_sample,00833,2026-05-21,0,0,0,0,0,0,0,0,0,0,0,0
baseline_sample,01147,2026-05-21,0,0,0,0,0,0,0,0,0,0,0,0
baseline_sample,06968,2026-05-21,0,0,0,0,0,0,0,0,0,0,0,0
baseline_sample,08547,2026-05-21,0,0,0,0,0,0,1,0,0,0,1,0
baseline_sample,01592,2026-05-21,0,0,0,0,0,0,0,0,0,0,0,0
baseline_sample,01796,2026-05-21,0,0,0,0,0,0,0,0,0,0,0,0
baseline_sample,01682,2026-05-21,0,0,0,0,0,0,0,0,0,0,0,0
baseline_sample,01152,2026-05-21,0,0,1,0,0,0,1,0,0,0,1,0
baseline_sample,01592,2026-05-22,0,0,0,0,0,0,0,0,0,0,0,0
baseline_sample,01725,2026-05-22,0,0,0,0,0,0,1,0,0,0,1,0
baseline_sample,00591,2026-05-22,0,0,0,0,0,0,0,0,0,0,0,0
baseline_sample,01865,2026-05-22,0,0,0,0,0,0,1,0,0,0,1,0
baseline_sample,01943,2026-05-22,0,0,1,0,0,0,1,0,0,0,1,0
baseline_sample,02438,2026-05-22,0,0,0,0,0,0,0,0,0,0,0,0
baseline_sample,00520,2026-05-22,0,0,0,0,0,0,0,0,0,0,0,0
baseline_sample,08120,2026-05-22,0,0,0,0,0,0,0,0,0,0,0,0
baseline_sample,02540,2026-05-22,0,0,1,0,0,0,1,0,0,0,1,0
baseline_sample,08637,2026-05-22,0,0,0,0,0,0,0,0,0,0,0,0
baseline_sample,08431,2026-05-26,0,0,0,0,0,0,0,0,0,0,0,0
baseline_sample,02187,2026-05-26,0,0,0,0,0,0,0,0,0,0,0,0
baseline_sample,00550,2026-05-26,0,0,0,0,0,0,0,0,0,0,0,0
baseline_sample,08193,2026-05-26,0,0,0,0,0,0,0,1,0,0,0,1
baseline_sample,00209,2026-05-26,0,1,0,0,0,1,0,0,0,1,0,0
baseline_sample,01525,2026-05-26,0,0,0,0,0,0,0,0,0,0,0,0
baseline_sample,08547,2026-05-26,0,0,0,0,0,0,1,0,0,0,1,0
baseline_sample,01920,2026-05-26,0,0,1,0,0,0,1,0,0,0,1,0
baseline_sample,02257,2026-05-26,0,0,0,0,0,0,0,0,0,0,0,0
baseline_sample,00493,2026-05-26,0,0,1,0,0,0,1,0,0,0,1,0
baseline_sample,08268,2026-05-27,0,0,0,0,0,0,0,0,0,0,0,0
baseline_sample,01942,2026-05-27,0,0,0,0,0,0,0,0,0,0,0,0
baseline_sample,02515,2026-05-27,0,0,0,0,0,0,0,0,0,0,0,0
baseline_sample,08529,2026-05-27,0,0,0,0,0,0,0,0,0,0,0,0
baseline_sample,01152,2026-05-27,0,0,0,0,0,0,0,0,0,0,0,0
baseline_sample,08007,2026-05-27,0,0,0,0,0,0,0,0,0,0,0,0
baseline_sample,01146,2026-05-27,0,0,0,0,0,0,0,0,0,0,0,0
baseline_sample,08448,2026-05-27,0,0,0,0,0,0,0,0,0,0,0,0
baseline_sample,01410,2026-05-27,0,0,0,0,0,0,0,0,0,0,0,0
baseline_sample,02257,2026-05-27,0,0,0,0,0,0,0,0,0,0,0,0
baseline_sample,01268,2026-05-28,0,0,0,0,0,0,0,0,0,0,0,0
baseline_sample,00524,2026-05-28,0,0,0,0,0,0,0,0,0,0,0,0
baseline_sample,06918,2026-05-28,0,0,0,0,0,0,0,0,0,0,0,0
baseline_sample,00243,2026-05-28,0,0,0,0,0,0,0,0,0,0,0,0
baseline_sample,08365,2026-05-28,0,0,1,0,0,0,1,0,0,0,1,0
baseline_sample,01146,2026-05-28,0,0,0,0,0,0,0,0,0,0,0,0
baseline_sample,01942,2026-05-28,0,0,0,0,0,0,0,0,0,0,0,0
baseline_sample,01348,2026-05-28,0,0,0,0,0,0,0,0,0,0,0,0
baseline_sample,01630,2026-05-28,0,0,0,0,0,0,0,0,0,0,0,0
baseline_sample,01878,2026-05-28,0,0,0,0,0,0,0,0,0,0,0,0
baseline_sample,01159,2026-05-29,0,0,1,0,0,0,1,0,0,0,1,0
baseline_sample,00524,2026-05-29,0,0,0,0,0,0,0,0,0,0,0,0
baseline_sample,01341,2026-05-29,0,0,0,0,0,0,0,0,0,0,0,0
baseline_sample,01417,2026-05-29,1,0,0,0,1,0,0,0,1,0,0,0
baseline_sample,00532,2026-05-29,0,0,0,0,0,0,0,0,0,0,0,0
baseline_sample,00391,2026-05-29,0,0,0,0,0,0,0,0,0,0,0,0
baseline_sample,01725,2026-05-29,0,0,0,0,0,0,1,0,0,0,1,0
baseline_sample,00536,2026-05-29,0,0,0,0,0,0,0,0,0,0,0,0
baseline_sample,08188,2026-05-29,0,0,0,0,0,0,0,0,0,0,0,0
baseline_sample,01710,2026-05-29,0,0,0,0,0,0,0,0,0,0,0,0
baseline_sample,00689,2026-06-01,0,0,0,0,0,0,0,0,0,0,0,0
baseline_sample,06128,2026-06-01,0,0,0,0,0,0,0,0,0,0,0,0
baseline_sample,01617,2026-06-01,0,0,0,0,0,0,0,0,0,0,0,0
baseline_sample,01334,2026-06-01,0,0,0,0,0,0,0,0,0,0,0,0
baseline_sample,03997,2026-06-01,0,0,0,0,0,0,0,0,0,0,0,0
baseline_sample,08365,2026-06-01,0,0,1,0,0,0,1,0,0,0,1,0
baseline_sample,01720,2026-06-01,0,0,0,0,0,0,0,0,0,0,0,0
baseline_sample,01401,2026-06-01,0,0,0,0,0,0,0,0,0,0,0,0
baseline_sample,00536,2026-06-01,0,0,0,0,0,0,0,0,0,0,0,0
baseline_sample,01268,2026-06-01,0,0,0,0,0,0,0,0,0,0,0,0
baseline_sample,02239,2026-06-02,0,0,0,0,0,0,0,0,0,0,0,0
baseline_sample,00550,2026-06-02,0,0,0,0,0,0,0,0,0,0,0,0
baseline_sample,02257,2026-06-02,0,0,0,0,0,0,0,0,0,0,0,0
baseline_sample,01725,2026-06-02,0,0,0,0,0,0,1,0,0,0,1,0
baseline_sample,00648,2026-06-02,0,0,0,0,0,0,0,0,0,0,0,0
baseline_sample,01417,2026-06-02,1,0,0,0,1,0,0,0,1,0,0,0
baseline_sample,01720,2026-06-02,0,0,0,0,0,0,0,0,0,0,0,0
baseline_sample,00368,2026-06-02,0,0,0,0,1,0,0,0,1,0,0,0
baseline_sample,01410,2026-06-02,0,0,0,0,0,0,0,0,0,0,0,0
baseline_sample,08365,2026-06-02,0,0,1,0,0,0,1,0,0,0,1,0
baseline_sample,08269,2026-06-03,0,0,0,0,0,0,0,0,0,0,0,0
baseline_sample,08431,2026-06-03,0,0,0,0,0,0,0,0,0,0,0,0
baseline_sample,01617,2026-06-03,0,0,0,0,0,0,0,0,0,0,0,0
baseline_sample,08507,2026-06-03,0,0,0,0,0,0,0,0,0,0,0,0
baseline_sample,06083,2026-06-03,1,0,0,0,1,0,0,0,1,0,0,0
baseline_sample,00328,2026-06-03,0,0,0,0,0,0,0,0,0,0,0,0
baseline_sample,00536,2026-06-03,0,0,0,0,0,0,0,0,0,0,0,0
baseline_sample,00731,2026-06-03,0,0,0,0,0,0,0,0,0,0,0,0
baseline_sample,00532,2026-06-03,0,0,0,0,0,0,0,0,0,0,0,0
baseline_sample,02012,2026-06-03,0,0,0,0,0,0,0,0,0,0,0,0
baseline_sample,08221,2026-06-04,0,0,0,0,0,0,0,0,0,0,0,0
baseline_sample,06676,2026-06-04,0,0,0,0,0,0,0,0,0,0,0,0
baseline_sample,00648,2026-06-04,0,0,0,0,0,0,0,0,0,0,0,0
baseline_sample,01334,2026-06-04,0,0,0,0,0,0,0,0,0,0,0,0
baseline_sample,01808,2026-06-04,0,0,0,0,0,0,0,0,0,0,0,0
baseline_sample,08547,2026-06-04,0,0,0,0,0,0,1,0,0,0,1,0
baseline_sample,08507,2026-06-04,0,0,0,0,0,0,0,0,0,0,0,0
baseline_sample,08187,2026-06-04,0,0,0,0,0,0,0,0,0,0,0,0
baseline_sample,00464,2026-06-04,0,0,0,0,0,0,0,0,0,0,0,0
baseline_sample,01399,2026-06-04,0,0,0,0,0,0,0,0,0,0,0,0
baseline_sample,02239,2026-06-05,0,0,0,0,0,0,0,0,0,0,0,0
baseline_sample,01769,2026-06-05,0,0,0,0,0,0,0,0,0,0,0,0
baseline_sample,00536,2026-06-05,0,0,0,0,0,0,0,0,0,0,0,0
baseline_sample,00605,2026-06-05,0,0,0,0,0,0,0,0,0,0,0,0
baseline_sample,01334,2026-06-05,0,0,0,0,0,0,0,0,0,0,0,0
baseline_sample,08221,2026-06-05,0,0,0,0,0,0,0,0,0,0,0,0
baseline_sample,02878,2026-06-05,0,0,0,0,0,0,0,0,0,0,0,0
baseline_sample,08527,2026-06-05,0,0,0,0,0,0,0,0,0,0,0,0
baseline_sample,08373,2026-06-05,0,0,1,0,0,0,1,0,0,0,1,0
baseline_sample,00550,2026-06-05,0,0,0,0,0,0,0,0,0,0,0,0
baseline_sample,06676,2026-06-08,0,0,0,0,0,0,0,0,0,0,0,0
baseline_sample,02543,2026-06-08,0,0,0,0,0,0,0,0,0,0,0,0
baseline_sample,00822,2026-06-08,0,0,0,0,0,0,0,0,0,0,0,0
baseline_sample,08188,2026-06-08,0,0,0,0,0,0,0,0,0,0,0,0
baseline_sample,01334,2026-06-08,0,0,0,0,0,0,0,0,0,0,0,0
baseline_sample,00493,2026-06-08,0,0,0,0,0,0,0,0,0,0,0,0
baseline_sample,01720,2026-06-08,0,0,0,0,0,0,0,0,0,0,0,0
baseline_sample,02350,2026-06-08,0,0,0,0,0,0,1,0,0,0,1,0
baseline_sample,01255,2026-06-08,0,0,0,0,0,0,0,0,0,0,0,0
baseline_sample,01943,2026-06-08,0,0,1,0,0,0,1,0,0,0,1,0
baseline_sample,02258,2026-06-09,0,0,0,0,0,0,0,0,0,0,0,0
baseline_sample,08162,2026-06-09,0,0,0,0,0,0,0,0,0,0,0,0
baseline_sample,02350,2026-06-09,0,0,0,0,0,0,1,0,0,0,1,0
baseline_sample,00532,2026-06-09,0,0,0,0,0,0,0,0,0,0,0,0
baseline_sample,08637,2026-06-09,0,0,0,0,0,0,0,0,0,0,0,0
baseline_sample,02439,2026-06-09,0,0,0,0,0,0,0,0,0,0,0,0
baseline_sample,02178,2026-06-09,0,0,0,0,0,0,0,0,0,0,0,0
baseline_sample,01612,2026-06-09,0,0,0,0,0,0,0,0,0,0,0,0
baseline_sample,01633,2026-06-09,1,0,0,0,1,0,0,0,1,0,0,0
baseline_sample,06933,2026-06-09,0,0,0,0,0,0,0,0,0,0,0,0
baseline_sample,00689,2026-06-10,0,0,0,0,0,0,0,0,0,0,0,0
baseline_sample,06162,2026-06-10,0,0,0,0,0,0,0,0,0,0,0,0
baseline_sample,01986,2026-06-10,0,0,0,0,0,0,0,0,0,0,0,0
baseline_sample,00365,2026-06-10,0,0,0,0,0,0,0,0,0,0,0,0
baseline_sample,02878,2026-06-10,0,0,0,0,0,0,0,0,0,0,0,0
baseline_sample,00209,2026-06-10,0,0,0,0,0,0,0,0,0,0,0,0
baseline_sample,01793,2026-06-10,0,0,0,0,0,0,0,0,0,0,0,0
baseline_sample,01720,2026-06-10,0,0,0,0,0,0,0,0,0,0,0,0
baseline_sample,01400,2026-06-10,0,0,0,0,0,0,0,0,0,0,0,0
baseline_sample,00595,2026-06-10,0,0,0,0,0,0,0,0,0,0,0,0
baseline_sample,06933,2026-06-11,0,0,0,0,0,0,0,0,0,0,0,0
baseline_sample,08365,2026-06-11,0,0,1,0,0,0,1,0,0,0,1,0
baseline_sample,00833,2026-06-11,0,0,0,0,0,0,0,0,0,0,0,0
baseline_sample,01685,2026-06-11,0,0,0,0,0,0,0,0,0,0,0,0
baseline_sample,00465,2026-06-11,0,0,0,0,0,0,0,0,0,0,0,0
baseline_sample,01831,2026-06-11,0,0,0,0,0,0,0,0,0,0,0,0
baseline_sample,00524,2026-06-11,0,0,0,0,0,0,0,0,0,0,0,0
baseline_sample,08547,2026-06-11,0,0,0,0,0,0,1,0,0,0,1,0
baseline_sample,00365,2026-06-11,0,0,0,0,0,0,0,0,0,0,0,0
baseline_sample,01985,2026-06-11,0,0,1,0,0,0,1,0,0,0,1,0
baseline_sample,02392,2026-06-12,0,0,0,0,0,0,0,0,0,0,0,0
baseline_sample,08431,2026-06-12,0,0,0,0,0,0,0,0,0,0,0,0
baseline_sample,00465,2026-06-12,0,0,0,0,0,0,0,0,0,0,0,0
baseline_sample,00381,2026-06-12,0,0,1,0,0,0,1,0,0,0,1,0
baseline_sample,00524,2026-06-12,0,0,0,0,0,0,0,0,0,0,0,0
baseline_sample,02562,2026-06-12,0,0,0,0,0,0,0,0,0,0,0,0
baseline_sample,08131,2026-06-12,0,0,0,0,0,0,0,0,0,0,0,0
baseline_sample,08637,2026-06-12,0,0,0,0,0,0,0,0,0,0,0,0
baseline_sample,01592,2026-06-12,0,0,0,0,0,0,0,0,0,0,0,0
baseline_sample,01933,2026-06-12,0,0,0,0,0,0,0,0,0,0,0,0
baseline_sample,08450,2026-06-15,0,0,0,0,0,0,0,0,0,0,0,0
baseline_sample,01720,2026-06-15,0,0,0,0,0,0,0,0,0,0,0,0
baseline_sample,00929,2026-06-15,0,0,0,0,0,0,0,0,0,0,0,0
baseline_sample,00833,2026-06-15,0,0,0,0,0,0,0,0,0,0,0,0
baseline_sample,01480,2026-06-15,0,0,0,0,0,0,0,0,0,0,0,0
baseline_sample,00556,2026-06-15,0,0,0,0,0,0,0,0,0,0,0,0
baseline_sample,00994,2026-06-15,0,0,0,0,0,0,0,0,0,0,0,0
baseline_sample,02178,2026-06-15,0,0,0,0,0,0,0,0,0,0,0,0
baseline_sample,01468,2026-06-15,0,0,0,0,0,0,0,0,0,0,0,0
baseline_sample,01085,2026-06-15,0,0,0,0,0,0,0,0,0,0,0,0
baseline_sample,01613,2026-06-16,0,0,0,0,0,0,0,0,0,0,0,0
baseline_sample,01769,2026-06-16,0,0,0,0,0,0,0,0,0,0,0,0
baseline_sample,01410,2026-06-16,0,0,0,0,0,0,0,0,0,0,0,0
baseline_sample,08188,2026-06-16,0,0,0,0,0,0,0,0,0,0,0,0
baseline_sample,08637,2026-06-16,0,0,0,0,0,0,0,0,0,0,0,0
baseline_sample,08547,2026-06-16,0,0,0,0,0,0,1,0,0,0,1,0
baseline_sample,01871,2026-06-16,0,0,0,0,0,0,0,0,0,0,0,0
baseline_sample,02439,2026-06-16,0,0,0,0,0,0,0,0,0,0,0,0
baseline_sample,01201,2026-06-16,0,0,0,0,0,0,0,0,0,0,0,0
baseline_sample,08431,2026-06-16,0,0,0,0,0,0,0,0,0,0,0,0
baseline_sample,02562,2026-06-17,0,0,0,0,0,0,0,0,0,0,0,0
baseline_sample,01720,2026-06-17,0,0,0,0,0,0,0,0,0,0,0,0
baseline_sample,00365,2026-06-17,0,0,0,0,0,0,0,0,0,0,0,0
baseline_sample,00209,2026-06-17,0,0,0,0,0,0,0,0,0,0,0,0
baseline_sample,00052,2026-06-17,0,0,0,0,0,0,0,0,0,0,0,0
baseline_sample,00550,2026-06-17,0,0,0,0,0,0,0,0,0,0,0,0
baseline_sample,00464,2026-06-17,0,0,0,0,0,0,0,0,0,0,0,0
baseline_sample,08460,2026-06-17,0,0,0,0,0,0,0,0,0,0,0,0
baseline_sample,00929,2026-06-17,0,0,0,0,0,0,0,0,0,0,0,0
baseline_sample,02372,2026-06-17,0,0,0,0,0,0,0,0,0,0,0,0
baseline_sample,01069,2026-06-18,0,0,0,0,0,0,0,0,0,0,0,0
baseline_sample,00648,2026-06-18,0,0,0,0,0,0,0,0,0,0,0,0
baseline_sample,08460,2026-06-18,0,0,0,0,0,0,0,0,0,0,0,0
baseline_sample,01912,2026-06-18,0,0,0,0,0,0,0,0,0,0,0,0
baseline_sample,01769,2026-06-18,0,0,0,0,0,0,0,0,0,0,0,0
baseline_sample,01792,2026-06-18,0,0,0,1,0,0,0,1,0,0,0,1
baseline_sample,00279,2026-06-18,0,0,0,0,0,0,0,0,0,0,0,0
baseline_sample,01865,2026-06-18,0,0,1,0,0,0,1,0,0,0,1,0
baseline_sample,02439,2026-06-18,0,0,0,0,0,0,0,0,0,0,0,0
baseline_sample,01679,2026-06-18,0,0,0,0,0,0,0,0,0,0,0,0
baseline_sample,08188,2026-06-22,0,0,0,0,0,0,0,0,0,0,0,0
baseline_sample,01592,2026-06-22,0,0,0,0,0,0,0,0,0,0,0,0
baseline_sample,02381,2026-06-22,1,0,0,0,1,0,0,0,1,0,0,0
baseline_sample,00550,2026-06-22,0,0,0,0,0,0,0,0,0,0,0,0
baseline_sample,08371,2026-06-22,0,0,0,0,0,0,0,0,0,0,0,0
baseline_sample,08547,2026-06-22,0,0,1,0,0,0,1,0,0,0,1,0
baseline_sample,01850,2026-06-22,0,0,0,0,0,0,0,0,0,0,0,0
baseline_sample,00401,2026-06-22,0,0,0,0,0,0,0,0,0,0,0,0
baseline_sample,08365,2026-06-22,0,0,1,0,0,0,1,0,0,0,1,0
baseline_sample,00632,2026-06-22,0,0,1,0,0,0,1,0,0,0,1,0
baseline_sample,00254,2026-06-23,0,0,0,0,0,0,0,0,0,0,0,0
baseline_sample,08460,2026-06-23,0,0,0,0,0,0,0,0,0,0,0,0
baseline_sample,06182,2026-06-23,0,0,0,0,0,0,0,0,0,0,0,0
baseline_sample,00784,2026-06-23,0,0,0,0,0,0,0,0,0,0,0,0
baseline_sample,01380,2026-06-23,0,0,0,0,0,0,0,0,0,0,0,0
baseline_sample,01912,2026-06-23,0,0,0,0,0,0,0,0,0,0,0,0
baseline_sample,06908,2026-06-23,0,0,0,0,0,0,0,0,0,0,0,0
baseline_sample,02581,2026-06-23,0,0,0,0,0,0,0,0,0,0,0,0
baseline_sample,01617,2026-06-23,0,0,0,0,0,0,0,0,0,0,0,0
baseline_sample,08188,2026-06-23,0,0,0,0,0,0,0,0,0,0,0,0
baseline_sample,00862,2026-06-24,0,0,0,0,0,0,0,0,0,0,0,0
baseline_sample,01985,2026-06-24,0,0,1,0,0,0,1,0,0,0,1,0
baseline_sample,01661,2026-06-24,0,0,0,0,0,0,0,0,0,0,0,0
baseline_sample,00776,2026-06-24,0,0,0,0,0,0,0,0,0,0,0,0
baseline_sample,06933,2026-06-24,0,0,0,0,0,0,0,0,0,0,0,0
baseline_sample,00209,2026-06-24,0,0,0,0,0,0,0,0,0,0,0,0
baseline_sample,00550,2026-06-24,0,0,0,0,0,0,0,0,0,0,0,0
baseline_sample,01712,2026-06-24,0,0,0,0,0,0,0,0,0,0,0,0
baseline_sample,03321,2026-06-24,0,0,0,0,0,0,0,0,0,0,0,0
baseline_sample,02107,2026-06-24,0,0,0,0,0,0,0,0,0,0,0,0
baseline_sample,01712,2026-06-25,0,0,0,0,0,0,0,0,0,0,0,0
baseline_sample,00254,2026-06-25,0,0,0,0,0,0,0,0,0,0,0,0
baseline_sample,01613,2026-06-25,0,0,0,0,0,0,0,0,0,0,0,0
baseline_sample,02439,2026-06-25,0,0,0,0,0,0,0,0,0,0,0,0
baseline_sample,01162,2026-06-25,0,0,0,0,0,0,0,0,0,0,0,0
baseline_sample,01943,2026-06-25,0,0,1,0,0,0,1,0,0,0,1,0
baseline_sample,01720,2026-06-25,0,0,0,0,0,0,0,0,0,0,0,0
baseline_sample,01653,2026-06-25,0,0,0,0,0,0,0,0,0,0,0,0
baseline_sample,00889,2026-06-25,0,0,0,0,0,0,0,0,0,0,0,0
baseline_sample,08431,2026-06-25,0,0,0,0,0,0,0,0,0,0,0,0
baseline_sample,00595,2026-06-26,0,0,0,0,0,0,0,0,0,0,0,0
baseline_sample,08646,2026-06-26,0,0,0,0,0,0,0,0,0,0,0,0
baseline_sample,08131,2026-06-26,0,0,0,0,0,0,0,0,0,0,0,0
baseline_sample,01985,2026-06-26,0,0,1,0,0,0,1,0,0,0,1,0
baseline_sample,00254,2026-06-26,0,0,0,0,0,0,0,0,0,0,0,0
baseline_sample,02028,2026-06-26,0,0,1,0,0,0,1,0,0,0,1,0
baseline_sample,01703,2026-06-26,0,0,0,1,0,0,0,1,0,0,0,1
baseline_sample,08007,2026-06-26,0,0,0,0,0,0,0,0,0,0,0,0
baseline_sample,01661,2026-06-26,0,0,0,0,0,0,0,0,0,0,0,0
baseline_sample,00784,2026-06-26,0,0,0,0,0,0,0,0,0,0,0,0
baseline_sample,01703,2026-06-29,0,0,0,1,0,0,0,1,0,0,0,1
baseline_sample,00209,2026-06-29,0,0,0,0,0,0,0,0,0,0,0,0
baseline_sample,02028,2026-06-29,0,0,1,0,0,0,1,0,0,0,1,0
baseline_sample,08365,2026-06-29,0,0,1,0,0,0,1,0,0,0,1,0
baseline_sample,01712,2026-06-29,0,0,0,0,0,0,0,0,0,0,0,0
baseline_sample,08450,2026-06-29,0,0,0,0,0,0,0,0,0,0,0,0
baseline_sample,01720,2026-06-29,0,0,0,0,0,0,0,0,0,0,0,0
baseline_sample,00653,2026-06-29,0,1,0,0,0,1,0,0,0,1,0,0
baseline_sample,00767,2026-06-29,0,0,0,0,0,0,0,0,0,0,0,0
baseline_sample,02350,2026-06-29,0,0,1,0,0,0,1,0,0,0,1,0
baseline_sample,08007,2026-06-30,0,0,0,0,0,0,0,0,0,0,0,0
baseline_sample,01630,2026-06-30,0,0,0,0,0,0,0,0,0,0,0,0
baseline_sample,00524,2026-06-30,0,0,0,0,0,0,0,0,0,0,0,0
baseline_sample,01097,2026-06-30,0,0,0,0,0,0,0,0,0,0,0,0
baseline_sample,00381,2026-06-30,0,0,0,0,0,0,0,0,0,0,0,0
baseline_sample,08188,2026-06-30,0,0,0,0,0,0,0,0,0,0,0,0
baseline_sample,01962,2026-06-30,0,0,0,0,0,0,0,0,0,0,0,0
baseline_sample,08305,2026-06-30,0,0,0,0,0,0,0,0,0,0,0,0
baseline_sample,01592,2026-06-30,0,0,0,0,0,0,0,0,0,0,0,0
baseline_sample,01617,2026-06-30,0,0,0,0,0,0,0,0,0,0,0,0
baseline_sample,00648,2026-07-02,0,0,0,0,0,0,0,0,0,0,0,0
baseline_sample,01025,2026-07-02,0,0,0,0,0,0,0,0,0,0,0,0
baseline_sample,06051,2026-07-02,0,0,0,0,0,0,0,0,0,0,0,0
baseline_sample,00524,2026-07-02,0,0,0,0,0,0,0,0,0,0,0,0
baseline_sample,01617,2026-07-02,0,0,0,0,0,0,0,0,0,0,0,0
baseline_sample,08188,2026-07-02,0,0,0,0,0,0,0,0,0,0,0,0
baseline_sample,06162,2026-07-02,0,0,0,0,0,0,0,0,0,0,0,0
baseline_sample,01540,2026-07-02,0,0,0,0,0,0,0,0,0,0,0,0
baseline_sample,01835,2026-07-02,0,0,0,0,0,0,0,0,0,0,0,0
baseline_sample,00532,2026-07-02,0,0,0,0,0,0,0,0,0,0,0,0
baseline_sample,01332,2026-07-03,0,0,1,0,0,0,1,0,0,0,1,0
baseline_sample,00139,2026-07-03,0,0,0,0,0,0,0,0,0,0,0,0
baseline_sample,00209,2026-07-03,0,0,0,0,0,0,0,0,0,0,0,0
baseline_sample,01920,2026-07-03,0,0,0,0,0,0,0,0,0,0,0,0
baseline_sample,00929,2026-07-03,0,0,0,0,0,0,0,0,0,0,0,0
baseline_sample,01912,2026-07-03,0,0,0,0,0,0,0,0,0,0,0,0
baseline_sample,00433,2026-07-03,0,0,0,0,0,0,0,0,0,0,0,0
baseline_sample,00366,2026-07-03,0,0,0,0,0,0,0,0,0,0,0,0
baseline_sample,01712,2026-07-03,0,0,0,0,0,0,0,0,0,0,0,0
baseline_sample,00648,2026-07-03,0,0,0,0,0,0,0,0,0,0,0,0
baseline_sample,01865,2026-07-06,0,0,1,0,0,0,1,0,0,0,1,0
baseline_sample,08450,2026-07-06,0,0,0,0,0,0,0,0,0,0,0,0
baseline_sample,00381,2026-07-06,0,0,0,0,0,0,0,0,0,0,0,0
baseline_sample,01720,2026-07-06,0,0,0,0,0,0,0,0,0,0,0,0
baseline_sample,01314,2026-07-06,0,0,0,0,0,0,0,0,0,0,0,0
baseline_sample,06933,2026-07-06,0,0,0,0,0,0,0,0,0,0,0,0
baseline_sample,01943,2026-07-06,0,0,0,0,0,0,0,0,0,0,0,0
baseline_sample,00139,2026-07-06,0,0,0,0,0,0,0,0,0,0,0,0
baseline_sample,01592,2026-07-06,0,0,0,0,0,0,0,0,0,0,0,0
baseline_sample,01410,2026-07-06,0,0,0,0,0,0,0,0,0,0,0,0
baseline_sample,01661,2026-07-07,0,0,0,0,0,0,0,0,0,0,0,0
baseline_sample,01683,2026-07-07,0,0,0,0,0,0,0,0,0,0,0,0
baseline_sample,01525,2026-07-07,0,0,0,0,0,0,0,0,0,0,0,0
baseline_sample,01102,2026-07-07,0,0,0,0,0,0,0,0,0,0,0,0
baseline_sample,01160,2026-07-07,0,0,1,0,0,0,1,0,0,0,1,0
baseline_sample,00139,2026-07-07,0,0,0,0,0,0,0,0,0,0,0,0
baseline_sample,02562,2026-07-07,0,0,0,0,0,0,0,0,0,0,0,0
baseline_sample,00833,2026-07-07,0,0,0,0,0,0,0,0,0,0,0,0
baseline_sample,00745,2026-07-07,0,0,0,0,0,0,0,0,0,0,0,0
baseline_sample,02863,2026-07-07,0,0,0,0,0,0,0,0,0,0,0,0
baseline_sample,01613,2026-07-08,0,0,0,0,0,0,0,0,0,0,0,0
baseline_sample,01850,2026-07-08,0,0,0,0,0,0,0,0,0,0,0,0
baseline_sample,01401,2026-07-08,0,0,0,0,0,0,0,0,0,0,0,0
baseline_sample,02651,2026-07-08,0,0,0,0,0,0,0,0,0,0,0,0
baseline_sample,00833,2026-07-08,0,0,0,0,0,0,0,0,0,0,0,0
baseline_sample,01720,2026-07-08,0,0,0,0,0,0,0,0,0,0,0,0
baseline_sample,08547,2026-07-08,0,0,1,0,0,0,1,0,0,0,1,0
baseline_sample,00889,2026-07-08,0,0,0,0,0,0,0,0,0,0,0,0
baseline_sample,08460,2026-07-08,0,0,0,0,0,0,0,0,0,0,0,0
baseline_sample,00821,2026-07-08,0,0,0,0,0,0,0,0,0,0,0,0
baseline_sample,02516,2026-07-09,0,0,0,0,0,0,0,0,0,0,0,0
baseline_sample,01525,2026-07-09,0,0,0,0,0,0,0,0,0,0,0,0
baseline_sample,01268,2026-07-09,0,0,0,0,0,0,0,0,0,0,0,0
baseline_sample,00833,2026-07-09,0,0,0,0,0,0,0,0,0,0,0,0
baseline_sample,02146,2026-07-09,0,0,0,0,0,0,0,0,0,0,0,0
baseline_sample,01865,2026-07-09,0,0,1,0,0,0,1,0,0,0,1,0
baseline_sample,00280,2026-07-09,0,0,0,0,0,0,0,0,0,0,0,0
baseline_sample,08365,2026-07-09,0,0,1,0,0,0,1,0,0,0,1,0
baseline_sample,00524,2026-07-09,0,0,0,0,0,0,0,0,0,0,0,0
baseline_sample,08547,2026-07-09,0,0,1,0,0,0,1,0,0,0,1,0
baseline_sample,08188,2026-07-10,0,0,0,0,0,0,0,0,0,0,0,0
baseline_sample,01152,2026-07-10,0,0,0,0,0,0,0,0,0,0,0,0
baseline_sample,02625,2026-07-10,0,0,0,0,0,0,0,0,0,0,0,0
baseline_sample,01323,2026-07-10,0,0,0,0,0,0,0,0,0,0,0,0
baseline_sample,00139,2026-07-10,0,0,0,0,0,0,0,0,0,0,0,0
baseline_sample,01661,2026-07-10,0,0,0,0,0,0,0,0,0,0,0,0
baseline_sample,09958,2026-07-10,0,0,0,1,0,0,0,1,0,0,0,1
baseline_sample,08403,2026-07-10,0,0,0,0,0,0,0,0,0,0,0,0
baseline_sample,00632,2026-07-10,0,0,0,0,0,0,0,0,0,0,0,0
baseline_sample,02516,2026-07-10,0,0,0,0,0,0,0,0,0,0,0,0
baseline_sample,02107,2026-07-13,0,0,0,0,0,0,0,0,0,0,0,0
baseline_sample,00648,2026-07-13,0,0,0,0,0,0,0,0,0,0,0,0
baseline_sample,01222,2026-07-13,0,0,0,0,0,0,0,0,0,0,0,0
baseline_sample,01835,2026-07-13,0,0,0,0,0,0,0,0,0,0,0,0
baseline_sample,01720,2026-07-13,0,0,0,0,0,0,0,0,0,0,0,0
baseline_sample,02350,2026-07-13,0,0,1,0,0,0,1,0,0,0,1,0
baseline_sample,03321,2026-07-13,0,0,0,0,0,0,0,0,0,0,0,0
baseline_sample,01661,2026-07-13,0,0,0,0,0,0,0,0,0,0,0,0
baseline_sample,08162,2026-07-13,0,0,0,0,0,0,0,0,0,0,0,0
baseline_sample,08365,2026-07-13,0,0,1,0,0,0,1,0,0,0,1,0
baseline_sample,01520,2026-07-14,0,0,0,0,0,0,0,0,0,0,0,0
baseline_sample,03415,2026-07-14,0,0,0,0,0,0,0,0,0,0,0,0
baseline_sample,01831,2026-07-14,0,0,0,0,0,0,0,0,0,0,0,0
baseline_sample,03453,2026-07-14,0,0,0,0,0,0,0,0,0,0,0,0
baseline_sample,01110,2026-07-14,0,0,0,0,0,0,0,0,0,0,0,0
baseline_sample,01986,2026-07-14,0,0,0,0,0,0,0,0,0,0,0,0
baseline_sample,08188,2026-07-14,0,0,0,0,0,0,0,0,0,0,0,0
baseline_sample,01323,2026-07-14,0,0,0,0,0,0,0,0,0,0,0,0
baseline_sample,02562,2026-07-14,0,0,0,0,0,0,0,0,0,0,0,0
baseline_sample,08646,2026-07-14,0,0,0,0,0,0,0,0,0,0,0,0
baseline_sample,01421,2026-07-15,0,0,0,0,0,0,0,0,0,0,0,0
baseline_sample,02107,2026-07-15,0,0,0,0,0,0,0,0,0,0,0,0
baseline_sample,00264,2026-07-15,0,0,0,0,0,0,0,0,0,0,0,0
baseline_sample,01653,2026-07-15,0,0,0,0,0,0,0,0,0,0,0,0
baseline_sample,07515,2026-07-15,0,0,0,0,0,0,0,0,0,0,0,0
baseline_sample,08646,2026-07-15,0,0,0,0,0,0,0,0,0,0,0,0
baseline_sample,03589,2026-07-15,0,0,0,0,0,0,0,0,0,0,0,0
baseline_sample,03486,2026-07-15,0,0,0,0,0,0,0,0,0,0,0,0
baseline_sample,03437,2026-07-15,0,0,0,0,0,0,0,0,0,0,0,0
baseline_sample,00139,2026-07-15,0,0,0,0,0,0,0,0,0,0,0,0
baseline_sample,00813,2026-07-16,0,0,0,0,0,0,0,0,0,0,0,0
baseline_sample,01525,2026-07-16,0,0,0,0,0,0,0,0,0,0,0,0
baseline_sample,01906,2026-07-16,0,0,0,0,0,0,0,0,0,0,0,0
baseline_sample,08391,2026-07-16,0,0,0,0,0,0,0,0,0,0,0,0
baseline_sample,08162,2026-07-16,0,0,0,0,0,0,0,0,0,0,0,0
baseline_sample,00536,2026-07-16,0,0,0,0,0,0,0,0,0,0,0,0
baseline_sample,03442,2026-07-16,0,0,0,0,0,0,0,0,0,0,0,0
baseline_sample,07588,2026-07-16,0,0,0,0,0,0,0,0,0,0,0,0
baseline_sample,00653,2026-07-16,0,1,0,0,0,1,0,0,0,1,0,0
baseline_sample,01087,2026-07-16,0,0,0,0,0,0,0,0,0,0,0,0
baseline_sample,08635,2026-07-17,0,0,1,0,0,0,1,0,0,0,1,0
baseline_sample,01525,2026-07-17,0,0,0,0,0,0,0,0,0,0,0,0
baseline_sample,01152,2026-07-17,0,0,0,0,0,0,0,0,0,0,0,0
baseline_sample,02562,2026-07-17,0,0,0,0,0,0,0,0,0,0,0,0
baseline_sample,00653,2026-07-17,0,1,0,0,0,1,0,0,0,1,0,0
baseline_sample,01617,2026-07-17,0,0,0,0,0,0,0,0,0,0,0,0
baseline_sample,00821,2026-07-17,0,0,0,0,0,0,0,0,0,0,0,0
baseline_sample,00128,2026-07-17,0,0,0,0,0,0,0,0,0,0,0,0
baseline_sample,08162,2026-07-17,0,0,0,0,0,0,0,0,0,0,0,0
baseline_sample,00264,2026-07-17,0,0,0,0,0,0,0,0,0,0,0,0
baseline_sample,07515,2026-07-20,0,0,0,0,0,0,0,0,0,0,0,0
baseline_sample,01617,2026-07-20,0,0,0,0,0,0,0,0,0,0,0,0
baseline_sample,08460,2026-07-20,0,0,0,0,0,0,0,0,0,0,0,0
baseline_sample,01712,2026-07-20,0,0,0,0,0,0,0,0,0,0,0,0
baseline_sample,02562,2026-07-20,0,0,0,0,0,0,0,0,0,0,0,0
baseline_sample,08540,2026-07-20,0,0,0,0,0,0,0,0,0,0,0,0
baseline_sample,02500,2026-07-20,0,0,0,0,0,0,0,0,0,0,0,0
baseline_sample,02550,2026-07-20,0,0,0,0,0,0,0,0,0,0,0,0
baseline_sample,07522,2026-07-20,0,0,0,0,0,0,0,0,0,0,0,0
baseline_sample,08196,2026-07-20,0,0,0,0,0,0,0,0,0,0,0,0
baseline_sample,01410,2026-07-21,0,0,0,0,0,0,0,0,0,0,0,0
baseline_sample,03437,2026-07-21,0,0,0,0,0,0,0,0,0,0,0,0
baseline_sample,03483,2026-07-21,0,0,0,0,0,0,0,0,0,0,0,0
baseline_sample,03454,2026-07-21,0,0,0,0,0,0,0,0,0,0,0,0
baseline_sample,08540,2026-07-21,0,0,0,0,0,0,0,0,0,0,0,0
baseline_sample,01334,2026-07-21,0,0,0,0,0,0,0,0,0,0,0,0
baseline_sample,03589,2026-07-21,0,0,0,0,0,0,0,0,0,0,0,0
baseline_sample,02550,2026-07-21,0,0,0,0,0,0,0,0,0,0,0,0
baseline_sample,08365,2026-07-21,0,0,0,0,0,0,0,0,0,0,0,0
baseline_sample,02625,2026-07-21,0,0,0,0,0,0,0,0,0,0,0,0
baseline_sample,01725,2026-07-22,0,0,1,0,0,0,1,0,0,0,1,0
baseline_sample,01222,2026-07-22,0,0,0,0,0,0,0,0,0,0,0,0
baseline_sample,01985,2026-07-22,0,0,0,0,0,0,0,0,0,0,0,0
baseline_sample,01685,2026-07-22,0,0,0,0,0,0,0,0,0,0,0,0
baseline_sample,00264,2026-07-22,0,0,0,0,0,0,0,0,0,0,0,0
baseline_sample,02369,2026-07-22,0,0,0,0,0,0,0,0,0,0,0,0
baseline_sample,02438,2026-07-22,0,0,0,0,0,0,0,0,0,0,0,0
baseline_sample,02473,2026-07-22,0,0,1,0,0,0,1,0,0,0,1,0
baseline_sample,01991,2026-07-22,0,0,0,0,0,0,0,0,0,0,0,0
baseline_sample,00433,2026-07-22,0,0,0,0,0,0,0,0,0,0,0,0
baseline_sample,00314,2026-07-23,0,0,0,0,0,0,0,0,0,0,0,0
baseline_sample,01676,2026-07-23,0,0,0,0,0,0,0,0,0,0,0,0
baseline_sample,03991,2026-07-23,0,0,0,0,0,0,0,0,0,0,0,0
baseline_sample,01869,2026-07-23,0,0,1,0,0,0,1,0,0,0,1,0
baseline_sample,08507,2026-07-23,0,0,0,0,0,0,0,0,0,0,0,0
baseline_sample,00821,2026-07-23,0,0,0,0,0,0,0,0,0,0,0,0
baseline_sample,02101,2026-07-23,0,0,0,0,0,0,0,0,0,0,0,0
baseline_sample,08450,2026-07-23,0,0,0,0,0,0,0,0,0,0,0,0
baseline_sample,00632,2026-07-23,0,0,0,0,0,0,0,0,0,0,0,0
baseline_sample,02535,2026-07-23,1,0,0,0,1,0,0,0,1,0,0,0
baseline_sample,03454,2026-07-24,0,0,0,0,0,0,0,0,0,0,0,0
baseline_sample,00139,2026-07-24,0,0,0,0,0,0,0,0,0,0,0,0
baseline_sample,01831,2026-07-24,0,0,0,0,0,0,0,0,0,0,0,0
baseline_sample,01906,2026-07-24,0,0,0,0,0,0,0,0,0,0,0,0
baseline_sample,01703,2026-07-24,0,0,0,1,0,0,0,1,0,0,0,1
baseline_sample,03415,2026-07-24,0,0,0,0,0,0,0,0,0,0,0,0
baseline_sample,08220,2026-07-24,0,0,0,0,0,0,0,0,0,0,0,0
baseline_sample,01421,2026-07-24,0,0,0,0,0,0,0,0,0,0,0,0
baseline_sample,01769,2026-07-24,0,0,0,0,0,0,0,0,0,0,0,0
baseline_sample,00813,2026-07-24,0,0,0,0,0,0,0,0,0,0,0,0
baseline_sample,03439,2026-07-27,0,0,0,0,0,0,0,0,0,0,0,0
baseline_sample,01869,2026-07-27,0,0,1,0,0,0,1,0,0,0,1,0
baseline_sample,03321,2026-07-27,0,0,0,0,0,0,0,0,0,0,0,0
baseline_sample,01410,2026-07-27,0,0,0,0,0,0,0,0,0,0,0,0
baseline_sample,03442,2026-07-27,0,0,0,0,0,0,0,0,0,0,0,0
baseline_sample,01705,2026-07-27,0,0,0,0,0,0,0,0,0,0,0,0
baseline_sample,00139,2026-07-27,0,0,0,0,0,0,0,0,0,0,0,0
baseline_sample,00821,2026-07-27,0,0,0,0,0,0,0,0,0,0,0,0
baseline_sample,08450,2026-07-27,0,0,0,0,0,0,0,0,0,0,0,0
baseline_sample,07522,2026-07-27,0,0,0,0,0,0,0,0,0,0,0,0
baseline_sample,01449,2026-07-28,0,0,0,0,0,0,0,0,0,0,0,0
baseline_sample,08547,2026-07-28,0,0,1,0,0,0,1,0,0,0,1,0
baseline_sample,01162,2026-07-28,0,0,0,0,0,0,0,0,0,0,0,0
baseline_sample,08007,2026-07-28,0,0,0,0,0,0,0,0,0,0,0,0
baseline_sample,00875,2026-07-28,0,0,1,0,0,0,1,0,0,0,1,0
baseline_sample,09938,2026-07-28,0,0,0,0,0,0,0,0,0,0,0,0
baseline_sample,01323,2026-07-28,0,0,0,0,0,0,0,0,0,0,0,0
baseline_sample,07515,2026-07-28,0,0,0,0,0,0,0,0,0,0,0,0
baseline_sample,02625,2026-07-28,0,0,0,0,0,0,0,0,0,0,0,0
baseline_sample,00884,2026-07-28,0,0,0,0,0,0,0,0,0,0,0,0
baseline_sample,00264,2026-07-29,0,0,0,0,0,0,0,0,0,0,0,0
baseline_sample,03415,2026-07-29,0,0,0,0,0,0,0,0,0,0,0,0
baseline_sample,03451,2026-07-29,0,0,0,0,0,0,0,0,0,0,0,0
baseline_sample,01087,2026-07-29,0,0,0,0,0,0,0,0,0,0,0,0
baseline_sample,01653,2026-07-29,0,0,0,0,0,0,0,0,0,0,0,0
baseline_sample,01682,2026-07-29,0,0,0,0,0,0,0,0,0,0,0,0
baseline_sample,08221,2026-07-29,0,0,0,0,0,0,0,0,0,0,0,0
baseline_sample,00621,2026-07-29,0,0,0,0,0,0,0,0,0,0,0,0
baseline_sample,00110,2026-07-29,0,0,0,0,0,0,0,0,0,0,0,0
baseline_sample,08391,2026-07-29,0,0,0,0,0,0,0,0,0,0,0,0
baseline_sample,02501,2026-07-30,0,0,0,0,0,0,0,0,0,0,0,0
baseline_sample,01087,2026-07-30,0,0,0,0,0,0,0,0,0,0,0,0
baseline_sample,00632,2026-07-30,0,0,0,0,0,0,0,0,0,0,0,0
baseline_sample,03476,2026-07-30,0,0,0,0,0,0,0,0,0,0,0,0
baseline_sample,01865,2026-07-30,0,0,1,0,0,0,1,0,0,0,1,0
baseline_sample,07588,2026-07-30,0,0,0,0,0,0,0,0,0,0,0,0
baseline_sample,01156,2026-07-30,0,0,0,0,0,0,0,0,0,0,0,0
baseline_sample,03437,2026-07-30,0,0,0,0,0,0,0,0,0,0,0,0
baseline_sample,00328,2026-07-30,0,0,0,0,0,0,0,0,0,0,0,0
baseline_sample,02550,2026-07-30,0,0,0,0,0,0,0,0,0,0,0,0
baseline_sample,01162,2026-07-31,0,0,0,0,0,0,0,0,0,0,0,0
baseline_sample,01520,2026-07-31,0,0,0,0,0,0,0,0,0,0,0,0
baseline_sample,00894,2026-07-31,0,0,0,0,0,0,0,0,0,0,0,0
baseline_sample,08611,2026-07-31,0,0,0,0,0,0,0,0,0,0,0,0
baseline_sample,07799,2026-07-31,0,0,0,0,0,0,0,0,0,0,0,0
baseline_sample,00595,2026-07-31,0,0,0,0,0,0,0,0,0,0,0,0
baseline_sample,01161,2026-07-31,0,0,0,0,0,0,0,0,0,0,0,0
baseline_sample,09978,2026-07-31,0,0,0,0,0,0,0,0,0,0,0,0
baseline_sample,01865,2026-07-31,0,0,1,0,0,0,1,0,0,0,1,0
baseline_sample,00875,2026-07-31,0,0,1,0,0,0,1,0,0,0,1,0
baseline_sample,08017,2026-08-03,0,0,0,0,0,0,0,0,0,0,0,0
baseline_sample,09978,2026-08-03,0,0,0,0,0,0,0,0,0,0,0,0
baseline_sample,01489,2026-08-03,0,0,0,0,0,0,0,0,0,0,0,0
baseline_sample,00603,2026-08-03,0,0,0,0,0,0,0,0,0,0,0,0
baseline_sample,01676,2026-08-03,0,0,0,0,0,0,0,0,0,0,0,0
baseline_sample,01831,2026-08-03,0,0,0,0,0,0,0,0,0,0,0,0
baseline_sample,08125,2026-08-03,0,0,0,0,0,0,0,0,0,0,0,0
baseline_sample,03437,2026-08-03,0,0,0,0,0,0,0,0,0,0,0,0
baseline_sample,07766,2026-08-03,0,0,0,0,0,0,0,0,0,0,0,0
baseline_sample,00894,2026-08-03,0,0,0,0,0,0,0,0,0,0,0,0
baseline_sample,02469,2026-08-04,0,0,0,0,0,0,0,0,0,0,0,0
baseline_sample,02211,2026-08-04,0,0,0,0,0,0,0,0,0,0,0,0
baseline_sample,00894,2026-08-04,0,0,0,0,0,0,0,0,0,0,0,0
baseline_sample,08245,2026-08-04,0,0,1,0,0,0,1,0,0,0,1,0
baseline_sample,09978,2026-08-04,0,0,0,0,0,0,0,0,0,0,0,0
baseline_sample,00875,2026-08-04,0,0,1,0,0,0,1,0,0,0,1,0
baseline_sample,03437,2026-08-04,0,0,0,0,0,0,0,0,0,0,0,0
baseline_sample,03519,2026-08-04,0,0,0,0,0,0,0,0,0,0,0,0
baseline_sample,03448,2026-08-04,0,0,0,0,0,0,0,0,0,0,0,0
baseline_sample,01769,2026-08-04,0,0,0,0,0,0,0,0,0,0,0,0
baseline_sample,01633,2026-08-05,0,0,0,0,0,0,0,0,0,0,0,0
baseline_sample,01725,2026-08-05,0,0,1,0,0,0,1,0,0,0,1,0
baseline_sample,08365,2026-08-05,0,0,0,0,0,0,0,0,0,0,0,0
baseline_sample,00621,2026-08-05,0,0,0,0,0,0,0,0,0,0,0,0
baseline_sample,07766,2026-08-05,0,0,0,0,0,0,0,0,0,0,0,0
baseline_sample,00328,2026-08-05,0,0,0,0,0,0,0,0,0,0,0,0
baseline_sample,06162,2026-08-05,0,0,0,0,0,0,0,0,0,0,0,0
baseline_sample,08095,2026-08-05,0,0,0,0,0,0,0,0,0,0,0,0
baseline_sample,08646,2026-08-05,0,0,0,0,0,0,0,0,0,0,0,0
baseline_sample,01942,2026-08-05,0,0,0,0,0,0,0,0,0,0,0,0
baseline_sample,01410,2026-08-06,0,0,0,0,0,0,0,0,0,0,0,0
baseline_sample,00632,2026-08-06,0,0,0,0,0,0,0,0,0,0,0,0
baseline_sample,03489,2026-08-06,0,0,0,0,0,0,0,0,0,0,0,0
baseline_sample,08017,2026-08-06,0,0,0,0,0,0,0,0,0,0,0,0
baseline_sample,02562,2026-08-06,0,0,0,0,0,0,0,0,0,0,0,0
baseline_sample,01703,2026-08-06,0,0,0,0,0,0,0,0,0,0,0,0
baseline_sample,08611,2026-08-06,0,0,0,0,0,0,0,0,0,0,0,0
baseline_sample,02516,2026-08-06,0,0,0,0,0,0,0,0,0,0,0,0
baseline_sample,09978,2026-08-06,0,0,0,0,0,0,0,0,0,0,0,0
baseline_sample,08305,2026-08-06,0,0,0,0,0,0,0,0,0,0,0,0
baseline_sample,00804,2026-08-07,0,0,0,0,0,0,0,0,0,0,0,0
baseline_sample,03537,2026-08-07,0,0,0,0,0,0,0,0,0,0,0,0
baseline_sample,02651,2026-08-07,0,0,0,0,0,0,0,0,0,0,0,0
baseline_sample,03486,2026-08-07,0,0,0,0,0,0,0,0,0,0,0,0
baseline_sample,01986,2026-08-07,0,0,0,0,0,0,0,0,0,0,0,0
baseline_sample,02215,2026-08-07,0,0,0,0,0,0,0,0,0,0,0,0
baseline_sample,08219,2026-08-07,0,0,0,0,0,0,0,0,0,0,0,0
baseline_sample,02878,2026-08-07,0,0,0,0,0,0,0,0,0,0,0,0
baseline_sample,07515,2026-08-07,0,0,0,0,0,0,0,0,0,0,0,0
baseline_sample,08611,2026-08-07,0,0,0,0,0,0,0,0,0,0,0,0
baseline_sample,06162,2026-08-10,0,0,0,0,0,0,0,0,0,0,0,0
baseline_sample,00264,2026-08-10,0,0,0,0,0,0,0,0,0,0,0,0
baseline_sample,03442,2026-08-10,0,0,0,0,0,0,0,0,0,0,0,0
baseline_sample,03486,2026-08-10,0,0,0,0,0,0,0,0,0,0,0,0
baseline_sample,00139,2026-08-10,0,0,0,0,0,0,0,0,0,0,0,0
baseline_sample,08611,2026-08-10,0,0,0,0,0,0,0,0,0,0,0,0
baseline_sample,00894,2026-08-10,0,0,0,0,0,0,0,0,0,0,0,0
baseline_sample,03483,2026-08-10,0,0,0,0,0,0,0,0,0,0,0,0
baseline_sample,01725,2026-08-10,0,0,1,0,0,0,1,0,0,0,1,0
baseline_sample,08196,2026-08-10,0,0,0,0,0,0,0,0,0,0,0,0
baseline_sample,02473,2026-08-11,0,0,0,0,0,0,0,0,0,0,0,0
baseline_sample,08188,2026-08-11,0,0,0,0,0,0,0,0,0,0,0,0
baseline_sample,01793,2026-08-11,0,0,0,0,0,0,0,0,0,0,0,0
baseline_sample,00894,2026-08-11,0,0,0,0,0,0,0,0,0,0,0,0
baseline_sample,08017,2026-08-11,0,0,0,0,0,0,0,0,0,0,0,0
baseline_sample,00884,2026-08-11,0,0,0,0,0,0,0,0,0,0,0,0
baseline_sample,03442,2026-08-11,0,0,0,0,0,0,0,0,0,0,0,0
baseline_sample,03448,2026-08-11,0,0,0,0,0,0,0,0,0,0,0,0
baseline_sample,00648,2026-08-11,0,0,0,0,0,0,0,0,0,0,0,0
baseline_sample,01540,2026-08-11,0,0,0,0,0,0,0,0,0,0,0,0
baseline_sample,01037,2026-08-12,0,0,0,0,0,0,0,0,0,0,0,0
baseline_sample,00621,2026-08-12,0,0,0,0,0,0,0,0,0,0,0,0
baseline_sample,02562,2026-08-12,0,0,0,0,0,0,0,0,0,0,0,0
baseline_sample,01410,2026-08-12,0,0,0,0,0,0,0,0,0,0,0,0
baseline_sample,01489,2026-08-12,0,0,0,0,0,0,0,0,0,0,0,0
baseline_sample,01865,2026-08-12,0,0,0,0,0,0,0,0,0,0,0,0
baseline_sample,00611,2026-08-12,0,0,0,0,0,0,0,0,0,0,0,0
baseline_sample,02535,2026-08-12,0,0,0,0,0,0,0,0,0,0,0,0
baseline_sample,01633,2026-08-12,0,0,0,0,0,0,0,0,0,0,0,0
baseline_sample,06162,2026-08-12,0,0,0,0,0,0,0,0,0,0,0,0
baseline_sample,00391,2026-08-13,0,0,0,0,0,0,0,0,0,0,0,0
baseline_sample,01617,2026-08-13,0,0,0,0,0,0,0,0,0,0,0,0
baseline_sample,02113,2026-08-13,0,1,0,0,0,1,0,0,0,1,0,0
baseline_sample,03489,2026-08-13,0,0,0,0,0,0,0,0,0,0,0,0
baseline_sample,01268,2026-08-13,0,0,0,0,0,0,0,0,0,0,0,0
baseline_sample,00149,2026-08-13,0,0,0,0,0,0,0,0,0,0,0,0
baseline_sample,03537,2026-08-13,0,0,0,0,0,0,0,0,0,0,0,0
baseline_sample,00264,2026-08-13,0,0,0,0,0,0,0,0,0,0,0,0
baseline_sample,02178,2026-08-13,0,0,0,0,0,0,0,0,0,0,0,0
baseline_sample,06939,2026-08-13,0,0,0,0,0,0,0,0,0,0,0,0
baseline_sample,02017,2026-08-14,0,0,0,0,0,0,0,0,0,0,0,0
baseline_sample,09978,2026-08-14,0,0,0,0,0,0,0,0,0,0,0,0
baseline_sample,03451,2026-08-14,0,0,0,0,0,0,0,0,0,0,0,0
baseline_sample,02516,2026-08-14,0,0,0,0,0,0,0,0,0,0,0,0
baseline_sample,01449,2026-08-14,0,0,0,0,0,0,0,0,0,0,0,0
baseline_sample,02501,2026-08-14,0,0,0,0,0,0,0,0,0,0,0,0
baseline_sample,03423,2026-08-14,0,0,0,0,0,0,0,0,0,0,0,0
baseline_sample,01536,2026-08-14,0,0,0,0,0,0,0,0,0,0,0,0
baseline_sample,00884,2026-08-14,0,0,0,0,0,0,0,0,0,0,0,0
baseline_sample,01102,2026-08-14,0,0,0,0,0,0,0,0,0,0,0,0
baseline_sample,08516,2026-08-17,0,0,0,0,0,0,0,0,0,0,0,0
baseline_sample,03415,2026-08-17,0,0,0,0,0,0,0,0,0,0,0,0
baseline_sample,00256,2026-08-17,0,0,0,0,0,0,0,0,0,0,0,0
baseline_sample,01449,2026-08-17,0,0,0,0,0,0,0,0,0,0,0,0
baseline_sample,02469,2026-08-17,0,0,0,0,0,0,0,0,0,0,0,0
baseline_sample,01410,2026-08-17,0,0,0,0,0,0,0,0,0,0,0,0
baseline_sample,01401,2026-08-17,0,0,0,0,0,0,0,0,0,0,0,0
baseline_sample,08120,2026-08-17,0,0,0,0,0,0,0,0,0,0,0,0
baseline_sample,08191,2026-08-17,0,0,0,0,0,0,0,0,0,0,0,0
baseline_sample,03537,2026-08-17,0,0,0,0,0,0,0,0,0,0,0,0
baseline_sample,00632,2026-08-18,0,0,0,0,0,0,0,0,0,0,0,0
baseline_sample,03301,2026-08-18,0,0,0,0,0,0,0,0,0,0,0,0
baseline_sample,01401,2026-08-18,0,0,0,0,0,0,0,0,0,0,0,0
baseline_sample,08162,2026-08-18,0,0,0,0,0,0,0,0,0,0,0,0
baseline_sample,01676,2026-08-18,0,0,0,0,0,0,0,0,0,0,0,0
baseline_sample,02562,2026-08-18,0,0,0,0,0,0,0,0,0,0,0,0
baseline_sample,03442,2026-08-18,0,0,0,0,0,0,0,0,0,0,0,0
baseline_sample,01720,2026-08-18,0,0,0,0,0,0,0,0,0,0,0,0
baseline_sample,01865,2026-08-18,0,0,0,0,0,0,0,0,0,0,0,0
baseline_sample,01825,2026-08-18,0,0,0,0,0,0,0,0,0,0,0,0
baseline_sample,01906,2026-08-19,0,0,0,0,0,0,0,0,0,0,0,0
baseline_sample,03440,2026-08-19,0,0,0,0,0,0,0,0,0,0,0,0
baseline_sample,07522,2026-08-19,0,0,0,0,0,0,0,0,0,0,0,0
baseline_sample,01410,2026-08-19,0,0,0,0,0,0,0,0,0,0,0,0
baseline_sample,02550,2026-08-19,0,0,0,0,0,0,0,0,0,0,0,0
baseline_sample,01725,2026-08-19,0,0,0,0,0,0,0,0,0,0,0,0
baseline_sample,03448,2026-08-19,0,0,0,0,0,0,0,0,0,0,0,0
baseline_sample,07515,2026-08-19,0,0,0,0,0,0,0,0,0,0,0,0
baseline_sample,06162,2026-08-19,0,0,0,0,0,0,0,0,0,0,0,0
baseline_sample,01401,2026-08-19,0,0,0,0,0,0,0,0,0,0,0,0
baseline_sample,09978,2026-08-20,0,0,0,0,0,0,0,0,0,0,0,0
baseline_sample,08220,2026-08-20,0,0,0,0,0,0,0,0,0,0,0,0
baseline_sample,01401,2026-08-20,0,0,0,0,0,0,0,0,0,0,0,0
baseline_sample,01710,2026-08-20,0,0,0,0,0,0,0,0,0,0,0,0
baseline_sample,01676,2026-08-20,0,0,0,0,0,0,0,0,0,0,0,0
baseline_sample,09939,2026-08-20,0,0,0,0,0,0,0,0,0,0,0,0
baseline_sample,03486,2026-08-20,0,0,0,0,0,0,0,0,0,0,0,0
baseline_sample,03415,2026-08-20,0,0,0,0,0,0,0,0,0,0,0,0
baseline_sample,01617,2026-08-20,0,0,0,0,0,0,0,0,0,0,0,0
baseline_sample,06158,2026-08-20,0,0,0,0,0,0,0,0,0,0,0,0
baseline_sample,08017,2026-08-21,0,0,0,0,0,0,0,0,0,0,0,0
baseline_sample,02396,2026-08-21,0,0,0,0,0,0,0,0,0,0,0,0
baseline_sample,00767,2026-08-21,0,0,0,0,0,0,0,0,0,0,0,0
baseline_sample,01617,2026-08-21,0,0,0,0,0,0,0,0,0,0,0,0
baseline_sample,01152,2026-08-21,0,0,0,0,0,0,0,0,0,0,0,0
baseline_sample,02699,2026-08-21,0,0,0,0,0,0,0,0,0,0,0,0
baseline_sample,08220,2026-08-21,0,0,0,0,0,0,0,0,0,0,0,0
baseline_sample,08162,2026-08-21,0,0,0,0,0,0,0,0,0,0,0,0
baseline_sample,00209,2026-08-21,0,0,0,0,0,0,0,0,0,0,0,0
baseline_sample,02178,2026-08-21,0,0,0,0,0,0,0,0,0,0,0,0
baseline_sample,01268,2026-08-24,0,0,0,0,0,0,0,0,0,0,0,0
baseline_sample,03537,2026-08-24,0,0,0,0,0,0,0,0,0,0,0,0
baseline_sample,07711,2026-08-24,0,0,0,0,0,0,0,0,0,0,0,0
baseline_sample,01102,2026-08-24,0,0,0,0,0,0,0,0,0,0,0,0
baseline_sample,03489,2026-08-24,0,0,0,0,0,0,0,0,0,0,0,0
baseline_sample,01696,2026-08-24,0,0,0,0,0,0,0,0,0,0,0,0
baseline_sample,00813,2026-08-24,0,0,0,0,0,0,0,0,0,0,0,0
baseline_sample,02381,2026-08-24,0,0,0,0,0,0,0,0,0,0,0,0
baseline_sample,03440,2026-08-24,0,0,0,0,0,0,0,0,0,0,0,0
baseline_sample,01725,2026-08-24,0,0,0,0,0,0,0,0,0,0,0,0
baseline_sample,00767,2026-08-25,0,0,0,0,0,0,0,0,0,0,0,0
baseline_sample,07588,2026-08-25,0,0,0,0,0,0,0,0,0,0,0,0
baseline_sample,00894,2026-08-25,0,0,0,0,0,0,0,0,0,0,0,0
baseline_sample,07515,2026-08-25,0,0,0,0,0,0,0,0,0,0,0,0
baseline_sample,08178,2026-08-25,0,0,0,0,0,0,0,0,0,0,0,0
baseline_sample,01617,2026-08-25,0,0,0,0,0,0,0,0,0,0,0,0
baseline_sample,06162,2026-08-25,0,0,0,0,0,0,0,0,0,0,0,0
baseline_sample,01429,2026-08-25,0,0,0,0,0,0,0,0,0,0,0,0
baseline_sample,03519,2026-08-25,0,0,0,0,0,0,0,0,0,0,0,0
baseline_sample,02126,2026-08-25,0,0,0,0,0,0,0,0,0,0,0,0
baseline_sample,06158,2026-08-26,0,0,0,0,0,0,0,0,0,0,0,0
baseline_sample,01410,2026-08-26,0,0,0,0,0,0,0,0,0,0,0,0
baseline_sample,00209,2026-08-26,0,0,0,0,0,0,0,0,0,0,0,0
baseline_sample,02113,2026-08-26,0,0,0,0,0,0,0,0,0,0,0,0
baseline_sample,01725,2026-08-26,0,0,0,0,0,0,0,0,0,0,0,0
baseline_sample,07515,2026-08-26,0,0,0,0,0,0,0,0,0,0,0,0
baseline_sample,01850,2026-08-26,0,0,0,0,0,0,0,0,0,0,0,0
baseline_sample,01796,2026-08-26,0,0,0,0,0,0,0,0,0,0,0,0
baseline_sample,02550,2026-08-26,0,0,0,0,0,0,0,0,0,0,0,0
baseline_sample,01540,2026-08-26,0,0,0,0,0,0,0,0,0,0,0,0
baseline_sample,08540,2026-08-27,0,0,0,0,0,0,0,0,0,0,0,0
baseline_sample,01986,2026-08-27,0,0,0,0,0,0,0,0,0,0,0,0
baseline_sample,01141,2026-08-27,0,0,0,0,0,0,0,0,0,0,0,0
baseline_sample,00767,2026-08-27,0,0,0,0,0,0,0,0,0,0,0,0
baseline_sample,02381,2026-08-27,0,0,0,0,0,0,0,0,0,0,0,0
baseline_sample,01850,2026-08-27,0,0,0,0,0,0,0,0,0,0,0,0
baseline_sample,01110,2026-08-27,0,0,0,0,0,0,0,0,0,0,0,0
baseline_sample,01466,2026-08-27,0,0,0,0,0,0,0,0,0,0,0,0
baseline_sample,01180,2026-08-27,0,0,0,0,0,0,0,0,0,0,0,0
baseline_sample,01046,2026-08-27,0,0,0,0,0,0,0,0,0,0,0,0
baseline_sample,02516,2026-08-28,0,0,0,0,0,0,0,0,0,0,0,0
baseline_sample,08162,2026-08-28,0,0,0,0,0,0,0,0,0,0,0,0
baseline_sample,02439,2026-08-28,0,0,0,0,0,0,0,0,0,0,0,0
baseline_sample,02562,2026-08-28,0,0,0,0,0,0,0,0,0,0,0,0
baseline_sample,03589,2026-08-28,0,0,0,0,0,0,0,0,0,0,0,0
baseline_sample,06829,2026-08-28,0,0,0,0,0,0,0,0,0,0,0,0
baseline_sample,01410,2026-08-28,0,0,0,0,0,0,0,0,0,0,0,0
baseline_sample,08455,2026-08-28,0,0,0,0,0,0,0,0,0,0,0,0
baseline_sample,08188,2026-08-28,0,0,0,0,0,0,0,0,0,0,0,0
baseline_sample,02550,2026-08-28,0,0,0,0,0,0,0,0,0,0,0,0
baseline_sample,01825,2026-08-31,0,0,0,0,0,0,0,0,0,0,0,0
baseline_sample,01723,2026-08-31,0,0,0,0,0,0,0,0,0,0,0,0
baseline_sample,08162,2026-08-31,0,0,0,0,0,0,0,0,0,0,0,0
baseline_sample,03486,2026-08-31,0,0,0,0,0,0,0,0,0,0,0,0
baseline_sample,08507,2026-08-31,0,0,0,0,0,0,0,0,0,0,0,0
baseline_sample,00280,2026-08-31,0,0,0,0,0,0,0,0,0,0,0,0
baseline_sample,09968,2026-08-31,0,0,0,0,0,0,0,0,0,0,0,0
baseline_sample,01796,2026-08-31,0,0,0,0,0,0,0,0,0,0,0,0
baseline_sample,01793,2026-08-31,0,0,0,0,0,0,0,0,0,0,0,0
baseline_sample,02469,2026-08-31,0,0,0,0,0,0,0,0,0,0,0,0
baseline_sample,08178,2026-09-01,0,0,0,0,0,0,0,0,0,0,0,0
baseline_sample,07711,2026-09-01,0,0,0,0,0,0,0,0,0,0,0,0
baseline_sample,06083,2026-09-01,0,0,0,0,0,0,0,0,0,0,0,0
baseline_sample,09939,2026-09-01,0,0,0,0,0,0,0,0,0,0,0,0
baseline_sample,08547,2026-09-01,0,0,0,0,0,0,0,0,0,0,0,0
baseline_sample,08195,2026-09-01,0,0,0,0,0,0,0,0,0,0,0,0
baseline_sample,08637,2026-09-01,0,0,0,0,0,0,0,0,0,0,0,0
baseline_sample,02516,2026-09-01,0,0,0,0,0,0,0,0,0,0,0,0
baseline_sample,06158,2026-09-01,0,0,0,0,0,0,0,0,0,0,0,0
baseline_sample,01630,2026-09-01,0,0,0,0,0,0,0,0,0,0,0,0
baseline_sample,02661,2026-09-02,0,0,0,0,0,0,0,0,0,0,0,0
baseline_sample,08269,2026-09-02,0,0,0,0,0,0,0,0,0,0,0,0
baseline_sample,00928,2026-09-02,0,0,0,0,0,0,0,0,0,0,0,0
baseline_sample,01425,2026-09-02,0,0,0,0,0,0,0,0,0,0,0,0
baseline_sample,01850,2026-09-02,0,0,0,0,0,0,0,0,0,0,0,0
baseline_sample,01233,2026-09-02,0,0,0,0,0,0,0,0,0,0,0,0
baseline_sample,03555,2026-09-02,0,0,0,0,0,0,0,0,0,0,0,0
baseline_sample,01746,2026-09-02,0,0,0,0,0,0,0,0,0,0,0,0
baseline_sample,09968,2026-09-02,0,0,0,0,0,0,0,0,0,0,0,0
baseline_sample,01710,2026-09-02,0,0,0,0,0,0,0,0,0,0,0,0
baseline_sample,07766,2026-09-03,0,0,0,0,0,0,0,0,0,0,0,0
baseline_sample,01825,2026-09-03,0,0,0,0,0,0,0,0,0,0,0,0
baseline_sample,02439,2026-09-03,0,0,0,0,0,0,0,0,0,0,0,0
baseline_sample,09939,2026-09-03,0,0,0,0,0,0,0,0,0,0,0,0
baseline_sample,00145,2026-09-03,0,0,0,0,0,0,0,0,0,0,0,0
baseline_sample,03476,2026-09-03,0,0,0,0,0,0,0,0,0,0,0,0
baseline_sample,08365,2026-09-03,0,0,0,0,0,0,0,0,0,0,0,0
baseline_sample,07515,2026-09-03,0,0,0,0,0,0,0,0,0,0,0,0
baseline_sample,03437,2026-09-03,0,0,0,0,0,0,0,0,0,0,0,0
baseline_sample,01046,2026-09-03,0,0,0,0,0,0,0,0,0,0,0,0
baseline_sample,08365,2026-09-04,0,0,0,0,0,0,0,0,0,0,0,0
baseline_sample,03440,2026-09-04,0,0,0,0,0,0,0,0,0,0,0,0
baseline_sample,01400,2026-09-04,0,0,0,0,0,0,0,0,0,0,0,0
baseline_sample,01110,2026-09-04,0,0,0,0,0,0,0,0,0,0,0,0
baseline_sample,06083,2026-09-04,0,0,0,0,0,0,0,0,0,0,0,0
baseline_sample,07788,2026-09-04,0,0,0,0,0,0,0,0,0,0,0,0
baseline_sample,08191,2026-09-04,0,0,0,0,0,0,0,0,0,0,0,0
baseline_sample,08540,2026-09-04,0,0,0,0,0,0,0,0,0,0,0,0
baseline_sample,00420,2026-09-04,0,0,0,0,0,0,0,0,0,0,0,0
baseline_sample,08187,2026-09-04,0,0,0,0,0,0,0,0,0,0,0,0
baseline_sample,01538,2026-09-07,0,0,0,0,0,0,0,0,0,0,0,0
baseline_sample,03440,2026-09-07,0,0,0,0,0,0,0,0,0,0,0,0
baseline_sample,00616,2026-09-07,0,0,0,0,0,0,0,0,0,0,0,0
baseline_sample,01865,2026-09-07,0,0,0,0,0,0,0,0,0,0,0,0
baseline_sample,01753,2026-09-07,0,0,0,0,0,0,0,0,0,0,0,0
baseline_sample,02570,2026-09-07,0,0,0,0,0,0,0,0,0,0,0,0
baseline_sample,00884,2026-09-07,0,0,0,0,0,0,0,0,0,0,0,0
baseline_sample,00254,2026-09-07,0,0,0,0,0,0,0,0,0,0,0,0
baseline_sample,00653,2026-09-07,0,0,0,0,0,0,0,0,0,0,0,0
baseline_sample,03533,2026-09-07,0,0,0,0,0,0,0,0,0,0,0,0
baseline_all,00007,2024-02-20,0,0,0,0,1,0,0,0,1,0,0,0
baseline_all,00362,2025-01-22,0,0,0,1,0,0,0,1,0,0,0,1
baseline_all,02131,2025-02-06,0,0,0,0,0,0,0,0,0,0,0,0
baseline_all,00976,2025-02-18,0,0,0,0,0,0,0,0,0,0,0,0
baseline_all,00059,2025-02-21,0,0,0,0,0,0,0,0,0,0,0,0
baseline_all,01406,2025-02-21,0,0,0,0,0,0,0,0,0,0,0,0
baseline_all,01188,2025-03-19,0,0,0,0,0,0,0,0,0,0,0,0
baseline_all,01915,2025-03-31,0,0,0,0,0,0,0,0,0,0,0,0
baseline_all,01683,2025-05-02,0,0,0,0,0,0,0,0,0,0,0,0
baseline_all,02127,2025-05-06,0,0,0,0,0,0,0,0,0,0,0,0
baseline_all,02180,2025-05-06,0,0,0,0,0,0,0,0,0,0,0,0
baseline_all,00039,2025-05-07,0,0,0,0,0,0,0,0,0,0,0,0
baseline_all,00080,2025-05-14,0,0,0,0,1,0,0,0,1,0,0,1
baseline_all,01865,2025-05-15,0,0,0,0,0,0,0,0,0,0,0,0
baseline_all,08333,2025-05-19,0,0,0,0,0,0,0,0,0,0,0,0
baseline_all,01269,2025-05-20,0,0,0,0,0,0,0,0,0,0,0,0
baseline_all,01090,2025-05-22,0,0,0,0,0,0,0,0,0,0,0,0
baseline_all,02188,2025-05-22,0,0,0,0,0,0,0,0,0,0,0,0
baseline_all,00768,2025-05-23,0,0,0,0,0,0,0,0,0,0,0,0
baseline_all,08188,2025-05-23,0,0,0,0,0,0,0,0,0,0,0,0
baseline_all,00612,2025-05-28,0,0,0,0,0,0,0,0,0,0,0,0
baseline_all,00959,2025-05-28,0,0,0,0,0,0,0,0,0,0,0,0
baseline_all,08095,2025-06-02,0,0,0,0,0,0,0,0,0,0,0,0
baseline_all,08297,2025-06-03,0,0,0,0,0,0,0,0,0,0,0,0
baseline_all,00274,2025-06-09,0,0,0,0,0,0,0,0,0,0,0,0
baseline_all,03928,2025-06-09,0,0,0,0,1,0,0,0,1,0,0,0
baseline_all,08307,2025-06-12,0,0,0,0,0,0,0,0,0,0,0,0
baseline_all,08308,2025-06-17,0,0,0,0,0,0,0,0,0,0,0,0
baseline_all,08631,2025-06-17,0,0,0,0,1,0,0,0,1,0,0,0
baseline_all,00403,2025-06-18,0,0,0,0,0,0,0,0,0,0,0,0
baseline_all,02152,2025-06-19,0,0,0,0,0,0,0,0,0,0,0,0
baseline_all,08347,2025-06-20,0,0,0,0,0,0,0,0,0,0,0,0
baseline_all,08039,2025-06-24,0,0,0,0,0,0,0,0,0,0,0,0
baseline_all,01616,2025-06-25,0,0,0,0,0,0,0,0,0,0,0,0
baseline_all,08428,2025-06-27,0,0,0,0,0,0,0,0,0,0,0,0
baseline_all,08066,2025-07-08,0,0,0,0,0,0,0,0,0,0,0,0
baseline_all,00952,2025-07-10,0,0,0,0,0,0,0,0,0,0,0,0
baseline_all,00106,2025-07-18,0,0,0,0,0,0,0,0,0,0,0,0
baseline_all,01152,2025-08-05,0,0,0,0,0,0,0,0,0,0,0,0
baseline_all,00033,2025-08-15,0,0,0,0,0,0,0,0,0,0,0,0
baseline_all,02339,2025-08-22,0,0,0,0,0,0,1,0,0,0,1,0
baseline_all,01206,2025-08-28,0,0,0,0,0,0,0,0,0,0,0,0
baseline_all,03616,2025-09-19,0,0,0,0,0,0,0,0,0,0,0,0
baseline_all,01739,2025-10-17,0,0,0,0,0,0,0,0,0,0,0,0
baseline_all,06639,2025-11-14,0,0,0,0,0,0,0,0,0,0,0,0
baseline_all,00313,2025-11-17,0,0,0,0,0,0,0,0,0,0,0,0
baseline_all,00493,2025-12-22,0,0,1,0,0,0,1,0,0,0,1,0
baseline_all,08370,2026-01-05,0,0,0,0,0,0,0,0,0,0,0,0
baseline_all,01029,2026-01-12,0,0,0,0,0,0,0,0,0,0,0,0
baseline_all,01252,2026-01-27,0,0,0,0,0,0,0,0,0,0,0,0
baseline_all,08349,2026-02-02,0,0,0,0,0,0,0,0,0,0,0,0
baseline_all,00389,2026-02-27,0,0,0,0,0,0,0,0,1,0,1,0
baseline_all,02649,2026-03-09,0,0,0,0,0,0,0,0,0,0,0,0
baseline_all,09882,2026-04-09,0,0,0,0,0,0,0,0,0,0,0,0
baseline_all,08527,2026-05-14,0,0,0,0,0,0,0,0,0,0,0,0
baseline_all,09960,2026-05-27,0,0,0,0,0,0,0,0,0,0,0,0
baseline_all,00311,2026-06-01,0,0,0,0,0,0,0,0,0,0,0,0
baseline_all,08373,2026-06-05,0,0,1,0,0,0,1,0,0,0,1,0
baseline_all,01712,2026-06-24,0,0,0,0,0,0,0,0,0,0,0,0
baseline_all,01142,2026-06-29,0,0,0,0,0,0,0,0,0,0,0,0
baseline_all,06051,2026-06-29,0,0,0,0,0,0,0,0,0,0,0,0
baseline_all,00264,2026-07-14,0,0,0,0,0,0,0,0,0,0,0,0
baseline_all,00813,2026-07-14,0,0,0,0,0,0,0,0,0,0,0,0
baseline_all,00884,2026-07-14,0,0,0,0,0,0,0,0,0,0,0,0
baseline_all,01110,2026-07-14,0,0,0,0,0,0,0,0,0,0,0,0
baseline_all,02469,2026-07-14,0,0,0,0,0,0,0,0,0,0,0,0
baseline_all,03638,2026-07-14,0,0,0,0,0,0,0,0,0,0,0,0
baseline_all,03838,2026-07-14,0,0,0,0,0,0,0,0,0,0,0,0
baseline_all,08030,2026-07-14,0,0,0,0,0,0,0,0,0,0,0,0
baseline_all,08220,2026-07-14,0,0,0,0,0,0,0,0,0,0,0,0
baseline_all,08391,2026-07-14,0,0,0,0,0,0,0,0,0,0,0,0
baseline_all,08540,2026-07-14,0,0,0,0,0,0,0,0,0,0,0,0
baseline_all,09939,2026-07-14,0,0,0,0,0,0,0,0,0,0,0,0
baseline_all,01372,2026-07-14,0,0,0,0,0,0,0,0,0,0,0,0
baseline_all,01906,2026-07-14,0,0,0,0,0,0,0,0,0,0,0,0
baseline_all,03415,2026-07-14,0,0,0,0,0,0,0,0,0,0,0,0
baseline_all,03423,2026-07-14,0,0,0,0,0,0,0,0,0,0,0,0
baseline_all,03437,2026-07-14,0,0,0,0,0,0,0,0,0,0,0,0
baseline_all,03439,2026-07-14,0,0,0,0,0,0,0,0,0,0,0,0
baseline_all,03440,2026-07-14,0,0,0,0,0,0,0,0,0,0,0,0
baseline_all,03442,2026-07-14,0,0,0,0,0,0,0,0,0,0,0,0
baseline_all,03451,2026-07-14,0,0,0,0,0,0,0,0,0,0,0,0
baseline_all,03453,2026-07-14,0,0,0,0,0,0,0,0,0,0,0,0
baseline_all,03483,2026-07-14,0,0,0,0,0,0,0,0,0,0,0,0
baseline_all,03486,2026-07-14,0,0,0,0,0,0,0,0,0,0,0,0
baseline_all,03489,2026-07-14,0,0,0,0,0,0,0,0,0,0,0,0
baseline_all,03589,2026-07-14,0,0,0,0,0,0,0,0,0,0,0,0
baseline_all,06100,2026-07-14,0,0,0,0,0,0,0,0,0,0,0,0
baseline_all,07515,2026-07-14,0,0,0,0,0,0,0,0,0,0,0,0
baseline_all,07522,2026-07-14,0,0,0,0,0,0,0,0,0,0,0,0
baseline_all,07588,2026-07-14,0,0,0,0,0,0,0,0,0,0,0,0
baseline_all,07766,2026-07-14,0,0,0,0,0,0,0,0,0,0,0,0
baseline_all,07788,2026-07-14,0,0,0,0,0,0,0,0,0,0,0,0
baseline_all,07799,2026-07-14,0,0,0,0,0,0,0,0,0,0,0,0
baseline_all,01119,2026-07-15,0,0,0,0,0,0,0,0,0,0,0,0
baseline_all,02126,2026-07-15,0,0,0,0,0,0,0,0,0,0,0,0
baseline_all,02500,2026-07-15,0,0,0,0,0,0,0,0,0,0,0,0
baseline_all,03650,2026-07-15,0,0,0,0,0,0,0,0,0,0,0,0
baseline_all,00815,2026-07-15,0,0,0,0,0,0,0,0,0,0,0,0
baseline_all,03476,2026-07-15,0,0,0,0,0,0,0,0,0,0,0,0
baseline_all,00621,2026-07-16,0,0,0,0,0,0,0,0,0,0,0,0
baseline_all,01127,2026-07-16,0,0,0,0,0,0,0,0,0,0,0,0
baseline_all,08196,2026-07-16,0,0,0,0,0,0,0,0,0,0,0,0
baseline_all,08635,2026-07-16,0,0,1,0,0,0,1,0,0,0,1,0
baseline_all,02477,2026-07-16,0,0,0,0,0,0,0,0,0,0,0,0
baseline_all,07711,2026-07-16,0,0,0,0,0,0,0,0,0,0,0,0
baseline_all,02051,2026-07-17,0,0,0,0,0,0,0,0,0,0,0,0
baseline_all,02550,2026-07-17,0,0,0,0,0,0,0,0,0,0,0,0
baseline_all,08017,2026-07-17,0,0,0,0,0,0,0,0,0,0,0,0
baseline_all,03454,2026-07-17,0,0,0,0,0,0,0,0,0,0,0,0
baseline_all,02473,2026-07-20,0,0,1,0,0,0,1,0,0,0,1,0
baseline_all,03436,2026-07-20,0,0,0,0,0,0,0,0,0,0,0,0
baseline_all,02185,2026-07-21,0,0,0,0,0,0,0,0,0,0,0,0
baseline_all,00560,2026-07-22,0,0,0,0,0,0,0,0,0,0,0,0
baseline_all,03533,2026-07-22,0,0,0,0,0,0,0,0,0,0,0,0
baseline_all,00302,2026-07-23,0,0,0,0,0,0,0,0,0,0,0,0
baseline_all,03991,2026-07-23,0,0,0,0,0,0,0,0,0,0,0,0
baseline_all,03519,2026-07-23,0,0,0,0,0,0,0,0,0,0,0,0
baseline_all,01274,2026-07-24,0,0,0,0,0,0,0,0,0,0,0,0
baseline_all,02407,2026-07-24,0,0,0,0,0,0,0,0,0,0,0,0
baseline_all,01137,2026-07-28,0,0,0,0,0,0,0,0,0,0,0,0
baseline_all,02137,2026-07-29,0,0,0,0,0,0,0,0,0,0,0,0
baseline_all,08195,2026-07-30,0,0,0,0,0,0,0,0,0,0,0,0
baseline_all,03537,2026-07-31,0,0,0,0,0,0,0,0,0,0,0,0
baseline_all,00603,2026-08-03,0,0,0,0,0,0,0,0,0,0,0,0
baseline_all,03377,2026-08-05,0,0,0,0,0,0,0,0,0,0,0,0
baseline_all,00623,2026-08-07,0,0,0,0,0,0,0,0,0,0,0,0
baseline_all,01121,2026-08-07,0,0,0,0,0,0,0,0,0,0,0,0
baseline_all,02777,2026-08-10,0,0,0,0,0,0,0,0,0,0,0,0
baseline_all,06628,2026-08-10,0,0,0,0,0,0,0,0,0,0,0,0
baseline_all,02512,2026-08-12,0,0,0,0,0,0,0,0,0,0,0,0
baseline_all,00818,2026-08-17,0,0,0,0,0,0,0,0,0,0,0,0
baseline_all,00196,2026-08-20,0,0,0,0,0,0,0,0,0,0,0,0
baseline_all,03555,2026-08-20,0,0,0,0,0,0,0,0,0,0,0,0
baseline_all,02396,2026-08-21,0,0,0,0,0,0,0,0,0,0,0,0
baseline_all,02487,2026-08-21,0,0,0,0,0,0,0,0,0,0,0,0
baseline_all,01696,2026-08-24,0,0,0,0,0,0,0,0,0,0,0,0
baseline_all,00451,2026-08-26,0,0,0,0,0,0,0,0,0,0,0,0
baseline_all,02559,2026-08-28,0,0,0,0,0,0,0,0,0,0,0,0
baseline_all,00873,2026-08-31,0,0,0,0,0,0,0,0,0,0,0,0
baseline_all,02661,2026-09-02,0,0,0,0,0,0,0,0,0,0,0,0
baseline_all,02001,2026-09-07,0,0,0,0,0,0,0,0,0,0,0,0
baseline_all,02570,2026-09-07,0,0,0,0,0,0,0,0,0,0,0,0
baseline_all,02582,2026-09-07,0,0,0,0,0,0,0,0,0,0,0,0
baseline_all,03836,2026-09-08,0,0,0,0,0,0,0,0,0,0,0,0
baseline_all,03889,2026-09-08,0,0,0,0,0,0,0,0,0,0,0,0
baseline_all,09886,2026-09-08,0,0,0,0,0,0,0,0,0,0,0,0
