code5,name,total_appearances,distinct_runs,longest_gap_days,first_scan_date,last_scan_date,n_quarters,spans_quarters,n_years,spans_year,has_capital_action,fu_go,fu_rights,fu_placing,fu_consolidation,fu_cb,first_action_type,ret_t20,ret_t20_est,ret_t60,ret_t60_est
00018,東方傳媒集團,1,1,0,2026-07-31,2026-07-31,1,0,1,0,0,0,0,0,0,0,,-5.3333,0,,0
00021,大中華控股,8,6,143,2025-09-08,2026-08-31,4,1,2,1,0,0,0,0,0,0,,-12.7119,0,-16.9492,0
00022,茂盛控股,5,5,101,2025-08-05,2026-04-02,4,1,2,1,0,0,0,0,0,0,,-23.2558,0,-44.186,0
00036,遠東控股國際,2,1,1,2025-07-30,2025-07-31,1,0,1,0,0,0,0,0,0,0,,-44.2308,0,-48.0769,0
00037,遠東酒店實業,3,3,202,2025-12-16,2026-08-06,2,1,2,1,0,0,0,0,0,0,,10.3448,0,37.931,0
00040,金山科技工業,2,2,118,2025-10-28,2026-02-23,2,1,2,1,0,0,0,0,0,0,,7.1225,0,5.4131,0
00042,東北電氣,5,5,169,2025-07-21,2026-03-04,2,1,2,1,0,0,0,0,0,0,,-10.1449,0,-10.1449,0
00046,科聯系統,1,1,0,2025-08-27,2025-08-27,1,0,1,0,0,0,0,0,0,0,,-0.8721,0,-11.9186,0
00048,中國汽車內飾,6,5,48,2026-01-05,2026-05-11,2,1,1,0,0,0,0,0,0,0,,82.0988,0,54.321,0
00052,大快活集團,1,1,0,2026-03-11,2026-03-11,1,0,1,0,0,0,0,0,0,0,,-8.1081,0,-13.2883,0
00058,新威國際,2,1,1,2026-03-09,2026-03-10,1,0,1,0,0,0,0,0,0,0,,-3.4483,0,-13.7931,0
00060,香港食品投資,2,2,239,2025-08-19,2026-04-15,2,1,2,1,0,0,0,0,0,0,,0.0,0,-8.6957,0
00061,綠領控股,1,1,0,2025-07-23,2025-07-23,1,0,1,0,0,0,0,0,0,0,,-17.5926,0,-27.7778,0
00065,弘海高新資源,6,6,261,2025-08-27,2026-08-25,3,1,2,1,0,0,0,0,0,0,,-17.3469,0,-21.4286,0
00076,誼礫控股,4,4,124,2025-12-17,2026-08-25,4,1,2,1,0,0,0,0,0,0,,-16.6667,0,-17.1569,0
00077,進智公共交通,1,1,0,2026-08-06,2026-08-06,1,0,1,0,0,0,0,0,0,0,,-5.8824,0,,0
00078,富豪酒店,3,3,138,2025-09-10,2026-04-15,3,1,2,1,0,0,0,0,0,0,,1.5625,0,-14.0625,0
00079,世紀建業,1,1,0,2026-02-04,2026-02-04,1,0,1,0,0,0,0,0,0,0,,-32.8,0,-35.2,0
00082,瘋狂體育,1,1,0,2026-04-08,2026-04-08,1,0,1,0,0,0,0,0,0,0,,7.0588,0,-4.7059,0
00090,普星能量,3,3,214,2025-07-10,2026-05-12,3,1,2,1,0,0,0,0,0,0,,42.9864,0,0.0,0
00092,冠軍科技集團,6,6,117,2025-08-01,2026-08-17,4,1,2,1,1,0,0,1,0,0,PLACING,1.5544,0,-6.7358,0
00094,綠心集團,2,2,151,2025-09-11,2026-02-09,2,1,2,1,0,0,0,0,0,0,,-28.5714,0,-8.5714,0
00096,友成控股,2,2,70,2025-08-06,2025-10-15,2,1,1,0,0,0,0,0,0,0,,-4.7244,0,-12.5984,0
00097,恆基發展,4,4,175,2025-08-20,2026-05-20,3,1,2,1,0,0,0,0,0,0,,60.6061,0,18.1818,0
00104,冠亞商業,1,1,0,2025-07-21,2025-07-21,1,0,1,0,0,0,0,0,0,0,,16.6667,0,12.2549,0
00110,中國長遠,6,4,52,2026-04-10,2026-07-30,2,1,1,0,0,0,0,0,0,0,,27.2727,0,14.2857,0
00111,信達國際控股,1,1,0,2025-11-20,2025-11-20,1,0,1,0,0,0,0,0,0,0,,11.1111,0,104.4444,0
00114,興利集團,4,4,376,2025-07-02,2026-08-25,2,1,2,1,0,0,0,0,0,0,,2.0408,0,10.2041,0
00117,天利控股集團,2,1,1,2026-05-04,2026-05-05,1,0,1,0,0,0,0,0,0,0,,1319.0476,0,421.4286,0
00118,大同機械,2,2,42,2026-03-24,2026-05-05,2,1,1,0,0,0,0,0,0,0,,-2.5,0,7.5,0
00120,COSMOPOL INT'L,3,3,112,2025-07-30,2026-01-16,3,1,2,1,0,0,0,0,0,0,,-3.9062,0,-19.5313,0
00124,粵海置地,4,4,208,2025-08-01,2026-08-25,3,1,2,1,0,0,0,0,0,0,,-1.7857,0,-7.1429,0
00128,安寧控股,3,3,171,2025-12-23,2026-06-16,2,1,2,1,0,0,0,0,0,0,,8.6957,0,21.7391,0
00129,泛海集團,1,1,0,2026-03-17,2026-03-17,1,0,1,0,0,0,0,0,0,0,,-6.2201,0,-8.6124,0
00130,慕詩國際,3,3,206,2025-10-03,2026-06-10,2,1,2,1,1,0,0,0,0,1,CB,-40.0,0,-38.0,0
00131,卓能(集團),1,1,0,2026-01-22,2026-01-22,1,0,1,0,0,0,0,0,0,0,,11.6071,0,16.0714,0
00138,中建富通,1,1,0,2025-10-23,2025-10-23,1,0,1,0,0,0,0,0,0,0,,-14.9425,0,-21.8391,0
00139,小魚盈通,2,1,2,2026-06-30,2026-07-02,2,1,1,0,0,0,0,0,0,0,,-14.2857,0,,0
00145,信能低碳,9,8,62,2025-08-14,2026-07-28,5,1,2,1,1,0,1,0,0,0,RIGHTS,-8.2474,0,9.2784,0
00146,太平地氈,2,2,111,2025-10-15,2026-02-03,2,1,2,1,0,0,0,0,0,0,,4.7619,0,10.7143,0
00149,中國農產品交易,6,6,116,2025-07-10,2026-09-02,5,1,2,1,0,0,0,0,0,0,,43.9024,0,97.561,0
00150,HYPEBEAST,2,2,136,2025-12-01,2026-04-16,2,1,2,1,0,0,0,0,0,0,,-11.7647,0,-23.5294,0
00154,北京控股環境集團,1,1,0,2026-02-25,2026-02-25,1,0,1,0,0,0,0,0,0,0,,0.0,0,-22.2222,0
00156,力寶華潤,4,4,176,2025-08-04,2026-03-25,2,1,2,1,0,0,0,0,0,0,,4.2254,0,5.6338,0
00159,布萊克萬礦業,2,2,308,2025-07-18,2026-05-22,2,1,2,1,0,0,0,0,0,0,,67.4157,0,33.7079,0
00160,漢國置業,2,2,232,2026-01-06,2026-08-26,2,1,1,0,0,0,0,0,0,0,,1.0526,0,2.1053,0
00162,世紀金花,1,1,0,2026-05-22,2026-05-22,1,0,1,0,0,0,0,0,0,0,,-44.4444,0,-49.3827,0
00164,中國寶力科技,9,9,102,2025-10-14,2026-07-27,4,1,2,1,1,0,0,1,0,0,PLACING,-3.7037,0,-7.4074,0
00166,新時代集團控股,4,3,146,2025-08-13,2026-03-03,3,1,2,1,0,0,0,0,0,0,,-17.3077,0,-7.6923,0
00167,IDT INT'L,2,2,34,2025-08-13,2025-09-16,1,0,1,0,1,1,0,0,0,0,GO,-38.2812,0,,0
00169,萬達酒店發展,3,2,46,2026-03-23,2026-05-11,2,1,1,0,0,0,0,0,0,0,,-11.0,0,22.0,0
00171,銀建國際,3,3,35,2026-06-01,2026-07-23,2,1,1,0,0,0,0,0,0,0,,-20.0,0,-6.6667,0
00184,激成投資,6,6,196,2025-06-27,2026-06-23,4,1,2,1,0,0,0,0,0,0,,25.7009,0,11.215,0
00185,正商實業,3,3,364,2025-06-27,2026-07-22,3,1,2,1,0,0,0,0,0,0,,105.3333,0,78.6667,0
00188,新華匯富金融,1,1,0,2026-02-20,2026-02-20,1,0,1,0,0,0,0,0,0,0,,-7.4074,0,-7.4074,0
00191,麗新國際,4,4,103,2025-08-21,2026-04-15,4,1,2,1,0,0,0,0,0,0,,-3.3333,0,-3.3333,0
00193,冠中地產,6,5,133,2025-08-13,2026-04-13,3,1,2,1,0,0,0,0,0,0,,-6.1674,0,-13.6564,0
00197,亨泰,10,9,87,2025-07-17,2026-08-27,5,1,2,1,1,0,0,1,0,0,PLACING,57.563,0,97.479,0
00199,德祥地產,1,1,0,2025-09-12,2025-09-12,1,0,1,0,1,0,0,1,0,0,PLACING,52.2727,0,386.3636,0
00201,華大酒店,4,4,77,2026-02-23,2026-09-04,3,1,1,0,0,0,0,0,0,0,,-1.4286,0,-5.7143,0
00202,潤中國際控股,3,3,175,2025-07-21,2026-02-10,2,1,2,1,0,0,0,0,0,0,,256.3636,0,250.9091,0
00204,資本界金控,9,9,71,2025-09-11,2026-06-30,4,1,2,1,1,0,0,1,0,0,PLACING,-28.4314,0,-79.902,0
00205,BFB HEALTH,3,2,34,2025-10-28,2025-12-02,1,0,1,0,0,0,0,0,0,0,,12.6984,0,198.4127,0
00206,華商能源,4,4,325,2025-08-11,2026-08-10,2,1,2,1,0,0,0,0,0,0,,8.4337,0,4.4177,0
00209,萬維智能科技,5,5,190,2025-08-13,2026-07-17,4,1,2,1,1,0,1,0,0,0,RIGHTS,-26.5834,0,-28.6177,0
00210,達芙妮國際,7,7,97,2025-12-29,2026-08-19,4,1,2,1,0,0,0,0,0,0,,0.0,0,1.3158,0
00212,南洋集團,3,3,149,2025-07-11,2026-01-08,2,1,2,1,0,0,0,0,0,0,,1.2397,0,18.595,0
00213,樂聲電子,1,1,0,2025-07-24,2025-07-24,1,0,1,0,0,0,0,0,0,0,,-1.2821,0,-7.6923,0
00223,易生活控股,1,1,0,2026-02-24,2026-02-24,1,0,1,0,0,0,0,0,0,0,,-26.6667,0,-18.1818,0
00225,博富臨置業,2,2,38,2026-05-26,2026-07-03,2,1,1,0,0,0,0,0,0,0,,1.7274,0,3.071,0
00227,第一上海,3,3,165,2025-06-26,2026-05-11,3,1,2,1,0,0,0,0,0,0,,10.2564,0,-14.1026,0
00228,中能控股,2,2,131,2025-08-15,2025-12-24,2,1,1,0,1,1,0,0,0,0,GO,-5.4054,0,-6.0811,0
00229,利民實業,4,4,214,2025-08-25,2026-08-04,4,1,2,1,0,0,0,0,0,0,,3.4091,0,6.8182,0
00234,新世紀集團,1,1,0,2025-07-15,2025-07-15,1,0,1,0,0,0,0,0,0,0,,-3.0303,0,48.4848,0
00235,中策資本控股,2,2,305,2025-09-26,2026-07-28,2,1,2,1,0,0,0,0,0,0,,12.5,0,-6.25,0
00236,香港生力啤,3,3,359,2025-07-29,2026-08-31,2,1,2,1,0,0,0,0,0,0,,-9.6774,0,-9.6774,0
00237,安全貨倉,3,3,80,2025-06-27,2025-11-14,3,1,1,0,0,0,0,0,0,0,,7.2917,0,4.6875,0
00239,白花油,1,1,0,2026-08-26,2026-08-26,1,0,1,0,0,0,0,0,0,0,,,0,,0
00243,品質國際,9,9,91,2025-07-09,2026-07-22,5,1,2,1,0,0,0,0,0,0,,95.3125,0,131.7708,0
00244,先施,6,6,134,2025-08-12,2026-09-01,5,1,2,1,0,0,0,0,0,0,,2.9851,0,-7.4627,0
00248,香港通訊國際控股,3,3,51,2026-01-05,2026-03-18,1,0,1,0,0,0,0,0,0,0,,0.0,0,-8.9347,1
00254,國家聯合資源,8,6,156,2025-08-11,2026-08-27,4,1,2,1,0,0,0,0,0,0,,-34.7826,0,-28.2609,0
00256,冠城鐘表珠寶,1,1,0,2026-05-06,2026-05-06,1,0,1,0,0,0,0,0,0,0,,3.4483,0,-25.2874,0
00261,GBA集團,14,13,84,2025-07-16,2026-09-07,5,1,2,1,0,0,0,0,0,0,,-4.4118,0,-19.1176,0
00262,迪臣發展國際,1,1,0,2025-11-12,2025-11-12,1,0,1,0,0,0,0,0,0,0,,-1.9608,0,-19.6078,0
00265,港譽智慧城市服務,1,1,0,2025-10-06,2025-10-06,1,0,1,0,0,0,0,0,0,0,,1.6393,0,-19.6721,0
00266,天德地產,2,2,103,2025-08-08,2025-11-19,2,1,1,0,0,0,0,0,0,0,,1.0471,0,2.0942,0
00269,中國資源交通,3,3,125,2025-07-23,2026-03-23,3,1,2,1,0,0,0,0,0,0,,0.0,0,-9.0909,0
00276,蒙古能源,2,2,266,2025-08-06,2026-04-29,2,1,2,1,0,0,0,0,0,0,,-1.4493,0,24.6377,0
00279,裕承科金,7,6,109,2025-12-16,2026-08-18,4,1,2,1,1,0,0,1,0,0,PLACING,-3.1746,0,-15.873,0
00280,景福集團,4,4,182,2025-08-20,2026-06-29,3,1,2,1,0,0,0,0,0,0,,7.9121,0,17.8022,0
00294,長江制衣,1,1,0,2026-07-20,2026-07-20,1,0,1,0,0,0,0,0,0,0,,6.4516,0,,0
00295,江山控股,4,4,168,2025-08-28,2026-08-12,4,1,2,1,0,0,0,0,0,0,,-5.0,0,-15.0,0
00296,英皇娛樂酒店,2,2,43,2026-02-05,2026-03-20,1,0,1,0,0,0,0,0,0,0,,-7.4074,0,-16.2963,0
00298,莊士中國,1,1,0,2025-10-13,2025-10-13,1,0,1,0,0,0,0,0,0,0,,-2.5,0,-10.8333,0
00301,三和精化,7,7,82,2025-09-19,2026-06-01,4,1,2,1,0,0,0,0,0,0,,2.4,0,11.2,0
00306,冠忠巴士集團,1,1,0,2025-08-04,2025-08-04,1,0,1,0,0,0,0,0,0,0,,23.8095,0,21.6931,0
00309,新華通訊頻媒,2,2,120,2026-01-07,2026-05-07,2,1,1,0,1,0,0,1,1,0,PLACING,-4.6512,0,-20.9302,0
00310,嘉進投資國際,5,5,81,2025-12-23,2026-05-26,3,1,2,1,1,0,0,1,0,0,PLACING,0.0,0,2.2857,0
00312,歲寶百貨,1,1,0,2026-01-05,2026-01-05,1,0,1,0,0,0,0,0,0,0,,-11.4943,0,-44.8276,0
00314,思派健康,1,1,0,2026-06-01,2026-06-01,1,0,1,0,0,0,0,0,0,0,,1.5152,0,16.2879,0
00318,黃河實業,2,2,48,2026-03-17,2026-05-04,2,1,1,0,0,0,0,0,0,0,,-11.1111,0,5.5556,0
00320,金寶通,3,2,123,2025-07-02,2025-11-03,2,1,1,0,0,0,0,0,0,0,,3.7313,0,16.791,0
00328,ALCO HOLDINGS,7,7,187,2025-06-30,2026-09-04,5,1,2,1,1,0,1,0,0,0,RIGHTS,-2.139,0,34.5811,0
00329,東建國際,1,1,0,2026-07-16,2026-07-16,1,0,1,0,0,0,0,0,0,0,,5.848,0,,0
00330,思捷環球,1,1,0,2025-08-22,2025-08-22,1,0,1,0,0,0,0,0,0,0,,-15.6627,0,-32.5301,0
00332,元亨燃氣,3,2,24,2026-02-06,2026-03-03,1,0,1,0,0,0,0,0,0,0,,0.0,0,-26.087,0
00334,華顯光電,6,6,112,2025-07-18,2026-08-18,5,1,2,1,0,0,0,0,0,0,,61.9048,0,9.5238,0
00337,綠地香港,4,4,204,2025-07-10,2026-08-21,3,1,2,1,0,0,0,0,0,0,,-6.6667,0,-4.7059,0
00339,全球數字控股,3,3,148,2025-07-14,2025-12-23,2,1,1,0,0,0,0,0,0,0,,69.6429,0,7.1429,0
00343,文化傳信,4,4,51,2025-12-12,2026-04-30,3,1,2,1,1,0,0,1,0,0,PLACING,-15.4255,0,-15.9574,0
00346,延長石油國際,2,1,1,2026-03-02,2026-03-03,1,0,1,0,0,0,0,0,0,0,,-25.0,0,-46.7742,0
00348,中國智能健康,3,3,276,2025-07-25,2026-08-06,3,1,2,1,0,0,0,0,0,0,,10.8333,0,21.6667,0
00351,亞洲能源物流,6,6,105,2025-08-25,2026-06-18,4,1,2,1,0,0,0,0,0,0,,10.0,0,-1.6667,0
00352,富陽,3,3,19,2025-07-25,2025-08-27,1,0,1,0,0,0,0,0,0,0,,592.3077,0,,0
00353,能源國際投資,4,4,55,2026-03-17,2026-07-24,3,1,1,0,0,0,0,0,0,0,,27.6923,0,15.3846,0
00355,世紀城市國際,1,1,0,2026-06-12,2026-06-12,1,0,1,0,0,0,0,0,0,0,,-12.3288,0,1.3699,0
00356,鼎立資本,4,4,52,2026-02-24,2026-06-11,2,1,1,0,1,0,0,1,1,0,PLACING,-15.7155,0,-23.6172,0
00360,新焦點,2,2,293,2025-11-18,2026-09-07,2,1,2,1,0,0,0,0,0,0,,0.0,0,-14.2857,0
00361,漢成發展控股,3,3,29,2025-08-08,2025-09-24,1,0,1,0,1,1,0,0,0,0,GO,-40.3846,0,111.5385,0
00365,芯成科技,5,5,103,2025-07-17,2026-03-02,3,1,2,1,0,0,0,0,0,0,,4.9383,0,56.3786,0
00366,陸氏集團(越南),2,2,62,2026-06-12,2026-08-13,2,1,1,0,0,0,0,0,0,0,,-1.2346,0,3.7037,0
00367,莊士機構國際,5,5,69,2025-10-30,2026-04-15,3,1,2,1,0,0,0,0,0,0,,-8.8235,0,-1.4706,0
00368,德合集團,2,2,56,2026-03-27,2026-05-22,2,1,1,0,1,1,0,0,0,0,GO,-1.2821,0,212.8205,0
00370,港仔機器人,1,1,0,2026-08-28,2026-08-28,1,0,1,0,0,0,0,0,0,0,,,0,,0
00377,中國華君,3,2,20,2026-08-03,2026-08-24,1,0,1,0,0,0,0,0,0,0,,86.9565,0,,0
00379,恆嘉融資租賃,5,4,90,2025-09-17,2026-04-23,4,1,2,1,0,0,0,0,0,0,,-23.8095,0,-31.4286,0
00380,中國管業,4,4,290,2025-07-21,2026-07-31,3,1,2,1,0,0,0,0,0,0,,-8.427,0,-21.3483,0
00381,權識國際,7,6,74,2025-07-11,2026-04-22,4,1,2,1,1,0,0,0,0,1,CB,-29.0323,0,-43.5484,0
00383,天安卓健,1,1,0,2025-08-18,2025-08-18,1,0,1,0,0,0,0,0,0,0,,-2.1739,0,8.6957,0
00385,建聯集團,1,1,0,2026-06-03,2026-06-03,1,0,1,0,0,0,0,0,0,0,,-1.7241,0,-12.069,0
00387,力豐(集團),2,2,260,2025-08-04,2026-04-21,2,1,2,1,0,0,0,0,0,0,,23.4375,0,0.0,0
00391,美亞娛樂資訊,3,3,218,2025-10-15,2026-07-29,3,1,2,1,0,0,0,0,0,0,,-11.6071,0,-12.5,0
00396,興利(香港)控股,4,4,61,2026-02-11,2026-05-27,2,1,1,0,0,0,0,0,0,0,,107.0312,0,192.9688,0
00397,嬴集團,4,4,143,2025-10-03,2026-08-17,4,1,2,1,0,0,0,0,0,0,,2.2727,0,-2.2727,0
00399,星太鏈集團,6,6,138,2025-07-02,2026-04-29,4,1,2,1,0,0,0,0,0,0,,153.8462,0,48.0769,0
00401,萬嘉集團,4,4,146,2025-11-07,2026-06-09,2,1,2,1,1,0,1,0,0,0,RIGHTS,-13.2231,0,-14.876,0
00413,南華集團控股,3,3,77,2025-06-30,2025-11-04,3,1,1,0,0,0,0,0,0,0,,6.4516,0,12.9032,0
00417,謝瑞麟,6,5,149,2025-07-22,2026-06-22,3,1,2,1,0,0,0,0,0,0,,69.1176,0,83.8235,0
00419,弘毅文化集團,3,3,198,2025-07-09,2026-07-30,3,1,2,1,1,0,0,1,1,0,CONSOLIDATION,76.9231,0,43.5897,0
00420,福田實業,5,5,249,2025-08-04,2026-08-27,3,1,2,1,0,0,0,0,0,0,,8.726,0,5.2356,0
00422,越南制造加工出口,1,1,0,2025-10-22,2025-10-22,1,0,1,0,0,0,0,0,0,0,,0.0,0,-11.6667,0
00423,經濟日報集團,5,5,124,2025-08-06,2026-06-03,4,1,2,1,0,0,0,0,0,0,,6.4935,0,2.5974,0
00426,萬華媒體,5,5,71,2025-11-12,2026-06-12,3,1,2,1,0,0,0,0,0,0,,-21.9858,0,-45.3901,0
00428,中國天弓控股,6,6,98,2025-07-23,2026-05-15,4,1,2,1,0,0,0,0,0,0,,11.5385,0,-12.3077,0
00432,盈大地產,2,2,105,2025-10-31,2026-02-13,2,1,2,1,0,0,0,0,0,0,,0.5051,0,0.5051,0
00433,北方礦業,1,1,0,2025-07-25,2025-07-25,1,0,1,0,0,0,0,0,0,0,,108.3333,0,122.2222,0
00438,彩虹新能源,2,2,218,2025-09-08,2026-04-14,2,1,2,1,0,0,0,0,0,0,,-18.0,0,-30.6667,0
00442,域能控股,8,8,104,2025-08-13,2026-06-22,4,1,2,1,1,0,1,0,0,0,RIGHTS,14.1176,0,-5.5294,0
00450,鴻興印刷集團,3,3,140,2025-11-25,2026-08-27,3,1,2,1,0,0,0,0,0,0,,1.1765,0,0.0,0
00456,新城市建設發展,4,3,260,2025-08-27,2026-07-24,3,1,2,1,0,0,0,0,0,0,,-9.0909,0,-10.0,0
00458,聯亞集團,1,1,0,2026-03-18,2026-03-18,1,0,1,0,0,0,0,0,0,0,,-2.6042,0,-21.3542,0
00464,中國智能科技,1,1,0,2026-06-11,2026-06-11,1,0,1,0,0,0,0,0,0,0,,2.381,0,-13.6905,0
00465,富通科技,5,3,137,2025-10-22,2026-05-06,2,1,2,1,0,0,0,0,0,0,,23.913,0,45.6522,0
00471,中播數據,5,5,134,2025-10-06,2026-08-21,4,1,2,1,1,0,1,0,0,0,RIGHTS,-27.9823,0,-23.5641,0
00472,新絲路控股集團,1,1,0,2025-10-28,2025-10-28,1,0,1,0,0,0,0,0,0,0,,62.1622,0,86.4865,0
00474,信銘生命科技,2,2,58,2025-07-15,2025-09-11,1,0,1,0,0,0,0,0,0,0,,-20.0,0,192.0,0
00476,科軒動力控股,4,3,252,2025-07-10,2026-04-17,2,1,2,1,1,0,0,1,0,0,PLACING,15.2542,0,83.0508,0
00482,聖馬丁國際,2,2,27,2026-04-14,2026-05-11,1,0,1,0,0,0,0,0,0,0,,-6.4103,0,-21.7949,0
00484,雲遊控股,1,1,0,2026-03-13,2026-03-13,1,0,1,0,0,0,0,0,0,0,,-18.4783,0,-22.8261,0
00487,實德環球,3,3,208,2025-08-26,2026-06-17,3,1,2,1,0,0,0,0,0,0,,-2.8986,0,-57.2464,0
00488,麗新發展,4,4,142,2025-07-09,2026-01-13,3,1,2,1,0,0,0,0,0,0,,6.0606,0,-6.0606,0
00491,英皇文化產業,1,1,0,2025-09-16,2025-09-16,1,0,1,0,0,0,0,0,0,0,,-9.3023,0,-18.6047,0
00496,卡森國際,1,1,0,2025-06-30,2025-06-30,1,0,1,0,0,0,0,0,0,0,,11.1111,0,16.6667,0
00498,藍河控股,2,2,259,2025-08-11,2026-04-27,2,1,2,1,0,0,0,0,0,0,,-33.0317,0,-16.2896,0
00499,青島控股,1,1,0,2026-04-24,2026-04-24,1,0,1,0,0,0,0,0,0,0,,-10.1942,0,-8.2524,0
00500,先豐服務集團,2,2,201,2025-07-25,2026-02-11,2,1,2,1,0,0,0,0,0,0,,-16.3636,0,-21.8182,0
00505,興業合金,1,1,0,2026-08-28,2026-08-28,1,0,1,0,0,0,0,0,0,0,,,0,,0
00508,鼎億集團投資,2,2,35,2026-01-19,2026-02-23,1,0,1,0,0,0,0,0,0,0,,43.1579,0,26.3158,0
00510,時富金融服務集團,6,5,109,2025-06-26,2026-04-13,5,1,2,1,0,0,0,0,0,0,,35.5932,0,69.4915,0
00515,中華銀科技,2,2,42,2025-07-07,2025-08-18,1,0,1,0,0,0,0,0,0,0,,16.2162,0,-51.8919,0
00518,同得仕(集團),2,2,309,2025-07-03,2026-05-08,2,1,2,1,0,0,0,0,0,0,,0.0,0,9.5477,0
00519,諾科達科技,7,7,84,2025-08-26,2026-07-03,5,1,2,1,0,0,0,0,0,0,,78.7402,0,83.4646,0
00520,呷哺呷哺,2,2,87,2026-05-19,2026-08-14,2,1,1,0,0,0,0,0,0,0,,-19.7368,0,-26.3158,0
00524,長城天下,6,4,197,2025-09-11,2026-05-26,3,1,2,1,0,0,0,0,0,0,,-7.0423,0,-18.3099,0
00526,利時集團控股,3,3,98,2025-11-17,2026-04-09,3,1,2,1,0,0,0,0,0,0,,-11.3402,0,-10.3093,0
00527,瑞風綠能智算,1,1,0,2025-08-21,2025-08-21,1,0,1,0,0,0,0,0,0,0,,48.1481,0,82.716,0
00528,金達控股,7,7,192,2025-08-12,2026-07-20,4,1,2,1,0,0,0,0,0,0,,7.8431,0,3.9216,0
00529,新龍國際,2,2,373,2025-08-27,2026-09-04,2,1,2,1,0,0,0,0,0,0,,-17.5589,0,-15.4176,0
00532,王氏港建,6,6,155,2025-07-10,2026-06-04,3,1,2,1,0,0,0,0,0,0,,1.6667,0,-1.6667,0
00536,貿易通,1,1,0,2026-03-25,2026-03-25,1,0,1,0,0,0,0,0,0,0,,5.9701,0,9.4527,0
00538,味千(中國),1,1,0,2026-09-07,2026-09-07,1,0,1,0,0,0,0,0,0,0,,,0,,0
00542,中國文旅農業,1,1,0,2025-09-01,2025-09-01,1,0,1,0,0,0,0,0,0,0,,96.1039,0,123.3766,0
00544,大同集團,7,5,215,2025-07-24,2026-07-27,3,1,2,1,1,0,0,1,0,0,PLACING,12.6984,0,59.5238,0
00550,律齊文化,3,3,55,2026-01-21,2026-05-04,2,1,1,0,0,0,0,0,0,0,,27.0161,0,258.871,0
00554,漢思集團控股,5,5,81,2026-01-06,2026-06-18,2,1,1,0,0,0,0,0,0,0,,3.653,0,-8.6758,0
00556,泛亞環保,3,3,73,2025-08-18,2025-12-15,2,1,1,0,0,0,0,0,0,0,,-10.9375,0,-14.0625,0
00557,天元醫療,1,1,0,2026-03-04,2026-03-04,1,0,1,0,0,0,0,0,0,0,,-23.3871,0,-22.5806,0
00559,德泰新能源集團,5,4,116,2025-07-16,2026-03-26,3,1,2,1,0,0,0,0,0,0,,17.1598,0,12.426,0
00567,金安智能,2,2,32,2026-02-20,2026-03-24,1,0,1,0,0,0,0,0,0,0,,44.5087,0,105.2023,0
00571,豐德麗控股,2,2,20,2025-10-23,2025-11-12,1,0,1,0,0,0,0,0,0,0,,0.0,0,-2.1277,0
00572,未來世界控股,2,2,55,2025-08-06,2025-09-30,1,0,1,0,0,0,0,0,0,0,,2.1277,0,8.5106,0
00573,稻香控股,2,2,46,2026-02-05,2026-03-23,1,0,1,0,0,0,0,0,0,0,,-4.8387,0,-11.2903,0
00574,百信國際,2,2,50,2025-07-28,2025-09-16,1,0,1,0,0,0,0,0,0,0,,-24.0,0,-16.0,0
00575,勵晶太平洋,2,2,196,2025-12-03,2026-06-17,2,1,2,1,0,0,0,0,0,0,,-6.5421,0,-15.8879,0
00582,神話世界,8,8,109,2025-06-30,2026-07-30,6,1,2,1,1,0,1,0,0,0,RIGHTS,-8.209,0,-8.9552,0
00583,長城環亞控股,5,5,172,2025-07-04,2026-06-15,4,1,2,1,0,0,0,0,0,0,,-2.1739,0,-4.3478,0
00585,意力國際(五百),2,1,3,2025-08-08,2025-08-11,1,0,1,0,0,0,0,0,0,0,,27.1429,0,18.5714,0
00587,海螺環保,1,1,0,2026-07-16,2026-07-16,1,0,1,0,0,0,0,0,0,0,,-5.2632,0,,0
00591,中國高精密,3,3,92,2025-11-13,2026-05-06,3,1,2,1,0,0,0,0,0,0,,-17.8082,0,0.0,0
00595,先思行,3,3,161,2025-10-08,2026-04-23,3,1,2,1,0,0,0,0,0,0,,-9.0909,0,-9.0909,0
00601,稀鎂科技,3,3,314,2025-07-10,2026-08-24,3,1,2,1,0,0,0,0,0,0,,-11.1111,0,-2.2222,0
00602,佳華百貨控股,3,3,185,2025-07-22,2026-01-30,2,1,2,1,0,0,0,0,0,0,,39.5833,0,16.6667,0
00605,中國金融投資管理,3,3,113,2026-01-06,2026-06-03,2,1,1,0,0,0,0,0,0,0,,-10.5263,0,-20.0,0
00606,中駿商管,3,3,134,2026-01-29,2026-08-07,2,1,1,0,0,0,0,0,0,0,,-13.8889,0,-23.6111,0
00607,豐盛控股,2,2,147,2025-08-25,2026-01-19,2,1,2,1,1,0,0,1,0,0,PLACING,,0,-50.9859,0
00608,達利國際,1,1,0,2026-04-01,2026-04-01,1,0,1,0,0,0,0,0,0,0,,10.0457,0,8.6758,0
00610,惠記集團,5,5,204,2025-07-08,2026-06-22,3,1,2,1,0,0,0,0,0,0,,13.6364,0,13.6364,0
00611,中國核能科技,1,1,0,2025-07-21,2025-07-21,1,0,1,0,0,0,0,0,0,0,,8.6957,0,39.1304,0
00616,財富鏈,4,4,239,2025-09-01,2026-06-30,3,1,2,1,1,0,0,1,0,1,CB,58.0645,0,90.3226,0
00617,百利保控股,2,2,295,2025-09-10,2026-07-02,2,1,2,1,0,0,0,0,0,0,,-11.1111,0,-26.3889,0
00618,北大資源,2,2,184,2025-11-24,2026-05-27,2,1,2,1,0,0,0,0,0,0,,-15.0,0,7.2727,0
00619,南華金融,4,3,62,2025-07-11,2025-11-12,2,1,1,0,0,0,0,0,0,0,,-35.5556,0,-33.3333,0
00620,大唐西市,6,5,125,2025-07-08,2026-03-20,3,1,2,1,1,0,0,0,0,1,CB,89.7436,0,323.0769,0
00627,共生智築,5,4,151,2025-08-11,2026-04-01,3,1,2,1,0,0,0,0,0,0,,46.1538,0,-13.8462,0
00630,雋泰控股,4,4,80,2025-06-30,2025-12-29,3,1,1,0,0,0,0,0,0,0,,9.2593,0,27.7778,0
00632,中港石油,2,1,1,2026-03-02,2026-03-03,1,0,1,0,1,0,0,1,0,0,PLACING,-34.1667,0,-55.8333,0
00635,彩星集團,2,2,108,2026-03-16,2026-07-02,2,1,1,0,0,0,0,0,0,0,,8.5106,0,2.1277,0
00637,利記,3,3,168,2025-08-13,2026-05-06,3,1,2,1,0,0,0,0,0,0,,-10.917,0,-23.5808,0
00640,星謙發展,3,3,83,2025-12-30,2026-05-11,3,1,2,1,0,0,0,0,0,0,,12.5108,0,5.7377,0
00641,中國恆天立信國際,1,1,0,2026-04-21,2026-04-21,1,0,1,0,0,0,0,0,0,0,,25.3521,0,1.4085,0
00643,恆富控股,2,2,349,2025-07-31,2026-07-15,2,1,2,1,1,1,0,0,0,0,GO,-1.1236,0,0.0,0
00645,安域亞洲,1,1,0,2025-07-23,2025-07-23,1,0,1,0,0,0,0,0,0,0,,-8.046,0,-25.8621,0
00646,中國環保科技,2,1,1,2026-09-01,2026-09-02,1,0,1,0,0,0,0,0,0,0,,,0,,0
00648,京玖康療,4,2,66,2026-02-16,2026-04-30,2,1,1,0,1,0,0,1,1,0,PLACING,48.6486,0,439.7297,1
00653,卓悅控股,6,6,107,2025-08-14,2026-09-02,4,1,2,1,1,0,0,1,0,0,PLACING,-21.0084,0,-40.3361,0
00655,香港華人有限公司,1,1,0,2026-04-27,2026-04-27,1,0,1,0,0,0,0,0,0,0,,22.2222,0,36.5079,0
00657,環科國際,2,2,342,2025-07-03,2026-06-10,2,1,2,1,0,0,0,0,0,0,,-3.5714,0,10.7143,0
00660,瑋俊生物科技,5,4,242,2025-08-14,2026-08-26,3,1,2,1,0,0,0,0,0,0,,-25.1046,0,-17.9916,0
00672,眾安集團,8,8,78,2025-10-14,2026-09-02,4,1,2,1,0,0,0,0,0,0,,-5.1471,0,-11.7647,0
00673,中國衛生集團,3,3,280,2025-07-07,2026-05-07,2,1,2,1,0,0,0,0,0,0,,108.4249,0,70.3297,0
00677,金源發展國際實業,2,2,177,2025-10-15,2026-04-10,2,1,2,1,0,0,0,0,0,0,,1.4749,0,3.2448,0
00679,亞洲聯網科技,5,4,162,2025-07-22,2026-04-15,4,1,2,1,0,0,0,0,0,0,,4.3011,0,0.0,0
00681,中民控股,4,4,88,2025-11-13,2026-05-28,3,1,2,1,0,0,0,0,0,0,,-10.8108,0,-5.4054,0
00682,超大現代,2,2,78,2025-09-15,2025-12-02,2,1,1,0,1,0,0,1,0,0,PLACING,-12.8571,0,-18.5714,0
00684,亞倫國際,2,2,23,2025-09-22,2025-10-15,2,1,1,0,0,0,0,0,0,0,,-8.6207,0,-5.1724,0
00685,世界華文媒體,1,1,0,2025-11-12,2025-11-12,1,0,1,0,0,0,0,0,0,0,,-18.0,0,-16.8,0
00689,長盈集團(控股),5,5,175,2025-08-22,2026-07-09,4,1,2,1,1,0,1,0,0,0,RIGHTS,0.0,0,10.7383,0
00690,聯康生物科技集團,1,1,0,2026-03-17,2026-03-17,1,0,1,0,0,0,0,0,0,0,,-15.6522,0,-23.4783,0
00698,通達集團,3,3,175,2025-12-24,2026-07-31,3,1,2,1,0,0,0,0,0,0,,-7.3529,0,-23.5294,0
00701,北海集團,1,1,0,2026-04-22,2026-04-22,1,0,1,0,0,0,0,0,0,0,,-42.5641,0,-46.6667,0
00704,和嘉控股,5,4,66,2025-09-01,2026-01-13,3,1,2,1,0,0,0,0,0,0,,-75.1152,0,-16.129,0
00711,亞洲聯合基建控股,2,2,230,2025-12-19,2026-08-06,2,1,2,1,0,0,0,0,0,0,,0.0,0,0.0,0
00712,卡姆丹克太陽能,3,3,61,2025-07-03,2025-09-05,1,0,1,0,0,0,0,0,0,0,,0.0,0,41.8367,0
00713,世界(集團),2,2,134,2025-11-04,2026-03-18,2,1,2,1,0,0,0,0,0,0,,-8.8889,0,-7.7778,0
00718,太和控股,2,2,39,2025-07-11,2025-08-19,1,0,1,0,0,0,0,0,0,0,,18.4211,0,60.5263,0
00720,意達利控股,1,1,0,2025-07-28,2025-07-28,1,0,1,0,0,0,0,0,0,0,,1.3423,0,21.4765,0
00721,中國金融國際,3,2,90,2025-12-12,2026-03-13,2,1,2,1,1,0,0,1,1,0,PLACING,-8.9286,0,23.2143,0
00723,信保環球控股,5,5,215,2025-08-04,2026-06-15,2,1,2,1,0,0,0,0,0,0,,-23.75,0,-38.125,0
00725,恆都集團,3,3,258,2025-08-20,2026-06-05,2,1,2,1,0,0,0,0,0,0,,-8.642,0,-9.8765,0
00726,築友智造科技,4,3,202,2025-09-24,2026-05-14,3,1,2,1,0,0,0,0,0,0,,-14.5833,0,-16.6667,0
00727,中國豐匯,4,4,200,2025-08-04,2026-08-17,4,1,2,1,1,0,1,0,0,0,RIGHTS,0.3822,0,-5.3503,0
00730,首惠產業金融,3,3,293,2025-07-29,2026-07-15,2,1,2,1,0,0,0,0,0,0,,4.2735,0,4.2735,0
00731,建發新勝,3,3,121,2025-10-06,2026-03-26,2,1,2,1,0,0,0,0,0,0,,10.5263,0,13.6842,0
00733,合富輝煌,1,1,0,2025-11-17,2025-11-17,1,0,1,0,0,0,0,0,0,0,,-35.1064,0,-42.5532,0
00736,中國置業投資,5,5,252,2025-07-09,2026-08-26,3,1,2,1,0,0,0,0,0,0,,-2.6455,0,407.9365,0
00738,萊爾斯丹,2,2,129,2026-03-16,2026-07-23,2,1,1,0,0,0,0,0,0,0,,1.5385,0,-15.3846,0
00745,中國國家文化產業,2,2,135,2025-12-15,2026-04-29,2,1,2,1,0,0,0,0,0,0,,-5.4054,0,-8.1081,0
00747,沈陽公用發展股份,6,6,125,2025-07-22,2026-03-25,3,1,2,1,0,0,0,0,0,0,,26.2295,0,22.9508,0
00750,水發興業能源,2,2,319,2025-09-05,2026-07-21,2,1,2,1,0,0,0,0,0,0,,-8.0645,0,-22.9032,0
00756,森美控股,2,2,353,2025-09-16,2026-09-04,2,1,2,1,0,0,0,0,0,0,,-25.0,0,-30.8333,0
00757,陽光能源,5,4,150,2025-07-02,2026-06-04,3,1,2,1,0,0,0,0,0,0,,14.8148,0,29.6296,0
00759,CEC國際,1,1,0,2025-07-22,2025-07-22,1,0,1,0,0,0,0,0,0,0,,-26.087,0,-41.3043,0
00764,永恆策略,1,1,0,2026-03-12,2026-03-12,1,0,1,0,0,0,0,0,0,0,,-10.7143,0,-46.4286,0
00767,中基長壽科學,4,3,378,2025-07-22,2026-08-19,2,1,2,1,1,0,0,0,0,1,CB,27.451,0,9.8039,0
00771,自動系統,2,2,185,2025-09-22,2026-03-26,2,1,2,1,0,0,0,0,0,0,,-12.9412,0,-21.1765,0
00776,帝國科技集團,11,11,88,2025-07-30,2026-07-21,5,1,2,1,1,0,0,1,0,0,PLACING,4.8364,0,66.4296,0
00784,愛生命國際,7,6,63,2025-08-07,2026-04-15,4,1,2,1,0,0,0,0,0,0,,-32.5843,0,60.6742,0
00789,雅天妮集團,3,3,206,2025-06-30,2026-04-16,3,1,2,1,0,0,0,0,0,0,,8.0645,0,33.871,0
00804,鼎石資本,3,3,372,2025-07-15,2026-07-29,2,1,2,1,1,0,0,1,0,0,PLACING,6.9541,0,42.9068,0
00805,新吉奧房車,1,1,0,2025-12-19,2025-12-19,1,0,1,0,0,0,0,0,0,0,,12.8713,0,11.8812,0
00809,大成生化科技,1,1,0,2026-06-23,2026-06-23,1,0,1,0,0,0,0,0,0,0,,5.2632,1,,0
00810,中國鑄晨81,5,5,130,2025-08-11,2026-07-27,5,1,2,1,1,0,1,1,0,0,PLACING,0.885,0,1.7699,0
00814,北京京客隆,2,2,286,2025-07-23,2026-05-05,2,1,2,1,0,0,0,0,0,0,,6.7797,0,10.1695,0
00821,匯盈控股,4,4,210,2025-08-08,2026-08-20,4,1,2,1,0,0,0,0,0,0,,-9.872,0,-17.7331,0
00822,嘉瑞國際,4,4,88,2025-09-11,2026-05-05,4,1,2,1,0,0,0,0,0,0,,9.375,0,21.875,0
00825,新世界百貨中國,3,3,199,2025-08-07,2026-08-06,3,1,2,1,0,0,0,0,0,0,,-11.7647,0,-11.7647,0
00827,玖源集團,5,5,104,2025-08-26,2026-06-11,4,1,2,1,0,0,0,0,0,0,,-23.6842,0,-15.7895,0
00828,王朝酒業,2,2,288,2025-08-12,2026-05-27,2,1,2,1,0,0,0,0,0,0,,0.0,0,-11.6667,0
00829,神冠控股,4,4,214,2025-08-15,2026-05-13,3,1,2,1,0,0,0,0,0,0,,13.7255,0,5.8824,0
00831,利亞零售,4,4,163,2025-09-01,2026-08-17,3,1,2,1,0,0,0,0,0,0,,0.0,0,-1.6667,0
00832,建業地產,1,1,0,2025-08-11,2025-08-11,1,0,1,0,0,0,0,0,0,0,,0.0,0,-19.802,0
00833,華訊,4,4,273,2025-07-10,2026-08-18,3,1,2,1,0,0,0,0,0,0,,12.8205,0,56.4103,0
00834,盛融控股,3,3,61,2025-10-24,2026-01-19,2,1,2,1,0,0,0,0,0,0,,-10.0,0,-36.6667,0
00840,天業節水,1,1,0,2025-07-22,2025-07-22,1,0,1,0,0,0,0,0,0,0,,-3.2407,0,-13.8889,0
00841,木薯資源,4,4,183,2025-11-24,2026-06-24,2,1,2,1,0,0,0,0,0,0,,56.5934,0,7.6923,0
00844,廣泰國際控股,3,3,97,2025-08-18,2026-01-22,3,1,2,1,0,0,0,0,0,0,,11.1111,0,100.0,0
00848,茂業國際,4,4,56,2025-08-21,2025-12-10,2,1,1,0,0,0,0,0,0,0,,4.6512,0,-7.7519,0
00851,盛源控股,3,3,20,2026-01-08,2026-02-12,1,0,1,0,0,0,0,0,0,0,,17.4603,0,-39.6825,0
00854,威雅利,3,3,118,2025-12-03,2026-04-30,3,1,2,1,0,0,0,0,0,0,,1.0435,0,-14.9565,0
00858,精優藥業,3,3,151,2025-07-21,2026-01-13,2,1,2,1,0,0,0,0,0,0,,0.7692,0,-23.0769,0
00860,APOLLO出行,1,1,0,2025-11-24,2025-11-24,1,0,1,0,0,0,0,0,0,0,,-2.7027,0,-9.4595,0
00862,遠見控股,4,3,217,2025-09-10,2026-08-27,3,1,2,1,0,0,0,0,0,0,,-15.3846,0,-13.4615,0
00865,建德國際控股,6,6,120,2025-08-05,2026-06-03,4,1,2,1,0,0,0,0,0,0,,0.0,0,0.0,0
00869,彩星玩具,3,3,176,2025-11-06,2026-06-18,2,1,2,1,0,0,0,0,0,0,,-3.7037,0,-25.0,0
00871,中國疏浚環保,1,1,0,2025-07-16,2025-07-16,1,0,1,0,0,0,0,0,0,0,,1.3889,0,-19.4444,0
00875,從玉智農,3,3,307,2025-07-21,2026-07-21,2,1,2,1,0,0,0,0,0,0,,-9.8765,0,141.9753,0
00876,佳兆業健康,3,2,49,2025-07-28,2025-09-16,1,0,1,0,0,0,0,0,0,0,,14.2857,0,180.9524,0
00888,鏈信控股,2,2,204,2025-08-27,2026-03-19,2,1,2,1,0,0,0,0,0,0,,3.0928,0,-15.4639,0
00889,連達科技控股,6,5,221,2025-08-14,2026-08-17,3,1,2,1,0,0,0,0,0,0,,-3.2258,0,12.9032,0
00893,中國鐵鈦,4,4,88,2025-07-02,2026-01-02,3,1,2,1,0,0,0,0,0,0,,14.6667,0,10.6667,0
00894,萬裕科技,5,4,196,2025-08-18,2026-05-15,3,1,2,1,0,0,0,0,0,0,,15.4639,0,69.0722,0
00897,位元堂,5,5,160,2025-09-17,2026-08-31,4,1,2,1,0,0,0,0,0,0,,-2.2222,0,-12.2222,0
00898,萬事昌國際,1,1,0,2025-08-08,2025-08-08,1,0,1,0,0,0,0,0,0,0,,-6.422,0,-12.844,0
00899,中加國信,5,5,153,2025-07-08,2026-06-18,3,1,2,1,1,0,1,0,0,0,RIGHTS,-7.717,0,-45.3376,0
00905,胡桃資本,2,2,127,2026-04-09,2026-08-14,2,1,1,0,0,0,0,0,0,0,,-70.2899,0,-76.9565,0
00907,高雅光學,4,4,65,2025-09-22,2026-02-11,3,1,2,1,0,0,0,0,0,0,,31.7073,0,21.9512,0
00910,中國三迪,3,3,21,2026-07-31,2026-09-01,1,0,1,0,1,0,0,0,1,0,CONSOLIDATION,-25.0,0,,0
00911,前海健康,2,1,3,2026-04-24,2026-04-27,1,0,1,0,0,0,0,0,0,0,,70.7317,0,56.0976,0
00913,港灣數字,4,4,173,2025-10-14,2026-08-31,3,1,2,1,0,0,0,0,0,0,,-6.5574,0,-6.5574,0
00915,道和環球,2,2,22,2025-10-28,2025-11-19,1,0,1,0,0,0,0,0,0,0,,-20.339,0,-3.3898,0
00918,龍翼航空科技,7,5,127,2025-09-17,2026-04-09,3,1,2,1,0,0,0,0,0,0,,-3.3898,0,0.0,0
00919,現代健康科技,1,1,0,2026-01-20,2026-01-20,1,0,1,0,0,0,0,0,0,0,,-12.2642,0,-24.5283,0
00922,安賢園中國,1,1,0,2025-11-10,2025-11-10,1,0,1,0,0,0,0,0,0,0,,-7.6923,0,-17.4825,0
00923,綜合環保集團,3,3,346,2025-09-12,2026-09-03,2,1,2,1,0,0,0,0,0,0,,50.0,0,42.8571,0
00924,坤集團,3,3,126,2025-08-12,2026-01-09,2,1,2,1,0,0,0,0,0,0,,-7.8125,0,-68.4375,0
00926,碧生源,1,1,0,2025-08-26,2025-08-26,1,0,1,0,0,0,0,0,0,0,,-3.8462,0,-16.4336,0
00927,富士高實業,3,3,154,2025-06-30,2026-01-19,3,1,2,1,0,0,0,0,0,0,,3.1746,0,9.5238,0
00928,帝王國際投資,3,3,211,2025-11-06,2026-07-29,2,1,2,1,0,0,0,0,0,0,,2.2989,0,27.5862,0
00929,國際精密,5,5,230,2025-08-15,2026-06-08,2,1,2,1,0,0,0,0,0,0,,33.1754,0,87.6777,0
00932,順騰國際控股,3,3,131,2025-09-15,2026-03-23,3,1,2,1,0,0,0,0,0,0,,-21.4286,0,-11.9048,0
00936,佳兆業資本,8,7,90,2025-09-18,2026-08-13,5,1,2,1,0,0,0,0,0,0,,-20.5882,0,-22.549,0
00938,民生國際,5,5,148,2025-08-15,2026-05-07,4,1,2,1,0,0,0,0,0,0,,-27.8481,0,-36.7089,0
00943,中證國際,2,2,175,2025-07-14,2026-01-05,2,1,2,1,1,0,0,1,0,0,PLACING,27.6042,0,18.75,0
00947,摩比發展,4,3,196,2025-08-12,2026-04-23,3,1,2,1,0,0,0,0,0,0,,-4.2424,0,-4.2424,0
00948,阿爾法企業-一萬,1,1,0,2025-11-14,2025-11-14,1,0,1,0,1,0,0,1,0,0,PLACING,-12.069,0,13.7931,0
00950,李氏大藥廠,1,1,0,2026-08-27,2026-08-27,1,0,1,0,0,0,0,0,0,0,,,0,,0
00953,邵氏兄弟控股,3,3,167,2025-07-02,2026-01-22,2,1,2,1,0,0,0,0,0,0,,18.0645,0,83.871,0
00954,常茂生物,1,1,0,2026-03-31,2026-03-31,1,0,1,0,0,0,0,0,0,0,,-8.5714,0,-18.5714,0
00969,華聯國際,8,6,238,2025-07-18,2026-07-02,3,1,2,1,0,0,0,0,0,0,,-2.9762,0,-17.8571,0
00970,新耀萊,11,9,115,2025-07-03,2026-08-31,5,1,2,1,0,0,0,0,0,0,,5.4545,0,1.8182,0
00974,中國順客隆,1,1,0,2025-08-14,2025-08-14,1,0,1,0,0,0,0,0,0,0,,-17.3913,0,-11.5942,0
00979,綠色能源科技集團,3,3,273,2025-10-09,2026-09-07,2,1,2,1,0,0,0,0,0,0,,-28.0,0,-5.0,0
00980,聯華超市,1,1,0,2026-08-20,2026-08-20,1,0,1,0,0,0,0,0,0,0,,,0,,0
00984,永旺,1,1,0,2025-07-22,2025-07-22,1,0,1,0,0,0,0,0,0,0,,0.0,0,-17.3469,0
00986,杜甫酒業集團,2,2,155,2025-11-10,2026-04-14,2,1,2,1,0,0,0,0,0,0,,4.1667,0,-9.375,0
00987,中國再生能源投資,4,4,190,2025-08-20,2026-06-05,3,1,2,1,0,0,0,0,0,0,,-7.1429,0,-25.3968,0
00989,中國長白山國際,4,4,231,2025-08-07,2026-07-17,4,1,2,1,0,0,0,0,0,0,,-2.4096,0,-3.6145,0
00993,信控國際資本,2,2,31,2026-07-28,2026-08-28,1,0,1,0,0,0,0,0,0,0,,-4.0816,0,,0
00994,中天宏信,6,5,130,2025-07-09,2026-05-28,3,1,2,1,0,0,0,0,0,0,,-25.6604,0,13.2075,0
00997,普匯中金國際,3,3,229,2025-11-20,2026-09-02,3,1,2,1,0,0,0,0,0,0,,0.0,0,-12.1212,0
01000,北青傳媒,2,2,189,2025-07-23,2026-01-28,2,1,2,1,0,0,0,0,0,0,,-12.8205,0,-15.3846,0
01001,滬港聯合,3,3,263,2025-07-03,2026-05-12,2,1,2,1,0,0,0,0,0,0,,15.873,0,22.2222,0
01002,威鋮國際,1,1,0,2026-08-13,2026-08-13,1,0,1,0,0,0,0,0,0,0,,,0,,0
01008,力圖控股,1,1,0,2026-05-06,2026-05-06,1,0,1,0,0,0,0,0,0,0,,-4.6632,0,-14.5078,0
01010,天璽曜11,8,8,94,2025-07-17,2026-07-23,5,1,2,1,0,0,0,0,0,0,,-2.0408,0,-5.102,0
01011,泰凌醫藥,2,2,74,2026-06-08,2026-08-21,2,1,1,0,1,0,0,1,0,0,PLACING,-2.3256,0,-2.3256,0
01013,偉俊集團控股,2,2,6,2026-04-08,2026-04-14,1,0,1,0,0,0,0,0,0,0,,163.4921,0,26.9841,0
01020,中細軟科技,3,3,115,2025-08-05,2025-12-12,2,1,1,0,0,0,0,0,0,0,,124.1935,0,98.3871,0
01022,飛魚科技,2,2,15,2025-07-08,2025-07-23,1,0,1,0,0,0,0,0,0,0,,66.6667,0,229.1139,0
01025,嘉藝控股,12,11,102,2025-07-07,2026-08-21,5,1,2,1,1,0,1,0,0,0,RIGHTS,0.0,0,-5.2419,0
01026,環球實業科技,1,1,0,2026-01-21,2026-01-21,1,0,1,0,0,0,0,0,0,0,,9.901,0,-20.7921,0
01027,亞洲策略(一千),2,2,3,2025-09-22,2025-09-25,1,0,1,0,1,0,0,1,0,0,PLACING,212.5984,0,226.7717,0
01028,千百度,2,2,80,2025-08-01,2025-10-20,2,1,1,0,1,0,0,1,0,0,PLACING,-9.1787,0,18.8406,0
01036,萬科海外,4,4,175,2025-07-14,2026-04-01,3,1,2,1,0,0,0,0,0,0,,3.5714,0,27.8571,0
01037,雲智匯科技,5,4,232,2025-09-01,2026-07-28,3,1,2,1,0,0,0,0,0,0,,288.4615,0,111.5385,0
01039,暢由國際集團,1,1,0,2025-08-27,2025-08-27,1,0,1,0,0,0,0,0,0,0,,-25.4545,0,-29.0909,0
01046,寰宇娛樂文化,5,5,308,2025-07-08,2026-08-04,2,1,2,1,0,0,0,0,0,0,,-28.8462,0,-25.0,0
01049,時富投資,2,2,83,2025-07-11,2025-10-02,2,1,1,0,0,0,0,0,0,0,,-23.913,0,-8.6957,0
01059,看通集團,3,3,192,2025-07-18,2026-06-08,3,1,2,1,0,0,0,0,0,0,,3.9474,0,-2.6316,0
01062,國開國際投資,1,1,0,2025-07-10,2025-07-10,1,0,1,0,0,0,0,0,0,0,,-15.2542,0,-1.6949,0
01063,新確科技(新),6,6,151,2025-08-25,2026-07-30,3,1,2,1,0,0,0,0,0,0,,-8.5714,0,-22.8571,0
01064,中華國際,2,2,11,2025-08-14,2025-08-25,1,0,1,0,0,0,0,0,0,0,,36.3636,0,19.697,0
01068,雨潤食品,1,1,0,2026-05-28,2026-05-28,1,0,1,0,0,0,0,0,0,0,,-14.8936,0,-17.0213,0
01069,中國健康科技集團,3,3,113,2025-07-23,2026-01-27,3,1,2,1,0,0,0,0,0,0,,7.9365,0,2.2222,0
01073,大禹金融,8,8,125,2025-06-26,2026-03-30,3,1,2,1,1,0,1,0,0,0,RIGHTS,20.8696,0,8.6957,0
01075,首都信息,4,4,157,2025-07-31,2026-08-13,4,1,2,1,0,0,0,0,0,0,,15.2881,0,9.0161,0
01079,松景科技,5,4,83,2025-07-18,2026-01-07,3,1,2,1,1,1,0,1,0,0,GO,365.3465,0,231.6832,0
01080,勝利管道,4,4,210,2025-07-10,2026-06-04,3,1,2,1,0,0,0,0,0,0,,71.6667,0,36.6667,0
01082,源宇宙教育,11,11,98,2025-06-27,2026-06-26,5,1,2,1,0,0,0,0,0,0,,-1.3158,0,-0.6579,0
01084,綠新生物科技,2,2,23,2025-07-21,2025-08-13,1,0,1,0,0,0,0,0,0,0,,1.4327,0,-12.894,0
01085,亨鑫科技,9,9,104,2025-08-15,2026-08-27,5,1,2,1,0,0,0,0,0,0,,52.1008,0,36.1345,0
01087,威訊控股,5,3,301,2025-08-29,2026-08-26,3,1,2,1,0,0,0,0,0,0,,-18.7166,0,-34.2246,0
01094,承輝國際,7,5,161,2025-09-16,2026-09-04,3,1,2,1,0,0,0,0,0,0,,-50.0,0,-53.2895,0
01097,周大福媒體娛樂,3,2,335,2025-07-23,2026-06-24,2,1,2,1,0,0,0,0,0,0,,66.6667,0,209.5238,0
01098,路勁,5,4,160,2025-08-13,2026-07-02,4,1,2,1,0,0,0,0,0,0,,-10.1266,0,-11.3924,0
01100,飛達控股,3,3,193,2025-08-01,2026-02-27,2,1,2,1,0,0,0,0,0,0,,0.0,0,-5.7143,0
01102,環能國際,6,6,175,2025-07-29,2026-07-22,4,1,2,1,0,0,0,0,0,0,,8.0,0,-2.0,0
01105,星島,2,2,170,2025-09-17,2026-03-06,2,1,2,1,0,0,0,0,0,0,,-13.7931,0,-24.1379,0
01107,當代置業,3,3,29,2025-12-31,2026-02-05,2,1,2,1,0,0,0,0,0,0,,14.2857,0,-7.1429,0
01111,華視集團控股,1,1,0,2025-08-27,2025-08-27,1,0,1,0,0,0,0,0,0,0,,-12.0,0,-12.0,0
01116,慧源同創科技,3,3,60,2025-10-30,2026-02-23,2,1,2,1,0,0,0,0,0,0,,-2.6667,0,-21.3333,0
01118,高力集團,1,1,0,2025-09-17,2025-09-17,1,0,1,0,0,0,0,0,0,0,,-3.5897,0,5.641,0
01120,雅視光學,3,3,126,2026-03-03,2026-08-05,2,1,1,0,0,0,0,0,0,0,,-1.0101,0,-24.2424,0
01124,沿海家園,2,2,94,2025-08-29,2025-12-01,2,1,1,0,0,0,0,0,0,0,,,0,-22.6667,0
01129,中國水業集團,8,6,159,2025-07-23,2026-05-21,3,1,2,1,0,0,0,0,0,0,,28.0,0,252.0,0
01130,中國環境資源,5,5,128,2025-10-17,2026-07-06,4,1,2,1,1,0,0,1,0,0,PLACING,18.3673,0,2.0408,0
01132,橙天嘉禾,6,6,197,2025-06-30,2026-08-19,4,1,2,1,0,0,0,0,0,0,,0.0,0,59.1837,0
01134,恆發光學,5,4,227,2025-09-05,2026-07-29,4,1,2,1,0,0,0,0,0,0,,3.8889,0,23.3333,0
01141,民銀資本,3,2,186,2025-07-10,2026-01-13,2,1,2,1,0,0,0,0,0,0,,-7.2464,0,71.0145,0
01145,勇利投資,1,1,0,2026-04-27,2026-04-27,1,0,1,0,0,0,0,0,0,0,,10.3704,0,8.8889,0
01146,匯成國際控股,2,2,91,2026-02-13,2026-05-15,2,1,1,0,1,0,0,1,0,0,PLACING,25.0,0,42.8571,0
01147,伊登軟件,2,2,21,2026-02-26,2026-03-19,1,0,1,0,0,0,0,0,0,0,,-8.7591,0,10.9489,0
01148,新晨動力,3,2,106,2025-09-19,2026-01-06,2,1,2,1,0,0,0,0,0,0,,1.6667,0,11.6667,0
01150,米蘭站,4,3,64,2025-06-26,2025-09-04,2,1,1,0,0,0,0,0,0,0,,-8.5366,0,89.0244,0
01153,佳源服務,4,4,128,2025-08-18,2026-04-16,3,1,2,1,0,0,0,0,0,0,,-4.8077,0,-28.8462,0
01156,CHINANEWENERGY,6,5,132,2025-09-01,2026-07-16,4,1,2,1,0,0,0,0,0,0,,18.75,0,-17.9688,0
01159,智數科技集團,2,2,66,2026-01-06,2026-03-13,1,0,1,0,1,0,0,1,0,0,PLACING,-8.1897,0,20.6897,0
01160,金石資本集團,4,4,358,2025-07-10,2026-09-07,2,1,2,1,0,0,0,0,0,0,,117.6871,0,185.7143,0
01161,奧思集團,2,2,81,2026-02-27,2026-05-19,2,1,1,0,0,0,0,0,0,0,,1.1111,0,26.6667,0
01162,瑩嵐集團,5,5,149,2025-09-08,2026-06-30,3,1,2,1,0,0,0,0,0,0,,-7.6,0,-19.6,0
01163,虎視傳媒,4,4,74,2025-10-13,2026-02-03,2,1,2,1,0,0,0,0,0,0,,-5.2632,0,34.5865,0
01165,順風清潔能源,1,1,0,2025-07-03,2025-07-03,1,0,1,0,0,0,0,0,0,0,,14.2857,0,14.2857,0
01166,星凱控股,7,6,90,2025-12-04,2026-07-30,4,1,2,1,0,0,0,0,0,0,,65.2174,0,34.7826,0
01170,信星集團,5,5,68,2025-07-24,2026-01-26,3,1,2,1,0,0,0,0,0,0,,-5.5556,0,-12.963,0
01172,融太集團,1,1,0,2025-11-21,2025-11-21,1,0,1,0,0,0,0,0,0,0,,-26.4706,0,-29.4118,0
01173,威高國際,1,1,0,2026-01-13,2026-01-13,1,0,1,0,0,0,0,0,0,0,,11.7647,0,-8.8235,0
01176,珠光控股,5,4,151,2025-09-12,2026-08-19,3,1,2,1,0,0,0,0,0,0,,-7.9365,0,-9.5238,0
01180,匯彩控股,1,1,0,2026-06-15,2026-06-15,1,0,1,0,0,0,0,0,0,0,,6.8966,0,,0
01182,勝龍國際,6,5,148,2025-11-18,2026-08-10,4,1,2,1,0,0,0,0,0,0,,-11.25,0,-2.5,0
01183,澳能建設,6,5,133,2025-07-09,2026-02-26,2,1,2,1,0,0,0,0,0,0,,5.9524,0,1.1905,0
01195,京維集團,1,1,0,2026-09-02,2026-09-02,1,0,1,0,0,0,0,0,0,0,,,0,,0
01201,天臣控股,3,3,150,2025-07-28,2026-04-17,3,1,2,1,1,0,0,1,0,0,PLACING,-32.9412,0,-10.5882,0
01202,四威科技,7,7,161,2025-07-21,2026-06-22,3,1,2,1,0,0,0,0,0,0,,14.7524,0,-1.0537,0
01203,廣南(集團),1,1,0,2026-05-22,2026-05-22,1,0,1,0,0,0,0,0,0,0,,3.1348,0,2.6646,0
01204,博維智慧,5,5,280,2025-07-24,2026-06-23,2,1,2,1,0,0,0,0,0,0,,-15.9509,0,4.2945,0
01215,開源控股,3,3,135,2025-07-21,2026-02-26,3,1,2,1,0,0,0,0,0,0,,-6.25,0,68.75,0
01217,中國創新投資,3,3,114,2025-07-22,2026-02-27,3,1,2,1,0,0,0,0,0,0,,0.0,0,7.1429,0
01218,永義國際,5,5,189,2025-07-25,2026-06-10,3,1,2,1,0,0,0,0,0,0,,11.25,0,80.625,0
01222,宏安集團,4,4,280,2025-07-07,2026-06-24,2,1,2,1,0,0,0,0,0,0,,-4.1667,0,16.6667,0
01225,隆成金融,3,3,304,2025-08-25,2026-08-21,3,1,2,1,0,0,0,0,0,0,,-29.3103,0,-32.4138,0
01226,中國投融資,7,6,69,2025-09-10,2026-03-26,3,1,2,1,0,0,0,0,0,0,,5.0633,0,-2.5316,0
01229,南南資源,1,1,0,2026-03-12,2026-03-12,1,0,1,0,0,0,0,0,0,0,,-12.1739,0,-26.5217,0
01232,金輪天地控股,2,2,17,2026-07-07,2026-07-24,1,0,1,0,0,0,0,0,0,0,,6.25,0,,0
01233,時代中國控股,5,4,231,2025-07-08,2026-08-06,3,1,2,1,0,0,0,0,0,0,,-3.0303,0,-2.5253,0
01235,專業旅運,1,1,0,2025-06-26,2025-06-26,1,0,1,0,0,0,0,0,0,0,,-9.0909,0,7.8788,0
01237,中科生物,1,1,0,2025-07-18,2025-07-18,1,0,1,0,0,0,0,0,0,0,,76.1194,0,34.3284,0
01239,TEAMWAY INTL GP,5,5,79,2025-09-16,2026-04-21,4,1,2,1,1,0,0,1,0,0,PLACING,29.3103,0,96.1207,0
01240,青建國際,1,1,0,2025-10-02,2025-10-02,1,0,1,0,0,0,0,0,0,0,,-5.102,0,-3.0612,0
01241,雙樺控股,2,2,267,2025-08-13,2026-05-07,2,1,2,1,0,0,0,0,0,0,,3.0,0,10.0,0
01243,宏安地產,2,2,11,2026-07-17,2026-07-28,1,0,1,0,0,0,0,0,0,0,,0.0,0,,0
01244,思路迪醫藥股份,2,2,101,2026-05-11,2026-08-20,2,1,1,0,0,0,0,0,0,0,,10.3321,0,-17.3432,0
01245,NIRAKU,3,3,175,2025-09-11,2026-05-27,3,1,2,1,0,0,0,0,0,0,,4.0,0,19.4286,0
01251,華油能源,7,6,56,2026-01-20,2026-08-04,3,1,1,0,0,0,0,0,0,0,,48.2412,0,25.6281,0
01253,綠博生態,3,3,99,2025-07-09,2025-10-22,2,1,1,0,0,0,0,0,0,0,,20.0,0,33.3333,0
01255,TATA健康,1,1,0,2026-04-14,2026-04-14,1,0,1,0,0,0,0,0,0,0,,-21.8487,0,15.5462,0
01259,未來發展控股,7,7,73,2025-08-12,2026-05-28,4,1,2,1,0,0,0,0,0,0,,-18.4211,0,-13.1579,0
01260,皓天財經集團,9,9,79,2025-08-18,2026-07-17,5,1,2,1,0,0,0,0,0,0,,1.2195,0,7.3171,0
01262,蠟筆小新食品,1,1,0,2025-11-11,2025-11-11,1,0,1,0,1,0,0,1,0,1,PLACING,1.6575,0,148.6188,0
01265,天津津燃公用,7,7,162,2025-07-22,2026-09-03,4,1,2,1,0,0,0,0,0,0,,-1.3216,0,-1.7621,0
01268,美東汽車,1,1,0,2026-07-17,2026-07-17,1,0,1,0,0,0,0,0,0,0,,-15.3846,0,,0
01273,香港信貸,2,2,243,2025-10-17,2026-06-17,2,1,2,1,0,0,0,0,0,0,,9.542,0,14.5038,0
01278,中國新城鎮,2,2,190,2025-06-26,2026-01-02,2,1,2,1,0,0,0,0,0,0,,27.2727,0,-2.0202,0
01281,鑫達投資控股,1,1,0,2026-02-10,2026-02-10,1,0,1,0,0,0,0,0,0,0,,-7.0,0,3.0,0
01282,中澤豐,6,5,192,2025-07-03,2026-08-26,4,1,2,1,0,0,0,0,0,0,,20.5882,0,14.7059,0
01284,新傳企劃,3,3,183,2025-08-20,2026-05-05,3,1,2,1,0,0,0,0,0,0,,-23.1678,0,-25.5319,0
01285,嘉士利集團,3,3,210,2025-08-28,2026-08-26,3,1,2,1,0,0,0,0,0,0,,6.6667,0,18.8889,0
01289,盛力達科技,3,3,239,2025-08-27,2026-05-27,2,1,2,1,0,0,0,0,0,0,,-4.6492,0,10.989,0
01290,中國匯融,3,3,120,2025-07-07,2025-12-23,2,1,1,0,0,0,0,0,0,0,,-11.9403,0,-5.9701,0
01292,長安民生物流,4,4,88,2025-08-27,2026-03-17,3,1,2,1,0,0,0,0,0,0,,12.7877,0,-2.046,0
01298,雲能國際,1,1,0,2025-07-16,2025-07-16,1,0,1,0,0,0,0,0,0,0,,-10.5691,0,-20.3252,0
01301,德基科技控股,1,1,0,2026-03-02,2026-03-02,1,0,1,0,0,0,0,0,0,0,,-36.5385,0,-36.5385,0
01303,匯力資源,1,1,0,2026-06-18,2026-06-18,1,0,1,0,0,0,0,0,0,0,,-19.2593,0,,0
01305,偉志控股,5,5,229,2025-06-26,2026-06-08,3,1,2,1,0,0,0,0,0,0,,7.5949,0,18.9873,0
01312,華控康泰,3,3,266,2025-09-17,2026-08-31,3,1,2,1,0,0,0,0,0,0,,-25.0,0,-22.5,0
01314,翠華控股,5,5,269,2025-09-05,2026-09-03,3,1,2,1,0,0,0,0,0,0,,-1.0811,0,-10.8108,0
01315,綠色經濟,5,4,140,2025-07-10,2026-01-13,2,1,2,1,0,0,0,0,0,0,,1.3605,0,2.0408,0
01319,靄華押業信貸,5,5,129,2025-10-31,2026-07-20,4,1,2,1,0,0,0,0,0,0,,6.2762,0,8.3682,0
01321,中國新城市,1,1,0,2026-03-30,2026-03-30,1,0,1,0,0,0,0,0,0,0,,46.1538,0,25.0,0
01323,華盛國際控股,3,3,22,2026-05-07,2026-06-12,1,0,1,0,1,0,0,1,0,0,PLACING,-10.5634,0,55.6338,0
01327,勵時集團,4,4,239,2025-10-21,2026-07-09,3,1,2,1,0,0,0,0,0,0,,-12.3288,0,-4.1096,0
01328,金湧投資,1,1,0,2026-02-26,2026-02-26,1,0,1,0,0,0,0,0,0,0,,-15.8824,0,46.7647,0
01332,透雲生物,5,5,130,2025-09-11,2026-06-22,3,1,2,1,0,0,0,0,0,0,,-37.0968,0,121.7742,0
01334,瑞昌國際控股,5,5,139,2025-07-24,2026-02-24,2,1,2,1,0,0,0,0,0,0,,7.6923,0,23.0769,0
01335,順泰控股,2,2,251,2025-08-28,2026-05-06,2,1,2,1,0,0,0,0,0,0,,-7.3333,0,-9.3333,0
01338,霸王集團,1,1,0,2026-08-05,2026-08-05,1,0,1,0,0,0,0,0,0,0,,3.4483,0,,0
01340,惠生國際,10,9,224,2025-08-13,2026-09-01,3,1,2,1,0,0,0,0,0,0,,2.0408,0,-12.2449,0
01341,昊天國際建投,1,1,0,2026-03-03,2026-03-03,1,0,1,0,1,0,0,0,1,0,CONSOLIDATION,-53.7313,1,-58.209,1
01343,偉源控股,1,1,0,2025-11-06,2025-11-06,1,0,1,0,0,0,0,0,0,0,,-28.2051,0,-24.359,0
01346,利華控股集團,4,4,264,2025-07-02,2026-05-06,3,1,2,1,0,0,0,0,0,0,,21.0526,0,33.3333,0
01348,滉達富控股,4,4,128,2025-08-01,2026-04-15,3,1,2,1,1,1,0,0,0,0,GO,97.1831,0,81.6901,0
01351,輝煌明天,6,6,329,2025-07-22,2026-08-13,2,1,2,1,1,1,0,0,0,0,GO,14.2857,0,106.3492,0
01354,經發物業,2,2,105,2026-05-08,2026-08-21,2,1,1,0,0,0,0,0,0,0,,-21.6667,0,-19.7917,0
01355,生物系統工程,3,3,35,2025-08-07,2025-10-14,2,1,1,0,0,0,0,0,0,0,,-26.7327,0,19.802,0
01362,新龍移動,1,1,0,2025-10-02,2025-10-02,1,0,1,0,0,0,0,0,0,0,,-8.4906,0,1.8868,0
01370,奧威控股,1,1,0,2026-02-11,2026-02-11,1,0,1,0,0,0,0,0,0,0,,-15.3226,0,-10.0806,0
01371,中國生態旅遊,2,2,34,2026-04-02,2026-05-06,1,0,1,0,0,0,0,0,0,0,,0.5525,0,-36.4641,0
01373,國際家居零售,1,1,0,2025-07-14,2025-07-14,1,0,1,0,0,0,0,0,0,0,,0.0,0,-8.8757,0
01376,RAFFLESINTERIOR,4,4,182,2025-07-24,2026-03-20,2,1,2,1,1,1,0,0,0,0,GO,96.5517,0,137.069,0
01379,溫嶺工量刃具,2,2,149,2025-09-08,2026-02-04,2,1,2,1,0,0,0,0,0,0,,0.2729,0,-5.7314,0
01380,中國金石,2,2,216,2025-11-13,2026-06-17,2,1,2,1,1,0,0,1,0,0,PLACING,239.1813,0,402.924,0
01389,美捷匯控股,4,4,137,2025-08-08,2026-04-15,3,1,2,1,0,0,0,0,0,0,,2.6316,0,57.8947,0
01393,恆鼎實業,5,4,179,2025-07-22,2026-09-04,4,1,2,1,0,0,0,0,0,0,,-8.4507,0,-11.2676,0
01397,碧瑤綠色集團,4,4,189,2025-08-08,2026-08-17,3,1,2,1,0,0,0,0,0,0,,27.7108,0,43.3735,0
01399,銳信控股,4,4,179,2025-10-27,2026-06-02,2,1,2,1,0,0,0,0,0,0,,-9.1346,0,-12.5,0
01400,滿地科技股份,7,7,134,2025-08-26,2026-08-05,5,1,2,1,0,0,0,0,0,0,,15.0,0,0.0,0
01401,未來機器有限公司,1,1,0,2026-05-05,2026-05-05,1,0,1,0,0,0,0,0,0,0,,-34.7368,0,-50.5263,0
01402,超智能控股,4,3,251,2025-11-05,2026-08-12,2,1,2,1,0,0,0,0,0,0,,-11.5385,0,-12.3077,0
01407,交運燃氣,4,4,203,2025-07-17,2026-09-03,3,1,2,1,0,0,0,0,0,0,,9.2764,0,12.987,0
01408,濠江機電,3,3,138,2026-01-16,2026-06-23,2,1,1,0,0,0,0,0,0,0,,41.3669,0,53.9568,0
01410,安領國際,7,5,76,2025-11-24,2026-05-26,3,1,2,1,0,0,0,0,0,0,,42.1053,0,71.0526,0
01412,雋思集團,1,1,0,2025-11-13,2025-11-13,1,0,1,0,0,0,0,0,0,0,,-4.8193,0,-31.3253,0
01413,鑄帝控股,6,6,88,2025-08-21,2026-05-18,4,1,2,1,1,0,0,1,1,0,PLACING,41.4286,0,40.0,0
01416,CTR HOLDINGS,3,3,207,2025-10-27,2026-07-22,3,1,2,1,0,0,0,0,0,0,,5.2174,0,-28.2609,0
01417,浦江中國,2,2,5,2026-05-14,2026-05-19,1,0,1,0,1,1,0,0,0,0,GO,246.2963,0,1635.1852,0
01418,盛諾集團,2,2,36,2025-08-05,2025-09-10,1,0,1,0,0,0,0,0,0,0,,-8.2353,0,-5.4902,0
01419,盈健醫療,6,6,108,2025-07-23,2026-06-26,3,1,2,1,0,0,0,0,0,0,,30.5263,0,-13.6842,0
01420,川控股,4,4,123,2025-11-20,2026-09-01,4,1,2,1,0,0,0,0,0,0,,-0.5848,0,81.2865,0
01421,恆昌集團國際,14,13,70,2025-07-07,2026-07-14,5,1,2,1,0,0,0,0,0,0,,12.0,0,-22.0,0
01425,捷隆控股,1,1,0,2026-06-18,2026-06-18,1,0,1,0,0,0,0,0,0,0,,8.2474,0,,0
01429,天任集團,8,8,74,2025-09-24,2026-06-26,4,1,2,1,1,1,0,0,0,0,GO,66.0377,0,86.7925,0
01433,常達控股,2,2,109,2025-12-04,2026-03-23,2,1,2,1,0,0,0,0,0,0,,-7.767,0,-8.7379,0
01442,鷹輝物流,1,1,0,2025-10-21,2025-10-21,1,0,1,0,0,0,0,0,0,0,,2.9851,0,-4.4776,0
01443,富臨集團控股,2,2,121,2025-10-28,2026-02-26,2,1,2,1,0,0,0,0,0,0,,-25.8929,0,-47.3214,0
01446,鴻福堂,1,1,0,2026-05-27,2026-05-27,1,0,1,0,0,0,0,0,0,0,,-6.8493,0,-13.6986,0
01447,新福港,2,2,197,2026-02-12,2026-08-28,2,1,1,0,0,0,0,0,0,0,,-7.2464,0,-24.6377,0
01449,立德教育,6,6,209,2025-07-23,2026-07-22,4,1,2,1,0,0,0,0,0,0,,3.7736,0,-5.6604,0
01451,萬成集團股份,3,2,254,2025-11-24,2026-08-06,2,1,2,1,1,1,0,0,0,0,GO,38.2022,0,51.6854,0
01452,迪諾斯環保,4,4,182,2025-08-14,2026-07-13,4,1,2,1,0,0,0,0,0,0,,-13.9344,0,-13.9344,0
01455,科利實業控股,1,1,0,2026-09-01,2026-09-01,1,0,1,0,0,0,0,0,0,0,,,0,,0
01459,巨匠建設,2,2,88,2025-07-28,2025-10-24,2,1,1,0,0,0,0,0,0,0,,-6.0241,0,-39.759,0
01460,揚科集團,10,10,129,2025-07-17,2026-08-07,4,1,2,1,0,0,0,0,0,0,,-1.5385,0,-1.5385,0
01461,中泰期貨,1,1,0,2026-07-16,2026-07-16,1,0,1,0,0,0,0,0,0,0,,3.8462,0,,0
01463,C-LINK SQ,3,2,55,2026-03-24,2026-05-19,2,1,1,0,0,0,0,0,0,0,,0.0,0,0.0,0
01466,佰金生命科學,4,3,51,2026-03-20,2026-06-22,2,1,1,0,0,0,0,0,0,0,,-14.0625,0,40.625,0
01468,嘉高達資本,2,2,52,2026-04-10,2026-06-01,1,0,1,0,0,0,0,0,0,0,,-1.3699,0,-50.411,1
01470,富一國際控股,5,4,196,2025-08-08,2026-08-28,3,1,2,1,0,0,0,0,0,0,,19.8113,0,2.8302,0
01472,生興控股,3,3,91,2026-01-28,2026-05-29,2,1,1,0,0,0,0,0,0,0,,-10.0,0,24.4444,0
01473,環聯連訊,6,6,147,2025-06-30,2026-05-18,5,1,2,1,0,0,0,0,0,0,,82.7586,0,231.0345,0
01480,恩達集團控股,3,3,261,2025-08-18,2026-06-05,2,1,2,1,0,0,0,0,0,0,,0.8696,0,6.087,0
01483,網譽科技,7,7,215,2025-06-30,2026-08-26,5,1,2,1,0,0,0,0,0,0,,-0.8333,0,-8.3333,0
01486,思城控股,2,2,166,2026-01-22,2026-07-07,2,1,1,0,0,0,0,0,0,0,,-4.7619,0,12.6984,0
01489,GC CONSTRUCTION,2,2,94,2025-06-30,2025-10-02,2,1,1,0,1,1,0,0,0,0,GO,-7.6923,0,,0
01490,AI X TECH,3,3,205,2025-08-26,2026-06-04,3,1,2,1,0,0,0,0,0,0,,-9.3333,0,-16.0,0
01499,歐科雲鏈,1,1,0,2026-06-25,2026-06-25,1,0,1,0,0,0,0,0,0,0,,-7.6271,0,,0
01500,現恆建築,4,4,101,2025-11-25,2026-07-30,4,1,2,1,0,0,0,0,0,0,,9.9174,0,32.2314,0
01502,金融街物業,1,1,0,2025-09-15,2025-09-15,1,0,1,0,0,0,0,0,0,0,,-7.1652,0,-15.674,0
01518,新世紀醫療,1,1,0,2025-09-01,2025-09-01,1,0,1,0,0,0,0,0,0,0,,-12.5,0,-10.0,0
01520,天機控股,1,1,0,2025-07-14,2025-07-14,1,0,1,0,0,0,0,0,0,0,,181.6667,0,155.0,0
01522,京投交通科技,2,2,105,2026-04-20,2026-08-03,2,1,1,0,0,0,0,0,0,0,,-1.7544,0,-12.2807,0
01525,建橋教育,1,1,0,2026-03-30,2026-03-30,1,0,1,0,0,0,0,0,0,0,,-0.9756,0,-5.8537,0
01527,天潔環境,2,2,399,2025-07-15,2026-08-18,2,1,2,1,0,0,0,0,0,0,,-4.1096,0,5.4795,0
01529,樂氏國際控股,4,4,103,2025-12-17,2026-07-14,4,1,2,1,0,0,0,0,0,0,,5.3571,0,-10.7143,0
01536,煜榮集團,5,3,118,2026-01-19,2026-06-11,2,1,1,0,0,0,0,0,0,0,,17.2566,0,-2.2124,0
01538,中奧到家,2,2,37,2026-01-05,2026-02-11,1,0,1,0,0,0,0,0,0,0,,29.3333,0,80.0,0
01540,澳獅環球,4,4,225,2025-08-05,2026-06-26,3,1,2,1,0,0,0,0,0,0,,-3.6585,0,-2.439,0
01542,台州水務,1,1,0,2026-07-30,2026-07-30,1,0,1,0,0,0,0,0,0,0,,-17.6471,0,,0
01543,中盈盛達融資擔保,3,3,83,2025-09-16,2026-02-12,3,1,2,1,0,0,0,0,0,0,,-4.6875,0,-4.6875,0
01545,設計都會,2,2,231,2025-12-10,2026-07-29,2,1,2,1,0,0,0,0,0,0,,-19.3548,0,-11.2903,0
01546,德萊建業,4,4,89,2025-12-22,2026-06-17,3,1,2,1,1,1,0,0,0,0,GO,243.75,0,167.8571,0
01547,IBI GROUP HLDGS,1,1,0,2026-05-19,2026-05-19,1,0,1,0,0,0,0,0,0,0,,-24.6667,0,-28.3333,0
01549,永豐集團控股,1,1,0,2025-07-18,2025-07-18,1,0,1,0,0,0,0,0,0,0,,50.0,0,18.3673,0
01552,BHCC HOLDING,5,5,118,2025-11-12,2026-07-02,3,1,2,1,0,0,0,0,0,0,,-16.0714,0,-17.1429,0
01553,邁科管業,4,4,188,2025-09-18,2026-07-31,3,1,2,1,0,0,0,0,0,0,,-2.7027,0,2.027,0
01555,MI能源,4,3,130,2025-07-14,2026-03-03,3,1,2,1,0,0,0,0,0,0,,-18.0,0,-34.0,0
01556,建業建榮,4,4,145,2025-08-27,2026-08-19,3,1,2,1,0,0,0,0,0,0,,0.0,0,-4.4776,0
01557,劍虹集團控股,1,1,0,2026-06-18,2026-06-18,1,0,1,0,0,0,0,0,0,0,,11.5385,0,,0
01559,均安控股,2,1,3,2026-05-15,2026-05-18,1,0,1,0,0,0,0,0,0,0,,-15.0,0,-8.3333,0
01560,星星集團,1,1,0,2026-08-20,2026-08-20,1,0,1,0,0,0,0,0,0,0,,,0,,0
01561,聯洋智能控股,3,3,50,2025-07-14,2025-09-25,1,0,1,0,0,0,0,0,0,0,,-1.3158,0,28.9474,0
01563,友聯國際教育租賃,1,1,0,2026-07-10,2026-07-10,1,0,1,0,0,0,0,0,0,0,,3.9683,0,,0
01565,成實外教育,2,2,39,2025-08-04,2025-09-12,1,0,1,0,0,0,0,0,0,0,,-14.0845,0,0.939,0
01569,民生教育,3,3,108,2025-09-12,2026-03-23,3,1,2,1,0,0,0,0,0,0,,0.4831,0,-9.6618,0
01572,中國藝術金融,1,1,0,2026-01-28,2026-01-28,1,0,1,0,0,0,0,0,0,0,,10.0,0,-4.4444,0
01575,皇庭智家,2,2,20,2026-02-06,2026-02-26,1,0,1,0,0,0,0,0,0,0,,-3.2258,0,-29.0323,0
01577,匯鑫小貸,3,3,90,2025-09-12,2026-01-26,3,1,2,1,0,0,0,0,0,0,,7.762,0,21.9922,0
01580,大森控股,2,2,7,2026-01-15,2026-01-22,1,0,1,0,0,0,0,0,0,0,,25.4545,0,29.0909,0
01581,進升集團控股,5,5,130,2025-08-28,2026-05-14,3,1,2,1,0,0,0,0,0,0,,1.6667,0,-13.8889,0
01582,華營建築,3,3,213,2025-08-27,2026-04-20,2,1,2,1,0,0,0,0,0,0,,-10.0,0,-13.75,0
01586,力鴻檢驗,1,1,0,2026-05-06,2026-05-06,1,0,1,0,0,0,0,0,0,0,,24.0876,0,25.5474,0
01587,欣融國際,1,1,0,2026-09-04,2026-09-04,1,0,1,0,0,0,0,0,0,0,,,0,,0
01591,汛和集團,4,4,121,2025-10-13,2026-05-15,3,1,2,1,1,0,1,0,0,0,RIGHTS,-12.1212,0,-15.1515,0
01592,基石控股,3,3,100,2026-02-04,2026-06-04,2,1,1,0,0,0,0,0,0,0,,-2.5,0,35.0,0
01596,翼辰實業,5,5,125,2025-10-14,2026-08-04,4,1,2,1,0,0,0,0,0,0,,-3.0441,0,3.0441,0
01608,偉能集團,1,1,0,2025-12-23,2025-12-23,1,0,1,0,0,0,0,0,0,0,,3.9062,0,-4.6875,0
01612,永勝醫療,4,4,139,2025-07-25,2026-01-28,2,1,2,1,0,0,0,0,0,0,,44.8718,0,9.4872,0
01613,協同通信,9,8,92,2025-07-29,2026-06-10,4,1,2,1,1,0,1,0,0,0,RIGHTS,-1.7143,0,-5.1429,0
01615,奧邦建築,1,1,0,2026-04-15,2026-04-15,1,0,1,0,0,0,0,0,0,0,,4.1096,0,9.589,0
01617,南方通信,4,3,138,2025-08-22,2026-02-09,2,1,2,1,0,0,0,0,0,0,,-8.0,0,-26.6667,0
01620,富盈環球集團,4,4,115,2025-07-25,2026-02-10,3,1,2,1,0,0,0,0,0,0,,38.1356,0,-1.6949,0
01621,域高國際控股,3,3,133,2025-07-02,2026-02-10,3,1,2,1,0,0,0,0,0,0,,37.931,0,8.046,0
01622,力高集團,6,6,213,2025-07-17,2026-08-14,4,1,2,1,0,0,0,0,0,0,,-22.963,0,-11.8519,0
01623,海隆控股,1,1,0,2025-08-12,2025-08-12,1,0,1,0,0,0,0,0,0,0,,-9.5808,0,25.1497,0
01628,禹洲集團,3,3,147,2025-07-17,2026-01-29,2,1,2,1,0,0,0,0,0,0,,2.439,0,-48.5366,0
01629,冠均國際控股,1,1,0,2025-08-13,2025-08-13,1,0,1,0,0,0,0,0,0,0,,0.0,0,-12.2222,0
01630,建成控股,4,4,168,2025-08-01,2026-08-13,3,1,2,1,0,0,0,0,0,0,,-15.0943,0,-20.7547,0
01631,REF HOLDINGS,3,3,314,2025-07-03,2026-08-11,3,1,2,1,0,0,0,0,0,0,,-19.403,0,-41.791,0
01633,上諭集團,8,8,55,2025-11-20,2026-07-27,4,1,2,1,0,0,0,0,0,0,,11.9048,0,50.7937,0
01636,中國金屬利用,5,4,127,2025-06-27,2026-02-13,4,1,2,1,0,0,0,0,0,0,,20.5128,0,15.3846,1
01637,順興集團控股,3,3,154,2026-01-15,2026-08-05,2,1,1,0,0,0,0,0,0,0,,-18.75,0,39.0625,0
01638,佳兆業集團,1,1,0,2026-08-05,2026-08-05,1,0,1,0,0,0,0,0,0,0,,-9.5238,0,,0
01641,紅星冷鏈,2,2,142,2026-02-24,2026-07-16,2,1,1,0,0,0,0,0,0,0,,-17.6797,0,-26.9712,0
01643,現代中藥集團,3,2,190,2025-06-30,2026-01-08,3,1,2,1,0,0,0,0,0,0,,65.7895,0,92.1053,0
01647,雄岸科技,4,4,245,2025-06-26,2026-06-08,4,1,2,1,0,0,0,0,0,0,,31.7647,0,22.3529,0
01650,HYGIEIA GROUP,2,2,122,2025-12-16,2026-04-17,2,1,2,1,0,0,0,0,0,0,,-14.9254,0,-10.4478,0
01652,福森藥業,1,1,0,2025-10-31,2025-10-31,1,0,1,0,0,0,0,0,0,0,,-20.2128,0,-20.2128,0
01653,MOS HOUSE,2,2,56,2025-09-08,2025-11-03,2,1,1,0,0,0,0,0,0,0,,-19.5402,0,332.1839,0
01655,OKURA HOLDINGS,3,3,99,2025-11-10,2026-05-05,3,1,2,1,1,0,0,1,0,0,PLACING,-22.8571,0,-25.0,0
01657,樺欣控股,6,5,112,2025-08-01,2026-04-15,4,1,2,1,0,0,0,0,0,0,,94.1848,0,64.5898,0
01660,七元投資,4,2,57,2025-07-17,2025-09-16,1,0,1,0,0,0,0,0,0,0,,-26.6667,0,86.6667,0
01661,中國前沿科技集團,5,5,196,2025-07-10,2026-07-30,4,1,2,1,0,0,0,0,0,0,,87.6923,0,23.0769,0
01662,義合控股,1,1,0,2026-06-30,2026-06-30,1,0,1,0,0,0,0,0,0,0,,-3.1746,0,,0
01663,漢港控股,4,4,210,2025-12-02,2026-09-04,3,1,2,1,0,0,0,0,0,0,,0.0,0,33.871,0
01667,迪米生活控股,2,2,153,2025-08-05,2026-01-05,2,1,2,1,0,0,0,0,0,0,,-22.6667,0,15.0,0
01669,環球信貸集團,5,5,283,2025-08-29,2026-08-31,3,1,2,1,0,0,0,0,0,0,,18.3099,0,11.2676,0
01671,天保能源,3,3,237,2025-07-03,2026-06-15,3,1,2,1,0,0,0,0,0,0,,9.8765,0,-1.2346,0
01673,華章科技,2,2,111,2026-04-28,2026-08-17,2,1,1,0,0,0,0,0,0,0,,-3.2787,0,-1.6393,0
01676,高地股份,1,1,0,2026-07-15,2026-07-15,1,0,1,0,0,0,0,0,0,0,,7.3171,0,,0
01679,瑞斯康集團,5,4,92,2025-10-23,2026-05-28,3,1,2,1,0,0,0,0,0,0,,-10.3774,0,-9.434,0
01680,澳門勵駿,2,2,20,2026-01-06,2026-01-26,1,0,1,0,0,0,0,0,0,0,,-23.9437,0,-41.4085,0
01682,杭品生活科技,4,3,194,2025-08-14,2026-04-20,3,1,2,1,0,0,0,0,0,0,,33.1034,0,-1.3793,0
01685,博耳電力,3,3,71,2026-02-12,2026-05-28,2,1,1,0,0,0,0,0,0,0,,-2.9412,0,-19.1176,0
01690,立基工程控股,4,3,164,2025-10-23,2026-08-31,3,1,2,1,0,0,0,0,0,0,,-35.2941,0,-34.1176,0
01692,登輝控股,5,5,120,2025-07-28,2026-07-22,4,1,2,1,0,0,0,0,0,0,,-5.3908,0,-11.8598,0
01693,璋利國際,4,4,236,2025-08-29,2026-06-18,2,1,2,1,1,0,0,1,0,0,PLACING,33.1858,0,-13.7168,0
01695,椰豐集團,3,3,179,2025-06-30,2026-01-23,3,1,2,1,0,0,0,0,0,0,,12.2222,0,16.6667,0
01701,途屹控股,1,1,0,2025-09-01,2025-09-01,1,0,1,0,0,0,0,0,0,0,,-15.625,0,-31.25,0
01703,誼和股份,9,8,94,2025-10-24,2026-06-17,3,1,2,1,1,0,0,1,0,0,PLACING,-4.1096,0,-26.0274,0
01705,賓仕國際,2,2,2,2026-03-17,2026-03-19,1,0,1,0,0,0,0,0,0,0,,16.6667,0,4.1667,0
01707,致浩達控股,5,4,64,2025-09-08,2026-02-23,3,1,2,1,0,0,0,0,0,0,,-10.1852,0,-64.8148,0
01708,三寶科技,2,2,96,2026-01-29,2026-05-05,2,1,1,0,0,0,0,0,0,0,,-22.6415,0,-45.283,0
01710,致豐工業電子,8,7,114,2025-07-30,2026-07-29,4,1,2,1,0,0,0,0,0,0,,15.0602,0,18.6747,0
01711,歐化,2,1,1,2025-10-08,2025-10-09,1,0,1,0,0,0,0,0,0,0,,-27.7174,0,-35.8696,0
01715,智慧健康科技,8,8,115,2025-08-01,2026-08-07,5,1,2,1,0,0,0,0,0,0,,-5.7143,0,62.8571,0
01716,毛記葵湧,3,3,114,2025-08-08,2026-03-13,3,1,2,1,0,0,0,0,0,0,,-8.6207,0,-13.7931,0
01718,宏基集團控股,14,11,62,2025-07-10,2026-07-24,5,1,2,1,0,0,0,0,0,0,,11.1607,0,22.7679,0
01719,中國通商集團,2,2,28,2025-08-21,2025-09-18,1,0,1,0,0,0,0,0,0,0,,-17.7215,0,-18.9873,0
01720,普天通信集團,8,7,116,2025-08-07,2026-08-17,5,1,2,1,0,0,0,0,0,0,,-4.4444,0,-22.2222,0
01722,建鵬控股,8,7,111,2025-07-07,2026-05-13,4,1,2,1,0,0,0,0,0,0,,-15.1899,0,-26.5823,0
01723,恆月控股,1,1,0,2026-05-12,2026-05-12,1,0,1,0,0,0,0,0,0,0,,-42.8571,0,-73.3516,0
01725,中國技術集團,1,1,0,2026-01-02,2026-01-02,1,0,1,0,0,0,0,0,0,0,,-13.0,0,-37.0,0
01727,河北建設,2,2,163,2025-10-13,2026-03-25,2,1,2,1,0,0,0,0,0,0,,-5.5556,0,-14.4444,0
01731,其利工業集團,2,2,45,2026-02-06,2026-03-23,1,0,1,0,0,0,0,0,0,0,,4.6512,0,15.5039,0
01732,象興科技,6,6,184,2025-07-21,2026-08-19,4,1,2,1,1,1,0,0,0,0,GO,36.8,0,100.0,0
01736,中國育兒網絡,1,1,0,2025-07-29,2025-07-29,1,0,1,0,1,0,0,1,0,0,PLACING,-25.4545,0,-49.0909,0
01737,亞洲實業集團,2,2,28,2026-05-14,2026-06-11,1,0,1,0,0,0,0,0,0,0,,16.6667,0,5.3333,0
01738,飛尚無煙煤,6,6,103,2025-07-23,2026-07-06,5,1,2,1,0,0,0,0,0,0,,-38.4906,0,-59.2453,0
01740,新石文化,2,2,314,2025-07-04,2026-05-14,2,1,2,1,0,0,0,0,0,0,,25.4545,0,80.0,0
01741,成志控股,5,4,127,2025-09-01,2026-05-14,3,1,2,1,0,0,0,0,0,0,,19.7861,0,1.0695,0
01742,HPC HOLDINGS,1,1,0,2025-10-14,2025-10-14,1,0,1,0,0,0,0,0,0,0,,52.1739,0,11.3043,0
01745,驢跡科技,4,3,138,2026-01-15,2026-06-30,2,1,1,0,1,0,0,0,1,0,CONSOLIDATION,34.2593,0,7.4074,0
01746,萬順集團控股,7,7,115,2025-10-02,2026-08-31,3,1,2,1,0,0,0,0,0,0,,-19.1781,0,-21.9178,0
01749,杉杉品牌,2,2,98,2025-09-16,2025-12-23,2,1,1,0,0,0,0,0,0,0,,10.2564,0,0.0,0
01750,全達電器集團控股,5,5,111,2025-08-07,2026-03-18,3,1,2,1,0,0,0,0,0,0,,-2.2727,0,4.5455,0
01751,智算能建(二千),3,2,309,2025-10-15,2026-08-21,2,1,2,1,1,0,1,1,0,0,PLACING,18.0723,0,117.4151,0
01752,澳洲成峰高教,3,3,234,2025-09-29,2026-06-23,2,1,2,1,0,0,0,0,0,0,,-3.4884,0,0.0,0
01753,兌吧,3,3,307,2025-07-17,2026-08-24,3,1,2,1,0,0,0,0,0,0,,20.3704,0,-3.7037,0
01756,中國科教產業,1,1,0,2025-11-21,2025-11-21,1,0,1,0,0,0,0,0,0,0,,6.4516,0,0.0,0
01757,環球華商俱樂部,5,4,28,2025-08-12,2025-10-24,2,1,1,0,1,1,0,0,0,0,GO,117.4312,0,569.7248,0
01759,中油潔能控股,3,3,283,2025-08-26,2026-07-31,3,1,2,1,0,0,0,0,0,0,,-9.7561,0,-13.0081,0
01767,TS WONDERS,2,2,268,2025-08-27,2026-05-22,2,1,2,1,0,0,0,0,0,0,,-10.8359,0,-12.3839,0
01769,思考樂教育,1,1,0,2026-05-13,2026-05-13,1,0,1,0,0,0,0,0,0,0,,-11.9048,0,-23.4127,0
01771,新豐泰集團,3,3,267,2025-08-04,2026-06-03,2,1,2,1,0,0,0,0,0,0,,16.6667,0,12.5,0
01775,精英匯集團,2,2,169,2025-08-12,2026-01-28,2,1,2,1,0,0,0,0,0,0,,2.8571,0,-10.0,0
01777,花樣年控股(新),3,3,281,2025-07-10,2026-08-05,3,1,2,1,0,0,0,0,0,0,,0.0,0,37.3333,0
01778,彩生活,4,4,132,2025-08-14,2026-05-18,4,1,2,1,0,0,0,0,0,0,,-7.5949,0,-22.7848,0
01780,榮尊國際控股,6,6,145,2025-07-17,2026-03-30,2,1,2,1,0,0,0,0,0,0,,0.0,0,49.5495,0
01790,達力環保,1,1,0,2025-12-16,2025-12-16,1,0,1,0,0,0,0,0,0,0,,-1.7544,0,-7.0175,0
01792,CMON,15,14,60,2025-06-27,2026-09-03,6,1,2,1,1,0,0,1,1,0,PLACING,-1.1905,0,1.1905,0
01793,偉工控股,6,6,88,2026-01-16,2026-08-21,3,1,1,0,0,0,0,0,0,0,,6.6667,0,-10.0,0
01795,亞東集團,13,10,120,2025-07-02,2026-07-28,4,1,2,1,0,0,0,0,0,0,,8.6957,0,7.2464,0
01796,中國數智科技,2,2,132,2026-04-09,2026-08-19,2,1,1,0,1,1,0,0,0,0,GO,,0,-47.7273,0
01802,文業集團,3,3,47,2025-07-16,2025-09-24,1,0,1,0,0,0,0,0,0,0,,51.3514,0,21.6216,0
01803,北京體育文化-新,4,4,146,2025-07-11,2026-05-12,3,1,2,1,0,0,0,0,0,0,,29.5652,0,-12.1739,0
01808,企展控股,3,3,157,2026-02-05,2026-08-20,2,1,1,0,1,0,0,1,0,0,PLACING,-3.5294,0,-50.9804,0
01813,合景泰富集團,5,5,175,2025-08-14,2026-08-31,4,1,2,1,0,0,0,0,0,0,,8.4337,0,-4.0161,0
01817,慕尚集團控股,1,1,0,2025-07-29,2025-07-29,1,0,1,0,0,0,0,0,0,0,,10.6061,0,9.0909,0
01822,中木國際,6,5,252,2025-06-26,2026-07-27,4,1,2,1,1,0,0,1,0,0,PLACING,-14.375,0,-1.875,0
01823,華昱高速,3,3,65,2025-10-15,2026-02-12,2,1,2,1,1,0,0,1,0,0,PLACING,5.2632,0,-5.2632,0
01825,STERLING GP,4,4,137,2026-01-23,2026-08-06,3,1,1,0,0,0,0,0,0,0,,-11.5044,0,-36.2832,0
01826,豐展控股,4,4,209,2025-08-07,2026-08-05,4,1,2,1,1,0,0,1,0,0,PLACING,-1.2195,0,-13.4146,0
01827,卓珈控股,1,1,0,2025-08-26,2025-08-26,1,0,1,0,0,0,0,0,0,0,,-7.4074,0,1.8519,0
01831,十方控股,9,9,122,2025-08-12,2026-06-26,4,1,2,1,0,0,0,0,0,0,,43.1925,0,29.108,0
01835,瑞威資管,4,4,118,2025-11-25,2026-05-20,3,1,2,1,0,0,0,0,0,0,,-14.5299,0,11.9658,0
01841,優越集團控股,3,3,51,2026-05-19,2026-08-28,2,1,1,0,0,0,0,0,0,0,,-2.1277,0,59.5745,0
01842,植華集團,3,3,176,2025-12-18,2026-09-07,3,1,2,1,0,0,0,0,0,0,,-22.0588,0,-38.2353,0
01843,快餐帝國,5,4,207,2025-08-11,2026-08-03,4,1,2,1,0,0,0,0,0,0,,-20.9877,0,-22.2222,0
01846,德視佳,4,4,312,2025-06-27,2026-07-14,3,1,2,1,0,0,0,0,0,0,,10.8853,0,17.4165,0
01847,雲南建投混凝土,1,1,0,2025-07-22,2025-07-22,1,0,1,0,0,0,0,0,0,0,,-10.7143,0,-26.1905,0
01850,美好生活集團控股,13,11,71,2025-09-25,2026-08-31,5,1,2,1,0,0,0,0,0,0,,-20.8333,0,-18.0556,0
01851,銀杏教育,2,2,76,2025-07-16,2025-09-30,1,0,1,0,0,0,0,0,0,0,,16.4286,0,35.7143,0
01855,中慶股份,1,1,0,2026-03-03,2026-03-03,1,0,1,0,0,0,0,0,0,0,,-67.3267,0,-79.0099,0
01856,依波路,4,4,279,2025-06-26,2026-06-17,3,1,2,1,0,0,0,0,0,0,,33.3333,0,77.0833,0
01861,保寶龍科技,3,3,336,2025-07-15,2026-08-31,3,1,2,1,0,0,0,0,0,0,,13.4328,0,23.2836,0
01862,景瑞控股,5,5,82,2025-07-11,2025-11-24,2,1,1,0,0,0,0,0,0,0,,36.3636,0,18.1818,0
01867,標準發展集團,2,1,1,2025-10-21,2025-10-22,1,0,1,0,0,0,0,0,0,0,,30.3318,0,18.4834,0
01868,同方友友,2,2,46,2025-09-26,2025-11-11,2,1,1,0,0,0,0,0,0,0,,-13.9535,0,-15.1163,0
01869,貓屎咖啡控股,7,6,142,2025-08-25,2026-07-24,5,1,2,1,0,0,0,0,0,0,,-16.1972,0,-19.0141,0
01870,綠色電能集團,3,3,225,2025-08-27,2026-07-10,3,1,2,1,1,0,0,1,0,0,PLACING,-3.3898,0,32.2034,0
01871,向中國際,3,3,67,2026-02-27,2026-07-07,3,1,1,0,0,0,0,0,0,0,,-11.5385,0,-2.5641,0
01878,南戈壁,1,1,0,2025-09-23,2025-09-23,1,0,1,0,0,0,0,0,0,0,,3.0973,0,-11.9469,0
01884,EPRINT集團,2,1,1,2026-07-29,2026-07-30,1,0,1,0,0,0,0,0,0,0,,-6.8702,0,,0
01889,三愛健康集團,4,4,85,2025-08-13,2026-01-13,3,1,2,1,0,0,0,0,0,0,,-12.7451,0,15.6863,0
01891,興合控股,2,2,110,2026-05-14,2026-09-01,2,1,1,0,0,0,0,0,0,0,,2.139,0,-10.1604,0
01894,恆益控股,9,8,92,2025-09-23,2026-09-02,5,1,2,1,1,0,1,0,1,0,RIGHTS,2.4194,0,-4.8387,0
01895,鑫苑服務,5,5,151,2025-06-26,2026-05-11,4,1,2,1,0,0,0,0,0,0,,10.5618,0,21.3483,0
01900,中國智能交通,4,4,128,2025-08-26,2026-02-23,3,1,2,1,0,0,0,0,0,0,,-1.6393,0,-1.6393,0
01901,飛揚集團,3,3,246,2025-07-30,2026-09-01,3,1,2,1,0,0,0,0,0,0,,20.3125,0,6.25,0
01903,JBB BUILDERS,3,3,54,2025-09-25,2026-01-06,3,1,2,1,0,0,0,0,0,0,,28.8732,0,3.5211,0
01909,火岩控股,6,6,117,2025-07-09,2026-08-27,5,1,2,1,1,0,1,0,0,0,RIGHTS,-23.1812,0,-13.5563,0
01912,康特隆,4,3,217,2025-09-23,2026-05-04,2,1,2,1,0,0,0,0,0,0,,-21.875,0,-27.0833,0
01917,豆盟科技,2,2,125,2025-07-15,2025-11-17,2,1,1,0,0,0,0,0,0,0,,-9.434,0,9.434,0
01920,巨美集團,2,2,17,2025-11-11,2025-11-28,1,0,1,0,0,0,0,0,0,0,,-11.4943,0,33.3333,0
01925,曠世芳香,3,3,24,2025-07-29,2025-08-26,1,0,1,0,0,0,0,0,0,0,,-7.6923,0,-11.9658,0
01927,久久王,3,3,18,2026-04-17,2026-05-22,1,0,1,0,0,0,0,0,0,0,,16.2921,0,27.5281,0
01932,中漆集團,1,1,0,2026-04-22,2026-04-22,1,0,1,0,0,0,0,0,0,0,,-29.4118,0,-51.4706,0
01933,元力控股,4,4,98,2026-02-27,2026-07-29,3,1,1,0,0,0,0,0,0,0,,2.6786,0,-8.4821,0
01936,利特米,2,2,203,2025-07-21,2026-02-09,2,1,2,1,0,0,0,0,0,0,,-5.2632,0,12.2807,0
01937,佳辰控股,1,1,0,2025-10-14,2025-10-14,1,0,1,0,0,0,0,0,0,0,,-25.1724,0,-35.1724,0
01938,珠江鋼管,5,5,136,2025-07-14,2026-05-19,3,1,2,1,0,0,0,0,0,0,,10.4478,0,32.8358,0
01939,上善黃金,3,3,25,2026-08-06,2026-09-03,1,0,1,0,0,0,0,0,0,0,,6.0,0,,0
01940,CGII HLDGS,1,1,0,2025-08-27,2025-08-27,1,0,1,0,0,0,0,0,0,0,,-1.4925,0,5.9701,0
01941,燁星集團,1,1,0,2026-02-16,2026-02-16,1,0,1,0,0,0,0,0,0,0,,25.0,0,52.0833,0
01942,馬可數字科技,5,4,165,2025-10-02,2026-07-24,3,1,2,1,0,0,0,0,0,0,,-11.4907,0,-31.0559,0
01943,金石控股集團,1,1,0,2026-02-06,2026-02-06,1,0,1,0,1,0,0,1,0,0,PLACING,-11.25,0,-18.75,0
01945,清科控股,6,6,102,2025-07-04,2026-03-13,3,1,2,1,0,0,0,0,0,0,,27.619,0,22.8571,0
01949,佰達國際控股,13,11,95,2025-07-04,2026-08-19,5,1,2,1,1,0,0,0,1,0,CONSOLIDATION,91.4286,0,171.4286,0
01950,帝王實業控股,1,1,0,2026-03-05,2026-03-05,1,0,1,0,1,0,0,1,0,0,PLACING,9.9291,0,-22.695,0
01953,賽孚迅國際,5,5,102,2025-08-19,2026-03-26,3,1,2,1,0,0,0,0,0,0,,-12.4294,0,-5.0847,0
01955,莊臣控股,3,3,143,2025-08-18,2026-02-12,2,1,2,1,0,0,0,0,0,0,,-4.7544,0,-14.4216,0
01957,大人國際,3,3,207,2025-10-03,2026-08-10,3,1,2,1,0,0,0,0,0,0,,-16.9811,0,-15.0943,0
01959,中聚投資,6,5,241,2025-10-09,2026-07-20,2,1,2,1,1,1,0,0,0,0,GO,178.4314,0,613.7255,0
01960,TBKS HLDGS,1,1,0,2026-01-12,2026-01-12,1,0,1,0,0,0,0,0,0,0,,8.6957,0,-9.7826,0
01961,多牛科技,4,4,231,2025-06-27,2026-03-31,3,1,2,1,0,0,0,0,0,0,,-14.4737,0,-34.2105,0
01962,訓修實業,10,10,145,2025-08-21,2026-08-26,4,1,2,1,0,0,0,0,0,0,,5.5804,0,-6.6964,0
01965,朗詩綠色生活,1,1,0,2026-04-29,2026-04-29,1,0,1,0,0,0,0,0,0,0,,-7.0922,0,-4.9645,0
01966,中駿集團控股,3,3,208,2025-07-10,2026-06-30,3,1,2,1,0,0,0,0,0,0,,-12.8205,0,-11.1111,0
01967,信懇智能,5,4,213,2025-07-10,2026-05-05,3,1,2,1,0,0,0,0,0,0,,13.9785,0,-3.2258,0
01968,興紡控股,1,1,0,2026-04-28,2026-04-28,1,0,1,0,0,0,0,0,0,0,,-20.0,0,-10.7317,0
01971,弘陽服務,1,1,0,2025-10-16,2025-10-16,1,0,1,0,0,0,0,0,0,0,,43.6364,0,49.0909,0
01975,新興印刷,1,1,0,2026-06-04,2026-06-04,1,0,1,0,0,0,0,0,0,0,,0.0,0,2.4096,0
01978,敘福樓集團,2,2,338,2025-09-16,2026-08-20,2,1,2,1,0,0,0,0,0,0,,-9.7561,0,-9.7561,0
01980,天鴿互動,4,3,55,2025-07-18,2025-10-28,2,1,1,0,1,1,0,0,0,0,GO,1.5625,0,-3.125,0
01985,美高域,9,9,97,2025-08-04,2026-08-26,5,1,2,1,0,0,0,0,0,0,,1.9355,0,-12.2581,0
01986,彩客新能源,3,3,182,2025-11-11,2026-07-23,3,1,2,1,0,0,0,0,0,0,,-13.1148,0,5.4645,0
01987,BENG SOON MACH,6,6,137,2025-06-26,2026-07-29,5,1,2,1,0,0,0,0,0,0,,0.7353,0,44.8529,0
01991,大洋集團,4,4,44,2025-07-04,2025-09-19,1,0,1,0,0,0,0,0,0,0,,-4.0,0,90.6667,0
01993,雅仕維,2,2,26,2025-07-23,2025-08-18,1,0,1,0,0,0,0,0,0,0,,-19.5122,0,-7.3171,0
01996,弘陽地產,2,2,356,2025-09-12,2026-09-03,2,1,2,1,0,0,0,0,0,0,,-21.8182,0,-27.2727,0
02000,晨訊科技,3,3,201,2025-09-09,2026-06-01,3,1,2,1,0,0,0,0,0,0,,-13.2353,0,2.9412,0
02008,鳳凰衛視,3,3,156,2025-09-22,2026-03-24,2,1,2,1,0,0,0,0,0,0,,-12.3596,0,-6.7416,0
02012,陽光油砂,5,4,174,2025-09-15,2026-08-24,4,1,2,1,1,0,0,1,0,1,PLACING,-33.3333,0,-27.2727,0
02017,滄海控股,3,2,296,2025-09-24,2026-07-20,2,1,2,1,0,0,0,0,0,0,,-20.2703,0,-33.7838,0
02022,遊萊互動,3,3,254,2025-08-14,2026-05-21,2,1,2,1,0,0,0,0,0,0,,8.8235,0,-23.5294,0
02023,中國綠島科技,2,2,101,2026-01-27,2026-05-08,2,1,1,0,0,0,0,0,0,0,,6.6667,0,4.0,0
02028,映美控股,5,3,288,2025-08-12,2026-06-22,2,1,2,1,0,0,0,0,0,0,,-39.0135,0,-61.435,0
02030,卡賓,1,1,0,2026-05-07,2026-05-07,1,0,1,0,0,0,0,0,0,0,,0.0,0,-1.5385,0
02031,澳至尊,1,1,0,2025-06-27,2025-06-27,1,0,1,0,0,0,0,0,0,0,,6.9444,0,-6.9444,0
02048,易居企業控股,5,5,255,2025-11-24,2026-09-01,2,1,2,1,0,0,0,0,0,0,,-1.4085,0,-4.2254,0
02080,奧克斯國際,2,2,233,2025-09-17,2026-05-08,2,1,2,1,0,0,0,0,0,0,,-8.4906,0,-30.1887,0
02098,卓爾智聯,2,2,48,2026-07-09,2026-08-26,1,0,1,0,0,0,0,0,0,0,,-8.5714,0,,0
02100,百奧家庭互動,1,1,0,2026-07-31,2026-07-31,1,0,1,0,0,0,0,0,0,0,,-14.2857,0,,0
02101,福祿控股,4,4,216,2025-08-29,2026-07-22,3,1,2,1,0,0,0,0,0,0,,4.4494,0,15.4616,0
02102,德利機械,2,2,161,2025-10-09,2026-03-19,2,1,2,1,0,0,0,0,0,0,,-2.0,0,2.0,0
02107,第一服務控股,3,3,64,2025-08-18,2025-10-27,2,1,1,0,0,0,0,0,0,0,,-8.4967,0,-16.6667,0
02108,K2 F&B,4,4,120,2025-08-22,2026-03-27,2,1,2,1,0,0,0,0,0,0,,4.2654,0,9.0047,0
02110,天成控股,7,7,98,2025-10-03,2026-04-16,3,1,2,1,1,0,0,1,0,0,PLACING,63.1148,0,-15.5738,0
02112,恩典生命科技,3,3,236,2025-10-08,2026-06-26,2,1,2,1,0,0,0,0,0,0,,-4.5455,0,-9.0909,0
02113,世紀集團國際,4,4,363,2025-08-12,2026-08-14,2,1,2,1,0,0,0,0,0,0,,-11.0294,0,-40.4412,0
02116,江蘇創新,1,1,0,2026-02-05,2026-02-05,1,0,1,0,0,0,0,0,0,0,,14.7059,0,4.4118,0
02120,康寧醫院,2,2,258,2025-12-18,2026-09-02,2,1,2,1,0,0,0,0,0,0,,-1.5573,0,-13.6005,0
02122,凱知樂國際,5,5,288,2025-08-07,2026-08-20,3,1,2,1,0,0,0,0,0,0,,59.7403,0,187.013,0
02125,稻草熊娛樂,3,2,240,2025-08-18,2026-04-16,2,1,2,1,0,0,0,0,0,0,,-8.5714,0,-20.0,0
02129,LEGION CONSO,5,4,133,2025-12-08,2026-08-03,4,1,2,1,0,0,0,0,0,0,,-5.625,0,-3.75,0
02132,譽燊豐控股,4,4,156,2025-08-12,2026-02-26,2,1,2,1,0,0,0,0,0,0,,-11.7117,0,52.2523,0
02135,瑞麗醫美,3,3,133,2025-07-31,2026-03-31,3,1,2,1,0,0,0,0,0,0,,-8.5271,0,-7.7519,0
02136,利福中國,3,3,151,2025-08-14,2026-04-29,3,1,2,1,0,0,0,0,0,0,,-3.7037,0,-7.4074,0
02138,醫思健康,1,1,0,2026-01-29,2026-01-29,1,0,1,0,0,0,0,0,0,0,,-22.7273,0,-29.5455,0
02146,榮萬家,4,4,316,2025-07-16,2026-06-24,2,1,2,1,0,0,0,0,0,0,,-4.6875,0,3.9062,0
02147,正味集團,2,2,69,2025-08-13,2025-10-21,2,1,1,0,1,0,0,1,1,0,CONSOLIDATION,-8.3333,0,-6.25,0
02153,達豐設備,1,1,0,2026-06-26,2026-06-26,1,0,1,0,0,0,0,0,0,0,,7.6923,0,,0
02159,麥迪衛康,3,3,231,2025-07-14,2026-04-27,3,1,2,1,0,0,0,0,0,0,,166.1017,0,98.3051,0
02165,領悅服務集團,3,3,282,2025-08-19,2026-06-03,2,1,2,1,0,0,0,0,0,0,,25.8621,0,10.3448,0
02167,天潤雲,6,6,168,2025-07-31,2026-09-04,3,1,2,1,0,0,0,0,0,0,,-12.1704,0,16.2272,0
02168,佳兆業美好,2,2,49,2025-12-17,2026-02-04,2,1,2,1,0,0,0,0,0,0,,-8.0882,0,-20.5882,0
02170,貝康醫療-B,2,2,11,2026-08-24,2026-09-04,1,0,1,0,0,0,0,0,0,0,,,0,,0
02176,賽迪顧問,1,1,0,2026-08-10,2026-08-10,1,0,1,0,0,0,0,0,0,0,,-4.0816,0,,0
02177,優趣匯控股,4,3,95,2025-07-31,2025-12-08,2,1,1,0,0,0,0,0,0,0,,-15.2542,0,-12.5424,0
02178,百勤油服,4,3,175,2025-07-14,2026-03-03,2,1,2,1,0,0,0,0,0,0,,1.3158,0,-10.5263,0
02187,智欣集團控股,6,4,96,2025-07-30,2026-01-06,3,1,2,1,1,0,0,1,0,0,PLACING,-10.6383,0,-19.1489,0
02189,嘉濤(香港)控股,5,5,91,2025-09-24,2026-06-30,4,1,2,1,0,0,0,0,0,0,,-3.3333,0,0.0,0
02193,萬景控股,2,2,51,2026-02-23,2026-04-15,2,1,1,0,0,0,0,0,0,0,,-9.6774,0,40.3226,0
02195,盈匯企業控股,2,2,36,2025-08-04,2025-09-09,1,0,1,0,0,0,0,0,0,0,,0.0,0,-9.434,0
02197,三葉草生物-B,1,1,0,2025-07-17,2025-07-17,1,0,1,0,0,0,0,0,0,0,,33.3333,0,514.5833,0
02203,腦洞科技,6,5,131,2025-08-07,2026-05-05,3,1,2,1,0,0,0,0,0,0,,-13.2075,0,-0.4717,0
02205,康橋悅生活,3,2,165,2025-07-03,2025-12-16,2,1,1,0,0,0,0,0,0,0,,4.4118,0,-8.8235,0
02210,京城佳業,2,2,282,2025-08-04,2026-05-13,2,1,2,1,0,0,0,0,0,0,,3.4614,0,-8.9997,0
02211,大健康國際,7,6,185,2025-09-25,2026-07-31,3,1,2,1,0,0,0,0,0,0,,-6.6667,0,-2.7778,0
02212,高鵬礦業,3,2,92,2025-06-26,2025-09-29,2,1,1,0,0,0,0,0,0,0,,4.0,0,48.0,0
02215,德信服務集團,2,1,1,2026-08-03,2026-08-04,1,0,1,0,0,0,0,0,0,0,,62.2517,0,,0
02221,創業集團控股,4,4,220,2025-07-30,2026-08-06,3,1,2,1,1,0,0,1,0,0,PLACING,-4.878,0,21.9512,0
02222,雷士國際,1,1,0,2025-08-27,2025-08-27,1,0,1,0,0,0,0,0,0,0,,-10.1124,0,-21.3483,0
02223,卡撒天嬌,4,4,219,2025-10-30,2026-08-03,2,1,2,1,0,0,0,0,0,0,,-4.4118,0,19.1176,0
02226,老恆和釀造,1,1,0,2026-08-31,2026-08-31,1,0,1,0,0,0,0,0,0,0,,,0,,0
02227,守益控股,7,7,128,2025-09-04,2026-08-14,5,1,2,1,0,0,0,0,0,0,,-24.3243,0,-27.7027,0
02230,羚邦集團,1,1,0,2026-04-22,2026-04-22,1,0,1,0,0,0,0,0,0,0,,-9.3496,0,-21.9512,0
02231,景業名邦集團,6,5,245,2025-09-10,2026-08-21,3,1,2,1,0,0,0,0,0,0,,-37.931,0,-50.0,0
02237,中國石墨,3,3,57,2025-08-06,2025-10-10,2,1,1,0,0,0,0,0,0,0,,-10.5263,0,2.6316,0
02239,國微控股,3,2,43,2026-05-27,2026-07-10,2,1,1,0,0,0,0,0,0,0,,-17.7632,0,-8.5526,0
02246,快狗打車,1,1,0,2026-08-31,2026-08-31,1,0,1,0,0,0,0,0,0,0,,,0,,0
02250,小黃鴨德盈,5,5,79,2025-11-28,2026-05-26,3,1,2,1,1,0,0,1,0,0,PLACING,-4.0404,0,-21.2121,0
02251,鷹瞳科技-B,1,1,0,2026-08-25,2026-08-25,1,0,1,0,0,0,0,0,0,0,,,0,,0
02257,聖諾醫藥-B,1,1,0,2025-07-04,2025-07-04,1,0,1,0,0,0,0,0,0,0,,29.0271,0,130.622,0
02258,華滋國際海洋,2,2,243,2025-10-03,2026-06-03,2,1,2,1,0,0,0,0,0,0,,-34.2561,0,-24.2215,0
02260,環龍控股,2,2,126,2026-04-08,2026-08-12,2,1,1,0,0,0,0,0,0,0,,-9.1603,0,-6.8702,0
02262,梁志天設計集團,2,1,3,2026-07-31,2026-08-03,1,0,1,0,0,0,0,0,0,0,,-10.2041,0,,0
02263,富石金融,5,5,152,2025-06-26,2026-06-24,4,1,2,1,0,0,0,0,0,0,,49.2147,0,36.1257,0
02266,黎氏企業,2,2,147,2025-07-02,2025-11-26,2,1,1,0,0,0,0,0,0,0,,-5.1724,0,18.9655,0
02280,慧聰集團,2,2,9,2025-09-15,2025-09-24,1,0,1,0,0,0,0,0,0,0,,46.4646,0,2.0202,0
02281,興瀘水務,2,2,129,2026-03-30,2026-08-06,2,1,1,0,0,0,0,0,0,0,,3.2051,0,0.0,0
02286,辰興發展,2,2,341,2025-08-29,2026-08-05,2,1,2,1,0,0,0,0,0,0,,-6.8,0,-26.0,0
02288,宏基資本,2,2,95,2025-07-24,2025-10-27,2,1,1,0,0,0,0,0,0,0,,-1.25,0,-23.75,0
02289,創美藥業,3,3,329,2025-07-22,2026-07-03,2,1,2,1,0,0,0,0,0,0,,-15.3917,0,-20.0092,0
02295,豐城控股,1,1,0,2026-05-20,2026-05-20,1,0,1,0,1,1,0,0,0,0,GO,3.8251,0,227.8689,0
02297,潤邁德-B,3,3,205,2025-07-21,2026-04-15,3,1,2,1,0,0,0,0,0,0,,7.2464,0,-7.2464,0
02298,都市麗人,6,6,94,2025-08-26,2026-05-26,3,1,2,1,0,0,0,0,0,0,,-20.3046,0,-25.3807,0
02310,時代環球集團,2,2,107,2026-02-11,2026-05-29,2,1,1,0,0,0,0,0,0,0,,10.2564,0,25.641,0
02312,LONG投資集團,1,1,0,2026-04-17,2026-04-17,1,0,1,0,1,0,0,1,0,0,PLACING,-23.3766,0,-51.9481,0
02320,合豐集團,5,2,41,2026-07-21,2026-09-03,1,0,1,0,0,0,0,0,0,0,,196.5116,0,,0
02321,雙財莊,2,1,3,2026-01-09,2026-01-12,1,0,1,0,0,0,0,0,0,0,,10.3448,0,17.2414,0
02322,新質數字,5,5,44,2026-04-24,2026-09-04,2,1,1,0,0,0,0,0,0,0,,-5.9406,0,-21.7822,0
02324,首都創投,3,3,151,2025-12-22,2026-06-09,3,1,2,1,0,0,0,0,0,0,,13.8686,0,-3.6496,0
02325,雲康集團,2,2,43,2025-10-15,2025-11-27,1,0,1,0,0,0,0,0,0,0,,-25.7143,0,-30.0,0
02326,新源萬恆控股,3,3,39,2025-09-05,2025-10-27,2,1,1,0,0,0,0,0,0,0,,-9.0909,0,-9.0909,0
02330,中國上城,6,6,239,2025-08-28,2026-06-12,3,1,2,1,1,0,0,1,0,0,PLACING,21.1009,0,404.5872,0
02336,碩奧國際,4,3,302,2025-07-22,2026-07-02,2,1,2,1,0,0,0,0,0,0,,0.0,0,117.7778,0
02340,升柏控股,2,2,16,2025-09-16,2025-10-02,2,1,1,0,1,0,0,1,0,0,PLACING,-1.6129,0,-10.2151,0
02349,中國智能基礎設施,5,5,277,2025-07-10,2026-07-27,3,1,2,1,0,0,0,0,0,0,,-16.4557,0,-11.3924,0
02350,數科集團,3,3,281,2025-08-05,2026-06-02,2,1,2,1,1,0,0,1,0,0,PLACING,7.3069,0,-6.0543,0
02358,久融控股,7,7,123,2025-07-18,2026-08-27,5,1,2,1,0,0,0,0,0,0,,-8.3333,0,-8.3333,0
02369,酷派集團,2,2,182,2025-11-28,2026-05-29,2,1,2,1,0,0,0,0,0,0,,-26.7717,0,-48.8189,0
02370,力高健康生活,10,10,76,2025-10-13,2026-09-07,4,1,2,1,0,0,0,0,0,0,,-23.0769,0,0.0,0
02371,創聯控股,3,3,115,2025-09-15,2026-01-14,2,1,2,1,1,0,0,1,1,0,CONSOLIDATION,0.0,0,-14.2857,0
02372,偉立控股,5,5,88,2025-08-15,2026-05-27,4,1,2,1,0,0,0,0,0,0,,0.8584,0,-6.0086,0
02376,魯商服務,5,4,227,2025-07-10,2026-04-15,3,1,2,1,0,0,0,0,0,0,,4.7378,0,-7.8964,0
02377,博奇環保,4,4,236,2025-07-04,2026-06-15,3,1,2,1,0,0,0,0,0,0,,-1.2723,0,25.4453,0
02381,蜆殼電業,5,5,127,2025-08-06,2026-08-03,4,1,2,1,0,0,0,0,0,0,,1.0204,0,39.7959,0
02389,北京健康,3,3,65,2025-08-18,2025-12-10,2,1,1,0,0,0,0,0,0,0,,-2.2727,0,-13.6364,0
02392,玄武雲,6,5,158,2025-07-24,2026-09-03,4,1,2,1,0,0,0,0,0,0,,35.5556,0,-18.5185,0
02393,巨星醫療控股,3,3,96,2025-07-17,2026-01-06,3,1,2,1,0,0,0,0,0,0,,13.7255,0,-15.0327,0
02405,力盟科技,5,4,127,2025-11-04,2026-07-16,3,1,2,1,0,0,0,0,0,0,,-14.7826,0,-21.7391,0
02415,梅斯健康,8,8,131,2025-07-29,2026-08-10,4,1,2,1,0,0,0,0,0,0,,34.5572,0,2.9518,0
02422,潤歌互動,1,1,0,2025-09-25,2025-09-25,1,0,1,0,1,0,0,1,0,0,PLACING,16.3636,0,-1.8182,0
02427,GUANZE MEDICAL,4,4,75,2025-08-05,2026-01-16,3,1,2,1,0,0,0,0,0,0,,-15.4545,0,-7.2727,0
02433,中天湖南集團,6,5,100,2025-07-22,2026-04-13,4,1,2,1,0,0,0,0,0,0,,-19.8276,0,-29.3103,0
02438,出門問問,2,2,340,2025-07-28,2026-07-03,2,1,2,1,0,0,0,0,0,0,,36.0,0,32.0,0
02439,中寶新材,6,6,77,2026-01-16,2026-07-28,3,1,1,0,1,0,0,1,0,0,PLACING,1.8519,0,20.3704,0
02440,迷策略,3,3,57,2026-03-04,2026-05-12,2,1,1,0,0,0,0,0,0,0,,-24.878,0,-31.2195,0
02442,怡俊集團控股,1,1,0,2025-08-01,2025-08-01,1,0,1,0,1,1,0,0,0,0,GO,38.5417,0,50.5208,0
02455,潤華服務,2,2,132,2025-07-03,2025-11-12,2,1,1,0,0,0,0,0,0,0,,-13.2353,0,-1.4706,0
02457,步陽國際,1,1,0,2026-04-17,2026-04-17,1,0,1,0,0,0,0,0,0,0,,9.2308,0,10.7692,0
02458,望塵科技控股,6,6,111,2025-08-12,2026-07-21,5,1,2,1,0,0,0,0,0,0,,24.5833,0,32.2917,0
02459,升能集團,2,2,178,2026-02-23,2026-08-20,2,1,1,0,1,0,0,0,1,0,CONSOLIDATION,-17.9688,0,-56.25,1
02481,雙良睿能,2,2,28,2025-07-16,2025-08-13,1,0,1,0,0,0,0,0,0,0,,-4.1436,0,-18.3011,0
02482,維天運通,2,2,4,2025-11-27,2025-12-01,1,0,1,0,0,0,0,0,0,0,,5.7971,0,-13.0435,0
02483,K CASH集團,3,3,132,2025-08-29,2026-03-26,3,1,2,1,0,0,0,0,0,0,,1.4742,0,1.4742,0
02486,普樂師集團控股,1,1,0,2025-09-15,2025-09-15,1,0,1,0,0,0,0,0,0,0,,23.5669,0,-10.828,0
02496,友芝友生物-B,2,2,13,2026-05-29,2026-06-11,1,0,1,0,0,0,0,0,0,0,,-11.6279,0,-23.2558,0
02497,富景中國控股,5,5,106,2025-08-13,2026-08-25,5,1,2,1,0,0,0,0,0,0,,-7.3171,0,-29.2683,0
02501,邁越科技,6,5,129,2025-09-19,2026-07-22,4,1,2,1,0,0,0,0,0,0,,-6.3636,0,-17.2727,0
02502,金源氫化,1,1,0,2026-03-09,2026-03-09,1,0,1,0,0,0,0,0,0,0,,-12.5,0,8.9286,0
02503,中深建業,2,2,15,2026-07-06,2026-07-21,1,0,1,0,0,0,0,0,0,0,,53.4091,0,,0
02505,EDA集團控股,3,3,160,2025-10-21,2026-07-07,3,1,2,1,0,0,0,0,0,0,,-25.0,0,-22.1698,0
02515,天津建發,7,7,70,2026-01-02,2026-08-31,3,1,1,0,1,0,0,1,0,0,PLACING,17.5824,0,13.1868,0
02516,泛遠國際,3,3,50,2025-10-30,2026-01-02,2,1,2,1,1,0,0,1,0,0,PLACING,-1.4925,0,61.194,0
02521,升輝清潔,1,1,0,2025-07-21,2025-07-21,1,0,1,0,0,0,0,0,0,0,,6.25,0,10.9375,0
02528,尚晉國際控股,2,2,211,2025-10-06,2026-05-05,2,1,2,1,0,0,0,0,0,0,,31.1881,0,36.1386,0
02529,泓盈城市服務,2,1,1,2026-03-24,2026-03-25,1,0,1,0,0,0,0,0,0,0,,4.3541,0,-1.6691,0
02530,紐曼思,4,4,142,2025-06-27,2026-01-02,3,1,2,1,0,0,0,0,0,0,,4.7244,0,-6.2992,0
02535,泓基集團,1,1,0,2026-07-24,2026-07-24,1,0,1,0,1,1,0,0,0,0,GO,103.3708,0,,0
02536,百樂皇宮,4,4,29,2026-06-24,2026-08-28,2,1,1,0,0,0,0,0,0,0,,-20.1681,0,,0
02539,樂摩科技,1,1,0,2026-07-15,2026-07-15,1,0,1,0,0,0,0,0,0,0,,26.3041,0,,0
02540,樂思集團,9,9,127,2025-06-30,2026-07-24,5,1,2,1,0,0,0,0,0,0,,25.1908,0,13.7405,0
02543,大行科工,1,1,0,2026-06-05,2026-06-05,1,0,1,0,0,0,0,0,0,0,,-8.1404,0,26.386,0
02545,中贛通信,4,4,202,2025-07-22,2026-09-07,3,1,2,1,0,0,0,0,0,0,,23.0769,0,-1.9231,0
02562,獅騰控股,2,2,41,2026-06-11,2026-07-22,2,1,1,0,0,0,0,0,0,0,,-29.6875,0,-60.1562,0
02573,新琪安,3,3,191,2025-11-11,2026-08-14,3,1,2,1,0,0,0,0,0,0,,-5.0273,0,-24.5902,0
02581,明基醫院,1,1,0,2026-06-03,2026-06-03,1,0,1,0,0,0,0,0,0,0,,-15.3061,0,-4.932,0
02593,草姬集團,1,1,0,2026-05-05,2026-05-05,1,0,1,0,0,0,0,0,0,0,,-5.4545,0,-15.4545,0
02605,MetaLight,3,2,154,2026-03-26,2026-08-28,2,1,1,0,0,0,0,0,0,0,,-21.2291,0,-36.3128,0
02608,陽光100中國,6,6,174,2025-07-18,2026-08-21,4,1,2,1,0,0,0,0,0,0,,8.3333,0,0.0,0
02621,手回集團,1,1,0,2026-05-19,2026-05-19,1,0,1,0,0,0,0,0,0,0,,9.4771,0,-10.1307,0
02623,香港黃金產業集團,1,1,0,2025-10-13,2025-10-13,1,0,1,0,1,1,1,0,0,0,GO,180.8439,0,181.7816,0
02625,江蘇宏信,5,4,254,2025-08-01,2026-07-09,3,1,2,1,1,0,0,1,0,0,PLACING,10.3846,0,23.4615,0
02651,大眾口腔,5,5,217,2025-08-15,2026-07-29,4,1,2,1,0,0,0,0,0,0,,-15.2536,0,-33.0494,0
02663,應力控股,1,1,0,2025-09-01,2025-09-01,1,0,1,0,0,0,0,0,0,0,,3.2787,0,-9.8361,0
02671,美聯股份,5,5,122,2026-01-29,2026-08-11,2,1,1,0,0,0,0,0,0,0,,-29.9388,0,-21.6346,0
02680,南強控股,3,3,291,2025-09-11,2026-07-31,3,1,2,1,1,1,0,0,0,0,GO,64.271,0,123.2033,0
02682,潤利海事,2,2,45,2025-06-27,2025-08-11,2,1,1,0,0,0,0,0,0,0,,17.5926,0,50.0,0
02683,華新手袋國際控股,4,4,183,2025-11-13,2026-08-18,3,1,2,1,0,0,0,0,0,0,,12.7451,0,23.5294,0
02695,印象大紅袍,1,1,0,2026-08-13,2026-08-13,1,0,1,0,0,0,0,0,0,0,,,0,,0
02699,新明中國,9,8,113,2025-06-26,2026-08-05,5,1,2,1,0,0,0,0,0,0,,8.6384,0,37.0871,0
02728,金泰能源控股,4,4,130,2025-08-06,2026-03-02,3,1,2,1,0,0,0,0,0,0,,9.6774,0,-6.4516,0
02738,華津國際控股,1,1,0,2025-07-14,2025-07-14,1,0,1,0,0,0,0,0,0,0,,-21.1765,0,-32.9412,0
02779,中國新華教育,3,3,110,2026-04-01,2026-09-03,2,1,1,0,0,0,0,0,0,0,,-8.0,0,-38.0,0
02789,遠大中國,2,2,112,2025-08-15,2025-12-05,2,1,1,0,0,0,0,0,0,0,,7.767,0,41.7476,0
02863,高豐集團控股,8,6,169,2025-11-10,2026-09-03,3,1,2,1,0,0,0,0,0,0,,1.3699,0,-9.589,0
02878,晶門半導體,1,1,0,2026-07-17,2026-07-17,1,0,1,0,0,0,0,0,0,0,,-6.8966,0,,0
02881,武漢有機,3,2,43,2026-03-16,2026-04-29,2,1,1,0,0,0,0,0,0,0,,13.5424,0,126.3008,0
02882,金至尊集團,1,1,0,2025-08-20,2025-08-20,1,0,1,0,0,0,0,0,0,0,,-27.451,0,-42.1569,0
02885,彼岸控股,4,4,141,2025-08-15,2026-07-28,4,1,2,1,0,0,0,0,0,0,,22.4638,0,9.7826,0
03300,中國玻璃,2,2,89,2025-07-02,2025-09-29,1,0,1,0,0,0,0,0,0,0,,-2.7397,0,-26.0274,0
03301,融信中國,5,4,187,2025-07-10,2026-08-05,3,1,2,1,0,0,0,0,0,0,,-9.8712,0,-14.1631,0
03302,精技集團,5,4,207,2025-08-08,2026-05-06,2,1,2,1,0,0,0,0,0,0,,-13.4078,0,23.4637,0
03313,雅高控股,8,7,85,2025-10-02,2026-07-27,4,1,2,1,1,0,0,1,0,0,PLACING,-10.4938,0,-1.8519,0
03315,金邦達寶嘉,3,3,246,2025-08-14,2026-04-24,2,1,2,1,0,0,0,0,0,0,,3.6697,0,-16.5138,0
03321,中科集團控股,4,4,122,2025-07-22,2026-04-24,4,1,2,1,0,0,0,0,0,0,,10.1695,0,-6.7797,0
03322,永嘉集團,1,1,0,2026-02-24,2026-02-24,1,0,1,0,0,0,0,0,0,0,,-7.5949,0,-9.7046,0
03329,交銀國際,1,1,0,2025-06-26,2025-06-26,1,0,1,0,0,0,0,0,0,0,,100.0,0,72.3077,0
03348,中國鵬飛集團,2,2,143,2025-09-02,2026-01-23,2,1,2,1,0,0,0,0,0,0,,9.1743,0,28.5423,0
03366,華僑城(亞洲),5,4,59,2025-11-10,2026-03-27,2,1,2,1,0,0,0,0,0,0,,1.8182,0,5.4545,0
03368,百盛集團,2,2,49,2025-07-04,2025-08-22,1,0,1,0,0,0,0,0,0,0,,25.7143,0,104.2857,0
03389,亨得利,4,4,157,2025-06-27,2026-05-06,4,1,2,1,1,1,0,0,0,0,GO,0.0,0,0.0,0
03390,滿貫集團,3,3,47,2026-01-16,2026-04-16,2,1,1,0,0,0,0,0,0,0,,-7.2464,0,-23.1884,0
03395,吉星新能源,4,3,167,2025-08-28,2026-03-03,2,1,2,1,1,0,0,1,0,0,PLACING,8.9552,0,-25.3731,0
03398,華鼎控股,1,1,0,2026-04-23,2026-04-23,1,0,1,0,0,0,0,0,0,0,,-6.2992,0,-10.2362,0
03401,GXAI基礎設施,1,1,0,2026-07-17,2026-07-17,1,0,1,0,0,0,0,0,0,0,,8.4475,0,,0
03404,華夏印度,1,1,0,2026-07-20,2026-07-20,1,0,1,0,0,0,0,0,0,0,,2.2799,0,,0
03406,平安科技精選,2,2,34,2026-07-28,2026-08-31,1,0,1,0,0,0,0,0,0,0,,1.645,0,,0
03410,恆生日本東證一百,2,2,48,2026-07-17,2026-09-03,1,0,1,0,0,0,0,0,0,0,,9.8738,0,,0
03411,PP亞洲美債,1,1,0,2026-09-01,2026-09-01,1,0,1,0,0,0,0,0,0,0,,,0,,0
03418,華夏數字黃金,1,1,0,2026-08-05,2026-08-05,1,0,1,0,0,0,0,0,0,0,,3.5608,0,,0
03428,GX國壽港美,2,2,15,2026-08-19,2026-09-03,1,0,1,0,0,0,0,0,0,0,,,0,,0
03435,恆生招商七十美債,1,1,0,2026-07-20,2026-07-20,1,0,1,0,0,0,0,0,0,0,,-0.2425,0,,0
03444,恆生香港股票,2,2,6,2026-08-20,2026-08-26,1,0,1,0,0,0,0,0,0,0,,,0,,0
03448,GX中國科技,1,1,0,2026-08-21,2026-08-21,1,0,1,0,0,0,0,0,0,0,,,0,,0
03450,GX35美債,1,1,0,2026-07-16,2026-07-16,1,0,1,0,0,0,0,0,0,0,,0.1082,0,,0
03460,華夏SOL,2,2,21,2026-08-04,2026-08-25,1,0,1,0,0,0,0,0,0,0,,40.3117,0,,0
03477,平安東西精選,4,3,17,2026-07-28,2026-08-31,1,0,1,0,0,0,0,0,0,0,,3.3879,0,,0
03601,魯大師,2,2,140,2025-12-16,2026-05-05,2,1,2,1,0,0,0,0,0,0,,1.1111,0,-8.8889,0
03603,信基沙溪,3,3,247,2025-08-12,2026-05-13,2,1,2,1,0,0,0,0,0,0,,-18.1818,0,0.0,0
03623,中國金融發展,2,2,23,2025-11-17,2025-12-10,1,0,1,0,0,0,0,0,0,0,,-15.0794,0,-30.1587,0
03626,啟明東方控股,1,1,0,2025-10-31,2025-10-31,1,0,1,0,0,0,0,0,0,0,,22.8125,0,-27.5,0
03639,億達中國,5,5,204,2025-07-14,2026-09-02,4,1,2,1,0,0,0,0,0,0,,-8.4211,0,-26.3158,0
03662,星悅康旅,3,3,71,2026-03-25,2026-07-28,3,1,1,0,0,0,0,0,0,0,,-24.6753,0,-9.0909,0
03666,上海小南國,2,2,98,2025-08-22,2025-11-28,2,1,1,0,1,0,0,1,0,0,PLACING,-31.3725,0,-31.3725,0
03683,榮豐億控股,1,1,0,2025-07-25,2025-07-25,1,0,1,0,0,0,0,0,0,0,,11.7647,0,-2.3529,0
03686,祈福生活服務,1,1,0,2026-08-18,2026-08-18,1,0,1,0,0,0,0,0,0,0,,,0,,0
03688,萊蒙國際,1,1,0,2025-08-11,2025-08-11,1,0,1,0,0,0,0,0,0,0,,9.5238,0,0.0,0
03689,康華醫療,1,1,0,2025-12-05,2025-12-05,1,0,1,0,0,0,0,0,0,0,,-13.2979,0,-14.3617,0
03708,中國供應鏈產業,5,5,160,2025-09-11,2026-09-03,4,1,2,1,1,0,0,0,1,0,CONSOLIDATION,4.7619,0,90.4762,0
03728,正利控股,3,3,243,2025-08-05,2026-05-26,2,1,2,1,0,0,0,0,0,0,,66.6667,0,31.25,0
03773,銀盛數惠,1,1,0,2025-10-03,2025-10-03,1,0,1,0,0,0,0,0,0,0,,4.2683,0,0.0,0
03778,中國織材控股,1,1,0,2025-09-12,2025-09-12,1,0,1,0,0,0,0,0,0,0,,0.0,0,4.918,0
03789,禦佳控股,5,5,109,2026-01-16,2026-09-04,2,1,1,0,0,0,0,0,0,0,,-20.0,0,8.1818,0
03816,KFM金德,4,3,134,2025-09-11,2026-04-23,3,1,2,1,0,0,0,0,0,0,,-2.0408,0,-12.2449,0
03822,三和建築集團,4,4,181,2025-09-02,2026-06-29,3,1,2,1,0,0,0,0,0,0,,-9.375,0,36.4583,0
03828,明輝國際,2,2,350,2025-08-27,2026-08-12,2,1,2,1,0,0,0,0,0,0,,14.4578,0,8.4337,0
03830,童園國際,4,2,66,2026-01-29,2026-04-09,2,1,1,0,0,0,0,0,0,0,,69.0,0,86.0,0
03860,EPS創健科技,6,6,108,2025-07-28,2026-08-26,5,1,2,1,0,0,0,0,0,0,,8.5106,0,6.383,0
03878,VICON HOLDINGS,2,2,120,2026-01-15,2026-05-15,2,1,1,0,0,0,0,0,0,0,,2.8807,0,-10.2881,0
03882,天彩控股,5,5,182,2025-07-28,2026-05-22,3,1,2,1,0,0,0,0,0,0,,-8.4337,0,-10.8434,0
03883,中國奧園,1,1,0,2026-01-29,2026-01-29,1,0,1,0,0,0,0,0,0,0,,-26.8041,0,-37.1134,0
03893,易緯集團,2,2,27,2025-08-20,2025-09-16,1,0,1,0,0,0,0,0,0,0,,250.9615,0,400.0,0
03913,合景悠活,4,3,53,2026-02-12,2026-05-22,2,1,1,0,0,0,0,0,0,0,,-11.5044,0,-13.2743,0
03919,金力集團,4,4,192,2025-10-27,2026-08-07,3,1,2,1,0,0,0,0,0,0,,-7.3529,0,11.0294,0
03938,LFG投資控股,2,2,12,2025-07-18,2025-07-30,1,0,1,0,1,1,0,0,0,0,GO,253.5354,0,309.0909,0
03997,電訊首科,4,3,98,2026-04-20,2026-09-04,2,1,1,0,0,0,0,0,0,0,,53.6,0,56.0,0
06033,電訊數碼控股,3,3,293,2025-07-30,2026-07-14,3,1,2,1,0,0,0,0,0,0,,-2.6667,0,-6.6667,0
06036,光麗科技,1,1,0,2026-04-28,2026-04-28,1,0,1,0,0,0,0,0,0,0,,21.25,0,46.25,0
06038,信越控股,5,5,152,2025-08-28,2026-08-26,4,1,2,1,0,0,0,0,0,0,,-12.2066,0,-9.3897,0
06063,智中國際,3,3,205,2025-07-16,2026-02-10,2,1,2,1,0,0,0,0,0,0,,-17.5,0,-3.0,0
06068,光正教育,3,3,109,2025-08-01,2026-03-02,3,1,2,1,0,0,0,0,0,0,,-2.2901,0,-3.0534,0
06080,榮智控股,4,4,134,2025-08-29,2026-05-05,3,1,2,1,0,0,0,0,0,0,,34.4262,0,1.6393,0
06083,環宇物流(亞洲),3,2,67,2026-03-05,2026-05-12,2,1,1,0,1,1,0,0,0,0,GO,0.0,0,67.5676,0
06108,新銳醫藥,2,2,132,2025-09-17,2026-01-27,2,1,2,1,1,0,0,1,0,0,PLACING,-13.0952,0,-39.2857,0
06113,比特策略,2,2,38,2026-06-16,2026-07-24,2,1,1,0,0,0,0,0,0,0,,-6.7568,0,,0
06118,奧星生命科技,6,5,169,2025-06-26,2026-03-27,4,1,2,1,0,0,0,0,0,0,,157.1429,0,58.5714,0
06119,天源集團,2,2,45,2025-08-12,2025-09-26,1,0,1,0,0,0,0,0,0,0,,2.0408,0,40.8163,0
06123,圓通國際快遞,1,1,0,2026-08-10,2026-08-10,1,0,1,0,0,0,0,0,0,0,,-7.6923,0,,0
06128,烯石電車新材料,2,2,115,2026-02-03,2026-05-29,2,1,1,0,0,0,0,0,0,0,,-74.1525,0,-80.5085,0
06136,康達環保,3,3,125,2025-07-02,2025-11-24,2,1,1,0,1,1,0,0,0,0,GO,-4.1096,0,1.3699,0
06158,正榮地產,6,6,188,2025-07-10,2026-08-21,3,1,2,1,0,0,0,0,0,0,,17.3913,0,-10.8696,0
06162,天瑞汽車內飾,6,5,194,2025-09-02,2026-07-09,4,1,2,1,0,0,0,0,0,0,,92.5926,0,270.3704,0
06163,彭順國際,2,2,108,2026-03-17,2026-07-03,2,1,1,0,0,0,0,0,0,0,,-8.3333,0,45.0,0
06182,乙德投資控股,7,6,302,2025-08-20,2026-09-03,2,1,2,1,1,1,0,0,0,0,GO,36.9863,0,72.6027,0
06188,迪信通,5,4,223,2025-07-21,2026-05-27,3,1,2,1,0,0,0,0,0,0,,174.0741,0,3.7037,0
06193,泰林科建,2,2,209,2025-11-13,2026-06-10,2,1,2,1,0,0,0,0,0,0,,6.9959,0,23.4568,0
06610,飛天雲動,2,2,22,2026-03-24,2026-04-15,2,1,1,0,1,0,1,0,0,0,RIGHTS,44.4444,0,-30.7692,0
06663,國際永勝集團,7,7,190,2025-07-08,2026-08-03,4,1,2,1,0,0,0,0,0,0,,-25.5521,0,-17.9811,0
06676,找鋼網-W,2,2,54,2026-07-10,2026-09-02,1,0,1,0,0,0,0,0,0,0,,19.8413,0,,0
06677,遠洋服務,2,2,35,2025-07-14,2025-08-18,1,0,1,0,0,0,0,0,0,0,,-12.1581,0,-29.6353,0
06696,多想雲,1,1,0,2025-09-05,2025-09-05,1,0,1,0,0,0,0,0,0,0,,-0.7952,0,-2.5845,0
06811,太興集團,1,1,0,2025-08-11,2025-08-11,1,0,1,0,0,0,0,0,0,0,,12.1547,0,21.547,0
06812,永順控股香港,1,1,0,2026-01-30,2026-01-30,1,0,1,0,0,0,0,0,0,0,,-1.6393,0,4.918,0
06816,瑞港建設,2,2,56,2025-08-15,2025-10-10,2,1,1,0,0,0,0,0,0,0,,9.6154,0,-19.6154,0
06820,友誼時光,1,1,0,2026-08-21,2026-08-21,1,0,1,0,0,0,0,0,0,0,,,0,,0
06828,北京燃氣藍天,6,5,121,2025-12-10,2026-07-30,3,1,2,1,0,0,0,0,0,0,,-2.9412,0,11.7647,0
06829,龍升集團控股,3,3,302,2025-10-06,2026-08-26,2,1,2,1,0,0,0,0,0,0,,-4.7872,0,52.6596,0
06830,華眾車載,2,2,88,2025-10-16,2026-01-12,2,1,2,1,0,0,0,0,0,0,,-10.274,0,-18.8356,0
06839,雲南水務,1,1,0,2025-10-14,2025-10-14,1,0,1,0,0,0,0,0,0,0,,-3.8889,0,-17.2222,0
06860,指尖悅動,2,2,138,2025-07-18,2025-12-03,2,1,1,0,0,0,0,0,0,0,,-6.3025,0,-23.5294,0
06866,佐力科創,3,3,153,2025-06-26,2026-01-14,3,1,2,1,0,0,0,0,0,0,,1.4235,0,6.7616,0
06877,TE HEALTHCARE,3,2,81,2025-12-08,2026-03-02,2,1,2,1,0,0,0,0,0,0,,-3.4483,0,17.2414,0
06882,東瀛遊,2,2,48,2025-06-26,2025-08-13,2,1,1,0,0,0,0,0,0,0,,3.4783,0,-12.1739,0
06885,金馬能源,4,3,305,2025-07-28,2026-08-10,3,1,2,1,0,0,0,0,0,0,,19.6078,0,34.3137,0
06890,康利國際控股,3,2,92,2026-05-12,2026-08-13,2,1,1,0,0,0,0,0,0,0,,-21.1538,0,62.5,0
06893,衍生集團,4,4,272,2025-08-07,2026-08-10,3,1,2,1,0,0,0,0,0,0,,-1.3889,0,-12.963,0
06898,中國鋁罐,6,5,211,2025-07-09,2026-09-03,4,1,2,1,0,0,0,0,0,0,,-1.2547,0,-7.4028,0
06908,宏光半導體,3,3,133,2025-08-18,2026-03-13,3,1,2,1,1,0,0,1,0,0,PLACING,-14.9254,0,-32.8358,0
06909,百得利控股,6,6,105,2025-10-06,2026-05-21,2,1,2,1,0,0,0,0,0,0,,-16.441,0,-23.2108,0
06911,瀾滄古茶,2,2,86,2026-03-04,2026-05-29,2,1,1,0,0,0,0,0,0,0,,19.5219,0,-5.1793,0
06913,華南職業教育,2,2,289,2025-06-30,2026-04-15,2,1,2,1,0,0,0,0,0,0,,7.6923,0,17.3077,0
06918,九泰數智,7,7,141,2025-08-04,2026-06-23,4,1,2,1,0,0,0,0,0,0,,6.8323,0,19.2547,0
06919,人瑞人才,4,4,175,2025-07-23,2026-07-03,3,1,2,1,0,0,0,0,0,0,,1.9523,0,6.0738,0
06928,萬馬控股,4,4,103,2025-11-19,2026-05-08,2,1,2,1,0,0,0,0,0,0,,-26.6667,0,-20.0,0
06933,新娛科控股,7,5,135,2025-07-16,2026-04-02,4,1,2,1,0,0,0,0,0,0,,-1.1905,0,-14.2857,0
06939,美佳音控股,4,4,113,2025-09-22,2026-03-10,3,1,2,1,1,1,0,1,0,0,GO,20.4545,0,50.0,0
06959,長久股份,2,2,102,2026-05-11,2026-08-21,2,1,1,0,0,0,0,0,0,0,,-13.5204,0,-10.9694,0
06968,港龍中國地產,3,3,260,2025-07-10,2026-05-13,3,1,2,1,0,0,0,0,0,0,,2.3529,0,-1.1765,0
06978,永泰生物-B,2,2,90,2026-04-29,2026-07-28,2,1,1,0,0,0,0,0,0,0,,-25.7143,0,-65.2381,0
06988,樂享集團,6,6,201,2025-07-24,2026-09-07,3,1,2,1,0,0,0,0,0,0,,-17.5325,0,-15.5844,0
06989,卓越商企服務,4,4,94,2026-02-04,2026-08-24,3,1,1,0,0,0,0,0,0,0,,-6.4103,0,-1.2821,0
07777,南方東英 Berkshire 每日槓桿最多 (2x) 產品,1,1,0,2026-08-10,2026-08-10,1,0,1,0,0,0,0,0,0,0,,-9.0206,0,,0
08003,世大控股,1,1,0,2025-08-07,2025-08-07,1,0,1,0,0,0,0,0,0,0,,-29.8913,0,-29.3478,0
08007,環球戰略集團,12,12,90,2025-07-21,2026-08-27,5,1,2,1,0,0,0,0,0,0,,0.0,0,9.7046,0
08018,匯財金融投資,3,3,136,2025-07-07,2026-01-30,2,1,2,1,0,0,0,0,0,0,,-18.4211,0,15.7895,0
08019,皓文控股,2,2,21,2025-12-01,2025-12-22,1,0,1,0,0,0,0,0,0,0,,-28.1768,0,32.5967,0
08021,匯隆控股,6,5,162,2025-08-05,2026-08-28,4,1,2,1,0,0,0,0,0,0,,-10.0,0,-25.0,0
08023,鄺文記,2,2,162,2025-11-11,2026-04-22,2,1,2,1,0,0,0,0,0,0,,-8.0645,0,11.2903,0
08026,朗華國際集團,1,1,0,2025-08-28,2025-08-28,1,0,1,0,0,0,0,0,0,0,,16.0,0,9.3333,0
08027,吉輝控股,3,3,277,2025-09-12,2026-07-03,3,1,2,1,0,0,0,0,0,0,,29.0,0,76.0,0
08028,天時資源,3,3,140,2025-08-21,2026-01-20,2,1,2,1,0,0,0,0,0,0,,-12.5,0,-22.5,0
08029,中投金融科技集團,8,7,107,2025-10-06,2026-08-24,4,1,2,1,0,0,0,0,0,0,,11.3208,0,12.2642,0
08031,易通訊集團,4,4,72,2026-01-20,2026-06-23,2,1,1,0,1,0,0,1,0,0,PLACING,-27.5362,0,-44.9275,0
08035,駿高控股,3,3,258,2025-08-05,2026-07-23,3,1,2,1,0,0,0,0,0,0,,-21.1111,0,-31.1111,0
08036,電子交易集團,1,1,0,2026-01-20,2026-01-20,1,0,1,0,0,0,0,0,0,0,,13.0435,0,39.1304,0
08037,中國生物科技服務,3,3,29,2026-07-07,2026-09-03,1,0,1,0,0,0,0,0,0,0,,6.7797,0,,0
08042,高奧士人才集團,1,1,0,2026-05-21,2026-05-21,1,0,1,0,0,0,0,0,0,0,,-6.0241,0,-8.4337,0
08050,城市酷選,4,4,240,2025-07-23,2026-06-25,3,1,2,1,1,1,0,0,1,0,GO,47.619,0,111.9048,0
08051,訊智海,1,1,0,2026-09-01,2026-09-01,1,0,1,0,0,0,0,0,0,0,,,0,,0
08052,陸慶娛樂,2,2,174,2025-08-13,2026-02-03,2,1,2,1,0,0,0,0,0,0,,-38.2609,0,-57.3913,0
08056,生活概念,1,1,0,2026-05-04,2026-05-04,1,0,1,0,0,0,0,0,0,0,,-10.7692,0,-23.6923,0
08057,麥迪森控股,1,1,0,2026-07-13,2026-07-13,1,0,1,0,0,0,0,0,0,0,,12.5,0,,0
08059,朝威控股,3,3,118,2025-11-20,2026-05-15,3,1,2,1,0,0,0,0,0,0,,-9.375,0,12.5,0
08069,飛道旅遊科技,3,3,78,2026-01-14,2026-05-27,2,1,1,0,1,0,0,0,1,0,CONSOLIDATION,-34.5455,0,-60.0,0
08070,僑洋國際控股,3,2,91,2026-02-26,2026-05-29,2,1,1,0,0,0,0,0,0,0,,-8.6957,0,-4.3478,0
08071,中彩網通控股,2,2,156,2025-11-17,2026-04-22,2,1,2,1,1,0,0,0,1,0,CONSOLIDATION,-3.4483,0,-13.7931,0
08072,蘭谷股份,14,14,55,2025-09-30,2026-08-31,5,1,2,1,0,0,0,0,0,0,,0.0,0,6.7797,0
08076,新利軟件,1,1,0,2026-01-26,2026-01-26,1,0,1,0,0,0,0,0,0,0,,-23.5294,0,-23.5294,0
08079,曌生命,2,2,347,2025-08-21,2026-08-03,2,1,2,1,0,0,0,0,0,0,,17.6471,0,5.8824,0
08081,白居易控股,6,5,92,2025-09-18,2026-06-01,4,1,2,1,0,0,0,0,0,0,,5.5556,0,-16.6667,0
08082,擎華控股,3,3,83,2026-04-08,2026-09-02,2,1,1,0,0,0,0,0,0,0,,10.0,0,-64.0,0
08087,中國三三集團,2,2,13,2025-07-03,2025-07-16,1,0,1,0,0,0,0,0,0,0,,236.8421,0,251.462,0
08090,寶蓋新材,2,2,16,2026-08-05,2026-08-21,1,0,1,0,0,0,0,0,0,0,,-2.4605,0,,0
08092,ITE HOLDINGS,3,2,214,2025-07-03,2026-02-03,2,1,2,1,0,0,0,0,0,0,,-33.3333,0,-17.7778,0
08093,瓦普思瑞元宇宙,3,2,73,2025-11-14,2026-01-29,2,1,2,1,0,0,0,0,0,0,,-11.0,0,0.0,0
08096,賞之味股權,3,3,190,2025-07-22,2026-06-18,3,1,2,1,0,0,0,0,0,0,,5.3097,0,7.9646,0
08103,HMVOD視頻,3,2,111,2025-10-14,2026-02-03,2,1,2,1,0,0,0,0,0,0,,-20.5021,0,-40.1674,0
08106,芯化蘭德,2,1,1,2025-07-28,2025-07-29,1,0,1,0,0,0,0,0,0,0,,47.1698,0,39.6226,0
08107,細葉榕科技,3,3,70,2025-09-08,2025-12-23,2,1,1,0,0,0,0,0,0,0,,39.4737,0,-13.1579,0
08111,中國科技產業集團,1,1,0,2025-09-16,2025-09-16,1,0,1,0,0,0,0,0,0,0,,-48.7342,0,-58.2278,0
08112,基石金融,2,2,350,2025-07-15,2026-06-30,2,1,2,1,0,0,0,0,0,0,,-18.6567,0,-4.4776,0
08113,時騰科技,1,1,0,2025-12-15,2025-12-15,1,0,1,0,1,0,1,0,0,0,RIGHTS,-7.3171,0,1.7073,0
08117,中國基礎能源,3,3,148,2025-07-15,2026-03-04,3,1,2,1,0,0,0,0,0,0,,-13.0,0,-9.0,0
08118,中資國際控股,5,5,39,2025-08-19,2025-11-17,2,1,1,0,0,0,0,0,0,0,,3.5714,0,12.5,0
08120,國農金融投資,7,7,147,2025-07-14,2026-05-13,4,1,2,1,0,0,0,0,0,0,,-6.6038,0,-3.7736,0
08121,國恩控股,5,5,250,2025-08-22,2026-08-26,3,1,2,1,0,0,0,0,0,0,,5.7471,0,-19.5402,0
08123,華億金控,4,4,240,2025-07-18,2026-07-14,4,1,2,1,0,0,0,0,0,0,,-9.1047,0,-9.1047,0
08125,榮記萬通,9,8,133,2025-07-29,2026-07-31,4,1,2,1,0,0,0,0,0,0,,1.7241,0,1.7241,0
08131,諾亞智能,7,5,105,2025-09-15,2026-06-11,4,1,2,1,0,0,0,0,0,0,,-7.8125,0,-36.7188,0
08132,百能國際能源,1,1,0,2026-03-02,2026-03-02,1,0,1,0,0,0,0,0,0,0,,-32.2835,0,-31.4961,0
08136,英馬斯集團,2,2,117,2026-01-09,2026-05-06,2,1,1,0,0,0,0,0,0,0,,-2.0833,0,-12.5,0
08139,長安仁恆,1,1,0,2026-08-31,2026-08-31,1,0,1,0,0,0,0,0,0,0,,,0,,0
08143,金威醫療,5,4,163,2025-07-02,2026-02-24,2,1,2,1,0,0,0,0,0,0,,12.605,0,35.2941,0
08146,怡園酒業,2,1,3,2025-11-28,2025-12-01,1,0,1,0,1,1,0,0,0,0,GO,,0,154.0323,0
08147,雲晶數智,1,1,0,2025-09-29,2025-09-29,1,0,1,0,0,0,0,0,0,0,,54.8387,0,40.3226,0
08148,悟喜生活,2,2,316,2025-10-02,2026-08-14,2,1,2,1,0,0,0,0,0,0,,163.6364,0,418.1818,0
08153,嘉鼎國際集團,4,4,125,2025-10-22,2026-04-28,3,1,2,1,1,0,1,1,0,0,RIGHTS,-23.7984,0,-13.2474,0
08158,中國再生醫學,2,2,160,2025-07-30,2026-01-06,2,1,2,1,0,0,0,0,0,0,,-7.8652,0,-33.7079,0
08159,新華聯合投資,1,1,0,2026-01-27,2026-01-27,1,0,1,0,0,0,0,0,0,0,,-0.9901,0,-31.6832,0
08160,GOLDWAY EDU,8,8,143,2025-07-21,2026-06-24,3,1,2,1,1,0,0,1,0,0,PLACING,46.8354,0,-16.4557,0
08162,港銀控股,1,1,0,2025-12-03,2025-12-03,1,0,1,0,0,0,0,0,0,0,,-6.5217,0,0.0,0
08163,聲揚集團,7,6,183,2025-08-01,2026-07-16,4,1,2,1,0,0,0,0,0,0,,-4.717,0,-5.6604,0
08168,寶積資本,2,2,182,2025-10-08,2026-04-08,2,1,2,1,1,0,0,1,0,0,PLACING,29.4118,0,81.1765,0
08176,超人智能,4,4,165,2025-08-06,2026-04-29,4,1,2,1,0,0,0,0,0,0,,-24.5283,0,-53.4591,0
08178,中國信息科技,6,5,134,2025-09-01,2026-08-14,5,1,2,1,1,0,0,1,0,0,PLACING,-36.8023,0,-85.0581,0
08179,百利達集團控股,1,1,0,2026-02-13,2026-02-13,1,0,1,0,0,0,0,0,0,0,,-7.6923,0,-7.6923,0
08186,浩盟控股,6,5,110,2025-07-24,2026-05-07,4,1,2,1,0,0,0,0,0,0,,-23.2323,0,-36.3636,0
08187,積木集團,11,8,105,2025-09-04,2026-09-02,5,1,2,1,0,0,0,0,0,0,,41.129,0,105.6452,0
08189,泰達生物,1,1,0,2026-08-13,2026-08-13,1,0,1,0,0,0,0,0,0,0,,,0,,0
08191,鴻偉亞洲,4,4,92,2026-01-30,2026-08-12,3,1,1,0,1,0,1,0,0,0,RIGHTS,0.7353,0,3.6765,0
08193,亞太金融投資,3,2,75,2026-02-06,2026-04-23,2,1,1,0,0,0,0,0,0,0,,-15.2174,0,-13.0435,0
08200,修身堂,2,2,117,2026-01-16,2026-05-13,2,1,1,0,0,0,0,0,0,0,,-13.8462,0,0.0,0
08201,寶聯控股,1,1,0,2026-01-27,2026-01-27,1,0,1,0,0,0,0,0,0,0,,-28.1879,0,-30.8725,0
08203,凱順控股,1,1,0,2026-07-29,2026-07-29,1,0,1,0,0,0,0,0,0,0,,2.2472,0,,0
08206,神通機器人教育,1,1,0,2025-08-27,2025-08-27,1,0,1,0,0,0,0,0,0,0,,-21.0526,0,,0
08208,永通萬國集團,2,2,43,2025-10-02,2025-11-14,1,0,1,0,1,1,0,0,0,0,GO,-6.6667,0,-4.7619,0
08217,菊福堂生物,5,4,108,2025-11-04,2026-04-17,3,1,2,1,0,0,0,0,0,0,,8.0,0,48.0,0
08219,恆偉集團控股,2,2,33,2026-01-29,2026-03-03,1,0,1,0,0,0,0,0,0,0,,1.3333,0,83.3333,0
08221,高裕金融,12,12,70,2025-08-01,2026-07-30,5,1,2,1,0,0,0,0,0,0,,7.9545,0,68.1818,0
08223,紫元元,3,3,217,2025-08-05,2026-06-08,3,1,2,1,0,0,0,0,0,0,,6.9307,0,-19.802,0
08225,中國醫療集團,1,1,0,2025-09-26,2025-09-26,1,0,1,0,0,0,0,0,0,0,,-15.1832,0,-24.0838,0
08226,樹熊金融集團,6,5,198,2025-06-26,2026-08-18,4,1,2,1,0,0,0,0,0,0,,-8.7838,0,-17.5676,0
08227,海天天線,4,3,168,2025-11-04,2026-06-10,2,1,2,1,0,0,0,0,0,0,,-40.0,0,-20.0,0
08229,未來數據集團,6,6,159,2025-08-08,2026-09-02,4,1,2,1,0,0,0,0,0,0,,12.766,0,27.6596,0
08232,一木集團,1,1,0,2026-07-27,2026-07-27,1,0,1,0,0,0,0,0,0,0,,-11.5789,0,,0
08237,華星控股,4,4,107,2026-04-08,2026-09-03,2,1,1,0,0,0,0,0,0,0,,359.0909,0,354.5455,0
08238,玖方數智,4,4,179,2025-09-19,2026-08-21,4,1,2,1,1,0,1,1,0,0,PLACING,4.2857,0,0.0,0
08239,首都金融控股,4,2,37,2025-07-15,2025-08-25,1,0,1,0,0,0,0,0,0,0,,191.1504,0,766.3717,0
08245,烽翼集團,7,7,181,2025-07-10,2026-07-30,4,1,2,1,0,0,0,0,0,0,,-10.9091,0,-29.5455,0
08246,中華燃氣,1,1,0,2025-10-06,2025-10-06,1,0,1,0,1,0,0,1,1,0,PLACING,-49.3671,0,-48.1013,0
08247,中生北控生物科技,2,1,1,2025-11-17,2025-11-18,1,0,1,0,0,0,0,0,0,0,,22.9412,0,191.1765,0
08250,都都控股,1,1,0,2025-10-08,2025-10-08,1,0,1,0,0,0,0,0,0,0,,-3.6145,0,-11.4458,0
08262,宏強控股,1,1,0,2025-07-29,2025-07-29,1,0,1,0,0,0,0,0,0,0,,-13.9535,0,-26.7442,0
08267,藍港互動,3,2,20,2025-06-26,2025-07-17,2,1,1,0,0,0,0,0,0,0,,103.0303,0,90.9091,0
08268,智城發展控股,4,4,165,2025-09-12,2026-03-27,3,1,2,1,1,0,0,1,0,0,PLACING,-21.0,0,-23.0,0
08269,倍升教育科技,4,4,179,2025-07-03,2026-05-04,4,1,2,1,0,0,0,0,0,0,,12.6437,0,0.0,0
08271,環球數碼創意,2,2,221,2025-08-08,2026-03-17,2,1,2,1,0,0,0,0,0,0,,4.6154,0,-12.3077,0
08275,中國新消費集團,10,9,134,2025-10-21,2026-08-21,4,1,2,1,1,0,0,1,0,0,PLACING,-14.1732,0,-1.5748,0
08277,駿東控股,2,2,22,2025-08-18,2025-09-09,1,0,1,0,0,0,0,0,0,0,,-30.4933,0,-33.1839,0
08280,中國數字視頻,1,1,0,2025-12-11,2025-12-11,1,0,1,0,0,0,0,0,0,0,,32.0755,0,39.6226,0
08281,中國金典集團,1,1,0,2026-04-30,2026-04-30,1,0,1,0,0,0,0,0,0,0,,-4.6154,0,0.0,0
08282,智傲控股,2,1,1,2025-11-03,2025-11-04,1,0,1,0,0,0,0,0,0,0,,9.6774,0,-8.0645,0
08283,中食民安,7,7,113,2025-07-15,2026-08-12,5,1,2,1,1,0,1,0,0,0,RIGHTS,-8.371,0,-14.0271,0
08285,森浩集團,1,1,0,2026-05-07,2026-05-07,1,0,1,0,0,0,0,0,0,0,,11.7647,0,17.6471,0
08286,長城微光,2,2,214,2025-07-28,2026-02-27,2,1,2,1,0,0,0,0,0,0,,-4.1096,0,-0.6849,0
08290,亞勢備份,2,1,1,2026-02-03,2026-02-04,1,0,1,0,0,0,0,0,0,0,,8.3333,0,79.1667,0
08291,港娛國際,1,1,0,2026-05-27,2026-05-27,1,0,1,0,1,0,1,0,0,0,RIGHTS,-26.2295,0,-22.2951,0
08292,VSING,1,1,0,2026-03-16,2026-03-16,1,0,1,0,0,0,0,0,0,0,,-37.0968,0,-32.2581,0
08293,星亞控股,4,4,99,2025-06-26,2025-12-24,2,1,1,0,0,0,0,0,0,0,,32.9787,0,115.9574,0
08300,今米房集團,1,1,0,2025-08-01,2025-08-01,1,0,1,0,0,0,0,0,0,0,,-23.9437,0,-10.5634,0
08305,聖唐控股,1,1,0,2026-05-11,2026-05-11,1,0,1,0,0,0,0,0,0,0,,-23.2558,0,-66.0465,0
08309,萬成環球控股,2,2,161,2026-02-04,2026-07-15,2,1,1,0,0,0,0,0,0,0,,-5.6338,0,-2.8169,0
08311,圓美光電,2,2,172,2025-12-12,2026-06-02,2,1,2,1,0,0,0,0,0,0,,-1.9481,0,-43.5065,0
08315,新都酒店,6,6,124,2025-08-20,2026-06-25,3,1,2,1,0,0,0,0,0,0,,-7.4074,0,-19.7531,0
08317,財華社集團,2,2,242,2025-10-06,2026-06-05,2,1,2,1,0,0,0,0,0,0,,-25.6,0,-33.6,0
08320,沛然環保,6,6,238,2025-06-27,2026-07-28,4,1,2,1,0,0,0,0,0,0,,0.0,0,0.0,0
08321,泰錦控股,8,8,64,2025-09-12,2026-04-08,4,1,2,1,1,0,0,1,0,0,PLACING,22.2222,0,344.4444,0
08326,同景新能源,8,8,105,2025-07-17,2026-08-20,5,1,2,1,0,0,0,0,0,0,,6.4103,0,5.1282,0
08328,信義儲電,1,1,0,2025-07-03,2025-07-03,1,0,1,0,0,0,0,0,0,0,,0.0,0,-8.1081,0
08329,海王英特龍,2,2,303,2025-09-08,2026-07-08,2,1,2,1,0,0,0,0,0,0,,2.6316,0,-7.8947,0
08340,紫荊國際金融,6,5,238,2025-07-08,2026-07-27,4,1,2,1,0,0,0,0,0,0,,61.9048,0,220.6349,0
08341,艾碩控股,1,1,0,2026-01-05,2026-01-05,1,0,1,0,0,0,0,0,0,0,,-5.0459,0,-17.4312,0
08350,立橋證券控股,7,6,292,2025-06-26,2026-08-17,4,1,2,1,0,0,0,0,0,0,,54.9296,0,39.4366,0
08356,進業控股,2,2,48,2026-04-30,2026-06-17,1,0,1,0,0,0,0,0,0,0,,-17.2414,0,-22.9885,0
08357,REPUBLIC HC,1,1,0,2025-11-28,2025-11-28,1,0,1,0,0,0,0,0,0,0,,40.0,0,107.0,0
08360,簡樸新生活,7,7,71,2025-10-13,2026-07-03,4,1,2,1,0,0,0,0,0,0,,-22.5806,0,-11.2903,0
08365,亦辰集團,2,1,3,2025-08-15,2025-08-18,1,0,1,0,1,0,0,1,0,1,CB,377.7778,0,346.6667,0
08366,浙江聯合投資,2,2,119,2025-07-28,2025-11-24,2,1,1,0,0,0,0,0,0,0,,2.5641,0,-23.0769,0
08367,倩碧控股,2,2,167,2025-08-26,2026-02-09,2,1,2,1,0,0,0,0,0,0,,-17.5439,0,17.5439,0
08368,中國創意控股,18,16,60,2025-07-22,2026-07-31,5,1,2,1,0,0,0,0,0,0,,-17.0,0,-37.0,0
08371,嘗高美集團,1,1,0,2026-05-07,2026-05-07,1,0,1,0,0,0,0,0,0,0,,-2.1053,0,0.0,0
08372,君百延集團,1,1,0,2026-04-16,2026-04-16,1,0,1,0,0,0,0,0,0,0,,-8.6957,0,-18.0124,0
08375,數盟資本,3,3,220,2025-12-29,2026-09-04,2,1,2,1,1,0,0,1,0,0,PLACING,60.1626,0,78.8618,0
08377,維港育馬,3,3,71,2025-07-29,2025-10-10,2,1,1,0,0,0,0,0,0,0,,19.697,0,-3.7879,0
08379,盈證國際,2,2,135,2026-01-19,2026-06-03,2,1,1,0,0,0,0,0,0,0,,8.2418,0,-5.4945,0
08385,萬里印刷,2,2,315,2025-10-27,2026-09-07,2,1,2,1,0,0,0,0,0,0,,10.9091,0,-47.2727,0
08392,舍圖控股,1,1,0,2025-10-27,2025-10-27,1,0,1,0,0,0,0,0,0,0,,-26.5625,0,-29.6875,0
08395,中顯智能齊家控股,6,6,76,2025-08-28,2026-04-22,4,1,2,1,0,0,0,0,0,0,,3.913,0,-14.7826,0
08400,亞洲先鋒娛樂,2,1,1,2026-05-07,2026-05-08,1,0,1,0,0,0,0,0,0,0,,29.4118,0,-15.2941,0
08401,華夏水務集團,5,5,226,2025-08-07,2026-07-27,3,1,2,1,0,0,0,0,0,0,,0.0,0,-23.1481,0
08402,高原之寶,1,1,0,2025-07-25,2025-07-25,1,0,1,0,0,0,0,0,0,0,,-13.4615,0,-21.7949,0
08403,德豐宿來,5,5,103,2025-10-10,2026-06-24,3,1,2,1,1,1,0,0,0,0,GO,2.7397,0,10.9589,0
08406,中國口腔產業,4,3,259,2025-09-10,2026-06-26,3,1,2,1,0,0,0,0,0,0,,-2.8571,0,-20.0,0
08412,新愛德集團,1,1,0,2025-08-26,2025-08-26,1,0,1,0,0,0,0,0,0,0,,-6.5574,0,11.4754,0
08413,亞洲富思,4,4,140,2025-10-13,2026-08-28,4,1,2,1,1,1,0,0,0,0,GO,0.8772,0,55.2632,0
08416,HM INTL HLDGS,2,2,244,2025-07-16,2026-03-17,2,1,2,1,0,0,0,0,0,0,,-10.0,0,-11.8182,0
08418,傲迪瑪汽車,1,1,0,2025-11-10,2025-11-10,1,0,1,0,0,0,0,0,0,0,,-13.6842,0,337.8947,0
08420,NEXION TECH,1,1,0,2026-02-03,2026-02-03,1,0,1,0,0,0,0,0,0,0,,17.9487,0,-15.3846,0
08422,WT集團,2,2,53,2026-01-29,2026-03-23,1,0,1,0,1,0,1,0,0,0,RIGHTS,-9.3023,0,-13.9535,0
08423,潪澔發展,1,1,0,2026-05-06,2026-05-06,1,0,1,0,0,0,0,0,0,0,,-30.6122,0,-51.0204,0
08425,興銘控股,2,2,283,2025-07-28,2026-05-07,2,1,2,1,0,0,0,0,0,0,,4.918,0,14.7541,0
08426,雅居投資控股,5,5,164,2025-08-28,2026-06-04,3,1,2,1,0,0,0,0,0,0,,2.1368,0,-14.9573,0
08427,萬順瑞強集團,1,1,0,2026-07-15,2026-07-15,1,0,1,0,0,0,0,0,0,0,,-15.7685,0,,0
08429,華美樂樂,1,1,0,2025-12-18,2025-12-18,1,0,1,0,0,0,0,0,0,0,,-1.6129,0,45.1613,0
08430,春能控股,3,3,208,2025-08-13,2026-08-25,3,1,2,1,0,0,0,0,0,0,,-15.625,0,-15.625,0
08431,浩柏國際,3,2,97,2025-11-05,2026-02-11,2,1,2,1,1,0,0,1,0,0,PLACING,0.4405,0,58.5903,0
08432,太平洋酒吧,1,1,0,2025-12-02,2025-12-02,1,0,1,0,0,0,0,0,0,0,,-10.0,0,-14.0,0
08436,德寶集團控股,2,2,148,2025-12-03,2026-04-30,2,1,2,1,0,0,0,0,0,0,,-6.3636,0,18.1818,0
08439,新百利融資,3,3,21,2026-04-10,2026-05-05,1,0,1,0,1,1,0,0,0,0,GO,220.0,0,106.1538,0
08446,耀星科技集團-新,3,2,139,2025-07-30,2025-12-17,2,1,1,0,0,0,0,0,0,0,,15.625,0,-6.875,0
08447,MS CONCEPT,1,1,0,2026-02-26,2026-02-26,1,0,1,0,0,0,0,0,0,0,,16.6667,0,1.3889,0
08448,環球印館,4,3,136,2025-09-19,2026-02-10,2,1,2,1,1,1,0,0,0,0,GO,25.0,0,16.25,0
08450,鉅京控股,3,2,153,2025-07-07,2025-12-08,2,1,1,0,0,0,0,0,0,0,,-3.1008,0,-10.8527,0
08455,禮建德集團,1,1,0,2026-08-04,2026-08-04,1,0,1,0,0,0,0,0,0,0,,81.25,0,,0
08456,民信國際控股,4,4,204,2025-10-13,2026-07-29,3,1,2,1,0,0,0,0,0,0,,-7.7922,0,15.5844,0
08460,基地錦標集團,3,2,44,2025-09-08,2025-10-23,2,1,1,0,1,0,0,1,0,0,PLACING,-11.7647,0,679.4118,0
08462,中安控股集團,2,2,343,2025-07-25,2026-07-03,2,1,2,1,0,0,0,0,0,0,,-58.1481,0,-64.0741,0
08471,新達控股,7,7,227,2025-07-14,2026-09-07,4,1,2,1,0,0,0,0,0,0,,55.3191,0,115.9574,0
08472,立高控股,4,4,210,2025-08-08,2026-08-14,3,1,2,1,0,0,0,0,0,0,,-3.6585,0,39.0244,0
08473,彌明生活百貨,1,1,0,2025-10-09,2025-10-09,1,0,1,0,0,0,0,0,0,0,,-10.3704,0,-14.0741,0
08475,易站綠色科技,1,1,0,2025-06-27,2025-06-27,1,0,1,0,0,0,0,0,0,0,,,0,,0
08480,飛霓控股,2,2,73,2026-03-02,2026-05-14,2,1,1,0,0,0,0,0,0,0,,29.9145,0,110.2564,0
08481,盛龍錦秀國際,4,3,103,2025-07-10,2025-12-09,2,1,1,0,0,0,0,0,0,0,,-20.0,0,-23.3333,0
08482,萬勵達,2,2,154,2025-12-05,2026-05-08,2,1,2,1,0,0,0,0,0,0,,-25.731,0,-18.7135,0
08483,名仕快相,5,5,160,2025-11-10,2026-09-04,3,1,2,1,0,0,0,0,0,0,,-9.6774,0,-34.8387,0
08487,ISP GLOBAL,3,3,112,2025-12-04,2026-04-20,2,1,2,1,0,0,0,0,0,0,,-21.6667,0,-16.6667,0
08489,裕程物流,6,6,70,2025-12-22,2026-07-08,4,1,2,1,1,0,0,1,0,0,PLACING,19.697,0,-10.6061,0
08490,駿碼半導體,3,3,221,2025-09-26,2026-05-26,2,1,2,1,0,0,0,0,0,0,,-29.5337,0,-42.487,0
08491,COOL LINK,4,4,318,2025-09-02,2026-08-17,2,1,2,1,0,0,0,0,0,0,,-17.8571,0,-3.5714,0
08500,天泓文創,5,5,70,2025-09-03,2026-03-10,3,1,2,1,0,0,0,0,0,0,,-13.2353,0,-51.4706,0
08502,遠航港口,1,1,0,2025-11-03,2025-11-03,1,0,1,0,0,0,0,0,0,0,,-12.069,0,-13.7931,0
08507,愛世紀集團,4,4,196,2025-08-08,2026-04-21,3,1,2,1,1,1,0,0,0,0,GO,13.6,0,148.0,0
08509,威揚酒業控股,4,4,227,2025-06-30,2026-08-13,4,1,2,1,0,0,0,0,0,0,,13.2075,0,35.8491,0
08512,凱富善集團控股,3,3,134,2025-11-25,2026-06-24,2,1,2,1,0,0,0,0,0,0,,-1.4925,0,-2.9851,0
08513,加和國際控股,1,1,0,2025-11-11,2025-11-11,1,0,1,0,1,0,0,0,1,0,CONSOLIDATION,15.7407,0,-38.8889,1
08516,中盈國際,2,2,17,2026-03-10,2026-03-27,1,0,1,0,0,0,0,0,0,0,,64.3678,0,36.7816,0
08521,智雲國際控股,3,2,302,2025-07-29,2026-05-28,2,1,2,1,0,0,0,0,0,0,,39.5604,0,63.7363,0
08529,優博控股,3,3,92,2026-05-05,2026-08-07,2,1,1,0,0,0,0,0,0,0,,55.1247,0,-44.0443,0
08532,寶發控股,4,4,83,2025-12-01,2026-05-07,3,1,2,1,0,0,0,0,0,0,,-23.0769,0,-47.6923,0
08535,熒德控股,6,6,159,2025-07-28,2026-05-13,3,1,2,1,0,0,0,0,0,0,,114.2857,0,63.7363,0
08537,創輝珠寶,3,3,97,2025-07-10,2025-11-10,2,1,1,0,0,0,0,0,0,0,,42.0732,0,25.6098,0
08547,PACIFIC LEGEND,1,1,0,2026-03-05,2026-03-05,1,0,1,0,1,0,0,1,0,0,PLACING,20.5128,0,76.9231,0
08549,金葉國際集團,1,1,0,2026-05-15,2026-05-15,1,0,1,0,0,0,0,0,0,0,,-22.7586,0,-31.3793,0
08601,寶燵控股,3,2,195,2025-08-14,2026-02-26,2,1,2,1,0,0,0,0,0,0,,-2.9851,0,0.7463,0
08611,九福來,2,2,330,2025-07-29,2026-06-24,2,1,2,1,1,0,1,0,0,1,CB,2.2472,0,-6.7416,0
08612,維亮控股,3,3,101,2025-10-20,2026-04-15,3,1,2,1,0,0,0,0,0,0,,0.9804,0,19.6078,0
08613,東方支付集團控股,2,2,197,2025-07-29,2026-02-11,2,1,2,1,0,0,0,0,0,0,,-8.3333,0,-17.8571,0
08619,NIU HOLDINGS,5,5,171,2025-09-10,2026-05-15,3,1,2,1,1,0,1,0,0,0,RIGHTS,-9.7143,0,-21.1429,0
08620,亞洲速運,6,5,65,2026-01-22,2026-08-12,3,1,1,0,1,0,0,1,0,0,PLACING,53.211,0,28.4404,0
08621,METROPOLIS CAP,2,2,98,2026-02-04,2026-05-13,2,1,1,0,0,0,0,0,0,0,,-16.6667,0,-33.3333,0
08622,愉悅集團,1,1,0,2025-10-10,2025-10-10,1,0,1,0,0,0,0,0,0,0,,38.0952,0,-1.1905,0
08627,旅橙文化,2,2,41,2025-12-03,2026-01-13,2,1,2,1,0,0,0,0,0,0,,27.8689,0,16.3934,0
08637,元續科技,7,7,65,2025-07-24,2026-03-11,3,1,2,1,0,0,0,0,0,0,,-8.3333,0,9.0909,0
08645,比特元宇宙,2,2,231,2025-07-09,2026-02-25,2,1,2,1,0,0,0,0,0,0,,-5.1724,0,48.2759,0
08646,中國宏光,6,6,98,2025-12-16,2026-06-22,3,1,2,1,1,0,0,1,0,0,PLACING,-22.6337,0,13.1687,0
08657,TRUE PARTNER,1,1,0,2025-07-29,2025-07-29,1,0,1,0,0,0,0,0,0,0,,5.5556,0,-19.4444,0
08659,易和國際控股,4,4,76,2025-08-27,2025-11-18,2,1,1,0,1,0,0,1,0,0,PLACING,7.4074,0,24.6914,0
09600,新紐科技,3,3,137,2026-02-05,2026-07-23,3,1,1,0,0,0,0,0,0,0,,-7.0588,0,-22.3529,0
09608,宋都服務,1,1,0,2026-08-05,2026-08-05,1,0,1,0,0,0,0,0,0,0,,-28.9855,0,,0
09639,榮利營造,1,1,0,2026-08-18,2026-08-18,1,0,1,0,0,0,0,0,0,0,,,0,,0
09689,金泰豐國際控股,9,8,68,2026-01-26,2026-08-31,3,1,1,0,1,0,0,1,0,0,PLACING,7.5472,0,26.4151,0
09916,興業物聯,2,2,266,2025-08-07,2026-04-30,2,1,2,1,0,0,0,0,0,0,,-3.75,0,-20.0,0
09918,麗年國際,3,2,225,2025-07-25,2026-03-10,2,1,2,1,0,0,0,0,0,0,,-22.2973,0,-31.0811,0
09919,艾德韋宣集團,4,4,161,2025-12-16,2026-08-28,3,1,2,1,0,0,0,0,0,0,,-2.0305,0,-5.0761,0
09928,時代鄰里,1,1,0,2026-01-26,2026-01-26,1,0,1,0,0,0,0,0,0,0,,4.4944,0,15.7303,0
09929,澳達控股,4,4,76,2025-08-12,2025-12-04,2,1,1,0,1,1,0,0,0,1,GO,-1.3514,0,1.3514,0
09938,華和控股,2,2,37,2026-07-21,2026-08-27,1,0,1,0,0,0,0,0,0,0,,-28.9855,0,,0
09958,力天影業,7,7,114,2025-07-30,2026-08-28,4,1,2,1,1,0,0,1,0,0,PLACING,-17.0455,0,,0
09963,高科橋光導,2,2,107,2025-09-02,2025-12-18,2,1,1,0,1,0,0,1,0,0,PLACING,-18.8889,0,-6.6667,0
09968,匯景控股,4,4,70,2026-01-29,2026-07-14,3,1,1,0,0,0,0,0,0,0,,8.6957,0,39.1304,0
09978,方圓生活服務,2,2,17,2026-05-18,2026-06-04,1,0,1,0,1,1,0,0,0,0,GO,58.1081,0,555.4054,0
09982,中原建業,4,3,122,2026-03-31,2026-09-03,3,1,1,0,1,0,0,1,0,0,PLACING,120.3125,0,53.125,0
09983,建業新生活,1,1,0,2026-05-12,2026-05-12,1,0,1,0,0,0,0,0,0,0,,-19.6078,0,-38.2353,0
09998,光榮控股,2,2,237,2025-09-16,2026-05-11,2,1,2,1,0,0,0,0,0,0,,52.5424,0,33.8983,0
