scan_date,code5,name,close,chg_pct,turnover_day,mcap_total,ratio,top10_pct,has_broker_shot,spring_duck_flag
2025-06-26,08293,星亞控股,0.094,70.91,513130,20213769.0,355.35,,0.0,0
2025-06-26,08226,樹熊金融集團,0.148,7.25,1905470,61790591.0,361.84,,0.0,0
2025-06-26,01235,專業旅運,0.165,13.01,1422750,84126735.0,151.21,,0.0,0
2025-06-26,01647,雄岸科技,0.085,11.84,8403100,101578400.0,20.6,,0.0,0
2025-06-26,08267,藍港互動,0.33,15.79,3091200,121932678.0,25.17,,0.0,0
2025-06-26,02212,高鵬礦業,0.1,0.0,590820,126389920.0,844.03,,0.0,0
2025-06-26,00510,時富金融服務集團,0.295,9.26,762300,127196560.0,12.25,,0.0,0
2025-06-26,08350,立橋證券控股,0.142,-11.25,732890,134909088.0,30.71,,0.0,0
2025-06-26,01987,BENG SOON MACH,0.136,3.82,719460,136000000.0,33.47,,0.0,0
2025-06-26,01305,偉志控股,0.79,0.0,500720,171134540.0,238.21,,0.0,0
2025-06-26,01150,米蘭站,0.164,12.33,687820,173337611.0,15.41,,0.0,0
2025-06-26,02263,富石金融,0.191,-4.5,1132500,191000000.0,13.28,,0.0,0
2025-06-26,01073,大禹金融,0.115,-8.0,792450,262045944.0,21.3,,0.0,0
2025-06-26,01895,鑫苑服務,0.445,-2.2,2437410,263901688.0,25.61,,0.0,0
2025-06-26,06882,東瀛遊,0.575,3.6,3453300,288908750.0,25.83,,0.0,0
2025-06-26,02699,新明中國,11.171,19.02,2420050,293805209.0,17.83,,0.0,0
2025-06-26,01822,中木國際,0.16,15.94,961930,315807578.0,19.84,,0.0,0
2025-06-26,06866,佐力科創,0.281,1.81,581210,331580000.0,48.18,,0.0,0
2025-06-26,01856,依波路,0.96,-3.03,4320260,345847212.0,46.29,,0.0,0
2025-06-26,06118,奧星生命科技,0.7,1.45,2584140,358807400.0,17.18,,0.0,0
2025-06-26,00227,第一上海,0.39,9.86,44228130,854365163.0,13.78,,0.0,0
2025-06-26,03329,交銀國際,0.325,-2.99,8491240,888677400.0,11.34,,0.0,0
2025-06-26,01278,中國新城鎮,0.099,17.86,1389320,962898395.0,11.75,,0.0,0
2025-06-27,08475,易站綠色科技,0.071,-43.2,1139395,4839360.0,19.16,,0.0,0
2025-06-27,08320,沛然環保,0.095,-9.52,1665360,69653050.0,3589.14,,0.0,0
2025-06-27,02682,潤利海事,0.108,20.0,3383980,108000000.0,109.52,,0.0,0
2025-06-27,00185,正商實業,0.075,0.0,667980,143504000.0,33.31,,0.0,0
2025-06-27,08267,藍港互動,0.39,18.18,5513500,144102256.0,12.98,,0.0,0
2025-06-27,01792,CMON,0.756,4.85,796460,187246080.0,27.35,,0.0,0
2025-06-27,02031,澳至尊,0.36,4.35,652950,274320000.0,12.6,,0.0,0
2025-06-27,01961,多牛科技,0.38,-2.56,1230740,279034446.0,30.36,,0.0,0
2025-06-27,01636,中國金屬利用,0.78,122.86,2111550,349561466.0,42.14,,0.0,0
2025-06-27,03389,亨得利,0.128,21.9,1699510,563714427.0,53.2,,0.0,0
2025-06-27,02530,紐曼思,0.635,4.96,4520560,635000000.0,62.18,,0.0,0
2025-06-27,00184,激成投資,2.14,1.42,533230,728028000.0,12.54,,0.0,0
2025-06-27,00237,安全貨倉,1.92,6.08,1980640,777600000.0,30.14,,0.0,0
2025-06-27,01846,德視佳,2.756,-3.5,1581540,883865736.0,12.99,,0.0,0
2025-06-27,01082,源宇宙教育,1.52,-1.3,1015440,924231258.0,34.42,,0.0,0
2025-06-30,08226,樹熊金融集團,0.189,26.85,6818010,78908254.0,19.36,,0.0,0
2025-06-30,01695,椰豐集團,0.09,-3.23,648400,97200000.0,11.29,,0.0,0
2025-06-30,01132,橙天嘉禾,0.049,16.67,3160490,137183783.0,257.37,,0.0,0
2025-06-30,01473,環聯連訊,0.145,4.32,811470,171453987.0,23.95,,0.0,0
2025-06-30,08509,威揚酒業控股,0.53,6.0,1112700,212000000.0,17.54,,0.0,0
2025-06-30,00630,雋泰控股,0.27,65.64,1099740,261238984.0,16.54,,0.0,0
2025-06-30,01643,現代中藥集團,0.38,5.56,611790,273600000.0,12.14,,0.0,0
2025-06-30,00328,ALCO HOLDINGS,1.122,2.19,2863470,321331992.0,16.68,,0.0,0
2025-06-30,00927,富士高實業,0.63,14.55,768600,321933150.0,65.26,,0.0,0
2025-06-30,01489,GC CONSTRUCTION,0.325,0.0,1476400,325000000.0,11.55,,0.0,0
2025-06-30,06913,華南職業教育,0.26,0.0,866430,346840000.0,15.16,,0.0,0
2025-06-30,00413,南華集團控股,0.031,0.0,3268110,409860367.0,240.34,,0.0,0
2025-06-30,00789,雅天妮集團,1.55,-1.59,778300,410430119.0,14.04,,0.0,0
2025-06-30,00582,神話世界,0.134,8.94,578600,489298506.0,25.71,,0.0,0
2025-06-30,00496,卡森國際,0.36,10.77,559650,661154887.0,15.28,,0.0,0
2025-06-30,02540,樂思集團,1.31,0.77,7259400,786000000.0,11.2,,0.0,0
2025-06-30,01483,網譽科技,1.2,14.29,630900,983340000.0,63.09,,0.0,0
2025-07-02,01621,域高國際控股,0.087,7.41,565400,87000000.0,21.97,,0.0,0
2025-07-02,02266,黎氏企業,0.29,-6.45,550530,116000000.0,13.56,,0.0,0
2025-07-02,08143,金威醫療,0.119,-10.53,728560,160978437.0,26.63,,0.0,0
2025-07-02,00893,中國鐵鈦,0.075,20.97,1827640,168676156.0,34.82,,0.0,0
2025-07-02,00953,邵氏兄弟控股,0.155,29.17,9640770,220039550.0,99.15,,0.0,0
2025-07-02,00757,陽光能源,0.081,15.71,1332400,269225462.0,18.33,,0.0,0
2025-07-02,00114,興利集團,0.49,2.08,688600,296200474.0,13.9,,0.0,0
2025-07-02,01643,現代中藥集團,0.43,13.16,1419600,309600000.0,13.14,,0.0,0
2025-07-02,01795,亞東集團,0.69,23.21,4178760,414000000.0,73.91,,0.0,0
2025-07-02,00320,金寶通,0.536,28.85,1182240,451601440.0,134.53,,0.0,0
2025-07-02,02530,紐曼思,0.655,0.0,5694640,655000000.0,11.15,,0.0,0
2025-07-02,03300,中國玻璃,0.365,15.87,1799030,670219664.0,10.51,,0.0,0
2025-07-02,01346,利華控股集團,1.14,-4.2,62236600,728574000.0,67.26,,0.0,0
2025-07-02,06136,康達環保,0.365,10.61,1922720,842058102.0,19.66,,0.0,0
2025-07-02,00399,星太鏈集團,0.26,26.21,36698360,852048061.0,118.38,,0.0,0
2025-07-03,08092,ITE HOLDINGS,0.045,40.62,579740,41647860.0,27.97,,0.0,0
2025-07-03,00657,環科國際,0.028,27.27,1489980,54496795.0,181.17,,0.0,0
2025-07-03,00518,同得仕(集團),0.199,-2.93,680300,89762444.0,201.81,,0.0,0
2025-07-03,00712,卡姆丹克太陽能,0.098,13.95,2312060,103872494.0,35.41,,0.0,0
2025-07-03,01165,順風清潔能源,0.021,31.25,1254900,106729885.0,17.76,,0.0,0
2025-07-03,01671,天保能源,0.81,6.58,1889200,129535935.0,27.81,,0.0,0
2025-07-03,08143,金威醫療,0.144,21.01,1805430,194797436.0,18.28,,0.0,0
2025-07-03,01001,滬港聯合,0.315,-1.56,601100,200500119.0,17.14,,0.0,0
2025-07-03,02455,潤華服務,0.68,15.25,2127820,204000000.0,186.98,,0.0,0
2025-07-03,01631,REF HOLDINGS,0.67,34.0,1155000,205824000.0,72.37,,0.0,0
2025-07-03,08087,中國三三集團,0.342,32.56,2193610,221616000.0,12.25,,0.0,0
2025-07-03,01795,亞東集團,0.6,-13.04,5906190,360000000.0,12.5,,0.0,0
2025-07-03,00970,新耀萊,0.55,-14.06,1016510,371449194.0,29.32,,0.0,0
2025-07-03,08269,倍升教育科技,0.435,74.7,10062380,387464418.0,17.17,,0.0,0
2025-07-03,00320,金寶通,0.546,1.87,2523340,460026840.0,20.11,,0.0,0
2025-07-03,02205,康橋悅生活,0.68,0.0,20189880,476000000.0,37113.75,,0.0,0
2025-07-03,08328,信義儲電,0.74,12.12,569900,581294885.0,13.51,,0.0,0
2025-07-03,01282,中澤豐,0.136,17.24,2851600,680000000.0,27.05,,0.0,0
2025-07-03,00184,激成投資,2.13,-2.29,1333760,724626000.0,11.16,,0.0,0
2025-07-04,08092,ITE HOLDINGS,0.05,11.11,2240480,46275400.0,30.08,,0.0,0
2025-07-04,01740,新石文化,0.055,-15.38,515100,57062500.0,65.53,,0.0,0
2025-07-04,01949,佰達國際控股,0.35,-1.41,940630,80640000.0,19.61,,0.0,0
2025-07-04,01991,大洋集團,0.75,19.05,2019630,129005025.0,14.79,,0.0,0
2025-07-04,03368,百盛集團,0.07,0.0,2496690,184417258.0,15.69,,0.0,0
2025-07-04,01945,清科控股,1.05,-12.5,6319600,308731920.0,30.84,,0.0,0
2025-07-04,00583,長城環亞控股,0.23,-0.86,541580,360581487.0,11.87,,0.0,0
2025-07-04,02377,博奇環保,0.786,-2.48,1903800,671922066.0,87.42,,0.0,0
2025-07-04,02257,聖諾醫藥-B,6.27,21.28,22592300,703225255.0,12.65,,0.0,0
2025-07-04,01082,源宇宙教育,1.5,0.0,13267560,912070320.0,62.33,,0.0,0
2025-07-07,08018,匯財金融投資,0.038,26.67,1005670,19160852.0,27.85,,0.0,0
2025-07-07,01722,建鵬控股,0.079,49.06,4439300,86900000.0,102.12,,0.0,0
2025-07-07,01421,恆昌集團國際,0.5,5.26,6256000,100097600.0,14.63,,0.0,0
2025-07-07,00515,中華銀科技,0.37,37.04,6139570,105660017.0,14.46,,0.0,0
2025-07-07,01025,嘉藝控股,0.248,5.53,10892940,110947125.0,39.13,,0.0,0
2025-07-07,08450,鉅京控股,0.129,10.26,714040,129000000.0,15.21,,0.0,0
2025-07-07,01222,宏安集團,0.024,4.35,1454010,324928727.0,14.34,,0.0,0
2025-07-07,00673,中國衛生集團,0.273,7.48,1459500,378688726.0,14.06,,0.0,0
2025-07-07,01290,中國匯融,0.67,-2.9,2623120,730524450.0,5907.93,,0.0,0
2025-07-08,08340,紫荊國際金融,0.315,1.61,515450,25196850.0,34.53,,0.0,0
2025-07-08,00899,中加國信,0.311,-4.89,4910130,138444451.0,66.32,,0.0,0
2025-07-08,08450,鉅京控股,0.145,12.4,1329270,145000000.0,11.31,,0.0,0
2025-07-08,06663,國際永勝集團,0.317,12.41,1074300,253600000.0,40.79,,0.0,0
2025-07-08,00620,大唐西市,0.39,56.0,659800,312399840.0,143.75,,0.0,0
2025-07-08,01022,飛魚科技,0.237,5.8,2373960,414617769.0,25.89,,0.0,0
2025-07-08,01046,寰宇娛樂文化,0.52,55.22,1635310,471448784.0,81.72,,0.0,0
2025-07-08,00610,惠記集團,0.66,-1.49,789260,523461862.0,13.23,,0.0,0
2025-07-08,01233,時代中國控股,0.198,3.12,711940,593226369.0,11.55,,0.0,0
2025-07-09,00736,中國置業投資,0.189,-1.05,567400,60593326.0,16.8,,0.0,0
2025-07-09,00243,品質國際,0.192,3.78,534130,66526182.0,18.4,,0.0,0
2025-07-09,01253,綠博生態,0.15,0.0,613820,90617472.0,16.51,,0.0,0
2025-07-09,00510,時富金融服務集團,0.465,25.68,5020820,200496272.0,22.09,,0.0,0
2025-07-09,00994,中天宏信,0.265,72.08,13650500,342116590.0,391.58,,0.0,0
2025-07-09,00620,大唐西市,0.5,28.21,1966290,400512615.0,27.86,,0.0,0
2025-07-09,08645,比特元宇宙,0.58,1.75,1513700,438772320.0,15.83,,0.0,0
2025-07-09,01909,火岩控股,2.213,11.77,2011610,537362964.0,16.06,,0.0,0
2025-07-09,01183,澳能建設,0.168,50.0,1354220,668760824.0,17.53,,0.0,0
2025-07-09,00419,弘毅文化集團,0.39,8.33,5672730,685290216.0,11.07,,0.0,0
2025-07-09,06898,中國鋁罐,0.797,1.27,4039680,750296597.0,22.75,,0.0,0
2025-07-09,00488,麗新發展,0.66,22.22,758150,959197028.0,32.87,,0.0,0
2025-07-10,01160,金石資本集團,0.147,9.7,546000,34878874.0,407.46,,0.0,0
2025-07-10,08245,烽翼集團,0.22,8.91,2803180,45500680.0,1165.08,,0.0,0
2025-07-10,00601,稀鎂科技,0.09,12.5,790780,53333559.0,19.19,,0.0,0
2025-07-10,08537,創輝珠寶,0.164,-0.61,608080,59040000.0,62.43,,0.0,0
2025-07-10,01718,宏基集團控股,0.224,5.66,1157580,68122880.0,14.81,,0.0,0
2025-07-10,01315,綠色經濟,0.147,12.21,928920,91415819.0,102.09,,0.0,0
2025-07-10,01661,中國前沿科技集團,0.65,3.17,786180,123691230.0,30.44,,0.0,0
2025-07-10,06968,港龍中國地產,0.085,0.0,756060,137852915.0,11.59,,0.0,0
2025-07-10,01967,信懇智能,0.465,17.72,878800,139500000.0,17.82,,0.0,0
2025-07-10,00833,華訊,0.39,-7.14,1133960,184492690.0,11.43,,0.0,0
2025-07-10,06158,正榮地產,0.046,12.2,837220,200916776.0,13.81,,0.0,0
2025-07-10,00476,科軒動力控股,0.59,43.9,4616450,209832974.0,62.86,,0.0,0
2025-07-10,00532,王氏港建,0.3,17.65,584550,218969389.0,23.01,,0.0,0
2025-07-10,01080,勝利管道,0.06,42.86,3154600,232461936.0,23.23,,0.0,0
2025-07-10,08481,盛龍錦秀國際,0.6,-1.64,13240300,243102000.0,280.34,,0.0,0
2025-07-10,02349,中國智能基礎設施,0.079,41.07,757190,247134005.0,79.33,,0.0,0
2025-07-10,01777,花樣年控股(新),0.075,11.94,1138280,272127548.0,33.47,,0.0,0
2025-07-10,01062,國開國際投資,0.118,20.41,619500,342461412.0,19.95,,0.0,0
2025-07-10,00583,長城環亞控股,0.24,6.67,2284490,376258943.0,15.91,,0.0,0
2025-07-10,03301,融信中國,0.233,12.56,4205810,392239520.0,17.05,,0.0,0
2025-07-10,00149,中國農產品交易,0.041,2.5,2281650,408075781.0,51.33,,0.0,0
2025-07-10,02376,魯商服務,3.166,48.22,3718660,422154440.0,70.96,,0.0,0
2025-07-10,01966,中駿集團控股,0.117,0.0,1130180,494089377.0,12.0,,0.0,0
2025-07-10,00090,普星能量,1.326,162.06,53333100,608103600.0,614.75,,0.0,0
2025-07-10,01233,時代中國控股,0.21,7.69,1737270,629179483.0,15.15,,0.0,0
2025-07-10,00337,綠地香港,0.255,18.6,7131890,711930594.0,10.5,,0.0,0
2025-07-10,01141,民銀資本,0.69,48.39,8196840,756908398.0,17.64,,0.0,0
2025-07-10,06898,中國鋁罐,0.877,10.04,26033940,825608677.0,45.23,,0.0,0
2025-07-10,01183,澳能建設,0.208,23.81,7688920,827989591.0,39.32,,0.0,0
2025-07-11,01862,景瑞控股,0.011,10.0,660590,16926945.0,23.95,,0.0,0
2025-07-11,01803,北京體育文化-新,0.115,0.0,4546930,19430618.0,848.31,,0.0,0
2025-07-11,00243,品質國際,0.3,53.85,5565700,103947160.0,62.1,,0.0,0
2025-07-11,01049,時富投資,1.38,25.45,1443210,111363490.0,22.47,,0.0,0
2025-07-11,00619,南華金融,0.45,100.89,10046700,135574682.0,1018.32,,0.0,0
2025-07-11,00718,太和控股,0.038,-9.52,517290,199500754.0,17.16,,0.0,0
2025-07-11,08350,立橋證券控股,0.23,47.44,2261200,218514720.0,22.6,,0.0,0
2025-07-11,02263,富石金融,0.28,50.54,3155500,280000000.0,23.49,,0.0,0
2025-07-11,00476,科軒動力控股,1.0,69.49,24747270,355649109.0,47.25,,0.0,0
2025-07-11,01141,民銀資本,0.74,7.25,15054080,811756833.0,13.26,,0.0,0
2025-07-11,00212,南洋集團,24.2,0.0,1508800,822019260.0,27.25,,0.0,0
2025-07-11,00381,權識國際,0.62,26.53,11542050,824863206.0,28.02,,0.0,0
2025-07-14,00339,全球數字控股,0.168,46.09,2778660,72576000.0,16.85,,0.0,0
2025-07-14,01561,聯洋智能控股,0.076,-12.64,871720,80974512.0,26.65,,0.0,0
2025-07-14,08120,國農金融投資,0.53,6.0,1980480,86192183.0,12.54,,0.0,0
2025-07-14,02178,百勤油服,0.076,18.75,2491420,131227276.0,11.26,,0.0,0
2025-07-14,08471,新達控股,1.88,-12.96,2390710,138292800.0,23.35,,0.0,0
2025-07-14,01647,雄岸科技,0.135,35.0,25092400,161330400.0,18.19,,0.0,0
2025-07-14,01555,MI能源,0.05,35.14,4916550,169326276.0,10.9,,0.0,0
2025-07-14,02159,麥迪衛康,0.59,-13.24,9369000,198523200.0,14.07,,0.0,0
2025-07-14,03639,億達中國,0.095,53.23,1510700,245477150.0,89.66,,0.0,0
2025-07-14,02738,華津國際控股,0.425,32.81,1631570,255000000.0,12.34,,0.0,0
2025-07-14,01938,珠江鋼管,0.335,38.43,2932150,338732570.0,36.83,,0.0,0
2025-07-14,00943,中證國際,0.192,-4.0,888030,395635436.0,71.84,,0.0,0
2025-07-14,01036,萬科海外,1.4,3.7,1054180,545339105.0,32.98,,0.0,0
2025-07-14,01373,國際家居零售,0.845,-3.43,5253110,602698785.0,10.42,,0.0,0
2025-07-14,01520,天機控股,0.6,-4.76,33325740,629362988.0,12.84,,0.0,0
2025-07-14,06677,遠洋服務,0.658,11.9,4857480,779072000.0,22.0,,0.0,0
2025-07-15,08112,基石金融,0.134,8.94,1495060,30742072.0,49.65,,0.0,0
2025-07-15,01253,綠博生態,0.16,0.0,1383740,96658637.0,14.65,,0.0,0
2025-07-15,08117,中國基礎能源,0.1,61.29,2171630,102398744.0,31.09,,0.0,0
2025-07-15,08239,首都金融控股,1.13,24.18,1005050,110478926.0,15.04,,0.0,0
2025-07-15,01917,豆盟科技,0.053,-19.7,526500,121900000.0,14.3,,0.0,0
2025-07-15,01949,佰達國際控股,0.535,33.75,2360940,123264000.0,11.05,,0.0,0
2025-07-15,08283,中食民安,0.442,7.02,1944490,152755200.0,15.04,,0.0,0
2025-07-15,00234,新世紀集團,0.033,10.0,544820,190752167.0,30.67,,0.0,0
2025-07-15,00804,鼎石資本,2.876,15.78,7339450,197868837.0,88.87,,0.0,0
2025-07-15,00474,信銘生命科技,0.025,-28.57,1663060,221453170.0,59.01,,0.0,0
2025-07-15,01527,天潔環境,2.19,36.87,6523830,295650000.0,105.16,,0.0,0
2025-07-15,01861,保寶龍科技,1.34,-12.42,1954360,313449115.0,20.85,,0.0,0
2025-07-16,01802,文業集團,0.037,-36.21,1450000,30769200.0,26.78,,0.0,0
2025-07-16,08416,HM INTL HLDGS,0.11,18.28,1083070,46355650.0,38.73,,0.0,0
2025-07-16,00559,德泰新能源集團,0.169,3.05,2774040,88418162.0,43.36,,0.0,0
2025-07-16,00871,中國疏浚環保,0.072,0.0,721820,108279468.0,12.94,,0.0,0
2025-07-16,00261,GBA集團,0.34,1.49,827270,112662971.0,10.63,,0.0,0
2025-07-16,08239,首都金融控股,1.59,40.71,4805040,155452648.0,29.28,,0.0,0
2025-07-16,06933,新娛科控股,0.42,68.0,4612500,179761183.0,86.34,,0.0,0
2025-07-16,02699,新明中國,10.707,6.76,1493140,281601681.0,30.88,,0.0,0
2025-07-16,01073,大禹金融,0.137,13.22,547240,312176472.0,30.52,,0.0,0
2025-07-16,01298,雲能國際,1.23,75.71,639470,338787510.0,157.5,,0.0,0
2025-07-16,06063,智中國際,0.2,30.72,1337790,400000000.0,246.23,,0.0,0
2025-07-16,02146,榮萬家,1.28,0.0,1518720,481280000.0,24.79,,0.0,0
2025-07-16,01851,銀杏教育,1.4,0.0,29695700,700000000.0,1765.5,,0.0,0
2025-07-16,08087,中國三三集團,1.178,72.73,24757060,763344000.0,14.81,,0.0,0
2025-07-16,02481,雙良睿能,2.896,-2.03,5474110,873433600.0,25.68,,0.0,0
2025-07-17,01010,天璽曜11,0.098,5.38,1787000,43540829.0,13.28,,0.0,0
2025-07-17,00197,亨泰,0.238,20.2,515070,49792088.0,10.83,,0.0,0
2025-07-17,01718,宏基集團控股,0.25,10.62,3588560,76030000.0,12.35,,0.0,0
2025-07-17,08120,國農金融投資,0.5,-1.96,4420030,81313380.0,15.03,,0.0,0
2025-07-17,00559,德泰新能源集團,0.236,39.64,6446320,123471516.0,18.97,,0.0,0
2025-07-17,01949,佰達國際控股,0.68,28.3,7570730,156672000.0,10.47,,0.0,0
2025-07-17,08326,同景新能源,0.156,0.0,1156600,191412000.0,17.92,,0.0,0
2025-07-17,01961,多牛科技,0.32,-13.51,1914370,234976376.0,62.85,,0.0,0
2025-07-17,01407,交運燃氣,0.539,35.09,11477460,237160000.0,105.36,,0.0,0
2025-07-17,01895,鑫苑服務,0.452,-6.22,4670340,268052950.0,31.79,,0.0,0
2025-07-17,08267,藍港互動,0.75,20.97,24227400,277119723.0,10.48,,0.0,0
2025-07-17,01460,揚科集團,0.325,16.07,846290,285216851.0,23.35,,0.0,0
2025-07-17,01753,兌吧,0.27,33.0,3353240,290742264.0,22.26,,0.0,0
2025-07-17,00365,芯成科技,0.243,-4.71,702470,353565000.0,16.0,,0.0,0
2025-07-17,02393,巨星醫療控股,0.153,33.04,4603490,356733270.0,11.02,,0.0,0
2025-07-17,01856,依波路,1.23,0.82,15469900,443116740.0,16.63,,0.0,0
2025-07-17,01622,力高集團,0.135,4.65,2703190,479467258.0,110.85,,0.0,0
2025-07-17,02197,三葉草生物-B,0.48,35.21,16118600,623328327.0,17.01,,0.0,0
2025-07-17,01780,榮尊國際控股,1.11,-2.63,6477600,688200000.0,137.85,,0.0,0
2025-07-17,01660,七元投資,0.15,7.91,1362330,929250000.0,55.55,,0.0,0
2025-07-17,01628,禹洲集團,0.41,-10.87,4069850,3786296682.0,25.45,,0.0,0
2025-07-18,01862,景瑞控股,0.018,38.46,3104970,27698638.0,15.31,,0.0,0
2025-07-18,02608,陽光100中國,0.012,0.0,764100,30609738.0,12.84,,0.0,0
2025-07-18,01237,中科生物,0.67,34.0,663670,64344824.0,13.92,,0.0,0
2025-07-18,02358,久融控股,0.012,20.0,1655040,65664000.0,132.09,,0.0,0
2025-07-18,00197,亨泰,0.315,32.35,1308220,65901293.0,13.22,,0.0,0
2025-07-18,03938,LFG投資控股,0.198,19.28,1265830,97113139.0,75.23,,0.0,0
2025-07-18,01059,看通集團,0.38,0.0,825750,142512732.0,32.51,,0.0,0
2025-07-18,01549,永豐集團控股,0.098,16.67,589100,151900000.0,39.46,,0.0,0
2025-07-18,01079,松景科技,0.101,48.53,3234260,216145313.0,35.71,,0.0,0
2025-07-18,08123,華億金控,0.659,10.02,850750,227123231.0,1629.79,,0.0,0
2025-07-18,01822,中木國際,0.135,1.5,1177530,266462644.0,61.15,,0.0,0
2025-07-18,02699,新明中國,12.707,6.59,2946460,334203097.0,14.15,,0.0,0
2025-07-18,06118,奧星生命科技,0.71,4.41,1999500,363933220.0,11.45,,0.0,0
2025-07-18,00969,華聯國際,0.168,54.13,1671730,368118240.0,102.58,,0.0,0
2025-07-18,06860,指尖悅動,0.238,17.82,5338200,456504944.0,12.73,,0.0,0
2025-07-18,02146,榮萬家,1.28,1.59,3560700,481280000.0,10.67,,0.0,0
2025-07-18,00334,華顯光電,0.315,16.67,3554480,666006998.0,18.11,,0.0,0
2025-07-18,01980,天鴿互動,0.64,-1.54,5901760,707838824.0,22.02,,0.0,0
2025-07-18,00159,布萊克萬礦業,0.089,-1.11,909600,825940660.0,44.76,,0.0,0
2025-07-21,08007,環球戰略集團,0.237,-3.66,4677380,53637231.0,19.56,,0.0,0
2025-07-21,08160,GOLDWAY EDU,0.395,-4.82,4310280,84842816.0,70.04,,0.0,0
2025-07-21,00104,冠亞商業,0.204,-6.42,1857670,152413137.0,55.08,,0.0,0
2025-07-21,01732,象興科技,0.125,0.81,3203400,160000000.0,16.38,,0.0,0
2025-07-21,01215,開源控股,0.016,14.29,625660,204462077.0,53.56,,0.0,0
2025-07-21,00380,中國管業,0.178,14.84,1703830,237143348.0,17.83,,0.0,0
2025-07-21,01936,利特米,0.57,1.79,1189260,266054340.0,104.38,,0.0,0
2025-07-21,01822,中木國際,0.136,0.74,1524770,268436441.0,12.01,,0.0,0
2025-07-21,00875,從玉智農,0.405,47.27,12868900,283113861.0,14.81,,0.0,0
2025-07-21,00042,東北電氣,0.345,40.82,9693200,301312650.0,187.89,,0.0,0
2025-07-21,01079,松景科技,0.147,45.54,4779980,314587733.0,13.01,,0.0,0
2025-07-21,06188,迪信通,0.405,132.76,11021100,359016462.0,197.65,,0.0,0
2025-07-21,00858,精優藥業,0.13,47.73,23654230,377000000.0,53.8,,0.0,0
2025-07-21,01202,四威科技,0.949,7.96,1953480,379600000.0,13.79,,0.0,0
2025-07-21,01795,亞東集團,0.65,1.56,1086600,390000000.0,10.3,,0.0,0
2025-07-21,00202,潤中國際控股,0.055,-1.79,700880,401190315.0,19.41,,0.0,0
2025-07-21,02297,潤邁德-B,0.345,56.82,3506300,483468786.0,13.43,,0.0,0
2025-07-21,01084,綠新生物科技,0.698,0.0,4900160,610135760.0,153.43,,0.0,0
2025-07-21,02521,升輝清潔,0.32,3.23,2078700,623915200.0,10.42,,0.0,0
2025-07-21,00611,中國核能科技,0.46,10.84,10557490,851936993.0,11.0,,0.0,0
2025-07-22,03321,中科集團控股,0.59,1.72,1331130,45825064.0,16.05,,0.0,0
2025-07-22,00602,佳華百貨控股,0.048,26.32,1925160,49800000.0,719.96,,0.0,0
2025-07-22,08096,賞之味股權,0.113,0.0,704900,54381250.0,165.2,,0.0,0
2025-07-22,02433,中天湖南集團,0.116,-41.41,58152600,66816000.0,30.12,,0.0,0
2025-07-22,00747,沈陽公用發展股份,0.061,15.09,1488890,89631936.0,30.5,,0.0,0
2025-07-22,00840,天業節水,0.216,20.0,1291860,112216657.0,91.06,,0.0,0
2025-07-22,00984,永旺,0.49,25.64,5214680,127400000.0,365.15,,0.0,0
2025-07-22,02336,碩奧國際,0.09,7.14,719130,163431969.0,439.57,,0.0,0
2025-07-22,00417,謝瑞麟,0.68,-15.0,617800,169443780.0,12.15,,0.0,0
2025-07-22,01305,偉志控股,0.82,5.13,3350440,177633320.0,479.59,,0.0,0
2025-07-22,01217,中國創新投資,0.014,27.27,4643960,179222101.0,24.67,,0.0,0
2025-07-22,01351,輝煌明天,0.315,-1.56,945000,189000000.0,31.35,,0.0,0
2025-07-22,00893,中國鐵鈦,0.101,31.17,7017190,227150556.0,48.5,,0.0,0
2025-07-22,00759,CEC國際,0.46,259.38,56304110,306447767.0,2388.6,,0.0,0
2025-07-22,00767,中基長壽科學,0.51,5.15,2760890,324693693.0,14.17,,0.0,0
2025-07-22,01393,恆鼎實業,0.071,7.58,822210,326973418.0,11.66,,0.0,0
2025-07-22,02545,中贛通信,0.52,25.3,13009700,332800000.0,31.36,,0.0,0
2025-07-22,00679,亞洲聯網科技,0.93,2.2,628850,352222062.0,12.82,,0.0,0
2025-07-22,01847,雲南建投混凝土,0.84,58.49,20904200,374868480.0,475.17,,0.0,0
2025-07-22,01265,天津津燃公用,0.227,13.5,707280,417522871.0,32.22,,0.0,0
2025-07-22,01795,亞東集團,0.79,21.54,5778480,474000000.0,27.03,,0.0,0
2025-07-22,06118,奧星生命科技,1.08,38.46,5846010,553588560.0,11.91,,0.0,0
2025-07-22,08368,中國創意控股,1.0,13.64,786500,692217719.0,17.75,,0.0,0
2025-07-22,02289,創美藥業,6.497,-3.13,2247660,701676000.0,531.36,,0.0,0
2025-07-22,06136,康達環保,0.365,8.96,11868750,842058102.0,12.5,,0.0,0
2025-07-23,00428,中國天弓控股,0.26,17.65,6597640,40107142.0,29.51,,0.0,0
2025-07-23,00061,綠領控股,0.432,10.2,3158930,56836124.0,26.69,,0.0,0
2025-07-23,00645,安域亞洲,0.174,89.13,4506260,89292520.0,66.79,,0.0,0
2025-07-23,01069,中國健康科技集團,0.315,12.5,1437690,97263388.0,11.7,,0.0,0
2025-07-23,00269,中國資源交通,0.011,0.0,2327830,117085025.0,15.6,,0.0,0
2025-07-23,00814,北京京客隆,0.295,-1.67,521420,121604900.0,10.14,,0.0,0
2025-07-23,01000,北青傳媒,0.78,16.42,528840,153901800.0,41.33,,0.0,0
2025-07-23,01129,中國水業集團,0.25,12.61,591110,158048482.0,16.04,,0.0,0
2025-07-23,01449,立德教育,0.265,3.92,2110020,212000000.0,19.54,,0.0,0
2025-07-23,08050,城市酷選,1.05,45.83,1437630,284812500.0,75.54,,0.0,0
2025-07-23,01097,周大福媒體娛樂,0.042,13.51,654770,299654188.0,14.07,,0.0,0
2025-07-23,00185,正商實業,0.157,9.79,1888260,300401707.0,51.33,,0.0,0
2025-07-23,01419,盈健醫療,0.95,14.46,1012060,360574621.0,23.3,,0.0,0
2025-07-23,01738,飛尚無煙煤,0.265,143.12,13582750,365844637.0,1944.84,,0.0,0
2025-07-23,01993,雅仕維,0.82,24.24,4106760,397626806.0,745.19,,0.0,0
2025-07-23,06919,人瑞人才,4.61,15.83,1613240,730434580.0,49.68,,0.0,0
2025-07-23,01022,飛魚科技,0.44,49.15,18984770,769754507.0,22.5,,0.0,0
2025-07-23,06118,奧星生命科技,1.53,41.67,20810880,784250460.0,19.45,,0.0,0
2025-07-24,08186,浩盟控股,0.495,101.22,9104240,56364977.0,319.22,,0.0,0
2025-07-24,02288,宏基資本,0.16,0.63,817820,60071520.0,24.53,,0.0,0
2025-07-24,01376,RAFFLESINTERIOR,0.116,7.41,8086000,116000000.0,97.19,,0.0,0
2025-07-24,00544,大同集團,1.26,65.79,629680,155849973.0,20.26,,0.0,0
2025-07-24,01129,中國水業集團,0.27,8.0,1705900,170692361.0,17.79,,0.0,0
2025-07-24,08637,元續科技,1.32,25.71,1507700,197606640.0,13.12,,0.0,0
2025-07-24,01473,環聯連訊,0.227,9.66,12209670,268414173.0,17.96,,0.0,0
2025-07-24,01097,周大福媒體娛樂,0.041,-2.38,1058290,292519564.0,10.34,,0.0,0
2025-07-24,00213,樂聲電子,0.39,4.0,1086420,355886295.0,87.58,,0.0,0
2025-07-24,01170,信星集團,0.54,-10.0,888080,360179700.0,20.45,,0.0,0
2025-07-24,06988,樂享集團,0.154,43.93,5451300,365276789.0,60.16,,0.0,0
2025-07-24,01636,中國金屬利用,0.87,38.1,4402180,389895482.0,15.54,,0.0,0
2025-07-24,01334,瑞昌國際控股,0.91,0.0,3256350,455000000.0,24.39,,0.0,0
2025-07-24,08368,中國創意控股,0.94,1.08,1818260,650684656.0,12.73,,0.0,0
2025-07-24,02392,玄武雲,1.35,16.38,5464200,749059650.0,21.91,,0.0,0
2025-07-24,01204,博維智慧,1.63,9.4,1317600,815000000.0,47.09,,0.0,0
2025-07-25,00352,富陽,0.143,160.0,4694252,35204225.0,3788.74,,0.0,0
2025-07-25,08402,高原之寶,0.156,0.65,2306000,74881560.0,39.95,,0.0,0
2025-07-25,03683,榮豐億控股,0.085,-30.33,952100,80972149.0,6347.33,,0.0,0
2025-07-25,00348,中國智能健康,0.12,34.83,1333270,110948500.0,25.29,,0.0,0
2025-07-25,01620,富盈環球集團,0.118,35.63,2028300,141600000.0,47.92,,0.0,0
2025-07-25,09918,麗年國際,1.48,25.42,1754700,148000000.0,156.47,,0.0,0
2025-07-25,08462,中安控股集團,0.27,-15.62,4185200,162000000.0,10.52,,0.0,0
2025-07-25,01129,中國水業集團,0.295,9.26,3152140,186497209.0,12.31,,0.0,0
2025-07-25,01218,永義國際,1.6,-5.88,641690,236762890.0,33.99,,0.0,0
2025-07-25,00500,先豐服務集團,0.11,4.76,1730310,264372447.0,17.76,,0.0,0
2025-07-25,00544,大同集團,2.5,98.41,1235800,309226138.0,13.26,,0.0,0
2025-07-25,01612,永勝醫療,0.78,27.87,17236620,514877089.0,25.97,,0.0,0
2025-07-25,00433,北方礦業,0.036,-2.7,3437040,540077054.0,12.78,,0.0,0
2025-07-25,02392,玄武雲,1.5,11.11,8850200,832288500.0,11.76,,0.0,0
2025-07-28,08425,興銘控股,0.061,5.17,604000,22936000.0,103.78,,0.0,0
2025-07-28,08286,長城微光,0.146,44.55,747190,45093560.0,11.38,,0.0,0
2025-07-28,08366,浙江聯合投資,0.039,116.67,1281600,61510800.0,6102.86,,0.0,0
2025-07-28,00574,百信國際,0.05,51.52,2868390,99528803.0,56.89,,0.0,0
2025-07-28,01695,椰豐集團,0.099,10.0,980900,106920000.0,30.21,,0.0,0
2025-07-28,00876,佳兆業健康,1.05,-4.55,2932700,108814392.0,34.17,,0.0,0
2025-07-28,08535,熒德控股,0.091,1.11,3392280,109200000.0,65.76,,0.0,0
2025-07-28,08106,芯化蘭德,0.265,167.68,6565880,148087610.0,106.46,,0.0,0
2025-07-28,09918,麗年國際,1.85,25.0,4122720,185000000.0,22.08,,0.0,0
2025-07-28,01459,巨匠建設,0.415,0.0,1415730,221344400.0,19.92,,0.0,0
2025-07-28,03860,EPS創健科技,0.47,6.82,914200,273742024.0,10.89,,0.0,0
2025-07-28,01201,天臣控股,0.85,41.67,1394950,373732444.0,36.31,,0.0,0
2025-07-28,00582,神話世界,0.116,-7.94,2129630,423571841.0,15.98,,0.0,0
2025-07-28,06885,金馬能源,1.02,2.0,4005070,546129420.0,27.58,,0.0,0
2025-07-28,01692,登輝控股,1.855,-14.71,2245520,665945000.0,12.23,,0.0,0
2025-07-28,02438,出門問問,0.5,26.58,44848700,774422178.0,22.73,,0.0,0
2025-07-28,03882,天彩控股,0.83,-17.82,4619020,837127588.0,17.28,,0.0,0
2025-07-28,00720,意達利控股,0.149,0.68,684480,915234793.0,11.75,,0.0,0
2025-07-29,01803,北京體育文化-新,0.13,7.44,522190,21965047.0,130.94,,0.0,0
2025-07-29,01736,中國育兒網絡,1.1,100.0,12216960,56252023.0,534.5,,0.0,0
2025-07-29,00602,佳華百貨控股,0.06,15.38,3029720,62250000.0,11.39,,0.0,0
2025-07-29,08125,榮記萬通,0.29,-6.45,603400,62852475.0,43.27,,0.0,0
2025-07-29,08377,維港育馬,0.132,46.67,585200,71179926.0,62.45,,0.0,0
2025-07-29,08262,宏強控股,0.086,-2.27,575040,79402940.0,44.52,,0.0,0
2025-07-29,00261,GBA集團,0.325,-2.99,4858030,107692545.0,25.27,,0.0,0
2025-07-29,01102,環能國際,0.05,-3.85,6896380,139969287.0,78.09,,0.0,0
2025-07-29,08613,東方支付集團控股,0.084,5.0,766100,161928200.0,26.08,,0.0,0
2025-07-29,08106,芯化蘭德,0.38,43.4,9421540,212352045.0,12.02,,0.0,0
2025-07-29,01613,協同通信,0.175,1.74,1026940,268776286.0,37.17,,0.0,0
2025-07-29,01817,慕尚集團控股,0.33,3.12,730000,313500000.0,24.57,,0.0,0
2025-07-29,08657,TRUE PARTNER,0.54,50.0,705510,329499090.0,180.71,,0.0,0
2025-07-29,02376,魯商服務,3.206,1.26,1128380,427488040.0,12.83,,0.0,0
2025-07-29,00730,首惠產業金融,0.117,-1.68,523680,462610828.0,11.39,,0.0,0
2025-07-29,00236,香港生力啤,1.24,31.91,2774420,463227494.0,39.4,,0.0,0
2025-07-29,01925,曠世芳香,1.17,0.0,4955430,473899140.0,20.91,,0.0,0
2025-07-29,08611,九福來,0.89,8.14,2664450,530452634.0,10.13,,0.0,0
2025-07-29,08521,智雲國際控股,0.91,5.81,849200,581490000.0,10.08,,0.0,0
2025-07-29,02415,梅斯健康,1.389,6.11,2503080,843360450.0,12.53,,0.0,0
2025-07-30,08446,耀星科技集團-新,0.16,31.15,3610500,9000844.0,28.91,,0.0,0
2025-07-30,01710,致豐工業電子,0.166,19.42,1841220,166000000.0,28.89,,0.0,0
2025-07-30,00036,遠東控股國際,0.52,10.64,1210880,169902500.0,21.56,,0.0,0
2025-07-30,02221,創業集團控股,0.82,18.84,8893750,188028635.0,105.07,,0.0,0
2025-07-30,00120,COSMOPOL INT'L,0.128,-5.88,2102190,209871430.0,11.14,,0.0,0
2025-07-30,09958,力天影業,0.44,57.14,13701600,220000000.0,10.72,,0.0,0
2025-07-30,08158,中國再生醫學,0.89,50.85,5609790,270784707.0,29.85,,0.0,0
2025-07-30,06033,電訊數碼控股,0.75,13.64,2559640,302814750.0,63.91,,0.0,0
2025-07-30,01901,飛揚集團,0.32,28.0,15398540,319488000.0,11.93,,0.0,0
2025-07-30,01046,寰宇娛樂文化,0.395,3.95,1016130,358119749.0,43.29,,0.0,0
2025-07-30,03938,LFG投資控股,0.77,28.33,20670930,377662206.0,17.05,,0.0,0
2025-07-30,02187,智欣集團控股,0.47,-2.08,618700,421872000.0,10.29,,0.0,0
2025-07-30,00776,帝國科技集團,0.703,-0.99,5076910,472301798.0,11.61,,0.0,0
2025-07-30,08521,智雲國際控股,1.05,15.38,3599450,670950000.0,21.32,,0.0,0
2025-07-31,08446,耀星科技集團-新,0.236,47.5,16564600,13276244.0,34.9,,0.0,0
2025-07-31,02135,瑞麗醫美,0.129,9.32,584530,71862976.0,10.94,,0.0,0
2025-07-31,00036,遠東控股國際,0.56,7.69,8764390,182971923.0,49.65,,0.0,0
2025-07-31,01075,首都信息,2.551,18.05,4172950,197574440.0,12.79,,0.0,0
2025-07-31,01073,大禹金融,0.155,16.54,4435550,353192359.0,107.45,,0.0,0
2025-07-31,00643,恆富控股,0.445,21.92,3856550,400431272.0,12.46,,0.0,0
2025-07-31,02187,智欣集團控股,0.465,-1.06,1343300,417384000.0,11.56,,0.0,0
2025-07-31,02177,優趣匯控股,2.95,13.03,1440410,489389365.0,12.33,,0.0,0
2025-07-31,00673,中國衛生集團,0.5,12.11,26911400,693569096.0,36.57,,0.0,0
2025-07-31,01183,澳能建設,0.19,14.46,2507780,756336646.0,10.47,,0.0,0
2025-07-31,02167,天潤雲,4.93,33.6,7412620,854765372.0,16.72,,0.0,0
2025-08-01,08221,高裕金融,0.88,-4.35,1975470,41888000.0,475.1,,0.0,0
2025-08-01,01630,建成控股,0.053,23.26,544100,79500000.0,18.12,,0.0,0
2025-08-01,01348,滉達富控股,0.071,-4.05,2251800,104670472.0,122.65,,0.0,0
2025-08-01,08163,聲揚集團,0.106,0.95,3672000,108677095.0,238.09,,0.0,0
2025-08-01,01715,智慧健康科技,0.35,0.0,7132900,126265958.0,11.32,,0.0,0
2025-08-01,00092,冠軍科技集團,0.193,-3.5,1115210,211839666.0,14.75,,0.0,0
2025-08-01,06068,光正教育,0.131,16.96,5845610,285338174.0,61.54,,0.0,0
2025-08-01,01657,樺欣控股,9.63,8.45,553900,308160000.0,12.0,,0.0,0
2025-08-01,08300,今米房集團,0.142,10.94,1141300,375357120.0,12.4,,0.0,0
2025-08-01,00124,粵海置地,0.28,9.8,9679180,479230318.0,10.15,,0.0,0
2025-08-01,01028,千百度,0.207,-3.27,929130,515926800.0,42.5,,0.0,0
2025-08-01,01100,飛達控股,1.4,8.53,1471480,600830227.0,21.27,,0.0,0
2025-08-01,02625,江蘇宏信,2.6,-2.62,3238000,612662869.0,11.29,,0.0,0
2025-08-01,02442,怡俊集團控股,1.92,23.87,4635400,783360000.0,38.08,,0.0,0
2025-08-04,02195,盈匯企業控股,0.53,17.78,881480,89645714.0,34.91,,0.0,0
2025-08-04,01991,大洋集團,0.76,5.56,1598800,130725092.0,11.16,,0.0,0
2025-08-04,06918,九泰數智,0.161,19.26,3153530,140776275.0,15.01,,0.0,0
2025-08-04,01771,新豐泰集團,0.24,0.42,541200,144000000.0,30.31,,0.0,0
2025-08-04,00387,力豐(集團),0.64,28.0,2620680,147248680.0,42.6,,0.0,0
2025-08-04,01967,信懇智能,0.61,46.99,1701300,183000000.0,31.31,,0.0,0
2025-08-04,00723,信保環球控股,0.32,-22.89,2945700,350029286.0,10.19,,0.0,0
2025-08-04,01080,勝利管道,0.093,30.99,6178620,360316001.0,13.52,,0.0,0
2025-08-04,02210,京城佳業,2.889,-13.48,1476320,423721541.0,11.74,,0.0,0
2025-08-04,01985,美高域,1.55,4.73,8537840,474879700.0,45.97,,0.0,0
2025-08-04,01565,成實外教育,0.213,-2.29,1165520,646835631.0,16.36,,0.0,0
2025-08-04,00156,力寶華潤,0.71,-2.74,2264910,652270802.0,22.96,,0.0,0
2025-08-04,02625,江蘇宏信,2.81,8.08,7251900,662147178.0,12.14,,0.0,0
2025-08-04,00420,福田實業,0.573,7.5,2329430,701940448.0,17.19,,0.0,0
2025-08-04,00306,冠忠巴士集團,1.89,5.59,1353140,901108231.0,10.18,,0.0,0
2025-08-04,00727,中國豐匯,0.785,-4.03,1573200,998397540.0,15.37,,0.0,0
2025-08-05,03728,正利控股,0.048,14.29,798860,48624000.0,27.35,,0.0,0
2025-08-05,08035,駿高控股,0.09,8.43,2602700,54000000.0,12.01,,0.0,0
2025-08-05,08537,創輝珠寶,0.232,48.72,1672990,83520000.0,115.9,,0.0,0
2025-08-05,01967,信懇智能,0.62,1.64,6918300,186000000.0,31.57,,0.0,0
2025-08-05,01540,澳獅環球,0.41,0.0,1328330,204455447.0,11.16,,0.0,0
2025-08-05,01449,立德教育,0.275,3.77,4849720,220000000.0,11.2,,0.0,0
2025-08-05,00865,建德國際控股,0.038,11.76,673510,221843608.0,10.48,,0.0,0
2025-08-05,01667,迪米生活控股,0.3,122.22,1847360,288000000.0,456.14,,0.0,0
2025-08-05,00022,茂盛控股,8.6,3.61,3188040,338218710.0,10.29,,0.0,0
2025-08-05,01020,中細軟科技,0.062,6.9,995830,370957284.0,10.42,,0.0,0
2025-08-05,00767,中基長壽科學,0.6,11.11,7025970,381992580.0,11.35,,0.0,0
2025-08-05,01938,珠江鋼管,0.39,27.87,2155160,394345380.0,10.14,,0.0,0
2025-08-05,02350,數科集團,0.479,15.7,9882250,419125000.0,12.08,,0.0,0
2025-08-05,01418,盛諾集團,0.255,-15.0,1382910,446250510.0,24.49,,0.0,0
2025-08-05,08223,紫元元,1.01,7.45,46120440,521160000.0,30.18,,0.0,0
2025-08-05,02427,GUANZE MEDICAL,0.55,17.02,1426450,522500000.0,12.26,,0.0,0
2025-08-05,08021,匯隆控股,0.8,11.11,3262000,574684042.0,29.09,,0.0,0
2025-08-06,08245,烽翼集團,0.192,-1.03,1759530,39709684.0,97.38,,0.0,0
2025-08-06,08160,GOLDWAY EDU,0.42,0.0,2924280,90212615.0,46.63,,0.0,0
2025-08-06,01561,聯洋智能控股,0.096,52.38,1906280,102283594.0,101.6,,0.0,0
2025-08-06,08176,超人智能,0.159,45.87,978800,113764616.0,19.54,,0.0,0
2025-08-06,08535,熒德控股,0.106,8.16,5533700,127200000.0,14.02,,0.0,0
2025-08-06,00276,蒙古能源,0.69,2.99,840390,129806836.0,11.1,,0.0,0
2025-08-06,02728,金泰能源控股,0.031,0.0,564750,138105648.0,12.62,,0.0,0
2025-08-06,00572,未來世界控股,0.47,-11.32,1273710,141708709.0,42.88,,0.0,0
2025-08-06,02381,蜆殼電業,0.098,5.38,833040,196000000.0,17.66,,0.0,0
2025-08-06,01991,大洋集團,1.14,37.35,3687940,196087638.0,11.91,,0.0,0
2025-08-06,00423,經濟日報集團,0.77,0.0,1075600,332332000.0,13.39,,0.0,0
2025-08-06,00969,華聯國際,0.169,34.13,519900,370309420.0,55.35,,0.0,0
2025-08-06,00096,友成控股,0.635,16.51,931340,404208996.0,27.05,,0.0,0
2025-08-06,01079,松景科技,0.212,54.74,42921450,453691153.0,37.41,,0.0,0
2025-08-06,02237,中國石墨,0.38,7.04,4450150,608000000.0,14.49,,0.0,0
2025-08-07,08003,世大控股,0.184,64.29,3144740,61137599.0,25776.56,,0.0,0
2025-08-07,00784,愛生命國際,0.089,36.92,706800,71200000.0,16.78,,0.0,0
2025-08-07,01750,全達電器集團控股,0.044,25.71,2423000,79200000.0,57.7,,0.0,0
2025-08-07,08401,華夏水務集團,0.108,-10.74,4563300,87826746.0,33.2,,0.0,0
2025-08-07,02122,凱知樂國際,0.077,14.93,834020,104405400.0,49.79,,0.0,0
2025-08-07,01720,普天通信集團,0.135,22.73,1178500,148500000.0,18.6,,0.0,0
2025-08-07,09916,興業物聯,0.4,2.56,511110,160000000.0,27.68,,0.0,0
2025-08-07,02203,腦洞科技,0.212,9.28,4244600,169600000.0,15.14,,0.0,0
2025-08-07,01355,生物系統工程,0.101,0.0,2875000,180749372.0,98.49,,0.0,0
2025-08-07,01826,豐展控股,0.082,-7.87,861260,196603200.0,19.1,,0.0,0
2025-08-07,06893,衍生集團,0.216,40.26,1254410,235827936.0,193.94,,0.0,0
2025-08-07,00989,中國長白山國際,0.83,22.06,1094460,298951010.0,12.69,,0.0,0
2025-08-07,08050,城市酷選,1.625,27.45,1006590,440781250.0,11.1,,0.0,0
2025-08-07,00825,新世界百貨中國,0.34,17.24,6903640,573289300.0,130.26,,0.0,0
2025-08-08,08472,立高控股,0.41,-2.38,1805170,47232000.0,156.41,,0.0,0
2025-08-08,01470,富一國際控股,0.106,55.88,1085400,84800000.0,140.78,,0.0,0
2025-08-08,08271,環球數碼創意,0.065,38.3,562750,97715120.0,28.28,,0.0,0
2025-08-08,08507,愛世紀集團,0.125,1.63,509800,100000000.0,309.91,,0.0,0
2025-08-08,02728,金泰能源控股,0.031,0.0,1900850,138105648.0,17.66,,0.0,0
2025-08-08,01716,毛記葵湧,0.58,24.73,3572030,156600000.0,130.75,,0.0,0
2025-08-08,03302,精技集團,0.179,39.84,2532610,164750418.0,25.83,,0.0,0
2025-08-08,00821,匯盈控股,0.547,15.64,4309390,202983615.0,10.24,,0.0,0
2025-08-08,00352,富陽,0.83,144.12,36433889,204332214.0,21.5,,0.0,0
2025-08-08,01389,美捷匯控股,0.38,-3.8,723770,210646666.0,11.88,,0.0,0
2025-08-08,08229,未來數據集團,0.47,27.03,3206000,261075600.0,206.0,,0.0,0
2025-08-08,00476,科軒動力控股,0.8,17.65,3038960,284519287.0,10.78,,0.0,0
2025-08-08,00361,漢成發展控股,0.052,20.93,826840,304265000.0,32.57,,0.0,0
2025-08-08,01397,碧瑤綠色集團,0.83,22.06,7597960,344450000.0,59.19,,0.0,0
2025-08-08,00953,邵氏兄弟控股,0.265,21.56,17635230,376196650.0,13.72,,0.0,0
2025-08-08,00585,意力國際(五百),0.7,62.79,1955070,580945100.0,48.3,,0.0,0
2025-08-08,01780,榮尊國際控股,1.08,-1.82,1103400,669600000.0,19.5,,0.0,0
2025-08-08,02289,創美藥業,6.267,-1.72,2822680,676836000.0,322.15,,0.0,0
2025-08-08,00266,天德地產,1.91,-0.52,612000,906737784.0,29.67,,0.0,0
2025-08-08,00898,萬事昌國際,1.09,22.47,961370,911320898.0,60.77,,0.0,0
2025-08-11,00810,中國鑄晨81,0.113,-1.74,504020,80540880.0,19.0,,0.0,0
2025-08-11,01722,建鵬控股,0.086,32.31,600200,94600000.0,18.92,,0.0,0
2025-08-11,01315,綠色經濟,0.17,14.09,580890,105718974.0,172.68,,0.0,0
2025-08-11,01843,快餐帝國,0.162,33.88,763850,129600000.0,86.04,,0.0,0
2025-08-11,02682,潤利海事,0.146,14.06,1328700,146000000.0,45.41,,0.0,0
2025-08-11,01470,富一國際控股,0.265,150.0,7859200,212000000.0,67.61,,0.0,0
2025-08-11,00498,藍河控股,0.221,145.56,3811330,230049091.0,654.31,,0.0,0
2025-08-11,01949,佰達國際控股,1.01,55.38,16095990,232704000.0,38.2,,0.0,0
2025-08-11,01129,中國水業集團,0.38,20.63,3368270,240233693.0,12.06,,0.0,0
2025-08-11,00832,建業地產,0.101,2.02,509350,306951735.0,15.4,,0.0,0
2025-08-11,00254,國家聯合資源,0.46,27.78,691520,310850906.0,11.51,,0.0,0
2025-08-11,06188,迪信通,0.49,44.12,2670500,434365596.0,13.38,,0.0,0
2025-08-11,03688,萊蒙國際,0.42,5.0,1426720,593347625.0,368.38,,0.0,0
2025-08-11,00585,意力國際(五百),0.85,21.43,4133500,705433336.0,17.52,,0.0,0
2025-08-11,00206,華商能源,0.249,7.33,2520540,807615045.0,26.88,,0.0,0
2025-08-11,06811,太興集團,0.905,5.85,10815780,879134195.0,23.32,,0.0,0
2025-08-11,00627,共生智築,0.65,0.0,1885000,923437620.0,25.28,,0.0,0
2025-08-12,03603,信基沙溪,0.055,30.95,534260,82111920.0,37.82,,0.0,0
2025-08-12,01259,未來發展控股,0.038,46.15,4031700,83727718.0,33.84,,0.0,0
2025-08-12,02113,世紀集團國際,0.136,122.95,2973100,109446000.0,106.75,,0.0,0
2025-08-12,00899,中加國信,0.251,-8.39,728690,111734911.0,19.76,,0.0,0
2025-08-12,01757,環球華商俱樂部,0.109,6.86,592800,130800000.0,45.05,,0.0,0
2025-08-12,00947,摩比發展,0.165,16.2,1012320,131479441.0,25.7,,0.0,0
2025-08-12,09929,澳達控股,0.074,15.62,1729700,148000000.0,92.05,,0.0,0
2025-08-12,02132,譽燊豐控股,0.111,6.73,952860,177600000.0,20.83,,0.0,0
2025-08-12,01775,精英匯集團,0.35,73.27,4029870,186554200.0,91.52,,0.0,0
2025-08-12,02028,映美控股,0.223,150.56,7249320,191408504.0,316.83,,0.0,0
2025-08-12,01620,富盈環球集團,0.18,57.89,1611090,216000000.0,20.16,,0.0,0
2025-08-12,01831,十方控股,0.213,56.62,2081580,229070754.0,28.47,,0.0,0
2025-08-12,01407,交運燃氣,0.639,8.49,5900200,281160000.0,16.73,,0.0,0
2025-08-12,01623,海隆控股,0.167,-1.76,4523710,283305246.0,14.19,,0.0,0
2025-08-12,06119,天源集團,0.49,30.67,1730100,294000000.0,88.79,,0.0,0
2025-08-12,00924,坤集團,0.32,-8.57,624600,320000000.0,21.07,,0.0,0
2025-08-12,01949,佰達國際控股,1.625,60.89,22197070,374400000.0,11.41,,0.0,0
2025-08-12,00828,王朝酒業,0.3,1.69,676660,422521766.0,11.14,,0.0,0
2025-08-12,01202,四威科技,1.069,8.09,1656240,427600000.0,12.34,,0.0,0
2025-08-12,00244,先施,0.335,34.0,2091680,440177458.0,45.58,,0.0,0
2025-08-12,02146,榮萬家,1.34,5.51,2004250,503840000.0,413.33,,0.0,0
2025-08-12,00528,金達控股,1.02,-8.93,671520,642271560.0,12.62,,0.0,0
2025-08-12,02458,望塵科技控股,4.8,0.0,626500,685008614.0,20.4,,0.0,0
2025-08-12,00212,南洋集團,23.7,-2.31,1362500,805035391.0,42.59,,0.0,0
2025-08-12,06188,迪信通,0.92,87.76,10514500,815543568.0,22.95,,0.0,0
2025-08-13,08430,春能控股,0.16,-11.11,923270,26693632.0,12.88,,0.0,0
2025-08-13,00193,冠中地產,0.227,5.58,702520,52936981.0,63.31,,0.0,0
2025-08-13,01340,惠生國際,0.392,22.5,612490,54262874.0,10.87,,0.0,0
2025-08-13,02358,久融控股,0.011,0.0,595640,60192000.0,11.74,,0.0,0
2025-08-13,08052,陸慶娛樂,0.115,45.57,917820,63049440.0,20.43,,0.0,0
2025-08-13,02147,正味集團,0.96,20.0,4090040,64512000.0,10.67,,0.0,0
2025-08-13,01889,三愛健康集團,0.51,43.66,5966200,77978334.0,233.06,,0.0,0
2025-08-13,01629,冠均國際控股,0.18,21.62,639100,98296657.0,20.14,,0.0,0
2025-08-13,08283,中食民安,0.363,-10.37,3267760,125452800.0,55.11,,0.0,0
2025-08-13,01241,雙樺控股,0.2,58.73,1505940,130000000.0,193.57,,0.0,0
2025-08-13,00637,利記,0.229,57.93,4774930,189783750.0,1969.86,,0.0,0
2025-08-13,00442,域能控股,0.85,16.44,774570,220277500.0,192.97,,0.0,0
2025-08-13,01757,環球華商俱樂部,0.196,79.82,5172000,235200000.0,71.4,,0.0,0
2025-08-13,06882,東瀛遊,0.525,-10.26,3508460,263786250.0,17.15,,0.0,0
2025-08-13,01222,宏安集團,0.023,0.0,1667490,311390030.0,26.64,,0.0,0
2025-08-13,00209,萬維智能科技,2.163,44.78,7487590,321350810.0,5001.73,,0.0,0
2025-08-13,02497,富景中國控股,0.82,1.23,1249500,410000000.0,25.75,,0.0,0
2025-08-13,00970,新耀萊,0.64,6.67,1415660,432231789.0,39.98,,0.0,0
2025-08-13,00166,新時代集團控股,0.052,-1.89,553580,454572403.0,11.03,,0.0,0
2025-08-13,01098,路勁,0.79,-9.2,1272220,591975887.0,13.13,,0.0,0
2025-08-13,01084,綠新生物科技,0.678,0.0,604540,592653360.0,10.25,,0.0,0
2025-08-13,00167,IDT INT'L,1.28,-1.54,511950,665579752.0,15.86,,0.0,0
2025-08-13,02530,紐曼思,0.675,8.0,668640,675000000.0,20.95,,0.0,0
2025-08-13,00206,華商能源,0.247,-5.0,13913350,801128177.0,37.05,,0.0,0
2025-08-13,02481,雙良睿能,2.776,1.46,2562830,837241600.0,56.55,,0.0,0
2025-08-14,00428,中國天弓控股,0.31,10.71,1738240,47820053.0,13.94,,0.0,0
2025-08-14,01064,中華國際,0.066,50.0,2360230,50728690.0,289.88,,0.0,0
2025-08-14,00193,冠中地產,0.232,2.2,888330,54102994.0,11.25,,0.0,0
2025-08-14,00145,信能低碳,0.194,5.43,2128460,71043152.0,11.46,,0.0,0
2025-08-14,08120,國農金融投資,0.465,-4.12,596780,75621443.0,116.33,,0.0,0
2025-08-14,00660,瑋俊生物科技,0.239,21.32,575530,91850039.0,19.54,,0.0,0
2025-08-14,01452,迪諾斯環保,0.122,24.49,1090000,94025122.0,105.21,,0.0,0
2025-08-14,00889,連達科技控股,0.31,8.77,526670,99200000.0,544.08,,0.0,0
2025-08-14,02022,遊萊互動,0.068,33.33,2692400,136000000.0,115.26,,0.0,0
2025-08-14,02113,世紀集團國際,0.172,36.51,6049400,138417000.0,16.72,,0.0,0
2025-08-14,08601,寶燵控股,0.268,1.9,1456150,214400000.0,129.72,,0.0,0
2025-08-14,00653,卓悅控股,0.119,36.78,10276000,223110490.0,176.11,,0.0,0
2025-08-14,01682,杭品生活科技,0.145,27.19,751420,227918830.0,46.4,,0.0,0
2025-08-14,01046,寰宇娛樂文化,0.33,-5.71,755380,299188651.0,43.79,,0.0,0
2025-08-14,00328,ALCO HOLDINGS,1.13,1.99,3492990,323623129.0,16.26,,0.0,0
2025-08-14,06866,佐力科創,0.31,3.33,972710,365800000.0,10.44,,0.0,0
2025-08-14,02136,利福中國,0.27,3.85,3116280,395401095.0,13.72,,0.0,0
2025-08-14,00974,中國順客隆,1.38,119.05,4459870,400830660.0,1036.22,,0.0,0
2025-08-14,00970,新耀萊,0.6,-6.25,4160790,405217302.0,26.82,,0.0,0
2025-08-14,01778,彩生活,0.237,10.23,4516940,440679505.0,10.05,,0.0,0
2025-08-14,01098,路勁,0.73,-7.59,2445100,547015693.0,11.34,,0.0,0
2025-08-14,00610,惠記集團,0.69,-2.82,1171440,547255583.0,21.45,,0.0,0
2025-08-14,01813,合景泰富集團,0.249,-24.55,16103140,851302102.0,19.56,,0.0,0
2025-08-14,03315,金邦達寶嘉,1.09,23.86,12893810,878324180.0,33.42,,0.0,0
2025-08-15,08365,亦辰集團,0.45,52.54,2999980,89437248.0,49.4,,0.0,0
2025-08-15,00660,瑋俊生物科技,0.305,27.62,1545730,117214484.0,17.77,,0.0,0
2025-08-15,02372,偉立控股,0.233,7.37,572400,186400000.0,17.64,,0.0,0
2025-08-15,06816,瑞港建設,0.26,130.09,3291700,208000000.0,1118.1,,0.0,0
2025-08-15,00380,中國管業,0.162,4.52,780950,215827092.0,11.15,,0.0,0
2025-08-15,02885,彼岸控股,0.552,-3.5,2708640,220800000.0,13.24,,0.0,0
2025-08-15,00858,精優藥業,0.129,9.32,9733110,374100000.0,15.24,,0.0,0
2025-08-15,00929,國際精密,0.422,-1.17,1104450,444051245.0,25.73,,0.0,0
2025-08-15,00938,民生國際,0.79,41.07,1595280,511286890.0,33.34,,0.0,0
2025-08-15,01085,亨鑫科技,1.19,-10.53,2789560,554064000.0,15.19,,0.0,0
2025-08-15,02789,遠大中國,0.103,212.12,13695350,639499602.0,181.37,,0.0,0
2025-08-15,00228,中能控股,1.48,-27.45,12217940,675176592.0,54.74,,0.0,0
2025-08-15,02651,大眾口腔,15.734,12.84,5863720,795810647.0,10.21,,0.0,0
2025-08-15,00829,神冠控股,0.255,-17.74,9144310,823772400.0,46.12,,0.0,0
2025-08-18,08277,駿東控股,0.223,71.54,2878000,58531553.0,925.4,,0.0,0
2025-08-18,01421,恆昌集團國際,0.57,23.91,589930,114111264.0,40.0,,0.0,0
2025-08-18,08365,亦辰集團,0.69,53.33,4035620,137137114.0,11.26,,0.0,0
2025-08-18,01710,致豐工業電子,0.144,-7.69,648480,144000000.0,13.48,,0.0,0
2025-08-18,00844,廣泰國際控股,0.315,-25.0,581900,155715629.0,33.42,,0.0,0
2025-08-18,00515,中華銀科技,0.71,82.05,108863922,202753006.0,155.88,,0.0,0
2025-08-18,01351,輝煌明天,0.36,5.88,625080,216000000.0,22.74,,0.0,0
2025-08-18,00894,萬裕科技,0.485,15.48,1543590,232471398.0,21.48,,0.0,0
2025-08-18,01480,恩達集團控股,1.15,9.52,1779140,276000000.0,34.49,,0.0,0
2025-08-18,01955,莊臣控股,0.631,6.77,3801920,315500000.0,59.05,,0.0,0
2025-08-18,00556,泛亞環保,0.32,3.23,5476610,321542669.0,152.77,,0.0,0
2025-08-18,00927,富士高實業,0.65,-2.99,657720,332153250.0,129.07,,0.0,0
2025-08-18,01993,雅仕維,0.7,11.11,582930,339437517.0,33.03,,0.0,0
2025-08-18,01153,佳源服務,0.52,5.05,615640,349548680.0,15.33,,0.0,0
2025-08-18,02107,第一服務控股,0.306,5.15,851290,386784000.0,10.26,,0.0,0
2025-08-18,01260,皓天財經集團,0.41,0.0,1811080,472096140.0,29.36,,0.0,0
2025-08-18,02125,稻草熊娛樂,0.7,14.75,2717600,494228980.0,33.88,,0.0,0
2025-08-18,02389,北京健康,0.088,-3.3,856400,533171938.0,16.85,,0.0,0
2025-08-18,01100,飛達控股,1.42,0.71,1271980,609413516.0,11.39,,0.0,0
2025-08-18,06677,遠洋服務,0.598,5.28,1519530,708032000.0,15.83,,0.0,0
2025-08-18,06908,宏光半導體,0.67,13.56,26953970,785142502.0,10.79,,0.0,0
2025-08-18,00383,天安卓健,0.92,3.37,1094490,929688020.0,110.14,,0.0,0
2025-08-18,00184,激成投資,2.82,7.22,537660,959364000.0,10.37,,0.0,0
2025-08-18,02540,樂思集團,1.61,1.26,1611200,966000000.0,33.64,,0.0,0
2025-08-19,08340,紫荊國際金融,0.55,-5.17,619480,43994500.0,17.33,,0.0,0
2025-08-19,08118,中資國際控股,0.112,-2.61,1331800,56000000.0,46.26,,0.0,0
2025-08-19,00060,香港食品投資,0.46,0.0,646950,117600840.0,92.61,,0.0,0
2025-08-19,01132,橙天嘉禾,0.075,25.0,7077640,209975179.0,69.76,,0.0,0
2025-08-19,01953,賽孚迅國際,0.177,168.18,13821830,223020000.0,622.55,,0.0,0
2025-08-19,00894,萬裕科技,0.55,13.4,2476210,263627359.0,11.29,,0.0,0
2025-08-19,00417,謝瑞麟,1.15,79.69,8010510,286559334.0,404.55,,0.0,0
2025-08-19,00718,太和控股,0.058,11.54,518570,304501151.0,16.87,,0.0,0
2025-08-19,02165,領悅服務集團,1.74,6.1,1287700,497091900.0,13.95,,0.0,0
2025-08-19,00413,南華集團控股,0.038,26.67,1179070,502409483.0,29.81,,0.0,0
2025-08-19,01020,中細軟科技,0.098,34.25,4642990,586351836.0,12.26,,0.0,0
2025-08-19,01612,永勝醫療,1.06,23.26,15161240,699704762.0,12.88,,0.0,0
2025-08-20,08315,新都酒店,0.162,1.25,511900,94193644.0,46.78,,0.0,0
2025-08-20,00725,恆都集團,0.81,42.11,2300880,161155980.0,215.2,,0.0,0
2025-08-20,00833,華訊,0.42,-1.18,2562920,198684436.0,14.6,,0.0,0
2025-08-20,03893,易緯集團,0.208,25.3,1350030,219399610.0,31.07,,0.0,0
2025-08-20,01351,輝煌明天,0.38,5.56,2202320,228000000.0,19.9,,0.0,0
2025-08-20,01284,新傳企劃,0.423,41.95,3711550,253800000.0,27.25,,0.0,0
2025-08-20,02882,金至尊集團,1.02,70.0,3872880,275065033.0,155.7,,0.0,0
2025-08-20,06182,乙德投資控股,0.365,-5.19,1794120,292000000.0,25.77,,0.0,0
2025-08-20,00987,中國再生能源投資,0.126,21.15,6359420,315775840.0,344.81,,0.0,0
2025-08-20,06663,國際永勝集團,0.432,91.15,2323250,345600000.0,403.97,,0.0,0
2025-08-20,00417,謝瑞麟,1.39,20.87,29904170,346363022.0,36.43,,0.0,0
2025-08-20,00280,景福集團,0.455,5.81,3417110,413735352.0,11.29,,0.0,0
2025-08-20,01795,亞東集團,0.78,-12.36,948090,468000000.0,12.99,,0.0,0
2025-08-20,00097,恆基發展,0.165,14.58,7097820,502809020.0,42.37,,0.0,0
2025-08-20,00776,帝國科技集團,0.79,4.36,10623120,530751664.0,10.66,,0.0,0
2025-08-21,08079,曌生命,0.51,0.0,673600,18684973.0,16.93,,0.0,0
2025-08-21,01340,惠生國際,0.464,18.37,2158240,64229525.0,11.15,,0.0,0
2025-08-21,08125,榮記萬通,0.305,12.96,530140,66103465.0,30.47,,0.0,0
2025-08-21,01413,鑄帝控股,0.35,-12.5,10612570,114800000.0,61.87,,0.0,0
2025-08-21,08028,天時資源,0.32,49.53,4373860,161898326.0,17.77,,0.0,0
2025-08-21,02349,中國智能基礎設施,0.066,13.79,599250,206466384.0,16.4,,0.0,0
2025-08-21,01962,訓修實業,0.448,-1.1,998220,276028928.0,21.29,,0.0,0
2025-08-21,01073,大禹金融,0.143,2.88,862680,325848434.0,11.83,,0.0,0
2025-08-21,00191,麗新國際,0.6,1.69,842840,530024341.0,16.84,,0.0,0
2025-08-21,08368,中國創意控股,0.81,0.0,1248000,560696352.0,16.35,,0.0,0
2025-08-21,00848,茂業國際,0.129,-2.27,2253900,663102054.0,18.51,,0.0,0
2025-08-21,01719,中國通商集團,0.395,-4.82,828240,681401342.0,12.4,,0.0,0
2025-08-21,00156,力寶華潤,0.8,12.68,1234240,734953017.0,13.56,,0.0,0
2025-08-21,00527,瑞風綠能智算,0.405,-5.81,3999840,783640576.0,10.52,,0.0,0
2025-08-21,03315,金邦達寶嘉,1.17,9.35,30180760,942788340.0,10.15,,0.0,0
2025-08-22,08121,國恩控股,0.87,27.94,1701600,130534800.0,407.47,,0.0,0
2025-08-22,03666,上海小南國,0.051,70.0,7687570,135437487.0,139.06,,0.0,0
2025-08-22,06158,正榮地產,0.038,-9.52,1284810,165974728.0,13.51,,0.0,0
2025-08-22,02108,K2 F&B,0.211,-3.65,13257040,168800000.0,1641.74,,0.0,0
2025-08-22,01792,CMON,0.73,-3.44,671370,180806400.0,24.98,,0.0,0
2025-08-22,00865,建德國際控股,0.039,8.33,1242440,227681598.0,20.31,,0.0,0
2025-08-22,01001,滬港聯合,0.365,-2.67,569420,232325535.0,30.2,,0.0,0
2025-08-22,08239,首都金融控股,2.4,-4.0,2985750,234645506.0,13.43,,0.0,0
2025-08-22,01617,南方通信,0.15,25.0,18931880,243936000.0,121.15,,0.0,0
2025-08-22,00689,長盈集團(控股),0.149,3.47,1970460,276802025.0,21.44,,0.0,0
2025-08-22,00723,信保環球控股,0.275,1.85,4699810,300806417.0,10.15,,0.0,0
2025-08-22,03368,百盛集團,0.123,39.77,7180620,324047467.0,21.17,,0.0,0
2025-08-22,01925,曠世芳香,1.09,-8.4,1880780,441495780.0,12.66,,0.0,0
2025-08-22,00330,思捷環球,1.66,56.6,15410220,469915678.0,84.75,,0.0,0
2025-08-22,01334,瑞昌國際控股,0.99,1.02,729050,495000000.0,46.45,,0.0,0
2025-08-25,01063,新確科技(新),0.14,40.0,1452110,43079024.0,66.4,,0.0,0
2025-08-25,01225,隆成金融,0.29,31.82,1931760,66793500.0,1136.33,,0.0,0
2025-08-25,08401,華夏水務集團,0.11,-3.51,3252260,89453167.0,31.67,,0.0,0
2025-08-25,01348,滉達富控股,0.072,-6.49,2862030,106144704.0,58.5,,0.0,0
2025-08-25,01315,綠色經濟,0.171,15.54,1818660,106340850.0,20.16,,0.0,0
2025-08-25,01064,中華國際,0.147,145.0,9911020,112986628.0,29.9,,0.0,0
2025-08-25,00243,品質國際,0.465,14.81,2246530,161118097.0,17.99,,0.0,0
2025-08-25,08239,首都金融控股,2.4,0.0,6123960,234645506.0,12.01,,0.0,0
2025-08-25,01869,貓屎咖啡控股,0.142,49.47,1586090,240306600.0,47.53,,0.0,0
2025-08-25,00607,豐盛控股,0.355,4.41,684200,251611197.0,12.14,,0.0,0
2025-08-25,01657,樺欣控股,10.2,5.48,1088400,326400000.0,750.62,,0.0,0
2025-08-25,00969,華聯國際,0.167,5.03,872700,365927060.0,65.53,,0.0,0
2025-08-25,00229,利民實業,0.88,8.64,831930,441165877.0,15.7,,0.0,0
2025-08-25,00351,亞洲能源物流,0.3,25.0,822500,598492573.0,20.93,,0.0,0
2025-08-25,02165,領悅服務集團,2.1,12.9,2820800,599938500.0,11.68,,0.0,0
2025-08-25,02377,博奇環保,1.006,21.79,1446220,859991855.0,32.95,,0.0,0
2025-08-25,01483,網譽科技,1.05,-6.25,719000,860422500.0,10.39,,0.0,0
2025-08-26,08367,倩碧控股,0.285,0.0,1020000,27545245.0,118.06,,0.0,0
2025-08-26,08412,新愛德集團,0.305,-17.57,603050,44742622.0,179.11,,0.0,0
2025-08-26,01400,滿地科技股份,0.02,0.0,1983070,76035347.0,106.48,,0.0,0
2025-08-26,01715,智慧健康科技,0.375,15.38,7050320,135284955.0,56.99,,0.0,0
2025-08-26,01315,綠色經濟,0.237,38.6,2226570,147384687.0,10.41,,0.0,0
2025-08-26,00361,漢成發展控股,0.034,-17.07,2061820,198942500.0,14.59,,0.0,0
2025-08-26,01759,中油潔能控股,1.23,23.0,638700,265680000.0,19.53,,0.0,0
2025-08-26,00827,玖源集團,0.038,35.71,3063190,267065619.0,75.58,,0.0,0
2025-08-26,01490,AI X TECH,0.225,11.39,616400,277785000.0,17.54,,0.0,0
2025-08-26,00926,碧生源,2.86,2.14,3938580,349679573.0,129.47,,0.0,0
2025-08-26,00519,諾科達科技,0.127,19.81,5764520,387998429.0,88.54,,0.0,0
2025-08-26,01827,卓珈控股,1.08,0.0,530000,432000000.0,81.54,,0.0,0
2025-08-26,01925,曠世芳香,1.08,0.93,27896430,437445360.0,88.04,,0.0,0
2025-08-26,01900,中國智能交通,0.305,52.5,12062650,524656688.0,208.31,,0.0,0
2025-08-26,01657,樺欣控股,17.0,66.67,3142800,544000000.0,28.62,,0.0,0
2025-08-26,00487,實德環球,0.138,16.95,1257910,679855785.0,21.76,,0.0,0
2025-08-26,02298,都市麗人,0.394,11.3,16777570,886286142.0,10.48,,0.0,0
2025-08-27,01039,暢由國際集團,0.055,25.0,1384600,99602430.0,13.06,,0.0,0
2025-08-27,08163,聲揚集團,0.102,0.0,1097550,104576072.0,12.59,,0.0,0
2025-08-27,08206,神通機器人教育,0.057,-14.93,761596,108054730.0,11.09,,0.0,0
2025-08-27,00456,新城市建設發展,0.55,26.44,500800,117825887.0,48.37,,0.0,0
2025-08-27,00065,弘海高新資源,0.49,-1.01,2043350,120313089.0,23.83,,0.0,0
2025-08-27,08659,易和國際控股,0.162,22.73,1902600,133379628.0,13.95,,0.0,0
2025-08-27,00888,鏈信控股,0.097,10.23,1532740,137918325.0,34.98,,0.0,0
2025-08-27,01582,華營建築,0.4,-5.88,513160,200000000.0,11.18,,0.0,0
2025-08-27,00352,富陽,1.1,-17.91,58317489,270801729.0,10.73,,0.0,0
2025-08-27,01376,RAFFLESINTERIOR,0.285,17.77,13278800,285000000.0,10.36,,0.0,0
2025-08-27,01111,華視集團控股,0.375,41.51,15833540,288993750.0,43.1,,0.0,0
2025-08-27,01870,綠色電能集團,0.295,22.92,6233550,300065150.0,13.59,,0.0,0
2025-08-27,01289,盛力達科技,2.366,5.34,1419050,302848000.0,14.28,,0.0,0
2025-08-27,01767,TS WONDERS,0.323,8.39,1235450,323000000.0,16.25,,0.0,0
2025-08-27,00046,科聯系統,1.72,5.52,730840,420255140.0,14.64,,0.0,0
2025-08-27,02222,雷士國際,0.89,15.58,921090,451473573.0,26.35,,0.0,0
2025-08-27,00365,芯成科技,0.32,12.28,1531880,465600000.0,10.64,,0.0,0
2025-08-27,01556,建業建榮,0.335,0.0,1234480,502500000.0,11.86,,0.0,0
2025-08-27,03828,明輝國際,0.83,3.75,6028780,609438039.0,11.17,,0.0,0
2025-08-27,00529,新龍國際,2.335,31.55,2199820,649052165.0,878.52,,0.0,0
2025-08-27,01282,中澤豐,0.157,3.29,7386740,785000000.0,14.76,,0.0,0
2025-08-27,01292,長安民生物流,3.91,19.94,2861930,790070240.0,13.37,,0.0,0
2025-08-27,01940,CGII HLDGS,0.67,24.07,4630000,804000000.0,25.0,,0.0,0
2025-08-27,02540,樂思集團,1.58,0.0,2533800,948000000.0,12.85,,0.0,0
2025-08-28,02330,中國上城,0.109,0.0,778420,49360187.0,36.26,,0.0,0
2025-08-28,01581,進升集團控股,0.18,-13.46,502550,74700000.0,55.86,,0.0,0
2025-08-28,00456,新城市建設發展,0.54,-1.82,635190,115683598.0,10.51,,0.0,0
2025-08-28,08426,雅居投資控股,0.234,-9.65,1560000,187200000.0,312.88,,0.0,0
2025-08-28,06038,信越控股,0.213,0.95,822670,213639000.0,21.59,,0.0,0
2025-08-28,03395,吉星新能源,0.335,26.42,8690400,291213020.0,16.3,,0.0,0
2025-08-28,00295,江山控股,0.02,33.33,1986200,299288850.0,93.13,,0.0,0
2025-08-28,01335,順泰控股,0.15,14.5,1333320,365120425.0,12.28,,0.0,0
2025-08-28,01285,嘉士利集團,0.9,-1.1,629970,373500000.0,25.87,,0.0,0
2025-08-28,08395,中顯智能齊家控股,0.23,21.69,2318220,394220000.0,41.92,,0.0,0
2025-08-28,08368,中國創意控股,0.71,-5.33,3365160,491474580.0,13.73,,0.0,0
2025-08-28,08026,朗華國際集團,0.375,0.0,1007200,577494520.0,14.35,,0.0,0
2025-08-29,01862,景瑞控股,0.011,-21.43,1521550,16926945.0,16.66,,0.0,0
2025-08-29,06080,榮智控股,0.122,20.79,4671100,136682700.0,38.92,,0.0,0
2025-08-29,02286,辰興發展,0.25,5.93,869250,149999997.0,154.86,,0.0,0
2025-08-29,01124,沿海家園,0.375,160.42,18985380,155475760.0,533.31,,0.0,0
2025-08-29,08659,易和國際控股,0.199,24.38,3750700,163842876.0,12.33,,0.0,0
2025-08-29,01693,璋利國際,2.26,3.2,508120,181428822.0,13.61,,0.0,0
2025-08-29,01150,米蘭站,0.22,20.22,1079210,232526063.0,10.9,,0.0,0
2025-08-29,00442,域能控股,1.03,13.19,579020,266924500.0,11.67,,0.0,0
2025-08-29,01669,環球信貸集團,0.71,7.58,2039260,284000000.0,26.58,,0.0,0
2025-08-29,02101,福祿控股,0.899,-3.23,2243810,365012777.0,38.35,,0.0,0
2025-08-29,01397,碧瑤綠色集團,0.99,13.79,10086220,410850000.0,32.08,,0.0,0
2025-08-29,01087,威訊控股,1.87,71.56,11153400,448548672.0,13.44,,0.0,0
2025-08-29,02483,K CASH集團,1.628,1.24,4974620,814000000.0,1307.05,,0.0,0
2025-08-29,01483,網譽科技,1.11,6.73,3025400,909589500.0,14.07,,0.0,0
2025-09-01,01802,文業集團,0.055,-1.79,1507600,45738000.0,21.14,,0.0,0
2025-09-01,00704,和嘉控股,0.217,59.56,1135150,63010992.0,472.78,,0.0,0
2025-09-01,01156,CHINANEWENERGY,0.128,18.52,527700,90586967.0,15.25,,0.0,0
2025-09-01,01741,成志控股,0.187,27.21,1788100,149600000.0,46.49,,0.0,0
2025-09-01,01701,途屹控股,0.16,25.0,977500,160000000.0,44.94,,0.0,0
2025-09-01,02663,應力控股,0.305,-7.58,1133850,169863650.0,32.75,,0.0,0
2025-09-01,01037,雲智匯科技,0.26,9.24,500190,183605096.0,24.14,,0.0,0
2025-09-01,00616,財富鏈,0.124,19.23,10554130,231548219.0,10.49,,0.0,0
2025-09-01,00831,利亞零售,0.3,0.0,2536100,234641092.0,11.32,,0.0,0
2025-09-01,01150,米蘭站,0.226,2.73,2884830,238867683.0,13.94,,0.0,0
2025-09-01,01460,揚科集團,0.33,-1.49,713160,289604803.0,23.01,,0.0,0
2025-09-01,08178,中國信息科技,1.72,14.13,858010,296024312.0,19.58,,0.0,0
2025-09-01,02177,優趣匯控股,2.1,-16.0,2626120,348378870.0,12.83,,0.0,0
2025-09-01,01518,新世紀醫療,0.8,6.67,874480,392020000.0,20.17,,0.0,0
2025-09-01,01795,亞東集團,0.73,8.96,11692470,438000000.0,32.61,,0.0,0
2025-09-01,00542,中國文旅農業,0.385,18.46,1724140,589408361.0,23.64,,0.0,0
2025-09-02,03822,三和建築集團,0.96,45.45,879670,80640000.0,218.99,,0.0,0
2025-09-02,01156,CHINANEWENERGY,0.165,28.91,1065000,116772262.0,12.25,,0.0,0
2025-09-02,00712,卡姆丹克太陽能,0.112,8.74,1230410,118711422.0,11.72,,0.0,0
2025-09-02,02122,凱知樂國際,0.125,40.45,9603820,169489286.0,78.62,,0.0,0
2025-09-02,09963,高科橋光導,0.45,28.57,2207000,174304350.0,180.46,,0.0,0
2025-09-02,00653,卓悅控股,0.107,12.63,3420480,200611953.0,17.52,,0.0,0
2025-09-02,08491,COOL LINK,0.56,13.13,6360530,223219454.0,15.41,,0.0,0
2025-09-02,08143,金威醫療,0.175,25.9,3166030,236732995.0,49.64,,0.0,0
2025-09-02,06162,天瑞汽車內飾,0.135,23.85,70629380,324000000.0,1699.7,,0.0,0
2025-09-02,02336,碩奧國際,0.255,50.0,1387450,463057246.0,34.89,,0.0,0
2025-09-02,03348,中國鵬飛集團,0.981,-4.85,1125160,490500000.0,308.26,,0.0,0
2025-09-03,00736,中國置業投資,0.35,27.27,1241570,112209862.0,10.49,,0.0,0
2025-09-03,08500,天泓文創,0.34,3.03,2573850,146880000.0,24.6,,0.0,0
2025-09-03,02336,碩奧國際,0.212,-16.86,5282530,384973083.0,29.59,,0.0,0
2025-09-03,06162,天瑞汽車內飾,0.18,33.33,97094660,432000000.0,13.67,,0.0,0
2025-09-03,00969,華聯國際,0.25,47.06,1398990,547795000.0,10.84,,0.0,0
2025-09-04,08187,積木集團,0.248,32.62,1053910,37617592.0,15.08,,0.0,0
2025-09-04,01581,進升集團控股,0.201,-1.95,2233470,83415000.0,29.02,,0.0,0
2025-09-04,02227,守益控股,0.148,37.04,2328500,135508800.0,166.2,,0.0,0
2025-09-04,01132,橙天嘉禾,0.096,7.87,6100960,268768229.0,10.65,,0.0,0
2025-09-04,01150,米蘭站,0.34,47.83,19072790,359358461.0,26.8,,0.0,0
2025-09-04,00969,華聯國際,0.188,-24.8,5047060,411941840.0,19.64,,0.0,0
2025-09-04,00994,中天宏信,0.325,27.45,4005900,419576950.0,35.89,,0.0,0
2025-09-04,01628,禹洲集團,0.35,-12.5,1166210,520795448.0,12.34,,0.0,0
2025-09-04,00616,財富鏈,0.35,84.21,43577510,653563522.0,14.36,,0.0,0
2025-09-05,00193,冠中地產,0.219,1.86,1110900,51071360.0,12.58,,0.0,0
2025-09-05,08187,積木集團,0.345,39.11,5899260,52330925.0,34.07,,0.0,0
2025-09-05,02330,中國上城,0.147,5.76,1743180,66568325.0,12.67,,0.0,0
2025-09-05,01134,恆發光學,0.18,-7.22,544740,90000000.0,10.5,,0.0,0
2025-09-05,08507,愛世紀集團,0.142,11.81,744740,113600000.0,20.28,,0.0,0
2025-09-05,00712,卡姆丹克太陽能,0.16,52.38,9014120,169587746.0,34.38,,0.0,0
2025-09-05,08637,元續科技,1.48,28.7,3088800,221558960.0,33.04,,0.0,0
2025-09-05,02326,新源萬恆控股,0.011,10.0,645260,231924794.0,29.71,,0.0,0
2025-09-05,01314,翠華控股,0.185,-2.63,3348020,261076893.0,38.18,,0.0,0
2025-09-05,00924,坤集團,0.315,-1.56,644900,315000000.0,20.97,,0.0,0
2025-09-05,06696,多想雲,0.503,1.62,6080230,338016000.0,11.84,,0.0,0
2025-09-05,00757,陽光能源,0.109,21.11,7124500,362291053.0,43.71,,0.0,0
2025-09-05,01938,珠江鋼管,0.49,15.29,5850030,495459580.0,14.41,,0.0,0
2025-09-05,00750,水發興業能源,0.31,8.77,1279520,781535352.0,14.76,,0.0,0
2025-09-08,08460,基地錦標集團,0.068,17.24,2030830,18061345.0,34.06,,0.0,0
2025-09-08,01162,瑩嵐集團,0.25,0.0,3825500,150000000.0,16.13,,0.0,0
2025-09-08,01413,鑄帝控股,0.485,22.78,14300060,159080000.0,14.35,,0.0,0
2025-09-08,01707,致浩達控股,0.108,4.85,1311100,181440000.0,295.29,,0.0,0
2025-09-08,01653,MOS HOUSE,0.87,112.2,7772080,247181790.0,46.25,,0.0,0
2025-09-08,08329,海王英特龍,0.152,-5.0,716660,255056000.0,10.05,,0.0,0
2025-09-08,01613,協同通信,0.17,0.59,1139650,261096963.0,27.65,,0.0,0
2025-09-08,01379,溫嶺工量刃具,3.664,8.92,2639770,293120000.0,53.59,,0.0,0
2025-09-08,01741,成志控股,0.4,61.94,10995900,320000000.0,15.24,,0.0,0
2025-09-08,00757,陽光能源,0.131,20.18,17563920,435414018.0,20.45,,0.0,0
2025-09-08,00021,大中華控股,0.118,-0.84,540020,469077542.0,26.55,,0.0,0
2025-09-08,08107,細葉榕科技,0.38,90.0,7255210,521795100.0,125.25,,0.0,0
2025-09-08,00438,彩虹新能源,3.0,19.05,1613750,528966210.0,11.13,,0.0,0
2025-09-08,00929,國際精密,0.552,32.37,3814480,580844283.0,10.76,,0.0,0
2025-09-09,08277,駿東控股,0.165,25.0,583600,43308100.0,65.79,,0.0,0
2025-09-09,02195,盈匯企業控股,0.63,26.0,2572630,106560000.0,60.5,,0.0,0
2025-09-09,02022,遊萊互動,0.081,62.0,4513900,162000000.0,173.41,,0.0,0
2025-09-09,01355,生物系統工程,0.112,60.0,2131890,200434947.0,14.37,,0.0,0
2025-09-09,01351,輝煌明天,0.435,-6.45,646060,261000000.0,12.31,,0.0,0
2025-09-09,01153,佳源服務,0.5,5.26,1949490,336104500.0,42.95,,0.0,0
2025-09-09,03301,融信中國,0.206,7.29,2798720,346786872.0,12.28,,0.0,0
2025-09-09,02000,晨訊科技,0.34,11.48,642020,720476082.0,13.38,,0.0,0
2025-09-10,08619,NIU HOLDINGS,0.175,2.34,2382150,75886125.0,91.66,,0.0,0
2025-09-10,00619,南華金融,0.305,19.61,1672030,91889506.0,33.12,,0.0,0
2025-09-10,08350,立橋證券控股,0.181,8.38,636590,171961584.0,14.8,,0.0,0
2025-09-10,00862,遠見控股,0.52,8.33,605460,204057904.0,10.35,,0.0,0
2025-09-10,08406,中國口腔產業,0.105,2.94,3939110,206809861.0,11.53,,0.0,0
2025-09-10,06663,國際永勝集團,0.272,-15.53,772750,217600000.0,39.85,,0.0,0
2025-09-10,00736,中國置業投資,0.76,35.71,10355330,243655701.0,13.43,,0.0,0
2025-09-10,01129,中國水業集團,0.415,13.7,5667490,262360480.0,16.17,,0.0,0
2025-09-10,01757,環球華商俱樂部,0.226,-4.64,1325900,271200000.0,10.93,,0.0,0
2025-09-10,01226,中國投融資,0.79,1.28,572700,325951314.0,22.74,,0.0,0
2025-09-10,01418,盛諾集團,0.223,-6.3,635920,390250446.0,10.83,,0.0,0
2025-09-10,00617,百利保控股,0.36,30.91,4140770,401250771.0,17.44,,0.0,0
2025-09-10,01073,大禹金融,0.121,-13.57,1928940,413576859.0,14.21,,0.0,0
2025-09-10,00519,諾科達科技,0.138,16.95,4254810,421604592.0,11.85,,0.0,0
2025-09-10,02231,景業名邦集團,0.29,76.83,7506600,477390170.0,792.59,,0.0,0
2025-09-10,01036,萬科海外,1.35,0.0,838390,525862708.0,10.19,,0.0,0
2025-09-10,00078,富豪酒店,0.64,18.52,4838080,575220693.0,11.77,,0.0,0
2025-09-10,03882,天彩控股,0.82,1.23,1039010,827041713.0,10.2,,0.0,0
2025-09-11,00524,長城天下,0.355,12.7,664040,83878512.0,52.42,,0.0,0
2025-09-11,03708,中國供應鏈產業,0.21,50.0,5906850,152728800.0,52.47,,0.0,0
2025-09-11,02132,譽燊豐控股,0.11,12.24,576070,176000000.0,125.94,,0.0,0
2025-09-11,00094,綠心集團,0.07,84.21,3551900,194774061.0,73.08,,0.0,0
2025-09-11,01949,佰達國際控股,0.9,-21.05,2899330,207360000.0,10.92,,0.0,0
2025-09-11,01245,NIRAKU,0.175,-1.13,912390,209273830.0,10.99,,0.0,0
2025-09-11,00862,遠見控股,0.56,7.69,1841800,219754666.0,15.88,,0.0,0
2025-09-11,00204,資本界金控,1.02,2.0,7120630,254036231.0,17.4,,0.0,0
2025-09-11,00474,信銘生命科技,0.029,52.63,5333480,256885677.0,203.88,,0.0,0
2025-09-11,02381,蜆殼電業,0.135,35.0,5125380,270000000.0,43.84,,0.0,0
2025-09-11,00822,嘉瑞國際,0.32,-7.25,1394500,286003648.0,15.72,,0.0,0
2025-09-11,02680,南強控股,4.87,2.74,544180,292200000.0,20.34,,0.0,0
2025-09-11,03816,KFM金德,0.49,27.27,1466200,294000000.0,13.12,,0.0,0
2025-09-11,01332,透雲生物,0.124,39.33,1043370,347938066.0,19.41,,0.0,0
2025-09-11,02122,凱知樂國際,0.305,160.68,36554020,413553857.0,22.85,,0.0,0
2025-09-11,01856,依波路,1.51,0.67,1601440,543988843.0,11.83,,0.0,0
2025-09-11,01980,天鴿互動,0.62,-3.12,5308530,685718860.0,21.72,,0.0,0
2025-09-12,01063,新確科技(新),0.134,4.69,2447870,41232780.0,41.82,,0.0,0
2025-09-12,08221,高裕金融,1.02,0.0,2707650,48552000.0,77.73,,0.0,0
2025-09-12,08118,中資國際控股,0.12,-6.25,1627400,60000000.0,16.71,,0.0,0
2025-09-12,00923,綜合環保集團,0.014,-6.67,1089990,67522126.0,75.16,,0.0,0
2025-09-12,08027,吉輝控股,0.1,2.04,782400,71040000.0,5795.56,,0.0,0
2025-09-12,01421,恆昌集團國際,0.42,7.69,1719800,84081984.0,18.66,,0.0,0
2025-09-12,01718,宏基集團控股,0.305,1.67,1757730,92756600.0,16.17,,0.0,0
2025-09-12,08160,GOLDWAY EDU,0.44,0.0,2136000,94508454.0,140.82,,0.0,0
2025-09-12,08321,泰錦控股,0.225,0.0,967500,120690000.0,113.16,,0.0,0
2025-09-12,08535,熒德控股,0.105,20.69,5627600,126000000.0,37.74,,0.0,0
2025-09-12,08268,智城發展控股,0.5,33.33,643640,144000000.0,27.08,,0.0,0
2025-09-12,01996,弘陽地產,0.055,12.24,638320,183639390.0,135.93,,0.0,0
2025-09-12,01305,偉志控股,0.89,0.0,2783960,192797140.0,133.88,,0.0,0
2025-09-12,00199,德祥地產,0.22,0.46,1464500,239500380.0,10.07,,0.0,0
2025-09-12,03778,中國織材控股,3.05,0.0,6969760,381966750.0,1998.21,,0.0,0
2025-09-12,00124,粵海置地,0.305,8.93,7911740,522018739.0,10.02,,0.0,0
2025-09-12,01577,匯鑫小貸,0.773,-4.92,817540,525640000.0,34.41,,0.0,0
2025-09-12,01176,珠光控股,0.063,3.28,1587090,557589863.0,11.89,,0.0,0
2025-09-12,00519,諾科達科技,0.201,47.79,24357660,614076254.0,31.85,,0.0,0
2025-09-12,01565,成實外教育,0.209,10.0,1230940,634688483.0,11.41,,0.0,0
2025-09-12,01780,榮尊國際控股,1.12,3.7,2570250,694400000.0,11.89,,0.0,0
2025-09-12,01980,天鴿互動,0.63,1.61,11496060,696778842.0,16.84,,0.0,0
2025-09-12,01660,七元投資,0.119,-1.65,9113110,737205000.0,798.91,,0.0,0
2025-09-12,00337,綠地香港,0.275,11.34,9196060,767768288.0,11.33,,0.0,0
2025-09-12,01569,民生教育,0.207,20.35,2614950,873068040.0,19.62,,0.0,0
2025-09-15,00682,超大現代,0.35,32.08,2090010,69205193.0,22.5,,0.0,0
2025-09-15,08131,諾亞智能,0.128,26.73,2646240,92059026.0,8733.47,,0.0,0
2025-09-15,00889,連達科技控股,0.365,21.67,1277130,116800000.0,41.34,,0.0,0
2025-09-15,00932,順騰國際控股,0.042,40.0,7415380,130531524.0,162.8,,0.0,0
2025-09-15,01987,BENG SOON MACH,0.199,37.24,5795700,199000000.0,167.77,,0.0,0
2025-09-15,00876,佳兆業健康,2.25,95.65,14070220,233173696.0,225.76,,0.0,0
2025-09-15,02371,創聯控股,0.35,-2.78,1022670,240932632.0,12.49,,0.0,0
2025-09-15,02280,慧聰集團,0.198,26.92,847240,259366362.0,14.48,,0.0,0
2025-09-15,02012,陽光油砂,0.66,33.33,23183640,469493933.0,47.41,,0.0,0
2025-09-15,00381,權識國際,0.435,27.94,6057220,578734669.0,15.34,,0.0,0
2025-09-15,00528,金達控股,1.1,0.0,647500,692645800.0,24.67,,0.0,0
2025-09-15,01660,七元投資,0.131,10.08,14626910,811545000.0,15.86,,0.0,0
2025-09-15,00237,安全貨倉,2.03,-4.25,550600,822150000.0,13.18,,0.0,0
2025-09-15,01502,金融街物業,2.233,2.76,3276330,834025500.0,15.26,,0.0,0
2025-09-15,02486,普樂師集團控股,7.85,28.69,1219330,888679660.0,185.11,,0.0,0
2025-09-16,08018,匯財金融投資,0.05,35.14,1040620,25211647.0,15.77,,0.0,0
2025-09-16,08472,立高控股,0.37,4.23,1305360,42624000.0,25.89,,0.0,0
2025-09-16,08111,中國科技產業集團,0.158,-1.25,1094780,72834316.0,366.15,,0.0,0
2025-09-16,01239,TEAMWAY INTL GP,0.232,-4.13,656980,100692159.0,12.28,,0.0,0
2025-09-16,00574,百信國際,0.052,48.57,676910,103509955.0,120.3,,0.0,0
2025-09-16,01749,杉杉品牌,0.78,-8.24,1098630,104052000.0,11.56,,0.0,0
2025-09-16,00491,英皇文化產業,0.043,22.86,894760,138173658.0,40.86,,0.0,0
2025-09-16,09958,力天影業,0.28,-13.85,2865000,140000000.0,11.52,,0.0,0
2025-09-16,02340,升柏控股,0.186,3.91,669760,142238478.0,16.98,,0.0,0
2025-09-16,00756,森美控股,0.6,0.0,901260,204334959.0,17.14,,0.0,0
2025-09-16,09998,光榮控股,0.295,63.89,3639810,236000000.0,71.21,,0.0,0
2025-09-16,00876,佳兆業健康,2.7,20.0,22198720,279808436.0,15.14,,0.0,0
2025-09-16,01978,敘福樓集團,0.41,2.5,961860,328000000.0,23.09,,0.0,0
2025-09-16,06182,乙德投資控股,0.51,0.0,1297440,408000000.0,11.27,,0.0,0
2025-09-16,03395,吉星新能源,0.47,38.24,8402600,408567521.0,11.91,,0.0,0
2025-09-16,01543,中盈盛達融資擔保,0.32,3.23,1308440,499453660.0,42.05,,0.0,0
2025-09-16,08368,中國創意控股,0.74,1.37,4886740,512241112.0,148.59,,0.0,0
2025-09-16,01094,承輝國際,0.76,-6.17,15332210,540371562.0,32.94,,0.0,0
2025-09-16,03893,易緯集團,0.67,83.56,4346350,706719898.0,51.6,,0.0,0
2025-09-16,01660,七元投資,0.149,13.74,28579460,923055000.0,11.98,,0.0,0
2025-09-16,00167,IDT INT'L,1.85,30.28,10220130,961970735.0,12.61,,0.0,0
2025-09-17,08007,環球戰略集團,0.255,3.66,3323530,57710944.0,748.71,,0.0,0
2025-09-17,06108,新銳醫藥,0.42,9.09,642520,84258999.0,14.65,,0.0,0
2025-09-17,08268,智城發展控股,0.48,-2.04,1051040,138240000.0,12.05,,0.0,0
2025-09-17,02203,腦洞科技,0.207,13.11,1691600,165600000.0,11.84,,0.0,0
2025-09-17,00379,恆嘉融資租賃,0.105,40.0,724530,177166790.0,67.63,,0.0,0
2025-09-17,01312,華控康泰,0.04,42.86,5100190,223542871.0,133.01,,0.0,0
2025-09-17,01105,星島,0.29,13.73,6039830,255357475.0,259.6,,0.0,0
2025-09-17,02080,奧克斯國際,0.53,29.27,2343300,261281520.0,68.22,,0.0,0
2025-09-17,01460,揚科集團,0.325,-4.41,585400,285216851.0,42.46,,0.0,0
2025-09-17,02101,福祿控股,0.749,0.0,1556760,304109644.0,12.42,,0.0,0
2025-09-17,00875,從玉智農,0.48,41.18,15177070,335542354.0,14.92,,0.0,0
2025-09-17,01222,宏安集團,0.03,11.11,1222650,406160908.0,10.96,,0.0,0
2025-09-17,00897,位元堂,0.45,18.42,12632940,501472300.0,56.52,,0.0,0
2025-09-17,01118,高力集團,0.975,4.28,681300,560018675.0,22.01,,0.0,0
2025-09-17,01183,澳能建設,0.165,-0.6,952810,656818666.0,10.05,,0.0,0
2025-09-17,00918,龍翼航空科技,0.59,19.19,4731750,657300804.0,155.99,,0.0,0
2025-09-18,02358,久融控股,0.011,10.0,1506260,60192000.0,13.13,,0.0,0
2025-09-18,08081,白居易控股,0.018,12.5,1056990,92808632.0,16.92,,0.0,0
2025-09-18,02203,腦洞科技,0.218,5.31,3405000,174400000.0,11.62,,0.0,0
2025-09-18,00379,恆嘉融資租賃,0.115,9.52,1467660,194039817.0,17.65,,0.0,0
2025-09-18,02326,新源萬恆控股,0.012,20.0,998060,253008866.0,12.45,,0.0,0
2025-09-18,01226,中國投融資,0.82,2.5,2559800,338329212.0,32.55,,0.0,0
2025-09-18,01351,輝煌明天,0.6,41.18,17408760,360000000.0,57.22,,0.0,0
2025-09-18,00723,信保環球控股,0.335,34.0,6598560,366436909.0,21.44,,0.0,0
2025-09-18,01389,美捷匯控股,0.72,56.52,1371100,399119999.0,11.9,,0.0,0
2025-09-18,00630,雋泰控股,0.425,32.81,2708350,411209512.0,24.09,,0.0,0
2025-09-18,01260,皓天財經集團,0.425,0.0,1028660,489367950.0,10.39,,0.0,0
2025-09-18,00936,佳兆業資本,0.51,174.19,11468810,540600000.0,877.96,,0.0,0
2025-09-18,01719,中國通商集團,0.325,-14.47,1107700,560646674.0,281.28,,0.0,0
2025-09-18,01553,邁科管業,1.48,4.96,976800,642024000.0,15.67,,0.0,0
2025-09-18,03882,天彩控股,0.98,12.64,7464870,988415706.0,22.98,,0.0,0
2025-09-19,08448,環球印館,0.4,21.21,638530,39920000.0,10.0,,0.0,0
2025-09-19,08238,玖方數智,0.21,5.53,619140,73156608.0,60.56,,0.0,0
2025-09-19,00243,品質國際,0.33,-2.94,1744650,114341876.0,19.07,,0.0,0
2025-09-19,01720,普天通信集團,0.153,22.4,1811600,168300000.0,12.91,,0.0,0
2025-09-19,01582,華營建築,0.36,-8.86,4311850,180000000.0,272.16,,0.0,0
2025-09-19,01991,大洋集團,1.5,22.95,2515430,258010050.0,20.1,,0.0,0
2025-09-19,01148,新晨動力,0.3,27.66,3704040,384663538.0,11.99,,0.0,0
2025-09-19,02501,邁越科技,1.1,17.02,5303400,550000000.0,27.46,,0.0,0
2025-09-19,00301,三和精化,1.25,0.0,5921140,588074675.0,26.02,,0.0,0
2025-09-19,00936,佳兆業資本,0.84,64.71,16941250,890400000.0,14.61,,0.0,0
2025-09-19,01082,源宇宙教育,1.51,0.67,771720,918150789.0,33.66,,0.0,0
2025-09-19,00206,華商能源,0.305,5.17,4559450,989247344.0,13.47,,0.0,0
2025-09-22,00907,高雅光學,0.041,-47.44,2162560,35787411.0,29.83,,0.0,0
2025-09-22,08448,環球印館,0.61,52.5,2537130,60878000.0,19.87,,0.0,0
2025-09-22,00923,綜合環保集團,0.018,5.88,1506100,86814162.0,10.24,,0.0,0
2025-09-22,00092,冠軍科技集團,0.169,-5.06,521240,185496909.0,12.55,,0.0,0
2025-09-22,00684,亞倫國際,0.58,-1.69,545200,193171622.0,49.72,,0.0,0
2025-09-22,06939,美佳音控股,0.44,3.53,1686360,273900000.0,17.73,,0.0,0
2025-09-22,08509,威揚酒業控股,0.7,-2.78,1140500,280000000.0,16.02,,0.0,0
2025-09-22,01037,雲智匯科技,0.62,133.96,21255090,437827538.0,166.9,,0.0,0
2025-09-22,01795,亞東集團,0.77,10.0,5879610,462000000.0,109.58,,0.0,0
2025-09-22,01027,亞洲策略(一千),1.27,2.42,741820,530288500.0,11.36,,0.0,0
2025-09-22,00789,雅天妮集團,2.05,36.67,2537550,542826931.0,52.97,,0.0,0
2025-09-22,01148,新晨動力,0.445,48.33,14603560,570584248.0,22.21,,0.0,0
2025-09-22,00918,龍翼航空科技,0.6,0.0,11263480,668441495.0,22.14,,0.0,0
2025-09-22,00771,自動系統,0.85,-1.16,2830180,713515068.0,11.02,,0.0,0
2025-09-22,02008,鳳凰衛視,1.78,21.92,8388810,888871391.0,58.96,,0.0,0
2025-09-23,08125,榮記萬通,0.295,-1.67,894840,63936138.0,28.15,,0.0,0
2025-09-23,01894,恆益控股,0.496,0.0,1528490,115745072.0,13.67,,0.0,0
2025-09-23,02108,K2 F&B,0.221,0.45,935820,176800000.0,81.74,,0.0,0
2025-09-23,02132,譽燊豐控股,0.175,86.17,3136680,280000000.0,27.83,,0.0,0
2025-09-23,00689,長盈集團(控股),0.172,9.55,2499340,319529854.0,11.26,,0.0,0
2025-09-23,01912,康特隆,0.96,20.0,4343770,442761440.0,124.44,,0.0,0
2025-09-23,01878,南戈壁,2.26,-6.61,8764900,837441391.0,15.18,,0.0,0
2025-09-23,00929,國際精密,0.842,39.87,17595150,885997982.0,10.52,,0.0,0
2025-09-23,01037,雲智匯科技,1.26,103.23,165846510,889778544.0,73.9,,0.0,0
2025-09-23,01082,源宇宙教育,1.58,4.64,1102200,960714070.0,13.64,,0.0,0
2025-09-24,01802,文業集團,0.048,-5.88,529000,39916800.0,11.04,,0.0,0
2025-09-24,08125,榮記萬通,0.36,22.03,2376880,78023762.0,19.6,,0.0,0
2025-09-24,01429,天任集團,0.053,8.16,688700,84800000.0,10.0,,0.0,0
2025-09-24,00544,大同集團,1.1,7.84,704580,136059500.0,11.52,,0.0,0
2025-09-24,00726,築友智造科技,0.048,-15.79,1124800,148852595.0,11.03,,0.0,0
2025-09-24,03302,精技集團,0.19,29.25,2753530,174874745.0,28.38,,0.0,0
2025-09-24,02017,滄海控股,0.37,27.59,1542700,228845740.0,36.0,,0.0,0
2025-09-24,06988,樂享集團,0.159,15.22,1320600,377136425.0,11.21,,0.0,0
2025-09-24,00361,漢成發展控股,0.068,58.14,16242560,397885000.0,53.38,,0.0,0
2025-09-24,02280,慧聰集團,0.315,39.38,5300060,412628302.0,16.25,,0.0,0
2025-09-24,02189,嘉濤(香港)控股,0.45,-4.26,2619740,450000000.0,38.41,,0.0,0
2025-09-25,03728,正利控股,0.087,45.0,2357400,88131000.0,113.61,,0.0,0
2025-09-25,01561,聯洋智能控股,0.109,29.76,697840,116134497.0,23.54,,0.0,0
2025-09-25,01850,美好生活集團控股,0.72,2.86,1168420,124416000.0,22.08,,0.0,0
2025-09-25,02211,大健康國際,1.8,2.27,2648740,198983192.0,18.29,,0.0,0
2025-09-25,02349,中國智能基礎設施,0.085,16.44,1248920,265903676.0,78.52,,0.0,0
2025-09-25,00544,大同集團,2.37,115.45,10510010,293146378.0,79.84,,0.0,0
2025-09-25,03302,精技集團,0.495,160.53,71765230,455594730.0,206.46,,0.0,0
2025-09-25,00730,首惠產業金融,0.13,4.0,1121410,514012031.0,13.52,,0.0,0
2025-09-25,01903,JBB BUILDERS,1.42,-7.19,3709780,710000000.0,36.25,,0.0,0
2025-09-25,02427,GUANZE MEDICAL,0.77,50.98,3183600,731500000.0,52.69,,0.0,0
2025-09-25,02167,天潤雲,5.09,38.69,11856930,882506236.0,37.67,,0.0,0
2025-09-25,01027,亞洲策略(一千),2.12,41.33,7447290,885206000.0,41.93,,0.0,0
2025-09-25,02422,潤歌互動,0.55,32.53,1353880,913000000.0,11.88,,0.0,0
2025-09-26,08315,新都酒店,0.136,0.0,1227850,79076146.0,31.13,,0.0,0
2025-09-26,08320,沛然環保,0.118,19.19,2700610,86516420.0,492.63,,0.0,0
2025-09-26,01850,美好生活集團控股,0.64,-11.11,2945150,110592000.0,17.82,,0.0,0
2025-09-26,08490,駿碼半導體,0.193,10.29,4058690,136161500.0,83.95,,0.0,0
2025-09-26,08225,中國醫療集團,0.191,3.24,786200,190112167.0,22.7,,0.0,0
2025-09-26,02212,高鵬礦業,0.18,9.09,3415920,227501856.0,105.93,,0.0,0
2025-09-26,02221,創業集團控股,1.12,24.44,7861470,256819599.0,30.65,,0.0,0
2025-09-26,01732,象興科技,0.21,7.69,2009600,268800000.0,15.7,,0.0,0
2025-09-26,01419,盈健醫療,0.81,-12.9,2897860,307437309.0,13.55,,0.0,0
2025-09-26,06119,天源集團,0.56,14.29,3723180,336000000.0,145.08,,0.0,0
2025-09-26,01757,環球華商俱樂部,0.37,15.62,5567900,444000000.0,15.91,,0.0,0
2025-09-26,00235,中策資本控股,0.032,10.34,9748550,652328123.0,16.81,,0.0,0
2025-09-26,02540,樂思集團,1.47,5.0,4902300,882000000.0,74.12,,0.0,0
2025-09-26,01868,同方友友,0.43,13.16,849800,900620129.0,23.3,,0.0,0
2025-09-29,08147,雲晶數智,0.62,47.62,1704500,128482350.0,19.25,,0.0,0
2025-09-29,01752,澳洲成峰高教,0.086,56.36,1142580,191938756.0,37.14,,0.0,0
2025-09-29,06080,榮智控股,0.181,10.37,9153100,202783350.0,18.44,,0.0,0
2025-09-29,01449,立德教育,0.28,5.66,836020,224000000.0,67.17,,0.0,0
2025-09-29,08637,元續科技,1.69,0.0,3805700,252996380.0,11.39,,0.0,0
2025-09-29,02212,高鵬礦業,0.227,26.11,4255400,286905118.0,11.38,,0.0,0
2025-09-29,03300,中國玻璃,0.315,18.87,5194100,578408751.0,12.68,,0.0,0
2025-09-30,01063,新確科技(新),0.128,0.0,1352710,39386536.0,24.92,,0.0,0
2025-09-30,08072,蘭谷股份,0.295,0.0,866910,49662995.0,12.86,,0.0,0
2025-09-30,02330,中國上城,0.14,9.38,611200,63398405.0,40.9,,0.0,0
2025-09-30,08619,NIU HOLDINGS,0.153,-7.83,716360,66346155.0,41.22,,0.0,0
2025-09-30,00572,未來世界控股,0.5,6.38,678090,150753946.0,22.47,,0.0,0
2025-09-30,01987,BENG SOON MACH,0.265,41.71,7039120,265000000.0,20.72,,0.0,0
2025-09-30,01170,信星集團,0.48,-2.04,1172900,320159734.0,29.76,,0.0,0
2025-09-30,01289,盛力達科技,2.686,8.05,3340310,343808000.0,10.02,,0.0,0
2025-09-30,01046,寰宇娛樂文化,0.39,11.43,960730,353586588.0,29.44,,0.0,0
2025-09-30,00510,時富金融服務集團,0.93,40.91,4223020,400992544.0,13.41,,0.0,0
2025-09-30,02699,新明中國,16.457,-12.69,99440320,432830752.0,10.71,,0.0,0
2025-09-30,01334,瑞昌國際控股,1.11,30.59,5192030,555000000.0,80.27,,0.0,0
2025-09-30,08368,中國創意控股,0.82,12.33,32187320,567618530.0,50.09,,0.0,0
2025-09-30,01851,銀杏教育,1.5,-1.32,5255900,750000000.0,226.16,,0.0,0
2025-09-30,00156,力寶華潤,1.05,20.69,6081500,964625835.0,36.03,,0.0,0
2025-10-02,01010,天璽曜11,0.103,13.19,548400,45762300.0,37.85,,0.0,0
2025-10-02,08208,永通萬國集團,0.105,43.84,1086400,75600000.0,16.27,,0.0,0
2025-10-02,00261,GBA集團,0.285,20.25,3406730,94438078.0,35.74,,0.0,0
2025-10-02,01049,時富投資,1.36,43.16,3423050,109749526.0,1694.58,,0.0,0
2025-10-02,02340,升柏控股,0.19,15.85,1661860,145297370.0,18.13,,0.0,0
2025-10-02,01362,新龍移動,0.53,26.19,732560,148400000.0,34.33,,0.0,0
2025-10-02,03313,雅高控股,1.62,2.53,1745890,230380948.0,52.85,,0.0,0
2025-10-02,01240,青建國際,0.196,6.52,1433070,297590726.0,26.95,,0.0,0
2025-10-02,08148,悟喜生活,0.77,0.0,15558400,352775808.0,691.98,,0.0,0
2025-10-02,01746,萬順集團控股,0.365,40.38,2570400,365000000.0,12.95,,0.0,0
2025-10-02,08269,倍升教育科技,0.52,20.93,6810160,463175856.0,21.7,,0.0,0
2025-10-02,01909,火岩控股,1.913,-8.34,4197320,464516651.0,14.03,,0.0,0
2025-10-02,00510,時富金融服務集團,1.32,41.94,13375770,569150708.0,18.9,,0.0,0
2025-10-02,02237,中國石墨,0.37,7.25,3275150,592000000.0,15.19,,0.0,0
2025-10-02,01489,GC CONSTRUCTION,0.63,88.06,8604100,630000000.0,17.62,,0.0,0
2025-10-02,01942,馬可數字科技,0.322,4.55,27632050,662801451.0,19.81,,0.0,0
2025-10-02,00334,華顯光電,0.405,26.56,13452630,856294711.0,10.47,,0.0,0
2025-10-03,02110,天成控股,0.122,4.27,936420,5270400.0,150.28,,0.0,0
2025-10-03,08293,星亞控股,0.21,6.06,2000680,45158420.0,143.81,,0.0,0
2025-10-03,08221,高裕金融,1.18,12.38,5721000,56168000.0,102.45,,0.0,0
2025-10-03,00130,慕詩國際,0.25,98.41,3014870,71982500.0,38162.91,,0.0,0
2025-10-03,01421,恆昌集團國際,0.395,-1.25,5178400,79077104.0,137.53,,0.0,0
2025-10-03,00784,愛生命國際,0.122,45.24,562300,97600000.0,23.5,,0.0,0
2025-10-03,01850,美好生活集團控股,0.74,19.35,7684630,127872000.0,12.91,,0.0,0
2025-10-03,00397,嬴集團,0.044,-8.33,7306930,150604920.0,71.42,,0.0,0
2025-10-03,01957,大人國際,0.265,-3.64,4096100,166420000.0,10.94,,0.0,0
2025-10-03,08350,立橋證券控股,0.219,30.36,1105320,208064016.0,13.78,,0.0,0
2025-10-03,02258,華滋國際海洋,0.289,29.02,996890,238540600.0,154.72,,0.0,0
2025-10-03,01953,賽孚迅國際,0.198,27.74,2945070,249480000.0,47.93,,0.0,0
2025-10-03,00556,泛亞環保,0.31,10.71,747130,311494461.0,11.7,,0.0,0
2025-10-03,03773,銀盛數惠,1.64,-1.2,1412520,680600000.0,11.04,,0.0,0
2025-10-03,00776,帝國科技集團,1.177,54.26,18818190,790752796.0,20.19,,0.0,0
2025-10-06,08176,超人智能,0.081,-34.68,2314600,57955559.0,353.0,,0.0,0
2025-10-06,02528,尚晉國際控股,0.202,-8.18,1255860,80800000.0,28.42,,0.0,0
2025-10-06,00810,中國鑄晨81,0.12,8.11,1975950,85530138.0,136.41,,0.0,0
2025-10-06,01722,建鵬控股,0.082,43.86,720600,90200000.0,26.43,,0.0,0
2025-10-06,01069,中國健康科技集團,0.333,3.42,2487750,102821296.0,11.4,,0.0,0
2025-10-06,00784,愛生命國際,0.149,22.13,1021300,119200000.0,12.74,,0.0,0
2025-10-06,08317,財華社集團,0.125,-0.79,2516870,124976020.0,293.68,,0.0,0
2025-10-06,08637,元續科技,1.5,-6.25,14544900,224553000.0,14.2,,0.0,0
2025-10-06,00893,中國鐵鈦,0.106,26.19,3780320,238395633.0,22.77,,0.0,0
2025-10-06,00731,建發新勝,0.19,0.53,619370,268774158.0,12.33,,0.0,0
2025-10-06,08029,中投金融科技集團,1.06,58.21,1593800,296886518.0,80.99,,0.0,0
2025-10-06,06909,百得利控股,0.517,0.0,2207600,321832500.0,186.37,,0.0,0
2025-10-06,00471,中播數據,0.679,22.56,5864700,325758490.0,26.29,,0.0,0
2025-10-06,00166,新時代集團控股,0.051,2.0,775850,445830626.0,22.31,,0.0,0
2025-10-06,06829,龍升集團控股,1.88,62.07,6358500,541440000.0,17.08,,0.0,0
2025-10-06,00265,港譽智慧城市服務,2.44,22.61,670040,630597284.0,11.28,,0.0,0
2025-10-06,08246,中華燃氣,1.264,113.51,4470090,748544592.0,194.12,,0.0,0
2025-10-06,06898,中國鋁罐,0.828,6.43,1724620,779480028.0,76.88,,0.0,0
2025-10-08,08250,都都控股,0.166,0.0,3494130,57138547.0,349.34,,0.0,0
2025-10-08,02330,中國上城,0.135,-6.9,1287980,61134176.0,20.19,,0.0,0
2025-10-08,08187,積木集團,0.415,6.41,6351030,62948794.0,24.32,,0.0,0
2025-10-08,08377,維港育馬,0.165,0.61,801490,88974907.0,18.87,,0.0,0
2025-10-08,02112,恩典生命科技,0.066,13.79,5066880,99000000.0,48.64,,0.0,0
2025-10-08,01715,智慧健康科技,0.31,-6.06,1255500,111835562.0,19.02,,0.0,0
2025-10-08,08168,寶積資本,0.085,19.72,833440,126191000.0,17.24,,0.0,0
2025-10-08,01722,建鵬控股,0.117,42.68,8347900,128700000.0,86.57,,0.0,0
2025-10-08,01711,歐化,0.184,106.74,2150000,147200000.0,5011.66,,0.0,0
2025-10-08,08029,中投金融科技集團,1.32,24.53,1869120,369707740.0,10.45,,0.0,0
2025-10-08,00595,先思行,0.44,10.0,2346690,377300573.0,27.78,,0.0,0
2025-10-08,00166,新時代集團控股,0.058,13.73,3125920,507023065.0,29.05,,0.0,0
2025-10-08,01636,中國金屬利用,1.22,23.23,8876240,546749986.0,54.99,,0.0,0
2025-10-08,00365,芯成科技,0.41,41.38,7762900,596550000.0,35.81,,0.0,0
2025-10-08,01900,中國智能交通,0.395,16.18,9659870,679473415.0,34.39,,0.0,0
2025-10-08,06885,金馬能源,1.28,15.32,6108940,685338880.0,10.78,,0.0,0
2025-10-08,01036,萬科海外,1.79,15.48,4182230,697254998.0,30.96,,0.0,0
2025-10-09,08178,中國信息科技,0.587,-47.91,15166050,101026902.0,27.11,,0.0,0
2025-10-09,08473,彌明生活百貨,0.135,12.5,705780,151200000.0,15.52,,0.0,0
2025-10-09,01711,歐化,0.197,7.07,4540270,157600000.0,21.08,,0.0,0
2025-10-09,08406,中國口腔產業,0.107,13.83,1951770,210749096.0,23.98,,0.0,0
2025-10-09,02102,德利機械,0.25,22.55,2646250,250000000.0,82.05,,0.0,0
2025-10-09,01959,中聚投資,0.51,14.61,1329170,270301020.0,20.49,,0.0,0
2025-10-09,00295,江山控股,0.019,-5.0,564430,284324408.0,12.28,,0.0,0
2025-10-09,00970,新耀萊,0.53,1.92,2626710,357941950.0,15.87,,0.0,0
2025-10-09,06939,美佳音控股,0.59,-3.28,2532640,367275000.0,13.27,,0.0,0
2025-10-09,00979,綠色能源科技集團,0.3,0.0,627120,406892453.0,12.96,,0.0,0
2025-10-09,06118,奧星生命科技,1.5,47.06,9094480,768873000.0,30.9,,0.0,0
2025-10-09,06885,金馬能源,1.55,21.09,29046390,829902550.0,25.15,,0.0,0
2025-10-10,08377,維港育馬,0.139,-15.76,1380790,74954619.0,14.39,,0.0,0
2025-10-10,06816,瑞港建設,0.219,1.86,521900,175200000.0,53.53,,0.0,0
2025-10-10,08622,愉悅集團,0.42,6.33,7366400,216498240.0,30.2,,0.0,0
2025-10-10,08403,德豐宿來,1.46,0.69,641840,247032000.0,12.31,,0.0,0
2025-10-10,01822,中木國際,0.155,-15.3,703680,305938591.0,12.35,,0.0,0
2025-10-10,02237,中國石墨,0.4,1.27,37098150,640000000.0,29.44,,0.0,0
2025-10-10,00090,普星能量,1.646,23.2,2732720,754855600.0,49.4,,0.0,0
2025-10-10,02458,望塵科技控股,6.35,1.76,39503700,906209313.0,223.8,,0.0,0
2025-10-13,02110,天成控股,0.16,37.93,2209130,6912000.0,20.9,,0.0,0
2025-10-13,08456,民信國際控股,0.385,-1.28,1111400,50898136.0,20.81,,0.0,0
2025-10-13,00145,信能低碳,0.18,2.27,1703530,65916327.0,14.28,,0.0,0
2025-10-13,01591,汛和集團,0.165,0.61,3538690,88000000.0,147.54,,0.0,0
2025-10-13,00197,亨泰,0.47,-11.32,9276530,98328913.0,11.69,,0.0,0
2025-10-13,02370,力高健康生活,0.52,33.33,3084900,104000000.0,97.22,,0.0,0
2025-10-13,08360,簡樸新生活,0.31,-10.14,1886340,112238511.0,12.15,,0.0,0
2025-10-13,08268,智城發展控股,0.395,-4.82,2131360,113760000.0,24.47,,0.0,0
2025-10-13,01163,虎視傳媒,0.133,1.53,528000,119221200.0,54.6,,0.0,0
2025-10-13,08413,亞洲富思,0.114,-1.72,1133200,132468000.0,15.37,,0.0,0
2025-10-13,00298,莊士中國,0.12,-2.44,515800,281644238.0,12.86,,0.0,0
2025-10-13,02680,南強控股,8.0,41.34,26930790,480000000.0,39.7,,0.0,0
2025-10-13,00848,茂業國際,0.124,-3.88,547650,637400424.0,10.39,,0.0,0
2025-10-13,01727,河北建設,0.45,-4.26,789140,792622575.0,24.65,,0.0,0
2025-10-13,02623,香港黃金產業集團,1.493,0.88,719570,819104279.0,32.92,,0.0,0
2025-10-13,01082,源宇宙教育,1.52,-0.65,2073800,924231258.0,15.15,,0.0,0
2025-10-14,08103,HMVOD視頻,0.239,74.45,3747340,30938047.0,101.19,,0.0,0
2025-10-14,00601,稀鎂科技,0.128,28.0,7928400,75852173.0,12.63,,0.0,0
2025-10-14,02227,守益控股,0.13,16.07,538400,119028000.0,23.6,,0.0,0
2025-10-14,00164,中國寶力科技,0.405,0.0,1806350,141451403.0,17.99,,0.0,0
2025-10-14,01742,HPC HOLDINGS,0.115,26.37,1136100,184000000.0,42.86,,0.0,0
2025-10-14,06839,雲南水務,0.18,-9.55,700380,214778422.0,32.88,,0.0,0
2025-10-14,00913,港灣數字,0.305,3.39,691080,270548737.0,43.75,,0.0,0
2025-10-14,00989,中國長白山國際,0.79,33.9,510450,284543733.0,12.92,,0.0,0
2025-10-14,01355,生物系統工程,0.162,36.13,1224800,289914834.0,34.98,,0.0,0
2025-10-14,01937,佳辰控股,0.29,19.34,1185900,290000000.0,18.9,,0.0,0
2025-10-14,01959,中聚投資,0.72,65.52,17715750,381601440.0,84.33,,0.0,0
2025-10-14,01945,清科控股,1.3,2.36,912900,382239520.0,18.19,,0.0,0
2025-10-14,00938,民生國際,0.61,8.93,641020,394791143.0,10.75,,0.0,0
2025-10-14,00244,先施,0.335,11.67,5546670,440177458.0,57.45,,0.0,0
2025-10-14,01596,翼辰實業,0.657,-1.5,771760,589880880.0,11.04,,0.0,0
2025-10-14,00672,眾安集團,0.136,-0.73,2394820,766470133.0,12.12,,0.0,0
2025-10-15,00065,弘海高新資源,0.395,0.0,3096400,96987082.0,66.67,,0.0,0
2025-10-15,01162,瑩嵐集團,0.22,-1.79,3177000,132000000.0,38.61,,0.0,0
2025-10-15,01826,豐展控股,0.07,-11.39,681040,167832000.0,22.38,,0.0,0
2025-10-15,00684,亞倫國際,0.55,-5.17,610900,183179986.0,20.11,,0.0,0
2025-10-15,00092,冠軍科技集團,0.168,-1.18,934400,184399294.0,10.54,,0.0,0
2025-10-15,00471,中播數據,0.586,-17.58,26907500,281140612.0,13.64,,0.0,0
2025-10-15,01959,中聚投資,0.65,-9.72,34088080,344501300.0,17.24,,0.0,0
2025-10-15,00146,太平地氈,1.68,5.66,1166530,356474980.0,119.99,,0.0,0
2025-10-15,00096,友成控股,0.575,-4.96,1117600,366016020.0,35.2,,0.0,0
2025-10-15,01751,智算能建(二千),0.913,19.19,1478380,372203960.0,36.19,,0.0,0
2025-10-15,00970,新耀萊,0.64,0.0,5256660,432231789.0,12.75,,0.0,0
2025-10-15,01823,華昱高速,1.14,7.55,1890180,537063120.0,14.13,,0.0,0
2025-10-15,00677,金源發展國際實業,0.339,0.0,1536470,575420789.0,10.23,,0.0,0
2025-10-15,00848,茂業國際,0.121,-2.42,1365030,621979446.0,10.51,,0.0,0
2025-10-15,00391,美亞娛樂資訊,0.112,10.89,1021680,663458715.0,28.12,,0.0,0
2025-10-15,02325,雲康集團,1.4,17.65,45523170,869750700.0,93.0,,0.0,0
2025-10-16,08120,國農金融投資,0.47,-9.62,529650,76434577.0,31.52,,0.0,0
2025-10-16,02330,中國上城,0.195,18.9,3027010,88304921.0,12.18,,0.0,0
2025-10-16,01971,弘陽服務,0.275,-21.43,1849520,114125000.0,844.92,,0.0,0
2025-10-16,08321,泰錦控股,0.275,0.0,1045150,147510000.0,151.96,,0.0,0
2025-10-16,01751,智算能建(二千),1.063,16.43,7225400,433354665.0,38.54,,0.0,0
2025-10-16,06830,華眾車載,0.292,11.45,10221230,516604590.0,35.97,,0.0,0
2025-10-16,06188,迪信通,0.63,50.0,1743400,558470052.0,46.89,,0.0,0
2025-10-17,01025,嘉藝控股,0.23,7.48,2357150,102894511.0,14.11,,0.0,0
2025-10-17,01273,香港信貸,0.524,-1.87,661000,217460000.0,11.73,,0.0,0
2025-10-17,00844,廣泰國際控股,0.45,9.76,1621340,222450898.0,400.53,,0.0,0
2025-10-17,01130,中國環境資源,0.49,1.03,3821800,275805882.0,73.02,,0.0,0
2025-10-20,08612,維亮控股,0.102,7.37,694140,42301440.0,78.28,,0.0,0
2025-10-20,01400,滿地科技股份,0.02,0.0,1076070,76035347.0,85.84,,0.0,0
2025-10-20,08321,泰錦控股,0.275,0.0,1295500,147510000.0,11.71,,0.0,0
2025-10-20,01792,CMON,0.896,13.27,3564770,221921280.0,16.98,,0.0,0
2025-10-20,00280,景福集團,0.556,3.73,6178360,505575507.0,11.78,,0.0,0
2025-10-20,00610,惠記集團,0.75,2.74,4202040,594843026.0,20.42,,0.0,0
2025-10-20,01028,千百度,0.285,29.55,892620,710334000.0,12.74,,0.0,0
2025-10-21,01225,隆成金融,0.207,0.98,729150,47676739.0,89.85,,0.0,0
2025-10-21,08118,中資國際控股,0.108,0.0,1555400,54000000.0,15.36,,0.0,0
2025-10-21,02147,正味集團,1.02,13.33,4876720,68544000.0,16.79,,0.0,0
2025-10-21,08275,中國新消費集團,0.127,8.55,1512120,121918164.0,33.04,,0.0,0
2025-10-21,08481,盛龍錦秀國際,0.405,-6.9,1827000,164093850.0,59.51,,0.0,0
2025-10-21,01715,智慧健康科技,0.46,22.67,2275250,165949544.0,10.63,,0.0,0
2025-10-21,01327,勵時集團,0.73,-1.35,598600,188913254.0,31.86,,0.0,0
2025-10-21,01792,CMON,1.053,17.52,6231390,260807040.0,11.53,,0.0,0
2025-10-21,01753,兌吧,0.255,4.51,1589100,274589916.0,15.08,,0.0,0
2025-10-21,01867,標準發展集團,0.211,17.22,1291920,315234000.0,32.77,,0.0,0
2025-10-21,02107,第一服務控股,0.255,0.0,542830,322320000.0,16.28,,0.0,0
2025-10-21,02393,巨星醫療控股,0.152,16.92,8147130,354401680.0,47.79,,0.0,0
2025-10-21,01265,天津津燃公用,0.218,-2.24,2201820,400969100.0,190.34,,0.0,0
2025-10-21,01218,永義國際,2.89,0.0,3323540,427652969.0,252.3,,0.0,0
2025-10-21,01442,鷹輝物流,0.335,0.0,11922650,691440000.0,276.18,,0.0,0
2025-10-21,02505,EDA集團控股,2.12,-3.64,10335530,982229390.0,20.19,,0.0,0
2025-10-22,08460,基地錦標集團,0.119,83.08,3894320,31607354.0,91.5,,0.0,0
2025-10-22,08153,嘉鼎國際集團,0.853,2.4,947030,35480684.0,11.15,,0.0,0
2025-10-22,02358,久融控股,0.012,20.0,3576080,65664000.0,53.12,,0.0,0
2025-10-22,01253,綠博生態,0.23,15.0,622470,138946790.0,10.67,,0.0,0
2025-10-22,00465,富通科技,0.46,9.52,836510,144939560.0,37.15,,0.0,0
2025-10-22,01540,澳獅環球,0.4,0.0,941700,199468729.0,13.8,,0.0,0
2025-10-22,00422,越南制造加工出口,0.3,-25.0,1718030,272304000.0,170.8,,0.0,0
2025-10-22,01867,標準發展集團,0.295,39.81,2337270,440730000.0,14.28,,0.0,0
2025-10-22,02389,北京健康,0.074,1.37,1083680,448349130.0,13.54,,0.0,0
2025-10-22,02377,博奇環保,1.096,5.79,1680280,936929496.0,32.03,,0.0,0
2025-10-23,08460,基地錦標集團,0.25,110.08,29335860,66402004.0,67.93,,0.0,0
2025-10-23,00571,豐德麗控股,0.047,-20.34,727040,82526213.0,69.81,,0.0,0
2025-10-23,01850,美好生活集團控股,0.63,10.53,11790110,108864000.0,17.72,,0.0,0
2025-10-23,01679,瑞斯康集團,0.53,-14.52,2041450,114381335.0,27.38,,0.0,0
2025-10-23,01894,恆益控股,0.508,4.1,992150,118545356.0,29.55,,0.0,0
2025-10-23,01690,立基工程控股,0.085,88.89,4569550,122844550.0,2208.58,,0.0,0
2025-10-23,00726,築友智造科技,0.044,-2.22,1129740,136448212.0,24.14,,0.0,0
2025-10-23,00138,中建富通,0.87,22.54,978190,139171764.0,350.48,,0.0,0
2025-10-23,01449,立德教育,0.25,-1.96,507500,200000000.0,21.53,,0.0,0
2025-10-23,08368,中國創意控股,0.53,-3.64,1984100,366875391.0,38.72,,0.0,0
2025-10-23,00897,位元堂,0.475,7.95,2743340,529331872.0,18.78,,0.0,0
2025-10-24,01259,未來發展控股,0.035,12.9,557500,77117635.0,12.42,,0.0,0
2025-10-24,01703,誼和股份,0.73,35.19,1494850,100740000.0,14.44,,0.0,0
2025-10-24,00726,築友智造科技,0.041,-6.82,1830930,127144925.0,11.74,,0.0,0
2025-10-24,01459,巨匠建設,0.26,4.0,562440,138673600.0,13.45,,0.0,0
2025-10-24,01429,天任集團,0.088,31.34,1864500,140800000.0,17.2,,0.0,0
2025-10-24,00834,盛融控股,0.6,163.16,75168100,271768800.0,102501.95,,0.0,0
2025-10-24,01265,天津津燃公用,0.213,1.43,4258460,391772561.0,18.39,,0.0,0
2025-10-24,01757,環球華商俱樂部,0.54,27.06,10547300,648000000.0,16.85,,0.0,0
2025-10-27,08385,萬里印刷,0.275,63.69,2062680,28706700.0,14.5,,0.0,0
2025-10-27,01010,天璽曜11,0.089,-1.11,759000,39542181.0,46.22,,0.0,0
2025-10-27,02288,宏基資本,0.163,31.45,578330,61197861.0,43.49,,0.0,0
2025-10-27,03919,金力集團,1.36,18.26,846890,61705920.0,13.25,,0.0,0
2025-10-27,08392,舍圖控股,0.064,72.97,552700,64000000.0,435.2,,0.0,0
2025-10-27,01703,誼和股份,0.95,30.14,2522800,131100000.0,10.03,,0.0,0
2025-10-27,09929,澳達控股,0.085,26.87,891400,170000000.0,92.76,,0.0,0
2025-10-27,01399,銳信控股,0.208,4.52,584210,226720259.0,36.06,,0.0,0
2025-10-27,08123,華億金控,0.659,10.02,794930,227123231.0,136.3,,0.0,0
2025-10-27,02326,新源萬恆控股,0.012,0.0,530840,253008866.0,13.15,,0.0,0
2025-10-27,01416,CTR HOLDINGS,0.23,41.98,3940800,322000000.0,27.29,,0.0,0
2025-10-27,02107,第一服務控股,0.26,4.0,882350,328640000.0,12.05,,0.0,0
2025-10-27,00894,萬裕科技,0.82,24.24,8943970,393044425.0,17.32,,0.0,0
2025-10-27,01942,馬可數字科技,0.288,1.05,18674190,592816205.0,19.86,,0.0,0
2025-10-28,00915,道和環球,0.059,-13.24,830280,89065969.0,46.3,,0.0,0
2025-10-28,01163,虎視傳媒,0.122,-5.43,1425900,109360800.0,679.0,,0.0,0
2025-10-28,01443,富臨集團控股,0.112,69.7,2992530,145600000.0,90.91,,0.0,0
2025-10-28,01777,花樣年控股(新),0.089,-7.29,2496190,322924691.0,15.34,,0.0,0
2025-10-28,00205,BFB HEALTH,0.315,0.0,3298200,394132440.0,42.92,,0.0,0
2025-10-28,01985,美高域,1.38,0.73,4274740,422796120.0,17.33,,0.0,0
2025-10-28,01577,匯鑫小貸,0.823,-2.37,24175920,559640000.0,4457.21,,0.0,0
2025-10-28,01622,力高集團,0.168,58.49,1723720,596670366.0,20.42,,0.0,0
2025-10-28,00040,金山科技工業,0.702,4.46,1144250,633546653.0,46.59,,0.0,0
2025-10-28,00472,新絲路控股集團,0.185,6.94,554700,712085290.0,14.36,,0.0,0
2025-10-28,01980,天鴿互動,0.66,1.54,16720590,729958787.0,24.64,,0.0,0
2025-10-28,08050,城市酷選,2.8,13.13,2632670,759500000.0,11.02,,0.0,0
2025-10-28,01079,松景科技,0.445,28.99,13359990,952323411.0,19.25,,0.0,0
2025-10-30,08072,蘭谷股份,0.295,1.72,1380600,49662995.0,84.98,,1.0,1
2025-10-30,02433,中天湖南集團,0.094,11.9,2508500,54144000.0,19.98,,1.0,1
2025-10-30,08007,環球戰略集團,0.26,-1.89,929160,58842532.0,12.36,,1.0,1
2025-10-30,01010,天璽曜11,0.147,27.83,1549900,65311243.0,12.38,,0.0,0
2025-10-30,08535,熒德控股,0.121,-23.42,8585100,145200000.0,118.99,,1.0,1
2025-10-30,02223,卡撒天嬌,0.68,23.64,906040,175543360.0,10.3,,0.0,0
2025-10-30,08326,同景新能源,0.163,-2.98,1529180,200001000.0,48.43,,1.0,1
2025-10-30,01869,貓屎咖啡控股,0.131,42.39,523890,221691300.0,47.9,,0.0,0
2025-10-30,00865,建德國際控股,0.04,0.0,512000,233519588.0,11.72,,0.0,0
2025-10-30,01226,中國投融資,0.8,0.0,6919500,330077280.0,852.16,,1.0,1
2025-10-30,02497,富景中國控股,0.7,7.69,1164300,350000000.0,15.48,,0.0,0
2025-10-30,00381,權識國際,0.305,8.93,5762350,405779480.0,13.25,,1.0,1
2025-10-30,08021,匯隆控股,0.6,-16.67,957000,431013031.0,26.93,,0.0,0
2025-10-30,03860,EPS創健科技,0.76,26.67,677050,442646677.0,23.65,,0.0,0
2025-10-30,00367,莊士機構國際,0.34,0.0,720800,568668055.0,24.24,,0.0,0
2025-10-30,02516,泛遠國際,0.67,-8.22,1678300,627120000.0,14.17,,0.0,0
2025-10-30,00351,亞洲能源物流,0.32,8.47,1912200,638392078.0,11.95,,0.0,0
2025-10-30,01282,中澤豐,0.155,-1.9,2566700,775000000.0,17.83,,1.0,1
2025-10-30,01116,慧源同創科技,0.375,27.12,1268950,809250000.0,11.47,,0.0,0
2025-10-31,01134,恆發光學,0.194,8.38,508560,97000000.0,15.02,,0.0,0
2025-10-31,00065,弘海高新資源,0.405,1.25,1645240,99442451.0,10.2,,1.0,1
2025-10-31,02227,守益控股,0.133,19.82,588800,121774800.0,42.67,,0.0,0
2025-10-31,01393,恆鼎實業,0.052,-10.34,913430,239473489.0,13.64,,0.0,0
2025-10-31,01613,協同通信,0.175,2.94,2411500,268776286.0,20.01,,1.0,1
2025-10-31,00432,盈大地產,0.198,-1.0,683570,403570875.0,14.51,,0.0,0
2025-10-31,01319,靄華押業信貸,0.239,5.29,1252880,459909709.0,15.34,,0.0,0
2025-10-31,03626,啟明東方控股,3.2,-61.4,100465090,588800000.0,103.61,,1.0,1
2025-10-31,01652,福森藥業,0.94,36.23,18776010,694942940.0,82.59,,0.0,0
2025-10-31,01282,中澤豐,0.155,0.0,13852040,775000000.0,35.95,,1.0,1
2025-10-31,00727,中國豐匯,0.72,-3.1,768800,915727680.0,14.48,,0.0,0
2025-11-03,08282,智傲控股,0.62,-1.59,532360,35340000.0,23.45,,1.0,1
2025-11-03,08456,民信國際控股,0.355,-1.39,1012000,46932047.0,89.64,,1.0,1
2025-11-03,08500,天泓文創,0.21,-0.47,3354230,90720000.0,19.05,,0.0,0
2025-11-03,00164,中國寶力科技,0.395,1.28,1032000,137958776.0,13.36,,1.0,1
2025-11-03,00348,中國智能健康,0.172,7.5,547020,159026184.0,15.49,,0.0,0
2025-11-03,01134,恆發光學,0.325,67.53,3602130,162500000.0,42.52,,0.0,0
2025-11-03,01327,勵時集團,0.64,0.0,990120,165622579.0,15.7,,1.0,1
2025-11-03,01284,新傳企劃,0.365,15.87,724680,219000000.0,26.88,,0.0,0
2025-11-03,08502,遠航港口,0.29,16.0,535880,232000000.0,52.45,,0.0,0
2025-11-03,01075,首都信息,3.181,16.05,6775530,246367814.0,55.22,,1.0,1
2025-11-03,01393,恆鼎實業,0.065,25.0,7489360,299341861.0,49.87,,0.0,0
2025-11-03,01738,飛尚無煙煤,0.23,91.67,13890730,317525534.0,186.5,,0.0,0
2025-11-03,00582,神話世界,0.104,-3.7,611210,379754064.0,14.77,,1.0,1
2025-11-03,01653,MOS HOUSE,1.33,41.49,3748440,384259610.0,11.27,,0.0,0
2025-11-03,00320,金寶通,0.51,-16.39,1048420,429695400.0,23.06,,0.0,0
2025-11-03,00616,財富鏈,0.234,36.05,6965720,436953897.0,33.25,,1.0,1
2025-11-03,01692,登輝控股,1.715,4.26,779320,615685000.0,33.96,,0.0,0
2025-11-03,00149,中國農產品交易,0.08,0.0,2629690,796245426.0,21.11,,0.0,0
2025-11-03,02415,梅斯健康,1.47,2.8,9775120,892541296.0,53.08,,1.0,1
2025-11-03,01622,力高集團,0.255,19.16,6745400,905660377.0,13.03,,0.0,0
2025-11-04,02110,天成控股,0.199,32.67,8384950,8596800.0,556.44,,1.0,1
2025-11-04,08282,智傲控股,0.71,14.52,1474130,40470000.0,19.61,,1.0,1
2025-11-04,08340,紫荊國際金融,0.56,1.82,922250,44794400.0,67.3,,1.0,1
2025-11-04,08217,菊福堂生物,0.25,-5.66,2890550,75465000.0,32.46,,1.0,1
2025-11-04,00065,弘海高新資源,0.5,16.28,6036960,122768458.0,12.51,,1.0,1
2025-11-04,01722,建鵬控股,0.14,25.0,3661100,154000000.0,22.15,,0.0,0
2025-11-04,00209,萬維智能科技,1.515,7.22,17445260,225079278.0,65.9,,1.0,1
2025-11-04,03708,中國供應鏈產業,0.32,45.45,15310540,232729600.0,35.83,,1.0,1
2025-11-04,01170,信星集團,0.48,2.13,875980,320159734.0,54.89,,0.0,0
2025-11-04,00713,世界(集團),0.45,-2.17,840830,356452839.0,19.69,,0.0,0
2025-11-04,02187,智欣集團控股,0.49,13.95,2324100,439824000.0,13.58,,0.0,0
2025-11-04,08227,海天天線,0.265,120.83,853120,502871685.0,69.36,,0.0,0
2025-11-04,00413,南華集團控股,0.039,14.71,560820,515630785.0,14.08,,0.0,0
2025-11-04,01290,中國匯融,0.57,-10.94,1198980,621490950.0,832.62,,0.0,0
2025-11-04,02405,力盟科技,1.15,4.55,4893600,920000000.0,13.2,,0.0,0
2025-11-05,00704,和嘉控股,0.118,122.64,4350150,34264042.0,470.08,,1.0,1
2025-11-05,08431,浩柏國際,0.227,1.79,719600,53699937.0,17.19,,1.0,1
2025-11-05,00379,恆嘉融資租賃,0.069,-19.77,1009750,116423890.0,12.78,,1.0,1
2025-11-05,01402,超智能控股,0.26,14.54,735350,273130000.0,32.26,,0.0,0
2025-11-05,00969,華聯國際,0.138,12.2,557080,302382840.0,15.76,,0.0,0
2025-11-05,01130,中國環境資源,0.55,14.58,2734350,309578031.0,15.53,,0.0,0
2025-11-05,02122,凱知樂國際,0.27,22.17,4317950,366096857.0,18.46,,0.0,0
2025-11-05,08021,匯隆控股,0.64,6.67,5580880,459747233.0,26.13,,1.0,1
2025-11-05,08227,海天天線,0.246,-7.17,1806120,466816734.0,19.85,,0.0,0
2025-11-06,08320,沛然環保,0.105,0.96,564980,76984950.0,44.37,,0.0,0
2025-11-06,01889,三愛健康集團,0.62,10.71,1766690,94797191.0,10.62,,1.0,1
2025-11-06,00456,新城市建設發展,0.52,0.0,715550,111399020.0,176.07,,1.0,1
2025-11-06,01720,普天通信集團,0.117,23.16,3911900,128700000.0,25.04,,0.0,0
2025-11-06,00928,帝王國際投資,0.087,2.35,1990890,160986980.0,16.11,,0.0,0
2025-11-06,01343,偉源控股,0.156,100.0,12735200,165984000.0,412.14,,1.0,1
2025-11-06,00969,華聯國際,0.126,-8.7,1108740,276088680.0,12.18,,0.0,0
2025-11-06,00936,佳兆業資本,0.485,25.97,2639200,514100000.0,17.01,,0.0,0
2025-11-06,00869,彩星玩具,0.54,-1.82,1207520,612900000.0,11.68,,0.0,0
2025-11-06,01292,長安民生物流,4.33,3.34,2604550,874937120.0,12.38,,1.0,1
2025-11-07,08035,駿高控股,0.065,10.17,4818900,39000000.0,45.7,,1.0,1
2025-11-07,00704,和嘉控股,0.23,139.58,15156000,66785844.0,30.42,,1.0,1
2025-11-07,02370,力高健康生活,0.42,5.0,1481700,84000000.0,13.79,,0.0,0
2025-11-07,03822,三和建築集團,1.0,51.52,7085110,84000000.0,423.37,,1.0,1
2025-11-07,00401,萬嘉集團,0.121,4.31,510210,136562500.0,16.8,,1.0,1
2025-11-07,00204,資本界金控,0.61,3.39,3504750,151923628.0,26.92,,1.0,1
2025-11-07,01710,致豐工業電子,0.214,8.63,689960,214000000.0,21.0,,0.0,0
2025-11-07,00582,神話世界,0.118,20.41,1742270,430874804.0,16.86,,1.0,1
2025-11-10,00559,德泰新能源集團,0.116,-31.76,696380,60689389.0,112.03,,0.0,0
2025-11-10,08537,創輝珠寶,0.203,0.0,2250120,73080000.0,17.67,,1.0,1
2025-11-10,08483,名仕快相,0.155,26.02,1032150,124000000.0,27.14,,1.0,1
2025-11-10,00986,杜甫酒業集團,0.96,-3.03,684640,124291728.0,11.0,,0.0,0
2025-11-10,08426,雅居投資控股,0.225,-0.44,535720,180000000.0,98.28,,0.0,0
2025-11-10,01655,OKURA HOLDINGS,0.28,78.34,21464800,201599882.0,540.27,,1.0,1
2025-11-10,03366,華僑城(亞洲),0.275,32.21,3735950,205800650.0,51.63,,1.0,1
2025-11-10,06663,國際永勝集團,0.28,3.7,646350,224000000.0,12.34,,0.0,0
2025-11-10,02863,高豐集團控股,0.365,-1.35,6705000,251671515.0,398.7,,1.0,1
2025-11-10,01710,致豐工業電子,0.28,30.84,7784300,280000000.0,81.58,,0.0,0
2025-11-10,00630,雋泰控股,0.315,0.0,1934450,304778814.0,34.01,,1.0,1
2025-11-10,00922,安賢園中國,0.143,-5.3,1226740,317654930.0,17.3,,0.0,0
2025-11-10,08321,泰錦控股,0.62,133.96,4138760,332568000.0,787.89,,0.0,0
2025-11-10,01746,萬順集團控股,0.4,15.94,899680,400000000.0,10.9,,0.0,0
2025-11-10,08418,傲迪瑪汽車,0.475,17.28,579200,403750000.0,11.21,,0.0,0
2025-11-10,00420,福田實業,0.553,-8.29,2858560,677439909.0,49.18,,0.0,0
2025-11-11,08186,浩盟控股,0.51,30.77,2910980,58073006.0,30.71,,1.0,1
2025-11-11,08118,中資國際控股,0.124,7.83,1176600,62000000.0,93.23,,1.0,1
2025-11-11,01707,致浩達控股,0.047,20.51,879700,78960000.0,10.41,,0.0,0
2025-11-11,08320,沛然環保,0.108,-0.92,2531380,79184520.0,39.53,,1.0,1
2025-11-11,00261,GBA集團,0.265,3.92,1414420,87810845.0,24.85,,1.0,1
2025-11-11,08513,加和國際控股,1.08,-11.48,873280,88393180.0,13.49,,1.0,1
2025-11-11,00619,南華金融,0.35,16.67,695440,105446974.0,10.3,,0.0,0
2025-11-11,01413,鑄帝控股,0.47,4.44,16596740,154160000.0,10.51,,1.0,1
2025-11-11,02372,偉立控股,0.218,4.31,839900,174400000.0,115.05,,0.0,0
2025-11-11,08023,鄺文記,0.31,-1.59,935520,185207640.0,51.0,,0.0,0
2025-11-11,01920,巨美集團,0.435,14.47,4434990,255606000.0,10.73,,1.0,1
2025-11-11,00827,玖源集團,0.039,25.81,1020320,274093661.0,34.3,,0.0,0
2025-11-11,01460,揚科集團,0.32,3.23,1152820,280828900.0,82.16,,0.0,0
2025-11-11,01262,蠟筆小新食品,1.81,-2.16,597530,433043528.0,20.02,,1.0,1
2025-11-11,00620,大唐西市,0.72,0.0,6178120,576738166.0,15.29,,1.0,1
2025-11-11,01868,同方友友,0.365,0.0,2411670,764479877.0,25.31,,0.0,0
2025-11-11,02573,新琪安,9.15,-1.72,1614800,880515791.0,11.31,,0.0,0
2025-11-11,01986,彩客新能源,0.915,10.91,12270660,885614318.0,15.43,,1.0,1
2025-11-12,00426,萬華媒體,0.141,101.43,10565900,56526900.0,4133.76,,1.0,1
2025-11-12,00261,GBA集團,0.275,3.77,2781150,91124461.0,14.06,,1.0,1
2025-11-12,00571,豐德麗控股,0.054,25.58,584400,94817351.0,53.46,,0.0,0
2025-11-12,01421,恆昌集團國際,0.58,16.0,2505760,116113216.0,13.78,,1.0,1
2025-11-12,00619,南華金融,0.39,11.43,1852030,117498057.0,13.9,,0.0,0
2025-11-12,01621,域高國際控股,0.118,18.0,709080,118000000.0,153.55,,0.0,0
2025-11-12,08483,名仕快相,0.175,19.86,1730690,140000000.0,11.7,,0.0,0
2025-11-12,00262,迪臣發展國際,0.102,10.87,1118480,149615701.0,12.06,,0.0,0
2025-11-12,00204,資本界金控,0.66,-9.59,13029490,164376384.0,19.31,,1.0,1
2025-11-12,00932,順騰國際控股,0.055,37.5,9106840,170934139.0,16.58,,0.0,0
2025-11-12,02455,潤華服務,0.73,4.29,2086040,219000000.0,26.98,,1.0,1
2025-11-12,01552,BHCC HOLDING,0.28,42.13,4476600,224000000.0,201.65,,1.0,1
2025-11-12,08395,中顯智能齊家控股,0.198,-1.98,705500,339372000.0,10.57,,0.0,0
2025-11-12,00685,世界華文媒體,0.25,13.64,779020,405380360.0,8852.5,,0.0,0
2025-11-12,00897,位元堂,0.455,4.6,1506430,507044214.0,25.68,,0.0,0
2025-11-12,01260,皓天財經集團,0.45,5.88,660630,518154300.0,29.24,,0.0,0
2025-11-12,02000,晨訊科技,0.395,3.95,3862420,837023684.0,13.99,,0.0,0
2025-11-13,08221,高裕金融,1.19,-1.65,2810700,56644000.0,31.13,,1.0,1
2025-11-13,01380,中國金石,0.171,28.57,5471020,88398050.0,25.65,,1.0,1
2025-11-13,01718,宏基集團控股,0.295,27.16,2562420,89715400.0,36.77,,1.0,1
2025-11-13,06193,泰林科建,0.243,14.62,732490,97200000.0,13.45,,0.0,0
2025-11-13,08659,易和國際控股,0.161,3.21,1317400,132556297.0,13.39,,1.0,1
2025-11-13,01217,中國創新投資,0.016,14.29,3278440,204825258.0,16.37,,0.0,0
2025-11-13,00532,王氏港建,0.35,25.0,1098130,255464287.0,65.0,,0.0,0
2025-11-13,00442,域能控股,1.01,24.69,7892990,261741500.0,233.4,,1.0,1
2025-11-13,00681,中民控股,0.037,12.12,1439130,330578765.0,11.3,,0.0,0
2025-11-13,00822,嘉瑞國際,0.4,12.68,1345010,357504560.0,23.34,,0.0,0
2025-11-13,00591,中國高精密,0.365,17.74,7578550,378687500.0,11.78,,0.0,0
2025-11-13,02683,華新手袋國際控股,1.02,25.93,6200560,416798520.0,31.14,,0.0,0
2025-11-13,02516,泛遠國際,0.66,29.41,11212500,617760000.0,10.57,,0.0,0
2025-11-13,01085,亨鑫科技,1.67,3.09,1190060,777552000.0,19.29,,0.0,0
2025-11-13,01412,雋思集團,1.66,0.61,4046140,883120000.0,23.0,,0.0,0
2025-11-14,00428,中國天弓控股,0.242,2.11,724140,37330493.0,15.16,,1.0,1
2025-11-14,08208,永通萬國集團,0.143,52.13,17828200,102960000.0,146.64,,1.0,1
2025-11-14,00948,阿爾法企業-一萬,0.29,11.54,6778000,119561311.0,745.74,,1.0,1
2025-11-14,01718,宏基集團控股,0.405,37.29,4073200,123168600.0,12.53,,1.0,1
2025-11-14,08093,瓦普思瑞元宇宙,3.0,17.65,985600,148435200.0,21.88,,1.0,1
2025-11-14,08403,德豐宿來,1.5,0.0,814270,253800000.0,11.24,,1.0,1
2025-11-14,00022,茂盛控股,7.25,83.54,7693400,285126238.0,39.73,,0.0,0
2025-11-14,02483,K CASH集團,1.662,1.84,2472900,831000000.0,1459.8,,0.0,0
2025-11-14,00237,安全貨倉,2.1,-1.41,1110380,850500000.0,28.87,,0.0,0
2025-11-14,01959,中聚投資,1.77,3.51,37604280,938103540.0,15.75,,1.0,1
2025-11-17,00193,冠中地產,0.185,-6.09,513630,43142473.0,12.01,,0.0,0
2025-11-17,08118,中資國際控股,0.126,0.0,2381500,63000000.0,16.4,,1.0,1
2025-11-17,08071,中彩網通控股,1.45,16.0,1234740,135895402.0,17.84,,0.0,0
2025-11-17,08093,瓦普思瑞元宇宙,2.85,-5.0,1897680,141013440.0,13.24,,1.0,1
2025-11-17,00399,星太鏈集團,0.064,-73.11,23710640,209734907.0,14.47,,1.0,1
2025-11-17,01917,豆盟科技,0.099,33.78,2523300,227700000.0,56.6,,0.0,0
2025-11-17,08247,中生北控生物科技,1.7,65.05,1172200,246002199.0,24.01,,0.0,0
2025-11-17,06663,國際永勝集團,0.31,21.57,1181300,248000000.0,10.63,,0.0,0
2025-11-17,00733,合富輝煌,0.47,70.91,2702830,316850495.0,133.1,,0.0,0
2025-11-17,01822,中木國際,0.163,0.62,787160,321728970.0,17.01,,1.0,1
2025-11-17,08107,細葉榕科技,0.325,-9.72,560300,446272125.0,11.67,,0.0,0
2025-11-17,06939,美佳音控股,0.74,27.59,1202820,460650000.0,21.31,,0.0,0
2025-11-17,02298,都市麗人,0.309,-6.08,4166530,695082279.0,13.65,,0.0,0
2025-11-17,03623,中國金融發展,1.26,0.8,819420,794635803.0,11.1,,0.0,0
2025-11-17,00526,利時集團控股,0.097,15.48,1710250,857869978.0,181.9,,0.0,0
2025-11-18,08187,積木集團,0.42,2.44,2755080,63707213.0,11.94,,1.0,1
2025-11-18,08500,天泓文創,0.197,5.35,2955960,85104000.0,15.32,,1.0,1
2025-11-18,08659,易和國際控股,0.245,47.59,3810000,201716104.0,13.94,,1.0,1
2025-11-18,09929,澳達控股,0.105,19.32,2509600,210000000.0,17.42,,0.0,0
2025-11-18,06068,光正教育,0.1,-13.79,879630,217815400.0,14.26,,0.0,0
2025-11-18,08247,中生北控生物科技,1.8,5.88,2528440,260472917.0,15.61,,0.0,0
2025-11-18,01182,勝龍國際,0.8,56.86,15134260,272651654.0,857.13,,1.0,1
2025-11-18,02012,陽光油砂,0.385,1.32,19532700,273871461.0,15.81,,1.0,1
2025-11-18,01201,天臣控股,0.74,8.82,599410,325367069.0,26.05,,1.0,1
2025-11-18,00936,佳兆業資本,0.495,17.86,14556300,524700000.0,28.48,,0.0,0
2025-11-18,00360,新焦點,0.049,8.89,3944100,843630469.0,26.72,,0.0,0
2025-11-18,01903,JBB BUILDERS,1.89,-9.13,2672940,945000000.0,13.84,,0.0,0
2025-11-19,01862,景瑞控股,0.015,25.0,2537325,23082198.0,94.6,,1.0,1
2025-11-19,08072,蘭谷股份,0.33,0.0,650800,55555214.0,16.74,,1.0,1
2025-11-19,00915,道和環球,0.047,-28.79,2765320,70950857.0,14.98,,1.0,1
2025-11-19,08275,中國新消費集團,0.109,-7.63,1179900,104638424.0,27.42,,1.0,1
2025-11-19,00120,COSMOPOL INT'L,0.09,-4.26,760570,147565850.0,11.04,,1.0,1
2025-11-19,01716,毛記葵湧,0.56,3.7,553840,151200000.0,11.15,,0.0,0
2025-11-19,00834,盛融控股,0.475,-20.83,7636800,215150300.0,12.38,,1.0,1
2025-11-19,06928,萬馬控股,0.3,42.86,9974260,229500000.0,99.35,,1.0,1
2025-11-19,00365,芯成科技,0.315,6.78,1052690,458325000.0,11.7,,0.0,0
2025-11-19,00266,天德地產,1.97,0.0,657280,935221693.0,11.78,,0.0,0
2025-11-19,02458,望塵科技控股,6.7,1.82,20698900,956157858.0,67.33,,1.0,1
2025-11-20,00997,普匯中金國際,0.033,0.0,711860,38586496.0,20.53,,0.0,0
2025-11-20,01633,上諭集團,0.126,80.0,4388700,86278500.0,850.52,,0.0,0
2025-11-20,01850,美好生活集團控股,0.57,0.0,3645100,98496000.0,10.19,,1.0,1
2025-11-20,03639,億達中國,0.072,35.85,897100,186045840.0,13.28,,0.0,0
2025-11-20,01420,川控股,0.171,-5.0,753200,229593355.0,251.07,,1.0,1
2025-11-20,00111,信達國際控股,0.45,34.33,22454920,288542520.0,129.03,,1.0,1
2025-11-20,08059,朝威控股,0.64,77.78,1277490,646787200.0,75.25,,1.0,1
2025-11-21,03321,中科集團控股,0.48,-9.43,981110,37281408.0,55.34,,0.0,0
2025-11-21,08360,簡樸新生活,0.235,-2.08,509030,85084033.0,14.63,,1.0,1
2025-11-21,01555,MI能源,0.029,-3.33,681100,98209240.0,11.65,,0.0,0
2025-11-21,01163,虎視傳媒,0.117,1.74,3230200,104878800.0,48.49,,0.0,0
2025-11-21,01172,融太集團,0.034,47.83,4713300,196492686.0,751.0,,0.0,0
2025-11-21,00487,實德環球,0.059,-48.25,2798320,290662981.0,54.45,,0.0,0
2025-11-21,01895,鑫苑服務,0.53,1.92,907920,314309875.0,10.49,,0.0,0
2025-11-21,01543,中盈盛達融資擔保,0.35,18.64,1109750,546277440.0,36.98,,0.0,0
2025-11-21,01756,中國科教產業,0.62,-8.82,1472100,744000000.0,13.02,,0.0,0
2025-11-21,03882,天彩控股,0.75,4.17,18686510,756440591.0,26.97,,1.0,1
2025-11-24,01862,景瑞控股,0.02,66.67,3867185,30776264.0,11.72,,1.0,1
2025-11-24,08366,浙江聯合投資,0.04,48.15,1177100,63088000.0,383.42,,0.0,0
2025-11-24,00841,木薯資源,0.182,-9.0,796720,106420262.0,12.48,,0.0,0
2025-11-24,00747,沈陽公用發展股份,0.077,14.93,1809380,113141952.0,141.28,,1.0,1
2025-11-24,02048,易居企業控股,0.071,-7.79,754080,124183227.0,17.21,,0.0,0
2025-11-24,01451,萬成集團股份,0.89,12.66,1686780,181916000.0,29.13,,0.0,0
2025-11-24,01460,揚科集團,0.31,0.0,2601200,272052997.0,22.06,,1.0,1
2025-11-24,01410,安領國際,0.38,7.04,603200,383692460.0,11.11,,1.0,1
2025-11-24,01985,美高域,1.26,-0.79,596980,386031240.0,10.79,,0.0,0
2025-11-24,00618,北大資源,0.22,38.36,1437240,602231801.0,11.87,,1.0,1
2025-11-24,00860,APOLLO出行,0.74,-11.9,4908220,756604187.0,17.35,,1.0,1
2025-11-24,06136,康達環保,0.405,-5.81,4139270,934338443.0,20.83,,1.0,1
2025-11-25,01500,現恆建築,0.121,72.86,3054980,100430000.0,580.24,,0.0,0
2025-11-25,00269,中國資源交通,0.01,0.0,1246100,106440932.0,398.75,,0.0,0
2025-11-25,08275,中國新消費集團,0.119,13.33,2542140,114238280.0,13.91,,1.0,1
2025-11-25,01835,瑞威資管,1.17,-41.5,695290,179407800.0,863.71,,1.0,1
2025-11-25,01949,佰達國際控股,0.9,21.62,1334790,207360000.0,14.43,,0.0,0
2025-11-25,08512,凱富善集團控股,0.335,9.84,1707600,307697500.0,15.0,,0.0,0
2025-11-25,01410,安領國際,0.37,-2.63,3262400,373595290.0,28.47,,1.0,1
2025-11-25,00450,鴻興印刷集團,0.85,0.0,1358700,771685228.0,15.78,,0.0,0
2025-11-25,02415,梅斯健康,1.35,2.27,18515270,819680782.0,51.42,,1.0,1
2025-11-26,00907,高雅光學,0.072,26.32,3074940,62846185.0,196.99,,0.0,0
2025-11-26,01259,未來發展控股,0.034,3.03,2128830,74914274.0,61.81,,0.0,0
2025-11-26,01750,全達電器集團控股,0.061,32.61,2077400,109800000.0,50.3,,0.0,0
2025-11-26,02266,黎氏企業,0.345,2.99,618680,138000000.0,28.52,,0.0,0
2025-11-26,00841,木薯資源,0.245,28.95,1860770,143258045.0,11.63,,0.0,0
2025-11-27,08293,星亞控股,0.249,19.14,543170,53544983.0,1357.92,,0.0,0
2025-11-27,08072,蘭谷股份,0.335,-1.47,1556180,56396960.0,18.55,,1.0,1
2025-11-27,08131,諾亞智能,0.099,-23.85,700860,71201903.0,342.89,,1.0,1
2025-11-27,00261,GBA集團,0.285,11.76,4011110,94438078.0,261.24,,0.0,0
2025-11-27,00784,愛生命國際,0.119,-17.93,549000,95200000.0,33.23,,0.0,0
2025-11-27,09958,力天影業,0.206,63.49,7357900,103000000.0,20.95,,1.0,1
2025-11-27,08426,雅居投資控股,0.229,15.08,1424990,183200000.0,6785.67,,1.0,1
2025-11-27,01870,綠色電能集團,0.5,19.05,4732110,508585000.0,10.87,,0.0,0
2025-11-27,01260,皓天財經集團,0.445,7.23,1234960,512397030.0,18.37,,0.0,0
2025-11-27,01410,安領國際,0.57,42.5,10018050,575538690.0,11.71,,1.0,1
2025-11-27,02325,雲康集團,1.02,3.03,5044260,633675510.0,26.57,,1.0,1
2025-11-27,02482,維天運通,0.69,-8.0,511100,961774512.0,48.4,,0.0,0
2025-11-28,08131,諾亞智能,0.076,-23.23,3041750,54660047.0,42.67,,1.0,1
2025-11-28,08357,REPUBLIC HC,0.1,-18.03,2021400,62400000.0,25.04,,1.0,1
2025-11-28,08163,聲揚集團,0.115,12.75,630400,117904395.0,12.26,,0.0,0
2025-11-28,03666,上海小南國,0.047,4.44,27565660,124814939.0,445.33,,1.0,1
2025-11-28,01059,看通集團,0.365,1.39,1317680,136887230.0,377.99,,1.0,1
2025-11-28,06933,新娛科控股,0.43,7.5,552700,184041211.0,11.58,,0.0,0
2025-11-28,08146,怡園酒業,0.248,37.78,1886200,201624000.0,26.2,,0.0,0
2025-11-28,01920,巨美集團,0.415,6.41,1456150,243854000.0,12.93,,0.0,0
2025-11-28,01778,彩生活,0.177,4.12,7064960,329115073.0,31.62,,1.0,1
2025-11-28,00078,富豪酒店,0.55,-5.17,2529540,494330283.0,23.53,,0.0,0
2025-11-28,02369,酷派集團,1.27,2.42,9783620,505371351.0,11.38,,1.0,1
2025-11-28,00191,麗新國際,0.67,21.82,3223160,591860514.0,468.69,,0.0,0
2025-11-28,00488,麗新發展,0.64,-1.54,812260,930130451.0,48.8,,0.0,0
2025-11-28,02250,小黃鴨德盈,0.99,2.06,6570650,998271450.0,26.35,,1.0,1
2025-12-01,08532,寶發控股,0.13,-40.91,1471850,11033672.0,15.07,,1.0,1
2025-12-01,00193,冠中地產,0.18,2.86,1265610,41976461.0,14.17,,1.0,1
2025-12-01,08072,蘭谷股份,0.36,7.46,2367750,60605688.0,10.7,,1.0,1
2025-12-01,08019,皓文控股,0.181,6.47,563920,64449042.0,45.82,,1.0,1
2025-12-01,01124,沿海家園,0.33,17.86,2156800,136818669.0,24.58,,0.0,0
2025-12-01,02223,卡撒天嬌,0.58,-4.92,713640,149728160.0,11.18,,0.0,0
2025-12-01,08146,怡園酒業,0.275,10.89,2922910,223575000.0,11.22,,0.0,0
2025-12-01,01170,信星集團,0.47,0.0,700230,313489739.0,17.19,,0.0,0
2025-12-01,00204,資本界金控,1.32,-2.22,124369900,328752769.0,45.38,,1.0,1
2025-12-01,00150,HYPEBEAST,0.204,9.09,612970,410719408.0,15.89,,0.0,0
2025-12-01,03389,亨得利,0.139,11.2,13551360,612158635.0,110.33,,1.0,1
2025-12-01,00205,BFB HEALTH,0.68,44.68,4193670,850825585.0,30.21,,1.0,1
2025-12-01,02482,維天運通,0.68,-1.45,4430700,947835751.0,78.05,,1.0,1
2025-12-02,02110,天成控股,0.195,5.98,2824420,8424000.0,20.37,,1.0,1
2025-12-02,08432,太平洋酒吧,0.05,25.0,536370,43963200.0,11.02,,0.0,0
2025-12-02,00682,超大現代,0.31,16.98,2036830,61296028.0,296.65,,0.0,0
2025-12-02,08007,環球戰略集團,0.315,8.62,1034180,71289990.0,15.54,,1.0,1
2025-12-02,08401,華夏水務集團,0.11,29.41,656500,89453167.0,13.46,,0.0,0
2025-12-02,01663,漢港控股,0.062,-3.12,1058190,152768000.0,141.17,,1.0,1
2025-12-02,01732,象興科技,0.27,18.42,13288200,345600000.0,413.96,,0.0,0
2025-12-02,02187,智欣集團控股,0.47,1.08,552500,421872000.0,13.9,,0.0,0
2025-12-02,00205,BFB HEALTH,0.79,16.18,5605170,988459135.0,10.28,,1.0,1
2025-12-03,08627,旅橙文化,0.061,7.02,742000,48800000.0,103.49,,0.0,0
2025-12-03,08436,德寶集團控股,0.22,10.55,1936200,88000000.0,88.25,,1.0,1
2025-12-03,06933,新娛科控股,0.55,26.44,1440200,235401549.0,12.2,,0.0,0
2025-12-03,01215,開源控股,0.024,4.35,544620,306693115.0,18.49,,0.0,0
2025-12-03,00575,勵晶太平洋,1.07,33.75,1123300,312242887.0,21.08,,0.0,0
2025-12-03,06860,指尖悅動,0.181,-7.18,661700,347173928.0,32.63,,0.0,0
2025-12-03,08162,港銀控股,0.46,-11.54,2382300,457831008.0,10.66,,0.0,0
2025-12-03,00970,新耀萊,0.68,6.25,7266160,459246276.0,43.24,,1.0,1
2025-12-03,08321,泰錦控股,0.93,24.0,1038800,498852000.0,19.27,,0.0,0
2025-12-03,00854,威雅利,5.75,19.79,749720,592187032.0,56.28,,0.0,0
2025-12-03,01085,亨鑫科技,1.36,-9.33,909000,633216000.0,11.76,,0.0,0
2025-12-03,01483,網譽科技,1.12,13.13,1479800,917784000.0,13.89,,1.0,1
2025-12-04,08487,ISP GLOBAL,0.06,3.45,741600,62797680.0,10.52,,1.0,1
2025-12-04,01166,星凱控股,0.46,35.29,1009080,65534644.0,22.12,,1.0,1
2025-12-04,08217,菊福堂生物,0.315,14.55,888370,95085900.0,10.85,,0.0,0
2025-12-04,01025,嘉藝控股,0.235,8.8,622250,105131348.0,15.56,,1.0,1
2025-12-04,08163,聲揚集團,0.105,-3.67,6908120,107651839.0,56.87,,1.0,1
2025-12-04,01750,全達電器集團控股,0.07,29.63,4718800,126000000.0,14.24,,0.0,0
2025-12-04,08283,中食民安,0.373,1.36,816740,128908800.0,41.17,,1.0,1
2025-12-04,01239,TEAMWAY INTL GP,0.305,5.17,1452680,132375467.0,16.38,,1.0,1
2025-12-04,08326,同景新能源,0.156,4.0,2074820,191412000.0,41.7,,1.0,1
2025-12-04,01433,常達控股,0.103,11.96,2333470,205121410.0,59.26,,1.0,1
2025-12-04,02885,彼岸控股,0.636,6.71,5757020,254400000.0,137.64,,1.0,1
2025-12-04,01226,中國投融資,0.75,-2.6,3021900,309447450.0,163.7,,1.0,1
2025-12-04,00689,長盈集團(控股),0.184,10.18,2148860,341822635.0,24.32,,1.0,1
2025-12-04,06933,新娛科控股,0.82,49.09,6653400,350962309.0,25.39,,0.0,0
2025-12-04,01966,中駿集團控股,0.084,-2.33,577790,354730835.0,13.54,,0.0,0
2025-12-04,00970,新耀萊,0.66,-2.94,12182940,445739032.0,13.75,,1.0,1
2025-12-04,01813,合景泰富集團,0.167,-24.43,3568140,570953619.0,15.79,,0.0,0
2025-12-04,09929,澳達控股,0.485,370.87,118463000,970000000.0,282.76,,1.0,1
2025-12-05,02110,天成控股,0.115,-58.93,47558230,4968000.0,53.39,,1.0,1
2025-12-05,08482,萬勵達,0.171,14.0,759410,30726566.0,160.01,,1.0,1
2025-12-05,00145,信能低碳,0.21,10.53,3394900,76902381.0,16.26,,1.0,1
2025-12-05,08125,榮記萬通,0.375,44.23,2718550,81274752.0,649.75,,0.0,0
2025-12-05,08217,菊福堂生物,0.315,0.0,1926870,95085900.0,13.08,,0.0,0
2025-12-05,01581,進升集團控股,0.238,14.42,1163090,98770000.0,16.37,,0.0,0
2025-12-05,00243,品質國際,0.33,1.54,1753080,114341876.0,58.02,,1.0,1
2025-12-05,01620,富盈環球集團,0.101,7.45,1330500,121200000.0,215.61,,0.0,0
2025-12-05,08535,熒德控股,0.157,3.97,1371080,188400000.0,16.17,,1.0,1
2025-12-05,01792,CMON,1.123,30.43,2590090,278144640.0,21.96,,1.0,1
2025-12-05,00681,中民控股,0.034,-5.56,953640,303775081.0,10.4,,0.0,0
2025-12-05,01226,中國投融資,0.84,12.0,3939000,346581144.0,12.28,,1.0,1
2025-12-05,02177,優趣匯控股,2.64,8.64,559850,437962008.0,18.25,,0.0,0
2025-12-05,01657,樺欣控股,15.4,-2.47,516000,492800000.0,20.81,,0.0,0
2025-12-05,03689,康華醫療,1.88,16.77,505070,628660720.0,2285.38,,0.0,0
2025-12-05,00519,諾科達科技,0.224,0.45,787070,684343686.0,11.04,,0.0,0
2025-12-05,02789,遠大中國,0.119,-4.03,1102990,738839346.0,10.09,,0.0,0
2025-12-08,01010,天璽曜11,0.104,4.0,2086700,46206594.0,303.3,,1.0,1
2025-12-08,08450,鉅京控股,0.092,-4.17,557220,92000000.0,38.34,,1.0,1
2025-12-08,00145,信能低碳,0.345,64.29,11243090,126339627.0,21.11,,1.0,1
2025-12-08,00164,中國寶力科技,0.375,7.14,2035730,130973521.0,27.4,,1.0,1
2025-12-08,08481,盛龍錦秀國際,0.375,-8.54,920900,151938750.0,61.6,,1.0,1
2025-12-08,02129,LEGION CONSO,0.16,25.0,1943900,200000000.0,30.85,,0.0,0
2025-12-08,03313,雅高控股,1.72,30.3,3714210,244601995.0,178.58,,0.0,0
2025-12-08,00913,港灣數字,0.3,0.0,1371000,266113512.0,69.65,,1.0,1
2025-12-08,06877,TE HEALTHCARE,0.145,-12.12,580940,294827050.0,13.59,,0.0,0
2025-12-08,01348,滉達富控股,0.201,21.08,4541060,296320632.0,23.24,,1.0,1
2025-12-08,00423,經濟日報集團,0.75,-6.25,2163500,323700000.0,250.12,,0.0,0
2025-12-08,00979,綠色能源科技集團,0.29,9.43,927400,393329371.0,24.78,,1.0,1
2025-12-08,02177,優趣匯控股,2.93,10.98,1189460,486071471.0,13.79,,0.0,0
2025-12-08,00227,第一上海,0.27,-1.82,1746050,591483574.0,11.33,,0.0,0
2025-12-09,02608,陽光100中國,0.011,0.0,769960,28058926.0,12.95,,1.0,1
2025-12-09,00339,全球數字控股,0.145,3.57,4859040,62640000.0,98.66,,1.0,1
2025-12-09,01889,三愛健康集團,0.5,-13.79,1140550,76449348.0,10.84,,0.0,0
2025-12-09,01633,上諭集團,0.188,39.26,2437300,128733000.0,11.13,,0.0,0
2025-12-09,02227,守益控股,0.161,23.85,1142300,147411600.0,32.47,,0.0,0
2025-12-09,08481,盛龍錦秀國際,0.37,-1.33,1095000,149912900.0,10.23,,1.0,1
2025-12-09,02129,LEGION CONSO,0.178,11.25,4173100,222500000.0,16.5,,0.0,0
2025-12-09,01153,佳源服務,0.39,-2.5,619210,262161510.0,11.51,,0.0,0
2025-12-09,02189,嘉濤(香港)控股,0.44,1.15,731530,440000000.0,10.98,,0.0,0
2025-12-09,01823,華昱高速,1.15,-6.5,2914080,541774200.0,19.34,,0.0,0
2025-12-09,02427,GUANZE MEDICAL,0.61,0.0,1717100,579500000.0,14.44,,0.0,0
2025-12-09,00672,眾安集團,0.12,-1.64,1138350,676297176.0,11.74,,0.0,0
2025-12-10,08186,浩盟控股,0.475,53.23,507350,54087604.0,10.55,,1.0,1
2025-12-10,08096,賞之味股權,0.124,-0.8,1909140,59675000.0,7018.9,,0.0,0
2025-12-10,08117,中國基礎能源,0.072,-16.28,603190,73727096.0,37.12,,0.0,0
2025-12-10,01025,嘉藝控股,0.24,6.67,11022300,107368186.0,71.61,,1.0,1
2025-12-10,08637,元續科技,1.58,-2.47,3186200,236529160.0,20.34,,0.0,0
2025-12-10,01545,設計都會,0.124,49.4,1792180,248000000.0,45.59,,0.0,0
2025-12-10,02263,富石金融,0.3,9.09,735600,300000000.0,14.21,,0.0,0
2025-12-10,00254,國家聯合資源,0.6,33.33,1215830,405457704.0,18.87,,0.0,0
2025-12-10,02389,北京健康,0.067,-6.94,1924710,405937726.0,78.66,,0.0,0
2025-12-10,00301,三和精化,1.36,0.74,7860300,639825246.0,38.04,,1.0,1
2025-12-10,03623,中國金融發展,1.08,-10.0,816540,681116403.0,10.43,,0.0,0
2025-12-10,00848,茂業國際,0.141,7.63,1319260,724785966.0,18.18,,0.0,0
2025-12-10,06828,北京燃氣藍天,0.034,-5.56,703500,773027900.0,12.36,,0.0,0
2025-12-11,08280,中國數字視頻,0.053,-32.91,897800,33407596.0,24.73,,1.0,1
2025-12-11,08186,浩盟控股,0.78,64.21,3283100,88817539.0,34.54,,1.0,1
2025-12-11,02135,瑞麗醫美,0.16,16.79,2602000,89132373.0,39.85,,0.0,0
2025-12-12,01894,恆益控股,0.472,-4.84,2051040,110144504.0,34.61,,1.0,1
2025-12-12,08275,中國新消費集團,0.129,9.32,4703180,123838135.0,52.48,,1.0,1
2025-12-12,08360,簡樸新生活,0.36,10.77,1120470,130341497.0,20.95,,1.0,1
2025-12-12,00653,卓悅控股,0.083,29.69,5713640,155614879.0,69.31,,1.0,1
2025-12-12,01831,十方控股,0.2,-24.53,3639770,215089910.0,39.05,,1.0,1
2025-12-12,08311,圓美光電,0.154,71.11,1533460,228487821.0,48.62,,0.0,0
2025-12-12,00343,文化傳信,0.188,1.08,1042800,326006248.0,10.4,,0.0,0
2025-12-12,00721,中國金融國際,0.28,9.8,1257020,614411506.0,10.49,,0.0,0
2025-12-12,01020,中細軟科技,0.158,26.4,12164640,945342757.0,30.52,,0.0,0
2025-12-15,00428,中國天弓控股,0.237,1.28,608210,36559202.0,76.38,,1.0,1
2025-12-15,08113,時騰科技,0.41,2.5,548480,80408139.0,15.25,,0.0,0
2025-12-15,01591,汛和集團,0.154,4.05,720370,82133333.0,19.14,,0.0,0
2025-12-15,00745,中國國家文化產業,0.74,10.45,525350,173431177.0,22.19,,0.0,0
2025-12-15,01949,佰達國際控股,0.8,2.56,4307800,184320000.0,64.16,,0.0,0
2025-12-15,01792,CMON,0.943,-1.57,6857220,233562240.0,15.87,,0.0,0
2025-12-15,00556,泛亞環保,0.42,64.71,6466050,422024754.0,44.12,,0.0,0
2025-12-15,02205,康橋悅生活,0.82,18.84,1691830,574000000.0,12.53,,0.0,0
2025-12-15,00334,華顯光電,0.33,-1.49,2128400,697721617.0,13.11,,0.0,0
2025-12-16,02728,金泰能源控股,0.022,-21.43,1001300,98010460.0,59.6,,1.0,1
2025-12-16,08646,中國宏光,0.243,21.5,1139600,190266570.0,33.46,,1.0,1
2025-12-16,03601,魯大師,0.9,1.12,848520,242100000.0,22.21,,0.0,0
2025-12-16,01650,HYGIEIA GROUP,0.134,26.42,6300890,268000000.0,48.42,,0.0,0
2025-12-16,01460,揚科集團,0.315,-10.0,4719390,276440948.0,13.67,,1.0,1
2025-12-16,00037,遠東酒店實業,0.435,1.16,663900,327350467.0,10.7,,1.0,1
2025-12-16,01909,火岩控股,1.52,-5.0,1048820,369087982.0,27.81,,0.0,0
2025-12-16,02205,康橋悅生活,0.7,-14.63,3567050,490000000.0,11.95,,0.0,0
2025-12-16,01790,達力環保,0.57,0.0,4004850,570000000.0,274.59,,1.0,1
2025-12-16,01596,翼辰實業,0.647,1.57,2003350,580902480.0,86.68,,0.0,0
2025-12-16,09919,艾德韋宣集團,0.985,0.0,16039160,733054730.0,236.32,,1.0,1
2025-12-16,00279,裕承科金,0.63,-1.56,6055870,879182199.0,42.13,,1.0,1
2025-12-17,08446,耀星科技集團-新,0.122,-4.69,776800,6863143.0,16.98,,0.0,0
2025-12-17,01803,北京體育文化-新,0.096,6.67,708210,16220342.0,684.92,,1.0,1
2025-12-17,00907,高雅光學,0.05,-33.33,1060760,43643184.0,12.16,,0.0,0
2025-12-17,00076,誼礫控股,0.204,-8.93,4720120,90658431.0,34.88,,1.0,1
2025-12-17,09958,力天影業,0.345,-8.0,35084800,172500000.0,24.63,,1.0,1
2025-12-17,02203,腦洞科技,0.22,11.11,823200,176000000.0,10.88,,0.0,0
2025-12-17,02168,佳兆業美好,1.36,-4.9,739740,209589600.0,12.79,,0.0,0
2025-12-17,06909,百得利控股,0.407,2.52,923440,253357500.0,18.57,,1.0,1
2025-12-17,00736,中國置業投資,0.81,14.08,5630370,259685681.0,14.54,,1.0,1
2025-12-17,06038,信越控股,0.275,41.03,11976800,275825000.0,170.56,,0.0,0
2025-12-17,01529,樂氏國際控股,0.56,3.7,855620,373564800.0,19.81,,0.0,0
2025-12-17,00582,神話世界,0.122,4.27,716120,445480729.0,18.97,,0.0,0
2025-12-17,01233,時代中國控股,0.149,39.25,3582950,446417823.0,10.14,,1.0,1
2025-12-17,00367,莊士機構國際,0.315,5.0,553020,526854228.0,46.2,,0.0,0
2025-12-17,02540,樂思集團,1.34,-7.59,1270400,804000000.0,110.66,,0.0,0
2025-12-18,08429,華美樂樂,0.062,16.98,1574640,29760000.0,186.44,,1.0,1
2025-12-18,01842,植華集團,0.068,33.33,2607800,97920000.0,73.09,,0.0,0
2025-12-18,00465,富通科技,0.7,22.81,619940,220560200.0,11.39,,0.0,0
2025-12-18,09963,高科橋光導,0.78,44.44,2740800,302127540.0,99.96,,1.0,1
2025-12-18,02101,福祿控股,0.928,1.09,1251850,376787383.0,20.62,,0.0,0
2025-12-18,01473,環聯連訊,0.38,1.33,4106700,449327690.0,17.95,,1.0,1
2025-12-18,02120,康寧醫院,9.632,-3.02,967420,678084131.0,21.75,,0.0,0
2025-12-19,08221,高裕金融,1.15,-8.73,3434500,54740000.0,109.5,,1.0,1
2025-12-19,08007,環球戰略集團,0.295,1.72,2745000,66763642.0,35.03,,0.0,0
2025-12-19,08081,白居易控股,0.018,28.57,2611230,92808632.0,45.14,,1.0,1
2025-12-19,01850,美好生活集團控股,0.62,5.08,3461410,107136000.0,101.63,,1.0,1
2025-12-19,02370,力高健康生活,0.67,57.65,2984400,134000000.0,47.15,,1.0,1
2025-12-19,08368,中國創意控股,0.228,0.44,2121600,157825640.0,14.03,,1.0,1
2025-12-19,00328,ALCO HOLDINGS,0.962,1.69,1898720,275509248.0,10.45,,0.0,0
2025-12-19,00244,先施,0.33,3.12,642630,433607645.0,86.18,,0.0,0
2025-12-19,02298,都市麗人,0.269,-5.28,2329370,605103990.0,11.25,,0.0,0
2025-12-19,00711,亞洲聯合基建控股,0.43,0.0,797000,792452033.0,19.8,,0.0,0
2025-12-19,00805,新吉奧房車,1.01,1.0,23297900,969600000.0,35.95,,1.0,1
2025-12-22,08019,皓文控股,0.138,6.15,750850,49137944.0,61.28,,1.0,1
2025-12-22,01546,德萊建業,0.112,30.23,789570,89600000.0,37.06,,0.0,0
2025-12-22,08489,裕程物流,0.33,107.55,2805300,101499750.0,371.07,,1.0,1
2025-12-22,08081,白居易控股,0.02,11.11,4568800,103120702.0,14.79,,1.0,1
2025-12-22,02324,首都創投,0.137,12.3,1050970,123335140.0,69.25,,0.0,0
2025-12-22,00747,沈陽公用發展股份,0.09,23.29,1242750,132243840.0,271.82,,0.0,0
2025-12-22,08426,雅居投資控股,0.334,52.51,860750,267200000.0,118.92,,0.0,0
2025-12-22,02250,小黃鴨德盈,0.95,-2.06,1726130,957937250.0,36.97,,0.0,0
2025-12-23,00339,全球數字控股,0.18,-0.55,13119070,77760000.0,15.14,,1.0,1
2025-12-23,01749,杉杉品牌,0.72,-6.49,1156960,96048000.0,43.6,,0.0,0
2025-12-23,01166,星凱控股,0.74,27.59,1606570,105425297.0,42.66,,1.0,1
2025-12-23,00310,嘉進投資國際,0.175,23.24,1887540,108698104.0,2868.6,,0.0,0
2025-12-23,06918,九泰數智,0.157,0.0,5402270,137278728.0,13.34,,0.0,0
2025-12-23,00841,木薯資源,0.285,0.0,3949810,166647114.0,17.53,,0.0,0
2025-12-23,01985,美高域,1.17,-2.5,1052060,358457580.0,30.72,,0.0,0
2025-12-23,08107,細葉榕科技,0.38,16.92,1979650,521795100.0,10.08,,0.0,0
2025-12-23,01290,中國匯融,0.5,-9.09,2209180,545167500.0,47.92,,0.0,0
2025-12-23,00128,安寧控股,0.345,13.11,4881700,569477243.0,26.4,,0.0,0
2025-12-23,01608,偉能集團,0.128,-30.81,524730,855443267.0,15.45,,0.0,0
2025-12-24,08293,星亞控股,0.42,0.0,3267600,90316839.0,22.99,,0.0,0
2025-12-24,01722,建鵬控股,0.085,13.33,695800,93500000.0,19.95,,0.0,0
2025-12-24,00869,彩星玩具,0.435,-14.71,2173760,493725000.0,27.36,,0.0,0
2025-12-24,00228,中能控股,1.55,7.64,13281620,707110620.0,26.26,,1.0,1
2025-12-24,02415,梅斯健康,1.26,1.61,9813310,765035397.0,65.58,,0.0,0
2025-12-24,00698,通達集團,4.08,-0.49,6187350,794425580.0,10.63,,1.0,1
2025-12-29,08487,ISP GLOBAL,0.046,-16.36,689200,48144888.0,12.76,,1.0,1
2025-12-29,00197,亨泰,0.25,-3.85,1671270,52302613.0,59.59,,1.0,1
2025-12-29,00204,資本界金控,0.265,41.71,7519000,65999609.0,20.81,,1.0,1
2025-12-29,01162,瑩嵐集團,0.198,0.0,4187100,118800000.0,10.55,,0.0,0
2025-12-29,08509,威揚酒業控股,0.48,-27.27,958400,192000000.0,10.24,,0.0,0
2025-12-29,02221,創業集團控股,1.02,9.68,1529640,233889277.0,10.21,,0.0,0
2025-12-29,00630,雋泰控股,0.25,0.0,809680,241887948.0,19.28,,0.0,0
2025-12-29,02381,蜆殼電業,0.164,17.99,2853870,328000000.0,27.14,,0.0,0
2025-12-29,00583,長城環亞控股,0.23,2.22,689700,360581487.0,54.88,,0.0,0
2025-12-29,08375,數盟資本,1.23,28.12,49414460,425088000.0,67.45,,1.0,1
2025-12-29,00021,大中華控股,0.107,13.83,634020,425349974.0,142.25,,0.0,0
2025-12-29,06908,宏光半導體,0.48,2.13,2566700,562490151.0,15.71,,0.0,0
2025-12-29,02298,都市麗人,0.294,20.49,7864500,661340421.0,13.33,,0.0,0
2025-12-29,01569,民生教育,0.166,-7.78,587590,700141520.0,27.1,,1.0,1
2025-12-29,01116,慧源同創科技,0.34,4.62,1122650,733720000.0,66.35,,0.0,0
2025-12-29,06828,北京燃氣藍天,0.033,0.0,1008060,750291786.0,15.66,,0.0,0
2025-12-29,00210,達芙妮國際,0.38,-2.56,1476900,751867403.0,23.1,,0.0,0
2025-12-30,08072,蘭谷股份,0.315,5.0,1660590,53029977.0,42.23,,0.0,0
2025-12-30,08500,天泓文創,0.155,-8.82,1239700,66960000.0,160.79,,0.0,0
2025-12-30,00310,嘉進投資國際,0.184,5.14,2037450,114288292.0,10.76,,1.0,1
2025-12-30,00928,帝王國際投資,0.101,12.22,1380250,186892931.0,16.31,,0.0,0
2025-12-30,00021,大中華控股,0.103,-3.74,861870,409449041.0,12.88,,0.0,0
2025-12-30,00776,帝國科技集團,0.897,-4.88,21690970,602638282.0,35.15,,0.0,0
2025-12-30,02392,玄武雲,1.15,5.5,1505100,638087850.0,16.92,,0.0,0
2025-12-30,00640,星謙發展,2.318,4.98,980140,719149157.0,12.07,,0.0,0
2025-12-30,06828,北京燃氣藍天,0.032,-3.03,2474630,727555671.0,17.27,,0.0,0
2025-12-30,01483,網譽科技,1.12,2.75,581700,917784000.0,16.46,,0.0,0
2025-12-31,00426,萬華媒體,0.09,1.12,720640,36081000.0,30.94,,1.0,1
2025-12-31,01107,當代置業,0.014,-22.22,3918510,39129925.0,41.18,,1.0,1
2025-12-31,00092,冠軍科技集團,0.174,7.41,1513560,190984984.0,21.24,,1.0,1
2025-12-31,06928,萬馬控股,0.275,26.73,1708580,210375000.0,52.16,,0.0,0
2025-12-31,00679,亞洲聯網科技,0.93,2.2,1691800,352222062.0,51.19,,0.0,0
2026-01-02,00893,中國鐵鈦,0.082,2.5,839920,184419264.0,37.05,,0.0,0
2026-01-02,02515,天津建發,0.91,-1.09,2272800,282775902.0,16.23,,1.0,1
2026-01-02,01945,清科控股,1.55,5.44,850300,455747120.0,16.0,,0.0,0
2026-01-02,00854,威雅利,5.81,5.64,1007100,598366375.0,21.24,,0.0,0
2026-01-02,02530,紐曼思,0.605,1.68,1386800,605000000.0,38.53,,0.0,0
2026-01-02,00191,麗新國際,0.72,44.0,18893990,636029209.0,68.55,,1.0,1
2026-01-02,01278,中國新城鎮,0.073,-6.41,849400,710015988.0,11.31,,0.0,0
2026-01-02,01725,中國技術集團,1.0,42.86,44536100,818410000.0,13.11,,1.0,1
2026-01-02,00488,麗新發展,0.61,1.67,504440,886530586.0,15.61,,0.0,0
2026-01-02,02516,泛遠國際,0.98,13.95,15517400,917280000.0,11.48,,1.0,1
2026-01-05,08341,艾碩控股,0.218,62.69,3832190,52320000.0,83.76,,1.0,1
2026-01-05,00048,中國汽車內飾,0.162,14.08,776460,70921617.0,19.02,,1.0,1
2026-01-05,02178,百勤油服,0.072,44.0,763210,124320577.0,54.68,,0.0,0
2026-01-05,00312,歲寶百貨,0.087,7.41,520300,217065000.0,10.55,,0.0,0
2026-01-05,00865,建德國際控股,0.04,8.11,715510,233519588.0,24.81,,0.0,0
2026-01-05,03313,雅高控股,1.65,3.12,783800,234647262.0,14.35,,0.0,0
2026-01-05,01538,中奧到家,0.375,2.74,559770,320456250.0,27.78,,0.0,0
2026-01-05,00970,新耀萊,0.53,1.92,755740,357941950.0,12.29,,0.0,0
2026-01-05,00248,香港通訊國際控股,0.291,-15.41,753140,362391395.0,163.34,,0.0,0
2026-01-05,00022,茂盛控股,9.75,20.37,8972360,383445631.0,21.98,,1.0,1
2026-01-05,00943,中證國際,0.212,8.72,787030,436847461.0,20.8,,0.0,0
2026-01-05,01667,迪米生活控股,0.48,17.07,1821200,460800000.0,27.12,,1.0,1
2026-01-05,01612,永勝醫療,0.844,4.98,2024040,557123414.0,12.08,,0.0,0
2026-01-05,02187,智欣集團控股,0.63,21.15,2481100,565488000.0,13.4,,0.0,0
2026-01-06,08456,民信國際控股,0.345,4.55,542300,45610018.0,49.85,,1.0,1
2026-01-06,01421,恆昌集團國際,0.42,5.0,6304700,84081984.0,17.2,,1.0,1
2026-01-06,00048,中國汽車內飾,0.203,25.31,1785970,88870915.0,15.38,,1.0,1
2026-01-06,08158,中國再生醫學,0.415,-4.6,626870,126264779.0,61.22,,0.0,0
2026-01-06,00164,中國寶力科技,0.38,10.14,3603110,132719835.0,67.64,,1.0,1
2026-01-06,01429,天任集團,0.108,8.0,1765300,172800000.0,16.84,,1.0,1
2026-01-06,00605,中國金融投資管理,0.95,11.76,1327360,198702064.0,28.38,,0.0,0
2026-01-06,01182,勝龍國際,0.62,-4.62,619060,211305032.0,25.01,,0.0,0
2026-01-06,03366,華僑城(亞洲),0.325,20.37,533820,243218950.0,24.8,,0.0,0
2026-01-06,00042,東北電氣,0.3,3.45,684100,262011000.0,18.2,,0.0,0
2026-01-06,01613,協同通信,0.175,8.02,559410,268776286.0,22.64,,1.0,1
2026-01-06,02393,巨星醫療控股,0.124,22.77,638070,289117160.0,11.54,,0.0,0
2026-01-06,01159,智數科技集團,2.32,16.0,819100,329107031.0,18.81,,0.0,0
2026-01-06,01680,澳門勵駿,0.355,14.52,752580,330213214.0,23.45,,0.0,0
2026-01-06,01778,彩生活,0.2,6.95,3954770,371881438.0,30.38,,0.0,0
2026-01-06,01148,新晨動力,0.355,7.58,1017910,455185187.0,15.5,,0.0,0
2026-01-06,08321,泰錦控股,1.14,5.56,1065800,611496000.0,13.81,,1.0,1
2026-01-06,02187,智欣集團控股,0.75,19.05,4643400,673200000.0,10.87,,0.0,0
2026-01-06,00160,漢國置業,0.95,0.0,1470480,684407836.0,40.51,,0.0,0
2026-01-06,01903,JBB BUILDERS,1.76,-10.2,9645040,880000000.0,22.48,,1.0,1
2026-01-06,00554,漢思集團控股,0.219,-17.36,2624540,960825944.0,51.78,,0.0,0
2026-01-07,01421,恆昌集團國際,0.44,4.76,10300550,88085888.0,10.61,,1.0,1
2026-01-07,00309,新華通訊頻媒,1.72,7.5,1078070,89615000.0,30.66,,0.0,0
2026-01-07,01617,南方通信,0.113,10.78,1044860,183765120.0,13.5,,0.0,0
2026-01-07,01738,飛尚無煙煤,0.141,34.29,2509600,194656958.0,38.84,,0.0,0
2026-01-07,01079,松景科技,0.33,10.0,2204800,706217361.0,10.57,,0.0,0
2026-01-08,08315,新都酒店,0.12,13.21,895780,69773070.0,89.41,,1.0,1
2026-01-08,01707,致浩達控股,0.068,94.29,1107600,114240000.0,429.3,,1.0,1
2026-01-08,01663,漢港控股,0.061,0.0,633180,150304000.0,23.35,,0.0,0
2026-01-08,08028,天時資源,0.365,28.07,1187480,184665279.0,11.97,,0.0,0
2026-01-08,02371,創聯控股,0.34,6.25,2260930,234048843.0,25.21,,0.0,0
2026-01-08,01420,川控股,0.185,6.94,569200,248390472.0,10.12,,0.0,0
2026-01-08,01831,十方控股,0.25,-1.96,934420,268862387.0,15.99,,0.0,0
2026-01-08,00851,盛源控股,0.315,8.62,3220400,277820720.0,71.69,,0.0,0
2026-01-08,01955,莊臣控股,0.6,3.45,580860,300000000.0,46.15,,0.0,0
2026-01-08,01826,豐展控股,0.162,8.72,4416660,388411200.0,11.15,,0.0,0
2026-01-08,01643,現代中藥集團,0.67,19.64,1320240,482400000.0,12.2,,1.0,1
2026-01-08,00582,神話世界,0.145,16.0,1014730,529464801.0,33.1,,1.0,1
2026-01-08,00301,三和精化,1.35,3.85,2045960,635120649.0,13.2,,0.0,0
2026-01-08,00212,南洋集團,28.3,-1.39,674720,961286985.0,20.79,,0.0,0
2026-01-09,08136,英馬斯集團,0.048,20.0,1288630,48000000.0,85.63,,1.0,1
2026-01-09,00076,誼礫控股,0.179,29.71,5057920,79548329.0,25.55,,1.0,1
2026-01-09,01718,宏基集團控股,0.3,7.14,2038860,91236000.0,18.4,,1.0,1
2026-01-09,01707,致浩達控股,0.063,-7.35,3521800,105840000.0,31.24,,1.0,1
2026-01-09,08275,中國新消費集團,0.125,6.84,6075460,119998193.0,75.63,,1.0,1
2026-01-09,02324,首都創投,0.142,3.65,922090,127836423.0,13.4,,1.0,1
2026-01-09,08368,中國創意控股,0.3,25.0,8334500,207665316.0,798.86,,1.0,1
2026-01-09,00924,坤集團,0.225,61.87,2539600,225000000.0,309.71,,0.0,0
2026-01-09,02129,LEGION CONSO,0.18,19.21,1709400,225000000.0,15.05,,0.0,0
2026-01-09,08637,元續科技,1.52,0.0,2318500,227547040.0,27.9,,1.0,1
2026-01-09,02321,雙財莊,0.435,2.35,1208230,435065250.0,61.78,,0.0,0
2026-01-09,00149,中國農產品交易,0.074,1.37,2177820,736527019.0,14.3,,0.0,0
2026-01-09,00627,共生智築,0.59,40.48,17752280,838197225.0,999.85,,1.0,1
2026-01-12,00704,和嘉控股,0.13,54.76,811120,37748521.0,28.27,,0.0,0
2026-01-12,00899,中加國信,0.18,9.09,1045510,80128621.0,20.81,,1.0,1
2026-01-12,08360,簡樸新生活,0.315,14.55,787920,114048810.0,15.49,,1.0,1
2026-01-12,01156,CHINANEWENERGY,0.227,25.41,1084900,160650324.0,11.29,,0.0,0
2026-01-12,01710,致豐工業電子,0.223,-5.51,1217460,223000000.0,18.14,,0.0,0
2026-01-12,01419,盈健醫療,0.8,-2.44,1453260,303641786.0,11.62,,0.0,0
2026-01-12,01831,十方控股,0.29,7.41,1766550,311880369.0,10.61,,0.0,0
2026-01-12,00381,權識國際,0.242,14.15,3515690,321962735.0,10.11,,1.0,1
2026-01-12,06830,華眾車載,0.225,-8.91,1179500,398068605.0,23.37,,1.0,1
2026-01-12,02189,嘉濤(香港)控股,0.455,1.11,2414620,455000000.0,30.48,,0.0,0
2026-01-12,01960,TBKS HLDGS,0.46,76.92,2658100,460000000.0,46.12,,0.0,0
2026-01-12,00994,中天宏信,0.36,33.33,1995900,464762160.0,14.36,,1.0,1
2026-01-12,02321,雙財莊,0.465,6.9,1477580,465069750.0,10.53,,0.0,0
2026-01-12,01473,環聯連訊,0.52,-1.89,7831200,614869470.0,10.15,,0.0,0
2026-01-12,02136,利福中國,0.5,100.0,39097560,732224250.0,136.36,,1.0,1
2026-01-12,00210,達芙妮國際,0.385,0.0,6413200,761760395.0,20.45,,1.0,1
2026-01-12,00202,潤中國際控股,0.123,0.82,819920,897207432.0,35.91,,0.0,0
2026-01-13,01315,綠色經濟,0.1,-24.81,1905560,62187632.0,81.33,,1.0,1
2026-01-13,00704,和嘉控股,0.219,68.46,4924080,63591738.0,46.11,,0.0,0
2026-01-13,01889,三愛健康集團,0.51,2.0,875300,77978334.0,30.6,,0.0,0
2026-01-13,08187,積木集團,0.54,8.0,882900,81909274.0,12.04,,0.0,0
2026-01-13,01173,威高國際,0.034,-22.73,564700,85612045.0,16.26,,0.0,0
2026-01-13,08163,聲揚集團,0.1,0.0,1110000,102525561.0,19.36,,1.0,1
2026-01-13,08627,旅橙文化,0.14,2.94,2253900,112000000.0,10.21,,1.0,1
2026-01-13,08275,中國新消費集團,0.126,3.28,8596880,120958178.0,10.7,,1.0,1
2026-01-13,01741,成志控股,0.183,5.17,993600,146400000.0,14.66,,1.0,1
2026-01-13,02227,守益控股,0.18,20.0,2090600,164808000.0,133.16,,1.0,1
2026-01-13,01953,賽孚迅國際,0.153,6.99,655510,192780000.0,17.99,,0.0,0
2026-01-13,01962,訓修實業,0.458,-12.43,662330,282190288.0,12.51,,0.0,0
2026-01-13,00858,精優藥業,0.099,11.24,1434390,287100000.0,14.07,,0.0,0
2026-01-13,01073,大禹金融,0.107,0.94,784100,365724991.0,111.43,,0.0,0
2026-01-13,08395,中顯智能齊家控股,0.238,16.1,962920,407932000.0,81.3,,0.0,0
2026-01-13,08403,德豐宿來,2.63,32.83,5443090,444996000.0,17.57,,1.0,1
2026-01-13,03389,亨得利,0.14,0.0,8732100,616562654.0,31.23,,1.0,1
2026-01-13,00994,中天宏信,0.485,34.72,6443000,626137910.0,19.26,,1.0,1
2026-01-13,00488,麗新發展,0.57,0.0,26993970,828397433.0,204.63,,1.0,1
2026-01-13,01141,民銀資本,0.87,3.57,45842120,954362763.0,116.67,,1.0,1
2026-01-14,08069,飛道旅遊科技,1.1,37.5,4844530,44919270.0,49.67,,1.0,1
2026-01-14,08226,樹熊金融集團,0.12,8.11,931190,50100479.0,214.31,,1.0,1
2026-01-14,01591,汛和集團,0.151,8.63,2325390,80533333.0,14.61,,1.0,1
2026-01-14,08163,聲揚集團,0.103,3.0,1752550,105601328.0,10.66,,1.0,1
2026-01-14,02211,大健康國際,1.41,-0.7,766350,155870167.0,32.56,,0.0,0
2026-01-14,03639,億達中國,0.063,18.87,1058310,162790110.0,48.63,,0.0,0
2026-01-14,01552,BHCC HOLDING,0.247,1.65,671900,197600000.0,68.35,,0.0,0
2026-01-14,02371,創聯控股,0.335,6.35,6264600,230606948.0,20.43,,0.0,0
2026-01-14,00328,ALCO HOLDINGS,1.02,0.0,12387570,292119993.0,28.04,,1.0,1
2026-01-14,08229,未來數據集團,0.6,-3.23,1085600,333288000.0,12.21,,1.0,1
2026-01-14,06866,佐力科創,0.345,4.55,1386150,407100000.0,14.6,,1.0,1
2026-01-14,06919,人瑞人才,4.49,-0.44,608710,711421099.0,16.6,,0.0,0
2026-01-14,01085,亨鑫科技,1.68,0.0,2947120,782208000.0,10.06,,0.0,0
2026-01-15,01259,未來發展控股,0.034,13.33,813650,74914274.0,67.16,,1.0,1
2026-01-15,03878,VICON HOLDINGS,0.243,-2.41,774300,116542800.0,14.81,,1.0,1
2026-01-15,01637,順興集團控股,0.32,45.45,860820,128000000.0,38.85,,0.0,0
2026-01-15,01745,驢跡科技,5.4,0.93,3444230,273326508.0,14.09,,0.0,0
2026-01-15,01546,德萊建業,0.355,84.9,9992400,284000000.0,10.84,,1.0,1
2026-01-15,01953,賽孚迅國際,0.228,35.71,2377970,287280000.0,22.1,,0.0,0
2026-01-15,01580,大森控股,0.275,38.19,567450,301311875.0,12.41,,1.0,1
2026-01-15,01556,建業建榮,0.335,3.08,1446400,502500000.0,16.24,,0.0,0
2026-01-16,00997,普匯中金國際,0.03,-9.09,684470,35078633.0,207.42,,0.0,0
2026-01-16,08200,修身堂,0.65,-2.99,1985240,51247320.0,128.34,,1.0,1
2026-01-16,01630,建成控股,0.08,73.91,3454000,120000000.0,219.02,,0.0,0
2026-01-16,03789,禦佳控股,0.11,66.67,1358000,132000000.0,235.52,,0.0,0
2026-01-16,01408,濠江機電,0.278,16.32,589660,139000000.0,21.02,,0.0,0
2026-01-16,00120,COSMOPOL INT'L,0.096,4.35,505950,157403573.0,10.03,,0.0,0
2026-01-16,01835,瑞威資管,1.4,-2.78,698440,214676000.0,15.04,,1.0,1
2026-01-16,01793,偉工控股,0.3,36.99,1520400,240000000.0,17.27,,0.0,0
2026-01-16,00417,謝瑞麟,1.03,14.44,605660,256657491.0,13.67,,0.0,0
2026-01-16,01429,天任集團,0.184,67.27,8106900,294400000.0,18.39,,1.0,1
2026-01-16,03390,滿貫集團,0.345,9.52,2293440,308430000.0,11.09,,0.0,0
2026-01-16,02439,中寶新材,0.27,11.57,1139200,324000000.0,18.48,,0.0,0
2026-01-16,01745,驢跡科技,6.7,24.07,9111310,339127334.0,15.59,,0.0,0
2026-01-16,01410,安領國際,0.64,12.28,6167700,646218880.0,12.67,,1.0,1
2026-01-16,02427,GUANZE MEDICAL,0.72,22.03,2210400,684000000.0,20.95,,1.0,1
2026-01-16,00279,裕承科金,0.61,1.67,8971100,851271653.0,79.07,,1.0,1
2026-01-19,01536,煜榮集團,0.226,29.89,835000,103056000.0,19.32,,0.0,0
2026-01-19,02211,大健康國際,1.29,-5.84,8594550,142604621.0,77.35,,1.0,1
2026-01-19,08379,盈證國際,0.182,18.18,880700,145600000.0,11.76,,0.0,0
2026-01-19,00834,盛融控股,0.485,22.78,3100100,219679780.0,28.3,,1.0,1
2026-01-19,00510,時富金融服務集團,0.64,25.49,566530,275951859.0,30.76,,0.0,0
2026-01-19,00927,富士高實業,0.65,1.56,790520,332153250.0,15.92,,0.0,0
2026-01-19,01938,珠江鋼管,0.36,10.77,1070470,364011120.0,13.4,,0.0,0
2026-01-19,00607,豐盛控股,0.56,250.0,13842120,396907803.0,48.96,,0.0,0
2026-01-19,00508,鼎億集團投資,0.475,21.79,1551830,411313046.0,14.4,,0.0,0
2026-01-19,01831,十方控股,0.445,48.33,11498490,478575049.0,11.92,,1.0,1
2026-01-19,00825,新世界百貨中國,0.395,29.51,7358000,666027275.0,25.38,,0.0,0
2026-01-19,01332,透雲生物,0.25,-12.28,6242490,701488037.0,13.89,,1.0,1
2026-01-19,01082,源宇宙教育,1.5,0.0,521920,912070320.0,10.75,,0.0,0
2026-01-20,08036,電子交易集團,0.023,-20.69,636700,28290000.0,53.19,,1.0,1
2026-01-20,00261,GBA集團,0.265,8.61,14150390,87810845.0,415.87,,1.0,1
2026-01-20,00919,現代健康科技,0.106,39.47,1722280,95875298.0,242.0,,0.0,0
2026-01-20,01633,上諭集團,0.151,14.39,2514500,103397250.0,15.63,,0.0,0
2026-01-20,01470,富一國際控股,0.144,48.45,1102600,115200000.0,258.22,,1.0,1
2026-01-20,08028,天時資源,0.255,-12.07,4071950,129012729.0,16.26,,1.0,1
2026-01-20,01536,煜榮集團,0.285,26.11,2507500,129960000.0,19.79,,0.0,0
2026-01-20,01102,環能國際,0.06,25.0,1742150,167963145.0,49.47,,0.0,0
2026-01-20,01792,CMON,0.92,8.49,1092240,227865600.0,19.7,,1.0,1
2026-01-20,08031,易通訊集團,0.69,112.31,8427260,244774050.0,329.68,,0.0,0
2026-01-20,01795,亞東集團,0.58,3.57,5072610,348000000.0,20.4,,0.0,0
2026-01-20,01251,華油能源,0.199,20.61,1362790,388874656.0,12.53,,0.0,0
2026-01-20,02211,大健康國際,3.63,181.4,12299660,401282771.0,12.67,,1.0,1
2026-01-20,01202,四威科技,1.089,15.97,1412740,435600000.0,17.08,,0.0,0
2026-01-21,08532,寶發控股,0.072,2.86,635290,6110957.0,11.53,,0.0,0
2026-01-21,08007,環球戰略集團,0.295,1.72,2049750,66763642.0,24.41,,1.0,1
2026-01-21,00550,律齊文化,0.248,106.67,32582950,112972432.0,4189.66,,1.0,1
2026-01-21,08489,裕程物流,0.405,12.5,1649300,124567875.0,15.21,,0.0,0
2026-01-21,02699,新明中國,4.918,1.7,1233760,129346882.0,11.01,,1.0,1
2026-01-21,00784,愛生命國際,0.164,25.19,5023200,131200000.0,53.67,,0.0,0
2026-01-21,06918,九泰數智,0.158,-7.06,3588940,138153114.0,14.49,,1.0,1
2026-01-21,02108,K2 F&B,0.291,-3.32,864180,232800000.0,25.27,,0.0,0
2026-01-21,01239,TEAMWAY INTL GP,0.63,6.78,1385250,273431293.0,23.44,,0.0,0
2026-01-21,01962,訓修實業,0.473,-5.96,3234560,291432328.0,15.39,,1.0,1
2026-01-21,00936,佳兆業資本,0.365,-1.35,1901700,386900000.0,23.97,,0.0,0
2026-01-21,01098,路勁,0.66,-2.94,1845120,494562134.0,41.22,,0.0,0
2026-01-21,01026,環球實業科技,0.101,4.12,501140,556813000.0,39.07,,0.0,0
2026-01-21,00334,華顯光電,0.375,15.38,2659980,792865473.0,13.79,,0.0,0
2026-01-22,08620,亞洲速運,0.109,18.48,595100,68528845.0,254.32,,0.0,0
2026-01-22,01722,建鵬控股,0.095,21.79,1420000,104500000.0,25.47,,0.0,0
2026-01-22,01718,宏基集團控股,0.35,50.21,10637670,106442000.0,18.65,,1.0,1
2026-01-22,00048,中國汽車內飾,0.315,43.18,2723830,137903144.0,10.77,,1.0,1
2026-01-22,08186,浩盟控股,1.68,5.0,6647930,191299315.0,10.19,,1.0,1
2026-01-22,00844,廣泰國際控股,0.405,-12.9,541700,200205809.0,12.23,,0.0,0
2026-01-22,01661,中國前沿科技集團,1.09,36.25,2462270,207420678.0,23.54,,1.0,1
2026-01-22,01580,大森控股,0.205,-18.0,21024280,224614307.0,111.95,,1.0,1
2026-01-22,01486,思城控股,0.63,3.28,3387300,272406437.0,254.53,,1.0,1
2026-01-22,00343,文化傳信,0.173,8.12,2714090,299995111.0,32.18,,0.0,0
2026-01-22,02211,大健康國際,3.57,1.13,43940710,394649998.0,16.93,,1.0,1
2026-01-22,00953,邵氏兄弟控股,0.32,-15.79,14678510,454275200.0,10.17,,1.0,1
2026-01-22,01831,十方控股,0.61,15.09,48307840,656024225.0,11.79,,1.0,1
2026-01-22,00131,卓能(集團),1.12,-7.44,537180,730997995.0,28.8,,0.0,0
2026-01-22,01986,彩客新能源,0.875,4.79,6387120,846898938.0,10.24,,0.0,0
2026-01-23,01825,STERLING GP,1.13,2.73,553400,46863360.0,20.03,,1.0,1
2026-01-23,01695,椰豐集團,0.091,7.06,523400,98280000.0,35.39,,1.0,1
2026-01-23,00379,恆嘉融資租賃,0.064,-8.57,503180,107987377.0,29.82,,0.0,0
2026-01-23,01413,鑄帝控股,0.335,1.21,5497920,109880000.0,12.07,,1.0,1
2026-01-23,00164,中國寶力科技,0.39,1.3,3301650,136212462.0,30.5,,1.0,1
2026-01-23,00747,沈陽公用發展股份,0.095,10.47,734710,139590720.0,13.0,,0.0,0
2026-01-23,01679,瑞斯康集團,0.65,38.3,2419740,140278996.0,16.08,,1.0,1
2026-01-23,08326,同景新能源,0.162,0.62,4030950,198774000.0,14.86,,1.0,1
2026-01-23,01460,揚科集團,0.285,5.56,1280120,250113239.0,704.91,,0.0,0
2026-01-23,02372,偉立控股,0.325,14.04,3414500,260000000.0,91.86,,1.0,1
2026-01-23,01182,勝龍國際,0.83,18.57,637130,282876091.0,13.86,,0.0,0
2026-01-23,01332,透雲生物,0.101,-61.15,94912980,283401167.0,82.22,,1.0,1
2026-01-23,01793,偉工控股,0.365,30.36,2890020,292000000.0,11.14,,0.0,0
2026-01-23,03816,KFM金德,0.51,13.33,590120,306000000.0,16.25,,0.0,0
2026-01-23,00471,中播數據,0.68,33.6,6061600,326238252.0,18.15,,1.0,1
2026-01-23,08029,中投金融科技集團,1.3,8.33,14110550,364106107.0,37.73,,1.0,1
2026-01-23,00851,盛源控股,0.42,37.7,2199670,370427627.0,51.57,,1.0,1
2026-01-23,01985,美高域,1.31,5.65,1951380,401349940.0,46.69,,0.0,0
2026-01-23,03860,EPS創健科技,0.75,11.94,633700,436822378.0,11.74,,0.0,0
2026-01-23,03348,中國鵬飛集團,1.231,6.95,4059780,615500000.0,45.69,,1.0,1
2026-01-23,00419,弘毅文化集團,0.405,5.19,1780770,711647532.0,12.28,,0.0,0
2026-01-23,01483,網譽科技,1.03,1.98,3503100,844033500.0,51.03,,0.0,0
2026-01-26,08076,新利軟件,0.034,-37.04,599040,44786160.0,11.53,,0.0,0
2026-01-26,00145,信能低碳,0.255,20.85,11264420,93381463.0,38.06,,1.0,1
2026-01-26,08368,中國創意控股,0.232,0.0,770240,160594511.0,33.09,,0.0,0
2026-01-26,01655,OKURA HOLDINGS,0.233,37.06,4250700,167759902.0,42.81,,1.0,1
2026-01-26,01869,貓屎咖啡控股,0.13,11.11,1110660,219999000.0,22.62,,1.0,1
2026-01-26,01680,澳門勵駿,0.305,-6.15,6203380,283704311.0,68.99,,1.0,1
2026-01-26,01182,勝龍國際,0.95,14.46,1494170,323773839.0,15.01,,0.0,0
2026-01-26,01170,信星集團,0.5,2.04,543300,333499722.0,11.03,,0.0,0
2026-01-26,01429,天任集團,0.212,15.22,22067900,339200000.0,11.35,,0.0,0
2026-01-26,02501,邁越科技,0.87,0.0,545100,435000000.0,25.22,,0.0,0
2026-01-26,09928,時代鄰里,0.445,-6.32,2609350,438624372.0,15.14,,0.0,0
2026-01-26,03816,KFM金德,0.81,58.82,3559640,486000000.0,40.56,,0.0,0
2026-01-26,01319,靄華押業信貸,0.254,-1.93,727000,488774335.0,15.45,,0.0,0
2026-01-26,09689,金泰豐國際控股,0.53,6.0,806600,591480000.0,21.25,,0.0,0
2026-01-26,00301,三和精化,1.33,0.0,2872420,625711454.0,12.48,,0.0,0
2026-01-26,01577,匯鑫小貸,0.943,0.0,2000000,641240000.0,10.0,,1.0,1
2026-01-27,06108,新銳醫藥,0.249,-2.35,1061150,49953550.0,92.07,,1.0,1
2026-01-27,03321,中科集團控股,0.78,41.82,800080,60582288.0,26.94,,0.0,0
2026-01-27,08201,寶聯控股,0.149,86.25,954220,80460000.0,190.01,,0.0,0
2026-01-27,08159,新華聯合投資,0.101,26.25,647940,81284800.0,94.98,,0.0,0
2026-01-27,01069,中國健康科技集團,0.3,-2.28,722350,92631798.0,13.94,,1.0,1
2026-01-27,01552,BHCC HOLDING,0.25,0.0,1665500,200000000.0,10.73,,1.0,1
2026-01-27,01130,中國環境資源,0.53,3.92,4827520,298320648.0,13.41,,1.0,1
2026-01-27,02023,中國綠島科技,0.75,1.35,1179600,368850000.0,197.26,,0.0,0
2026-01-27,02211,大健康國際,5.01,14.38,114175790,553836552.0,10.22,,1.0,1
2026-01-27,00918,龍翼航空科技,0.6,0.0,594250,668441495.0,19.9,,0.0,0
2026-01-27,00627,共生智築,0.495,0.0,4106620,703233265.0,113.69,,1.0,1
2026-01-28,01472,生興控股,0.09,26.76,718960,90000000.0,24.08,,0.0,0
2026-01-28,01850,美好生活集團控股,0.7,11.11,1952590,120960000.0,19.95,,1.0,1
2026-01-28,01720,普天通信集團,0.135,8.0,1871600,148500000.0,28.02,,0.0,0
2026-01-28,01572,中國藝術金融,0.09,-9.09,1447070,152145000.0,13.52,,1.0,1
2026-01-28,01000,北青傳媒,0.85,26.87,535080,167713500.0,74.65,,0.0,0
2026-01-28,00637,利記,0.232,36.47,10553510,192270000.0,432.88,,1.0,1
2026-01-28,01775,精英匯集團,0.44,17.33,4349450,234525280.0,55.38,,0.0,0
2026-01-28,01945,清科控股,1.78,9.2,1916800,523374112.0,10.5,,0.0,0
2026-01-28,01612,永勝醫療,0.944,13.19,9643200,623133297.0,40.57,,1.0,1
2026-01-28,01183,澳能建設,0.17,12.58,1477620,676722262.0,26.65,,0.0,0
2026-01-28,00627,共生智築,0.5,1.01,5929830,710336631.0,13.27,,1.0,1
2026-01-29,08430,春能控股,0.16,23.08,1298050,26693632.0,290.65,,0.0,0
2026-01-29,02608,陽光100中國,0.011,10.0,559590,28058926.0,21.39,,1.0,1
2026-01-29,08219,恆偉集團控股,0.15,25.0,1099770,37125000.0,15.74,,0.0,0
2026-01-29,01107,當代置業,0.016,23.08,2998840,44719914.0,128.89,,1.0,1
2026-01-29,08422,WT集團,0.129,19.44,1239440,46440000.0,45.52,,1.0,1
2026-01-29,08612,維亮控股,0.122,7.96,1679100,50595840.0,18.74,,1.0,1
2026-01-29,08221,高裕金融,1.27,19.81,4116000,60452000.0,102.61,,1.0,1
2026-01-29,08007,環球戰略集團,0.295,5.36,5267750,66763642.0,20.59,,1.0,1
2026-01-29,01421,恆昌集團國際,0.465,1.09,8544580,93090768.0,15.55,,1.0,1
2026-01-29,03830,童園國際,0.1,36.99,782820,100000000.0,79.3,,0.0,0
2026-01-29,09968,匯景控股,0.023,9.52,502020,120842000.0,11.45,,0.0,0
2026-01-29,08093,瓦普思瑞元宇宙,2.58,0.0,2371060,127654272.0,28.55,,1.0,1
2026-01-29,06158,正榮地產,0.033,13.79,572770,144135948.0,13.27,,0.0,0
2026-01-29,01850,美好生活集團控股,0.85,21.43,12954140,146880000.0,44.65,,1.0,1
2026-01-29,01703,誼和股份,1.1,83.33,30828750,151800000.0,659.37,,1.0,1
2026-01-29,01628,禹洲集團,0.114,10.68,999810,169630517.0,12.3,,0.0,0
2026-01-29,08368,中國創意控股,0.355,36.54,19012500,245737290.0,189.86,,1.0,1
2026-01-29,03301,融信中國,0.153,18.6,2433520,257565007.0,21.06,,0.0,0
2026-01-29,01265,天津津燃公用,0.176,-4.35,901760,323718173.0,16.09,,1.0,1
2026-01-29,01708,三寶科技,0.53,10.42,1285490,419791005.0,20.17,,1.0,1
2026-01-29,01073,大禹金融,0.124,16.98,877330,423830831.0,179.89,,0.0,0
2026-01-29,01176,珠光控股,0.048,17.07,1445430,424830372.0,11.86,,0.0,0
2026-01-29,00124,粵海置地,0.25,2.04,2725470,427884212.0,12.15,,0.0,0
2026-01-29,03883,中國奧園,0.097,32.88,8678530,456884245.0,42.91,,0.0,0
2026-01-29,02683,華新手袋國際控股,1.22,5.17,1285900,498523720.0,10.86,,1.0,1
2026-01-29,01260,皓天財經集團,0.44,0.0,731970,506639760.0,23.48,,0.0,0
2026-01-29,02671,美聯股份,4.576,0.0,6801190,551636823.0,12.67,,1.0,1
2026-01-29,01909,火岩控股,2.5,24.38,4530980,607052602.0,21.74,,0.0,0
2026-01-29,09689,金泰豐國際控股,0.55,7.84,24273600,613800000.0,180.61,,1.0,1
2026-01-29,00519,諾科達科技,0.216,1.89,2331020,659902840.0,20.65,,0.0,0
2026-01-29,00337,綠地香港,0.244,16.19,4154000,681219863.0,15.55,,0.0,0
2026-01-29,00606,中駿商管,0.36,28.57,2533520,696600000.0,44.26,,0.0,0
2026-01-29,01085,亨鑫科技,1.54,-1.28,3816920,717024000.0,34.1,,0.0,0
2026-01-29,00210,達芙妮國際,0.385,0.0,2005130,761760395.0,10.53,,0.0,0
2026-01-29,02138,醫思健康,0.66,8.2,3408980,782239435.0,15.68,,0.0,0
2026-01-29,01813,合景泰富集團,0.265,40.96,5050220,906004245.0,15.56,,0.0,0
2026-01-30,08018,匯財金融投資,0.049,40.0,4752040,24707414.0,122.11,,1.0,1
2026-01-30,08191,鴻偉亞洲,0.136,0.74,4133590,48149499.0,71.7,,1.0,1
2026-01-30,00602,佳華百貨控股,0.056,12.0,509580,58100000.0,57.18,,0.0,0
2026-01-30,03830,童園國際,0.106,6.0,982350,106000000.0,11.18,,0.0,0
2026-01-30,01025,嘉藝控股,0.27,5.88,2308970,120789209.0,10.67,,1.0,1
2026-01-30,08125,榮記萬通,0.8,0.0,6067680,173386138.0,39.52,,0.0,0
2026-01-30,06812,永順控股香港,0.305,29.79,539020,183000000.0,19.18,,0.0,0
2026-01-30,01746,萬順集團控股,0.44,57.14,18643120,440000000.0,77.19,,0.0,0
2026-01-30,02415,梅斯健康,1.35,2.27,9336610,819680782.0,74.59,,1.0,1
2026-02-02,08103,HMVOD視頻,0.159,11.19,750170,20582216.0,63.61,,1.0,1
2026-02-02,08160,GOLDWAY EDU,0.415,25.76,1537170,89138655.0,133.23,,1.0,1
2026-02-02,00310,嘉進投資國際,0.156,-9.3,1049510,96896595.0,436.21,,1.0,1
2026-02-02,01389,美捷匯控股,0.27,-1.82,614030,149670000.0,22.4,,0.0,0
2026-02-02,03830,童園國際,0.154,45.28,1924660,154000000.0,10.42,,0.0,0
2026-02-02,00399,星太鏈集團,0.065,-23.53,3122320,213012015.0,10.87,,1.0,1
2026-02-02,01292,長安民生物流,3.505,-4.88,908650,708234320.0,17.19,,0.0,0
2026-02-03,08103,HMVOD視頻,0.165,3.77,916110,21358903.0,10.59,,1.0,1
2026-02-03,08245,烽翼集團,0.103,25.61,4524870,25562671.0,302.63,,1.0,1
2026-02-03,08420,NEXION TECH,0.039,44.44,1105400,34622640.0,155.04,,0.0,0
2026-02-03,08052,陸慶娛樂,0.065,44.44,1598776,35636640.0,57.18,,0.0,0
2026-02-03,08092,ITE HOLDINGS,0.045,55.17,6475510,41647860.0,1353.29,,1.0,1
2026-02-03,08290,亞勢備份,0.024,4.35,937600,48000000.0,184.93,,0.0,0
2026-02-03,02370,力高健康生活,0.56,9.8,2774700,112000000.0,68.12,,1.0,1
2026-02-03,01163,虎視傳媒,0.157,-7.1,3550900,140734800.0,514.62,,0.0,0
2026-02-03,00243,品質國際,0.425,14.86,781960,147258476.0,21.27,,0.0,0
2026-02-03,06128,烯石電車新材料,0.236,-3.67,17817310,222149947.0,19.98,,1.0,1
2026-02-03,00865,建德國際控股,0.039,8.33,588140,227681598.0,45.46,,0.0,0
2026-02-03,00146,太平地氈,1.9,2.15,630850,403156227.0,23.72,,0.0,0
2026-02-03,09689,金泰豐國際控股,0.6,11.11,34244800,669600000.0,12.99,,1.0,1
2026-02-03,08321,泰錦控股,1.32,13.79,1761210,708048000.0,45.85,,0.0,0
2026-02-04,00079,世紀建業,0.125,31.58,858650,40759678.0,208.41,,1.0,1
2026-02-04,08309,萬成環球控股,0.071,9.23,1517130,42600000.0,44.25,,0.0,0
2026-02-04,08621,METROPOLIS CAP,0.048,17.07,3933200,46080000.0,356.91,,0.0,0
2026-02-04,02433,中天湖南集團,0.081,9.46,1492400,46656000.0,13.07,,1.0,1
2026-02-04,08290,亞勢備份,0.032,33.33,3040300,64000000.0,30.91,,0.0,0
2026-02-04,01102,環能國際,0.043,-17.31,5613010,120373587.0,23.04,,1.0,1
2026-02-04,08160,GOLDWAY EDU,0.6,1.69,2979600,128875164.0,11.66,,1.0,1
2026-02-04,02168,佳兆業美好,1.12,8.74,2538240,172603200.0,14.25,,1.0,1
2026-02-04,01592,基石控股,0.12,1.69,1614370,173733169.0,19.86,,0.0,0
2026-02-04,01738,飛尚無煙煤,0.126,20.0,1254140,173948771.0,34.5,,0.0,0
2026-02-04,00731,建發新勝,0.137,-23.89,1408780,193800314.0,15.61,,0.0,0
2026-02-04,01379,溫嶺工量刃具,3.264,0.31,2223760,261120000.0,1873.43,,0.0,0
2026-02-04,01613,協同通信,0.194,7.78,1094890,297957711.0,23.86,,1.0,1
2026-02-04,01780,榮尊國際控股,0.61,-3.17,2051180,378200000.0,12.59,,0.0,0
2026-02-04,00679,亞洲聯網科技,1.48,46.53,7113430,560525432.0,44.72,,0.0,0
2026-02-04,01251,華油能源,0.33,34.69,6479690,644867520.0,11.07,,0.0,0
2026-02-04,02573,新琪安,7.18,-7.47,749200,690940260.0,10.0,,0.0,0
2026-02-04,06989,卓越商企服務,0.78,-3.7,5943050,951871440.0,10.6,,0.0,0
2026-02-05,08448,環球印館,0.6,37.93,963980,59880000.0,26.34,,1.0,1
2026-02-05,02358,久融控股,0.016,45.45,14404180,87552000.0,67.89,,1.0,1
2026-02-05,01107,當代置業,0.033,83.33,14134829,92234823.0,19.81,,1.0,1
2026-02-05,01850,美好生活集團控股,0.79,5.33,70700700,136512000.0,31.13,,1.0,1
2026-02-05,01408,濠江機電,0.328,32.26,7361600,164000000.0,62.24,,0.0,0
2026-02-05,01987,BENG SOON MACH,0.24,17.07,820880,240000000.0,16.69,,1.0,1
2026-02-05,09600,新紐科技,0.255,26.24,4479370,254455442.0,85.0,,0.0,0
2026-02-05,00573,稻香控股,0.31,6.9,708580,314447880.0,12.84,,0.0,0
2026-02-05,00757,陽光能源,0.096,15.66,2729460,319082029.0,11.53,,0.0,0
2026-02-05,00296,英皇娛樂酒店,0.27,9.76,942990,320892565.0,20.28,,0.0,0
2026-02-05,02116,江蘇創新,0.68,17.24,3468160,326400000.0,14.31,,0.0,0
2026-02-05,06038,信越控股,0.36,10.77,6049300,361080000.0,49.48,,1.0,1
2026-02-05,01596,翼辰實業,0.577,-13.49,15591960,518053680.0,409.88,,1.0,1
2026-02-05,01808,企展控股,2.55,-3.41,1113900,624464872.0,12.41,,0.0,0
2026-02-06,01063,新確科技(新),0.102,5.15,1023200,31386146.0,56.58,,1.0,1
2026-02-06,08193,亞太金融投資,0.46,16.46,2501760,128713678.0,10.16,,1.0,1
2026-02-06,00332,元亨燃氣,0.46,27.78,2413620,150549286.0,80.34,,0.0,0
2026-02-06,01720,普天通信集團,0.217,32.32,6436700,238700000.0,18.43,,1.0,1
2026-02-06,01575,皇庭智家,0.062,24.0,1268300,239320000.0,143.34,,0.0,0
2026-02-06,01792,CMON,0.985,10.06,28998810,243964800.0,436.73,,1.0,1
2026-02-06,01617,南方通信,0.3,61.29,41384230,487872000.0,16.13,,1.0,1
2026-02-06,06063,智中國際,0.335,37.86,2600590,670000000.0,26.98,,0.0,0
2026-02-06,01731,其利工業集團,0.645,-1.53,1002840,722400000.0,12.39,,0.0,0
2026-02-06,00698,通達集團,3.89,6.28,4089940,757430271.0,11.37,,1.0,1
2026-02-06,01943,金石控股集團,0.8,42.86,22414900,938736000.0,20.22,,0.0,0
2026-02-09,08367,倩碧控股,0.38,2.7,2226650,36726994.0,66.41,,0.0,0
2026-02-09,01166,星凱控股,0.71,-7.79,10738600,101151298.0,14.42,,1.0,1
2026-02-09,00094,綠心集團,0.082,-1.2,581680,228163900.0,13.98,,0.0,0
2026-02-09,02545,中贛通信,0.45,12.5,1374400,288000000.0,11.86,,0.0,0
2026-02-09,00822,嘉瑞國際,0.325,-9.72,549950,290472455.0,16.17,,0.0,0
2026-02-09,01720,普天通信集團,0.275,26.73,19278500,302500000.0,19.41,,1.0,1
2026-02-09,08395,中顯智能齊家控股,0.191,2.14,1284480,327374000.0,25.69,,0.0,0
2026-02-09,01936,利特米,0.72,1.41,907200,336068640.0,38.49,,0.0,0
2026-02-09,01260,皓天財經集團,0.51,10.87,2878830,587241540.0,15.96,,0.0,0
2026-02-09,01617,南方通信,0.45,50.0,81348740,731808000.0,12.18,,1.0,1
2026-02-10,08431,浩柏國際,0.31,3.33,3906130,73334716.0,34.48,,1.0,1
2026-02-10,08448,環球印館,0.86,75.51,5906550,85828000.0,41.35,,1.0,1
2026-02-10,08489,裕程物流,0.465,22.37,1807900,143022375.0,11.59,,0.0,0
2026-02-10,01718,宏基集團控股,0.485,36.62,4099340,147498200.0,10.13,,0.0,0
2026-02-10,06080,榮智控股,0.132,41.94,2566200,147886200.0,56.03,,1.0,1
2026-02-10,01281,鑫達投資控股,0.1,-6.54,1869570,148460400.0,404.41,,1.0,1
2026-02-10,01620,富盈環球集團,0.131,37.89,785030,157200000.0,23.44,,0.0,0
2026-02-10,01621,域高國際控股,0.161,26.77,1254480,161000000.0,35.34,,0.0,0
2026-02-10,00605,中國金融投資管理,0.81,-1.22,500040,169419654.0,12.16,,0.0,0
2026-02-10,01613,協同通信,0.187,-2.6,2527960,287206660.0,18.56,,1.0,1
2026-02-10,00202,潤中國際控股,0.115,15.0,1549790,838852477.0,61.16,,0.0,0
2026-02-10,06063,智中國際,0.465,29.17,8458220,930000000.0,13.04,,1.0,1
2026-02-11,01010,天璽曜11,0.094,0.0,888700,41763652.0,29.52,,1.0,1
2026-02-11,00907,高雅光學,0.075,33.93,4215770,65464776.0,126.23,,1.0,1
2026-02-11,08613,東方支付集團控股,0.034,-30.61,1205500,65542367.0,257.59,,0.0,0
2026-02-11,08431,浩柏國際,0.36,16.13,8380790,85162896.0,17.09,,1.0,1
2026-02-11,02310,時代環球集團,0.078,69.57,646940,85244421.0,20.76,,0.0,0
2026-02-11,00396,興利(香港)控股,0.128,42.22,671110,103436291.0,92.86,,0.0,0
2026-02-11,00500,先豐服務集團,0.064,-9.86,630000,153816696.0,13.94,,0.0,0
2026-02-11,00831,利亞零售,0.31,6.9,2061650,242462462.0,11.24,,0.0,0
2026-02-11,00620,大唐西市,0.37,-11.9,2341180,296379335.0,16.96,,0.0,0
2026-02-11,02297,潤邁德-B,0.285,7.55,2559500,399387258.0,12.97,,1.0,1
2026-02-11,01370,奧威控股,0.248,0.0,1026700,405561813.0,99.87,,0.0,0
2026-02-11,01538,中奧到家,0.495,2.06,627920,423002250.0,11.84,,0.0,0
2026-02-11,00097,恆基發展,0.198,11.24,1070640,603370824.0,15.93,,0.0,0
2026-02-12,00899,中加國信,0.221,10.5,939270,98380141.0,14.16,,0.0,0
2026-02-12,01452,迪諾斯環保,0.139,-24.46,702400,107126983.0,26.02,,0.0,0
2026-02-12,08143,金威醫療,0.103,-23.13,565340,139334277.0,14.85,,0.0,0
2026-02-12,08283,中食民安,0.485,-1.02,885600,167616000.0,76.65,,1.0,1
2026-02-12,01955,莊臣控股,0.49,6.52,1829070,245000000.0,134.5,,0.0,0
2026-02-12,01636,中國金屬利用,0.59,11.32,1561920,264411878.0,26.16,,0.0,0
2026-02-12,01447,新福港,0.69,53.33,1648780,276000000.0,383.44,,0.0,0
2026-02-12,00042,東北電氣,0.325,12.07,2080400,283845250.0,54.91,,0.0,0
2026-02-12,02515,天津建發,0.97,21.25,2505600,301420467.0,15.61,,0.0,0
2026-02-12,01226,中國投融資,0.83,3.75,820500,342455178.0,12.45,,0.0,0
2026-02-12,00851,盛源控股,0.39,-2.5,3811050,343968511.0,118.12,,0.0,0
2026-02-12,01543,中盈盛達融資擔保,0.245,-0.41,741080,382394208.0,10.19,,0.0,0
2026-02-12,01985,美高域,1.45,0.0,10708700,444242300.0,79.99,,0.0,0
2026-02-12,03913,合景悠活,0.226,1.35,1074210,457844115.0,12.71,,0.0,0
2026-02-12,00776,帝國科技集團,0.77,5.48,4762590,517314914.0,10.39,,0.0,0
2026-02-12,01685,博耳電力,0.68,122.95,33273420,526162920.0,487.82,,0.0,0
2026-02-12,01823,華昱高速,1.55,42.2,6174080,730217400.0,10.62,,0.0,0
2026-02-12,00351,亞洲能源物流,0.37,29.82,2482250,738140840.0,63.41,,0.0,0
2026-02-13,08179,百利達集團控股,0.013,0.0,1381600,24801378.0,14.63,,1.0,1
2026-02-13,02608,陽光100中國,0.012,0.0,690650,30609738.0,19.33,,0.0,0
2026-02-13,00810,中國鑄晨81,0.115,4.55,913280,81966383.0,20.36,,0.0,0
2026-02-13,01146,匯成國際控股,0.028,-20.0,1497930,99272600.0,23.43,,0.0,0
2026-02-13,01470,富一國際控股,0.156,11.43,627300,124800000.0,31.84,,0.0,0
2026-02-13,01715,智慧健康科技,0.45,0.0,7545200,162341946.0,131.8,,0.0,0
2026-02-13,00396,興利(香港)控股,0.204,23.64,2329440,164851589.0,23.24,,0.0,0
2026-02-13,08125,榮記萬通,0.78,-2.5,11189460,169051484.0,15.93,,0.0,0
2026-02-13,08646,中國宏光,0.218,6.34,1104200,170691820.0,19.08,,0.0,0
2026-02-13,00399,星太鏈集團,0.076,38.18,10702780,249060203.0,12.35,,1.0,1
2026-02-13,01636,中國金屬利用,0.62,5.08,2063920,277856550.0,10.3,,0.0,0
2026-02-13,02497,富景中國控股,0.56,0.0,506400,280000000.0,11.49,,0.0,0
2026-02-13,00591,中國高精密,0.27,-25.0,10677240,280125000.0,26.81,,0.0,0
2026-02-13,03913,合景悠活,0.216,-4.42,5632360,437585526.0,35.32,,0.0,0
2026-02-13,01900,中國智能交通,0.325,14.04,910460,559060405.0,15.81,,0.0,0
2026-02-13,00432,盈大地產,0.285,39.02,5618990,580897472.0,55.1,,0.0,0
2026-02-13,02405,力盟科技,1.02,6.25,1382300,816000000.0,18.96,,0.0,0
2026-02-16,00145,信能低碳,0.222,-2.63,8686460,81296803.0,30.38,,0.0,0
2026-02-16,08620,亞洲速運,0.149,55.21,8224600,93677045.0,297.02,,1.0,1
2026-02-16,01941,燁星集團,0.24,0.84,697900,97274400.0,34.33,,0.0,0
2026-02-16,01129,中國水業集團,0.45,50.0,1573810,284487268.0,24.96,,0.0,0
2026-02-16,00648,京玖康療,3.7,-1.07,2988210,396332652.0,42.83,,0.0,0
2026-02-16,01334,瑞昌國際控股,1.0,2.04,677550,500000000.0,89.94,,0.0,0
2026-02-16,01945,清科控股,1.87,13.33,2863900,549836848.0,13.12,,0.0,0
2026-02-16,01692,登輝控股,1.695,-0.59,2166480,608505000.0,300.73,,0.0,0
2026-02-16,01319,靄華押業信貸,0.324,22.73,3314490,623475924.0,97.46,,1.0,1
2026-02-16,00554,漢思集團控股,0.227,3.18,3308280,995924609.0,74.18,,0.0,0
2026-02-20,08178,中國信息科技,0.28,24.44,1859650,48190004.0,61.45,,1.0,1
2026-02-20,00188,新華匯富金融,0.27,16.88,1396570,206437978.0,49.55,,0.0,0
2026-02-20,00567,金安智能,0.173,66.35,5819030,279098750.0,175.77,,1.0,1
2026-02-20,00648,京玖康療,4.72,27.57,3784440,505591924.0,10.69,,1.0,1
2026-02-20,00399,星太鏈集團,0.3,122.22,67778070,983132378.0,24.56,,1.0,1
2026-02-23,08178,中國信息科技,0.373,33.21,16038150,64195970.0,74.78,,1.0,1
2026-02-23,08072,蘭谷股份,0.51,12.09,753040,85858058.0,13.56,,1.0,1
2026-02-23,01707,致浩達控股,0.062,44.19,663352,104160000.0,20.89,,0.0,0
2026-02-23,02193,萬景控股,0.31,21.57,548760,130074140.0,66.0,,0.0,0
2026-02-23,00397,嬴集團,0.049,13.95,1093320,167719116.0,22.77,,0.0,0
2026-02-23,01750,全達電器集團控股,0.097,12.79,874600,174600000.0,10.43,,0.0,0
2026-02-23,01239,TEAMWAY INTL GP,0.45,-16.67,1976000,195308067.0,73.72,,0.0,0
2026-02-23,02459,升能集團,1.28,26.73,34708010,248064000.0,132.83,,1.0,1
2026-02-23,08229,未來數據集團,0.63,-5.97,541950,349952400.0,14.4,,0.0,0
2026-02-23,00827,玖源集團,0.062,82.35,13100910,435738641.0,524.88,,0.0,0
2026-02-23,02501,邁越科技,1.15,21.05,1404000,575000000.0,28.39,,0.0,0
2026-02-23,00508,鼎億集團投資,0.67,-1.47,4810400,580167876.0,18.22,,1.0,1
2026-02-23,01116,慧源同創科技,0.27,-10.0,825450,582660000.0,38.58,,0.0,0
2026-02-23,01900,中國智能交通,0.345,9.52,2573900,593464122.0,16.17,,0.0,0
2026-02-23,00040,金山科技工業,0.69,-8.0,587230,622716796.0,27.9,,0.0,0
2026-02-23,00201,華大酒店,0.07,-1.41,582780,626293593.0,16.51,,0.0,0
2026-02-23,00648,京玖康療,6.2,31.36,14187370,664124985.0,19.67,,1.0,1
2026-02-23,00526,利時集團控股,0.092,2.22,967720,813649876.0,18.62,,0.0,0
2026-02-24,08153,嘉鼎國際集團,0.88,14.29,3216440,36603754.0,100.87,,1.0,1
2026-02-24,00559,德泰新能源集團,0.104,-2.8,1183848,54411177.0,184.31,,1.0,1
2026-02-24,01421,恆昌集團國際,0.38,0.0,3012700,76074176.0,58.27,,1.0,1
2026-02-24,08143,金威醫療,0.11,-1.79,2116290,148803597.0,15.51,,1.0,1
2026-02-24,01682,杭品生活科技,0.104,-1.89,736160,163472816.0,15.77,,1.0,1
2026-02-24,00947,摩比發展,0.265,41.71,7354460,211163950.0,50.07,,0.0,0
2026-02-24,01094,承輝國際,0.305,10.91,505580,216859640.0,21.43,,0.0,0
2026-02-24,00356,鼎立資本,1.139,11.67,1480500,229393081.0,11.6,,0.0,0
2026-02-24,00223,易生活控股,0.165,26.92,2552270,268903264.0,45.01,,0.0,0
2026-02-24,03322,永嘉集團,0.237,-0.84,520240,304402800.0,12.68,,0.0,0
2026-02-24,00367,莊士機構國際,0.305,-4.69,517480,510128697.0,19.64,,0.0,0
2026-02-24,01334,瑞昌國際控股,1.12,0.9,6165050,560000000.0,28.99,,1.0,1
2026-02-24,01202,四威科技,1.509,21.79,3127800,603600000.0,12.97,,0.0,0
2026-02-24,01641,紅星冷鏈,7.749,-7.3,10093600,761439987.0,15.14,,1.0,1
2026-02-25,00248,香港通訊國際控股,0.325,4.84,1189170,50591582.0,64.29,,1.0,1
2026-02-25,00197,亨泰,0.3,0.0,1663600,62763136.0,24.88,,1.0,1
2026-02-25,01894,恆益控股,0.53,6.0,3652760,123679210.0,14.5,,1.0,1
2026-02-25,01671,天保能源,0.97,73.21,11308140,155123280.0,1200.44,,1.0,1
2026-02-25,01376,RAFFLESINTERIOR,0.162,4.52,2086096,162000000.0,11.99,,0.0,0
2026-02-25,01682,杭品生活科技,0.104,0.0,2319340,163472816.0,19.78,,1.0,1
2026-02-25,08601,寶燵控股,0.238,0.0,1190000,190400000.0,566.4,,0.0,0
2026-02-25,01460,揚科集團,0.235,1.29,1250140,206233723.0,15.03,,1.0,1
2026-02-25,00947,摩比發展,0.28,5.66,9411290,223116626.0,10.73,,1.0,1
2026-02-25,00442,域能控股,0.89,11.25,1061330,230643500.0,17.25,,0.0,0
2026-02-25,00295,江山控股,0.019,18.75,2070580,284324408.0,130.45,,0.0,0
2026-02-25,01094,承輝國際,0.46,50.82,926510,327066998.0,13.85,,1.0,1
2026-02-25,00042,東北電氣,0.415,31.75,10414900,362448550.0,23.08,,0.0,0
2026-02-25,08645,比特元宇宙,0.63,14.55,649700,476597520.0,22.99,,0.0,0
2026-02-25,00672,眾安集團,0.124,0.81,1011140,698840415.0,14.36,,0.0,0
2026-02-25,00154,北京控股環境集團,0.63,10.53,1469800,945226894.0,10.21,,0.0,0
2026-02-25,02008,鳳凰衛視,1.93,-1.53,51778850,963776284.0,87.33,,1.0,1
2026-02-26,08221,高裕金融,1.1,0.0,1149650,52360000.0,25.65,,1.0,1
2026-02-26,08187,積木集團,0.435,8.75,1161280,65982470.0,144.15,,1.0,1
2026-02-26,08471,新達控股,0.96,-28.36,3227530,70617600.0,42.88,,1.0,1
2026-02-26,08447,MS CONCEPT,0.072,44.0,1112460,72000000.0,53.68,,0.0,0
2026-02-26,01443,富臨集團控股,0.064,30.61,8252670,83200000.0,95.8,,0.0,0
2026-02-26,08072,蘭谷股份,0.52,0.0,1537000,87541550.0,13.29,,1.0,1
2026-02-26,08601,寶燵控股,0.238,0.0,1904000,190400000.0,15.72,,0.0,0
2026-02-26,00747,沈陽公用發展股份,0.13,22.64,536830,191018880.0,14.91,,0.0,0
2026-02-26,08070,僑洋國際控股,1.15,66.67,3118190,230000000.0,88.12,,0.0,0
2026-02-26,02132,譽燊豐控股,0.175,16.67,880140,280000000.0,44.67,,0.0,0
2026-02-26,01147,伊登軟件,0.137,-5.52,7368280,280157787.0,15.46,,1.0,1
2026-02-26,01575,皇庭智家,0.073,15.87,1441340,281780000.0,26.98,,1.0,1
2026-02-26,01094,承輝國際,0.41,-10.87,1952410,291516237.0,12.24,,1.0,1
2026-02-26,00987,中國再生能源投資,0.122,10.91,1071310,305751211.0,12.92,,0.0,0
2026-02-26,01215,開源控股,0.024,4.35,614940,306693115.0,32.78,,0.0,0
2026-02-26,01985,美高域,1.45,11.54,16425670,444242300.0,14.13,,1.0,1
2026-02-26,01746,萬順集團控股,0.49,30.67,6032720,490000000.0,20.02,,0.0,0
2026-02-26,01202,四威科技,1.849,29.39,13524980,739600000.0,19.29,,0.0,0
2026-02-26,01183,澳能建設,0.195,2.63,3693070,776240242.0,15.98,,0.0,0
2026-02-26,02415,梅斯健康,1.3,3.17,1197480,789322235.0,24.73,,0.0,0
2026-02-26,01328,金湧投資,3.4,29.28,2025390,873576606.0,19.13,,0.0,0
2026-02-27,01933,元力控股,0.224,56.64,2868200,112879688.0,62.5,,1.0,1
2026-02-27,08286,長城微光,0.395,154.84,7535630,121999700.0,128.14,,1.0,1
2026-02-27,01703,誼和股份,1.07,24.42,1472810,147660000.0,18.2,,0.0,0
2026-02-27,01871,向中國際,0.39,11.43,2073960,170023695.0,35.38,,1.0,1
2026-02-27,03789,禦佳控股,0.148,49.49,986450,177600000.0,45.66,,0.0,0
2026-02-27,01217,中國創新投資,0.014,16.67,1729680,179222101.0,25.96,,0.0,0
2026-02-27,06933,新娛科控股,0.55,-19.12,661400,235401549.0,12.36,,0.0,0
2026-02-27,01419,盈健醫療,0.83,-1.19,680220,315028353.0,20.4,,0.0,0
2026-02-27,06877,TE HEALTHCARE,0.187,27.21,931490,380225230.0,101.4,,0.0,0
2026-02-27,01161,奧思集團,0.9,1.12,2432760,612497488.0,16.38,,0.0,0
2026-02-27,01100,飛達控股,1.48,22.31,7680110,635163383.0,136.78,,0.0,0
2026-03-02,08480,飛霓控股,0.117,-1.68,788840,108028627.0,63.95,,0.0,0
2026-03-02,02728,金泰能源控股,0.029,20.83,1974610,129195606.0,46.66,,0.0,0
2026-03-02,01894,恆益控股,0.59,11.32,7829230,137680630.0,12.33,,1.0,1
2026-03-02,06068,光正教育,0.076,-9.52,698460,165539704.0,15.59,,0.0,0
2026-03-02,01555,MI能源,0.06,81.82,13282640,203191531.0,237.12,,1.0,1
2026-03-02,06933,新娛科控股,0.48,-12.73,2231300,205441352.0,18.65,,0.0,0
2026-03-02,00332,元亨燃氣,0.66,57.14,5232920,216005497.0,67.64,,0.0,0
2026-03-02,08413,亞洲富思,0.189,-0.53,1170400,219618000.0,11.77,,0.0,0
2026-03-02,02178,百勤油服,0.146,105.63,25622200,252094504.0,798.7,,1.0,1
2026-03-02,02012,陽光油砂,0.42,13.51,8668650,298768866.0,31.7,,1.0,1
2026-03-02,01301,德基科技控股,0.52,65.08,4885090,326031680.0,1152.14,,1.0,1
2026-03-02,08132,百能國際能源,0.127,32.29,1130160,342197113.0,51.43,,0.0,0
2026-03-02,02372,偉立控股,0.48,12.94,771400,384000000.0,16.6,,0.0,0
2026-03-02,00365,芯成科技,0.27,-6.9,541620,392850000.0,10.36,,0.0,0
2026-03-02,06877,TE HEALTHCARE,0.2,6.95,3634440,406658000.0,36.45,,0.0,0
2026-03-02,03395,吉星新能源,0.49,53.12,10362600,425953373.0,389.57,,1.0,1
2026-03-02,01080,勝利管道,0.111,18.09,5791420,430054582.0,26.6,,0.0,0
2026-03-02,02159,麥迪衛康,1.54,14.93,2367400,518179200.0,13.95,,0.0,0
2026-03-02,00632,中港石油,0.6,154.24,86541440,573812204.0,18.87,,1.0,1
2026-03-02,00672,眾安集團,0.104,-13.33,2718810,586124219.0,14.35,,0.0,0
2026-03-02,01251,華油能源,0.305,7.02,4043000,596013920.0,12.02,,0.0,0
2026-03-02,00346,延長石油國際,0.62,49.4,19501730,682063738.0,148.81,,0.0,0
2026-03-02,00184,激成投資,2.19,-0.45,786360,745038000.0,10.34,,0.0,0
2026-03-02,00918,龍翼航空科技,0.69,13.11,577920,768707720.0,37.6,,0.0,0
2026-03-03,08219,恆偉集團控股,0.152,1.33,823170,37620000.0,27.79,,1.0,1
2026-03-03,01400,滿地科技股份,0.018,0.0,1049840,68431813.0,130.87,,1.0,1
2026-03-03,01421,恆昌集團國際,0.39,11.43,6601030,78076128.0,15.09,,1.0,1
2026-03-03,00048,中國汽車內飾,0.26,9.7,2515750,113824818.0,28.53,,1.0,1
2026-03-03,00332,元亨燃氣,0.56,-15.15,7699040,183277391.0,12.88,,0.0,0
2026-03-03,08326,同景新能源,0.156,-2.5,1159850,191412000.0,16.18,,0.0,0
2026-03-03,01555,MI能源,0.057,-5.0,18660790,193031954.0,13.61,,1.0,1
2026-03-03,02012,陽光油砂,0.425,1.19,15648850,302325639.0,14.01,,1.0,1
2026-03-03,01407,交運燃氣,0.739,29.88,6058200,325160000.0,167.42,,0.0,0
2026-03-03,01265,天津津燃公用,0.198,16.47,5744750,364182944.0,163.12,,1.0,1
2026-03-03,01120,雅視光學,0.99,-1.0,612840,382400740.0,94.54,,0.0,0
2026-03-03,03395,吉星新能源,0.445,-9.18,10958000,386835206.0,10.34,,1.0,1
2026-03-03,00166,新時代集團控股,0.045,2.27,1212300,393379964.0,12.7,,0.0,0
2026-03-03,00681,中民控股,0.045,25.0,9308380,402055254.0,77.81,,0.0,0
2026-03-03,02178,百勤油服,0.25,71.23,100378140,431668670.0,38.71,,1.0,1
2026-03-03,01251,華油能源,0.305,0.0,8735530,596013920.0,12.28,,0.0,0
2026-03-03,00346,延長石油國際,0.6,-3.23,21430530,660061682.0,10.32,,0.0,0
2026-03-03,01341,昊天國際建投,0.067,34.0,730933130,743390248.0,29.8,,1.0,1
2026-03-03,01855,中慶股份,1.01,14.77,154773300,833250000.0,15.51,,0.0,0
2026-03-03,00632,中港石油,0.89,48.33,224411760,851154770.0,17.58,,1.0,1
2026-03-03,00918,龍翼航空科技,0.85,23.19,6078100,946958785.0,83.08,,0.0,0
2026-03-04,00197,亨泰,0.28,-1.75,2431200,58578927.0,12.22,,1.0,1
2026-03-04,08117,中國基礎能源,0.071,-24.47,1329410,72703108.0,12.5,,0.0,0
2026-03-04,01637,順興集團控股,0.345,23.21,5008660,138000000.0,65.17,,1.0,1
2026-03-04,03390,滿貫集團,0.275,-8.33,3246080,245850000.0,30.57,,1.0,1
2026-03-04,00557,天元醫療,0.62,-22.5,757280,247367305.0,124.35,,0.0,0
2026-03-04,06911,瀾滄古茶,2.51,0.4,8216000,376500000.0,3170.98,,1.0,1
2026-03-04,00042,東北電氣,0.475,31.94,56708800,414850750.0,17.06,,1.0,1
2026-03-04,02440,迷策略,2.05,17.82,10311390,854909641.0,14.03,,0.0,0
2026-03-04,02458,望塵科技控股,6.3,0.64,1750900,899073806.0,11.93,,0.0,0
2026-03-05,08547,PACIFIC LEGEND,0.078,2.63,2684490,46110441.0,11.58,,1.0,1
2026-03-05,01950,帝王實業控股,0.141,31.78,570080,101520000.0,18.67,,0.0,0
2026-03-05,01245,NIRAKU,0.168,-5.08,532070,200902877.0,20.67,,0.0,0
2026-03-05,06083,環宇物流(亞洲),0.518,4.02,1039600,259954733.0,15.46,,0.0,0
2026-03-05,01795,亞東集團,0.54,0.0,1755630,324000000.0,13.75,,0.0,0
2026-03-05,01961,多牛科技,0.465,52.46,6648330,341450046.0,117.26,,0.0,0
2026-03-06,00821,匯盈控股,0.315,-10.0,686160,116891844.0,16.36,,0.0,0
2026-03-06,01967,信懇智能,0.405,3.85,3704700,121500000.0,114.27,,1.0,1
2026-03-06,01843,快餐帝國,0.155,10.71,808960,124000000.0,12.15,,0.0,0
2026-03-06,00310,嘉進投資國際,0.216,8.54,872960,134164516.0,125.68,,1.0,1
2026-03-06,01105,星島,0.186,0.0,800370,163781001.0,30.08,,0.0,0
2026-03-06,08646,中國宏光,0.21,0.0,505100,164427900.0,20.82,,0.0,0
2026-03-06,01500,現恆建築,0.212,25.44,7710380,175960000.0,230.95,,1.0,1
2026-03-06,03366,華僑城(亞洲),0.243,-17.63,515990,181852938.0,15.35,,0.0,0
2026-03-06,01552,BHCC HOLDING,0.26,-1.89,1010000,208000000.0,14.44,,0.0,0
2026-03-06,01529,樂氏國際控股,0.51,2.0,664600,340210800.0,27.17,,0.0,0
2026-03-06,01795,亞東集團,0.58,7.41,4681950,348000000.0,15.44,,0.0,0
2026-03-06,01397,碧瑤綠色集團,1.11,-4.31,3125640,460650000.0,14.88,,0.0,0
2026-03-06,00279,裕承科金,0.57,-3.39,4066880,795450561.0,24.17,,1.0,1
2026-03-09,00058,新威國際,0.29,38.1,892370,149500800.0,86.4,,0.0,0
2026-03-09,03366,華僑城(亞洲),0.25,2.88,939550,187091500.0,11.03,,0.0,0
2026-03-09,01075,首都信息,3.001,0.67,2093240,232426850.0,10.15,,1.0,1
2026-03-09,01393,恆鼎實業,0.067,24.07,1107640,308552380.0,36.29,,0.0,0
2026-03-09,00776,帝國科技集團,0.663,3.11,2190760,445428296.0,13.48,,1.0,1
2026-03-09,01429,天任集團,0.295,28.82,13229200,472000000.0,10.01,,0.0,0
2026-03-09,01813,合景泰富集團,0.146,-13.61,3073030,499157056.0,11.91,,1.0,1
2026-03-09,02502,金源氫化,0.56,31.76,668590,535158400.0,20.3,,0.0,0
2026-03-10,08516,中盈國際,0.87,-3.33,1622180,50067108.0,14.53,,1.0,1
2026-03-10,00204,資本界金控,0.227,2.25,2131000,56535514.0,21.09,,1.0,1
2026-03-10,08500,天泓文創,0.146,-9.88,1943440,63072000.0,77.36,,1.0,1
2026-03-10,09918,麗年國際,1.05,-6.25,1021620,105000000.0,13.79,,1.0,1
2026-03-10,01025,嘉藝控股,0.275,3.77,1563520,123026046.0,15.53,,1.0,1
2026-03-10,08646,中國宏光,0.217,0.0,648800,169908830.0,10.12,,0.0,0
2026-03-10,00550,律齊文化,0.38,7.04,5451440,173102920.0,13.31,,1.0,1
2026-03-10,00058,新威國際,0.365,25.86,1214980,188164800.0,12.22,,0.0,0
2026-03-10,01831,十方控股,0.265,15.22,5518660,284994130.0,15.75,,1.0,1
2026-03-10,00343,文化傳信,0.17,6.92,1674380,294792884.0,21.56,,1.0,1
2026-03-10,08223,紫元元,0.65,18.18,849720,335400000.0,10.86,,0.0,0
2026-03-10,01410,安領國際,0.495,-4.81,1152350,499809915.0,12.96,,1.0,1
2026-03-10,02405,力盟科技,0.92,8.24,8832900,736000000.0,34.51,,1.0,1
2026-03-10,06939,美佳音控股,1.6,18.52,19548900,996000000.0,13.35,,0.0,0
2026-03-11,00938,民生國際,0.42,9.09,684180,271823410.0,69.73,,0.0,0
2026-03-11,00913,港灣數字,0.325,35.42,2650600,288289638.0,262.05,,0.0,0
2026-03-11,08637,元續科技,3.0,22.45,15532700,449106000.0,11.04,,1.0,1
2026-03-11,02671,美聯股份,3.916,9.51,2540150,472073820.0,29.26,,0.0,0
2026-03-11,01410,安領國際,0.49,-1.01,3630200,494761330.0,18.07,,1.0,1
2026-03-11,00052,大快活集團,4.44,1.6,2685970,575214343.0,10.42,,0.0,0
2026-03-11,02250,小黃鴨德盈,0.72,4.35,1206620,726015600.0,12.09,,0.0,0
2026-03-11,00279,裕承科金,0.58,0.0,11375640,809405834.0,19.21,,1.0,1
2026-03-12,00426,萬華媒體,0.166,66.0,4435070,66549400.0,862.69,,1.0,1
2026-03-12,00261,GBA集團,0.244,-9.63,500770,80852249.0,12.32,,1.0,1
2026-03-12,08120,國農金融投資,0.64,10.34,882210,104081126.0,17.27,,0.0,0
2026-03-12,01633,上諭集團,0.18,0.0,2286100,123255000.0,20.92,,0.0,0
2026-03-12,01229,南南資源,0.23,12.2,1293730,176035924.0,13.16,,0.0,0
2026-03-12,00381,權識國際,0.157,24.6,3478380,208876651.0,12.89,,1.0,1
2026-03-12,00764,永恆策略,0.56,-6.67,1075000,225599755.0,13.54,,0.0,0
2026-03-12,08395,中顯智能齊家控股,0.219,18.38,874140,375366000.0,63.23,,0.0,0
2026-03-12,01332,透雲生物,0.189,45.38,18367160,530324956.0,42.34,,0.0,0
2026-03-12,09689,金泰豐國際控股,0.61,27.08,751400,680760000.0,20.12,,1.0,1
2026-03-12,02167,天潤雲,3.94,17.26,1341570,683118776.0,10.18,,0.0,0
2026-03-12,00721,中國金融國際,0.395,38.6,10653770,866759088.0,21.77,,0.0,0
2026-03-13,02110,天成控股,0.111,23.33,739780,4795200.0,34.8,,1.0,1
2026-03-13,08131,諾亞智能,0.088,12.82,1143580,63290580.0,122.47,,0.0,0
2026-03-13,08187,積木集團,0.56,0.0,3980900,84942950.0,15.2,,1.0,1
2026-03-13,00484,雲遊控股,0.92,5.75,848500,157987083.0,22.0,,0.0,0
2026-03-13,03313,雅高控股,1.18,0.0,543780,167808345.0,10.65,,0.0,0
2026-03-13,02376,魯商服務,2.296,-11.9,639310,306148640.0,12.72,,1.0,1
2026-03-13,00381,權識國際,0.25,59.24,9762160,332606132.0,16.13,,1.0,1
2026-03-13,01716,毛記葵湧,1.66,37.19,140198330,448200000.0,88.94,,1.0,1
2026-03-13,01159,智數科技集團,3.25,25.48,3449520,461033557.0,14.0,,0.0,0
2026-03-13,00827,玖源集團,0.079,51.92,11760960,555215365.0,10.58,,0.0,0
2026-03-13,01945,清科控股,1.91,15.06,2659200,561598064.0,13.19,,0.0,0
2026-03-13,08403,德豐宿來,3.33,16.03,6595490,563436000.0,12.94,,1.0,1
2026-03-13,06908,宏光半導體,0.495,-1.0,10513100,580067968.0,11.55,,1.0,1
2026-03-13,00149,中國農產品交易,0.063,8.62,822480,627043273.0,17.55,,0.0,0
2026-03-13,00721,中國金融國際,0.37,-6.33,13565820,811900918.0,10.5,,0.0,0
2026-03-16,01647,雄岸科技,0.079,8.22,535600,94408160.0,11.19,,0.0,0
2026-03-16,01718,宏基集團控股,0.445,17.11,7096350,135333400.0,12.69,,1.0,1
2026-03-16,01703,誼和股份,1.09,49.32,1650940,150420000.0,13.73,,0.0,0
2026-03-16,08646,中國宏光,0.227,10.73,1852200,177738730.0,11.34,,1.0,1
2026-03-16,00738,萊爾斯丹,0.325,6.56,1575060,225794094.0,11.03,,1.0,1
2026-03-16,08292,VSING,0.31,0.0,762550,334279200.0,17.18,,0.0,0
2026-03-16,00938,民生國際,0.52,30.0,1480920,336543269.0,11.52,,1.0,1
2026-03-16,01780,榮尊國際控股,0.77,22.22,29948950,477400000.0,233.97,,1.0,1
2026-03-16,06162,天瑞汽車內飾,0.209,0.48,15168220,501600000.0,15.75,,1.0,1
2026-03-16,02881,武漢有機,5.612,8.3,694150,523599600.0,11.86,,0.0,0
2026-03-16,06919,人瑞人才,3.9,-4.88,1461260,617938148.0,73.13,,1.0,1
2026-03-16,01808,企展控股,2.79,16.25,702190,683238036.0,12.11,,0.0,0
2026-03-16,00635,彩星集團,0.47,2.17,549770,971960000.0,30.63,,0.0,0
2026-03-17,08153,嘉鼎國際集團,0.86,10.26,2424020,35771850.0,45.27,,1.0,1
2026-03-17,02433,中天湖南集團,0.074,21.31,1522400,42624000.0,17.04,,1.0,1
2026-03-17,08416,HM INTL HLDGS,0.12,18.81,1935070,50569800.0,175.98,,0.0,0
2026-03-17,08238,玖方數智,0.184,-30.57,10627160,64099123.0,29.65,,1.0,1
2026-03-17,06163,彭順國際,0.3,0.0,598200,82951200.0,189.12,,1.0,1
2026-03-17,01025,嘉藝控股,0.28,-8.2,3032300,125262883.0,10.14,,1.0,1
2026-03-17,01630,建成控股,0.119,43.37,5189000,178500000.0,42.08,,0.0,0
2026-03-17,01705,賓仕國際,0.48,11.63,722020,192000000.0,16.6,,0.0,0
2026-03-17,08271,環球數碼創意,0.131,35.05,1113380,196933550.0,23.2,,0.0,0
2026-03-17,00318,黃河實業,0.72,18.03,527450,207546391.0,52.49,,0.0,0
2026-03-17,01710,致豐工業電子,0.248,20.98,5957300,248000000.0,27.78,,1.0,1
2026-03-17,00129,泛海集團,0.209,-1.42,1732400,296912783.0,41.97,,0.0,0
2026-03-17,00936,佳兆業資本,0.3,38.89,1772640,318000000.0,17.33,,0.0,0
2026-03-17,02671,美聯股份,3.616,-3.98,9080110,435908818.0,26.93,,1.0,1
2026-03-17,00994,中天宏信,0.4,3.9,4760700,516402400.0,14.6,,1.0,1
2026-03-17,00097,恆基發展,0.193,1.58,843130,588134187.0,11.99,,0.0,0
2026-03-17,02881,武漢有機,6.402,14.08,2740880,597306600.0,24.94,,0.0,0
2026-03-17,01292,長安民生物流,3.045,-12.63,1012720,615284880.0,17.92,,0.0,0
2026-03-17,00690,聯康生物科技集團,0.115,9.52,3357060,686691237.0,11.6,,1.0,1
2026-03-17,00353,能源國際投資,0.325,0.0,2034560,687557939.0,11.06,,1.0,1
2026-03-17,00210,達芙妮國際,0.385,10.0,2591240,761760395.0,16.36,,0.0,0
2026-03-17,00829,神冠控股,0.241,-3.6,707170,778545680.0,10.08,,0.0,0
2026-03-18,02433,中天湖南集團,0.089,20.27,4332000,51264000.0,20.28,,1.0,1
2026-03-18,00248,香港通訊國際控股,0.27,-6.9,913060,63044895.0,10.75,,1.0,1
2026-03-18,01259,未來發展控股,0.034,0.0,527820,74914274.0,11.13,,1.0,1
2026-03-18,00653,卓悅控股,0.083,-4.6,8208080,155614879.0,18.72,,1.0,1
2026-03-18,01156,CHINANEWENERGY,0.22,5.26,807200,155696349.0,10.97,,0.0,0
2026-03-18,01750,全達電器集團控股,0.12,26.32,4283500,216000000.0,64.39,,0.0,0
2026-03-18,01633,上諭集團,0.39,84.83,7676700,267052500.0,10.18,,0.0,0
2026-03-18,02439,中寶新材,0.236,2.16,1433800,283200000.0,17.19,,0.0,0
2026-03-18,00713,世界(集團),0.39,-2.5,1538320,308925794.0,21.12,,0.0,0
2026-03-18,00244,先施,0.325,-5.8,3061790,427037832.0,110.73,,0.0,0
2026-03-18,00620,大唐西市,0.56,17.89,1877420,448574129.0,12.89,,0.0,0
2026-03-18,00595,先思行,0.59,45.68,34053280,505925768.0,107.66,,1.0,1
2026-03-18,00458,聯亞集團,1.92,26.32,1089790,526032486.0,2136.84,,0.0,0
2026-03-18,08059,朝威控股,0.86,38.71,526160,869120300.0,91.51,,0.0,0
2026-03-19,00888,鏈信控股,0.063,-30.0,659740,89575819.0,28.71,,0.0,0
2026-03-19,01690,立基工程控股,0.065,12.07,544010,93939950.0,56.93,,0.0,0
2026-03-19,08081,白居易控股,0.023,21.05,638470,118588807.0,14.56,,0.0,0
2026-03-19,01705,賓仕國際,0.64,28.0,2447740,256000000.0,15.54,,0.0,0
2026-03-19,01147,伊登軟件,0.142,18.33,11675170,290382524.0,38.95,,0.0,0
2026-03-19,02102,德利機械,0.32,4.92,2065250,320000000.0,34.12,,0.0,0
2026-03-19,01490,AI X TECH,0.265,26.79,5127100,327169000.0,110.33,,0.0,0
2026-03-19,00022,茂盛控股,17.25,64.29,32058370,678403808.0,80.03,,1.0,1
2026-03-20,08176,超人智能,0.056,-30.86,825780,40068041.0,47.47,,1.0,1
2026-03-20,08619,NIU HOLDINGS,0.158,14.49,2183200,68514330.0,22.91,,1.0,1
2026-03-20,01690,立基工程控股,0.073,12.31,1726440,105501790.0,26.99,,0.0,0
2026-03-20,01376,RAFFLESINTERIOR,0.112,-11.81,616488,112000000.0,13.33,,0.0,0
2026-03-20,08507,愛世紀集團,0.155,6.9,1949650,124000000.0,10.64,,1.0,1
2026-03-20,08125,榮記萬通,0.69,-6.76,7277360,149545544.0,54.69,,0.0,0
2026-03-20,01949,佰達國際控股,0.76,1.33,1293200,175104000.0,35.15,,0.0,0
2026-03-20,01132,橙天嘉禾,0.065,-17.72,1175220,181978488.0,15.77,,0.0,0
2026-03-20,01176,珠光控股,0.026,-33.33,1318850,230116452.0,16.58,,0.0,0
2026-03-20,01546,德萊建業,0.295,41.15,13967800,236000000.0,16.67,,1.0,1
2026-03-20,00831,利亞零售,0.325,4.84,4018220,254194517.0,27.05,,0.0,0
2026-03-20,00296,英皇娛樂酒店,0.228,-8.06,719140,270975944.0,11.39,,0.0,0
2026-03-20,00620,大唐西市,0.355,-42.74,17297580,284363957.0,38.05,,1.0,1
2026-03-20,01746,萬順集團控股,0.44,-6.38,15120760,440000000.0,12.85,,0.0,0
2026-03-20,02651,大眾口腔,8.874,10.73,22971630,448838419.0,478.95,,1.0,1
2026-03-20,01466,佰金生命科學,0.64,6.67,1499600,596642614.0,11.24,,0.0,0
2026-03-23,00428,中國天弓控股,0.202,-17.89,1182230,31160164.0,44.88,,1.0,1
2026-03-23,08422,WT集團,0.112,7.69,1452170,40320000.0,811.72,,1.0,1
2026-03-23,00932,順騰國際控股,0.026,-18.75,1471210,80805229.0,17.09,,1.0,1
2026-03-23,08217,菊福堂生物,0.33,-12.0,786320,99613800.0,11.82,,1.0,1
2026-03-23,00269,中國資源交通,0.01,0.0,893210,106440932.0,147.15,,0.0,0
2026-03-23,03789,禦佳控股,0.11,3.77,759600,132000000.0,31.44,,1.0,1
2026-03-23,06918,九泰數智,0.162,8.72,5308380,141650662.0,20.02,,1.0,1
2026-03-23,01433,常達控股,0.075,-17.58,1111000,149360250.0,22.5,,0.0,0
2026-03-23,00573,稻香控股,0.25,-10.71,547730,253587000.0,16.95,,0.0,0
2026-03-23,00423,經濟日報集團,0.74,-5.13,557480,319384000.0,17.62,,0.0,0
2026-03-23,00169,萬達酒店發展,0.1,12.36,4211900,469734649.0,43.12,,0.0,0
2026-03-23,00640,星謙發展,2.351,-2.89,9289680,729387260.0,56.73,,1.0,1
2026-03-23,01569,民生教育,0.174,-3.33,2040730,733883280.0,47.71,,0.0,0
2026-03-23,01731,其利工業集團,0.715,7.52,3035440,800800000.0,18.32,,0.0,0
2026-03-23,01346,利華控股集團,1.43,0.7,690560,913913000.0,11.03,,0.0,0
2026-03-24,01166,星凱控股,0.57,3.64,1425000,81205972.0,168.46,,1.0,1
2026-03-24,09958,力天影業,0.188,1.62,17022700,94000000.0,10.26,,1.0,1
2026-03-24,08360,簡樸新生活,0.35,37.25,1681680,126720900.0,28.99,,1.0,1
2026-03-24,06610,飛天雲動,1.17,-7.14,1544490,152133649.0,13.67,,1.0,1
2026-03-24,00118,大同機械,0.2,-9.09,725130,172386138.0,38.79,,0.0,0
2026-03-24,00897,位元堂,0.36,1.41,1421850,401177840.0,19.21,,0.0,0
2026-03-24,02529,泓盈城市服務,2.756,4.16,608300,440960000.0,54.28,,1.0,1
2026-03-24,01692,登輝控股,1.455,-4.59,832680,522345000.0,30.21,,0.0,0
2026-03-24,00567,金安智能,0.36,46.94,8678450,580783525.0,10.26,,0.0,0
2026-03-24,01463,C-LINK SQ,0.295,15.69,512100,847904192.0,13.79,,0.0,0
2026-03-24,02008,鳳凰衛視,1.96,2.62,43761760,978757262.0,106.76,,1.0,1
2026-03-25,00747,沈陽公用發展股份,0.088,-17.76,1198690,129305088.0,20.33,,1.0,1
2026-03-25,00164,中國寶力科技,0.415,2.47,10115580,144944030.0,69.89,,1.0,1
2026-03-25,00784,愛生命國際,0.34,23.64,6795900,272000000.0,15.47,,1.0,1
2026-03-25,03662,星悅康旅,0.385,0.0,1676730,279606250.0,10.92,,0.0,0
2026-03-25,02545,中贛通信,0.455,-1.09,591900,291200000.0,22.95,,0.0,0
2026-03-25,02529,泓盈城市服務,2.756,0.0,848400,440960000.0,11.83,,1.0,1
2026-03-25,00367,莊士機構國際,0.31,1.64,659720,518491462.0,26.49,,0.0,0
2026-03-25,01727,河北建設,0.34,-10.53,525390,598870390.0,19.49,,1.0,1
2026-03-25,01553,邁科管業,1.45,-3.33,573380,629010000.0,35.09,,0.0,0
2026-03-25,00536,貿易通,1.005,-0.99,9136880,800039013.0,13.95,,0.0,0
2026-03-25,00156,力寶華潤,1.0,2.04,1310650,918691271.0,13.68,,0.0,0
2026-03-26,00559,德泰新能源集團,0.121,18.63,1167066,63305311.0,17.99,,1.0,1
2026-03-26,01400,滿地科技股份,0.017,0.0,5516790,64630045.0,15.67,,1.0,1
2026-03-26,01850,美好生活集團控股,1.1,10.0,95556140,190080000.0,11.91,,1.0,1
2026-03-26,02605,MetaLight,1.79,15.48,1849200,277291517.0,10.76,,0.0,0
2026-03-26,00731,建發新勝,0.211,7.65,1118470,298480776.0,13.59,,0.0,0
2026-03-26,01285,嘉士利集團,1.04,28.4,2818830,431600000.0,73.17,,0.0,0
2026-03-26,01226,中國投融資,1.1,32.53,829240,453856260.0,56.57,,1.0,1
2026-03-26,02651,大眾口腔,10.964,-1.26,63519340,554548616.0,12.77,,1.0,1
2026-03-26,00606,中駿商管,0.31,5.08,2013450,599850000.0,102.94,,0.0,0
2026-03-26,00771,自動系統,0.73,7.35,1465930,612783529.0,11.55,,0.0,0
2026-03-26,01953,賽孚迅國際,0.52,22.35,7580550,655200000.0,12.66,,0.0,0
2026-03-26,00528,金達控股,1.22,0.83,633880,768207160.0,18.57,,0.0,0
2026-03-26,02483,K CASH集團,1.672,0.0,915800,836000000.0,127.94,,0.0,0
2026-03-27,08516,中盈國際,1.18,12.38,796950,67907112.0,11.26,,1.0,1
2026-03-27,06968,港龍中國地產,0.062,-10.14,676740,100551538.0,15.47,,0.0,0
2026-03-27,00524,長城天下,0.44,-2.22,689110,103962100.0,22.16,,1.0,1
2026-03-27,08268,智城發展控股,0.38,28.81,5619320,109440000.0,11.75,,1.0,1
2026-03-27,00396,興利(香港)控股,0.29,7.41,16479220,234347847.0,172.03,,1.0,1
2026-03-27,03366,華僑城(亞洲),0.315,48.58,1416610,235735290.0,66.33,,0.0,0
2026-03-27,02605,MetaLight,1.98,10.61,3560400,306724695.0,10.11,,0.0,0
2026-03-27,02108,K2 F&B,0.426,11.81,1440700,340800000.0,17.58,,0.0,0
2026-03-27,06038,信越控股,0.37,-5.13,1440450,371110000.0,10.34,,0.0,0
2026-03-27,06118,奧星生命科技,0.81,12.5,1652510,415191420.0,27.77,,0.0,0
2026-03-27,00229,利民實業,0.85,-4.49,903100,426126131.0,19.08,,0.0,0
2026-03-27,01556,建業建榮,0.3,-15.49,3708300,450000000.0,25.43,,1.0,1
2026-03-27,01657,樺欣控股,16.1,3.87,922400,515200000.0,16.9,,0.0,0
2026-03-27,00368,德合集團,0.78,64.21,1949800,624000000.0,290.49,,0.0,0
2026-03-27,01346,利華控股集團,1.44,2.13,1494080,920304000.0,11.53,,0.0,0
2026-03-30,08131,諾亞智能,0.041,-38.81,2492370,29487657.0,19.94,,1.0,1
2026-03-30,00145,信能低碳,0.209,4.5,11496020,76536180.0,101.86,,1.0,1
2026-03-30,08081,白居易控股,0.021,-4.55,1217070,108276737.0,10.3,,1.0,1
2026-03-30,00524,長城天下,0.59,34.09,22948880,139403725.0,229.93,,1.0,1
2026-03-30,02505,EDA集團控股,0.33,-37.74,8403720,152894198.0,20.83,,1.0,1
2026-03-30,01102,環能國際,0.058,11.54,2722610,162364373.0,51.11,,1.0,1
2026-03-30,01715,智慧健康科技,0.57,9.62,2483700,205633131.0,12.39,,1.0,1
2026-03-30,01962,訓修實業,0.433,0.0,540560,266786888.0,43.48,,0.0,0
2026-03-30,01073,大禹金融,0.096,-20.66,580580,328127095.0,12.19,,0.0,0
2026-03-30,08269,倍升教育科技,0.375,-2.6,2736000,334021050.0,11.55,,0.0,0
2026-03-30,00583,長城環亞控股,0.228,-2.56,518160,357445996.0,15.4,,0.0,0
2026-03-30,03913,合景悠活,0.185,-3.65,2048860,374783899.0,12.05,,0.0,0
2026-03-30,08368,中國創意控股,0.68,102.99,1483890,470708049.0,53.07,,0.0,0
2026-03-30,01780,榮尊國際控股,0.76,16.92,67015800,471200000.0,19.79,,1.0,1
2026-03-30,02281,興瀘水務,0.624,-14.99,1087770,536459040.0,45.42,,0.0,0
2026-03-30,00351,亞洲能源物流,0.28,12.0,5028950,558593068.0,535.91,,1.0,1
2026-03-30,06989,卓越商企服務,0.62,-8.82,4859630,756615760.0,14.2,,0.0,0
2026-03-30,01525,建橋教育,2.05,-12.02,1687050,850750000.0,10.4,,0.0,0
2026-03-30,01321,中國新城市,0.52,8.33,3460800,958892021.0,74.11,,0.0,0
2026-03-31,08007,環球戰略集團,0.255,2.0,3335600,57710944.0,161.26,,1.0,1
2026-03-31,01961,多牛科技,0.099,-60.4,14670248,72695816.0,13.62,,1.0,1
2026-03-31,08072,蘭谷股份,0.475,-1.04,2260100,79965839.0,38.43,,1.0,1
2026-03-31,02135,瑞麗醫美,0.148,8.82,1133060,82447445.0,106.63,,1.0,1
2026-03-31,06918,九泰數智,0.159,6.0,7105500,139027501.0,10.35,,1.0,1
2026-03-31,01894,恆益控股,0.6,-7.69,38197490,140014200.0,113.86,,1.0,1
2026-03-31,01460,揚科集團,0.209,-5.0,3190120,183416375.0,61.68,,1.0,1
2026-03-31,00954,常茂生物,0.35,1.45,689620,185395000.0,37.33,,0.0,0
2026-03-31,01792,CMON,0.965,11.56,8098970,239011200.0,81.15,,1.0,1
2026-03-31,09982,中原建業,0.064,-20.0,9133190,296871490.0,20.08,,1.0,1
2026-03-31,00987,中國再生能源投資,0.145,29.46,7681080,363392832.0,106.04,,0.0,0
2026-03-31,02189,嘉濤(香港)控股,0.46,2.22,956920,460000000.0,13.05,,0.0,0
2026-03-31,00829,神冠控股,0.198,-17.5,1605310,639635040.0,13.88,,0.0,0
2026-03-31,08368,中國創意控股,0.95,39.71,2174200,657606833.0,12.33,,0.0,0
2026-04-01,08471,新達控股,0.9,-22.41,723800,66204000.0,70.86,,0.0,0
2026-04-01,01894,恆益控股,0.68,13.33,49207030,158682760.0,12.17,,1.0,1
2026-04-01,06909,百得利控股,0.322,-9.8,580980,200445000.0,73.63,,0.0,0
2026-04-01,00608,達利國際,1.095,-4.37,691460,334648885.0,27.93,,0.0,0
2026-04-01,08368,中國創意控股,0.5,-47.37,81893950,346108860.0,209.58,,0.0,0
2026-04-01,00627,共生智築,0.445,3.49,1584400,632199602.0,1804.56,,0.0,0
2026-04-01,01036,萬科海外,1.68,14.29,1305930,654406926.0,31.71,,0.0,0
2026-04-01,02779,中國新華教育,0.5,-13.79,3267710,804291500.0,12.29,,0.0,0
2026-04-02,08069,飛道旅遊科技,0.44,-18.52,965750,17967708.0,13.61,,0.0,0
2026-04-02,01340,惠生國際,0.384,-4.0,572490,53155469.0,17.41,,0.0,0
2026-04-02,00401,萬嘉集團,0.113,0.89,610200,127533574.0,23.23,,1.0,1
2026-04-02,08031,易通訊集團,0.445,8.54,4594730,157861525.0,120.34,,0.0,0
2026-04-02,01529,樂氏國際控股,0.455,0.0,1189040,303521400.0,20.49,,0.0,0
2026-04-02,06933,新娛科控股,0.74,13.85,2181400,316722084.0,24.29,,0.0,0
2026-04-02,01901,飛揚集團,0.345,-2.82,3276070,344448000.0,14.82,,0.0,0
2026-04-02,00022,茂盛控股,12.25,-10.91,233826870,481765023.0,38.83,,0.0,0
2026-04-02,01371,中國生態旅遊,1.81,0.56,652260,619217066.0,130.87,,0.0,0
2026-04-02,02298,都市麗人,0.324,1.57,7775570,728824137.0,15.01,,0.0,0
2026-04-08,08237,華星控股,0.22,11.11,856220,44225280.0,7195.13,,1.0,1
2026-04-08,01421,恆昌集團國際,0.37,-1.33,7152800,74072224.0,112.3,,1.0,1
2026-04-08,01013,偉俊集團控股,0.315,-7.35,993000,84227702.0,538.8,,1.0,1
2026-04-08,08007,環球戰略集團,0.485,83.02,8783240,109763953.0,18.87,,1.0,1
2026-04-08,08620,亞洲速運,0.182,1.11,1104800,114424310.0,12.29,,1.0,1
2026-04-08,01703,誼和股份,0.9,-2.17,2742650,124200000.0,22.22,,1.0,1
2026-04-08,08082,擎華控股,0.05,25.0,3123410,133640784.0,30.0,,0.0,0
2026-04-08,01025,嘉藝控股,0.345,39.68,11294890,154341767.0,31.25,,1.0,1
2026-04-08,08168,寶積資本,0.13,-5.11,4919360,192998000.0,14.13,,1.0,1
2026-04-08,06909,百得利控股,0.317,0.0,1523870,197332500.0,23.16,,1.0,1
2026-04-08,01661,中國前沿科技集團,1.27,7.63,1492380,241673634.0,11.55,,0.0,0
2026-04-08,02227,守益控股,0.31,6.9,2199800,283836000.0,31.02,,0.0,0
2026-04-08,01419,盈健醫療,0.82,0.0,560940,311232831.0,15.8,,0.0,0
2026-04-08,01795,亞東集團,0.63,14.55,2474670,378000000.0,24.04,,0.0,0
2026-04-08,00082,瘋狂體育,0.085,6.25,1438620,384721513.0,18.2,,0.0,0
2026-04-08,08512,凱富善集團控股,0.42,29.23,6680100,385770000.0,46.09,,0.0,0
2026-04-08,02260,環龍控股,1.31,10.08,17415480,633309020.0,3570.21,,1.0,1
2026-04-08,00301,三和精化,1.5,0.0,5096320,705689610.0,27.76,,1.0,1
2026-04-08,08321,泰錦控股,1.66,10.67,843160,890424000.0,30.2,,0.0,0
2026-04-08,00918,龍翼航空科技,0.8,8.11,3192300,891255327.0,21.35,,1.0,1
2026-04-09,00261,GBA集團,0.31,21.57,901490,102722120.0,10.99,,1.0,1
2026-04-09,03313,雅高控股,1.18,0.85,1242110,167808345.0,60.4,,1.0,1
2026-04-09,09968,匯景控股,0.035,20.69,1487940,183890000.0,26.18,,0.0,0
2026-04-09,03830,童園國際,0.197,3.14,1381150,197000000.0,14.2,,0.0,0
2026-04-09,00442,域能控股,0.8,6.67,597050,207320000.0,52.6,,0.0,0
2026-04-09,00417,謝瑞麟,0.94,30.56,3755110,234231108.0,33.01,,0.0,0
2026-04-09,00471,中播數據,0.61,-6.15,24804280,292654903.0,42.18,,1.0,1
2026-04-09,01796,中國數智科技,0.66,-51.47,70900590,316800000.0,14.17,,1.0,1
2026-04-09,00184,激成投資,2.11,-5.38,2862320,717822000.0,17.2,,0.0,0
2026-04-09,00905,胡桃資本,0.69,-17.86,80653440,724845612.0,78.3,,1.0,1
2026-04-09,00918,龍翼航空科技,0.76,-5.0,38734200,846692561.0,84.85,,1.0,1
2026-04-09,00526,利時集團控股,0.1,-13.04,4055060,884402039.0,22.27,,0.0,0
2026-04-10,08221,高裕金融,1.19,-3.25,1483290,56644000.0,12.94,,1.0,1
2026-04-10,08619,NIU HOLDINGS,0.168,-1.18,1691450,72850680.0,10.12,,1.0,1
2026-04-10,08439,新百利融資,0.65,62.5,1063930,98469731.0,47.16,,0.0,0
2026-04-10,00110,中國長遠,0.385,40.0,1344960,107244017.0,15.07,,0.0,0
2026-04-10,01468,嘉高達資本,0.365,5.8,3029210,152143297.0,18.91,,1.0,1
2026-04-10,00401,萬嘉集團,0.172,37.6,1858460,194121901.0,13.86,,1.0,1
2026-04-10,01942,馬可數字科技,0.168,21.74,17468100,345809453.0,15.36,,0.0,0
2026-04-10,00677,金源發展國際實業,0.355,0.0,1932000,602579293.0,42.3,,0.0,0
2026-04-10,01661,中國前沿科技集團,3.24,89.47,21013490,616553208.0,43.31,,1.0,1
2026-04-13,08178,中國信息科技,0.253,18.78,1795460,43543111.0,24.33,,1.0,1
2026-04-13,02433,中天湖南集團,0.088,23.94,1739100,50688000.0,14.39,,1.0,1
2026-04-13,00193,冠中地產,0.25,15.74,1341170,58300640.0,42.03,,1.0,1
2026-04-13,00110,中國長遠,0.395,2.6,4088700,110029576.0,18.27,,1.0,1
2026-04-13,06928,萬馬控股,0.228,26.67,1089480,174420000.0,61.38,,1.0,1
2026-04-13,03708,中國供應鏈產業,0.27,8.0,3715780,196365600.0,18.53,,1.0,1
2026-04-13,00510,時富金融服務集團,0.51,-17.74,949310,219899137.0,22.12,,0.0,0
2026-04-13,06988,樂享集團,0.159,98.75,24339100,377136425.0,312.36,,1.0,1
2026-04-14,08532,寶發控股,0.062,3.33,896320,5262213.0,14.65,,1.0,1
2026-04-14,08472,立高控股,0.38,5.56,736290,43776000.0,15.1,,1.0,1
2026-04-14,00986,杜甫酒業集團,0.49,-20.97,541050,63440570.0,11.18,,0.0,0
2026-04-14,08237,華星控股,0.43,53.57,2575420,86440320.0,15.21,,1.0,1
2026-04-14,01581,進升集團控股,0.355,42.0,1886400,147325000.0,42.23,,0.0,0
2026-04-14,00164,中國寶力科技,0.43,10.26,1376130,150182971.0,15.37,,1.0,1
2026-04-14,08439,新百利融資,1.06,63.08,5193680,160581408.0,36.25,,1.0,1
2026-04-14,00482,聖馬丁國際,0.78,-4.88,753200,191405092.0,78.61,,0.0,0
2026-04-14,02376,魯商服務,1.816,-18.42,721680,242145440.0,15.26,,1.0,1
2026-04-14,00438,彩虹新能源,1.7,-7.61,1181900,299747519.0,11.48,,0.0,0
2026-04-14,01013,偉俊集團控股,1.41,340.62,7037760,377019239.0,62.25,,1.0,1
2026-04-14,01251,華油能源,0.255,-5.56,3577020,498306720.0,15.27,,0.0,0
2026-04-14,01255,TATA健康,2.38,53.55,1840920,577971100.0,50.93,,0.0,0
2026-04-14,00679,亞洲聯網科技,1.7,32.81,7295660,643846780.0,27.1,,0.0,0
2026-04-14,00450,鴻興印刷集團,0.77,-3.75,3461860,699056030.0,35.39,,0.0,0
2026-04-14,00660,瑋俊生物科技,2.3,801.96,51359070,883912505.0,84813.14,,1.0,1
2026-04-15,08612,維亮控股,0.118,-1.67,1816020,48936960.0,17.02,,1.0,1
2026-04-15,00060,香港食品投資,0.495,-14.66,563850,126548730.0,72.45,,0.0,0
2026-04-15,02193,萬景控股,0.34,17.24,743520,142661960.0,25.25,,0.0,0
2026-04-15,01389,美捷匯控股,0.37,8.82,1518060,205103333.0,49.39,,0.0,0
2026-04-15,01615,奧邦建築,0.365,28.07,680100,219000000.0,31.37,,0.0,0
2026-04-15,02376,魯商服務,1.646,-9.36,2867610,219477640.0,26.5,,1.0,1
2026-04-15,02125,稻草熊娛樂,0.35,-9.09,714700,247114490.0,29.15,,0.0,0
2026-04-15,06610,飛天雲動,1.93,109.78,24476370,250955507.0,52.51,,1.0,1
2026-04-15,06913,華南職業教育,0.208,5.05,2077900,277472000.0,31.98,,1.0,1
2026-04-15,01348,滉達富控股,0.248,28.5,5209260,365609536.0,14.15,,1.0,1
2026-04-15,02297,潤邁德-B,0.27,1.89,1433000,378366876.0,12.86,,0.0,0
2026-04-15,00078,富豪酒店,0.53,-1.85,1048620,476354636.0,17.15,,0.0,0
2026-04-15,00367,莊士機構國際,0.295,-3.28,3268740,493403166.0,203.88,,1.0,1
2026-04-15,00784,愛生命國際,0.91,152.78,246487900,728000000.0,136.4,,1.0,1
2026-04-15,01657,樺欣控股,23.1,3.13,2632800,739200000.0,10.19,,1.0,1
2026-04-15,00191,麗新國際,0.84,20.0,566140,742034077.0,10.48,,0.0,0
2026-04-15,00679,亞洲聯網科技,2.18,28.24,16366040,825638812.0,16.64,,1.0,1
2026-04-15,02625,江蘇宏信,4.19,0.0,11627400,987329777.0,38.49,,1.0,1
2026-04-16,02110,天成控股,0.124,18.1,17994110,5356800.0,363.55,,1.0,1
2026-04-16,03603,信基沙溪,0.08,31.15,707530,119435520.0,51.35,,0.0,0
2026-04-16,08372,君百延集團,0.161,28.8,744410,128800000.0,162.68,,0.0,0
2026-04-16,08021,匯隆控股,0.219,-45.25,4266460,157319756.0,1146.9,,0.0,0
2026-04-16,00164,中國寶力科技,0.58,34.88,3490940,202572379.0,14.56,,1.0,1
2026-04-16,00862,遠見控股,0.53,35.9,929310,207982094.0,16.61,,0.0,0
2026-04-16,01153,佳源服務,0.33,24.53,839130,221828970.0,13.3,,0.0,0
2026-04-16,03390,滿貫集團,0.25,-12.28,3684040,223500000.0,41.73,,1.0,1
2026-04-16,02125,稻草熊娛樂,0.365,4.29,1002000,257705111.0,10.48,,0.0,0
2026-04-16,00150,HYPEBEAST,0.179,6.55,1350480,360386147.0,20.28,,0.0,0
2026-04-16,02263,富石金融,0.4,29.03,9123200,400000000.0,133.56,,0.0,0
2026-04-16,00789,雅天妮集團,2.025,24.62,1160000,536207091.0,11.46,,1.0,1
2026-04-17,08471,新達控股,0.76,-11.63,914930,55905600.0,10.29,,1.0,1
2026-04-17,08217,菊福堂生物,0.247,-14.83,1544160,74559420.0,15.83,,1.0,1
2026-04-17,00261,GBA集團,0.29,5.45,8086380,96094887.0,20.88,,1.0,1
2026-04-17,01927,久久王,0.178,21.09,1232800,140976000.0,21.79,,0.0,0
2026-04-17,01679,瑞斯康集團,0.74,19.35,3572650,159702242.0,16.43,,1.0,1
2026-04-17,00532,王氏港建,0.25,-1.96,875440,182474491.0,28.62,,0.0,0
2026-04-17,00356,鼎立資本,0.945,3.28,1416120,190321739.0,34.72,,0.0,0
2026-04-17,00476,科軒動力控股,0.55,10.0,2067370,195607010.0,14.38,,0.0,0
2026-04-17,01650,HYGIEIA GROUP,0.143,17.21,2175080,286000000.0,24.53,,0.0,0
2026-04-17,02457,步陽國際,0.325,3.17,756550,325000000.0,46.55,,0.0,0
2026-04-17,02312,LONG投資集團,0.77,20.31,8416210,351796373.0,23.36,,1.0,1
2026-04-17,00519,諾科達科技,0.15,-6.25,888290,458265861.0,21.39,,0.0,0
2026-04-17,00672,眾安集團,0.095,-5.94,3081510,535401931.0,14.59,,1.0,1
2026-04-17,01201,天臣控股,1.9,-15.18,3780440,835401933.0,10.3,,1.0,1
2026-04-20,01010,天璽曜11,0.075,0.0,583800,33322063.0,15.52,,1.0,1
2026-04-20,08191,鴻偉亞洲,0.138,2.22,1355030,48857579.0,648.96,,1.0,1
2026-04-20,08487,ISP GLOBAL,0.047,9.3,1034700,49191516.0,15.4,,1.0,1
2026-04-20,08120,國農金融投資,0.68,0.0,616600,110586197.0,21.24,,1.0,1
2026-04-20,00048,中國汽車內飾,0.33,39.24,978900,144469961.0,25.06,,0.0,0
2026-04-20,03997,電訊首科,1.25,23.76,1584300,160427500.0,25.6,,0.0,0
2026-04-20,02370,力高健康生活,0.86,0.0,566700,172000000.0,14.67,,0.0,0
2026-04-20,01682,杭品生活科技,0.117,5.41,2574040,183906918.0,14.26,,1.0,1
2026-04-20,01679,瑞斯康集團,0.97,31.08,6490620,209339425.0,11.3,,1.0,1
2026-04-20,01582,華營建築,0.47,20.51,1466340,235000000.0,25.38,,0.0,0
2026-04-20,03302,精技集團,0.4,9.59,2417430,368157358.0,10.83,,0.0,0
2026-04-20,00244,先施,0.32,1.59,1690720,420468019.0,107.14,,0.0,0
2026-04-20,00280,景福集團,0.51,0.0,1394200,463747317.0,15.27,,0.0,0
2026-04-20,06162,天瑞汽車內飾,0.194,16.17,7659670,465600000.0,14.57,,0.0,0
2026-04-20,01522,京投交通科技,0.285,-1.72,2805580,597686817.0,10.78,,0.0,0
2026-04-20,02250,小黃鴨德盈,0.62,1.64,2156170,625180100.0,18.85,,1.0,1
2026-04-20,01202,四威科技,1.669,34.71,17294320,667600000.0,38.17,,1.0,1
2026-04-20,01082,源宇宙教育,1.43,2.88,1083040,869507038.0,14.42,,0.0,0
2026-04-21,00426,萬華媒體,0.123,17.14,541460,49310700.0,15.25,,0.0,0
2026-04-21,08489,裕程物流,0.31,8.77,826300,95348250.0,11.8,,1.0,1
2026-04-21,01413,鑄帝控股,0.295,-13.24,3942580,96760000.0,15.32,,1.0,1
2026-04-21,08483,名仕快相,0.145,30.63,699690,116000000.0,45.27,,0.0,0
2026-04-21,01239,TEAMWAY INTL GP,0.365,23.73,874350,158416543.0,180.95,,0.0,0
2026-04-21,00387,力豐(集團),0.79,9.72,570840,181760089.0,93.09,,0.0,0
2026-04-21,03997,電訊首科,1.72,37.6,9734890,220748240.0,47.65,,0.0,0
2026-04-21,01793,偉工控股,0.28,3.7,3662100,224000000.0,21.87,,1.0,1
2026-04-21,01792,CMON,0.905,-0.33,1083940,224150400.0,13.65,,1.0,1
2026-04-21,08507,愛世紀集團,0.283,23.04,5112500,226400000.0,11.39,,0.0,0
2026-04-21,00723,信保環球控股,0.226,-3.0,2309700,247208183.0,13.87,,1.0,1
2026-04-21,01895,鑫苑服務,0.43,-6.52,2356030,255006125.0,16.73,,1.0,1
2026-04-21,00641,中國恆天立信國際,0.355,1.43,627950,390576882.0,21.41,,0.0,0
2026-04-22,08071,中彩網通控股,0.6,-29.41,520210,56232580.0,11.38,,1.0,1
2026-04-22,00810,中國鑄晨81,0.13,-4.41,3681530,92657650.0,20.97,,1.0,1
2026-04-22,08193,亞太金融投資,0.35,22.81,1094100,97934320.0,10.8,,1.0,1
2026-04-22,00381,權識國際,0.147,-60.27,115922100,195572405.0,10.13,,1.0,1
2026-04-22,08023,鄺文記,0.335,9.84,1294860,200143740.0,261.91,,1.0,1
2026-04-22,00092,冠軍科技集團,0.185,-0.54,600550,203058747.0,15.65,,0.0,0
2026-04-22,08227,海天天線,0.143,12.6,584300,271360947.0,48.81,,0.0,0
2026-04-22,01932,中漆集團,0.34,36.55,13121740,340000000.0,20291.35,,0.0,0
2026-04-22,00701,北海集團,0.195,9.55,4188830,371218710.0,225.29,,0.0,0
2026-04-22,08395,中顯智能齊家控股,0.25,-20.63,31194740,428500000.0,13.06,,1.0,1
2026-04-22,02230,羚邦集團,0.246,2.93,2064270,490032000.0,13.83,,1.0,1
2026-04-22,01473,環聯連訊,0.51,10.87,925500,603045057.0,19.42,,0.0,0
2026-04-22,01693,璋利國際,8.68,5.85,10051960,696815123.0,11.93,,0.0,0
2026-04-23,00204,資本界金控,0.221,-3.07,1903420,55041183.0,12.39,,1.0,1
2026-04-23,08193,亞太金融投資,0.415,18.57,4637960,116122123.0,25.09,,1.0,1
2026-04-23,02699,新明中國,4.914,-3.65,1140940,129241679.0,12.09,,1.0,1
2026-04-23,00947,摩比發展,0.23,26.37,1951770,183274372.0,15.39,,0.0,0
2026-04-23,00379,恆嘉融資租賃,0.113,56.94,5654320,190665212.0,2430.92,,0.0,0
2026-04-23,03398,華鼎控股,0.127,135.19,1410210,266676886.0,43.15,,0.0,0
2026-04-23,02515,天津建發,1.07,0.94,21079600,332494741.0,32.21,,1.0,1
2026-04-23,02540,樂思集團,1.01,1.0,794800,606000000.0,10.34,,0.0,0
2026-04-23,02392,玄武雲,1.47,0.68,6557600,815642730.0,26.71,,1.0,1
2026-04-23,03816,KFM金德,1.47,-40.49,20754280,882000000.0,17.88,,0.0,0
2026-04-23,00595,先思行,1.06,6.0,112870580,908951380.0,15.96,,1.0,1
2026-04-24,03321,中科集團控股,0.38,-19.15,1428260,29514448.0,21.44,,0.0,0
2026-04-24,00911,前海健康,0.41,38.98,2074090,69472450.0,188.76,,1.0,1
2026-04-24,00889,連達科技控股,0.39,30.0,981090,124800000.0,77.7,,0.0,0
2026-04-24,00499,青島控股,0.206,66.13,2499970,205701992.0,59.54,,0.0,0
2026-04-24,01399,銳信控股,0.205,7.33,901780,223450255.0,22.74,,0.0,0
2026-04-24,02885,彼岸控股,0.866,-2.26,1947600,346400000.0,17.18,,0.0,0
2026-04-24,01685,博耳電力,0.57,-1.72,5756800,441048330.0,11.9,,0.0,0
2026-04-24,02322,新質數字,0.101,10.99,2171100,446480600.0,10.46,,0.0,0
2026-04-24,03315,金邦達寶嘉,0.76,-1.3,2763770,612409520.0,19.05,,0.0,0
2026-04-24,00528,金達控股,1.11,-7.5,738500,698942580.0,17.79,,0.0,0
2026-04-27,00130,慕詩國際,0.19,5.56,2114790,54706700.0,217.59,,1.0,1
2026-04-27,00498,藍河控股,0.075,-46.43,1161386,78070959.0,34.23,,0.0,0
2026-04-27,01145,勇利投資,0.135,-8.16,581540,148189982.0,15.5,,0.0,0
2026-04-27,02203,腦洞科技,0.209,19.43,1486600,167200000.0,14.02,,0.0,0
2026-04-27,00911,前海健康,0.99,141.46,11104960,167750550.0,50.85,,1.0,1
2026-04-27,00524,長城天下,0.83,50.91,3147620,196110325.0,30.34,,0.0,0
2026-04-27,00582,神話世界,0.08,-32.2,1422790,292118511.0,238.8,,0.0,0
2026-04-27,08029,中投金融科技集團,1.05,8.25,9247400,294085702.0,78.29,,1.0,1
2026-04-27,02159,麥迪衛康,1.47,-3.29,5115700,494625600.0,12.49,,1.0,1
2026-04-27,00655,香港華人有限公司,0.315,27.53,4555530,629458231.0,70.94,,0.0,0
2026-04-28,08153,嘉鼎國際集團,0.82,1.23,602650,34108044.0,18.93,,1.0,1
2026-04-28,01771,新豐泰集團,0.174,-3.87,636880,104400000.0,133.91,,0.0,0
2026-04-28,01968,興紡控股,0.205,6.22,941160,131200000.0,33.13,,0.0,0
2026-04-28,01957,大人國際,0.209,-12.18,534000,131252000.0,11.72,,1.0,1
2026-04-28,01912,康特隆,0.49,16.67,1385330,225992818.0,136.26,,0.0,0
2026-04-28,00544,大同集團,1.9,7.95,1593340,235011864.0,18.16,,1.0,1
2026-04-28,00532,王氏港建,0.38,49.02,7830340,277361226.0,77.2,,1.0,1
2026-04-28,02863,高豐集團控股,0.49,4.26,2123760,337860390.0,86.95,,0.0,0
2026-04-28,01218,永義國際,2.91,-1.36,1126870,430612505.0,104.78,,0.0,0
2026-04-28,00776,帝國科技集團,0.65,-2.99,3432850,436694408.0,228.95,,0.0,0
2026-04-28,01429,天任集團,0.29,1.75,19786800,464000000.0,17.37,,0.0,0
2026-04-28,01673,華章科技,0.305,3.39,526860,486820890.0,20.54,,0.0,0
2026-04-28,01466,佰金生命科學,0.55,1.85,7094160,512739747.0,53.48,,1.0,1
2026-04-28,06036,光麗科技,0.8,37.93,6639100,860088000.0,29.09,,0.0,0
2026-04-28,00334,華顯光電,0.425,11.84,6504960,898580870.0,56.44,,0.0,0
2026-04-29,08176,超人智能,0.034,-19.05,1239230,24327025.0,15.38,,1.0,1
2026-04-29,08221,高裕金融,1.17,-2.5,1147850,55692000.0,10.89,,1.0,1
2026-04-29,01965,朗詩綠色生活,0.141,2.17,1215200,57917865.0,920.61,,1.0,1
2026-04-29,01421,恆昌集團國際,0.39,0.0,2069000,78076128.0,38.38,,1.0,1
2026-04-29,00276,蒙古能源,0.51,-8.93,1012980,95944183.0,12.07,,0.0,0
2026-04-29,01305,偉志控股,0.53,-7.02,792880,114811780.0,10.21,,0.0,0
2026-04-29,08121,國恩控股,0.81,9.46,782700,121532400.0,49.76,,1.0,1
2026-04-29,01472,生興控股,0.125,45.35,2197720,125000000.0,256.92,,0.0,0
2026-04-29,08368,中國創意控股,0.25,-1.96,1025460,173054430.0,21.0,,1.0,1
2026-04-29,00399,星太鏈集團,0.069,-39.47,11018235,226120447.0,15.97,,0.0,0
2026-04-29,02863,高豐集團控股,0.495,1.02,2385150,341307945.0,10.07,,1.0,1
2026-04-29,01399,銳信控股,0.395,86.32,2426060,430550492.0,18.67,,0.0,0
2026-04-29,00745,中國國家文化產業,1.94,97.96,10156680,454670925.0,78.5,,0.0,0
2026-04-29,01260,皓天財經集團,0.56,15.46,1273450,644814240.0,12.74,,0.0,0
2026-04-29,06978,永泰生物-B,1.05,-53.95,36728910,648375840.0,14.38,,1.0,1
2026-04-29,02881,武漢有機,8.082,8.02,2455120,754050600.0,15.87,,0.0,0
2026-04-29,02136,利福中國,0.64,0.0,1872110,937247040.0,11.89,,0.0,0
2026-04-30,08356,進業控股,0.435,8.75,7267540,32585060.0,1051.29,,0.0,0
2026-04-30,01166,星凱控股,0.38,-50.65,22648830,54137314.0,29.24,,1.0,1
2026-04-30,08072,蘭谷股份,0.465,-1.06,2071700,78282347.0,10.99,,1.0,1
2026-04-30,09916,興業物聯,0.33,4.76,505580,132000000.0,10.58,,0.0,0
2026-04-30,08436,德寶集團控股,0.345,18.97,2014600,138000000.0,65.97,,0.0,0
2026-04-30,08360,簡樸新生活,0.405,1.25,1511130,146634184.0,12.94,,1.0,1
2026-04-30,01912,康特隆,0.47,10.59,4509350,216768622.0,19.48,,1.0,1
2026-04-30,00343,文化傳信,0.129,2.38,1046730,223695777.0,18.67,,0.0,0
2026-04-30,08281,中國金典集團,0.26,85.71,3010080,260000000.0,118.55,,0.0,0
2026-04-30,00970,新耀萊,0.455,-3.19,576350,307289787.0,12.86,,0.0,0
2026-04-30,00423,經濟日報集團,0.78,1.3,600220,336648000.0,15.86,,0.0,0
2026-04-30,09982,中原建業,0.083,40.68,23094800,385005213.0,92.62,,0.0,0
2026-04-30,00648,京玖康療,6.2,3.33,56587530,664124985.0,88.88,,0.0,0
2026-04-30,02440,迷策略,1.69,11.92,2959050,704779167.0,10.32,,0.0,0
2026-04-30,00854,威雅利,7.68,13.95,3721640,790955896.0,12.81,,0.0,0
2026-04-30,00279,裕承科金,0.6,-1.64,37260680,837316380.0,70.42,,1.0,1
2026-04-30,06828,北京燃氣藍天,0.038,-2.56,8172530,863972359.0,15.48,,1.0,1
2026-04-30,01204,博維智慧,1.78,4.71,1656900,890000000.0,77.39,,0.0,0
2026-05-04,08056,生活概念,0.325,25.0,952330,36859727.0,12.14,,1.0,1
2026-05-04,00397,嬴集團,0.041,-2.38,805910,140336403.0,10.24,,0.0,0
2026-05-04,08368,中國創意控股,0.28,16.67,2489870,193820961.0,18.86,,1.0,1
2026-05-04,01912,康特隆,0.56,19.15,10215110,258277506.0,15.08,,1.0,1
2026-05-04,08269,倍升教育科技,0.32,-9.86,1674600,285031296.0,16.87,,0.0,0
2026-05-04,00318,黃河實業,1.0,58.73,20363290,288258877.0,2081.19,,1.0,1
2026-05-04,00117,天利控股集團,0.42,7.69,7342440,312795000.0,355.79,,1.0,1
2026-05-04,00465,富通科技,1.26,63.64,3193540,397008360.0,45.34,,1.0,1
2026-05-04,00550,律齊文化,1.18,31.11,23144140,537530120.0,15.62,,1.0,1
2026-05-04,09982,中原建業,0.141,69.88,60652460,654045001.0,24.32,,1.0,1
2026-05-05,08238,玖方數智,0.142,2.16,4145920,49467802.0,90.14,,1.0,1
2026-05-05,01967,信懇智能,0.41,7.89,1826900,123000000.0,35.38,,0.0,0
2026-05-05,08490,駿碼半導體,0.186,73.83,4277920,131223000.0,156.1,,0.0,0
2026-05-05,00814,北京京客隆,0.325,12.07,995340,133971500.0,53.11,,1.0,1
2026-05-05,02593,草姬集團,1.1,18.28,701220,146666960.0,14.1,,0.0,0
2026-05-05,01927,久久王,0.198,12.5,1023400,156816000.0,10.71,,0.0,0
2026-05-05,01871,向中國際,0.36,5.88,1150760,156944949.0,14.13,,0.0,0
2026-05-05,02203,腦洞科技,0.21,0.48,3397900,168000000.0,12.23,,0.0,0
2026-05-05,01843,快餐帝國,0.22,12.24,3620360,176000000.0,19.18,,0.0,0
2026-05-05,01655,OKURA HOLDINGS,0.255,5.37,1714000,183599893.0,21.7,,1.0,1
2026-05-05,08529,優博控股,0.361,46.75,2627220,185581075.0,10.43,,0.0,0
2026-05-05,06080,榮智控股,0.189,22.73,1335200,211746150.0,13.59,,0.0,0
2026-05-05,00243,品質國際,0.62,16.98,26935840,214824130.0,171.78,,1.0,1
2026-05-05,02528,尚晉國際控股,0.54,14.89,768740,216000000.0,20.46,,0.0,0
2026-05-05,00725,恆都集團,1.18,45.68,1824940,234770440.0,78.95,,0.0,0
2026-05-05,03601,魯大師,0.9,8.43,702140,242100000.0,18.02,,0.0,0
2026-05-05,01962,訓修實業,0.418,-3.46,617380,257544848.0,31.67,,0.0,0
2026-05-05,01284,新傳企劃,0.445,28.99,1794500,267000000.0,37.59,,0.0,0
2026-05-05,00118,大同機械,0.315,61.54,16472950,271508168.0,469.62,,0.0,0
2026-05-05,01633,上諭集團,0.435,24.29,5810800,297866250.0,14.31,,1.0,1
2026-05-05,02381,蜆殼電業,0.163,16.43,1392080,326000000.0,20.74,,0.0,0
2026-05-05,08439,新百利融資,2.19,160.71,40189930,331767248.0,162.26,,1.0,1
2026-05-05,01708,三寶科技,0.42,44.83,912900,332664570.0,171.82,,0.0,0
2026-05-05,00822,嘉瑞國際,0.395,11.27,1028880,353035753.0,10.71,,0.0,0
2026-05-05,02540,樂思集團,0.98,2.08,5002600,588000000.0,10.76,,0.0,0
2026-05-05,06898,中國鋁罐,0.648,3.18,947540,610027848.0,133.27,,0.0,0
2026-05-05,00117,天利控股集團,0.85,102.38,34317910,633037500.0,45.46,,1.0,1
2026-05-05,00465,富通科技,2.24,77.78,14030360,705792640.0,36.15,,1.0,1
2026-05-05,01401,未來機器有限公司,0.475,-28.03,26702130,712500000.0,17.2,,1.0,1
2026-05-05,01082,源宇宙教育,1.5,2.04,8819840,912070320.0,25.57,,1.0,1
2026-05-05,01846,德視佳,2.937,9.3,1465470,941913522.0,10.22,,0.0,0
2026-05-06,08136,英馬斯集團,0.038,-11.63,791090,38000000.0,32.33,,1.0,1
2026-05-06,01340,惠生國際,0.464,11.54,579200,64229525.0,10.32,,0.0,0
2026-05-06,08423,潪澔發展,0.098,12.64,608600,78400000.0,18.04,,0.0,0
2026-05-06,01718,宏基集團控股,0.36,16.13,1901650,109483200.0,18.42,,0.0,0
2026-05-06,06893,衍生集團,0.12,22.45,3378430,131015520.0,43.89,,1.0,1
2026-05-06,00637,利記,0.188,3.87,1436460,155805000.0,24.91,,1.0,1
2026-05-06,01102,環能國際,0.06,7.14,1751000,167963145.0,14.81,,0.0,0
2026-05-06,01715,智慧健康科技,0.52,-1.89,3958500,187595137.0,15.0,,1.0,1
2026-05-06,00591,中國高精密,0.23,12.2,1982070,238625000.0,12.34,,0.0,0
2026-05-06,01480,恩達集團控股,1.11,14.43,4021910,266400000.0,34.52,,0.0,0
2026-05-06,01008,力圖控股,0.193,11.56,520790,302601734.0,19.42,,0.0,0
2026-05-06,01335,順泰控股,0.137,9.6,887260,333476655.0,21.98,,0.0,0
2026-05-06,00776,帝國科技集團,0.663,0.91,17677590,445428296.0,29.05,,1.0,1
2026-05-06,03302,精技集團,0.49,20.99,25924580,450992763.0,56.01,,0.0,0
2026-05-06,00256,冠城鐘表珠寶,0.087,14.47,2203150,451751592.0,13.19,,0.0,0
2026-05-06,01371,中國生態旅遊,1.82,1.11,500170,622638154.0,17.44,,0.0,0
2026-05-06,03389,亨得利,0.178,-3.26,13814310,783915375.0,35.79,,1.0,1
2026-05-06,01586,力鴻檢驗,1.37,-2.84,566560,803686961.0,17.78,,0.0,0
2026-05-06,00465,富通科技,2.63,17.41,29649560,828676180.0,16.58,,1.0,1
2026-05-06,01346,利華控股集團,1.41,-0.7,3439280,901131000.0,20.16,,0.0,0
2026-05-07,08532,寶發控股,0.087,35.94,1077020,7384073.0,11.85,,1.0,1
2026-05-07,08285,森浩集團,0.034,21.43,677800,19040000.0,58.99,,1.0,1
2026-05-07,08245,烽翼集團,0.082,-7.87,2045820,23742384.0,101.37,,1.0,1
2026-05-07,08425,興銘控股,0.077,-18.95,842600,28952000.0,51.54,,1.0,1
2026-05-07,01703,誼和股份,0.445,4.71,1634070,61410000.0,28.79,,0.0,0
2026-05-07,00309,新華通訊頻媒,1.48,15.62,10705090,77110581.0,750.97,,1.0,1
2026-05-07,01241,雙樺控股,0.13,-12.16,964170,84500000.0,32.8,,1.0,1
2026-05-07,08400,亞洲先鋒娛樂,0.085,51.79,640500,85000000.0,22.15,,0.0,0
2026-05-07,03822,三和建築集團,1.06,0.95,886280,89040000.0,18.18,,0.0,0
2026-05-07,03919,金力集團,2.2,57.14,6657480,99818400.0,274.61,,0.0,0
2026-05-07,01323,華盛國際控股,0.142,4.41,1363080,107302974.0,115.88,,1.0,1
2026-05-07,08186,浩盟控股,0.97,-1.02,3904400,110452581.0,38.61,,1.0,1
2026-05-07,02370,力高健康生活,1.05,17.98,1277700,210000000.0,11.43,,0.0,0
2026-05-07,00938,民生國際,0.45,7.14,1310300,291239368.0,10.97,,0.0,0
2026-05-07,08529,優博控股,0.651,96.68,29089350,334662825.0,48.77,,1.0,1
2026-05-07,08371,嘗高美集團,1.9,1.6,1124760,727147100.0,10.54,,0.0,0
2026-05-07,00673,中國衛生集團,0.55,-3.51,1723560,762926005.0,89.0,,0.0,0
2026-05-07,02030,卡賓,1.3,-0.76,672270,869170900.0,10.69,,0.0,0
2026-05-08,08482,萬勵達,0.121,6.14,591690,21742190.0,13.7,,1.0,1
2026-05-08,00197,亨泰,0.295,5.36,1028810,61717084.0,42.16,,1.0,1
2026-05-08,00518,同得仕(集團),0.26,13.04,676740,117277565.0,24.2,,0.0,0
2026-05-08,02080,奧克斯國際,0.248,-9.82,557500,122260032.0,36.08,,0.0,0
2026-05-08,00821,匯盈控股,0.33,43.48,8804540,122458122.0,333.1,,1.0,1
2026-05-08,08160,GOLDWAY EDU,0.62,21.57,2215560,133171003.0,69.96,,1.0,1
2026-05-08,08400,亞洲先鋒娛樂,0.134,57.65,3706200,134000000.0,40.48,,0.0,0
2026-05-08,01354,經發物業,2.4,-4.76,965900,160000320.0,10.81,,1.0,1
2026-05-08,06928,萬馬控股,0.285,27.8,3350390,218025000.0,201.67,,0.0,0
2026-05-08,02023,中國綠島科技,0.76,-3.8,799700,373768000.0,36.87,,0.0,0
2026-05-08,00169,萬達酒店發展,0.1,19.05,3285350,469734649.0,39.22,,0.0,0
2026-05-08,00301,三和精化,1.94,-9.77,22041060,912691896.0,121.59,,1.0,1
2026-05-08,00554,漢思集團控股,0.214,1.9,2682820,938889279.0,208.28,,0.0,0
2026-05-11,00048,中國汽車內飾,0.41,46.43,1765700,179492982.0,112.82,,0.0,0
2026-05-11,00482,聖馬丁國際,0.82,32.26,717010,201220737.0,26.67,,1.0,1
2026-05-11,01895,鑫苑服務,0.355,-8.97,3003505,210528312.0,12.53,,0.0,0
2026-05-11,01500,現恆建築,0.285,29.55,3199450,236550000.0,78.22,,0.0,0
2026-05-11,03860,EPS創健科技,0.5,-9.09,1029400,291214919.0,20.58,,0.0,0
2026-05-11,01420,川控股,0.228,2.7,1201800,306124474.0,26.31,,1.0,1
2026-05-11,08305,聖唐控股,0.215,18.13,5713300,348730000.0,25.71,,0.0,0
2026-05-11,09998,光榮控股,0.44,2.33,657230,352000000.0,11.07,,0.0,0
2026-05-11,06083,環宇物流(亞洲),0.758,16.98,3128520,380397080.0,10.58,,0.0,0
2026-05-11,00894,萬裕科技,0.95,13.1,6636200,455356346.0,28.05,,0.0,0
2026-05-11,00227,第一上海,0.208,-3.7,985920,455661420.0,15.85,,0.0,0
2026-05-11,01282,中澤豐,0.106,17.78,13443480,530000000.0,119.34,,0.0,0
2026-05-11,00201,華大酒店,0.076,8.57,3697120,679975901.0,51.53,,0.0,0
2026-05-11,01244,思路迪醫藥股份,2.71,-9.67,3290700,699659670.0,12.23,,0.0,0
2026-05-11,00929,國際精密,0.742,12.08,2150750,780772568.0,11.0,,0.0,0
2026-05-11,06959,長久股份,3.92,-0.51,1882490,792467200.0,50.47,,0.0,0
2026-05-11,00169,萬達酒店發展,0.182,82.0,27372580,854917061.0,68.28,,0.0,0
2026-05-11,00353,能源國際投資,0.405,12.5,1226380,856802970.0,11.09,,0.0,0
2026-05-11,00640,星謙發展,2.771,5.72,2374560,859690386.0,22.5,,1.0,1
2026-05-12,01803,北京體育文化-新,0.106,17.78,5590130,17909961.0,328.62,,0.0,0
2026-05-12,08315,新都酒店,0.092,15.0,627340,53492687.0,52278.33,,1.0,1
2026-05-12,01738,飛尚無煙煤,0.09,0.0,1556950,124249122.0,26.02,,1.0,1
2026-05-12,08326,同景新能源,0.158,0.0,878700,193866000.0,45.31,,0.0,0
2026-05-12,01001,滬港聯合,0.375,7.14,964280,238690618.0,21.37,,0.0,0
2026-05-12,06890,康利國際控股,0.52,33.33,775620,315251040.0,66.26,,0.0,0
2026-05-12,00660,瑋俊生物科技,0.96,43.28,17446400,368937394.0,39.84,,1.0,1
2026-05-12,00090,普星能量,0.836,-13.46,704140,383389600.0,10.57,,0.0,0
2026-05-12,06083,環宇物流(亞洲),0.848,11.87,8543880,425562961.0,16.85,,0.0,0
2026-05-12,00610,惠記集團,0.8,-6.98,1767460,634499227.0,22.68,,0.0,0
2026-05-12,09983,建業新生活,0.51,39.73,3243140,662560380.0,19.97,,0.0,0
2026-05-12,02440,迷策略,1.79,7.19,6429600,746482076.0,10.76,,0.0,0
2026-05-12,01723,恆月控股,1.82,59.65,6431580,870455040.0,20.5,,0.0,0
2026-05-13,08621,METROPOLIS CAP,0.038,11.76,652000,36480000.0,134.16,,1.0,1
2026-05-13,08200,修身堂,0.71,0.0,2007120,55977842.0,75.45,,0.0,0
2026-05-13,00076,誼礫控股,0.153,-4.97,1385620,67993823.0,23.84,,1.0,1
2026-05-13,01400,滿地科技股份,0.019,5.56,1839340,72233580.0,14.23,,1.0,1
2026-05-13,08221,高裕金融,1.62,9.46,4414050,77112000.0,24.97,,1.0,1
2026-05-13,02231,景業名邦集團,0.067,97.06,1439510,110293591.0,28.2,,1.0,1
2026-05-13,01722,建鵬控股,0.106,35.9,1979800,116600000.0,52.89,,0.0,0
2026-05-13,03603,信基沙溪,0.08,-6.98,14221240,119435520.0,101.0,,1.0,1
2026-05-13,08120,國農金融投資,0.99,37.5,3366910,161000492.0,17.85,,1.0,1
2026-05-13,08535,熒德控股,0.153,21.43,638280,183600000.0,68.82,,0.0,0
2026-05-13,01792,CMON,0.905,3.08,7172540,224150400.0,150.7,,1.0,1
2026-05-13,01741,成志控股,0.3,49.25,1835900,240000000.0,14.49,,0.0,0
2026-05-13,08029,中投金融科技集團,0.89,0.0,13941250,249272643.0,24.15,,1.0,1
2026-05-13,01613,協同通信,0.171,8.92,4249540,262632828.0,74.67,,1.0,1
2026-05-13,06968,港龍中國地產,0.162,78.02,13845750,262731438.0,59.36,,1.0,1
2026-05-13,02210,京城佳業,2.369,-0.42,594280,347454597.0,124.48,,1.0,1
2026-05-13,01631,REF HOLDINGS,1.32,131.58,20883950,405504000.0,1233.55,,1.0,1
2026-05-13,01037,雲智匯科技,0.72,14.29,7210700,508444883.0,14.03,,0.0,0
2026-05-13,00829,神冠控股,0.168,-7.69,2043410,542720640.0,32.05,,0.0,0
2026-05-13,02350,數科集團,0.657,4.45,6490300,574875000.0,15.41,,0.0,0
2026-05-13,00209,萬維智能科技,4.5,13.92,27035300,668552310.0,35.74,,1.0,1
2026-05-13,06890,康利國際控股,1.14,119.23,11047400,691127280.0,123.76,,0.0,0
2026-05-13,00351,亞洲能源物流,0.355,18.33,1339540,708216212.0,23.78,,0.0,0
2026-05-13,01085,亨鑫科技,1.63,13.99,910820,758928000.0,11.65,,0.0,0
2026-05-13,01769,思考樂教育,1.26,-15.44,13416970,848964123.0,13.32,,1.0,1
2026-05-14,02231,景業名邦集團,0.043,-35.82,5997490,70785439.0,31.39,,1.0,1
2026-05-14,08489,裕程物流,0.28,-16.42,696400,86121000.0,13.32,,0.0,0
2026-05-14,01025,嘉藝控股,0.25,-1.96,4976380,111841860.0,12.15,,1.0,1
2026-05-14,00726,築友智造科技,0.046,39.39,1021370,142650404.0,225.02,,0.0,0
2026-05-14,01737,亞洲實業集團,0.15,42.86,1836040,150000000.0,22.13,,0.0,0
2026-05-14,01740,新石文化,0.158,26.4,3686300,163925000.0,94.38,,0.0,0
2026-05-14,08480,飛霓控股,0.191,6.11,2394310,176354426.0,49.95,,1.0,1
2026-05-14,06909,百得利控股,0.287,-3.37,897370,178657500.0,45.98,,0.0,0
2026-05-14,01581,進升集團控股,0.44,29.41,5120810,182600000.0,62.0,,0.0,0
2026-05-14,01891,興合控股,0.187,11.98,963790,187000000.0,16.07,,0.0,0
2026-05-14,01835,瑞威資管,1.22,-0.81,735680,187074800.0,38.9,,1.0,1
2026-05-14,00442,域能控股,0.73,1.39,538010,189179500.0,10.76,,0.0,0
2026-05-14,01741,成志控股,0.27,-10.0,5312100,216000000.0,17.14,,0.0,0
2026-05-14,01417,浦江中國,0.54,151.16,4086080,218700000.0,4964.86,,1.0,1
2026-05-14,01962,訓修實業,0.438,4.78,1013030,269867568.0,14.02,,1.0,1
2026-05-14,01218,永義國際,2.69,-7.56,604980,398057608.0,302490.0,,0.0,0
2026-05-15,00428,中國天弓控股,0.25,0.0,576080,38564559.0,11.36,,1.0,1
2026-05-15,08619,NIU HOLDINGS,0.136,-11.11,986520,58974360.0,11.45,,1.0,1
2026-05-15,01591,汛和集團,0.166,13.7,1240160,88533333.0,29.18,,0.0,0
2026-05-15,08471,新達控股,1.34,52.27,4221280,98570400.0,14.89,,1.0,1
2026-05-15,08549,金葉國際集團,0.29,28.32,1936200,116000000.0,15.74,,0.0,0
2026-05-15,03878,VICON HOLDINGS,0.25,2.04,1239800,119900000.0,16.85,,0.0,0
2026-05-15,02699,新明中國,4.939,-1.08,1324900,129899197.0,11.87,,1.0,1
2026-05-15,01146,匯成國際控股,0.041,-8.89,875650,145363450.0,12.03,,0.0,0
2026-05-15,01559,均安控股,0.06,13.21,811570,165276028.0,106.52,,0.0,0
2026-05-15,00936,佳兆業資本,0.3,9.09,980900,318000000.0,22.46,,0.0,0
2026-05-15,01592,基石控股,0.3,88.68,13642050,434332922.0,82.11,,1.0,1
2026-05-15,08059,朝威控股,0.54,12.5,618190,545726700.0,100.72,,1.0,1
2026-05-15,00894,萬裕科技,1.23,23.0,19676120,589566638.0,11.12,,1.0,1
2026-05-15,00254,國家聯合資源,0.9,32.35,19515500,608186556.0,93.08,,1.0,1
2026-05-15,00209,萬維智能科技,4.6,5.75,56797360,683409028.0,14.85,,1.0,1
2026-05-18,09978,方圓生活服務,0.148,28.7,879790,59200000.0,13.42,,0.0,0
2026-05-18,01413,鑄帝控股,0.225,-28.57,9736460,73800000.0,20.14,,1.0,1
2026-05-18,08187,積木集團,0.58,16.0,4507040,87976627.0,35.97,,1.0,1
2026-05-18,01536,煜榮集團,0.335,28.85,1006800,152760000.0,21.04,,1.0,1
2026-05-18,01129,中國水業集團,0.3,-13.04,599960,189658178.0,40.28,,0.0,0
2026-05-18,01559,均安控股,0.084,40.0,1775400,231386439.0,20.0,,0.0,0
2026-05-18,01778,彩生活,0.165,-16.67,2625390,306802187.0,76.53,,1.0,1
2026-05-18,01473,環聯連訊,0.59,21.65,9023480,697640361.0,10.6,,1.0,1
2026-05-18,01463,C-LINK SQ,0.275,-11.29,839930,790419162.0,237.27,,0.0,0
2026-05-19,08187,積木集團,0.51,-12.07,14469880,77358758.0,25.53,,1.0,1
2026-05-19,01841,優越集團控股,0.235,2.17,677390,94000000.0,13.93,,0.0,0
2026-05-19,01536,煜榮集團,0.29,-13.43,2066200,132240000.0,14.04,,1.0,1
2026-05-19,01547,IBI GROUP HLDGS,0.3,21.46,532520,240000000.0,35.69,,0.0,0
2026-05-19,06033,電訊數碼控股,0.62,8.77,538760,250326860.0,42.97,,0.0,0
2026-05-19,02515,天津建發,0.98,-3.92,16321300,304527894.0,56.95,,1.0,1
2026-05-19,06893,衍生集團,0.285,109.56,30075140,311161860.0,59.33,,0.0,0
2026-05-19,01938,珠江鋼管,0.31,-3.12,928620,313454020.0,22.04,,0.0,0
2026-05-19,00520,呷哺呷哺,0.38,-6.17,4446430,412746303.0,10.82,,1.0,1
2026-05-19,01417,浦江中國,1.33,58.33,25001340,538650000.0,28.24,,1.0,1
2026-05-19,00528,金達控股,1.09,0.93,618960,686349020.0,37.89,,1.0,1
2026-05-19,02621,手回集團,3.06,2.68,35049100,692718516.0,277.5,,1.0,1
2026-05-19,02392,玄武雲,1.25,-2.34,3302600,693573750.0,11.47,,0.0,0
2026-05-19,01161,奧思集團,1.04,8.33,1203240,707774875.0,14.66,,0.0,0
2026-05-19,01463,C-LINK SQ,0.275,0.0,1636530,790419162.0,18.7,,0.0,0
2026-05-19,09689,金泰豐國際控股,0.72,20.0,631200,803520000.0,22.09,,1.0,1
2026-05-19,00727,中國豐匯,0.68,-2.86,580800,864853920.0,14.16,,0.0,0
2026-05-20,00204,資本界金控,0.214,4.9,2300335,53297797.0,29.57,,1.0,1
2026-05-20,01340,惠生國際,0.456,11.76,1565020,63122119.0,14.28,,1.0,1
2026-05-20,01835,瑞威資管,1.25,-13.79,2309320,191675000.0,16.13,,1.0,1
2026-05-20,01449,立德教育,0.31,16.98,1018220,248000000.0,19.79,,0.0,0
2026-05-20,01850,美好生活集團控股,1.58,-1.25,14141830,273024000.0,13.25,,1.0,1
2026-05-20,00833,華訊,0.68,15.25,12354540,321679562.0,52.12,,1.0,1
2026-05-20,02540,樂思集團,0.77,-8.33,4636700,462000000.0,12.15,,1.0,1
2026-05-20,00097,恆基發展,0.165,-1.79,545840,502809020.0,10.35,,0.0,0
2026-05-20,02295,豐城控股,1.83,-8.5,1767600,732000000.0,35.86,,0.0,0
2026-05-20,09689,金泰豐國際控股,0.7,-2.78,1380700,781200000.0,15.06,,1.0,1
2026-05-21,08042,高奧士人才集團,0.083,45.61,2229100,66400000.0,36.61,,0.0,0
2026-05-21,01340,惠生國際,0.544,19.3,5272780,75303581.0,25.33,,1.0,1
2026-05-21,01703,誼和股份,0.69,15.0,13810810,95220000.0,19.24,,1.0,1
2026-05-21,01129,中國水業集團,0.187,-35.52,1194211,118220265.0,13.82,,0.0,0
2026-05-21,02022,遊萊互動,0.067,21.82,1519500,134000000.0,70.28,,0.0,0
2026-05-21,06909,百得利控股,0.277,-8.28,1366410,172432500.0,11.29,,0.0,0
2026-05-21,00442,域能控股,0.75,-5.06,1373210,194362500.0,11.44,,0.0,0
2026-05-21,01752,澳洲成峰高教,0.118,19.19,607250,263357828.0,30.21,,0.0,0
2026-05-21,01985,美高域,1.52,4.11,11183300,465688480.0,145.89,,1.0,1
2026-05-21,00391,美亞娛樂資訊,0.1,0.0,2100000,592373852.0,22.98,,0.0,0
2026-05-21,01204,博維智慧,1.6,3.9,646900,800000000.0,13.57,,0.0,0
2026-05-22,00162,世紀金花,0.081,88.37,3314580,93125272.0,207.84,,0.0,0
2026-05-22,01927,久久王,0.236,13.46,1204500,186912000.0,10.86,,0.0,0
2026-05-22,02129,LEGION CONSO,0.2,29.03,3953200,250000000.0,35.92,,0.0,0
2026-05-22,00524,長城天下,1.07,40.79,2136350,252816925.0,10.35,,1.0,1
2026-05-22,00021,大中華控股,0.082,9.33,646470,325969139.0,16.04,,0.0,0
2026-05-22,01416,CTR HOLDINGS,0.241,20.5,1610200,337400000.0,12.52,,0.0,0
2026-05-22,01767,TS WONDERS,0.338,3.05,1126100,338000000.0,15.94,,0.0,0
2026-05-22,03913,合景悠活,0.189,-0.53,1854480,382887335.0,11.45,,0.0,0
2026-05-22,00229,利民實業,0.89,2.3,894030,446179125.0,55.91,,0.0,0
2026-05-22,03882,天彩控股,0.465,-3.12,772690,468993167.0,23.31,,0.0,0
2026-05-22,00159,布萊克萬礦業,0.058,-17.14,841100,538253464.0,16.52,,0.0,0
2026-05-22,01203,廣南(集團),0.638,-7.27,1046800,579044516.0,13.39,,0.0,0
2026-05-22,00368,德合集團,0.99,19.28,5261440,792000000.0,30.06,,0.0,0
2026-05-22,06989,卓越商企服務,0.75,-5.06,7383550,915261000.0,31.68,,1.0,1
2026-05-26,03728,正利控股,0.06,-7.69,893160,60780000.0,120.6,,1.0,1
2026-05-26,01259,未來發展控股,0.035,12.9,754080,77117635.0,17.29,,1.0,1
2026-05-26,08007,環球戰略集團,0.47,5.62,2853450,106369192.0,13.28,,1.0,1
2026-05-26,00310,嘉進投資國際,0.187,2.75,1314860,116151688.0,134.5,,1.0,1
2026-05-26,08490,駿碼半導體,0.204,37.84,8808110,143922000.0,42.34,,1.0,1
2026-05-26,01452,迪諾斯環保,0.189,26.0,908900,145661869.0,13.17,,1.0,1
2026-05-26,00356,鼎立資本,0.87,1.75,784830,175216839.0,51.53,,1.0,1
2026-05-26,01793,偉工控股,0.275,0.0,1462720,220000000.0,13.3,,1.0,1
2026-05-26,06663,國際永勝集團,0.33,3.12,577250,264000000.0,30.16,,1.0,1
2026-05-26,00243,品質國際,0.8,45.45,17199220,277192426.0,21.27,,1.0,1
2026-05-26,00524,長城天下,1.41,31.78,5927760,333151275.0,15.44,,1.0,1
2026-05-26,00021,大中華控股,0.091,10.98,1696460,361746240.0,16.17,,1.0,1
2026-05-26,01909,火岩控股,2.15,7.5,1026700,522065238.0,21.08,,1.0,1
2026-05-26,00225,博富臨置業,5.21,-4.4,637860,574034596.0,59.54,,1.0,1
2026-05-26,02250,小黃鴨德盈,0.6,-1.64,627770,605013000.0,16.72,,1.0,1
2026-05-26,09919,艾德韋宣集團,0.835,-3.47,2593660,621422030.0,76.76,,1.0,1
2026-05-26,01693,璋利國際,7.95,-0.5,4093140,638212008.0,29.56,,1.0,1
2026-05-26,02298,都市麗人,0.344,-10.42,7014310,773813281.0,11.48,,1.0,1
2026-05-26,01410,安領國際,0.87,7.41,10933400,878453790.0,10.4,,1.0,1
2026-05-27,08069,飛道旅遊科技,0.52,22.35,598770,21234564.0,17.42,,1.0,1
2026-05-27,00197,亨泰,0.28,0.0,709980,58578927.0,26.09,,1.0,1
2026-05-27,08291,港娛國際,0.305,0.0,585600,65066666.0,92.23,,1.0,1
2026-05-27,00145,信能低碳,0.208,9.47,8179330,76169978.0,37.8,,1.0,1
2026-05-27,08275,中國新消費集團,0.1,9.89,951800,95998554.0,16.99,,1.0,1
2026-05-27,01162,瑩嵐集團,0.206,8.99,2871900,123600000.0,12.36,,1.0,1
2026-05-27,02028,映美控股,0.189,42.11,4176470,162225145.0,123.53,,1.0,1
2026-05-27,00396,興利(香港)控股,0.21,-38.24,6961840,169700165.0,14.23,,1.0,1
2026-05-27,08283,中食民安,0.55,-6.78,5726730,190080000.0,55.7,,1.0,1
2026-05-27,06988,樂享集團,0.088,-10.2,1583000,208729594.0,10.77,,1.0,1
2026-05-27,01245,NIRAKU,0.188,15.34,827210,224819886.0,37.81,,1.0,1
2026-05-27,01446,鴻福堂,0.365,-1.35,836620,239419560.0,22.03,,1.0,1
2026-05-27,01289,盛力達科技,1.966,6.5,1156580,251648000.0,14.31,,1.0,1
2026-05-27,00828,王朝酒業,0.189,-7.35,810500,266188712.0,24.02,,1.0,1
2026-05-27,02239,國微控股,1.52,33.33,4115870,493896625.0,33.1,,1.0,1
2026-05-27,02501,邁越科技,1.05,0.0,750100,525000000.0,15.33,,1.0,1
2026-05-27,02372,偉立控股,0.67,36.73,9219000,536000001.0,24.26,,1.0,1
2026-05-27,06188,迪信通,0.76,31.03,1138900,673709904.0,19.09,,1.0,1
2026-05-27,00618,北大資源,0.325,4.84,1476640,889660616.0,13.74,,1.0,1
2026-05-28,01259,未來發展控股,0.046,35.29,10317840,101354606.0,80.73,,1.0,1
2026-05-28,01068,雨潤食品,0.094,-8.74,933950,171339031.0,11.74,,0.0,0
2026-05-28,01679,瑞斯康集團,0.9,73.08,7697960,194232456.0,30.17,,1.0,1
2026-05-28,08070,僑洋國際控股,1.1,30.95,807850,220000000.0,20.79,,1.0,1
2026-05-28,00681,中民控股,0.026,-10.34,1080710,232298591.0,12.23,,1.0,1
2026-05-28,02028,映美控股,0.41,116.93,20690360,351916981.0,45.83,,1.0,1
2026-05-28,00021,大中華控股,0.097,6.59,2848700,385597640.0,11.75,,1.0,1
2026-05-28,00689,長盈集團(控股),0.244,-2.4,29045080,453286538.0,14.11,,1.0,1
2026-05-28,08521,智雲國際控股,0.78,1.3,883950,498420000.0,54.8,,1.0,1
2026-05-28,00994,中天宏信,0.39,13.04,5921100,503492340.0,16.09,,1.0,1
2026-05-28,01685,博耳電力,0.69,25.45,10189440,533900610.0,35.01,,1.0,1
2026-05-28,00532,王氏港建,0.75,56.25,11063730,547423473.0,14.76,,1.0,1
2026-05-28,02239,國微控股,2.18,43.42,10964690,708351738.0,20.8,,1.0,1
2026-05-28,01082,源宇宙教育,1.47,3.52,791480,893828914.0,11.67,,1.0,1
2026-05-29,06128,烯石電車新材料,0.065,16.07,3722790,61185367.0,21.3,,1.0,1
2026-05-29,01323,華盛國際控股,0.134,3.08,1065620,101257736.0,16.57,,1.0,1
2026-05-29,06918,九泰數智,0.152,-1.94,5177120,132906794.0,11.7,,1.0,1
2026-05-29,01472,生興控股,0.14,32.08,3293880,140000000.0,23.56,,1.0,1
2026-05-29,02310,時代環球集團,0.204,78.95,2877030,222946948.0,69.9,,1.0,1
2026-05-29,08070,僑洋國際控股,1.51,37.27,2053600,302000000.0,17.23,,1.0,1
2026-05-29,03997,電訊首科,2.79,30.37,5154610,358074180.0,10.42,,1.0,1
2026-05-29,06911,瀾滄古茶,2.4,-13.04,970240,360000000.0,82.0,,1.0,1
2026-05-29,02369,酷派集團,1.0,13.64,11312470,397930198.0,19.7,,1.0,1
2026-05-29,02497,富景中國控股,0.85,49.12,3130200,425000000.0,41.38,,1.0,1
2026-05-29,02651,大眾口腔,12.084,-0.33,4205600,611197144.0,17.1,,1.0,1
2026-05-29,00254,國家聯合資源,0.98,13.95,38687480,662247583.0,15.83,,1.0,1
2026-05-29,02028,映美控股,0.96,134.15,61465230,824000736.0,24.4,,1.0,1
2026-05-29,02496,友芝友生物-B,4.3,0.0,2806400,833551560.0,4677.33,,1.0,1
2026-06-01,08081,白居易控股,0.013,-13.33,683070,67028456.0,19.89,,1.0,1
2026-06-01,00171,銀建國際,0.045,-10.0,843490,103718232.0,30.9,,1.0,1
2026-06-01,02112,恩典生命科技,0.072,4.35,5952000,108000000.0,55.45,,1.0,1
2026-06-01,01949,佰達國際控股,0.58,-3.33,780120,133632000.0,50.28,,1.0,1
2026-06-01,01468,嘉高達資本,0.325,6.56,5812400,135470059.0,32.94,,1.0,1
2026-06-01,01314,翠華控股,0.131,-7.75,754310,184870665.0,108.11,,1.0,1
2026-06-01,00380,中國管業,0.147,15.75,1417840,195843102.0,66.6,,1.0,1
2026-06-01,00889,連達科技控股,1.35,213.95,33639620,432000000.0,288.9,,1.0,1
2026-06-01,01831,十方控股,0.475,15.85,4604800,510838536.0,18.5,,1.0,1
2026-06-01,02000,晨訊科技,0.315,18.87,773930,667499900.0,36.95,,1.0,1
2026-06-01,01846,德視佳,2.587,-0.77,684000,829666422.0,13.38,,1.0,1
2026-06-01,00301,三和精化,1.95,9.55,15714270,917396493.0,104.29,,1.0,1
2026-06-01,00314,思派健康,1.32,-8.97,8544000,957995430.0,10.97,,1.0,1
2026-06-02,08471,新達控股,0.42,-30.0,3123690,30895200.0,12.75,,1.0,1
2026-06-02,08311,圓美光電,0.085,11.84,1185540,126113408.0,311.82,,1.0,1
2026-06-02,01949,佰達國際控股,0.56,-3.45,1947520,129024000.0,20.82,,1.0,1
2026-06-02,08160,GOLDWAY EDU,0.68,13.33,647210,146058519.0,10.08,,1.0,1
2026-06-02,08031,易通訊集團,0.54,74.19,7822920,191562300.0,190.19,,1.0,1
2026-06-02,00889,連達科技控股,0.73,-45.93,36965620,233600000.0,10.67,,1.0,1
2026-06-02,00989,中國長白山國際,0.85,41.67,1253760,306154649.0,13.18,,1.0,1
2026-06-02,01633,上諭集團,0.47,14.63,3760100,321832500.0,13.71,,1.0,1
2026-06-02,01399,銳信控股,0.56,38.27,5400650,610400698.0,11.71,,1.0,1
2026-06-02,06162,天瑞汽車內飾,0.295,21.9,17415200,708000000.0,15.45,,1.0,1
2026-06-02,02350,數科集團,0.836,10.44,8775600,731500000.0,15.94,,1.0,1
2026-06-03,08315,新都酒店,0.1,38.89,700600,58144225.0,125.26,,1.0,1
2026-06-03,08379,盈證國際,0.131,-9.03,599800,104800000.0,16.19,,1.0,1
2026-06-03,01771,新豐泰集團,0.242,44.05,4027390,145200000.0,943.18,,1.0,1
2026-06-03,00385,建聯集團,0.29,11.54,1777570,172520781.0,82.45,,1.0,1
2026-06-03,00605,中國金融投資管理,0.92,22.67,5991460,192427262.0,113.44,,1.0,1
2026-06-03,01745,驢跡科技,3.9,-12.36,2066400,197402478.0,10.76,,1.0,1
2026-06-03,09968,匯景控股,0.043,22.86,1301040,225922000.0,17.34,,1.0,1
2026-06-03,00865,建德國際控股,0.052,40.54,1878960,303575464.0,44.58,,1.0,1
2026-06-03,00423,經濟日報集團,0.71,-4.05,870600,306436000.0,32.87,,1.0,1
2026-06-03,02258,華滋國際海洋,0.439,118.41,22125270,362350600.0,5979.8,,1.0,1
2026-06-03,02322,新質數字,0.095,2.15,1638150,419957000.0,14.09,,1.0,1
2026-06-03,02165,領悅服務集團,1.62,-1.22,658500,462809700.0,13.18,,1.0,1
2026-06-03,02439,中寶新材,0.415,9.21,39636200,498000000.0,41.1,,1.0,1
2026-06-03,00353,能源國際投資,0.385,-1.28,650450,814491713.0,13.97,,1.0,1
2026-06-03,01085,亨鑫科技,1.75,9.38,1232180,814800000.0,17.51,,1.0,1
2026-06-03,02581,明基醫院,2.94,-5.47,6862500,917118303.0,10.49,,1.0,1
2026-06-04,09978,方圓生活服務,0.233,45.63,14861590,93200000.0,135.73,,1.0,1
2026-06-04,00110,中國長遠,0.395,-2.47,587520,110029576.0,10.97,,1.0,1
2026-06-04,03662,星悅康旅,0.27,-5.26,3035530,196087500.0,17.77,,1.0,1
2026-06-04,01975,新興印刷,0.415,0.0,592080,199200000.0,12.16,,1.0,1
2026-06-04,08426,雅居投資控股,0.26,4.0,11224950,208000000.0,1620.93,,1.0,1
2026-06-04,00757,陽光能源,0.065,-5.8,580830,216045124.0,10.97,,1.0,1
2026-06-04,01732,象興科技,0.184,-4.17,2572000,235520000.0,10.34,,1.0,1
2026-06-04,01540,澳獅環球,0.51,24.39,4728450,254322630.0,1562.61,,1.0,1
2026-06-04,01592,基石控股,0.179,-48.86,19537720,259151976.0,21.53,,1.0,1
2026-06-04,01080,勝利管道,0.081,14.08,597980,313823614.0,17.17,,1.0,1
2026-06-04,01130,中國環境資源,0.61,1.67,3601000,343350180.0,12.29,,1.0,1
2026-06-04,08229,未來數據集團,0.62,8.77,5553200,344397600.0,48.18,,1.0,1
2026-06-04,01490,AI X TECH,0.31,21.57,6352700,382726000.0,118.88,,1.0,1
2026-06-04,00672,眾安集團,0.097,-2.02,1296770,546673551.0,13.26,,1.0,1
2026-06-04,01622,力高集團,0.202,17.44,3152760,717425083.0,22.48,,1.0,1
2026-06-04,00532,王氏港建,1.03,77.59,40322200,751794903.0,11.34,,1.0,1
2026-06-05,08317,財華社集團,0.106,10.42,1966960,105979665.0,15.85,,0.0,0
2026-06-05,00110,中國長遠,0.4,1.27,4360440,111422355.0,41.67,,0.0,0
2026-06-05,01759,中油潔能控股,0.62,-15.07,1045500,133920000.0,37.7,,1.0,1
2026-06-05,03708,中國供應鏈產業,0.199,-3.4,3117710,144728720.0,21.96,,1.0,1
2026-06-05,01933,元力控股,0.355,62.1,28560000,178894148.0,560.22,,1.0,1
2026-06-05,01962,訓修實業,0.46,4.55,553570,283422560.0,19.33,,0.0,0
2026-06-05,00725,恆都集團,1.49,35.45,1741460,296447420.0,36.19,,0.0,0
2026-06-05,00987,中國再生能源投資,0.176,6.67,1941320,441083714.0,11.35,,0.0,0
2026-06-05,01480,恩達集團控股,1.86,35.77,32984770,446400000.0,86.98,,1.0,1
2026-06-05,01720,普天通信集團,0.79,69.89,50158300,869000000.0,20.94,,1.0,1
2026-06-05,02543,大行科工,28.5,-7.11,13976320,934481968.0,10.81,,1.0,1
2026-06-08,01647,雄岸科技,0.049,-16.95,505800,58556960.0,11.08,,0.0,0
2026-06-08,08072,蘭谷股份,0.415,-6.74,2838600,69864891.0,21835.38,,1.0,1
2026-06-08,02358,久融控股,0.013,18.18,758620,71136000.0,25.99,,0.0,0
2026-06-08,08223,紫元元,0.285,1.79,963580,147060000.0,19.97,,0.0,0
2026-06-08,01305,偉志控股,0.74,19.35,740310,160303240.0,16.54,,0.0,0
2026-06-08,01059,看通集團,0.43,7.5,4152150,161264408.0,519.67,,1.0,1
2026-06-08,01669,環球信貸集團,1.35,22.73,9057980,540000000.0,172.68,,0.0,0
2026-06-08,01011,泰凌醫藥,0.43,-20.37,623130,772522342.0,10.82,,0.0,0
2026-06-08,00929,國際精密,0.742,4.21,13109330,780772568.0,78.92,,1.0,1
2026-06-09,01825,STERLING GP,1.1,22.22,2279120,45619200.0,304.13,,1.0,1
2026-06-09,00401,萬嘉集團,0.092,-48.31,2022120,103832645.0,39.81,,1.0,1
2026-06-09,02324,首都創投,0.116,0.0,1652950,104429754.0,20.18,,1.0,1
2026-06-09,00776,帝國科技集團,0.457,1.56,8336130,307029760.0,33.54,,1.0,1
2026-06-09,01613,協同通信,0.201,12.92,3628160,308708763.0,19.82,,1.0,1
2026-06-09,01251,華油能源,0.249,4.18,1496870,486581856.0,12.0,,0.0,0
2026-06-10,00130,慕詩國際,0.206,3.52,951730,59313580.0,49.61,,1.0,1
2026-06-10,08131,諾亞智能,0.107,13.83,827400,76955592.0,13.43,,1.0,1
2026-06-10,00657,環科國際,0.047,30.56,663020,91476763.0,20.79,,0.0,0
2026-06-10,01312,華控康泰,0.022,-18.52,905130,122948579.0,31.2,,0.0,0
2026-06-10,06193,泰林科建,0.41,51.85,2204860,164000000.0,212.29,,0.0,0
2026-06-10,01795,亞東集團,0.56,3.7,818610,336000000.0,10.39,,0.0,0
2026-06-10,01218,永義國際,2.45,1.24,867220,362543175.0,105.62,,0.0,0
2026-06-10,01596,翼辰實業,0.49,-9.26,1380610,439941600.0,11.78,,1.0,1
2026-06-10,02439,中寶新材,0.44,4.76,65304900,528000000.0,10.05,,1.0,1
2026-06-10,08227,海天天線,0.285,39.02,3887020,540824265.0,67.74,,1.0,1
2026-06-10,00149,中國農產品交易,0.064,4.92,2436340,636996341.0,24.72,,0.0,0
2026-06-10,01613,協同通信,0.465,131.34,36212730,714176988.0,68.41,,1.0,1
2026-06-11,08131,諾亞智能,0.12,12.15,5333590,86305337.0,39.93,,1.0,1
2026-06-11,08082,擎華控股,0.034,-22.73,2955370,90875733.0,47.21,,1.0,1
2026-06-11,00356,鼎立資本,0.525,-22.22,509040,105734300.0,14.11,,0.0,0
2026-06-11,01536,煜榮集團,0.31,6.9,629300,141360000.0,13.73,,0.0,0
2026-06-11,01737,亞洲實業集團,0.169,19.86,783350,169000000.0,14.34,,0.0,0
2026-06-11,00827,玖源集團,0.034,3.03,1589470,238953448.0,12.99,,0.0,0
2026-06-11,01793,偉工控股,0.305,8.93,6565780,244000000.0,18.61,,1.0,1
2026-06-11,00464,中國智能科技,0.84,23.53,11984160,635243280.0,10.26,,1.0,1
2026-06-11,02496,友芝友生物-B,4.2,0.0,5086800,814166640.0,18.09,,1.0,1
2026-06-11,02562,獅騰控股,1.92,15.66,1013747700,895916294.0,27.34,,1.0,1
2026-06-12,08413,亞洲富思,0.05,-23.08,852200,58100000.0,15.64,,0.0,0
2026-06-12,01842,植華集團,0.041,7.89,548500,59040000.0,10.87,,0.0,0
2026-06-12,08620,亞洲速運,0.123,-16.33,535300,77330715.0,14.01,,1.0,1
2026-06-12,00426,萬華媒體,0.255,82.14,2208090,102229500.0,117.16,,1.0,1
2026-06-12,01323,華盛國際控股,0.15,11.11,33733690,113348211.0,25.67,,1.0,1
2026-06-12,02330,中國上城,0.33,1.54,786400,149439097.0,10.6,,0.0,0
2026-06-12,00355,世紀城市國際,0.073,7.35,1630720,225757551.0,13.83,,0.0,0
2026-06-12,02370,力高健康生活,1.24,20.39,1877800,248000000.0,12.01,,0.0,0
2026-06-12,00366,陸氏集團(越南),0.81,-7.95,685720,406313349.0,21.44,,0.0,0
2026-06-12,00128,安寧控股,0.4,2.56,653700,660263470.0,12.61,,0.0,0
2026-06-12,01204,博維智慧,1.63,-1.21,906200,815000000.0,23.85,,0.0,0
2026-06-15,01025,嘉藝控股,0.232,0.43,6953620,103789246.0,24.93,,1.0,1
2026-06-15,01718,宏基集團控股,0.37,10.45,2943430,112524400.0,17.09,,1.0,1
2026-06-15,01671,天保能源,0.86,21.13,6483740,137531980.0,181.39,,0.0,0
2026-06-15,01792,CMON,0.88,2.56,1415880,217958400.0,17.24,,1.0,1
2026-06-15,00723,信保環球控股,0.21,-5.41,5420430,229706719.0,34.28,,1.0,1
2026-06-15,00583,長城環亞控股,0.199,3.11,537550,311981374.0,33.62,,0.0,0
2026-06-15,02863,高豐集團控股,0.5,3.09,5869550,344755500.0,252.82,,1.0,1
2026-06-15,01098,路勁,0.6,1.69,597840,449601940.0,13.4,,0.0,0
2026-06-15,00254,國家聯合資源,1.05,1.94,85403810,709550982.0,22.97,,1.0,1
2026-06-15,02377,博奇環保,0.85,0.0,508210,726633277.0,16.68,,0.0,0
2026-06-15,01082,源宇宙教育,1.42,-1.39,1517120,863426570.0,33.48,,0.0,0
2026-06-15,01180,匯彩控股,0.87,40.32,5211320,915401224.0,17.64,,0.0,0
2026-06-16,08027,吉輝控股,0.128,-1.54,577680,90931200.0,50.52,,1.0,1
2026-06-16,08275,中國新消費集團,0.099,3.12,518800,95038569.0,47.11,,1.0,1
2026-06-16,02863,高豐集團控股,0.63,26.0,8367810,434391930.0,13.88,,1.0,1
2026-06-16,01861,保寶龍科技,2.15,-2.27,4884200,502922088.0,32.24,,1.0,1
2026-06-16,06113,比特策略,1.48,-12.94,844120,592000000.0,11.23,,0.0,0
2026-06-16,00528,金達控股,1.01,0.0,13230750,635974780.0,12365.19,,1.0,1
2026-06-16,00554,漢思集團控股,0.193,0.0,1337850,846755284.0,116.03,,0.0,0
2026-06-16,00128,安寧控股,0.54,35.0,18460000,891355685.0,197.67,,0.0,0
2026-06-17,08356,進業控股,0.355,18.33,605400,26592405.0,15.27,,1.0,1
2026-06-17,01703,誼和股份,0.73,12.31,11571800,100740000.0,117.38,,1.0,1
2026-06-17,01546,德萊建業,0.172,-14.43,2023230,137600000.0,14.48,,0.0,0
2026-06-17,01869,貓屎咖啡控股,0.112,23.08,5203360,189537600.0,237.82,,0.0,0
2026-06-17,08029,中投金融科技集團,0.7,-1.41,2520000,196057135.0,346.96,,1.0,1
2026-06-17,00487,實德環球,0.051,30.77,807230,251251051.0,553.28,,0.0,0
2026-06-17,00575,勵晶太平洋,1.02,78.95,4608460,297652098.0,278.49,,0.0,0
2026-06-17,01273,香港信貸,0.75,22.95,1540040,311250000.0,142.6,,0.0,0
2026-06-17,01380,中國金石,0.63,10.53,3245900,325677026.0,11.54,,0.0,0
2026-06-17,01856,依波路,1.14,-35.59,845600,410693564.0,13.07,,0.0,0
2026-06-18,08226,樹熊金融集團,0.098,30.67,2542330,40915391.0,2152.69,,1.0,1
2026-06-18,08096,賞之味股權,0.145,11.54,1759200,69781250.0,63.34,,1.0,1
2026-06-18,00171,銀建國際,0.038,-9.52,643000,87584285.0,12.7,,0.0,0
2026-06-18,00899,中加國信,0.199,-12.72,3578790,88586643.0,39.75,,1.0,1
2026-06-18,01134,恆發光學,0.385,22.22,20439050,192500000.0,249.37,,1.0,1
2026-06-18,01557,劍虹集團控股,0.52,4.0,1081100,249600000.0,28.76,,0.0,0
2026-06-18,00869,彩星玩具,0.47,-2.08,3349610,533450000.0,50.13,,1.0,1
2026-06-18,01303,匯力資源,0.27,23.85,911050,567848148.0,11.82,,0.0,0
2026-06-18,01466,佰金生命科學,0.62,12.73,3942560,577997533.0,25.88,,1.0,1
2026-06-18,01693,璋利國際,7.35,2.8,3000760,590045064.0,36.6,,0.0,0
2026-06-18,00351,亞洲能源物流,0.35,-7.89,574750,698241335.0,13.57,,0.0,0
2026-06-18,01425,捷隆控股,0.582,0.0,7035300,727500000.0,22.86,,0.0,0
2026-06-18,00554,漢思集團控股,0.205,6.22,6568230,899403281.0,45.97,,1.0,1
2026-06-22,09600,新紐科技,0.153,-8.38,1355260,152673265.0,22.93,,0.0,0
2026-06-22,00442,域能控股,0.68,-6.85,511250,176222000.0,10.53,,1.0,1
2026-06-22,00417,謝瑞麟,0.73,10.61,1909140,181902882.0,204.23,,0.0,0
2026-06-22,01987,BENG SOON MACH,0.219,4.29,528210,219000000.0,11.33,,0.0,0
2026-06-22,08646,中國宏光,0.385,79.91,22283900,301451150.0,64.6,,1.0,1
2026-06-22,01332,透雲生物,0.135,6.3,1204700,378803540.0,60.34,,0.0,0
2026-06-22,02028,映美控股,0.73,-9.88,24953520,626583893.0,12.18,,0.0,0
2026-06-22,00610,惠記集團,0.85,2.41,1324460,674155429.0,17.74,,0.0,0
2026-06-22,09689,金泰豐國際控股,0.62,-11.43,1520400,691920000.0,13.51,,0.0,0
2026-06-22,01202,四威科技,1.749,14.39,6132700,699600000.0,12.84,,0.0,0
2026-06-22,00210,達芙妮國際,0.37,4.23,6492570,732081419.0,61.03,,0.0,0
2026-06-22,01466,佰金生命科學,0.9,45.16,13799020,839028676.0,26.82,,1.0,1
2026-06-23,08031,易通訊集團,0.375,-14.77,656170,133029375.0,10.23,,0.0,0
2026-06-23,06918,九泰數智,0.155,10.71,8582610,135529954.0,34.07,,1.0,1
2026-06-23,01408,濠江機電,0.295,-20.27,735800,147500000.0,15.45,,0.0,0
2026-06-23,01752,澳洲成峰高教,0.128,39.13,51778160,285676288.0,1570.32,,1.0,1
2026-06-23,01182,勝龍國際,0.97,12.79,1226860,330590130.0,13.67,,0.0,0
2026-06-23,00809,大成生化科技,0.38,-30.91,1748550,637952038.0,10.55,,0.0,0
2026-06-23,02458,望塵科技控股,4.66,1.08,2413910,665029196.0,17.88,,0.0,0
2026-06-23,00184,激成投資,2.23,-4.7,754300,758646000.0,22.83,,0.0,0
2026-06-23,01204,博維智慧,1.7,9.68,4253800,850000000.0,32.4,,0.0,0
2026-06-24,00197,亨泰,0.31,-1.59,1030790,64855240.0,23.59,,1.0,1
2026-06-24,08123,華億金控,0.27,91.49,4957260,93055042.0,26.46,,1.0,1
2026-06-24,08160,GOLDWAY EDU,0.62,0.0,1342680,133171003.0,54.09,,0.0,0
2026-06-24,00841,木薯資源,0.235,25.67,559660,137410778.0,62.12,,0.0,0
2026-06-24,01222,宏安集團,0.021,5.0,1139950,284312636.0,14.02,,0.0,0
2026-06-24,02263,富石金融,0.36,5.88,1044700,360000000.0,26.56,,0.0,0
2026-06-24,08512,凱富善集團控股,0.405,10.96,1757400,371992500.0,18.95,,0.0,0
2026-06-24,08611,九福來,0.675,0.0,3895450,402309582.0,15.44,,1.0,1
2026-06-24,01097,周大福媒體娛樂,0.069,25.45,13254560,492289023.0,241.16,,0.0,0
2026-06-24,02146,榮萬家,1.39,0.72,582490,522640000.0,24.55,,0.0,0
2026-06-24,08403,德豐宿來,3.25,3.17,1248200,549900000.0,12.43,,0.0,0
2026-06-24,02536,百樂皇宮,1.19,0.85,4998000,959846860.0,13.93,,1.0,1
2026-06-25,08315,新都酒店,0.077,1.32,638920,44771053.0,381.67,,1.0,1
2026-06-25,08406,中國口腔產業,0.061,15.09,630800,120146681.0,31.73,,0.0,0
2026-06-25,08050,城市酷選,1.45,4.32,664800,393312500.0,18.65,,0.0,0
2026-06-25,01319,靄華押業信貸,0.269,-1.82,662840,517638961.0,40.96,,0.0,0
2026-06-25,01499,歐科雲鏈,0.118,7.27,10382380,633720180.0,52.59,,1.0,1
2026-06-26,08245,烽翼集團,0.081,-10.0,640180,23452843.0,15.22,,1.0,1
2026-06-26,02112,恩典生命科技,0.038,-44.12,856750,57000000.0,14.72,,1.0,1
2026-06-26,08406,中國口腔產業,0.08,31.15,1242510,157569418.0,15.22,,0.0,0
2026-06-26,01156,CHINANEWENERGY,0.238,16.1,2917300,168435141.0,25.6,,0.0,0
2026-06-26,01540,澳獅環球,0.495,25.32,2664300,246842552.0,12.76,,0.0,0
2026-06-26,01087,威訊控股,1.03,25.61,1862850,247061568.0,14.6,,0.0,0
2026-06-26,01419,盈健醫療,0.73,-1.35,740880,277073130.0,30.39,,0.0,0
2026-06-26,01962,訓修實業,0.46,3.37,2374670,283422560.0,512.89,,1.0,1
2026-06-26,01429,天任集團,0.19,3.83,11395200,304000000.0,37.12,,0.0,0
2026-06-26,01831,十方控股,0.7,16.67,26397810,752814684.0,12.01,,1.0,1
2026-06-26,01082,源宇宙教育,1.46,4.29,3985600,887748445.0,17.41,,0.0,0
2026-06-26,02153,達豐設備,0.78,0.0,7268040,910159575.0,701.68,,1.0,1
2026-06-29,03822,三和建築集團,1.08,-6.09,1118960,90720000.0,56.16,,1.0,1
2026-06-29,02349,中國智能基礎設施,0.06,9.09,1348640,187696713.0,19.84,,1.0,1
2026-06-29,01314,翠華控股,0.148,8.03,733300,208861515.0,24.38,,0.0,0
2026-06-29,01087,威訊控股,1.6,55.34,4980790,383784960.0,15.88,,1.0,1
2026-06-29,00280,景福集團,0.54,11.34,2531120,491026571.0,19.97,,0.0,0
2026-06-29,01260,皓天財經集團,0.43,-10.42,1312690,495125220.0,17.34,,0.0,0
2026-06-30,01745,驢跡科技,0.041,-30.51,2091732,2075257.0,14.9,,0.0,0
2026-06-30,00204,資本界金控,0.09,-37.06,936275,22414962.0,12.49,,1.0,1
2026-06-30,08112,基石金融,0.11,2.8,1108510,25236029.0,367.79,,1.0,1
2026-06-30,08340,紫荊國際金融,0.53,1.92,522600,42394700.0,71.69,,1.0,1
2026-06-30,01162,瑩嵐集團,0.189,5.59,4577700,113400000.0,15.95,,1.0,1
2026-06-30,00139,小魚盈通,0.14,23.89,5476940,206393847.0,19.21,,1.0,1
2026-06-30,01966,中駿集團控股,0.064,39.13,1230790,270271112.0,32.86,,0.0,0
2026-06-30,01327,勵時集團,1.25,56.25,933260,323481600.0,29.51,,1.0,1
2026-06-30,01662,義合控股,0.63,-23.17,1157370,324450000.0,11.74,,0.0,0
2026-06-30,01087,威訊控股,1.8,12.5,75454410,431758080.0,93.59,,1.0,1
2026-06-30,00616,財富鏈,0.235,23.68,7223020,438821222.0,12.73,,1.0,1
2026-06-30,02189,嘉濤(香港)控股,0.465,0.0,1640560,465000000.0,10.44,,0.0,0
2026-07-02,08340,紫荊國際金融,0.53,0.0,1592200,42394700.0,28.72,,1.0,1
2026-07-02,01894,恆益控股,0.5,31.58,3188400,116678500.0,29.53,,1.0,1
2026-07-02,01949,佰達國際控股,0.72,24.14,628340,165888000.0,10.46,,0.0,0
2026-07-02,00617,百利保控股,0.159,-1.24,776870,177219090.0,10.34,,1.0,1
2026-07-02,00969,華聯國際,0.085,6.25,644210,186250300.0,100.49,,1.0,1
2026-07-02,01552,BHCC HOLDING,0.275,10.0,865200,220000000.0,38.15,,0.0,0
2026-07-02,00139,小魚盈通,0.166,18.57,7844790,244724132.0,10.33,,1.0,1
2026-07-02,01314,翠華控股,0.18,11.11,1465820,254020761.0,11.98,,0.0,0
2026-07-02,01098,路勁,0.51,-10.53,993450,382161649.0,21.77,,0.0,0
2026-07-02,02515,天津建發,1.25,6.84,4305500,388428436.0,44.2,,1.0,1
2026-07-02,02336,碩奧國際,0.26,18.18,885150,472136799.0,16.31,,0.0,0
2026-07-02,00635,彩星集團,0.475,-1.04,619120,982300000.0,14.32,,0.0,0
2026-07-03,08462,中安控股集團,0.083,-14.43,1081900,49800000.0,88.61,,1.0,1
2026-07-03,01160,金石資本集團,0.35,40.0,3026000,83044938.0,44.4,,1.0,1
2026-07-03,08027,吉輝控股,0.128,-4.48,665050,90931200.0,45.28,,1.0,1
2026-07-03,00653,卓悅控股,0.049,113.04,11717230,91869025.0,25.01,,1.0,1
2026-07-03,03313,雅高控股,0.72,-6.49,2715500,102391533.0,28.51,,1.0,1
2026-07-03,08360,簡樸新生活,0.39,-1.27,730080,141203288.0,77.03,,0.0,0
2026-07-03,08368,中國創意控股,0.22,4.27,5724040,152287898.0,189.19,,0.0,0
2026-07-03,06163,彭順國際,0.67,42.55,1017220,185257680.0,75.4,,0.0,0
2026-07-03,02322,新質數字,0.088,2.33,6680190,389012800.0,26.15,,1.0,1
2026-07-03,00519,諾科達科技,0.158,3.95,677790,482706707.0,17.81,,0.0,0
2026-07-03,06919,人瑞人才,3.28,-12.53,1427740,519701827.0,868.45,,0.0,0
2026-07-03,00225,博富臨置業,5.3,0.0,657180,583950740.0,19.37,,0.0,0
2026-07-03,02438,出門問問,0.395,29.51,10349200,611793521.0,18.24,,0.0,0
2026-07-03,02289,創美藥業,7.3,0.0,1551250,788400000.0,77.22,,0.0,0
2026-07-06,01738,飛尚無煙煤,0.062,44.19,1351230,85593840.0,95.45,,0.0,0
2026-07-06,06988,樂享集團,0.05,-32.43,3478200,118596360.0,53.04,,1.0,1
2026-07-06,01130,中國環境資源,0.62,-1.59,2384000,348978871.0,13.51,,1.0,1
2026-07-06,00037,遠東酒店實業,0.55,10.0,3881200,413891396.0,28.97,,1.0,1
2026-07-06,02503,中深建業,0.176,-4.86,1674540,604181793.0,25.26,,1.0,1
2026-07-07,01063,新確科技(新),0.048,11.63,2972649,14769951.0,37.29,,0.0,0
2026-07-07,08072,蘭谷股份,0.34,-1.45,578000,57238706.0,12.28,,1.0,1
2026-07-07,01232,金輪天地控股,0.32,-8.57,746370,67334885.0,30.28,,1.0,1
2026-07-07,08320,沛然環保,0.103,0.0,735180,75518570.0,20.15,,0.0,0
2026-07-07,01871,向中國際,0.305,-11.59,1208340,132967249.0,24.59,,0.0,0
2026-07-07,01486,思城控股,0.36,-28.0,513250,155660821.0,13.53,,0.0,0
2026-07-07,01120,雅視光學,0.95,25.0,503580,366950205.0,389.77,,0.0,0
2026-07-07,02505,EDA集團控股,0.86,17.81,1078280,398451545.0,31.31,,0.0,0
2026-07-07,02415,梅斯健康,0.79,-20.2,869800,479665050.0,35.99,,0.0,0
2026-07-07,02625,江蘇宏信,2.42,3.86,4596600,570247747.0,85.45,,1.0,1
2026-07-07,08037,中國生物科技服務,0.59,34.09,632080,575681378.0,10.9,,0.0,0
2026-07-07,06898,中國鋁罐,0.85,-1.16,8515460,800190850.0,169.21,,1.0,1
2026-07-08,08489,裕程物流,0.179,-12.68,528400,55055925.0,15.37,,0.0,0
2026-07-08,01421,恆昌集團國際,0.395,1.28,891580,79077104.0,21.79,,0.0,0
2026-07-08,02223,卡撒天嬌,0.65,-20.73,1135160,167798800.0,45.19,,0.0,0
2026-07-08,08329,海王英特龍,0.126,15.6,568830,211428000.0,10.63,,1.0,1
2026-07-09,08283,中食民安,0.39,5.41,8729600,134784000.0,61.21,,1.0,1
2026-07-09,01841,優越集團控股,0.44,79.59,3108300,176000000.0,208.48,,0.0,0
2026-07-09,00689,長盈集團(控股),0.181,-4.74,19410220,336249440.0,65.37,,1.0,1
2026-07-09,01327,勵時集團,1.37,7.03,2255810,354535834.0,10.23,,1.0,1
2026-07-09,01710,致豐工業電子,0.45,47.54,4977640,450000000.0,15.84,,0.0,0
2026-07-09,02625,江蘇宏信,2.43,0.41,21762400,572604143.0,42.29,,1.0,1
2026-07-09,00201,華大酒店,0.067,0.0,851160,599452439.0,12.8,,0.0,0
2026-07-09,06162,天瑞汽車內飾,0.35,32.08,44523640,840000000.0,110.73,,1.0,1
2026-07-09,02098,卓爾智聯,0.07,-15.66,694390,867965406.0,10.43,,0.0,0
2026-07-10,02231,景業名邦集團,0.015,0.0,931860,24692595.0,18.02,,1.0,1
2026-07-10,08245,烽翼集團,0.096,-12.73,3495390,27795962.0,13.99,,0.0,0
2026-07-10,00261,GBA集團,0.197,23.12,3074360,65278251.0,182.64,,1.0,1
2026-07-10,01870,綠色電能集團,0.167,-44.33,6428610,169867390.0,12.58,,1.0,1
2026-07-10,01563,友聯國際教育租賃,0.126,-0.79,624200,213055164.0,16.43,,0.0,0
2026-07-10,03789,禦佳控股,0.215,11.98,3565400,258000000.0,36.39,,1.0,1
2026-07-10,02439,中寶新材,0.33,-2.94,9012000,396000000.0,17.7,,1.0,1
2026-07-10,02239,國微控股,1.34,31.37,1113060,435408867.0,15.06,,0.0,0
2026-07-10,06676,找鋼網-W,0.63,43.18,14246100,675188878.0,45.63,,1.0,1
2026-07-13,08057,麥迪森控股,0.52,-8.77,649760,81006539.0,177.34,,1.0,1
2026-07-13,08121,國恩控股,0.54,13.68,1782590,81021600.0,19.33,,1.0,1
2026-07-13,01452,迪諾斯環保,0.205,25.0,1417300,157993033.0,29.51,,0.0,0
2026-07-13,00114,興利集團,0.65,-2.99,666250,392918996.0,35.11,,0.0,0
2026-07-13,01746,萬順集團控股,0.51,20.0,11307760,510000000.0,146.28,,0.0,0
2026-07-13,01959,中聚投資,1.58,-3.07,2711980,837403160.0,13.55,,0.0,0
2026-07-13,02536,百樂皇宮,1.19,5.31,1001910,959846860.0,13.61,,0.0,0
2026-07-14,01340,惠生國際,0.5,-9.09,1362870,69212850.0,16.62,,0.0,0
2026-07-14,08123,華億金控,0.275,19.57,1207979,94778283.0,23.06,,0.0,0
2026-07-14,01421,恆昌集團國際,0.51,10.87,6462550,102099552.0,19.77,,1.0,1
2026-07-14,00544,大同集團,1.18,-21.33,525500,145954737.0,57.72,,1.0,1
2026-07-14,00110,中國長遠,0.59,28.26,1522380,164347974.0,12.32,,1.0,1
2026-07-14,09968,匯景控股,0.034,17.24,530186,178636000.0,18.19,,0.0,0
2026-07-14,01529,樂氏國際控股,0.29,-30.95,2693900,193453200.0,39.58,,1.0,1
2026-07-14,06033,電訊數碼控股,0.52,-10.34,858590,209951560.0,18.65,,0.0,0
2026-07-14,01402,超智能控股,0.305,-1.61,705200,320402500.0,13.28,,0.0,0
2026-07-14,02515,天津建發,1.15,-3.36,12283820,357354161.0,14.41,,1.0,1
2026-07-14,02863,高豐集團控股,0.88,14.29,152287212,606769680.0,143.48,,1.0,1
2026-07-14,01846,德視佳,2.38,3.03,901760,763280280.0,15.33,,0.0,0
2026-07-15,08309,萬成環球控股,0.085,16.44,518620,51000000.0,27.81,,0.0,0
2026-07-15,01676,高地股份,0.205,0.49,752450,80902090.0,166.84,,1.0,1
2026-07-15,08427,萬順瑞強集團,5.01,43.14,618520,83003836.0,17.31,,1.0,1
2026-07-15,00643,恆富控股,0.201,21.82,981950,180868956.0,25.2,,0.0,0
2026-07-15,00730,首惠產業金融,0.112,-9.68,1495544,442841135.0,22.11,,0.0,0
2026-07-15,02539,樂摩科技,9.01,18.24,927093,500555956.0,12.51,,0.0,0
2026-07-15,02405,力盟科技,0.65,14.04,740320,520000000.0,69.91,,0.0,0
2026-07-15,06182,乙德投資控股,0.72,1.41,5813760,576000000.0,19.27,,0.0,0
2026-07-16,08401,華夏水務集團,0.044,37.5,512074,35781267.0,21.18,,0.0,0
2026-07-16,08163,聲揚集團,0.039,0.0,4017940,39984969.0,538.6,,1.0,1
2026-07-16,01400,滿地科技股份,0.016,-11.11,1375440,60828278.0,14.87,,1.0,1
2026-07-16,09958,力天影業,0.165,-15.82,40568617,82500000.0,32.6,,1.0,1
2026-07-16,01156,CHINANEWENERGY,0.32,30.61,5381865,226467417.0,39.31,,1.0,1
2026-07-16,01132,橙天嘉禾,0.081,10.96,647265,226773193.0,17.26,,0.0,0
2026-07-16,00329,東建國際,0.171,-10.0,969152,256457236.0,99.67,,0.0,0
2026-07-16,03450,GX35美債,55.44,0.33,717536,379209600.0,518.83,,0.0,0
2026-07-16,01641,紅星冷鏈,4.6,5.26,6876760,452009800.0,67.37,,1.0,1
2026-07-16,02405,力盟科技,0.65,0.0,1482120,520000000.0,17.51,,0.0,0
2026-07-16,00587,海螺環保,0.285,-10.94,2196905,520628042.0,14.54,,0.0,0
2026-07-16,01461,中泰期貨,0.65,20.37,768750,651235000.0,124.7,,0.0,0
2026-07-16,09689,金泰豐國際控股,0.69,0.0,1192560,770040000.0,42.58,,1.0,1
2026-07-17,03401,GXAI基礎設施,96.36,-3.74,506596,16518898.0,10.85,,0.0,0
2026-07-17,03410,恆生日本東證一百,6.735,-2.88,589872,44921103.0,10.98,,0.0,0
2026-07-17,00209,萬維智能科技,0.48,4.35,124305160,71312246.0,12.74,,1.0,1
2026-07-17,08491,COOL LINK,0.27,-11.48,2886775,107623665.0,48.83,,1.0,1
2026-07-17,00989,中國長白山國際,0.45,-40.0,1393800,162081873.0,63.71,,0.0,0
2026-07-17,02017,滄海控股,0.265,15.22,707176,163903030.0,29.71,,0.0,0
2026-07-17,00776,帝國科技集團,0.415,3.75,1632375,278812583.0,20.17,,1.0,1
2026-07-17,01260,皓天財經集團,0.375,0.0,2973750,431795250.0,37.66,,1.0,1
2026-07-17,01243,宏安地產,0.032,-5.88,512076,486400000.0,15.7,,0.0,0
2026-07-17,02671,美聯股份,4.6,6.24,554946,554530023.0,21.9,,0.0,0
2026-07-17,01268,美東汽車,0.455,-12.5,6308351,612542476.0,12.23,,1.0,1
2026-07-17,02878,晶門半導體,0.29,-9.38,4408710,724348182.0,12.77,,0.0,0
2026-07-17,00420,福田實業,0.62,-3.12,537760,759516715.0,12.69,,0.0,0
2026-07-20,03435,恆生招商七十美債,74.22,-0.08,1484880,111330000.0,365.72,,0.0,0
2026-07-20,00328,ALCO HOLDINGS,0.46,5.75,40672110,131740389.0,49.71,,1.0,1
2026-07-20,00294,長江制衣,0.93,0.0,717960,192275350.0,10.92,,0.0,0
2026-07-20,02017,滄海控股,0.38,43.4,1193260,235030760.0,12.62,,0.0,0
2026-07-20,03404,華夏印度,6.36,0.0,5717625,289380000.0,45.61,,0.0,0
2026-07-20,03860,EPS創健科技,0.59,-3.28,817950,343633604.0,24.82,,0.0,0
2026-07-20,02779,中國新華教育,0.31,-3.12,1106600,498660730.0,21.13,,0.0,0
2026-07-20,01319,靄華押業信貸,0.285,-3.39,573080,548427896.0,482.39,,0.0,0
2026-07-20,01622,力高集團,0.159,-15.87,601248,564705882.0,15.53,,0.0,0
2026-07-20,00528,金達控股,1.1,6.8,6763820,692645800.0,205.2,,1.0,1
2026-07-20,01959,中聚投資,1.67,4.37,7803800,885103340.0,14.82,,1.0,1
2026-07-21,08191,鴻偉亞洲,0.095,-20.83,1340862,33633841.0,12.77,,1.0,1
2026-07-21,02320,合豐集團,0.086,36.51,1016198,70317384.0,23.12,,0.0,0
2026-07-21,01160,金石資本集團,0.4,0.0,8161000,94908500.0,25.97,,1.0,1
2026-07-21,01869,貓屎咖啡控股,0.12,26.32,6598550,203076000.0,49.56,,1.0,1
2026-07-21,00776,帝國科技集團,0.365,-6.41,5706675,245220706.0,15.44,,1.0,1
2026-07-21,01962,訓修實業,0.455,0.0,1368820,280341880.0,40.7,,0.0,0
2026-07-21,09938,華和控股,0.345,44.35,8984450,345000000.0,587.91,,1.0,1
2026-07-21,00875,從玉智農,0.495,1.02,2237380,346028053.0,13.14,,1.0,1
2026-07-21,01669,環球信貸集團,1.27,0.79,506760,508000000.0,10.24,,0.0,0
2026-07-21,00750,水發興業能源,0.21,2.44,966174,529427174.0,16.7,,0.0,0
2026-07-21,02501,邁越科技,1.26,18.87,3359900,630000000.0,19.36,,0.0,0
2026-07-21,02503,中深建業,0.26,12.07,7970524,892541284.0,10.31,,1.0,1
2026-07-21,02458,望塵科技控股,6.91,16.92,20425906,986126984.0,157.5,,1.0,1
2026-07-22,01340,惠生國際,0.51,-7.27,2391000,70597107.0,13.39,,0.0,0
2026-07-22,08221,高裕金融,2.16,-10.0,1911118,102816000.0,44.33,,1.0,1
2026-07-22,00185,正商實業,0.064,18.52,1000438,122456747.0,1569.07,,1.0,1
2026-07-22,02320,合豐集團,0.15,74.42,1921146,122646600.0,13.2,,1.0,1
2026-07-22,01718,宏基集團控股,0.445,8.54,2063585,135333400.0,11.02,,1.0,1
2026-07-22,01869,貓屎咖啡控股,0.1,-16.67,8348230,169230000.0,10.64,,1.0,1
2026-07-22,00243,品質國際,0.5,19.05,1581786,173245266.0,29.06,,0.0,0
2026-07-22,01416,CTR HOLDINGS,0.16,-11.11,2607640,224000000.0,53.98,,0.0,0
2026-07-22,01449,立德教育,0.32,3.23,4636630,256000000.0,76.09,,1.0,1
2026-07-22,00804,鼎石資本,3.8,14.46,564601,261440049.0,11.05,,1.0,1
2026-07-22,01102,環能國際,0.115,53.33,19292903,321929360.0,23.24,,1.0,1
2026-07-22,02322,新質數字,0.08,3.9,2816328,353648000.0,20.06,,0.0,0
2026-07-22,08350,立橋證券控股,0.39,1.3,834200,370524960.0,30.93,,0.0,0
2026-07-22,01692,登輝控股,1.37,-5.52,830140,491830000.0,15.47,,0.0,0
2026-07-22,02101,福祿控股,1.45,21.85,2054573,588730286.0,26.83,,0.0,0
2026-07-22,02501,邁越科技,1.26,0.0,11444740,630000000.0,22.82,,0.0,0
2026-07-22,02562,獅騰控股,1.54,13.24,350058610,718599528.0,19.44,,1.0,1
2026-07-23,01010,天璽曜11,0.04,-20.0,522234,17771767.0,21.19,,1.0,1
2026-07-23,08035,駿高控股,0.051,-1.92,1608640,30600000.0,223.67,,1.0,1
2026-07-23,00065,弘海高新資源,0.19,0.0,1520000,46652014.0,135.05,,1.0,1
2026-07-23,00171,銀建國際,0.046,27.78,1920540,106023082.0,1170.2,,0.0,0
2026-07-23,01718,宏基集團控股,0.55,23.6,12177150,167266000.0,31.69,,1.0,1
2026-07-23,01942,馬可數字科技,0.082,13.89,1129582,168787947.0,11.41,,0.0,0
2026-07-23,02320,合豐集團,0.213,42.0,8982443,174158172.0,26.6,,1.0,1
2026-07-23,00738,萊爾斯丹,0.28,0.0,2006946,194530297.0,76.31,,1.0,1
2026-07-23,09600,新紐科技,0.2,47.06,1905462,199572896.0,44.63,,0.0,0
2026-07-23,00236,香港生力啤,1.11,-3.48,787686,414663322.0,64.95,,0.0,0
2026-07-23,01986,彩客新能源,0.95,20.25,6323230,919490275.0,17.29,,0.0,0
2026-07-24,01232,金輪天地控股,0.28,0.0,582131,58918024.0,29.93,,0.0,0
2026-07-24,03313,雅高控股,0.73,4.29,1037295,103813637.0,79.16,,1.0,1
2026-07-24,00456,新城市建設發展,0.65,10.17,578340,139248775.0,12.72,,0.0,0
2026-07-24,01869,貓屎咖啡控股,0.084,-6.67,50989630,142153200.0,19.45,,1.0,1
2026-07-24,08326,同景新能源,0.145,6.62,945975,177915000.0,289.07,,0.0,0
2026-07-24,01942,馬可數字科技,0.095,15.85,15625182,195547012.0,79.86,,0.0,0
2026-07-24,02370,力高健康生活,1.08,1.89,1267270,216000000.0,40.24,,0.0,0
2026-07-24,01718,宏基集團控股,0.92,67.27,19550180,279790400.0,12.49,,1.0,1
2026-07-24,02540,樂思集團,0.8,-8.05,637800,480000000.0,17.98,,0.0,0
2026-07-24,06113,比特策略,1.26,-6.67,1129580,504000000.0,32.49,,0.0,0
2026-07-24,06828,北京燃氣藍天,0.031,6.9,8225176,704819556.0,51.05,,1.0,1
2026-07-24,00353,能源國際投資,0.365,5.8,847820,772180455.0,13.25,,0.0,0
2026-07-24,02535,泓基集團,0.445,-7.29,26221900,890000000.0,14.31,,1.0,1
2026-07-27,08401,華夏水務集團,0.041,-6.82,1053738,33341635.0,17.18,,1.0,1
2026-07-27,08340,紫荊國際金融,0.62,0.0,1447000,49593800.0,57.34,,1.0,1
2026-07-27,08232,一木集團,0.95,26.67,914400,52962500.0,19.86,,1.0,1
2026-07-27,00810,中國鑄晨81,0.097,27.63,2030454,69136862.0,53.72,,0.0,0
2026-07-27,00544,大同集團,0.69,-30.3,1360955,85346414.0,14.08,,1.0,1
2026-07-27,03313,雅高控股,0.74,1.37,1856235,105235742.0,16.13,,1.0,1
2026-07-27,01933,元力控股,0.24,11.63,633120,120942522.0,19.02,,0.0,0
2026-07-27,00164,中國寶力科技,0.475,1.06,1519675,165899793.0,28.0,,1.0,1
2026-07-27,02349,中國智能基礎設施,0.099,30.26,3778968,309699576.0,49.82,,1.0,1
2026-07-27,01822,中木國際,0.183,4.57,723420,361204917.0,10.1,,0.0,0
2026-07-27,01633,上諭集團,0.6,39.53,22452690,410850000.0,67.0,,1.0,1
2026-07-28,00145,信能低碳,0.189,10.53,1576929,69212143.0,10.65,,1.0,1
2026-07-28,08320,沛然環保,0.129,17.27,727100,94581510.0,58.55,,1.0,1
2026-07-28,08483,名仕快相,0.218,94.64,4749504,174400000.0,447.84,,0.0,0
2026-07-28,06978,永泰生物-B,0.365,-29.81,1708690,225387792.0,23.65,,0.0,0
2026-07-28,03662,星悅康旅,0.345,-2.82,1223305,250556250.0,12.07,,1.0,1
2026-07-28,01795,亞東集團,0.42,-13.4,583770,252000000.0,59.16,,0.0,0
2026-07-28,02885,彼岸控股,0.85,1.19,506420,340000000.0,11.44,,0.0,0
2026-07-28,00235,中策資本控股,0.02,0.0,1574375,407705077.0,11.07,,0.0,0
2026-07-28,02439,中寶新材,0.34,-10.53,57887450,408000000.0,11.27,,1.0,1
2026-07-28,00672,眾安集團,0.083,3.75,518618,467772213.0,12.2,,0.0,0
2026-07-28,01037,雲智匯科技,0.68,61.9,18616260,480197945.0,171.46,,1.0,1
2026-07-28,01243,宏安地產,0.033,0.0,934728,501600000.0,10.48,,0.0,0
2026-07-28,03406,平安科技精選,14.59,-1.15,551424,543477500.0,15.41,,0.0,0
2026-07-28,03477,平安東西精選,17.12,-0.47,511512,633440000.0,21.91,,0.0,0
2026-07-28,01553,邁科管業,1.5,0.67,620940,650700000.0,22.89,,0.0,0
2026-07-28,00993,信控國際資本,0.098,-5.77,1484788,853539429.0,52.87,,0.0,0
2026-07-29,01166,星凱控股,0.189,1.61,922990,26926191.0,81.92,,1.0,1
2026-07-29,08456,民信國際控股,0.29,0.0,1271533,38338856.0,401.11,,1.0,1
2026-07-29,08203,凱順控股,0.089,11.25,1193240,51924010.0,353.8,,1.0,1
2026-07-29,01884,EPRINT集團,0.131,19.09,603592,72050000.0,24.0,,0.0,0
2026-07-29,01933,元力控股,0.315,21.15,2446480,158737061.0,13.96,,0.0,0
2026-07-29,01134,恆發光學,0.335,11.67,4553240,167500000.0,244.82,,1.0,1
2026-07-29,00928,帝王國際投資,0.102,37.84,2576964,188743356.0,14.22,,1.0,1
2026-07-29,01987,BENG SOON MACH,0.217,0.0,614412,217000000.0,21.95,,0.0,0
2026-07-29,01545,設計都會,0.149,4.2,537800,298000000.0,13.86,,0.0,0
2026-07-29,00114,興利集團,0.69,4.55,728200,417098626.0,36.08,,0.0,0
2026-07-29,00804,鼎石資本,6.52,59.02,11779110,448576085.0,122.63,,1.0,1
2026-07-29,03477,平安東西精選,17.38,1.52,2115988,643060000.0,28.66,,0.0,0
2026-07-29,01710,致豐工業電子,0.66,45.05,9829260,660000000.0,19.63,,0.0,0
2026-07-29,00391,美亞娛樂資訊,0.16,49.53,1802200,947798164.0,12.78,,1.0,1
2026-07-29,02651,大眾口腔,19.11,0.53,4866048,966565493.0,20.52,,1.0,1
2026-07-30,01063,新確科技(新),0.063,16.67,581392,19385561.0,18.75,,1.0,1
2026-07-30,01166,星凱控股,0.202,6.88,1453191,28778257.0,14.08,,1.0,1
2026-07-30,08245,烽翼集團,0.111,-1.77,767900,32139081.0,12.41,,1.0,1
2026-07-30,03919,金力集團,0.74,-15.91,1136185,33575280.0,55.36,,1.0,1
2026-07-30,01850,美好生活集團控股,0.435,10.13,15718748,75168000.0,27.5,,1.0,1
2026-07-30,01884,EPRINT集團,0.141,7.63,1924716,77550000.0,22.51,,0.0,0
2026-07-30,08221,高裕金融,2.18,0.0,7881250,103768000.0,13.25,,1.0,1
2026-07-30,01542,台州水務,0.68,-22.73,1627590,136000000.0,341.36,,1.0,1
2026-07-30,01094,承輝國際,0.26,8.33,4603600,184863955.0,208.72,,1.0,1
2026-07-30,08237,華星控股,1.0,-3.85,1998000,201024000.0,18.88,,1.0,1
2026-07-30,00110,中國長遠,0.75,-6.25,6259200,208916916.0,10.8,,1.0,1
2026-07-30,01661,中國前沿科技集團,1.54,-4.35,4622160,293053068.0,11.45,,1.0,1
2026-07-30,00582,神話世界,0.088,20.55,874537,321330362.0,12.76,,0.0,0
2026-07-30,01500,現恆建築,0.4,65.29,15296525,332000000.0,280.09,,1.0,1
2026-07-30,06828,北京燃氣藍天,0.037,8.82,11797125,841236244.0,10.19,,1.0,1
2026-07-30,00419,弘毅文化集團,0.51,25.93,3963350,896148743.0,11.19,,1.0,1
2026-07-31,02211,大健康國際,0.68,4.62,15667542,75171428.0,56.23,,1.0,1
2026-07-31,00910,中國三迪,0.016,14.29,594937,81411321.0,10.54,,0.0,0
2026-07-31,08125,榮記萬通,0.5,4.17,4502880,108366336.0,81.33,,1.0,1
2026-07-31,08368,中國創意控股,0.196,3.16,5161360,135674673.0,1305.68,,1.0,1
2026-07-31,01759,中油潔能控股,0.68,-5.56,526570,146880000.0,13.67,,1.0,1
2026-07-31,00380,中國管業,0.13,10.17,713788,173194580.0,79.49,,0.0,0
2026-07-31,01843,快餐帝國,0.265,10.42,645892,212000000.0,10.29,,0.0,0
2026-07-31,02680,南強控股,5.5,-9.09,763760,330000000.0,15.48,,0.0,0
2026-07-31,00698,通達集團,1.92,2.13,734650,373847332.0,10.24,,0.0,0
2026-07-31,02683,華新手袋國際控股,1.09,-0.91,799180,445402340.0,10.52,,0.0,0
2026-07-31,00018,東方傳媒集團,0.225,-3.85,1931227,539531527.0,23.66,,0.0,0
2026-07-31,02262,梁志天設計集團,0.49,0.0,3120765,559286490.0,10614.85,,1.0,1
2026-07-31,01553,邁科管業,1.55,3.33,2715600,672390000.0,27.15,,0.0,0
2026-07-31,02100,百奧家庭互動,0.35,-1.41,1990060,999803700.0,12.48,,1.0,1
2026-08-03,08079,曌生命,0.89,36.92,2541050,32607109.0,21.69,,1.0,1
2026-08-03,01825,STERLING GP,1.96,113.04,7337710,81285120.0,108.58,,1.0,1
2026-08-03,02223,卡撒天嬌,0.53,6.0,673210,136820560.0,28.8,,0.0,0
2026-08-03,02215,德信服務集團,0.151,86.42,4307281,138600031.0,49.04,,0.0,0
2026-08-03,06663,國際永勝集團,0.285,0.0,559250,228000000.0,30.03,,0.0,0
2026-08-03,01843,快餐帝國,0.32,20.75,1854620,256000000.0,14.91,,0.0,0
2026-08-03,01732,象興科技,0.208,-0.95,637640,266240000.0,39.16,,0.0,0
2026-08-03,02129,LEGION CONSO,0.244,20.2,1425795,305000000.0,35.27,,0.0,0
2026-08-03,00377,中國華君,2.3,27.78,523020,431231257.0,14.98,,1.0,1
2026-08-03,01522,京投交通科技,0.225,-13.46,1931180,471858014.0,22.2,,0.0,0
2026-08-03,02262,梁志天設計集團,0.49,0.0,4148340,559286490.0,13.28,,1.0,1
2026-08-03,02381,蜆殼電業,0.305,-4.69,10496800,610000000.0,10.72,,0.0,0
2026-08-04,08455,禮建德集團,0.016,-27.27,938430,15360000.0,10.67,,1.0,1
2026-08-04,03460,華夏SOL,2.952,1.3,507812,48117600.0,13.71,,0.0,0
2026-08-04,00261,GBA集團,0.246,12.33,5307746,81514973.0,466.55,,0.0,0
2026-08-04,03301,融信中國,0.073,37.74,1508548,122890493.0,130.87,,0.0,0
2026-08-04,02699,新明中國,5.3,5.47,42266544,139393752.0,489.72,,1.0,1
2026-08-04,01596,翼辰實業,0.295,-18.06,789805,264862800.0,23.59,,0.0,0
2026-08-04,02215,德信服務集團,0.335,121.85,6136460,307490135.0,11.89,,0.0,0
2026-08-04,01046,寰宇娛樂文化,0.39,-1.27,7970350,353586588.0,110.21,,0.0,0
2026-08-04,01251,華油能源,0.183,-17.94,3771964,357608352.0,58.4,,0.0,0
2026-08-04,00229,利民實業,0.785,-5.42,553875,393540015.0,168.61,,0.0,0
2026-08-04,06829,龍升集團控股,1.735,2.06,860055,499680000.0,18.37,,0.0,0
2026-08-04,00377,中國華君,4.74,106.09,2632176,888711374.0,31.29,,1.0,1
2026-08-05,01400,滿地科技股份,0.018,0.0,1068510,68431813.0,40.79,,0.0,0
2026-08-05,06158,正榮地產,0.017,54.55,992819,74251852.0,179.55,,0.0,0
2026-08-05,08121,國恩控股,0.5,-9.09,718300,75020000.0,104.11,,0.0,0
2026-08-05,01338,霸王集團,0.029,-12.12,581984,91710781.0,17.44,,0.0,0
2026-08-05,01777,花樣年控股(新),0.028,-26.32,1774634,101594285.0,27.29,,1.0,1
2026-08-05,01233,時代中國控股,0.04,53.85,946091,119843711.0,28.24,,0.0,0
2026-08-05,08029,中投金融科技集團,0.475,7.95,4488850,133038770.0,1148.04,,0.0,0
2026-08-05,03418,華夏數字黃金,33.7,2.43,675045,136933884.0,10.11,,0.0,0
2026-08-05,02699,新明中國,5.43,2.45,52257075,142812844.0,12.13,,1.0,1
2026-08-05,01451,萬成集團股份,1.0,2.04,1469200,204400000.0,12.85,,0.0,0
2026-08-05,01637,順興集團控股,0.55,22.22,3742340,220000000.0,78.38,,0.0,0
2026-08-05,02286,辰興發展,0.385,263.21,2234675,230999996.0,18153.33,,0.0,0
2026-08-05,01120,雅視光學,0.63,-20.25,556070,243345926.0,149.64,,0.0,0
2026-08-05,09608,宋都服務,0.069,64.29,1641780,264960000.0,40.17,,0.0,0
2026-08-05,03301,融信中國,0.177,142.47,11676530,297967361.0,72.73,,0.0,0
2026-08-05,08090,寶蓋新材,5.69,3.45,2741120,329280300.0,14.55,,0.0,0
2026-08-05,01826,豐展控股,0.19,32.87,3542200,455544000.0,52.67,,0.0,0
2026-08-05,01638,佳兆業集團,0.042,13.51,5170458,479935234.0,10.27,,0.0,0
2026-08-05,08037,中國生物科技服務,0.65,3.17,6071575,634225248.0,25.93,,0.0,0
2026-08-05,01085,亨鑫科技,1.88,7.43,2206440,875328000.0,39.81,,0.0,0
2026-08-05,00420,福田實業,0.735,18.55,2096210,900394816.0,87.41,,0.0,0
2026-08-06,02608,陽光100中國,0.01,0.0,699599,25508115.0,19433.31,,0.0,0
2026-08-06,02048,易居企業控股,0.022,29.41,558724,38479310.0,13.68,,0.0,0
2026-08-06,03639,億達中國,0.03,25.0,999272,77519100.0,63.71,,0.0,0
2026-08-06,01233,時代中國控股,0.03,-25.0,2105626,89882783.0,16.55,,0.0,0
2026-08-06,00348,中國智能健康,0.108,80.0,3866097,99853650.0,129.38,,0.0,0
2026-08-06,01663,漢港控股,0.055,19.57,559658,135520000.0,33.28,,0.0,0
2026-08-06,00077,進智公共交通,0.51,2.0,569140,138675630.0,10.76,,0.0,0
2026-08-06,02221,創業集團控股,0.615,18.27,770956,141021476.0,15.56,,0.0,0
2026-08-06,01825,STERLING GP,4.23,11.32,61231119,175426560.0,17.17,,1.0,1
2026-08-06,01939,上善黃金,0.5,35.14,10309510,255940000.0,86.07,,0.0,0
2026-08-06,01451,萬成集團股份,1.28,28.0,2716920,261632000.0,10.64,,0.0,0
2026-08-06,08375,數盟資本,0.9,-18.92,1442400,311040000.0,21.92,,0.0,0
2026-08-06,00037,遠東酒店實業,0.485,-1.02,1795110,364976958.0,12.85,,0.0,0
2026-08-06,00825,新世界百貨中國,0.275,0.0,3094575,463689875.0,41.98,,0.0,0
2026-08-06,02167,天潤雲,3.0,-3.54,1215978,520141200.0,10.52,,0.0,0
2026-08-06,02281,興瀘水務,0.61,-6.15,647125,524423100.0,23.58,,0.0,0
2026-08-06,00711,亞洲聯合基建控股,0.45,1.12,2005750,829310267.0,40.71,,0.0,0
2026-08-07,03919,金力集團,0.71,3.65,6849660,32214120.0,38.9,,1.0,1
2026-08-07,08529,優博控股,0.27,29.81,2058400,138800250.0,12.07,,0.0,0
2026-08-07,01715,智慧健康科技,0.53,11.58,1756700,191202736.0,95.37,,0.0,0
2026-08-07,01460,揚科集團,0.237,1.28,949912,207988904.0,19.28,,0.0,0
2026-08-07,00021,大中華控股,0.082,17.14,932125,325969139.0,13.0,,0.0,0
2026-08-07,00606,中駿商管,0.236,-10.94,1602229,456660000.0,31.79,,0.0,0
2026-08-10,02231,景業名邦集團,0.011,10.0,815838,18107903.0,20.52,,0.0,0
2026-08-10,07777,南方東英 Berkshire 每日槓桿最多 (2x) 產品,62.08,0.94,2461484,27284781.0,12.7,,0.0,0
2026-08-10,02048,易居企業控股,0.029,52.63,1865778,50722726.0,18.16,,0.0,0
2026-08-10,08072,蘭谷股份,0.375,11.94,1061800,63130925.0,177.26,,0.0,0
2026-08-10,08491,COOL LINK,0.325,20.37,710350,129547005.0,32.52,,0.0,0
2026-08-10,01957,大人國際,0.31,14.81,835700,194680000.0,18.87,,0.0,0
2026-08-10,01182,勝龍國際,0.645,0.0,1032350,219825396.0,36.91,,0.0,0
2026-08-10,06893,衍生集團,0.213,3.9,731038,232552548.0,16.88,,0.0,0
2026-08-10,02176,賽迪顧問,0.49,-40.96,3286500,343000000.0,86.72,,0.0,0
2026-08-10,06885,金馬能源,0.72,20.0,34687085,385503120.0,446.76,,0.0,0
2026-08-10,02415,梅斯健康,0.75,0.0,4878660,455378212.0,201.75,,0.0,0
2026-08-10,06123,圓通國際快遞,1.3,8.33,911310,546247000.0,15.35,,0.0,0
2026-08-10,01669,環球信貸集團,1.43,5.15,2937820,572000000.0,14.04,,0.0,0
2026-08-10,00206,華商能源,0.196,-19.67,1550825,635713047.0,11.25,,0.0,0
2026-08-10,02167,天潤雲,4.5,50.75,7594592,780211800.0,37.31,,0.0,0
2026-08-11,08620,亞洲速運,0.155,8.39,1047840,97449275.0,37.66,,0.0,0
2026-08-11,01402,超智能控股,0.335,11.67,726750,351917500.0,13.17,,0.0,0
2026-08-11,01631,REF HOLDINGS,1.34,-2.19,767875,411648000.0,46.45,,0.0,0
2026-08-11,06182,乙德投資控股,0.63,-3.08,735840,504000000.0,10.24,,0.0,0
2026-08-11,02671,美聯股份,4.68,14.29,3570987,564174023.0,517.29,,0.0,0
2026-08-11,02536,百樂皇宮,0.84,0.0,747600,677538960.0,25.63,,0.0,0
2026-08-12,08191,鴻偉亞洲,0.134,25.23,6154148,47441418.0,129.94,,0.0,0
2026-08-12,08283,中食民安,0.158,-15.51,811475,54604800.0,14.64,,0.0,0
2026-08-12,08620,亞洲速運,0.156,0.65,1609585,98077980.0,12.34,,0.0,0
2026-08-12,02113,世紀集團國際,0.165,28.91,1125975,132783750.0,20.03,,0.0,0
2026-08-12,00295,江山控股,0.017,13.33,571250,254395523.0,19.08,,0.0,0
2026-08-12,01265,天津津燃公用,0.15,4.9,504030,275896170.0,18.79,,0.0,0
2026-08-12,06182,乙德投資控股,0.47,-25.4,9226440,376000000.0,63.43,,0.0,0
2026-08-12,01402,超智能控股,0.405,20.9,2478600,425452500.0,19.39,,0.0,0
2026-08-12,03828,明輝國際,0.765,-1.92,1068075,561710963.0,10.57,,0.0,0
2026-08-12,00210,達芙妮國際,0.32,-4.48,504910,633151497.0,17.32,,0.0,0
2026-08-12,02260,環龍控股,1.35,11.57,3005700,652646700.0,216.74,,0.0,0
2026-08-13,01075,首都信息,1.75,-5.91,963555,135537150.0,10.06,,0.0,0
2026-08-13,01351,輝煌明天,0.245,6.52,1466512,147000000.0,153.34,,0.0,0
2026-08-13,01002,威鋮國際,0.057,16.33,695440,158393583.0,25.39,,0.0,0
2026-08-13,02695,印象大紅袍,1.35,-14.01,1906969,194629500.0,27.24,,0.0,0
2026-08-13,08509,威揚酒業控股,0.6,0.0,535200,240000000.0,173.77,,0.0,0
2026-08-13,00936,佳兆業資本,0.345,32.69,926000,365700000.0,20.77,,0.0,0
2026-08-13,06890,康利國際控股,0.645,-25.86,741110,391032540.0,18.45,,0.0,0
2026-08-13,00366,陸氏集團(越南),0.805,-2.42,808210,403805241.0,16.8,,0.0,0
2026-08-13,08189,泰達生物,0.219,46.0,1045580,467324100.0,12.91,,0.0,0
2026-08-13,01630,建成控股,0.35,18.64,3018180,525000000.0,11.74,,0.0,0
2026-08-14,08472,立高控股,0.212,-3.64,1418394,24422400.0,37.7,,0.0,0
2026-08-14,08178,中國信息科技,0.165,0.0,567074,28397681.0,24.2,,0.0,0
2026-08-14,02113,世紀集團國際,0.163,-6.32,8327745,131174250.0,27.8,,0.0,0
2026-08-14,00905,胡桃資本,0.142,29.09,648817,149171126.0,13.41,,0.0,0
2026-08-14,01792,CMON,0.85,1.19,4301311,210528000.0,64.97,,0.0,0
2026-08-14,02370,力高健康生活,1.1,-3.51,1553250,220000000.0,20.26,,0.0,0
2026-08-14,00520,呷哺呷哺,0.28,14.75,1555170,304128855.0,10.85,,0.0,0
2026-08-14,02227,守益控股,0.34,6.25,819500,311304000.0,19.16,,0.0,0
2026-08-14,08350,立橋證券控股,0.38,0.0,5016040,361024320.0,191.98,,0.0,0
2026-08-14,01622,力高集團,0.126,-13.7,863610,447502775.0,11.48,,0.0,0
2026-08-14,02573,新琪安,5.52,15.0,1751030,531196412.0,16.36,,0.0,0
2026-08-14,03477,平安東西精選,17.51,0.23,546354,647870000.0,18.02,,0.0,0
2026-08-14,08148,悟喜生活,1.5,-14.29,770284,687225600.0,14.84,,0.0,0
2026-08-17,08226,樹熊金融集團,0.127,36.56,800085,53023007.0,68.0,,0.0,0
2026-08-17,08491,COOL LINK,0.247,3.35,7064470,98455723.0,18.28,,0.0,0
2026-08-17,00397,嬴集團,0.036,0.0,598930,123222208.0,11.52,,0.0,0
2026-08-17,00889,連達科技控股,0.495,17.86,1862170,158400000.0,14.73,,0.0,0
2026-08-17,00092,冠軍科技集團,0.2,26.58,530250,219522970.0,14.72,,0.0,0
2026-08-17,01397,碧瑤綠色集團,0.74,-20.0,2885580,307100000.0,27.85,,0.0,0
2026-08-17,00831,利亞零售,0.425,13.33,7489730,332408214.0,32.17,,0.0,0
2026-08-17,08350,立橋證券控股,0.385,1.32,8545440,365774640.0,16.19,,0.0,0
2026-08-17,01673,華章科技,0.26,-11.86,894400,414994857.0,13.43,,0.0,0
2026-08-17,01720,普天通信集團,0.39,27.87,10978760,429000000.0,10.95,,0.0,0
2026-08-17,00727,中國豐匯,0.41,-26.79,712295,521456040.0,94.72,,0.0,0
2026-08-17,00279,裕承科金,0.375,-2.6,2514496,523322738.0,44.8,,0.0,0
2026-08-18,08226,樹熊金融集團,0.116,-8.66,3657815,48430463.0,43.82,,0.0,0
2026-08-18,01176,珠光控股,0.022,46.67,1091660,194713921.0,13.99,,0.0,0
2026-08-18,06158,正榮地產,0.054,125.0,11711353,235858824.0,34.03,,0.0,0
2026-08-18,00767,中基長壽科學,0.415,3.75,1494590,264211534.0,10.4,,0.0,0
2026-08-18,00833,華訊,0.61,-25.15,4438579,288565490.0,17.46,,0.0,0
2026-08-18,01527,天潔環境,2.25,25.0,4284647,303750000.0,5174.69,,0.0,0
2026-08-18,02683,華新手袋國際控股,1.1,-0.9,734910,449488600.0,10.21,,0.0,0
2026-08-18,03686,祈福生活服務,0.495,-8.33,2522600,502796250.0,16.6,,0.0,0
2026-08-18,00279,裕承科金,0.385,2.67,5447726,537278010.0,18.35,,0.0,0
2026-08-18,02863,高豐集團控股,0.91,17.42,3705945,627455010.0,10.28,,0.0,0
2026-08-18,00334,華顯光電,0.33,-4.35,683942,697721617.0,25.73,,0.0,0
2026-08-18,09639,榮利營造,0.96,-6.8,2031100,960000000.0,29.93,,0.0,0
2026-08-19,01340,惠生國際,0.515,-0.96,538535,71289236.0,16.24,,0.0,0
2026-08-19,01949,佰達國際控股,0.595,5.31,6735540,137088000.0,83.8,,0.0,0
2026-08-19,01796,中國數智科技,0.31,41.55,5812590,148800000.0,13.0,,0.0,0
2026-08-19,00767,中基長壽科學,0.39,-6.02,4755750,248295177.0,16.45,,0.0,0
2026-08-19,01176,珠光控股,0.034,54.55,3373264,300921514.0,18.19,,0.0,0
2026-08-19,01732,象興科技,0.239,-3.63,5024660,305920000.0,24.51,,0.0,0
2026-08-19,01132,橙天嘉禾,0.11,19.57,1383420,307963596.0,19.52,,0.0,0
2026-08-19,01556,建業建榮,0.26,0.0,530400,390000000.0,22.85,,0.0,0
2026-08-19,00210,達芙妮國際,0.31,-8.82,736280,613365513.0,10.51,,0.0,0
2026-08-19,03428,GX國壽港美,11.2,-0.18,2566256,915040000.0,2403.54,,0.0,0
2026-08-20,08275,中國新消費集團,0.084,3.7,599020,80638786.0,73.75,,0.0,0
2026-08-20,01025,嘉藝控股,0.206,8.42,968624,92157693.0,14.33,,0.0,0
2026-08-20,03444,恆生香港股票,7.61,1.33,557813,95886000.0,307.07,,0.0,0
2026-08-20,02122,凱知樂國際,0.09,-35.25,1334612,122032286.0,56.8,,0.0,0
2026-08-20,02459,升能集團,0.63,16.67,2533145,122094000.0,14.27,,0.0,0
2026-08-20,00821,匯盈控股,0.35,16.67,3323722,129879827.0,12.76,,0.0,0
2026-08-20,08326,同景新能源,0.142,-5.96,7977550,174234000.0,1343.02,,0.0,0
2026-08-20,01978,敘福樓集團,0.235,-16.07,644444,188000000.0,106.8,,0.0,0
2026-08-20,01560,星星集團,0.445,256.0,7007278,285466610.0,838.11,,0.0,0
2026-08-20,01808,企展控股,2.02,-3.81,594108,494674134.0,10.59,,0.0,0
2026-08-20,00980,聯華超市,0.335,13.56,766270,495666000.0,10.19,,0.0,0
2026-08-20,01244,思路迪醫藥股份,3.42,56.88,13940300,882965340.0,38.68,,0.0,0
2026-08-21,02231,景業名邦集團,0.015,15.38,3382402,24692595.0,13.05,,0.0,0
2026-08-21,02608,陽光100中國,0.01,0.0,1111751,25508115.0,14.02,,0.0,0
2026-08-21,00471,中播數據,0.1,-24.81,1433642,47976214.0,38.91,,0.0,0
2026-08-21,08238,玖方數智,0.148,2.78,2712240,51557990.0,56.45,,0.0,0
2026-08-21,01225,隆成金融,0.231,-3.75,512226,53204477.0,53.51,,0.0,0
2026-08-21,00910,中國三迪,0.013,30.0,831570,66146698.0,16.32,,0.0,0
2026-08-21,08275,中國新消費集團,0.095,13.1,2372768,91198627.0,34.88,,0.0,0
2026-08-21,01025,嘉藝控股,0.205,-0.49,5854088,91710325.0,35.8,,0.0,0
2026-08-21,06158,正榮地產,0.035,-14.63,38459856,152871460.0,13.49,,0.0,0
2026-08-21,00970,新耀萊,0.295,0.0,1818860,199231840.0,151.59,,0.0,0
2026-08-21,01354,經發物業,3.01,46.83,4161474,200667068.0,16.85,,0.0,0
2026-08-21,01751,智算能建(二千),0.805,18.38,4333000,328175452.0,96.68,,0.0,0
2026-08-21,08090,寶蓋新材,6.1,10.81,1321322,353007000.0,15.7,,0.0,0
2026-08-21,03448,GX中國科技,120.5,1.56,8725638,361500000.0,12.37,,0.0,0
2026-08-21,00337,綠地香港,0.14,7.69,979713,390863856.0,22.99,,0.0,0
2026-08-21,01011,泰凌醫藥,0.36,18.03,1185500,646762891.0,45.52,,0.0,0
2026-08-21,06959,長久股份,3.52,0.0,3532997,711603200.0,104.74,,0.0,0
2026-08-21,06820,友誼時光,0.365,-7.59,1447540,796010250.0,11.66,,0.0,0
2026-08-21,01793,偉工控股,1.05,28.05,18373040,840000000.0,10.1,,0.0,0
2026-08-24,00601,稀鎂科技,0.07,12.9,739350,41481657.0,182.62,,0.0,0
2026-08-24,08007,環球戰略集團,0.46,5.75,1309850,104106017.0,33.39,,0.0,0
2026-08-24,02012,陽光油砂,0.215,41.45,3823142,152941205.0,34.62,,0.0,0
2026-08-24,08029,中投金融科技集團,0.7,0.0,3335275,196057135.0,812.99,,0.0,0
2026-08-24,01753,兌吧,0.248,78.42,4820145,267052154.0,386.6,,0.0,0
2026-08-24,02170,貝康醫療-B,1.34,-3.6,508312,366524840.0,13.25,,0.0,0
2026-08-24,06989,卓越商企服務,0.5,-5.66,973920,610174000.0,14.64,,0.0,0
2026-08-24,00377,中國華君,4.0,14.94,597918,749967404.0,10.57,,0.0,0
2026-08-25,08430,春能控股,0.079,3.95,504280,13179981.0,706.97,,0.0,0
2026-08-25,03460,華夏SOL,4.014,6.25,1724055,65428200.0,10.41,,0.0,0
2026-08-25,00076,誼礫控股,0.162,20.0,4583315,71993460.0,63.87,,0.0,0
2026-08-25,00065,弘海高新資源,0.295,9.26,768660,72433390.0,66.99,,0.0,0
2026-08-25,00254,國家聯合資源,0.2,49.25,2830726,135152568.0,13.75,,0.0,0
2026-08-25,02497,富景中國控股,0.595,-4.03,1690010,297500000.0,24.87,,0.0,0
2026-08-25,00124,粵海置地,0.201,1.01,784432,344018907.0,11.27,,0.0,0
2026-08-25,00114,興利集團,0.67,-6.94,1038425,405008811.0,17.53,,0.0,0
2026-08-25,09919,艾德韋宣集團,0.75,-2.6,774640,558163500.0,16.32,,0.0,0
2026-08-25,02251,鷹瞳科技-B,9.57,0.0,6374300,966773965.0,90.12,,0.0,0
2026-08-26,08121,國恩控股,0.37,-11.9,1149450,55514800.0,71.34,,0.0,0
2026-08-26,00736,中國置業投資,0.23,15.0,1132741,73737909.0,59.11,,0.0,0
2026-08-26,03444,恆生香港股票,7.59,0.93,940478,95634000.0,16.33,,0.0,0
2026-08-26,00254,國家聯合資源,0.192,-4.0,6272722,129746465.0,13.09,,0.0,0
2026-08-26,00660,瑋俊生物科技,0.48,11.63,1453990,184468697.0,83.4,,0.0,0
2026-08-26,01962,訓修實業,0.495,2.06,3713400,304987320.0,68.11,,0.0,0
2026-08-26,01087,威訊控股,1.33,2.31,1887240,319021248.0,20.89,,0.0,0
2026-08-26,03860,EPS創健科技,0.55,-1.79,1680225,320336411.0,86.35,,0.0,0
2026-08-26,06038,信越控股,0.425,21.43,4555850,426275000.0,94.45,,0.0,0
2026-08-26,06829,龍升集團控股,1.62,0.62,1005040,466560000.0,22.24,,0.0,0
2026-08-26,00160,漢國置業,0.69,-2.82,1231040,497096218.0,75.04,,0.0,0
2026-08-26,01282,中澤豐,0.103,25.61,1111892,515000000.0,24.44,,0.0,0
2026-08-26,01285,嘉士利集團,1.57,25.6,3840880,651550000.0,27.91,,0.0,0
2026-08-26,00239,白花油,2.6,1.56,805138,810264000.0,15.89,,0.0,0
2026-08-26,01985,美高域,2.805,6.65,3808060,859379070.0,12.53,,0.0,0
2026-08-26,02098,卓爾智聯,0.07,7.69,777812,867965406.0,13.44,,0.0,0
2026-08-26,01483,網譽科技,1.16,5.94,8993290,950562000.0,299.97,,0.0,0
2026-08-27,02358,久融控股,0.015,25.0,1096530,82080000.0,17.31,,0.0,0
2026-08-27,00197,亨泰,0.51,36.0,12079535,106697331.0,58.22,,0.0,0
2026-08-27,08007,環球戰略集團,0.485,4.3,2647588,109763953.0,10.83,,0.0,0
2026-08-27,08021,匯隆控股,0.17,1.8,530630,122120359.0,31.11,,0.0,0
2026-08-27,00254,國家聯合資源,0.247,28.65,12319790,166913421.0,11.26,,0.0,0
2026-08-27,09938,華和控股,0.305,17.31,1348200,305000000.0,13.38,,0.0,0
2026-08-27,00862,遠見控股,1.15,-2.95,654300,451281903.0,15.3,,0.0,0
2026-08-27,01909,火岩控股,1.915,-2.79,1047630,465002294.0,24.82,,0.0,0
2026-08-27,06182,乙德投資控股,0.735,23.53,24417400,588000000.0,84.04,,0.0,0
2026-08-27,00450,鴻興印刷集團,0.675,-10.0,887580,612808857.0,12.24,,0.0,0
2026-08-27,01085,亨鑫科技,1.68,1.2,1127930,782208000.0,16.74,,0.0,0
2026-08-27,00420,福田實業,0.655,-5.76,3265420,802392659.0,11.1,,0.0,0
2026-08-27,00950,李氏大藥廠,1.375,22.77,12242348,809648597.0,21.15,,0.0,0
2026-08-28,02048,易居企業控股,0.03,57.89,3609125,52471786.0,23.0,,0.0,0
2026-08-28,09958,力天影業,0.139,13.93,850074,69500000.0,151.8,,0.0,0
2026-08-28,08413,亞洲富思,0.068,17.24,785140,79016000.0,14.48,,0.0,0
2026-08-28,01470,富一國際控股,0.114,-14.29,861880,91200000.0,78.84,,0.0,0
2026-08-28,08021,匯隆控股,0.165,-2.94,784760,118528584.0,11.19,,0.0,0
2026-08-28,01841,優越集團控股,0.485,15.48,2317000,194000000.0,10.91,,0.0,0
2026-08-28,02605,MetaLight,1.3,13.04,1067930,201384901.0,11.5,,0.0,0
2026-08-28,01447,新福港,0.55,0.0,530200,220000000.0,13.48,,0.0,0
2026-08-28,09919,艾德韋宣集團,0.775,1.31,1393031,576768950.0,10.54,,0.0,0
2026-08-28,02536,百樂皇宮,0.81,-2.41,1101240,653341140.0,506.55,,0.0,0
2026-08-28,00993,信控國際資本,0.095,-2.06,2024528,827410671.0,161.3,,0.0,0
2026-08-28,00370,港仔機器人,0.28,3.7,15219166,881002916.0,13.38,,0.0,0
2026-08-28,00505,興業合金,1.02,15.91,601850,917549336.0,33.51,,0.0,0
2026-08-31,08139,長安仁恆,1.29,-24.12,517092,49536000.0,10.67,,0.0,0
2026-08-31,08072,蘭谷股份,0.3,-7.69,974400,50504740.0,37.36,,0.0,0
2026-08-31,02246,快狗打車,1.2,-1.64,603720,79225530.0,14.48,,0.0,0
2026-08-31,00261,GBA集團,0.265,1.92,664410,87810845.0,14.3,,0.0,0
2026-08-31,01850,美好生活集團控股,0.61,7.02,27041150,105408000.0,16.72,,0.0,0
2026-08-31,00913,港灣數字,0.183,3.98,512552,162329242.0,31.16,,0.0,0
2026-08-31,01312,華控康泰,0.036,9.09,607596,201188584.0,12.42,,0.0,0
2026-08-31,01690,立基工程控股,0.156,20.0,719510,225455880.0,96.14,,0.0,0
2026-08-31,01939,上善黃金,0.48,20.0,927660,245702400.0,10.05,,0.0,0
2026-08-31,00970,新耀萊,0.365,2.82,2045460,246507192.0,10.74,,0.0,0
2026-08-31,01813,合景泰富集團,0.093,-7.0,782833,317956207.0,12.38,,0.0,0
2026-08-31,00897,位元堂,0.34,15.25,562675,378890182.0,16.78,,0.0,0
2026-08-31,00236,香港生力啤,1.08,-0.92,654470,403456205.0,50.13,,0.0,0
2026-08-31,02226,老恆和釀造,0.715,19.17,799395,413806250.0,39.09,,0.0,0
2026-08-31,00021,大中華控股,0.109,32.93,2484693,433300441.0,14.37,,0.0,0
2026-08-31,08229,未來數據集團,0.83,-1.78,963575,461048400.0,10.4,,0.0,0
2026-08-31,01861,保寶龍科技,2.1,-4.11,1237840,491226225.0,24.97,,0.0,0
2026-08-31,01746,萬順集團控股,0.54,17.39,8769320,540000000.0,120.23,,0.0,0
2026-08-31,09689,金泰豐國際控股,0.495,-10.0,1230680,552420000.0,10.03,,0.0,0
2026-08-31,03406,平安科技精選,15.03,-0.2,2457138,559867500.0,16.35,,0.0,0
2026-08-31,01669,環球信貸集團,1.47,-4.85,1848410,588000000.0,14.09,,0.0,0
2026-08-31,03477,平安東西精選,17.7,-0.78,1719706,654900000.0,25.12,,0.0,0
2026-08-31,02515,天津建發,2.58,19.17,1785420,801716292.0,20.54,,0.0,0
2026-09-01,00646,中國環保科技,0.118,-16.9,750736,40438357.0,22.8,,0.0,0
2026-09-01,08051,訊智海,2.46,0.0,2190876,64055406.0,1080.42,,0.0,0
2026-09-01,01340,惠生國際,0.525,0.0,2342780,72673492.0,32.93,,0.0,0
2026-09-01,08187,積木集團,0.525,0.0,4920900,79634016.0,64.29,,0.0,0
2026-09-01,01891,興合控股,0.159,-0.62,599268,159000000.0,16.25,,0.0,0
2026-09-01,01901,飛揚集團,0.167,-1.18,1379304,166732800.0,55.35,,0.0,0
2026-09-01,02048,易居企業控股,0.109,289.29,36344772,190647489.0,52.1,,0.0,0
2026-09-01,00910,中國三迪,0.042,180.0,5891988,213704717.0,43.86,,0.0,0
2026-09-01,01792,CMON,0.925,0.54,2176089,229104000.0,13.36,,0.0,0
2026-09-01,01455,科利實業控股,0.285,14.0,959000,364390312.0,13.79,,0.0,0
2026-09-01,01420,川控股,0.28,21.74,1526980,375942336.0,59.27,,0.0,0
2026-09-01,00244,先施,0.3,-1.64,1060140,394188768.0,14.82,,0.0,0
2026-09-01,03411,PP亞洲美債,77.18,-0.05,970054,401336000.0,66.09,,0.0,0
2026-09-02,00997,普匯中金國際,0.028,64.71,1214508,32740057.0,147.28,,0.0,0
2026-09-02,01195,京維集團,0.019,26.67,3000296,54987743.0,274.79,,0.0,0
2026-09-02,08082,擎華控股,0.022,10.0,2374570,58801945.0,38.42,,0.0,0
2026-09-02,00646,中國環保科技,0.185,56.78,2390804,63399119.0,22.14,,0.0,0
2026-09-02,08187,積木集團,0.53,0.95,9750670,80392435.0,17.15,,0.0,0
2026-09-02,03639,億達中國,0.035,2.94,10438674,90438950.0,34.47,,0.0,0
2026-09-02,00653,卓悅控股,0.06,36.36,3114072,112492684.0,14.03,,0.0,0
2026-09-02,00328,ALCO HOLDINGS,0.475,7.95,5706150,136036271.0,14.53,,0.0,0
2026-09-02,01894,恆益控股,0.625,14.68,2003784,145848125.0,10.11,,0.0,0
2026-09-02,02320,合豐集團,0.2,-3.85,2477876,163528800.0,11.97,,0.0,0
2026-09-02,01094,承輝國際,0.425,6.25,8160341,302181466.0,82.96,,0.0,0
2026-09-02,00672,眾安集團,0.08,0.0,634097,450864784.0,14.95,,0.0,0
2026-09-02,08229,未來數據集團,0.815,-1.81,2659100,452716200.0,12.22,,0.0,0
2026-09-02,00149,中國農產品交易,0.063,0.0,821431,627043273.0,10.79,,0.0,0
2026-09-02,02120,康寧醫院,10.18,0.79,3462166,716662838.0,26.51,,0.0,0
2026-09-02,06676,找鋼網-W,0.75,4.17,2093645,803796283.0,18.03,,0.0,0
2026-09-03,03410,恆生日本東證一百,7.31,1.67,2224160,48756238.0,10.2,,0.0,0
2026-09-03,00923,綜合環保集團,0.017,6.25,531466,81991153.0,133.84,,0.0,0
2026-09-03,08237,華星控股,0.58,9.43,2184930,116593920.0,30.11,,0.0,0
2026-09-03,01996,弘陽地產,0.037,32.14,1918645,123539226.0,85.37,,0.0,0
2026-09-03,03708,中國供應鏈產業,0.189,-1.05,1556240,137455920.0,33.72,,0.0,0
2026-09-03,02320,合豐集團,0.217,8.5,5883974,177428748.0,13.32,,0.0,0
2026-09-03,01792,CMON,1.0,-1.96,5686171,247680000.0,13.96,,0.0,0
2026-09-03,01314,翠華控股,0.185,-1.6,593880,261076893.0,15.2,,0.0,0
2026-09-03,01939,上善黃金,0.53,0.0,3290350,271296400.0,10.04,,0.0,0
2026-09-03,01265,天津津燃公用,0.151,0.67,651250,277735478.0,132.88,,0.0,0
2026-09-03,01407,交運燃氣,0.665,14.66,1161340,292600000.0,10.01,,0.0,0
2026-09-03,09982,中原建業,0.103,9.57,2855582,477777554.0,16.69,,0.0,0
2026-09-03,02863,高豐集團控股,0.71,4.41,48197910,489552810.0,53.56,,0.0,0
2026-09-03,06182,乙德投資控股,0.65,28.71,132050520,520000000.0,23.44,,0.0,0
2026-09-03,02779,中國新華教育,0.34,4.62,1369525,546918220.0,10.82,,0.0,0
2026-09-03,02392,玄武雲,1.045,-0.48,6365928,579827655.0,53.63,,0.0,0
2026-09-03,08037,中國生物科技服務,0.61,0.0,5957650,595196002.0,88.99,,0.0,0
2026-09-03,06898,中國鋁罐,0.685,3.01,1873240,644859685.0,16.78,,0.0,0
2026-09-03,03428,GX國壽港美,11.54,0.52,1035899,942818000.0,14.42,,0.0,0
2026-09-04,01393,恆鼎實業,0.028,27.27,5553779,128947263.0,28.15,,0.0,0
2026-09-04,08483,名仕快相,0.166,-8.29,1032352,132800000.0,17.88,,0.0,0
2026-09-04,01663,漢港控股,0.065,30.0,909850,160160000.0,14.03,,0.0,0
2026-09-04,03997,電訊首科,1.28,-9.22,1534370,164277760.0,11.84,,0.0,0
2026-09-04,00328,ALCO HOLDINGS,0.615,3.36,12628011,176131172.0,10.78,,0.0,0
2026-09-04,02322,新質數字,0.06,17.65,3749944,265236000.0,13.27,,0.0,0
2026-09-04,01094,承輝國際,0.375,-11.76,27613965,266630705.0,29.66,,0.0,0
2026-09-04,03789,禦佳控股,0.228,3.64,894564,273600000.0,28.31,,0.0,0
2026-09-04,08375,數盟資本,0.9,-0.55,555000,311040000.0,15.17,,0.0,0
2026-09-04,01587,欣融國際,0.5,0.0,3408280,340000000.0,28.94,,0.0,0
2026-09-04,00756,森美控股,1.08,22.73,595240,367802926.0,15.64,,0.0,0
2026-09-04,02170,貝康醫療-B,1.375,0.0,921342,376098250.0,13.53,,0.0,0
2026-09-04,00529,新龍國際,1.7,-6.85,680000,472543332.0,37.26,,0.0,0
2026-09-04,00201,華大酒店,0.062,-6.06,1430718,554717182.0,27.32,,0.0,0
2026-09-04,02167,天潤雲,5.12,-0.58,6321754,887707648.0,10.86,,0.0,0
2026-09-07,08385,萬里印刷,0.095,-3.06,1112877,9916860.0,20.1,,0.0,0
2026-09-07,08471,新達控股,0.39,44.44,1561875,28688400.0,65.45,,0.0,0
2026-09-07,01842,植華集團,0.043,16.22,680924,61920000.0,74.85,,0.0,0
2026-09-07,00261,GBA集團,0.265,0.0,3545790,87810845.0,16.14,,0.0,0
2026-09-07,01160,金石資本集團,0.4,0.0,640000,94908500.0,80.0,,0.0,0
2026-09-07,06988,樂享集團,0.06,39.53,1100497,142315632.0,25.03,,0.0,0
2026-09-07,02370,力高健康生活,1.225,4.7,968745,245000000.0,13.13,,0.0,0
2026-09-07,02545,中贛通信,0.42,1.2,500470,268800000.0,47.95,,0.0,0
2026-09-07,00979,綠色能源科技集團,0.445,39.06,2320787,603557138.0,17.0,,0.0,0
2026-09-07,00360,新焦點,0.042,50.0,9812460,723111831.0,186.17,,0.0,0
2026-09-07,00538,味千(中國),0.795,1.27,15731792,867773362.0,40.14,,0.0,0
2025-06-26,08293,星亞控股,0.094,70.91,513130,20213769.0,355.35,,0.0,0
2025-06-26,08226,樹熊金融集團,0.148,7.25,1905470,61790591.0,361.84,,0.0,0
2025-06-26,01235,專業旅運,0.165,13.01,1422750,84126735.0,151.21,,0.0,0
2025-06-26,01647,雄岸科技,0.085,11.84,8403100,101578400.0,20.6,,0.0,0
2025-06-26,08267,藍港互動,0.33,15.79,3091200,121932678.0,25.17,,0.0,0
2025-06-26,02212,高鵬礦業,0.1,0.0,590820,126389920.0,844.03,,0.0,0
2025-06-26,00510,時富金融服務集團,0.295,9.26,762300,127196560.0,12.25,,0.0,0
2025-06-26,08350,立橋證券控股,0.142,-11.25,732890,134909088.0,30.71,,0.0,0
2025-06-26,01987,BENG SOON MACH,0.136,3.82,719460,136000000.0,33.47,,0.0,0
2025-06-26,01305,偉志控股,0.79,0.0,500720,171134540.0,238.21,,0.0,0
2025-06-26,01150,米蘭站,0.164,12.33,687820,173337611.0,15.41,,0.0,0
2025-06-26,02263,富石金融,0.191,-4.5,1132500,191000000.0,13.28,,0.0,0
2025-06-26,01895,鑫苑服務,0.445,-2.2,2437410,263901688.0,25.61,,0.0,0
2025-06-26,06882,東瀛遊,0.575,3.6,3453300,288908750.0,25.83,,0.0,0
2025-06-26,02699,新明中國,11.171,19.02,2420050,293805209.0,17.83,,0.0,0
2025-06-26,01822,中木國際,0.16,15.94,961930,315807578.0,19.84,,0.0,0
2025-06-26,06866,佐力科創,0.281,1.81,581210,331580000.0,48.18,,0.0,0
2025-06-26,01856,依波路,0.96,-3.03,4320260,345847212.0,46.29,,0.0,0
2025-06-26,06118,奧星生命科技,0.7,1.45,2584140,358807400.0,17.18,,0.0,0
2025-06-26,01073,大禹金融,0.115,-8.0,792450,393068916.0,21.3,,0.0,0
2025-06-26,00227,第一上海,0.39,9.86,44228130,854365163.0,13.78,,0.0,0
2025-06-26,03329,交銀國際,0.325,-2.99,8491240,888677400.0,11.34,,0.0,0
2025-06-26,01278,中國新城鎮,0.099,17.86,1389320,962898395.0,11.75,,0.0,0
2025-06-27,08475,易站綠色科技,0.071,-43.2,1139395,4839360.0,19.16,,0.0,0
2025-06-27,08320,沛然環保,0.095,-9.52,1665360,69653050.0,3589.14,,0.0,0
2025-06-27,02682,潤利海事,0.108,20.0,3383980,108000000.0,109.52,,0.0,0
2025-06-27,00185,正商實業,0.075,0.0,667980,143504000.0,33.31,,0.0,0
2025-06-27,08267,藍港互動,0.39,18.18,5513500,144102256.0,12.98,,0.0,0
2025-06-27,01792,CMON,0.756,4.85,796460,187246080.0,27.35,,0.0,0
2025-06-27,02031,澳至尊,0.36,4.35,652950,274320000.0,12.6,,0.0,0
2025-06-27,01961,多牛科技,0.38,-2.56,1230740,279034446.0,30.36,,0.0,0
2025-06-27,01636,中國金屬利用,0.78,122.86,2111550,349561466.0,42.14,,0.0,0
2025-06-27,03389,亨得利,0.128,21.9,1699510,563714427.0,53.2,,0.0,0
2025-06-27,02530,紐曼思,0.635,4.96,4520560,635000000.0,62.18,,0.0,0
2025-06-27,00184,激成投資,2.14,1.42,533230,728028000.0,12.54,,0.0,0
2025-06-27,00237,安全貨倉,1.92,6.08,1980640,777600000.0,30.14,,0.0,0
2025-06-27,01846,德視佳,2.756,-3.5,1581540,883865736.0,12.99,,0.0,0
2025-06-27,01082,源宇宙教育,1.52,-1.3,1015440,924231258.0,34.42,,0.0,0
2025-06-30,08226,樹熊金融集團,0.189,26.85,6818010,78908254.0,19.36,,0.0,0
2025-06-30,01695,椰豐集團,0.09,-3.23,648400,97200000.0,11.29,,0.0,0
2025-06-30,01132,橙天嘉禾,0.049,16.67,3160490,137183783.0,257.37,,0.0,0
2025-06-30,01473,環聯連訊,0.145,4.32,811470,171453987.0,23.95,,0.0,0
2025-06-30,08509,威揚酒業控股,0.53,6.0,1112700,212000000.0,17.54,,0.0,0
2025-06-30,00630,雋泰控股,0.27,65.64,1099740,261238984.0,16.54,,0.0,0
2025-06-30,01643,現代中藥集團,0.38,5.56,611790,273600000.0,12.14,,0.0,0
2025-06-30,00328,ALCO HOLDINGS,1.122,2.19,2863470,321331992.0,16.68,,0.0,0
2025-06-30,00927,富士高實業,0.63,14.55,768600,321933150.0,65.26,,0.0,0
2025-06-30,01489,GC CONSTRUCTION,0.325,0.0,1476400,325000000.0,11.55,,0.0,0
2025-06-30,06913,華南職業教育,0.26,0.0,866430,346840000.0,15.16,,0.0,0
2025-06-30,00413,南華集團控股,0.031,0.0,3268110,409860367.0,240.34,,0.0,0
2025-06-30,00789,雅天妮集團,1.55,-1.59,778300,410430119.0,14.04,,0.0,0
2025-06-30,00582,神話世界,0.134,8.94,578600,489298506.0,25.71,,0.0,0
2025-06-30,00496,卡森國際,0.36,10.77,559650,661154887.0,15.28,,0.0,0
2025-06-30,02540,樂思集團,1.31,0.77,7259400,786000000.0,11.2,,0.0,0
2025-06-30,01483,網譽科技,1.2,14.29,630900,983340000.0,63.09,,0.0,0
2025-07-02,01621,域高國際控股,0.087,7.41,565400,87000000.0,21.97,,0.0,0
2025-07-02,02266,黎氏企業,0.29,-6.45,550530,116000000.0,13.56,,0.0,0
2025-07-02,08143,金威醫療,0.119,-10.53,728560,160978437.0,26.63,,0.0,0
2025-07-02,00893,中國鐵鈦,0.075,20.97,1827640,168676156.0,34.82,,0.0,0
2025-07-02,00953,邵氏兄弟控股,0.155,29.17,9640770,220039550.0,99.15,,0.0,0
2025-07-02,00757,陽光能源,0.081,15.71,1332400,269225462.0,18.33,,0.0,0
2025-07-02,00114,興利集團,0.49,2.08,688600,296200474.0,13.9,,0.0,0
2025-07-02,01643,現代中藥集團,0.43,13.16,1419600,309600000.0,13.14,,0.0,0
2025-07-02,01795,亞東集團,0.69,23.21,4178760,414000000.0,73.91,,0.0,0
2025-07-02,00320,金寶通,0.536,28.85,1182240,451601440.0,134.53,,0.0,0
2025-07-02,02530,紐曼思,0.655,0.0,5694640,655000000.0,11.15,,0.0,0
2025-07-02,03300,中國玻璃,0.365,15.87,1799030,670219664.0,10.51,,0.0,0
2025-07-02,01346,利華控股集團,1.14,-4.2,62236600,728574000.0,67.26,,0.0,0
2025-07-02,06136,康達環保,0.365,10.61,1922720,842058102.0,19.66,,0.0,0
2025-07-02,00399,星太鏈集團,0.26,26.21,36698360,852048061.0,118.38,,0.0,0
2025-07-03,08092,ITE HOLDINGS,0.045,40.62,579740,41647860.0,27.97,,0.0,0
2025-07-03,00657,環科國際,0.028,27.27,1489980,54496795.0,181.17,,0.0,0
2025-07-03,00518,同得仕(集團),0.199,-2.93,680300,89762444.0,201.81,,0.0,0
2025-07-03,00712,卡姆丹克太陽能,0.098,13.95,2312060,103872494.0,35.41,,0.0,0
2025-07-03,01165,順風清潔能源,0.021,31.25,1254900,106729885.0,17.76,,0.0,0
2025-07-03,01671,天保能源,0.81,6.58,1889200,129535935.0,27.81,,0.0,0
2025-07-03,08143,金威醫療,0.144,21.01,1805430,194797436.0,18.28,,0.0,0
2025-07-03,01001,滬港聯合,0.315,-1.56,601100,200500119.0,17.14,,0.0,0
2025-07-03,02455,潤華服務,0.68,15.25,2127820,204000000.0,186.98,,0.0,0
2025-07-03,01631,REF HOLDINGS,0.67,34.0,1155000,205824000.0,72.37,,0.0,0
2025-07-03,08087,中國三三集團,0.342,32.56,2193610,221616000.0,12.25,,0.0,0
2025-07-03,01795,亞東集團,0.6,-13.04,5906190,360000000.0,12.5,,0.0,0
2025-07-03,00970,新耀萊,0.55,-14.06,1016510,371449194.0,29.32,,0.0,0
2025-07-03,08269,倍升教育科技,0.435,74.7,10062380,387464418.0,17.17,,0.0,0
2025-07-03,00320,金寶通,0.546,1.87,2523340,460026840.0,20.11,,0.0,0
2025-07-03,02205,康橋悅生活,0.68,0.0,20189880,476000000.0,37113.75,,0.0,0
2025-07-03,08328,信義儲電,0.74,12.12,569900,581294885.0,13.51,,0.0,0
2025-07-03,01282,中澤豐,0.136,17.24,2851600,680000000.0,27.05,,0.0,0
2025-07-03,00184,激成投資,2.13,-2.29,1333760,724626000.0,11.16,,0.0,0
2025-07-04,08092,ITE HOLDINGS,0.05,11.11,2240480,46275400.0,30.08,,0.0,0
2025-07-04,01740,新石文化,0.055,-15.38,515100,57062500.0,65.53,,0.0,0
2025-07-04,01949,佰達國際控股,0.35,-1.41,940630,80640000.0,19.61,,0.0,0
2025-07-04,01991,大洋集團,0.75,19.05,2019630,129005025.0,14.79,,0.0,0
2025-07-04,03368,百盛集團,0.07,0.0,2496690,184417258.0,15.69,,0.0,0
2025-07-04,01945,清科控股,1.05,-12.5,6319600,308731920.0,30.84,,0.0,0
2025-07-04,00583,長城環亞控股,0.23,-0.86,541580,360581487.0,11.87,,0.0,0
2025-07-04,02377,博奇環保,0.786,-2.48,1903800,671922066.0,87.42,,0.0,0
2025-07-04,02257,聖諾醫藥-B,6.27,21.28,22592300,703225255.0,12.65,,0.0,0
2025-07-04,01082,源宇宙教育,1.5,0.0,13267560,912070320.0,62.33,,0.0,0
2025-07-07,08018,匯財金融投資,0.038,26.67,1005670,19160852.0,27.85,,0.0,0
2025-07-07,01722,建鵬控股,0.079,49.06,4439300,86900000.0,102.12,,0.0,0
2025-07-07,01421,恆昌集團國際,0.5,5.26,6256000,100097600.0,14.63,,0.0,0
2025-07-07,00515,中華銀科技,0.37,37.04,6139570,105660017.0,14.46,,0.0,0
2025-07-07,01025,嘉藝控股,0.248,5.53,10892940,110947125.0,39.13,,0.0,0
2025-07-07,08450,鉅京控股,0.129,10.26,714040,129000000.0,15.21,,0.0,0
2025-07-07,01222,宏安集團,0.024,4.35,1454010,324928727.0,14.34,,0.0,0
2025-07-07,00673,中國衛生集團,0.273,7.48,1459500,378688726.0,14.06,,0.0,0
2025-07-07,01290,中國匯融,0.67,-2.9,2623120,730524450.0,5907.93,,0.0,0
2025-07-08,08340,紫荊國際金融,0.315,1.61,515450,25196850.0,34.53,,0.0,0
2025-07-08,00899,中加國信,0.311,-4.89,4910130,138444451.0,66.32,,0.0,0
2025-07-08,08450,鉅京控股,0.145,12.4,1329270,145000000.0,11.31,,0.0,0
2025-07-08,06663,國際永勝集團,0.317,12.41,1074300,253600000.0,40.79,,0.0,0
2025-07-08,00620,大唐西市,0.39,56.0,659800,312399840.0,143.75,,0.0,0
2025-07-08,01022,飛魚科技,0.237,5.8,2373960,414617769.0,25.89,,0.0,0
2025-07-08,01046,寰宇娛樂文化,0.52,55.22,1635310,471448784.0,81.72,,0.0,0
2025-07-08,00610,惠記集團,0.66,-1.49,789260,523461862.0,13.23,,0.0,0
2025-07-08,01233,時代中國控股,0.198,3.12,711940,593226369.0,11.55,,0.0,0
2025-07-09,00736,中國置業投資,0.189,-1.05,567400,60593326.0,16.8,,0.0,0
2025-07-09,00243,品質國際,0.192,3.78,534130,66526182.0,18.4,,0.0,0
2025-07-09,01253,綠博生態,0.15,0.0,613820,90617472.0,16.51,,0.0,0
2025-07-09,00510,時富金融服務集團,0.465,25.68,5020820,200496272.0,22.09,,0.0,0
2025-07-09,00994,中天宏信,0.265,72.08,13650500,342116590.0,391.58,,0.0,0
2025-07-09,00620,大唐西市,0.5,28.21,1966290,400512615.0,27.86,,0.0,0
2025-07-09,08645,比特元宇宙,0.58,1.75,1513700,438772320.0,15.83,,0.0,0
2025-07-09,01909,火岩控股,2.213,11.77,2011610,537362964.0,16.06,,0.0,0
2025-07-09,01183,澳能建設,0.168,50.0,1354220,668760824.0,17.53,,0.0,0
2025-07-09,00419,弘毅文化集團,0.39,8.33,5672730,685290216.0,11.07,,0.0,0
2025-07-09,06898,中國鋁罐,0.797,1.27,4039680,750296597.0,22.75,,0.0,0
2025-07-09,00488,麗新發展,0.66,22.22,758150,959197028.0,32.87,,0.0,0
2025-07-10,01160,金石資本集團,0.147,9.7,546000,34878874.0,407.46,,0.0,0
2025-07-10,00601,稀鎂科技,0.09,12.5,790780,53333559.0,19.19,,0.0,0
2025-07-10,08537,創輝珠寶,0.164,-0.61,608080,59040000.0,62.43,,0.0,0
2025-07-10,08245,烽翼集團,0.22,8.91,2803180,63699080.0,1165.08,,0.0,0
2025-07-10,01718,宏基集團控股,0.224,5.66,1157580,68122880.0,14.81,,0.0,0
2025-07-10,01315,綠色經濟,0.147,12.21,928920,91415819.0,102.09,,0.0,0
2025-07-10,01661,中國前沿科技集團,0.65,3.17,786180,123691230.0,30.44,,0.0,0
2025-07-10,06968,港龍中國地產,0.085,0.0,756060,137852915.0,11.59,,0.0,0
2025-07-10,01967,信懇智能,0.465,17.72,878800,139500000.0,17.82,,0.0,0
2025-07-10,00833,華訊,0.39,-7.14,1133960,184492690.0,11.43,,0.0,0
2025-07-10,06158,正榮地產,0.046,12.2,837220,200916776.0,13.81,,0.0,0
2025-07-10,00476,科軒動力控股,0.59,43.9,4616450,209832974.0,62.86,,0.0,0
2025-07-10,00532,王氏港建,0.3,17.65,584550,218969389.0,23.01,,0.0,0
2025-07-10,01080,勝利管道,0.06,42.86,3154600,232461936.0,23.23,,0.0,0
2025-07-10,08481,盛龍錦秀國際,0.6,-1.64,13240300,243102000.0,280.34,,0.0,0
2025-07-10,02349,中國智能基礎設施,0.079,41.07,757190,247134005.0,79.33,,0.0,0
2025-07-10,01777,花樣年控股(新),0.075,11.94,1138280,272127548.0,33.47,,0.0,0
2025-07-10,01062,國開國際投資,0.118,20.41,619500,342461412.0,19.95,,0.0,0
2025-07-10,00583,長城環亞控股,0.24,6.67,2284490,376258943.0,15.91,,0.0,0
2025-07-10,03301,融信中國,0.233,12.56,4205810,392239520.0,17.05,,0.0,0
2025-07-10,00149,中國農產品交易,0.041,2.5,2281650,408075781.0,51.33,,0.0,0
2025-07-10,02376,魯商服務,3.166,48.22,3718660,422154440.0,70.96,,0.0,0
2025-07-10,01966,中駿集團控股,0.117,0.0,1130180,494089377.0,12.0,,0.0,0
2025-07-10,00090,普星能量,1.326,162.06,53333100,608103600.0,614.75,,0.0,0
2025-07-10,01233,時代中國控股,0.21,7.69,1737270,629179483.0,15.15,,0.0,0
2025-07-10,00337,綠地香港,0.255,18.6,7131890,711930594.0,10.5,,0.0,0
2025-07-10,01141,民銀資本,0.69,48.39,8196840,756908398.0,17.64,,0.0,0
2025-07-10,06898,中國鋁罐,0.877,10.04,26033940,825608677.0,45.23,,0.0,0
2025-07-10,01183,澳能建設,0.208,23.81,7688920,827989591.0,39.32,,0.0,0
2025-07-11,01862,景瑞控股,0.011,10.0,660590,16926945.0,23.95,,0.0,0
2025-07-11,01803,北京體育文化-新,0.115,0.0,4546930,19430618.0,848.31,,0.0,0
2025-07-11,00243,品質國際,0.3,53.85,5565700,103947160.0,62.1,,0.0,0
2025-07-11,01049,時富投資,1.38,25.45,1443210,111363490.0,22.47,,0.0,0
2025-07-11,00619,南華金融,0.45,100.89,10046700,135574682.0,1018.32,,0.0,0
2025-07-11,00718,太和控股,0.038,-9.52,517290,199500754.0,17.16,,0.0,0
2025-07-11,08350,立橋證券控股,0.23,47.44,2261200,218514720.0,22.6,,0.0,0
2025-07-11,02263,富石金融,0.28,50.54,3155500,280000000.0,23.49,,0.0,0
2025-07-11,00476,科軒動力控股,1.0,69.49,24747270,355649109.0,47.25,,0.0,0
2025-07-11,01141,民銀資本,0.74,7.25,15054080,811756833.0,13.26,,0.0,0
2025-07-11,00212,南洋集團,24.2,0.0,1508800,822019260.0,27.25,,0.0,0
2025-07-11,00381,權識國際,0.62,26.53,11542050,824863206.0,28.02,,0.0,0
2025-07-14,00339,全球數字控股,0.168,46.09,2778660,72576000.0,16.85,,0.0,0
2025-07-14,01561,聯洋智能控股,0.076,-12.64,871720,80974512.0,26.65,,0.0,0
2025-07-14,08120,國農金融投資,0.53,6.0,1980480,86192183.0,12.54,,0.0,0
2025-07-14,02178,百勤油服,0.076,18.75,2491420,131227276.0,11.26,,0.0,0
2025-07-14,08471,新達控股,1.88,-12.96,2390710,138292800.0,23.35,,0.0,0
2025-07-14,01647,雄岸科技,0.135,35.0,25092400,161330400.0,18.19,,0.0,0
2025-07-14,01555,MI能源,0.05,35.14,4916550,169326276.0,10.9,,0.0,0
2025-07-14,02159,麥迪衛康,0.59,-13.24,9369000,198523200.0,14.07,,0.0,0
2025-07-14,03639,億達中國,0.095,53.23,1510700,245477150.0,89.66,,0.0,0
2025-07-14,02738,華津國際控股,0.425,32.81,1631570,255000000.0,12.34,,0.0,0
2025-07-14,01938,珠江鋼管,0.335,38.43,2932150,338732570.0,36.83,,0.0,0
2025-07-14,00943,中證國際,0.192,-4.0,888030,395635436.0,71.84,,0.0,0
2025-07-14,01036,萬科海外,1.4,3.7,1054180,545339105.0,32.98,,0.0,0
2025-07-14,01373,國際家居零售,0.845,-3.43,5253110,602698785.0,10.42,,0.0,0
2025-07-14,01520,天機控股,0.6,-4.76,33325740,629362988.0,12.84,,0.0,0
2025-07-14,06677,遠洋服務,0.658,11.9,4857480,779072000.0,22.0,,0.0,0
2025-07-15,08112,基石金融,0.134,8.94,1495060,30742072.0,49.65,,0.0,0
2025-07-15,01253,綠博生態,0.16,0.0,1383740,96658637.0,14.65,,0.0,0
2025-07-15,08117,中國基礎能源,0.1,61.29,2171630,102398744.0,31.09,,0.0,0
2025-07-15,08239,首都金融控股,1.13,24.18,1005050,110478926.0,15.04,,0.0,0
2025-07-15,01917,豆盟科技,0.053,-19.7,526500,121900000.0,14.3,,0.0,0
2025-07-15,01949,佰達國際控股,0.535,33.75,2360940,123264000.0,11.05,,0.0,0
2025-07-15,08283,中食民安,0.442,7.02,1944490,152755200.0,15.04,,0.0,0
2025-07-15,00234,新世紀集團,0.033,10.0,544820,190752167.0,30.67,,0.0,0
2025-07-15,00804,鼎石資本,2.876,15.78,7339450,197868837.0,88.87,,0.0,0
2025-07-15,00474,信銘生命科技,0.025,-28.57,1663060,221453170.0,59.01,,0.0,0
2025-07-15,01527,天潔環境,2.19,36.87,6523830,295650000.0,105.16,,0.0,0
2025-07-15,01861,保寶龍科技,1.34,-12.42,1954360,313449115.0,20.85,,0.0,0
2025-07-16,01802,文業集團,0.037,-36.21,1450000,30769200.0,26.78,,0.0,0
2025-07-16,08416,HM INTL HLDGS,0.11,18.28,1083070,46355650.0,38.73,,0.0,0
2025-07-16,00559,德泰新能源集團,0.169,3.05,2774040,88418162.0,43.36,,0.0,0
2025-07-16,00871,中國疏浚環保,0.072,0.0,721820,108279468.0,12.94,,0.0,0
2025-07-16,00261,GBA集團,0.34,1.49,827270,112662971.0,10.63,,0.0,0
2025-07-16,08239,首都金融控股,1.59,40.71,4805040,155452648.0,29.28,,0.0,0
2025-07-16,06933,新娛科控股,0.42,68.0,4612500,179761183.0,86.34,,0.0,0
2025-07-16,02699,新明中國,10.707,6.76,1493140,281601681.0,30.88,,0.0,0
2025-07-16,01298,雲能國際,1.23,75.71,639470,338787510.0,157.5,,0.0,0
2025-07-16,06063,智中國際,0.2,30.72,1337790,400000000.0,246.23,,0.0,0
2025-07-16,01073,大禹金融,0.137,13.22,547240,468264708.0,30.52,,0.0,0
2025-07-16,02146,榮萬家,1.28,0.0,1518720,481280000.0,24.79,,0.0,0
2025-07-16,01851,銀杏教育,1.4,0.0,29695700,700000000.0,1765.5,,0.0,0
2025-07-16,08087,中國三三集團,1.178,72.73,24757060,763344000.0,14.81,,0.0,0
2025-07-16,02481,雙良睿能,2.896,-2.03,5474110,873433600.0,25.68,,0.0,0
2025-07-17,01010,天璽曜11,0.098,5.38,1787000,43540829.0,13.28,,0.0,0
2025-07-17,00197,亨泰,0.238,20.2,515070,49792088.0,10.83,,0.0,0
2025-07-17,01718,宏基集團控股,0.25,10.62,3588560,76030000.0,12.35,,0.0,0
2025-07-17,08120,國農金融投資,0.5,-1.96,4420030,81313380.0,15.03,,0.0,0
2025-07-17,00559,德泰新能源集團,0.236,39.64,6446320,123471516.0,18.97,,0.0,0
2025-07-17,01949,佰達國際控股,0.68,28.3,7570730,156672000.0,10.47,,0.0,0
2025-07-17,08326,同景新能源,0.156,0.0,1156600,191412000.0,17.92,,0.0,0
2025-07-17,01961,多牛科技,0.32,-13.51,1914370,234976376.0,62.85,,0.0,0
2025-07-17,01407,交運燃氣,0.539,35.09,11477460,237160000.0,105.36,,0.0,0
2025-07-17,01895,鑫苑服務,0.452,-6.22,4670340,268052950.0,31.79,,0.0,0
2025-07-17,08267,藍港互動,0.75,20.97,24227400,277119723.0,10.48,,0.0,0
2025-07-17,01460,揚科集團,0.325,16.07,846290,285216851.0,23.35,,0.0,0
2025-07-17,01753,兌吧,0.27,33.0,3353240,290742264.0,22.26,,0.0,0
2025-07-17,00365,芯成科技,0.243,-4.71,702470,353565000.0,16.0,,0.0,0
2025-07-17,02393,巨星醫療控股,0.153,33.04,4603490,356733270.0,11.02,,0.0,0
2025-07-17,01856,依波路,1.23,0.82,15469900,443116740.0,16.63,,0.0,0
2025-07-17,01622,力高集團,0.135,4.65,2703190,479467258.0,110.85,,0.0,0
2025-07-17,01628,禹洲集團,0.41,-10.87,4069850,610074668.0,25.45,,0.0,0
2025-07-17,02197,三葉草生物-B,0.48,35.21,16118600,623328327.0,17.01,,0.0,0
2025-07-17,01780,榮尊國際控股,1.11,-2.63,6477600,688200000.0,137.85,,0.0,0
2025-07-17,01660,七元投資,0.15,7.91,1362330,929250000.0,55.55,,0.0,0
2025-07-18,01862,景瑞控股,0.018,38.46,3104970,27698638.0,15.31,,0.0,0
2025-07-18,02608,陽光100中國,0.012,0.0,764100,30609738.0,12.84,,0.0,0
2025-07-18,01237,中科生物,0.67,34.0,663670,64344824.0,13.92,,0.0,0
2025-07-18,02358,久融控股,0.012,20.0,1655040,65664000.0,132.09,,0.0,0
2025-07-18,00197,亨泰,0.315,32.35,1308220,65901293.0,13.22,,0.0,0
2025-07-18,03938,LFG投資控股,0.198,19.28,1265830,97113139.0,75.23,,0.0,0
2025-07-18,01059,看通集團,0.38,0.0,825750,142512732.0,32.51,,0.0,0
2025-07-18,01549,永豐集團控股,0.098,16.67,589100,151900000.0,39.46,,0.0,0
2025-07-18,01079,松景科技,0.101,48.53,3234260,216145313.0,35.71,,0.0,0
2025-07-18,08123,華億金控,0.659,10.02,850750,227123231.0,1629.79,,0.0,0
2025-07-18,01822,中木國際,0.135,1.5,1177530,266462644.0,61.15,,0.0,0
2025-07-18,02699,新明中國,12.707,6.59,2946460,334203097.0,14.15,,0.0,0
2025-07-18,06118,奧星生命科技,0.71,4.41,1999500,363933220.0,11.45,,0.0,0
2025-07-18,00969,華聯國際,0.168,54.13,1671730,368118240.0,102.58,,0.0,0
2025-07-18,06860,指尖悅動,0.238,17.82,5338200,456504944.0,12.73,,0.0,0
2025-07-18,02146,榮萬家,1.28,1.59,3560700,481280000.0,10.67,,0.0,0
2025-07-18,00334,華顯光電,0.315,16.67,3554480,666006998.0,18.11,,0.0,0
2025-07-18,01980,天鴿互動,0.64,-1.54,5901760,707838824.0,22.02,,0.0,0
2025-07-18,00159,布萊克萬礦業,0.089,-1.11,909600,825940660.0,44.76,,0.0,0
2025-07-21,08007,環球戰略集團,0.237,-3.66,4677380,53637231.0,19.56,,0.0,0
2025-07-21,08160,GOLDWAY EDU,0.395,-4.82,4310280,84842816.0,70.04,,0.0,0
2025-07-21,00104,冠亞商業,0.204,-6.42,1857670,152413137.0,55.08,,0.0,0
2025-07-21,01732,象興科技,0.125,0.81,3203400,160000000.0,16.38,,0.0,0
2025-07-21,01215,開源控股,0.016,14.29,625660,204462077.0,53.56,,0.0,0
2025-07-21,00380,中國管業,0.178,14.84,1703830,237143348.0,17.83,,0.0,0
2025-07-21,01936,利特米,0.57,1.79,1189260,266054340.0,104.38,,0.0,0
2025-07-21,01822,中木國際,0.136,0.74,1524770,268436441.0,12.01,,0.0,0
2025-07-21,00875,從玉智農,0.405,47.27,12868900,283113861.0,14.81,,0.0,0
2025-07-21,00042,東北電氣,0.345,40.82,9693200,301312650.0,187.89,,0.0,0
2025-07-21,01079,松景科技,0.147,45.54,4779980,314587733.0,13.01,,0.0,0
2025-07-21,06188,迪信通,0.405,132.76,11021100,359016462.0,197.65,,0.0,0
2025-07-21,00858,精優藥業,0.13,47.73,23654230,377000000.0,53.8,,0.0,0
2025-07-21,01202,四威科技,0.949,7.96,1953480,379600000.0,13.79,,0.0,0
2025-07-21,01795,亞東集團,0.65,1.56,1086600,390000000.0,10.3,,0.0,0
2025-07-21,00202,潤中國際控股,0.055,-1.79,700880,401190315.0,19.41,,0.0,0
2025-07-21,02297,潤邁德-B,0.345,56.82,3506300,483468786.0,13.43,,0.0,0
2025-07-21,01084,綠新生物科技,0.698,0.0,4900160,610135760.0,153.43,,0.0,0
2025-07-21,02521,升輝清潔,0.32,3.23,2078700,623915200.0,10.42,,0.0,0
2025-07-21,00611,中國核能科技,0.46,10.84,10557490,851936993.0,11.0,,0.0,0
2025-07-22,03321,中科集團控股,0.59,1.72,1331130,45825064.0,16.05,,0.0,0
2025-07-22,00602,佳華百貨控股,0.048,26.32,1925160,49800000.0,719.96,,0.0,0
2025-07-22,08096,賞之味股權,0.113,0.0,704900,54381250.0,165.2,,0.0,0
2025-07-22,02433,中天湖南集團,0.116,-41.41,58152600,66816000.0,30.12,,0.0,0
2025-07-22,00747,沈陽公用發展股份,0.061,15.09,1488890,89631936.0,30.5,,0.0,0
2025-07-22,00840,天業節水,0.216,20.0,1291860,112216657.0,91.06,,0.0,0
2025-07-22,00984,永旺,0.49,25.64,5214680,127400000.0,365.15,,0.0,0
2025-07-22,02336,碩奧國際,0.09,7.14,719130,163431969.0,439.57,,0.0,0
2025-07-22,00417,謝瑞麟,0.68,-15.0,617800,169443780.0,12.15,,0.0,0
2025-07-22,01305,偉志控股,0.82,5.13,3350440,177633320.0,479.59,,0.0,0
2025-07-22,01217,中國創新投資,0.014,27.27,4643960,179222101.0,24.67,,0.0,0
2025-07-22,01351,輝煌明天,0.315,-1.56,945000,189000000.0,31.35,,0.0,0
2025-07-22,00893,中國鐵鈦,0.101,31.17,7017190,227150556.0,48.5,,0.0,0
2025-07-22,00759,CEC國際,0.46,259.38,56304110,306447767.0,2388.6,,0.0,0
2025-07-22,00767,中基長壽科學,0.51,5.15,2760890,324693693.0,14.17,,0.0,0
2025-07-22,01393,恆鼎實業,0.071,7.58,822210,326973418.0,11.66,,0.0,0
2025-07-22,02545,中贛通信,0.52,25.3,13009700,332800000.0,31.36,,0.0,0
2025-07-22,00679,亞洲聯網科技,0.93,2.2,628850,352222062.0,12.82,,0.0,0
2025-07-22,01847,雲南建投混凝土,0.84,58.49,20904200,374868480.0,475.17,,0.0,0
2025-07-22,01265,天津津燃公用,0.227,13.5,707280,417522871.0,32.22,,0.0,0
2025-07-22,01795,亞東集團,0.79,21.54,5778480,474000000.0,27.03,,0.0,0
2025-07-22,06118,奧星生命科技,1.08,38.46,5846010,553588560.0,11.91,,0.0,0
2025-07-22,08368,中國創意控股,1.0,13.64,786500,692217719.0,17.75,,0.0,0
2025-07-22,02289,創美藥業,6.497,-3.13,2247660,701676000.0,531.36,,0.0,0
2025-07-22,06136,康達環保,0.365,8.96,11868750,842058102.0,12.5,,0.0,0
2025-07-23,00428,中國天弓控股,0.26,17.65,6597640,40107142.0,29.51,,0.0,0
2025-07-23,00061,綠領控股,0.432,10.2,3158930,56836124.0,26.69,,0.0,0
2025-07-23,00645,安域亞洲,0.174,89.13,4506260,89292520.0,66.79,,0.0,0
2025-07-23,01069,中國健康科技集團,0.315,12.5,1437690,97263388.0,11.7,,0.0,0
2025-07-23,00269,中國資源交通,0.011,0.0,2327830,117085025.0,15.6,,0.0,0
2025-07-23,00814,北京京客隆,0.295,-1.67,521420,121604900.0,10.14,,0.0,0
2025-07-23,01000,北青傳媒,0.78,16.42,528840,153901800.0,41.33,,0.0,0
2025-07-23,01129,中國水業集團,0.25,12.61,591110,158048482.0,16.04,,0.0,0
2025-07-23,01449,立德教育,0.265,3.92,2110020,212000000.0,19.54,,0.0,0
2025-07-23,08050,城市酷選,1.05,45.83,1437630,284812500.0,75.54,,0.0,0
2025-07-23,01097,周大福媒體娛樂,0.042,13.51,654770,299654188.0,14.07,,0.0,0
2025-07-23,00185,正商實業,0.157,9.79,1888260,300401707.0,51.33,,0.0,0
2025-07-23,01419,盈健醫療,0.95,14.46,1012060,360574621.0,23.3,,0.0,0
2025-07-23,01738,飛尚無煙煤,0.265,143.12,13582750,365844637.0,1944.84,,0.0,0
2025-07-23,01993,雅仕維,0.82,24.24,4106760,397626806.0,745.19,,0.0,0
2025-07-23,06919,人瑞人才,4.61,15.83,1613240,730434580.0,49.68,,0.0,0
2025-07-23,01022,飛魚科技,0.44,49.15,18984770,769754507.0,22.5,,0.0,0
2025-07-23,06118,奧星生命科技,1.53,41.67,20810880,784250460.0,19.45,,0.0,0
2025-07-24,08186,浩盟控股,0.495,101.22,9104240,56364977.0,319.22,,0.0,0
2025-07-24,02288,宏基資本,0.16,0.63,817820,60071520.0,24.53,,0.0,0
2025-07-24,01376,RAFFLESINTERIOR,0.116,7.41,8086000,116000000.0,97.19,,0.0,0
2025-07-24,00544,大同集團,1.26,65.79,629680,155849973.0,20.26,,0.0,0
2025-07-24,01129,中國水業集團,0.27,8.0,1705900,170692361.0,17.79,,0.0,0
2025-07-24,08637,元續科技,1.32,25.71,1507700,197606640.0,13.12,,0.0,0
2025-07-24,01473,環聯連訊,0.227,9.66,12209670,268414173.0,17.96,,0.0,0
2025-07-24,01097,周大福媒體娛樂,0.041,-2.38,1058290,292519564.0,10.34,,0.0,0
2025-07-24,00213,樂聲電子,0.39,4.0,1086420,355886295.0,87.58,,0.0,0
2025-07-24,01170,信星集團,0.54,-10.0,888080,360179700.0,20.45,,0.0,0
2025-07-24,06988,樂享集團,0.154,43.93,5451300,365276789.0,60.16,,0.0,0
2025-07-24,01636,中國金屬利用,0.87,38.1,4402180,389895482.0,15.54,,0.0,0
2025-07-24,01334,瑞昌國際控股,0.91,0.0,3256350,455000000.0,24.39,,0.0,0
2025-07-24,08368,中國創意控股,0.94,1.08,1818260,650684656.0,12.73,,0.0,0
2025-07-24,02392,玄武雲,1.35,16.38,5464200,749059650.0,21.91,,0.0,0
2025-07-24,01204,博維智慧,1.63,9.4,1317600,815000000.0,47.09,,0.0,0
2025-07-25,00352,富陽,0.143,160.0,4694252,35204225.0,3788.74,,0.0,0
2025-07-25,08402,高原之寶,0.156,0.65,2306000,74881560.0,39.95,,0.0,0
2025-07-25,03683,榮豐億控股,0.085,-30.33,952100,80972149.0,6347.33,,0.0,0
2025-07-25,00348,中國智能健康,0.12,34.83,1333270,110948500.0,25.29,,0.0,0
2025-07-25,01620,富盈環球集團,0.118,35.63,2028300,141600000.0,47.92,,0.0,0
2025-07-25,09918,麗年國際,1.48,25.42,1754700,148000000.0,156.47,,0.0,0
2025-07-25,08462,中安控股集團,0.27,-15.62,4185200,162000000.0,10.52,,0.0,0
2025-07-25,01129,中國水業集團,0.295,9.26,3152140,186497209.0,12.31,,0.0,0
2025-07-25,01218,永義國際,1.6,-5.88,641690,236762890.0,33.99,,0.0,0
2025-07-25,00500,先豐服務集團,0.11,4.76,1730310,264372447.0,17.76,,0.0,0
2025-07-25,00544,大同集團,2.5,98.41,1235800,309226138.0,13.26,,0.0,0
2025-07-25,01612,永勝醫療,0.78,27.87,17236620,514877089.0,25.97,,0.0,0
2025-07-25,00433,北方礦業,0.036,-2.7,3437040,540077054.0,12.78,,0.0,0
2025-07-25,02392,玄武雲,1.5,11.11,8850200,832288500.0,11.76,,0.0,0
2025-07-28,08425,興銘控股,0.061,5.17,604000,22936000.0,103.78,,0.0,0
2025-07-28,08286,長城微光,0.146,44.55,747190,45093560.0,11.38,,0.0,0
2025-07-28,08366,浙江聯合投資,0.039,116.67,1281600,61510800.0,6102.86,,0.0,0
2025-07-28,00574,百信國際,0.05,51.52,2868390,99528803.0,56.89,,0.0,0
2025-07-28,01695,椰豐集團,0.099,10.0,980900,106920000.0,30.21,,0.0,0
2025-07-28,00876,佳兆業健康,1.05,-4.55,2932700,108814392.0,34.17,,0.0,0
2025-07-28,08535,熒德控股,0.091,1.11,3392280,109200000.0,65.76,,0.0,0
2025-07-28,08106,芯化蘭德,0.265,167.68,6565880,148087610.0,106.46,,0.0,0
2025-07-28,09918,麗年國際,1.85,25.0,4122720,185000000.0,22.08,,0.0,0
2025-07-28,01459,巨匠建設,0.415,0.0,1415730,221344400.0,19.92,,0.0,0
2025-07-28,03860,EPS創健科技,0.47,6.82,914200,273742024.0,10.89,,0.0,0
2025-07-28,01201,天臣控股,0.85,41.67,1394950,373732444.0,36.31,,0.0,0
2025-07-28,00582,神話世界,0.116,-7.94,2129630,423571841.0,15.98,,0.0,0
2025-07-28,06885,金馬能源,1.02,2.0,4005070,546129420.0,27.58,,0.0,0
2025-07-28,01692,登輝控股,1.855,-14.71,2245520,665945000.0,12.23,,0.0,0
2025-07-28,02438,出門問問,0.5,26.58,44848700,774422178.0,22.73,,0.0,0
2025-07-28,03882,天彩控股,0.83,-17.82,4619020,837127588.0,17.28,,0.0,0
2025-07-28,00720,意達利控股,0.149,0.68,684480,915234793.0,11.75,,0.0,0
2025-07-29,01803,北京體育文化-新,0.13,7.44,522190,21965047.0,130.94,,0.0,0
2025-07-29,01736,中國育兒網絡,1.1,100.0,12216960,56252023.0,534.5,,0.0,0
2025-07-29,00602,佳華百貨控股,0.06,15.38,3029720,62250000.0,11.39,,0.0,0
2025-07-29,08125,榮記萬通,0.29,-6.45,603400,62852475.0,43.27,,0.0,0
2025-07-29,08377,維港育馬,0.132,46.67,585200,71179926.0,62.45,,0.0,0
2025-07-29,08262,宏強控股,0.086,-2.27,575040,79402940.0,44.52,,0.0,0
2025-07-29,00261,GBA集團,0.325,-2.99,4858030,107692545.0,25.27,,0.0,0
2025-07-29,01102,環能國際,0.05,-3.85,6896380,139969287.0,78.09,,0.0,0
2025-07-29,08613,東方支付集團控股,0.084,5.0,766100,161928200.0,26.08,,0.0,0
2025-07-29,08106,芯化蘭德,0.38,43.4,9421540,212352045.0,12.02,,0.0,0
2025-07-29,01613,協同通信,0.175,1.74,1026940,268776286.0,37.17,,0.0,0
2025-07-29,01817,慕尚集團控股,0.33,3.12,730000,313500000.0,24.57,,0.0,0
2025-07-29,08657,TRUE PARTNER,0.54,50.0,705510,329499090.0,180.71,,0.0,0
2025-07-29,02376,魯商服務,3.206,1.26,1128380,427488040.0,12.83,,0.0,0
2025-07-29,00730,首惠產業金融,0.117,-1.68,523680,462610828.0,11.39,,0.0,0
2025-07-29,00236,香港生力啤,1.24,31.91,2774420,463227494.0,39.4,,0.0,0
2025-07-29,01925,曠世芳香,1.17,0.0,4955430,473899140.0,20.91,,0.0,0
2025-07-29,08611,九福來,0.89,8.14,2664450,530452634.0,10.13,,0.0,0
2025-07-29,08521,智雲國際控股,0.91,5.81,849200,581490000.0,10.08,,0.0,0
2025-07-29,02415,梅斯健康,1.389,6.11,2503080,843360450.0,12.53,,0.0,0
2025-07-30,08446,耀星科技集團-新,0.16,31.15,3610500,9000844.0,28.91,,0.0,0
2025-07-30,01710,致豐工業電子,0.166,19.42,1841220,166000000.0,28.89,,0.0,0
2025-07-30,00036,遠東控股國際,0.52,10.64,1210880,169902500.0,21.56,,0.0,0
2025-07-30,02221,創業集團控股,0.82,18.84,8893750,188028635.0,105.07,,0.0,0
2025-07-30,00120,COSMOPOL INT'L,0.128,-5.88,2102190,209871430.0,11.14,,0.0,0
2025-07-30,09958,力天影業,0.44,57.14,13701600,220000000.0,10.72,,0.0,0
2025-07-30,08158,中國再生醫學,0.89,50.85,5609790,270784707.0,29.85,,0.0,0
2025-07-30,06033,電訊數碼控股,0.75,13.64,2559640,302814750.0,63.91,,0.0,0
2025-07-30,01901,飛揚集團,0.32,28.0,15398540,319488000.0,11.93,,0.0,0
2025-07-30,01046,寰宇娛樂文化,0.395,3.95,1016130,358119749.0,43.29,,0.0,0
2025-07-30,03938,LFG投資控股,0.77,28.33,20670930,377662206.0,17.05,,0.0,0
2025-07-30,02187,智欣集團控股,0.47,-2.08,618700,421872000.0,10.29,,0.0,0
2025-07-30,00776,帝國科技集團,0.703,-0.99,5076910,472301798.0,11.61,,0.0,0
2025-07-30,08521,智雲國際控股,1.05,15.38,3599450,670950000.0,21.32,,0.0,0
2025-07-31,08446,耀星科技集團-新,0.236,47.5,16564600,13276244.0,34.9,,0.0,0
2025-07-31,02135,瑞麗醫美,0.129,9.32,584530,71862976.0,10.94,,0.0,0
2025-07-31,00036,遠東控股國際,0.56,7.69,8764390,182971923.0,49.65,,0.0,0
2025-07-31,00643,恆富控股,0.445,21.92,3856550,400431272.0,12.46,,0.0,0
2025-07-31,02187,智欣集團控股,0.465,-1.06,1343300,417384000.0,11.56,,0.0,0
2025-07-31,02177,優趣匯控股,2.95,13.03,1440410,489389365.0,12.33,,0.0,0
2025-07-31,01073,大禹金融,0.155,16.54,4435550,529788538.0,107.45,,0.0,0
2025-07-31,00673,中國衛生集團,0.5,12.11,26911400,693569096.0,36.57,,0.0,0
2025-07-31,01075,首都信息,2.551,18.05,4172950,739301762.0,12.79,,0.0,0
2025-07-31,01183,澳能建設,0.19,14.46,2507780,756336646.0,10.47,,0.0,0
2025-07-31,02167,天潤雲,4.93,33.6,7412620,854765372.0,16.72,,0.0,0
2025-08-01,08221,高裕金融,0.88,-4.35,1975470,41888000.0,475.1,,0.0,0
2025-08-01,01630,建成控股,0.053,23.26,544100,79500000.0,18.12,,0.0,0
2025-08-01,01348,滉達富控股,0.071,-4.05,2251800,104670472.0,122.65,,0.0,0
2025-08-01,08163,聲揚集團,0.106,0.95,3672000,108677095.0,238.09,,0.0,0
2025-08-01,01715,智慧健康科技,0.35,0.0,7132900,126265958.0,11.32,,0.0,0
2025-08-01,00092,冠軍科技集團,0.193,-3.5,1115210,211839666.0,14.75,,0.0,0
2025-08-01,06068,光正教育,0.131,16.96,5845610,285338174.0,61.54,,0.0,0
2025-08-01,01657,樺欣控股,9.63,8.45,553900,308160000.0,12.0,,0.0,0
2025-08-01,08300,今米房集團,0.142,10.94,1141300,375357120.0,12.4,,0.0,0
2025-08-01,00124,粵海置地,0.28,9.8,9679180,479230318.0,10.15,,0.0,0
2025-08-01,01028,千百度,0.207,-3.27,929130,515926800.0,42.5,,0.0,0
2025-08-01,01100,飛達控股,1.4,8.53,1471480,600830227.0,21.27,,0.0,0
2025-08-01,02625,江蘇宏信,2.6,-2.62,3238000,612662869.0,11.29,,0.0,0
2025-08-01,02442,怡俊集團控股,1.92,23.87,4635400,783360000.0,38.08,,0.0,0
2025-08-04,02195,盈匯企業控股,0.53,17.78,881480,89645714.0,34.91,,0.0,0
2025-08-04,01991,大洋集團,0.76,5.56,1598800,130725092.0,11.16,,0.0,0
2025-08-04,06918,九泰數智,0.161,19.26,3153530,140776275.0,15.01,,0.0,0
2025-08-04,01771,新豐泰集團,0.24,0.42,541200,144000000.0,30.31,,0.0,0
2025-08-04,00387,力豐(集團),0.64,28.0,2620680,147248680.0,42.6,,0.0,0
2025-08-04,01967,信懇智能,0.61,46.99,1701300,183000000.0,31.31,,0.0,0
2025-08-04,00723,信保環球控股,0.32,-22.89,2945700,350029286.0,10.19,,0.0,0
2025-08-04,01080,勝利管道,0.093,30.99,6178620,360316001.0,13.52,,0.0,0
2025-08-04,02210,京城佳業,2.889,-13.48,1476320,423721541.0,11.74,,0.0,0
2025-08-04,01985,美高域,1.55,4.73,8537840,474879700.0,45.97,,0.0,0
2025-08-04,01565,成實外教育,0.213,-2.29,1165520,646835631.0,16.36,,0.0,0
2025-08-04,00156,力寶華潤,0.71,-2.74,2264910,652270802.0,22.96,,0.0,0
2025-08-04,02625,江蘇宏信,2.81,8.08,7251900,662147178.0,12.14,,0.0,0
2025-08-04,00420,福田實業,0.573,7.5,2329430,701940448.0,17.19,,0.0,0
2025-08-04,00306,冠忠巴士集團,1.89,5.59,1353140,901108231.0,10.18,,0.0,0
2025-08-04,00727,中國豐匯,0.785,-4.03,1573200,998397540.0,15.37,,0.0,0
2025-08-05,03728,正利控股,0.048,14.29,798860,48624000.0,27.35,,0.0,0
2025-08-05,08035,駿高控股,0.09,8.43,2602700,54000000.0,12.01,,0.0,0
2025-08-05,08537,創輝珠寶,0.232,48.72,1672990,83520000.0,115.9,,0.0,0
2025-08-05,01967,信懇智能,0.62,1.64,6918300,186000000.0,31.57,,0.0,0
2025-08-05,01540,澳獅環球,0.41,0.0,1328330,204455447.0,11.16,,0.0,0
2025-08-05,01449,立德教育,0.275,3.77,4849720,220000000.0,11.2,,0.0,0
2025-08-05,00865,建德國際控股,0.038,11.76,673510,221843608.0,10.48,,0.0,0
2025-08-05,01667,迪米生活控股,0.3,122.22,1847360,288000000.0,456.14,,0.0,0
2025-08-05,00022,茂盛控股,8.6,3.61,3188040,338218710.0,10.29,,0.0,0
2025-08-05,01020,中細軟科技,0.062,6.9,995830,370957284.0,10.42,,0.0,0
2025-08-05,00767,中基長壽科學,0.6,11.11,7025970,381992580.0,11.35,,0.0,0
2025-08-05,01938,珠江鋼管,0.39,27.87,2155160,394345380.0,10.14,,0.0,0
2025-08-05,02350,數科集團,0.479,15.7,9882250,419125000.0,12.08,,0.0,0
2025-08-05,01418,盛諾集團,0.255,-15.0,1382910,446250510.0,24.49,,0.0,0
2025-08-05,08223,紫元元,1.01,7.45,46120440,521160000.0,30.18,,0.0,0
2025-08-05,02427,GUANZE MEDICAL,0.55,17.02,1426450,522500000.0,12.26,,0.0,0
2025-08-05,08021,匯隆控股,0.8,11.11,3262000,574684042.0,29.09,,0.0,0
2025-08-06,08245,烽翼集團,0.192,-1.03,1759530,55591924.0,97.38,,0.0,0
2025-08-06,08160,GOLDWAY EDU,0.42,0.0,2924280,90212615.0,46.63,,0.0,0
2025-08-06,01561,聯洋智能控股,0.096,52.38,1906280,102283594.0,101.6,,0.0,0
2025-08-06,08176,超人智能,0.159,45.87,978800,113764616.0,19.54,,0.0,0
2025-08-06,08535,熒德控股,0.106,8.16,5533700,127200000.0,14.02,,0.0,0
2025-08-06,00276,蒙古能源,0.69,2.99,840390,129806836.0,11.1,,0.0,0
2025-08-06,02728,金泰能源控股,0.031,0.0,564750,138105648.0,12.62,,0.0,0
2025-08-06,00572,未來世界控股,0.47,-11.32,1273710,141708709.0,42.88,,0.0,0
2025-08-06,02381,蜆殼電業,0.098,5.38,833040,196000000.0,17.66,,0.0,0
2025-08-06,01991,大洋集團,1.14,37.35,3687940,196087638.0,11.91,,0.0,0
2025-08-06,00423,經濟日報集團,0.77,0.0,1075600,332332000.0,13.39,,0.0,0
2025-08-06,00969,華聯國際,0.169,34.13,519900,370309420.0,55.35,,0.0,0
2025-08-06,00096,友成控股,0.635,16.51,931340,404208996.0,27.05,,0.0,0
2025-08-06,01079,松景科技,0.212,54.74,42921450,453691153.0,37.41,,0.0,0
2025-08-06,02237,中國石墨,0.38,7.04,4450150,608000000.0,14.49,,0.0,0
2025-08-07,08003,世大控股,0.184,64.29,3144740,61137599.0,25776.56,,0.0,0
2025-08-07,00784,愛生命國際,0.089,36.92,706800,71200000.0,16.78,,0.0,0
2025-08-07,01750,全達電器集團控股,0.044,25.71,2423000,79200000.0,57.7,,0.0,0
2025-08-07,08401,華夏水務集團,0.108,-10.74,4563300,87826746.0,33.2,,0.0,0
2025-08-07,02122,凱知樂國際,0.077,14.93,834020,104405400.0,49.79,,0.0,0
2025-08-07,01720,普天通信集團,0.135,22.73,1178500,148500000.0,18.6,,0.0,0
2025-08-07,09916,興業物聯,0.4,2.56,511110,160000000.0,27.68,,0.0,0
2025-08-07,02203,腦洞科技,0.212,9.28,4244600,169600000.0,15.14,,0.0,0
2025-08-07,01355,生物系統工程,0.101,0.0,2875000,180749372.0,98.49,,0.0,0
2025-08-07,01826,豐展控股,0.082,-7.87,861260,196603200.0,19.1,,0.0,0
2025-08-07,06893,衍生集團,0.216,40.26,1254410,235827936.0,193.94,,0.0,0
2025-08-07,00989,中國長白山國際,0.83,22.06,1094460,298951010.0,12.69,,0.0,0
2025-08-07,08050,城市酷選,1.625,27.45,1006590,440781250.0,11.1,,0.0,0
2025-08-07,00825,新世界百貨中國,0.34,17.24,6903640,573289300.0,130.26,,0.0,0
2025-08-08,08472,立高控股,0.41,-2.38,1805170,47232000.0,156.41,,0.0,0
2025-08-08,01470,富一國際控股,0.106,55.88,1085400,84800000.0,140.78,,0.0,0
2025-08-08,08271,環球數碼創意,0.065,38.3,562750,97715120.0,28.28,,0.0,0
2025-08-08,08507,愛世紀集團,0.125,1.63,509800,100000000.0,309.91,,0.0,0
2025-08-08,02728,金泰能源控股,0.031,0.0,1900850,138105648.0,17.66,,0.0,0
2025-08-08,01716,毛記葵湧,0.58,24.73,3572030,156600000.0,130.75,,0.0,0
2025-08-08,03302,精技集團,0.179,39.84,2532610,164750418.0,25.83,,0.0,0
2025-08-08,00821,匯盈控股,0.547,15.64,4309390,202983615.0,10.24,,0.0,0
2025-08-08,00352,富陽,0.83,144.12,36433889,204332214.0,21.5,,0.0,0
2025-08-08,01389,美捷匯控股,0.38,-3.8,723770,210646666.0,11.88,,0.0,0
2025-08-08,08229,未來數據集團,0.47,27.03,3206000,261075600.0,206.0,,0.0,0
2025-08-08,00476,科軒動力控股,0.8,17.65,3038960,284519287.0,10.78,,0.0,0
2025-08-08,00361,漢成發展控股,0.052,20.93,826840,304265000.0,32.57,,0.0,0
2025-08-08,01397,碧瑤綠色集團,0.83,22.06,7597960,344450000.0,59.19,,0.0,0
2025-08-08,00953,邵氏兄弟控股,0.265,21.56,17635230,376196650.0,13.72,,0.0,0
2025-08-08,00585,意力國際(五百),0.7,62.79,1955070,580945100.0,48.3,,0.0,0
2025-08-08,01780,榮尊國際控股,1.08,-1.82,1103400,669600000.0,19.5,,0.0,0
2025-08-08,02289,創美藥業,6.267,-1.72,2822680,676836000.0,322.15,,0.0,0
2025-08-08,00266,天德地產,1.91,-0.52,612000,906737784.0,29.67,,0.0,0
2025-08-08,00898,萬事昌國際,1.09,22.47,961370,911320898.0,60.77,,0.0,0
2025-08-11,00810,中國鑄晨81,0.113,-1.74,504020,80540880.0,19.0,,0.0,0
2025-08-11,01722,建鵬控股,0.086,32.31,600200,94600000.0,18.92,,0.0,0
2025-08-11,01315,綠色經濟,0.17,14.09,580890,105718974.0,172.68,,0.0,0
2025-08-11,01843,快餐帝國,0.162,33.88,763850,129600000.0,86.04,,0.0,0
2025-08-11,02682,潤利海事,0.146,14.06,1328700,146000000.0,45.41,,0.0,0
2025-08-11,01470,富一國際控股,0.265,150.0,7859200,212000000.0,67.61,,0.0,0
2025-08-11,00498,藍河控股,0.221,145.56,3811330,230049091.0,654.31,,0.0,0
2025-08-11,01949,佰達國際控股,1.01,55.38,16095990,232704000.0,38.2,,0.0,0
2025-08-11,01129,中國水業集團,0.38,20.63,3368270,240233693.0,12.06,,0.0,0
2025-08-11,00832,建業地產,0.101,2.02,509350,306951735.0,15.4,,0.0,0
2025-08-11,00254,國家聯合資源,0.46,27.78,691520,310850906.0,11.51,,0.0,0
2025-08-11,06188,迪信通,0.49,44.12,2670500,434365596.0,13.38,,0.0,0
2025-08-11,03688,萊蒙國際,0.42,5.0,1426720,593347625.0,368.38,,0.0,0
2025-08-11,00585,意力國際(五百),0.85,21.43,4133500,705433336.0,17.52,,0.0,0
2025-08-11,00206,華商能源,0.249,7.33,2520540,807615045.0,26.88,,0.0,0
2025-08-11,06811,太興集團,0.905,5.85,10815780,879134195.0,23.32,,0.0,0
2025-08-11,00627,共生智築,0.65,0.0,1885000,923437620.0,25.28,,0.0,0
2025-08-12,03603,信基沙溪,0.055,30.95,534260,82111920.0,37.82,,0.0,0
2025-08-12,01259,未來發展控股,0.038,46.15,4031700,83727718.0,33.84,,0.0,0
2025-08-12,02113,世紀集團國際,0.136,122.95,2973100,109446000.0,106.75,,0.0,0
2025-08-12,00899,中加國信,0.251,-8.39,728690,111734911.0,19.76,,0.0,0
2025-08-12,01757,環球華商俱樂部,0.109,6.86,592800,130800000.0,45.05,,0.0,0
2025-08-12,00947,摩比發展,0.165,16.2,1012320,131479441.0,25.7,,0.0,0
2025-08-12,09929,澳達控股,0.074,15.62,1729700,148000000.0,92.05,,0.0,0
2025-08-12,02132,譽燊豐控股,0.111,6.73,952860,177600000.0,20.83,,0.0,0
2025-08-12,01775,精英匯集團,0.35,73.27,4029870,186554200.0,91.52,,0.0,0
2025-08-12,02028,映美控股,0.223,150.56,7249320,191408504.0,316.83,,0.0,0
2025-08-12,01620,富盈環球集團,0.18,57.89,1611090,216000000.0,20.16,,0.0,0
2025-08-12,01831,十方控股,0.213,56.62,2081580,229070754.0,28.47,,0.0,0
2025-08-12,01407,交運燃氣,0.639,8.49,5900200,281160000.0,16.73,,0.0,0
2025-08-12,01623,海隆控股,0.167,-1.76,4523710,283305246.0,14.19,,0.0,0
2025-08-12,06119,天源集團,0.49,30.67,1730100,294000000.0,88.79,,0.0,0
2025-08-12,00924,坤集團,0.32,-8.57,624600,320000000.0,21.07,,0.0,0
2025-08-12,01949,佰達國際控股,1.625,60.89,22197070,374400000.0,11.41,,0.0,0
2025-08-12,00828,王朝酒業,0.3,1.69,676660,422521766.0,11.14,,0.0,0
2025-08-12,01202,四威科技,1.069,8.09,1656240,427600000.0,12.34,,0.0,0
2025-08-12,00244,先施,0.335,34.0,2091680,440177458.0,45.58,,0.0,0
2025-08-12,02146,榮萬家,1.34,5.51,2004250,503840000.0,413.33,,0.0,0
2025-08-12,00528,金達控股,1.02,-8.93,671520,642271560.0,12.62,,0.0,0
2025-08-12,02458,望塵科技控股,4.8,0.0,626500,685008614.0,20.4,,0.0,0
2025-08-12,00212,南洋集團,23.7,-2.31,1362500,805035391.0,42.59,,0.0,0
2025-08-12,06188,迪信通,0.92,87.76,10514500,815543568.0,22.95,,0.0,0
2025-08-13,08430,春能控股,0.16,-11.11,923270,26693632.0,12.88,,0.0,0
2025-08-13,00193,冠中地產,0.227,5.58,702520,52936981.0,63.31,,0.0,0
2025-08-13,01340,惠生國際,0.392,22.5,612490,54262874.0,10.87,,0.0,0
2025-08-13,02358,久融控股,0.011,0.0,595640,60192000.0,11.74,,0.0,0
2025-08-13,08052,陸慶娛樂,0.115,45.57,917820,63049440.0,20.43,,0.0,0
2025-08-13,02147,正味集團,0.96,20.0,4090040,64512000.0,10.67,,0.0,0
2025-08-13,01889,三愛健康集團,0.51,43.66,5966200,77978334.0,233.06,,0.0,0
2025-08-13,01629,冠均國際控股,0.18,21.62,639100,98296657.0,20.14,,0.0,0
2025-08-13,08283,中食民安,0.363,-10.37,3267760,125452800.0,55.11,,0.0,0
2025-08-13,01241,雙樺控股,0.2,58.73,1505940,130000000.0,193.57,,0.0,0
2025-08-13,00637,利記,0.229,57.93,4774930,189783750.0,1969.86,,0.0,0
2025-08-13,00442,域能控股,0.85,16.44,774570,220277500.0,192.97,,0.0,0
2025-08-13,01757,環球華商俱樂部,0.196,79.82,5172000,235200000.0,71.4,,0.0,0
2025-08-13,06882,東瀛遊,0.525,-10.26,3508460,263786250.0,17.15,,0.0,0
2025-08-13,01222,宏安集團,0.023,0.0,1667490,311390030.0,26.64,,0.0,0
2025-08-13,00209,萬維智能科技,2.163,44.78,7487590,321350810.0,5001.73,,0.0,0
2025-08-13,02497,富景中國控股,0.82,1.23,1249500,410000000.0,25.75,,0.0,0
2025-08-13,00970,新耀萊,0.64,6.67,1415660,432231789.0,39.98,,0.0,0
2025-08-13,00166,新時代集團控股,0.052,-1.89,553580,454572403.0,11.03,,0.0,0
2025-08-13,01098,路勁,0.79,-9.2,1272220,591975887.0,13.13,,0.0,0
2025-08-13,01084,綠新生物科技,0.678,0.0,604540,592653360.0,10.25,,0.0,0
2025-08-13,00167,IDT INT'L,1.28,-1.54,511950,665579752.0,15.86,,0.0,0
2025-08-13,02530,紐曼思,0.675,8.0,668640,675000000.0,20.95,,0.0,0
2025-08-13,00206,華商能源,0.247,-5.0,13913350,801128177.0,37.05,,0.0,0
2025-08-13,02481,雙良睿能,2.776,1.46,2562830,837241600.0,56.55,,0.0,0
2025-08-14,00428,中國天弓控股,0.31,10.71,1738240,47820053.0,13.94,,0.0,0
2025-08-14,01064,中華國際,0.066,50.0,2360230,50728690.0,289.88,,0.0,0
2025-08-14,00193,冠中地產,0.232,2.2,888330,54102994.0,11.25,,0.0,0
2025-08-14,00145,信能低碳,0.194,5.43,2128460,71043152.0,11.46,,0.0,0
2025-08-14,08120,國農金融投資,0.465,-4.12,596780,75621443.0,116.33,,0.0,0
2025-08-14,00660,瑋俊生物科技,0.239,21.32,575530,91850039.0,19.54,,0.0,0
2025-08-14,01452,迪諾斯環保,0.122,24.49,1090000,94025122.0,105.21,,0.0,0
2025-08-14,00889,連達科技控股,0.31,8.77,526670,99200000.0,544.08,,0.0,0
2025-08-14,02022,遊萊互動,0.068,33.33,2692400,136000000.0,115.26,,0.0,0
2025-08-14,02113,世紀集團國際,0.172,36.51,6049400,138417000.0,16.72,,0.0,0
2025-08-14,08601,寶燵控股,0.268,1.9,1456150,214400000.0,129.72,,0.0,0
2025-08-14,00653,卓悅控股,0.119,36.78,10276000,223110490.0,176.11,,0.0,0
2025-08-14,01682,杭品生活科技,0.145,27.19,751420,227918830.0,46.4,,0.0,0
2025-08-14,01046,寰宇娛樂文化,0.33,-5.71,755380,299188651.0,43.79,,0.0,0
2025-08-14,00328,ALCO HOLDINGS,1.13,1.99,3492990,323623129.0,16.26,,0.0,0
2025-08-14,06866,佐力科創,0.31,3.33,972710,365800000.0,10.44,,0.0,0
2025-08-14,02136,利福中國,0.27,3.85,3116280,395401095.0,13.72,,0.0,0
2025-08-14,00974,中國順客隆,1.38,119.05,4459870,400830660.0,1036.22,,0.0,0
2025-08-14,00970,新耀萊,0.6,-6.25,4160790,405217302.0,26.82,,0.0,0
2025-08-14,01778,彩生活,0.237,10.23,4516940,440679505.0,10.05,,0.0,0
2025-08-14,01098,路勁,0.73,-7.59,2445100,547015693.0,11.34,,0.0,0
2025-08-14,00610,惠記集團,0.69,-2.82,1171440,547255583.0,21.45,,0.0,0
2025-08-14,01813,合景泰富集團,0.249,-24.55,16103140,851302102.0,19.56,,0.0,0
2025-08-14,03315,金邦達寶嘉,1.09,23.86,12893810,878324180.0,33.42,,0.0,0
2025-08-15,08365,亦辰集團,0.45,52.54,2999980,89437248.0,49.4,,0.0,0
2025-08-15,00660,瑋俊生物科技,0.305,27.62,1545730,117214484.0,17.77,,0.0,0
2025-08-15,02372,偉立控股,0.233,7.37,572400,186400000.0,17.64,,0.0,0
2025-08-15,06816,瑞港建設,0.26,130.09,3291700,208000000.0,1118.1,,0.0,0
2025-08-15,00380,中國管業,0.162,4.52,780950,215827092.0,11.15,,0.0,0
2025-08-15,02885,彼岸控股,0.552,-3.5,2708640,220800000.0,13.24,,0.0,0
2025-08-15,00858,精優藥業,0.129,9.32,9733110,374100000.0,15.24,,0.0,0
2025-08-15,00929,國際精密,0.422,-1.17,1104450,444051245.0,25.73,,0.0,0
2025-08-15,00938,民生國際,0.79,41.07,1595280,511286890.0,33.34,,0.0,0
2025-08-15,01085,亨鑫科技,1.19,-10.53,2789560,554064000.0,15.19,,0.0,0
2025-08-15,02789,遠大中國,0.103,212.12,13695350,639499602.0,181.37,,0.0,0
2025-08-15,00228,中能控股,1.48,-27.45,12217940,675176592.0,54.74,,0.0,0
2025-08-15,02651,大眾口腔,15.734,12.84,5863720,795810647.0,10.21,,0.0,0
2025-08-15,00829,神冠控股,0.255,-17.74,9144310,823772400.0,46.12,,0.0,0
2025-08-18,08277,駿東控股,0.223,71.54,2878000,58531553.0,925.4,,0.0,0
2025-08-18,01421,恆昌集團國際,0.57,23.91,589930,114111264.0,40.0,,0.0,0
2025-08-18,08365,亦辰集團,0.69,53.33,4035620,137137114.0,11.26,,0.0,0
2025-08-18,01710,致豐工業電子,0.144,-7.69,648480,144000000.0,13.48,,0.0,0
2025-08-18,00844,廣泰國際控股,0.315,-25.0,581900,155715629.0,33.42,,0.0,0
2025-08-18,00515,中華銀科技,0.71,82.05,108863922,202753006.0,155.88,,0.0,0
2025-08-18,01351,輝煌明天,0.36,5.88,625080,216000000.0,22.74,,0.0,0
2025-08-18,00894,萬裕科技,0.485,15.48,1543590,232471398.0,21.48,,0.0,0
2025-08-18,01480,恩達集團控股,1.15,9.52,1779140,276000000.0,34.49,,0.0,0
2025-08-18,01955,莊臣控股,0.631,6.77,3801920,315500000.0,59.05,,0.0,0
2025-08-18,00556,泛亞環保,0.32,3.23,5476610,321542669.0,152.77,,0.0,0
2025-08-18,00927,富士高實業,0.65,-2.99,657720,332153250.0,129.07,,0.0,0
2025-08-18,01993,雅仕維,0.7,11.11,582930,339437517.0,33.03,,0.0,0
2025-08-18,01153,佳源服務,0.52,5.05,615640,349548680.0,15.33,,0.0,0
2025-08-18,02107,第一服務控股,0.306,5.15,851290,386784000.0,10.26,,0.0,0
2025-08-18,01260,皓天財經集團,0.41,0.0,1811080,472096140.0,29.36,,0.0,0
2025-08-18,02125,稻草熊娛樂,0.7,14.75,2717600,494228980.0,33.88,,0.0,0
2025-08-18,02389,北京健康,0.088,-3.3,856400,533171938.0,16.85,,0.0,0
2025-08-18,01100,飛達控股,1.42,0.71,1271980,609413516.0,11.39,,0.0,0
2025-08-18,06677,遠洋服務,0.598,5.28,1519530,708032000.0,15.83,,0.0,0
2025-08-18,06908,宏光半導體,0.67,13.56,26953970,785142502.0,10.79,,0.0,0
2025-08-18,00383,天安卓健,0.92,3.37,1094490,929688020.0,110.14,,0.0,0
2025-08-18,00184,激成投資,2.82,7.22,537660,959364000.0,10.37,,0.0,0
2025-08-18,02540,樂思集團,1.61,1.26,1611200,966000000.0,33.64,,0.0,0
2025-08-19,08340,紫荊國際金融,0.55,-5.17,619480,43994500.0,17.33,,0.0,0
2025-08-19,08118,中資國際控股,0.112,-2.61,1331800,56000000.0,46.26,,0.0,0
2025-08-19,00060,香港食品投資,0.46,0.0,646950,117600840.0,92.61,,0.0,0
2025-08-19,01132,橙天嘉禾,0.075,25.0,7077640,209975179.0,69.76,,0.0,0
2025-08-19,01953,賽孚迅國際,0.177,168.18,13821830,223020000.0,622.55,,0.0,0
2025-08-19,00894,萬裕科技,0.55,13.4,2476210,263627359.0,11.29,,0.0,0
2025-08-19,00417,謝瑞麟,1.15,79.69,8010510,286559334.0,404.55,,0.0,0
2025-08-19,00718,太和控股,0.058,11.54,518570,304501151.0,16.87,,0.0,0
2025-08-19,02165,領悅服務集團,1.74,6.1,1287700,497091900.0,13.95,,0.0,0
2025-08-19,00413,南華集團控股,0.038,26.67,1179070,502409483.0,29.81,,0.0,0
2025-08-19,01020,中細軟科技,0.098,34.25,4642990,586351836.0,12.26,,0.0,0
2025-08-19,01612,永勝醫療,1.06,23.26,15161240,699704762.0,12.88,,0.0,0
2025-08-20,08315,新都酒店,0.162,1.25,511900,94193644.0,46.78,,0.0,0
2025-08-20,00725,恆都集團,0.81,42.11,2300880,161155980.0,215.2,,0.0,0
2025-08-20,00833,華訊,0.42,-1.18,2562920,198684436.0,14.6,,0.0,0
2025-08-20,03893,易緯集團,0.208,25.3,1350030,219399610.0,31.07,,0.0,0
2025-08-20,01351,輝煌明天,0.38,5.56,2202320,228000000.0,19.9,,0.0,0
2025-08-20,01284,新傳企劃,0.423,41.95,3711550,253800000.0,27.25,,0.0,0
2025-08-20,02882,金至尊集團,1.02,70.0,3872880,275065033.0,155.7,,0.0,0
2025-08-20,06182,乙德投資控股,0.365,-5.19,1794120,292000000.0,25.77,,0.0,0
2025-08-20,00987,中國再生能源投資,0.126,21.15,6359420,315775840.0,344.81,,0.0,0
2025-08-20,06663,國際永勝集團,0.432,91.15,2323250,345600000.0,403.97,,0.0,0
2025-08-20,00417,謝瑞麟,1.39,20.87,29904170,346363022.0,36.43,,0.0,0
2025-08-20,00280,景福集團,0.455,5.81,3417110,413735352.0,11.29,,0.0,0
2025-08-20,01795,亞東集團,0.78,-12.36,948090,468000000.0,12.99,,0.0,0
2025-08-20,00097,恆基發展,0.165,14.58,7097820,502809020.0,42.37,,0.0,0
2025-08-20,00776,帝國科技集團,0.79,4.36,10623120,530751664.0,10.66,,0.0,0
2025-08-21,08079,曌生命,0.51,0.0,673600,18684973.0,16.93,,0.0,0
2025-08-21,01340,惠生國際,0.464,18.37,2158240,64229525.0,11.15,,0.0,0
2025-08-21,08125,榮記萬通,0.305,12.96,530140,66103465.0,30.47,,0.0,0
2025-08-21,01413,鑄帝控股,0.35,-12.5,10612570,114800000.0,61.87,,0.0,0
2025-08-21,08028,天時資源,0.32,49.53,4373860,161898326.0,17.77,,0.0,0
2025-08-21,02349,中國智能基礎設施,0.066,13.79,599250,206466384.0,16.4,,0.0,0
2025-08-21,01962,訓修實業,0.448,-1.1,998220,276028928.0,21.29,,0.0,0
2025-08-21,01073,大禹金融,0.143,2.88,862680,488772652.0,11.83,,0.0,0
2025-08-21,00191,麗新國際,0.6,1.69,842840,530024341.0,16.84,,0.0,0
2025-08-21,08368,中國創意控股,0.81,0.0,1248000,560696352.0,16.35,,0.0,0
2025-08-21,00848,茂業國際,0.129,-2.27,2253900,663102054.0,18.51,,0.0,0
2025-08-21,01719,中國通商集團,0.395,-4.82,828240,681401342.0,12.4,,0.0,0
2025-08-21,00156,力寶華潤,0.8,12.68,1234240,734953017.0,13.56,,0.0,0
2025-08-21,00527,瑞風綠能智算,0.405,-5.81,3999840,783640576.0,10.52,,0.0,0
2025-08-21,03315,金邦達寶嘉,1.17,9.35,30180760,942788340.0,10.15,,0.0,0
2025-08-22,08121,國恩控股,0.87,27.94,1701600,130534800.0,407.47,,0.0,0
2025-08-22,03666,上海小南國,0.051,70.0,7687570,135437487.0,139.06,,0.0,0
2025-08-22,06158,正榮地產,0.038,-9.52,1284810,165974728.0,13.51,,0.0,0
2025-08-22,02108,K2 F&B,0.211,-3.65,13257040,168800000.0,1641.74,,0.0,0
2025-08-22,01792,CMON,0.73,-3.44,671370,180806400.0,24.98,,0.0,0
2025-08-22,00865,建德國際控股,0.039,8.33,1242440,227681598.0,20.31,,0.0,0
2025-08-22,01001,滬港聯合,0.365,-2.67,569420,232325535.0,30.2,,0.0,0
2025-08-22,08239,首都金融控股,2.4,-4.0,2985750,234645506.0,13.43,,0.0,0
2025-08-22,01617,南方通信,0.15,25.0,18931880,243936000.0,121.15,,0.0,0
2025-08-22,00689,長盈集團(控股),0.149,3.47,1970460,276802025.0,21.44,,0.0,0
2025-08-22,00723,信保環球控股,0.275,1.85,4699810,300806417.0,10.15,,0.0,0
2025-08-22,03368,百盛集團,0.123,39.77,7180620,324047467.0,21.17,,0.0,0
2025-08-22,01925,曠世芳香,1.09,-8.4,1880780,441495780.0,12.66,,0.0,0
2025-08-22,00330,思捷環球,1.66,56.6,15410220,469915678.0,84.75,,0.0,0
2025-08-22,01334,瑞昌國際控股,0.99,1.02,729050,495000000.0,46.45,,0.0,0
2025-08-25,01063,新確科技(新),0.14,40.0,1452110,43079024.0,66.4,,0.0,0
2025-08-25,01225,隆成金融,0.29,31.82,1931760,66793500.0,1136.33,,0.0,0
2025-08-25,08401,華夏水務集團,0.11,-3.51,3252260,89453167.0,31.67,,0.0,0
2025-08-25,01348,滉達富控股,0.072,-6.49,2862030,106144704.0,58.5,,0.0,0
2025-08-25,01315,綠色經濟,0.171,15.54,1818660,106340850.0,20.16,,0.0,0
2025-08-25,01064,中華國際,0.147,145.0,9911020,112986628.0,29.9,,0.0,0
2025-08-25,00243,品質國際,0.465,14.81,2246530,161118097.0,17.99,,0.0,0
2025-08-25,08239,首都金融控股,2.4,0.0,6123960,234645506.0,12.01,,0.0,0
2025-08-25,01869,貓屎咖啡控股,0.142,49.47,1586090,240306600.0,47.53,,0.0,0
2025-08-25,00607,豐盛控股,0.355,4.41,684200,251611197.0,12.14,,0.0,0
2025-08-25,01657,樺欣控股,10.2,5.48,1088400,326400000.0,750.62,,0.0,0
2025-08-25,00969,華聯國際,0.167,5.03,872700,365927060.0,65.53,,0.0,0
2025-08-25,00229,利民實業,0.88,8.64,831930,441165877.0,15.7,,0.0,0
2025-08-25,00351,亞洲能源物流,0.3,25.0,822500,598492573.0,20.93,,0.0,0
2025-08-25,02165,領悅服務集團,2.1,12.9,2820800,599938500.0,11.68,,0.0,0
2025-08-25,02377,博奇環保,1.006,21.79,1446220,859991855.0,32.95,,0.0,0
2025-08-25,01483,網譽科技,1.05,-6.25,719000,860422500.0,10.39,,0.0,0
2025-08-26,08367,倩碧控股,0.285,0.0,1020000,27545245.0,118.06,,0.0,0
2025-08-26,08412,新愛德集團,0.305,-17.57,603050,44742622.0,179.11,,0.0,0
2025-08-26,01400,滿地科技股份,0.02,0.0,1983070,76035347.0,106.48,,0.0,0
2025-08-26,01715,智慧健康科技,0.375,15.38,7050320,135284955.0,56.99,,0.0,0
2025-08-26,01315,綠色經濟,0.237,38.6,2226570,147384687.0,10.41,,0.0,0
2025-08-26,00361,漢成發展控股,0.034,-17.07,2061820,198942500.0,14.59,,0.0,0
2025-08-26,01759,中油潔能控股,1.23,23.0,638700,265680000.0,19.53,,0.0,0
2025-08-26,00827,玖源集團,0.038,35.71,3063190,267065619.0,75.58,,0.0,0
2025-08-26,01490,AI X TECH,0.225,11.39,616400,277785000.0,17.54,,0.0,0
2025-08-26,00926,碧生源,2.86,2.14,3938580,349679573.0,129.47,,0.0,0
2025-08-26,00519,諾科達科技,0.127,19.81,5764520,387998429.0,88.54,,0.0,0
2025-08-26,01827,卓珈控股,1.08,0.0,530000,432000000.0,81.54,,0.0,0
2025-08-26,01925,曠世芳香,1.08,0.93,27896430,437445360.0,88.04,,0.0,0
2025-08-26,01900,中國智能交通,0.305,52.5,12062650,524656688.0,208.31,,0.0,0
2025-08-26,01657,樺欣控股,17.0,66.67,3142800,544000000.0,28.62,,0.0,0
2025-08-26,00487,實德環球,0.138,16.95,1257910,679855785.0,21.76,,0.0,0
2025-08-26,02298,都市麗人,0.394,11.3,16777570,886286142.0,10.48,,0.0,0
2025-08-27,01039,暢由國際集團,0.055,25.0,1384600,99602430.0,13.06,,0.0,0
2025-08-27,08163,聲揚集團,0.102,0.0,1097550,104576072.0,12.59,,0.0,0
2025-08-27,08206,神通機器人教育,0.057,-14.93,761596,108054730.0,11.09,,0.0,0
2025-08-27,00456,新城市建設發展,0.55,26.44,500800,117825887.0,48.37,,0.0,0
2025-08-27,00065,弘海高新資源,0.49,-1.01,2043350,120313089.0,23.83,,0.0,0
2025-08-27,08659,易和國際控股,0.162,22.73,1902600,133379628.0,13.95,,0.0,0
2025-08-27,00888,鏈信控股,0.097,10.23,1532740,137918325.0,34.98,,0.0,0
2025-08-27,01582,華營建築,0.4,-5.88,513160,200000000.0,11.18,,0.0,0
2025-08-27,00352,富陽,1.1,-17.91,58317489,270801729.0,10.73,,0.0,0
2025-08-27,01376,RAFFLESINTERIOR,0.285,17.77,13278800,285000000.0,10.36,,0.0,0
2025-08-27,01111,華視集團控股,0.375,41.51,15833540,288993750.0,43.1,,0.0,0
2025-08-27,01870,綠色電能集團,0.295,22.92,6233550,300065150.0,13.59,,0.0,0
2025-08-27,01289,盛力達科技,2.366,5.34,1419050,302848000.0,14.28,,0.0,0
2025-08-27,01767,TS WONDERS,0.323,8.39,1235450,323000000.0,16.25,,0.0,0
2025-08-27,00046,科聯系統,1.72,5.52,730840,420255140.0,14.64,,0.0,0
2025-08-27,02222,雷士國際,0.89,15.58,921090,451473573.0,26.35,,0.0,0
2025-08-27,00365,芯成科技,0.32,12.28,1531880,465600000.0,10.64,,0.0,0
2025-08-27,01556,建業建榮,0.335,0.0,1234480,502500000.0,11.86,,0.0,0
2025-08-27,03828,明輝國際,0.83,3.75,6028780,609438039.0,11.17,,0.0,0
2025-08-27,00529,新龍國際,2.335,31.55,2199820,649052165.0,878.52,,0.0,0
2025-08-27,01282,中澤豐,0.157,3.29,7386740,785000000.0,14.76,,0.0,0
2025-08-27,01292,長安民生物流,3.91,19.94,2861930,790070240.0,13.37,,0.0,0
2025-08-27,01940,CGII HLDGS,0.67,24.07,4630000,804000000.0,25.0,,0.0,0
2025-08-27,02540,樂思集團,1.58,0.0,2533800,948000000.0,12.85,,0.0,0
2025-08-28,02330,中國上城,0.109,0.0,778420,49360187.0,36.26,,0.0,0
2025-08-28,01581,進升集團控股,0.18,-13.46,502550,74700000.0,55.86,,0.0,0
2025-08-28,00456,新城市建設發展,0.54,-1.82,635190,115683598.0,10.51,,0.0,0
2025-08-28,08426,雅居投資控股,0.234,-9.65,1560000,187200000.0,312.88,,0.0,0
2025-08-28,06038,信越控股,0.213,0.95,822670,213639000.0,21.59,,0.0,0
2025-08-28,03395,吉星新能源,0.335,26.42,8690400,291213020.0,16.3,,0.0,0
2025-08-28,00295,江山控股,0.02,33.33,1986200,299288850.0,93.13,,0.0,0
2025-08-28,01335,順泰控股,0.15,14.5,1333320,365120425.0,12.28,,0.0,0
2025-08-28,01285,嘉士利集團,0.9,-1.1,629970,373500000.0,25.87,,0.0,0
2025-08-28,08395,中顯智能齊家控股,0.23,21.69,2318220,394220000.0,41.92,,0.0,0
2025-08-28,08368,中國創意控股,0.71,-5.33,3365160,491474580.0,13.73,,0.0,0
2025-08-28,08026,朗華國際集團,0.375,0.0,1007200,577494520.0,14.35,,0.0,0
2025-08-29,01862,景瑞控股,0.011,-21.43,1521550,16926945.0,16.66,,0.0,0
2025-08-29,06080,榮智控股,0.122,20.79,4671100,136682700.0,38.92,,0.0,0
2025-08-29,02286,辰興發展,0.25,5.93,869250,149999997.0,154.86,,0.0,0
2025-08-29,01124,沿海家園,0.375,160.42,18985380,155475760.0,533.31,,0.0,0
2025-08-29,08659,易和國際控股,0.199,24.38,3750700,163842876.0,12.33,,0.0,0
2025-08-29,01693,璋利國際,2.26,3.2,508120,181428822.0,13.61,,0.0,0
2025-08-29,01150,米蘭站,0.22,20.22,1079210,232526063.0,10.9,,0.0,0
2025-08-29,00442,域能控股,1.03,13.19,579020,266924500.0,11.67,,0.0,0
2025-08-29,01669,環球信貸集團,0.71,7.58,2039260,284000000.0,26.58,,0.0,0
2025-08-29,02101,福祿控股,0.899,-3.23,2243810,365012777.0,38.35,,0.0,0
2025-08-29,01397,碧瑤綠色集團,0.99,13.79,10086220,410850000.0,32.08,,0.0,0
2025-08-29,01087,威訊控股,1.87,71.56,11153400,448548672.0,13.44,,0.0,0
2025-08-29,02483,K CASH集團,1.628,1.24,4974620,814000000.0,1307.05,,0.0,0
2025-08-29,01483,網譽科技,1.11,6.73,3025400,909589500.0,14.07,,0.0,0
2025-09-01,01802,文業集團,0.055,-1.79,1507600,45738000.0,21.14,,0.0,0
2025-09-01,00704,和嘉控股,0.217,59.56,1135150,63010992.0,472.78,,0.0,0
2025-09-01,01156,CHINANEWENERGY,0.128,18.52,527700,90586967.0,15.25,,0.0,0
2025-09-01,01741,成志控股,0.187,27.21,1788100,149600000.0,46.49,,0.0,0
2025-09-01,01701,途屹控股,0.16,25.0,977500,160000000.0,44.94,,0.0,0
2025-09-01,02663,應力控股,0.305,-7.58,1133850,169863650.0,32.75,,0.0,0
2025-09-01,01037,雲智匯科技,0.26,9.24,500190,183605096.0,24.14,,0.0,0
2025-09-01,00616,財富鏈,0.124,19.23,10554130,231548219.0,10.49,,0.0,0
2025-09-01,00831,利亞零售,0.3,0.0,2536100,234641092.0,11.32,,0.0,0
2025-09-01,01150,米蘭站,0.226,2.73,2884830,238867683.0,13.94,,0.0,0
2025-09-01,01460,揚科集團,0.33,-1.49,713160,289604803.0,23.01,,0.0,0
2025-09-01,08178,中國信息科技,1.72,14.13,858010,296024312.0,19.58,,0.0,0
2025-09-01,02177,優趣匯控股,2.1,-16.0,2626120,348378870.0,12.83,,0.0,0
2025-09-01,01518,新世紀醫療,0.8,6.67,874480,392020000.0,20.17,,0.0,0
2025-09-01,01795,亞東集團,0.73,8.96,11692470,438000000.0,32.61,,0.0,0
2025-09-01,00542,中國文旅農業,0.385,18.46,1724140,589408361.0,23.64,,0.0,0
2025-09-02,03822,三和建築集團,0.96,45.45,879670,80640000.0,218.99,,0.0,0
2025-09-02,01156,CHINANEWENERGY,0.165,28.91,1065000,116772262.0,12.25,,0.0,0
2025-09-02,00712,卡姆丹克太陽能,0.112,8.74,1230410,118711422.0,11.72,,0.0,0
2025-09-02,02122,凱知樂國際,0.125,40.45,9603820,169489286.0,78.62,,0.0,0
2025-09-02,09963,高科橋光導,0.45,28.57,2207000,174304350.0,180.46,,0.0,0
2025-09-02,00653,卓悅控股,0.107,12.63,3420480,200611953.0,17.52,,0.0,0
2025-09-02,08491,COOL LINK,0.56,13.13,6360530,223219454.0,15.41,,0.0,0
2025-09-02,08143,金威醫療,0.175,25.9,3166030,236732995.0,49.64,,0.0,0
2025-09-02,06162,天瑞汽車內飾,0.135,23.85,70629380,324000000.0,1699.7,,0.0,0
2025-09-02,02336,碩奧國際,0.255,50.0,1387450,463057246.0,34.89,,0.0,0
2025-09-02,03348,中國鵬飛集團,0.981,-4.85,1125160,490500000.0,308.26,,0.0,0
2025-09-03,00736,中國置業投資,0.35,27.27,1241570,112209862.0,10.49,,0.0,0
2025-09-03,08500,天泓文創,0.34,3.03,2573850,146880000.0,24.6,,0.0,0
2025-09-03,02336,碩奧國際,0.212,-16.86,5282530,384973083.0,29.59,,0.0,0
2025-09-03,06162,天瑞汽車內飾,0.18,33.33,97094660,432000000.0,13.67,,0.0,0
2025-09-03,00969,華聯國際,0.25,47.06,1398990,547795000.0,10.84,,0.0,0
2025-09-04,08187,積木集團,0.248,32.62,1053910,37617592.0,15.08,,0.0,0
2025-09-04,01581,進升集團控股,0.201,-1.95,2233470,83415000.0,29.02,,0.0,0
2025-09-04,02227,守益控股,0.148,37.04,2328500,135508800.0,166.2,,0.0,0
2025-09-04,01132,橙天嘉禾,0.096,7.87,6100960,268768229.0,10.65,,0.0,0
2025-09-04,01150,米蘭站,0.34,47.83,19072790,359358461.0,26.8,,0.0,0
2025-09-04,00969,華聯國際,0.188,-24.8,5047060,411941840.0,19.64,,0.0,0
2025-09-04,00994,中天宏信,0.325,27.45,4005900,419576950.0,35.89,,0.0,0
2025-09-04,01628,禹洲集團,0.35,-12.5,1166210,520795448.0,12.34,,0.0,0
2025-09-04,00616,財富鏈,0.35,84.21,43577510,653563522.0,14.36,,0.0,0
2025-09-05,00193,冠中地產,0.219,1.86,1110900,51071360.0,12.58,,0.0,0
2025-09-05,08187,積木集團,0.345,39.11,5899260,52330925.0,34.07,,0.0,0
2025-09-05,02330,中國上城,0.147,5.76,1743180,66568325.0,12.67,,0.0,0
2025-09-05,01134,恆發光學,0.18,-7.22,544740,90000000.0,10.5,,0.0,0
2025-09-05,08507,愛世紀集團,0.142,11.81,744740,113600000.0,20.28,,0.0,0
2025-09-05,00712,卡姆丹克太陽能,0.16,52.38,9014120,169587746.0,34.38,,0.0,0
2025-09-05,08637,元續科技,1.48,28.7,3088800,221558960.0,33.04,,0.0,0
2025-09-05,02326,新源萬恆控股,0.011,10.0,645260,231924794.0,29.71,,0.0,0
2025-09-05,01314,翠華控股,0.185,-2.63,3348020,261076893.0,38.18,,0.0,0
2025-09-05,00924,坤集團,0.315,-1.56,644900,315000000.0,20.97,,0.0,0
2025-09-05,06696,多想雲,0.503,1.62,6080230,338016000.0,11.84,,0.0,0
2025-09-05,00757,陽光能源,0.109,21.11,7124500,362291053.0,43.71,,0.0,0
2025-09-05,01938,珠江鋼管,0.49,15.29,5850030,495459580.0,14.41,,0.0,0
2025-09-05,00750,水發興業能源,0.31,8.77,1279520,781535352.0,14.76,,0.0,0
2025-09-08,08460,基地錦標集團,0.068,17.24,2030830,18061345.0,34.06,,0.0,0
2025-09-08,01162,瑩嵐集團,0.25,0.0,3825500,150000000.0,16.13,,0.0,0
2025-09-08,01413,鑄帝控股,0.485,22.78,14300060,159080000.0,14.35,,0.0,0
2025-09-08,01707,致浩達控股,0.108,4.85,1311100,181440000.0,295.29,,0.0,0
2025-09-08,01653,MOS HOUSE,0.87,112.2,7772080,251357790.0,46.25,,0.0,0
2025-09-08,08329,海王英特龍,0.152,-5.0,716660,255056000.0,10.05,,0.0,0
2025-09-08,01613,協同通信,0.17,0.59,1139650,261096963.0,27.65,,0.0,0
2025-09-08,01379,溫嶺工量刃具,3.664,8.92,2639770,293120000.0,53.59,,0.0,0
2025-09-08,01741,成志控股,0.4,61.94,10995900,320000000.0,15.24,,0.0,0
2025-09-08,00757,陽光能源,0.131,20.18,17563920,435414018.0,20.45,,0.0,0
2025-09-08,00021,大中華控股,0.118,-0.84,540020,469077542.0,26.55,,0.0,0
2025-09-08,08107,細葉榕科技,0.38,90.0,7255210,521795100.0,125.25,,0.0,0
2025-09-08,00438,彩虹新能源,3.0,19.05,1613750,528966210.0,11.13,,0.0,0
2025-09-08,00929,國際精密,0.552,32.37,3814480,580844283.0,10.76,,0.0,0
2025-09-09,08277,駿東控股,0.165,25.0,583600,43308100.0,65.79,,0.0,0
2025-09-09,02195,盈匯企業控股,0.63,26.0,2572630,106560000.0,60.5,,0.0,0
2025-09-09,02022,遊萊互動,0.081,62.0,4513900,162000000.0,173.41,,0.0,0
2025-09-09,01355,生物系統工程,0.112,60.0,2131890,200434947.0,14.37,,0.0,0
2025-09-09,01351,輝煌明天,0.435,-6.45,646060,261000000.0,12.31,,0.0,0
2025-09-09,01153,佳源服務,0.5,5.26,1949490,336104500.0,42.95,,0.0,0
2025-09-09,03301,融信中國,0.206,7.29,2798720,346786872.0,12.28,,0.0,0
2025-09-09,02000,晨訊科技,0.34,11.48,642020,720476082.0,13.38,,0.0,0
2025-09-10,08619,NIU HOLDINGS,0.175,2.34,2382150,75886125.0,91.66,,0.0,0
2025-09-10,00619,南華金融,0.305,19.61,1672030,91889506.0,33.12,,0.0,0
2025-09-10,08350,立橋證券控股,0.181,8.38,636590,171961584.0,14.8,,0.0,0
2025-09-10,00862,遠見控股,0.52,8.33,605460,204057904.0,10.35,,0.0,0
2025-09-10,08406,中國口腔產業,0.105,2.94,3939110,206809861.0,11.53,,0.0,0
2025-09-10,06663,國際永勝集團,0.272,-15.53,772750,217600000.0,39.85,,0.0,0
2025-09-10,00736,中國置業投資,0.76,35.71,10355330,243655701.0,13.43,,0.0,0
2025-09-10,01129,中國水業集團,0.415,13.7,5667490,262360480.0,16.17,,0.0,0
2025-09-10,01757,環球華商俱樂部,0.226,-4.64,1325900,271200000.0,10.93,,0.0,0
2025-09-10,01226,中國投融資,0.79,1.28,572700,325951314.0,22.74,,0.0,0
2025-09-10,01418,盛諾集團,0.223,-6.3,635920,390250446.0,10.83,,0.0,0
2025-09-10,00617,百利保控股,0.36,30.91,4140770,401250771.0,17.44,,0.0,0
2025-09-10,01073,大禹金融,0.121,-13.57,1928940,413576859.0,14.21,,0.0,0
2025-09-10,00519,諾科達科技,0.138,16.95,4254810,421604592.0,11.85,,0.0,0
2025-09-10,02231,景業名邦集團,0.29,76.83,7506600,477390170.0,792.59,,0.0,0
2025-09-10,01036,萬科海外,1.35,0.0,838390,525862708.0,10.19,,0.0,0
2025-09-10,00078,富豪酒店,0.64,18.52,4838080,575220693.0,11.77,,0.0,0
2025-09-10,03882,天彩控股,0.82,1.23,1039010,827041713.0,10.2,,0.0,0
2025-09-11,00524,長城天下,0.355,12.7,664040,83878512.0,52.42,,0.0,0
2025-09-11,03708,中國供應鏈產業,0.21,50.0,5906850,152728800.0,52.47,,0.0,0
2025-09-11,02132,譽燊豐控股,0.11,12.24,576070,176000000.0,125.94,,0.0,0
2025-09-11,00094,綠心集團,0.07,84.21,3551900,194774061.0,73.08,,0.0,0
2025-09-11,01949,佰達國際控股,0.9,-21.05,2899330,207360000.0,10.92,,0.0,0
2025-09-11,01245,NIRAKU,0.175,-1.13,912390,209273830.0,10.99,,0.0,0
2025-09-11,00862,遠見控股,0.56,7.69,1841800,219754666.0,15.88,,0.0,0
2025-09-11,00204,資本界金控,1.02,2.0,7120630,254036231.0,17.4,,0.0,0
2025-09-11,00474,信銘生命科技,0.029,52.63,5333480,256885677.0,203.88,,0.0,0
2025-09-11,02381,蜆殼電業,0.135,35.0,5125380,270000000.0,43.84,,0.0,0
2025-09-11,00822,嘉瑞國際,0.32,-7.25,1394500,286003648.0,15.72,,0.0,0
2025-09-11,02680,南強控股,4.87,2.74,544180,292200000.0,20.34,,0.0,0
2025-09-11,03816,KFM金德,0.49,27.27,1466200,294000000.0,13.12,,0.0,0
2025-09-11,01332,透雲生物,0.124,39.33,1043370,347938066.0,19.41,,0.0,0
2025-09-11,02122,凱知樂國際,0.305,160.68,36554020,413553857.0,22.85,,0.0,0
2025-09-11,01856,依波路,1.51,0.67,1601440,543988843.0,11.83,,0.0,0
2025-09-11,01980,天鴿互動,0.62,-3.12,5308530,685718860.0,21.72,,0.0,0
2025-09-12,01063,新確科技(新),0.134,4.69,2447870,41232780.0,41.82,,0.0,0
2025-09-12,08221,高裕金融,1.02,0.0,2707650,48552000.0,77.73,,0.0,0
2025-09-12,08118,中資國際控股,0.12,-6.25,1627400,60000000.0,16.71,,0.0,0
2025-09-12,00923,綜合環保集團,0.014,-6.67,1089990,67522126.0,75.16,,0.0,0
2025-09-12,08027,吉輝控股,0.1,2.04,782400,71040000.0,5795.56,,0.0,0
2025-09-12,01421,恆昌集團國際,0.42,7.69,1719800,84081984.0,18.66,,0.0,0
2025-09-12,01718,宏基集團控股,0.305,1.67,1757730,92756600.0,16.17,,0.0,0
2025-09-12,08160,GOLDWAY EDU,0.44,0.0,2136000,94508454.0,140.82,,0.0,0
2025-09-12,08321,泰錦控股,0.225,0.0,967500,120690000.0,113.16,,0.0,0
2025-09-12,08535,熒德控股,0.105,20.69,5627600,126000000.0,37.74,,0.0,0
2025-09-12,08268,智城發展控股,0.5,33.33,643640,144000000.0,27.08,,0.0,0
2025-09-12,01996,弘陽地產,0.055,12.24,638320,183639390.0,135.93,,0.0,0
2025-09-12,01305,偉志控股,0.89,0.0,2783960,192797140.0,133.88,,0.0,0
2025-09-12,00199,德祥地產,0.22,0.46,1464500,239500380.0,10.07,,0.0,0
2025-09-12,03778,中國織材控股,3.05,0.0,6969760,381966750.0,1998.21,,0.0,0
2025-09-12,00124,粵海置地,0.305,8.93,7911740,522018739.0,10.02,,0.0,0
2025-09-12,01577,匯鑫小貸,0.773,-4.92,817540,525640000.0,34.41,,0.0,0
2025-09-12,01176,珠光控股,0.063,3.28,1587090,557589863.0,11.89,,0.0,0
2025-09-12,00519,諾科達科技,0.201,47.79,24357660,614076254.0,31.85,,0.0,0
2025-09-12,01565,成實外教育,0.209,10.0,1230940,634688483.0,11.41,,0.0,0
2025-09-12,01780,榮尊國際控股,1.12,3.7,2570250,694400000.0,11.89,,0.0,0
2025-09-12,01980,天鴿互動,0.63,1.61,11496060,696778842.0,16.84,,0.0,0
2025-09-12,01660,七元投資,0.119,-1.65,9113110,737205000.0,798.91,,0.0,0
2025-09-12,00337,綠地香港,0.275,11.34,9196060,767768288.0,11.33,,0.0,0
2025-09-12,01569,民生教育,0.207,20.35,2614950,873068040.0,19.62,,0.0,0
2025-09-15,00682,超大現代,0.35,32.08,2090010,69205193.0,22.5,,0.0,0
2025-09-15,08131,諾亞智能,0.128,26.73,2646240,92059026.0,8733.47,,0.0,0
2025-09-15,00889,連達科技控股,0.365,21.67,1277130,116800000.0,41.34,,0.0,0
2025-09-15,00932,順騰國際控股,0.042,40.0,7415380,130531524.0,162.8,,0.0,0
2025-09-15,01987,BENG SOON MACH,0.199,37.24,5795700,199000000.0,167.77,,0.0,0
2025-09-15,00876,佳兆業健康,2.25,95.65,14070220,233173696.0,225.76,,0.0,0
2025-09-15,02371,創聯控股,0.35,-2.78,1022670,240932632.0,12.49,,0.0,0
2025-09-15,02280,慧聰集團,0.198,26.92,847240,259366362.0,14.48,,0.0,0
2025-09-15,02012,陽光油砂,0.66,33.33,23183640,469493933.0,47.41,,0.0,0
2025-09-15,00381,權識國際,0.435,27.94,6057220,578734669.0,15.34,,0.0,0
2025-09-15,00528,金達控股,1.1,0.0,647500,692645800.0,24.67,,0.0,0
2025-09-15,01660,七元投資,0.131,10.08,14626910,811545000.0,15.86,,0.0,0
2025-09-15,00237,安全貨倉,2.03,-4.25,550600,822150000.0,13.18,,0.0,0
2025-09-15,01502,金融街物業,2.233,2.76,3276330,834025500.0,15.26,,0.0,0
2025-09-15,02486,普樂師集團控股,7.85,28.69,1219330,888679660.0,185.11,,0.0,0
2025-09-16,08018,匯財金融投資,0.05,35.14,1040620,25211647.0,15.77,,0.0,0
2025-09-16,08472,立高控股,0.37,4.23,1305360,42624000.0,25.89,,0.0,0
2025-09-16,08111,中國科技產業集團,0.158,-1.25,1094780,72834316.0,366.15,,0.0,0
2025-09-16,01239,TEAMWAY INTL GP,0.232,-4.13,656980,100692159.0,12.28,,0.0,0
2025-09-16,00574,百信國際,0.052,48.57,676910,103509955.0,120.3,,0.0,0
2025-09-16,01749,杉杉品牌,0.78,-8.24,1098630,104052000.0,11.56,,0.0,0
2025-09-16,00491,英皇文化產業,0.043,22.86,894760,138173658.0,40.86,,0.0,0
2025-09-16,09958,力天影業,0.28,-13.85,2865000,140000000.0,11.52,,0.0,0
2025-09-16,02340,升柏控股,0.186,3.91,669760,142238478.0,16.98,,0.0,0
2025-09-16,00756,森美控股,0.6,0.0,901260,204334959.0,17.14,,0.0,0
2025-09-16,09998,光榮控股,0.295,63.89,3639810,236000000.0,71.21,,0.0,0
2025-09-16,00876,佳兆業健康,2.7,20.0,22198720,279808436.0,15.14,,0.0,0
2025-09-16,01978,敘福樓集團,0.41,2.5,961860,328000000.0,23.09,,0.0,0
2025-09-16,06182,乙德投資控股,0.51,0.0,1297440,408000000.0,11.27,,0.0,0
2025-09-16,03395,吉星新能源,0.47,38.24,8402600,408567521.0,11.91,,0.0,0
2025-09-16,01543,中盈盛達融資擔保,0.32,3.23,1308440,499453660.0,42.05,,0.0,0
2025-09-16,08368,中國創意控股,0.74,1.37,4886740,512241112.0,148.59,,0.0,0
2025-09-16,01094,承輝國際,0.76,-6.17,15332210,540371562.0,32.94,,0.0,0
2025-09-16,03893,易緯集團,0.67,83.56,4346350,706719898.0,51.6,,0.0,0
2025-09-16,01660,七元投資,0.149,13.74,28579460,923055000.0,11.98,,0.0,0
2025-09-16,00167,IDT INT'L,1.85,30.28,10220130,961970735.0,12.61,,0.0,0
2025-09-17,08007,環球戰略集團,0.255,3.66,3323530,57710944.0,748.71,,0.0,0
2025-09-17,06108,新銳醫藥,0.42,9.09,642520,84258999.0,14.65,,0.0,0
2025-09-17,08268,智城發展控股,0.48,-2.04,1051040,138240000.0,12.05,,0.0,0
2025-09-17,02203,腦洞科技,0.207,13.11,1691600,165600000.0,11.84,,0.0,0
2025-09-17,00379,恆嘉融資租賃,0.105,40.0,724530,177166790.0,67.63,,0.0,0
2025-09-17,01312,華控康泰,0.04,42.86,5100190,223542871.0,133.01,,0.0,0
2025-09-17,01105,星島,0.29,13.73,6039830,255357475.0,259.6,,0.0,0
2025-09-17,02080,奧克斯國際,0.53,29.27,2343300,261281520.0,68.22,,0.0,0
2025-09-17,01460,揚科集團,0.325,-4.41,585400,285216851.0,42.46,,0.0,0
2025-09-17,02101,福祿控股,0.749,0.0,1556760,304109644.0,12.42,,0.0,0
2025-09-17,00875,從玉智農,0.48,41.18,15177070,335542354.0,14.92,,0.0,0
2025-09-17,01222,宏安集團,0.03,11.11,1222650,406160908.0,10.96,,0.0,0
2025-09-17,00897,位元堂,0.45,18.42,12632940,501472300.0,56.52,,0.0,0
2025-09-17,01118,高力集團,0.975,4.28,681300,560018675.0,22.01,,0.0,0
2025-09-17,01183,澳能建設,0.165,-0.6,952810,656818666.0,10.05,,0.0,0
2025-09-17,00918,龍翼航空科技,0.59,19.19,4731750,657300804.0,155.99,,0.0,0
2025-09-18,02358,久融控股,0.011,10.0,1506260,60192000.0,13.13,,0.0,0
2025-09-18,08081,白居易控股,0.018,12.5,1056990,92808632.0,16.92,,0.0,0
2025-09-18,02203,腦洞科技,0.218,5.31,3405000,174400000.0,11.62,,0.0,0
2025-09-18,00379,恆嘉融資租賃,0.115,9.52,1467660,194039817.0,17.65,,0.0,0
2025-09-18,02326,新源萬恆控股,0.012,20.0,998060,253008866.0,12.45,,0.0,0
2025-09-18,01226,中國投融資,0.82,2.5,2559800,338329212.0,32.55,,0.0,0
2025-09-18,01351,輝煌明天,0.6,41.18,17408760,360000000.0,57.22,,0.0,0
2025-09-18,00723,信保環球控股,0.335,34.0,6598560,366436909.0,21.44,,0.0,0
2025-09-18,01389,美捷匯控股,0.72,56.52,1371100,399119999.0,11.9,,0.0,0
2025-09-18,00630,雋泰控股,0.425,32.81,2708350,411209512.0,24.09,,0.0,0
2025-09-18,01260,皓天財經集團,0.425,0.0,1028660,489367950.0,10.39,,0.0,0
2025-09-18,00936,佳兆業資本,0.51,174.19,11468810,540600000.0,877.96,,0.0,0
2025-09-18,01719,中國通商集團,0.325,-14.47,1107700,560646674.0,281.28,,0.0,0
2025-09-18,01553,邁科管業,1.48,4.96,976800,642024000.0,15.67,,0.0,0
2025-09-18,03882,天彩控股,0.98,12.64,7464870,988415706.0,22.98,,0.0,0
2025-09-19,08448,環球印館,0.4,21.21,638530,39920000.0,10.0,,0.0,0
2025-09-19,08238,玖方數智,0.21,5.53,619140,73156608.0,60.56,,0.0,0
2025-09-19,00243,品質國際,0.33,-2.94,1744650,114341876.0,19.07,,0.0,0
2025-09-19,01720,普天通信集團,0.153,22.4,1811600,168300000.0,12.91,,0.0,0
2025-09-19,01582,華營建築,0.36,-8.86,4311850,180000000.0,272.16,,0.0,0
2025-09-19,01991,大洋集團,1.5,22.95,2515430,258010050.0,20.1,,0.0,0
2025-09-19,01148,新晨動力,0.3,27.66,3704040,384663538.0,11.99,,0.0,0
2025-09-19,02501,邁越科技,1.1,17.02,5303400,550000000.0,27.46,,0.0,0
2025-09-19,00301,三和精化,1.25,0.0,5921140,588074675.0,26.02,,0.0,0
2025-09-19,00936,佳兆業資本,0.84,64.71,16941250,890400000.0,14.61,,0.0,0
2025-09-19,01082,源宇宙教育,1.51,0.67,771720,918150789.0,33.66,,0.0,0
2025-09-19,00206,華商能源,0.305,5.17,4559450,989247344.0,13.47,,0.0,0
2025-09-22,00907,高雅光學,0.041,-47.44,2162560,35787411.0,29.83,,0.0,0
2025-09-22,08448,環球印館,0.61,52.5,2537130,60878000.0,19.87,,0.0,0
2025-09-22,00923,綜合環保集團,0.018,5.88,1506100,86814162.0,10.24,,0.0,0
2025-09-22,00092,冠軍科技集團,0.169,-5.06,521240,185496909.0,12.55,,0.0,0
2025-09-22,00684,亞倫國際,0.58,-1.69,545200,193171622.0,49.72,,0.0,0
2025-09-22,06939,美佳音控股,0.44,3.53,1686360,273900000.0,17.73,,0.0,0
2025-09-22,08509,威揚酒業控股,0.7,-2.78,1140500,280000000.0,16.02,,0.0,0
2025-09-22,01037,雲智匯科技,0.62,133.96,21255090,437827538.0,166.9,,0.0,0
2025-09-22,01795,亞東集團,0.77,10.0,5879610,462000000.0,109.58,,0.0,0
2025-09-22,01027,亞洲策略(一千),1.27,2.42,741820,530288500.0,11.36,,0.0,0
2025-09-22,00789,雅天妮集團,2.05,36.67,2537550,542826931.0,52.97,,0.0,0
2025-09-22,01148,新晨動力,0.445,48.33,14603560,570584248.0,22.21,,0.0,0
2025-09-22,00918,龍翼航空科技,0.6,0.0,11263480,668441495.0,22.14,,0.0,0
2025-09-22,00771,自動系統,0.85,-1.16,2830180,713515068.0,11.02,,0.0,0
2025-09-22,02008,鳳凰衛視,1.78,21.92,8388810,888871391.0,58.96,,0.0,0
2025-09-23,08125,榮記萬通,0.295,-1.67,894840,63936138.0,28.15,,0.0,0
2025-09-23,01894,恆益控股,0.496,0.0,1528490,115745072.0,13.67,,0.0,0
2025-09-23,02108,K2 F&B,0.221,0.45,935820,176800000.0,81.74,,0.0,0
2025-09-23,02132,譽燊豐控股,0.175,86.17,3136680,280000000.0,27.83,,0.0,0
2025-09-23,00689,長盈集團(控股),0.172,9.55,2499340,319529854.0,11.26,,0.0,0
2025-09-23,01912,康特隆,0.96,20.0,4343770,442761440.0,124.44,,0.0,0
2025-09-23,01878,南戈壁,2.26,-6.61,8764900,837441391.0,15.18,,0.0,0
2025-09-23,00929,國際精密,0.842,39.87,17595150,885997982.0,10.52,,0.0,0
2025-09-23,01037,雲智匯科技,1.26,103.23,165846510,889778544.0,73.9,,0.0,0
2025-09-23,01082,源宇宙教育,1.58,4.64,1102200,960714070.0,13.64,,0.0,0
2025-09-24,01802,文業集團,0.048,-5.88,529000,39916800.0,11.04,,0.0,0
2025-09-24,08125,榮記萬通,0.36,22.03,2376880,78023762.0,19.6,,0.0,0
2025-09-24,01429,天任集團,0.053,8.16,688700,84800000.0,10.0,,0.0,0
2025-09-24,00544,大同集團,1.1,7.84,704580,136059500.0,11.52,,0.0,0
2025-09-24,00726,築友智造科技,0.048,-15.79,1124800,148852595.0,11.03,,0.0,0
2025-09-24,03302,精技集團,0.19,29.25,2753530,174874745.0,28.38,,0.0,0
2025-09-24,02017,滄海控股,0.37,27.59,1542700,228845740.0,36.0,,0.0,0
2025-09-24,06988,樂享集團,0.159,15.22,1320600,377136425.0,11.21,,0.0,0
2025-09-24,00361,漢成發展控股,0.068,58.14,16242560,397885000.0,53.38,,0.0,0
2025-09-24,02280,慧聰集團,0.315,39.38,5300060,412628302.0,16.25,,0.0,0
2025-09-24,02189,嘉濤(香港)控股,0.45,-4.26,2619740,450000000.0,38.41,,0.0,0
2025-09-25,03728,正利控股,0.087,45.0,2357400,88131000.0,113.61,,0.0,0
2025-09-25,01561,聯洋智能控股,0.109,29.76,697840,116134497.0,23.54,,0.0,0
2025-09-25,01850,美好生活集團控股,0.72,2.86,1168420,124416000.0,22.08,,0.0,0
2025-09-25,02211,大健康國際,1.8,2.27,2648740,198983192.0,18.29,,0.0,0
2025-09-25,02349,中國智能基礎設施,0.085,16.44,1248920,265903676.0,78.52,,0.0,0
2025-09-25,00544,大同集團,2.37,115.45,10510010,293146378.0,79.84,,0.0,0
2025-09-25,03302,精技集團,0.495,160.53,71765230,455594730.0,206.46,,0.0,0
2025-09-25,00730,首惠產業金融,0.13,4.0,1121410,514012031.0,13.52,,0.0,0
2025-09-25,01903,JBB BUILDERS,1.42,-7.19,3709780,710000000.0,36.25,,0.0,0
2025-09-25,02427,GUANZE MEDICAL,0.77,50.98,3183600,731500000.0,52.69,,0.0,0
2025-09-25,02167,天潤雲,5.09,38.69,11856930,882506236.0,37.67,,0.0,0
2025-09-25,01027,亞洲策略(一千),2.12,41.33,7447290,885206000.0,41.93,,0.0,0
2025-09-25,02422,潤歌互動,0.55,32.53,1353880,913000000.0,11.88,,0.0,0
2025-09-26,08315,新都酒店,0.136,0.0,1227850,79076146.0,31.13,,0.0,0
2025-09-26,08320,沛然環保,0.118,19.19,2700610,86516420.0,492.63,,0.0,0
2025-09-26,01850,美好生活集團控股,0.64,-11.11,2945150,110592000.0,17.82,,0.0,0
2025-09-26,08490,駿碼半導體,0.193,10.29,4058690,136161500.0,83.95,,0.0,0
2025-09-26,08225,中國醫療集團,0.191,3.24,786200,190112167.0,22.7,,0.0,0
2025-09-26,02212,高鵬礦業,0.18,9.09,3415920,227501856.0,105.93,,0.0,0
2025-09-26,02221,創業集團控股,1.12,24.44,7861470,256819599.0,30.65,,0.0,0
2025-09-26,01732,象興科技,0.21,7.69,2009600,268800000.0,15.7,,0.0,0
2025-09-26,01419,盈健醫療,0.81,-12.9,2897860,307437309.0,13.55,,0.0,0
2025-09-26,06119,天源集團,0.56,14.29,3723180,336000000.0,145.08,,0.0,0
2025-09-26,01757,環球華商俱樂部,0.37,15.62,5567900,444000000.0,15.91,,0.0,0
2025-09-26,00235,中策資本控股,0.032,10.34,9748550,652328123.0,16.81,,0.0,0
2025-09-26,02540,樂思集團,1.47,5.0,4902300,882000000.0,74.12,,0.0,0
2025-09-26,01868,同方友友,0.43,13.16,849800,900620129.0,23.3,,0.0,0
2025-09-29,08147,雲晶數智,0.62,47.62,1704500,128482350.0,19.25,,0.0,0
2025-09-29,01752,澳洲成峰高教,0.086,56.36,1142580,191938756.0,37.14,,0.0,0
2025-09-29,06080,榮智控股,0.181,10.37,9153100,202783350.0,18.44,,0.0,0
2025-09-29,01449,立德教育,0.28,5.66,836020,224000000.0,67.17,,0.0,0
2025-09-29,08637,元續科技,1.69,0.0,3805700,252996380.0,11.39,,0.0,0
2025-09-29,02212,高鵬礦業,0.227,26.11,4255400,286905118.0,11.38,,0.0,0
2025-09-29,03300,中國玻璃,0.315,18.87,5194100,578408751.0,12.68,,0.0,0
2025-09-30,01063,新確科技(新),0.128,0.0,1352710,39386536.0,24.92,,0.0,0
2025-09-30,08072,蘭谷股份,0.295,0.0,866910,49662995.0,12.86,,0.0,0
2025-09-30,02330,中國上城,0.14,9.38,611200,63398405.0,40.9,,0.0,0
2025-09-30,08619,NIU HOLDINGS,0.153,-7.83,716360,66346155.0,41.22,,0.0,0
2025-09-30,00572,未來世界控股,0.5,6.38,678090,150753946.0,22.47,,0.0,0
2025-09-30,01987,BENG SOON MACH,0.265,41.71,7039120,265000000.0,20.72,,0.0,0
2025-09-30,01170,信星集團,0.48,-2.04,1172900,320159734.0,29.76,,0.0,0
2025-09-30,01289,盛力達科技,2.686,8.05,3340310,343808000.0,10.02,,0.0,0
2025-09-30,01046,寰宇娛樂文化,0.39,11.43,960730,353586588.0,29.44,,0.0,0
2025-09-30,00510,時富金融服務集團,0.93,40.91,4223020,400992544.0,13.41,,0.0,0
2025-09-30,02699,新明中國,16.457,-12.69,99440320,432830752.0,10.71,,0.0,0
2025-09-30,01334,瑞昌國際控股,1.11,30.59,5192030,555000000.0,80.27,,0.0,0
2025-09-30,08368,中國創意控股,0.82,12.33,32187320,567618530.0,50.09,,0.0,0
2025-09-30,01851,銀杏教育,1.5,-1.32,5255900,750000000.0,226.16,,0.0,0
2025-09-30,00156,力寶華潤,1.05,20.69,6081500,964625835.0,36.03,,0.0,0
2025-10-02,01010,天璽曜11,0.103,13.19,548400,45762300.0,37.85,,0.0,0
2025-10-02,08208,永通萬國集團,0.105,43.84,1086400,75600000.0,16.27,,0.0,0
2025-10-02,00261,GBA集團,0.285,20.25,3406730,94438078.0,35.74,,0.0,0
2025-10-02,01049,時富投資,1.36,43.16,3423050,109749526.0,1694.58,,0.0,0
2025-10-02,02340,升柏控股,0.19,15.85,1661860,145297370.0,18.13,,0.0,0
2025-10-02,01362,新龍移動,0.53,26.19,732560,148400000.0,34.33,,0.0,0
2025-10-02,03313,雅高控股,1.62,2.53,1745890,230380948.0,52.85,,0.0,0
2025-10-02,01240,青建國際,0.196,6.52,1433070,297590726.0,26.95,,0.0,0
2025-10-02,08148,悟喜生活,0.77,0.0,15558400,352775808.0,691.98,,0.0,0
2025-10-02,01746,萬順集團控股,0.365,40.38,2570400,365000000.0,12.95,,0.0,0
2025-10-02,08269,倍升教育科技,0.52,20.93,6810160,463175856.0,21.7,,0.0,0
2025-10-02,01909,火岩控股,1.913,-8.34,4197320,464516651.0,14.03,,0.0,0
2025-10-02,00510,時富金融服務集團,1.32,41.94,13375770,569150708.0,18.9,,0.0,0
2025-10-02,02237,中國石墨,0.37,7.25,3275150,592000000.0,15.19,,0.0,0
2025-10-02,01489,GC CONSTRUCTION,0.63,88.06,8604100,630000000.0,17.62,,0.0,0
2025-10-02,01942,馬可數字科技,0.322,4.55,27632050,662801451.0,19.81,,0.0,0
2025-10-02,00334,華顯光電,0.405,26.56,13452630,856294711.0,10.47,,0.0,0
2025-10-03,02110,天成控股,0.122,4.27,936420,5270400.0,150.28,,0.0,0
2025-10-03,08293,星亞控股,0.21,6.06,2000680,45158420.0,143.81,,0.0,0
2025-10-03,08221,高裕金融,1.18,12.38,5721000,56168000.0,102.45,,0.0,0
2025-10-03,00130,慕詩國際,0.25,98.41,3014870,71982500.0,38162.91,,0.0,0
2025-10-03,01421,恆昌集團國際,0.395,-1.25,5178400,79077104.0,137.53,,0.0,0
2025-10-03,00784,愛生命國際,0.122,45.24,562300,97600000.0,23.5,,0.0,0
2025-10-03,01850,美好生活集團控股,0.74,19.35,7684630,127872000.0,12.91,,0.0,0
2025-10-03,00397,嬴集團,0.044,-8.33,7306930,150604920.0,71.42,,0.0,0
2025-10-03,01957,大人國際,0.265,-3.64,4096100,166420000.0,10.94,,0.0,0
2025-10-03,08350,立橋證券控股,0.219,30.36,1105320,208064016.0,13.78,,0.0,0
2025-10-03,02258,華滋國際海洋,0.289,29.02,996890,238540600.0,154.72,,0.0,0
2025-10-03,01953,賽孚迅國際,0.198,27.74,2945070,249480000.0,47.93,,0.0,0
2025-10-03,00556,泛亞環保,0.31,10.71,747130,311494461.0,11.7,,0.0,0
2025-10-03,03773,銀盛數惠,1.64,-1.2,1412520,680600000.0,11.04,,0.0,0
2025-10-03,00776,帝國科技集團,1.177,54.26,18818190,790752796.0,20.19,,0.0,0
2025-10-06,08176,超人智能,0.081,-34.68,2314600,57955559.0,353.0,,0.0,0
2025-10-06,02528,尚晉國際控股,0.202,-8.18,1255860,80800000.0,28.42,,0.0,0
2025-10-06,00810,中國鑄晨81,0.12,8.11,1975950,85530138.0,136.41,,0.0,0
2025-10-06,01722,建鵬控股,0.082,43.86,720600,90200000.0,26.43,,0.0,0
2025-10-06,01069,中國健康科技集團,0.333,3.42,2487750,102821296.0,11.4,,0.0,0
2025-10-06,00784,愛生命國際,0.149,22.13,1021300,119200000.0,12.74,,0.0,0
2025-10-06,08317,財華社集團,0.125,-0.79,2516870,124976020.0,293.68,,0.0,0
2025-10-06,08637,元續科技,1.5,-6.25,14544900,224553000.0,14.2,,0.0,0
2025-10-06,00893,中國鐵鈦,0.106,26.19,3780320,238395633.0,22.77,,0.0,0
2025-10-06,00731,建發新勝,0.19,0.53,619370,268774158.0,12.33,,0.0,0
2025-10-06,08029,中投金融科技集團,1.06,58.21,1593800,296886518.0,80.99,,0.0,0
2025-10-06,06909,百得利控股,0.517,0.0,2207600,321832500.0,186.37,,0.0,0
2025-10-06,00471,中播數據,0.679,22.56,5864700,325758490.0,26.29,,0.0,0
2025-10-06,00166,新時代集團控股,0.051,2.0,775850,445830626.0,22.31,,0.0,0
2025-10-06,06829,龍升集團控股,1.88,62.07,6358500,541440000.0,17.08,,0.0,0
2025-10-06,00265,港譽智慧城市服務,2.44,22.61,670040,630597284.0,11.28,,0.0,0
2025-10-06,08246,中華燃氣,1.264,113.51,4470090,748544592.0,194.12,,0.0,0
2025-10-06,06898,中國鋁罐,0.828,6.43,1724620,779480028.0,76.88,,0.0,0
2025-10-08,08250,都都控股,0.166,0.0,3494130,57138547.0,349.34,,0.0,0
2025-10-08,02330,中國上城,0.135,-6.9,1287980,61134176.0,20.19,,0.0,0
2025-10-08,08187,積木集團,0.415,6.41,6351030,62948794.0,24.32,,0.0,0
2025-10-08,08377,維港育馬,0.165,0.61,801490,88974907.0,18.87,,0.0,0
2025-10-08,02112,恩典生命科技,0.066,13.79,5066880,99000000.0,48.64,,0.0,0
2025-10-08,01715,智慧健康科技,0.31,-6.06,1255500,111835562.0,19.02,,0.0,0
2025-10-08,08168,寶積資本,0.085,19.72,833440,126191000.0,17.24,,0.0,0
2025-10-08,01722,建鵬控股,0.117,42.68,8347900,128700000.0,86.57,,0.0,0
2025-10-08,01711,歐化,0.184,106.74,2150000,147200000.0,5011.66,,0.0,0
2025-10-08,08029,中投金融科技集團,1.32,24.53,1869120,369707740.0,10.45,,0.0,0
2025-10-08,00595,先思行,0.44,10.0,2346690,377300573.0,27.78,,0.0,0
2025-10-08,00166,新時代集團控股,0.058,13.73,3125920,507023065.0,29.05,,0.0,0
2025-10-08,01636,中國金屬利用,1.22,23.23,8876240,546749986.0,54.99,,0.0,0
2025-10-08,00365,芯成科技,0.41,41.38,7762900,596550000.0,35.81,,0.0,0
2025-10-08,01900,中國智能交通,0.395,16.18,9659870,679473415.0,34.39,,0.0,0
2025-10-08,06885,金馬能源,1.28,15.32,6108940,685338880.0,10.78,,0.0,0
2025-10-08,01036,萬科海外,1.79,15.48,4182230,697254998.0,30.96,,0.0,0
2025-10-09,08178,中國信息科技,0.587,-47.91,15166050,101026902.0,27.11,,0.0,0
2025-10-09,08473,彌明生活百貨,0.135,12.5,705780,151200000.0,15.52,,0.0,0
2025-10-09,01711,歐化,0.197,7.07,4540270,157600000.0,21.08,,0.0,0
2025-10-09,08406,中國口腔產業,0.107,13.83,1951770,210749096.0,23.98,,0.0,0
2025-10-09,02102,德利機械,0.25,22.55,2646250,250000000.0,82.05,,0.0,0
2025-10-09,01959,中聚投資,0.51,14.61,1329170,270301020.0,20.49,,0.0,0
2025-10-09,00295,江山控股,0.019,-5.0,564430,284324408.0,12.28,,0.0,0
2025-10-09,00970,新耀萊,0.53,1.92,2626710,357941950.0,15.87,,0.0,0
2025-10-09,06939,美佳音控股,0.59,-3.28,2532640,367275000.0,13.27,,0.0,0
2025-10-09,00979,綠色能源科技集團,0.3,0.0,627120,406892453.0,12.96,,0.0,0
2025-10-09,06118,奧星生命科技,1.5,47.06,9094480,768873000.0,30.9,,0.0,0
2025-10-09,06885,金馬能源,1.55,21.09,29046390,829902550.0,25.15,,0.0,0
2025-10-10,08377,維港育馬,0.139,-15.76,1380790,74954619.0,14.39,,0.0,0
2025-10-10,06816,瑞港建設,0.219,1.86,521900,175200000.0,53.53,,0.0,0
2025-10-10,08622,愉悅集團,0.42,6.33,7366400,216498240.0,30.2,,0.0,0
2025-10-10,08403,德豐宿來,1.46,0.69,641840,247032000.0,12.31,,0.0,0
2025-10-10,01822,中木國際,0.155,-15.3,703680,305938591.0,12.35,,0.0,0
2025-10-10,02237,中國石墨,0.4,1.27,37098150,640000000.0,29.44,,0.0,0
2025-10-10,00090,普星能量,1.646,23.2,2732720,754855600.0,49.4,,0.0,0
2025-10-10,02458,望塵科技控股,6.35,1.76,39503700,906209313.0,223.8,,0.0,0
2025-10-13,02110,天成控股,0.16,37.93,2209130,6912000.0,20.9,,0.0,0
2025-10-13,08456,民信國際控股,0.385,-1.28,1111400,50898136.0,20.81,,0.0,0
2025-10-13,00145,信能低碳,0.18,2.27,1703530,65916327.0,14.28,,0.0,0
2025-10-13,01591,汛和集團,0.165,0.61,3538690,88000000.0,147.54,,0.0,0
2025-10-13,00197,亨泰,0.47,-11.32,9276530,98328913.0,11.69,,0.0,0
2025-10-13,02370,力高健康生活,0.52,33.33,3084900,104000000.0,97.22,,0.0,0
2025-10-13,08360,簡樸新生活,0.31,-10.14,1886340,112238511.0,12.15,,0.0,0
2025-10-13,08268,智城發展控股,0.395,-4.82,2131360,113760000.0,24.47,,0.0,0
2025-10-13,01163,虎視傳媒,0.133,1.53,528000,119221200.0,54.6,,0.0,0
2025-10-13,08413,亞洲富思,0.114,-1.72,1133200,132468000.0,15.37,,0.0,0
2025-10-13,00298,莊士中國,0.12,-2.44,515800,281644238.0,12.86,,0.0,0
2025-10-13,02680,南強控股,8.0,41.34,26930790,480000000.0,39.7,,0.0,0
2025-10-13,00848,茂業國際,0.124,-3.88,547650,637400424.0,10.39,,0.0,0
2025-10-13,01727,河北建設,0.45,-4.26,789140,792622575.0,24.65,,0.0,0
2025-10-13,02623,香港黃金產業集團,1.493,0.88,719570,819104279.0,32.92,,0.0,0
2025-10-13,01082,源宇宙教育,1.52,-0.65,2073800,924231258.0,15.15,,0.0,0
2025-10-14,08103,HMVOD視頻,0.239,74.45,3747340,30938047.0,101.19,,0.0,0
2025-10-14,00601,稀鎂科技,0.128,28.0,7928400,75852173.0,12.63,,0.0,0
2025-10-14,02227,守益控股,0.13,16.07,538400,119028000.0,23.6,,0.0,0
2025-10-14,00164,中國寶力科技,0.405,0.0,1806350,141451403.0,17.99,,0.0,0
2025-10-14,01742,HPC HOLDINGS,0.115,26.37,1136100,184000000.0,42.86,,0.0,0
2025-10-14,06839,雲南水務,0.18,-9.55,700380,214778422.0,32.88,,0.0,0
2025-10-14,00913,港灣數字,0.305,3.39,691080,270548737.0,43.75,,0.0,0
2025-10-14,00989,中國長白山國際,0.79,33.9,510450,284543733.0,12.92,,0.0,0
2025-10-14,01355,生物系統工程,0.162,36.13,1224800,289914834.0,34.98,,0.0,0
2025-10-14,01937,佳辰控股,0.29,19.34,1185900,290000000.0,18.9,,0.0,0
2025-10-14,01959,中聚投資,0.72,65.52,17715750,381601440.0,84.33,,0.0,0
2025-10-14,01945,清科控股,1.3,2.36,912900,382239520.0,18.19,,0.0,0
2025-10-14,00938,民生國際,0.61,8.93,641020,394791143.0,10.75,,0.0,0
2025-10-14,00244,先施,0.335,11.67,5546670,440177458.0,57.45,,0.0,0
2025-10-14,01596,翼辰實業,0.657,-1.5,771760,589880880.0,11.04,,0.0,0
2025-10-14,00672,眾安集團,0.136,-0.73,2394820,766470133.0,12.12,,0.0,0
2025-10-15,00065,弘海高新資源,0.395,0.0,3096400,96987082.0,66.67,,0.0,0
2025-10-15,01162,瑩嵐集團,0.22,-1.79,3177000,132000000.0,38.61,,0.0,0
2025-10-15,01826,豐展控股,0.07,-11.39,681040,167832000.0,22.38,,0.0,0
2025-10-15,00684,亞倫國際,0.55,-5.17,610900,183179986.0,20.11,,0.0,0
2025-10-15,00092,冠軍科技集團,0.168,-1.18,934400,184399294.0,10.54,,0.0,0
2025-10-15,00471,中播數據,0.586,-17.58,26907500,281140612.0,13.64,,0.0,0
2025-10-15,01959,中聚投資,0.65,-9.72,34088080,344501300.0,17.24,,0.0,0
2025-10-15,00146,太平地氈,1.68,5.66,1166530,356474980.0,119.99,,0.0,0
2025-10-15,00096,友成控股,0.575,-4.96,1117600,366016020.0,35.2,,0.0,0
2025-10-15,01751,智算能建(二千),0.913,19.19,1478380,372203960.0,36.19,,0.0,0
2025-10-15,00970,新耀萊,0.64,0.0,5256660,432231789.0,12.75,,0.0,0
2025-10-15,01823,華昱高速,1.14,7.55,1890180,537063120.0,14.13,,0.0,0
2025-10-15,00677,金源發展國際實業,0.339,0.0,1536470,575420789.0,10.23,,0.0,0
2025-10-15,00848,茂業國際,0.121,-2.42,1365030,621979446.0,10.51,,0.0,0
2025-10-15,00391,美亞娛樂資訊,0.112,10.89,1021680,663458715.0,28.12,,0.0,0
2025-10-15,02325,雲康集團,1.4,17.65,45523170,869750700.0,93.0,,0.0,0
2025-10-16,08120,國農金融投資,0.47,-9.62,529650,76434577.0,31.52,,0.0,0
2025-10-16,02330,中國上城,0.195,18.9,3027010,88304921.0,12.18,,0.0,0
2025-10-16,01971,弘陽服務,0.275,-21.43,1849520,114125000.0,844.92,,0.0,0
2025-10-16,08321,泰錦控股,0.275,0.0,1045150,147510000.0,151.96,,0.0,0
2025-10-16,01751,智算能建(二千),1.063,16.43,7225400,433354665.0,38.54,,0.0,0
2025-10-16,06830,華眾車載,0.292,11.45,10221230,516604590.0,35.97,,0.0,0
2025-10-16,06188,迪信通,0.63,50.0,1743400,558470052.0,46.89,,0.0,0
2025-10-17,01025,嘉藝控股,0.23,7.48,2357150,102894511.0,14.11,,0.0,0
2025-10-17,01273,香港信貸,0.524,-1.87,661000,217460000.0,11.73,,0.0,0
2025-10-17,00844,廣泰國際控股,0.45,9.76,1621340,222450898.0,400.53,,0.0,0
2025-10-17,01130,中國環境資源,0.49,1.03,3821800,275805882.0,73.02,,0.0,0
2025-10-20,08612,維亮控股,0.102,7.37,694140,42301440.0,78.28,,0.0,0
2025-10-20,01400,滿地科技股份,0.02,0.0,1076070,76035347.0,85.84,,0.0,0
2025-10-20,08321,泰錦控股,0.275,0.0,1295500,147510000.0,11.71,,0.0,0
2025-10-20,01792,CMON,0.896,13.27,3564770,221921280.0,16.98,,0.0,0
2025-10-20,00280,景福集團,0.556,3.73,6178360,505575507.0,11.78,,0.0,0
2025-10-20,00610,惠記集團,0.75,2.74,4202040,594843026.0,20.42,,0.0,0
2025-10-20,01028,千百度,0.285,29.55,892620,710334000.0,12.74,,0.0,0
2025-10-21,01225,隆成金融,0.207,0.98,729150,47676739.0,89.85,,0.0,0
2025-10-21,08118,中資國際控股,0.108,0.0,1555400,54000000.0,15.36,,0.0,0
2025-10-21,02147,正味集團,1.02,13.33,4876720,68544000.0,16.79,,0.0,0
2025-10-21,08275,中國新消費集團,0.127,8.55,1512120,121918164.0,33.04,,0.0,0
2025-10-21,08481,盛龍錦秀國際,0.405,-6.9,1827000,164093850.0,59.51,,0.0,0
2025-10-21,01715,智慧健康科技,0.46,22.67,2275250,165949544.0,10.63,,0.0,0
2025-10-21,01327,勵時集團,0.73,-1.35,598600,188913254.0,31.86,,0.0,0
2025-10-21,01792,CMON,1.053,17.52,6231390,260807040.0,11.53,,0.0,0
2025-10-21,01753,兌吧,0.255,4.51,1589100,274589916.0,15.08,,0.0,0
2025-10-21,01867,標準發展集團,0.211,17.22,1291920,315234000.0,32.77,,0.0,0
2025-10-21,02107,第一服務控股,0.255,0.0,542830,322320000.0,16.28,,0.0,0
2025-10-21,02393,巨星醫療控股,0.152,16.92,8147130,354401680.0,47.79,,0.0,0
2025-10-21,01265,天津津燃公用,0.218,-2.24,2201820,400969100.0,190.34,,0.0,0
2025-10-21,01218,永義國際,2.89,0.0,3323540,427652969.0,252.3,,0.0,0
2025-10-21,01442,鷹輝物流,0.335,0.0,11922650,691440000.0,276.18,,0.0,0
2025-10-21,02505,EDA集團控股,2.12,-3.64,10335530,982229390.0,20.19,,0.0,0
2025-10-22,08460,基地錦標集團,0.119,83.08,3894320,31607354.0,91.5,,0.0,0
2025-10-22,08153,嘉鼎國際集團,0.853,2.4,947030,35480684.0,11.15,,0.0,0
2025-10-22,02358,久融控股,0.012,20.0,3576080,65664000.0,53.12,,0.0,0
2025-10-22,01253,綠博生態,0.23,15.0,622470,138946790.0,10.67,,0.0,0
2025-10-22,00465,富通科技,0.46,9.52,836510,144939560.0,37.15,,0.0,0
2025-10-22,01540,澳獅環球,0.4,0.0,941700,199468729.0,13.8,,0.0,0
2025-10-22,00422,越南制造加工出口,0.3,-25.0,1718030,272304000.0,170.8,,0.0,0
2025-10-22,01867,標準發展集團,0.295,39.81,2337270,440730000.0,14.28,,0.0,0
2025-10-22,02389,北京健康,0.074,1.37,1083680,448349130.0,13.54,,0.0,0
2025-10-22,02377,博奇環保,1.096,5.79,1680280,936929496.0,32.03,,0.0,0
2025-10-23,08460,基地錦標集團,0.25,110.08,29335860,66402004.0,67.93,,0.0,0
2025-10-23,00571,豐德麗控股,0.047,-20.34,727040,82526213.0,69.81,,0.0,0
2025-10-23,01850,美好生活集團控股,0.63,10.53,11790110,108864000.0,17.72,,0.0,0
2025-10-23,01679,瑞斯康集團,0.53,-14.52,2041450,114381335.0,27.38,,0.0,0
2025-10-23,01894,恆益控股,0.508,4.1,992150,118545356.0,29.55,,0.0,0
2025-10-23,01690,立基工程控股,0.085,88.89,4569550,122844550.0,2208.58,,0.0,0
2025-10-23,00726,築友智造科技,0.044,-2.22,1129740,136448212.0,24.14,,0.0,0
2025-10-23,00138,中建富通,0.87,22.54,978190,139171764.0,350.48,,0.0,0
2025-10-23,01449,立德教育,0.25,-1.96,507500,200000000.0,21.53,,0.0,0
2025-10-23,08368,中國創意控股,0.53,-3.64,1984100,366875391.0,38.72,,0.0,0
2025-10-23,00897,位元堂,0.475,7.95,2743340,529331872.0,18.78,,0.0,0
2025-10-24,01259,未來發展控股,0.035,12.9,557500,77117635.0,12.42,,0.0,0
2025-10-24,01703,誼和股份,0.73,35.19,1494850,100740000.0,14.44,,0.0,0
2025-10-24,00726,築友智造科技,0.041,-6.82,1830930,127144925.0,11.74,,0.0,0
2025-10-24,01459,巨匠建設,0.26,4.0,562440,138673600.0,13.45,,0.0,0
2025-10-24,01429,天任集團,0.088,31.34,1864500,140800000.0,17.2,,0.0,0
2025-10-24,00834,盛融控股,0.6,163.16,75168100,271768800.0,102501.95,,0.0,0
2025-10-24,01265,天津津燃公用,0.213,1.43,4258460,391772561.0,18.39,,0.0,0
2025-10-24,01757,環球華商俱樂部,0.54,27.06,10547300,648000000.0,16.85,,0.0,0
2025-10-27,08385,萬里印刷,0.275,63.69,2062680,28706700.0,14.5,,0.0,0
2025-10-27,01010,天璽曜11,0.089,-1.11,759000,39542181.0,46.22,,0.0,0
2025-10-27,02288,宏基資本,0.163,31.45,578330,61197861.0,43.49,,0.0,0
2025-10-27,03919,金力集團,1.36,18.26,846890,61705920.0,13.25,,0.0,0
2025-10-27,08392,舍圖控股,0.064,72.97,552700,64000000.0,435.2,,0.0,0
2025-10-27,01703,誼和股份,0.95,30.14,2522800,131100000.0,10.03,,0.0,0
2025-10-27,09929,澳達控股,0.085,26.87,891400,170000000.0,92.76,,0.0,0
2025-10-27,01399,銳信控股,0.208,4.52,584210,226720259.0,36.06,,0.0,0
2025-10-27,08123,華億金控,0.659,10.02,794930,227123231.0,136.3,,0.0,0
2025-10-27,02326,新源萬恆控股,0.012,0.0,530840,253008866.0,13.15,,0.0,0
2025-10-27,01416,CTR HOLDINGS,0.23,41.98,3940800,322000000.0,27.29,,0.0,0
2025-10-27,02107,第一服務控股,0.26,4.0,882350,328640000.0,12.05,,0.0,0
2025-10-27,00894,萬裕科技,0.82,24.24,8943970,393044425.0,17.32,,0.0,0
2025-10-27,01942,馬可數字科技,0.288,1.05,18674190,592816205.0,19.86,,0.0,0
2025-10-28,00915,道和環球,0.059,-13.24,830280,89065969.0,46.3,,0.0,0
2025-10-28,01163,虎視傳媒,0.122,-5.43,1425900,109360800.0,679.0,,0.0,0
2025-10-28,01443,富臨集團控股,0.112,69.7,2992530,145600000.0,90.91,,0.0,0
2025-10-28,01777,花樣年控股(新),0.089,-7.29,2496190,322924691.0,15.34,,0.0,0
2025-10-28,00205,BFB HEALTH,0.315,0.0,3298200,394132440.0,42.92,,0.0,0
2025-10-28,01985,美高域,1.38,0.73,4274740,422796120.0,17.33,,0.0,0
2025-10-28,01577,匯鑫小貸,0.823,-2.37,24175920,559640000.0,4457.21,,0.0,0
2025-10-28,01622,力高集團,0.168,58.49,1723720,596670366.0,20.42,,0.0,0
2025-10-28,00040,金山科技工業,0.702,4.46,1144250,633546653.0,46.59,,0.0,0
2025-10-28,00472,新絲路控股集團,0.185,6.94,554700,712085290.0,14.36,,0.0,0
2025-10-28,01980,天鴿互動,0.66,1.54,16720590,729958787.0,24.64,,0.0,0
2025-10-28,08050,城市酷選,2.8,13.13,2632670,759500000.0,11.02,,0.0,0
2025-10-28,01079,松景科技,0.445,28.99,13359990,952323411.0,19.25,,0.0,0
2025-10-30,08072,蘭谷股份,0.295,1.72,1380600,49662995.0,84.98,,0.0,0
2025-10-30,02433,中天湖南集團,0.094,11.9,2508500,54144000.0,19.98,,0.0,0
2025-10-30,08007,環球戰略集團,0.26,-1.89,929160,58842532.0,12.36,,0.0,0
2025-10-30,01010,天璽曜11,0.147,27.83,1549900,65311243.0,12.38,,0.0,0
2025-10-30,08535,熒德控股,0.121,-23.42,8585100,145200000.0,118.99,,0.0,0
2025-10-30,02223,卡撒天嬌,0.68,23.64,906040,175543360.0,10.3,,0.0,0
2025-10-30,08326,同景新能源,0.163,-2.98,1529180,200001000.0,48.43,,0.0,0
2025-10-30,01869,貓屎咖啡控股,0.131,42.39,523890,221691300.0,47.9,,0.0,0
2025-10-30,00865,建德國際控股,0.04,0.0,512000,233519588.0,11.72,,0.0,0
2025-10-30,01226,中國投融資,0.8,0.0,6919500,330077280.0,852.16,,0.0,0
2025-10-30,02497,富景中國控股,0.7,7.69,1164300,350000000.0,15.48,,0.0,0
2025-10-30,00381,權識國際,0.305,8.93,5762350,405779480.0,13.25,,0.0,0
2025-10-30,08021,匯隆控股,0.6,-16.67,957000,431013031.0,26.93,,0.0,0
2025-10-30,03860,EPS創健科技,0.76,26.67,677050,442646677.0,23.65,,0.0,0
2025-10-30,00367,莊士機構國際,0.34,0.0,720800,568668055.0,24.24,,0.0,0
2025-10-30,02516,泛遠國際,0.67,-8.22,1678300,627120000.0,14.17,,0.0,0
2025-10-30,00351,亞洲能源物流,0.32,8.47,1912200,638392078.0,11.95,,0.0,0
2025-10-30,01282,中澤豐,0.155,-1.9,2566700,775000000.0,17.83,,0.0,0
2025-10-30,01116,慧源同創科技,0.375,27.12,1268950,809250000.0,11.47,,0.0,0
2025-10-31,01134,恆發光學,0.194,8.38,508560,97000000.0,15.02,,0.0,0
2025-10-31,00065,弘海高新資源,0.405,1.25,1645240,99442451.0,10.2,,0.0,0
2025-10-31,02227,守益控股,0.133,19.82,588800,121774800.0,42.67,,0.0,0
2025-10-31,01393,恆鼎實業,0.052,-10.34,913430,239473489.0,13.64,,0.0,0
2025-10-31,01613,協同通信,0.175,2.94,2411500,268776286.0,20.01,,0.0,0
2025-10-31,00432,盈大地產,0.198,-1.0,683570,403570875.0,14.51,,0.0,0
2025-10-31,01319,靄華押業信貸,0.239,5.29,1252880,459909709.0,15.34,,0.0,0
2025-10-31,03626,啟明東方控股,3.2,-61.4,100465090,588800000.0,103.61,,0.0,0
2025-10-31,01652,福森藥業,0.94,36.23,18776010,694942940.0,82.59,,0.0,0
2025-10-31,01282,中澤豐,0.155,0.0,13852040,775000000.0,35.95,,0.0,0
2025-10-31,00727,中國豐匯,0.72,-3.1,768800,915727680.0,14.48,,0.0,0
2025-11-03,08282,智傲控股,0.62,-1.59,532360,35340000.0,23.45,,0.0,0
2025-11-03,08456,民信國際控股,0.355,-1.39,1012000,46932047.0,89.64,,0.0,0
2025-11-03,08500,天泓文創,0.21,-0.47,3354230,90720000.0,19.05,,0.0,0
2025-11-03,00164,中國寶力科技,0.395,1.28,1032000,137958776.0,13.36,,0.0,0
2025-11-03,00348,中國智能健康,0.172,7.5,547020,159026184.0,15.49,,0.0,0
2025-11-03,01134,恆發光學,0.325,67.53,3602130,162500000.0,42.52,,0.0,0
2025-11-03,01327,勵時集團,0.64,0.0,990120,165622579.0,15.7,,0.0,0
2025-11-03,01284,新傳企劃,0.365,15.87,724680,219000000.0,26.88,,0.0,0
2025-11-03,08502,遠航港口,0.29,16.0,535880,232000000.0,52.45,,0.0,0
2025-11-03,01393,恆鼎實業,0.065,25.0,7489360,299341861.0,49.87,,0.0,0
2025-11-03,01738,飛尚無煙煤,0.23,91.67,13890730,317525534.0,186.5,,0.0,0
2025-11-03,00582,神話世界,0.104,-3.7,611210,379754064.0,14.77,,0.0,0
2025-11-03,01653,MOS HOUSE,1.33,41.49,3748440,384259610.0,11.27,,0.0,0
2025-11-03,00320,金寶通,0.51,-16.39,1048420,429695400.0,23.06,,0.0,0
2025-11-03,00616,財富鏈,0.234,36.05,6965720,436953897.0,33.25,,0.0,0
2025-11-03,01692,登輝控股,1.715,4.26,779320,615685000.0,33.96,,0.0,0
2025-11-03,00149,中國農產品交易,0.08,0.0,2629690,796245426.0,21.11,,0.0,0
2025-11-03,02415,梅斯健康,1.47,2.8,9775120,892541296.0,53.08,,0.0,0
2025-11-03,01622,力高集團,0.255,19.16,6745400,905660377.0,13.03,,0.0,0
2025-11-03,01075,首都信息,3.181,16.05,6775530,921881185.0,55.22,,0.0,0
2025-11-04,02110,天成控股,0.199,32.67,8384950,8596800.0,556.44,,0.0,0
2025-11-04,08282,智傲控股,0.71,14.52,1474130,40470000.0,19.61,,0.0,0
2025-11-04,08340,紫荊國際金融,0.56,1.82,922250,44794400.0,67.3,,0.0,0
2025-11-04,08217,菊福堂生物,0.25,-5.66,2890550,75465000.0,32.46,,0.0,0
2025-11-04,00065,弘海高新資源,0.5,16.28,6036960,122768458.0,12.51,,0.0,0
2025-11-04,01722,建鵬控股,0.14,25.0,3661100,154000000.0,22.15,,0.0,0
2025-11-04,00209,萬維智能科技,1.515,7.22,17445260,225079278.0,65.9,,0.0,0
2025-11-04,03708,中國供應鏈產業,0.32,45.45,15310540,232729600.0,35.83,,0.0,0
2025-11-04,01170,信星集團,0.48,2.13,875980,320159734.0,54.89,,0.0,0
2025-11-04,00713,世界(集團),0.45,-2.17,840830,356452839.0,19.69,,0.0,0
2025-11-04,02187,智欣集團控股,0.49,13.95,2324100,439824000.0,13.58,,0.0,0
2025-11-04,08227,海天天線,0.265,120.83,853120,502871685.0,69.36,,0.0,0
2025-11-04,00413,南華集團控股,0.039,14.71,560820,515630785.0,14.08,,0.0,0
2025-11-04,01290,中國匯融,0.57,-10.94,1198980,621490950.0,832.62,,0.0,0
2025-11-04,02405,力盟科技,1.15,4.55,4893600,920000000.0,13.2,,0.0,0
2025-11-05,00704,和嘉控股,0.118,122.64,4350150,34264042.0,470.08,,0.0,0
2025-11-05,08431,浩柏國際,0.227,1.79,719600,53699937.0,17.19,,0.0,0
2025-11-05,00379,恆嘉融資租賃,0.069,-19.77,1009750,116423890.0,12.78,,0.0,0
2025-11-05,01402,超智能控股,0.26,14.54,735350,273130000.0,32.26,,0.0,0
2025-11-05,00969,華聯國際,0.138,12.2,557080,302382840.0,15.76,,0.0,0
2025-11-05,01130,中國環境資源,0.55,14.58,2734350,309578031.0,15.53,,0.0,0
2025-11-05,02122,凱知樂國際,0.27,22.17,4317950,366096857.0,18.46,,0.0,0
2025-11-05,08021,匯隆控股,0.64,6.67,5580880,459747233.0,26.13,,0.0,0
2025-11-05,08227,海天天線,0.246,-7.17,1806120,466816734.0,19.85,,0.0,0
2025-11-06,08320,沛然環保,0.105,0.96,564980,76984950.0,44.37,,0.0,0
2025-11-06,01889,三愛健康集團,0.62,10.71,1766690,94797191.0,10.62,,0.0,0
2025-11-06,00456,新城市建設發展,0.52,0.0,715550,111399020.0,176.07,,0.0,0
2025-11-06,01720,普天通信集團,0.117,23.16,3911900,128700000.0,25.04,,0.0,0
2025-11-06,00928,帝王國際投資,0.087,2.35,1990890,160986980.0,16.11,,0.0,0
2025-11-06,01343,偉源控股,0.156,100.0,12735200,165984000.0,412.14,,0.0,0
2025-11-06,00969,華聯國際,0.126,-8.7,1108740,276088680.0,12.18,,0.0,0
2025-11-06,00936,佳兆業資本,0.485,25.97,2639200,514100000.0,17.01,,0.0,0
2025-11-06,00869,彩星玩具,0.54,-1.82,1207520,612900000.0,11.68,,0.0,0
2025-11-06,01292,長安民生物流,4.33,3.34,2604550,874937120.0,12.38,,0.0,0
2025-11-07,08035,駿高控股,0.065,10.17,4818900,39000000.0,45.7,,0.0,0
2025-11-07,00704,和嘉控股,0.23,139.58,15156000,66785844.0,30.42,,0.0,0
2025-11-07,02370,力高健康生活,0.42,5.0,1481700,84000000.0,13.79,,0.0,0
2025-11-07,03822,三和建築集團,1.0,51.52,7085110,84000000.0,423.37,,0.0,0
2025-11-07,00401,萬嘉集團,0.121,4.31,510210,136562500.0,16.8,,0.0,0
2025-11-07,00204,資本界金控,0.61,3.39,3504750,151923628.0,26.92,,0.0,0
2025-11-07,01710,致豐工業電子,0.214,8.63,689960,214000000.0,21.0,,0.0,0
2025-11-07,00582,神話世界,0.118,20.41,1742270,430874804.0,16.86,,0.0,0
2025-11-10,00559,德泰新能源集團,0.116,-31.76,696380,60689389.0,112.03,,0.0,0
2025-11-10,08537,創輝珠寶,0.203,0.0,2250120,73080000.0,17.67,,0.0,0
2025-11-10,08483,名仕快相,0.155,26.02,1032150,124000000.0,27.14,,0.0,0
2025-11-10,00986,杜甫酒業集團,0.96,-3.03,684640,124291728.0,11.0,,0.0,0
2025-11-10,08426,雅居投資控股,0.225,-0.44,535720,180000000.0,98.28,,0.0,0
2025-11-10,01655,OKURA HOLDINGS,0.28,78.34,21464800,201599882.0,540.27,,0.0,0
2025-11-10,03366,華僑城(亞洲),0.275,32.21,3735950,205800650.0,51.63,,0.0,0
2025-11-10,06663,國際永勝集團,0.28,3.7,646350,224000000.0,12.34,,0.0,0
2025-11-10,02863,高豐集團控股,0.365,-1.35,6705000,251671515.0,398.7,,0.0,0
2025-11-10,01710,致豐工業電子,0.28,30.84,7784300,280000000.0,81.58,,0.0,0
2025-11-10,00630,雋泰控股,0.315,0.0,1934450,304778814.0,34.01,,0.0,0
2025-11-10,00922,安賢園中國,0.143,-5.3,1226740,317654930.0,17.3,,0.0,0
2025-11-10,08321,泰錦控股,0.62,133.96,4138760,332568000.0,787.89,,0.0,0
2025-11-10,01746,萬順集團控股,0.4,15.94,899680,400000000.0,10.9,,0.0,0
2025-11-10,08418,傲迪瑪汽車,0.475,17.28,579200,403750000.0,11.21,,0.0,0
2025-11-10,00420,福田實業,0.553,-8.29,2858560,677439909.0,49.18,,0.0,0
2025-11-11,08186,浩盟控股,0.51,30.77,2910980,58073006.0,30.71,,0.0,0
2025-11-11,08118,中資國際控股,0.124,7.83,1176600,62000000.0,93.23,,0.0,0
2025-11-11,01707,致浩達控股,0.047,20.51,879700,78960000.0,10.41,,0.0,0
2025-11-11,08320,沛然環保,0.108,-0.92,2531380,79184520.0,39.53,,0.0,0
2025-11-11,00261,GBA集團,0.265,3.92,1414420,87810845.0,24.85,,0.0,0
2025-11-11,08513,加和國際控股,1.08,-11.48,873280,88393180.0,13.49,,0.0,0
2025-11-11,00619,南華金融,0.35,16.67,695440,105446974.0,10.3,,0.0,0
2025-11-11,01413,鑄帝控股,0.47,4.44,16596740,154160000.0,10.51,,0.0,0
2025-11-11,02372,偉立控股,0.218,4.31,839900,174400000.0,115.05,,0.0,0
2025-11-11,08023,鄺文記,0.31,-1.59,935520,185207640.0,51.0,,0.0,0
2025-11-11,01920,巨美集團,0.435,14.47,4434990,255606000.0,10.73,,0.0,0
2025-11-11,00827,玖源集團,0.039,25.81,1020320,274093661.0,34.3,,0.0,0
2025-11-11,01460,揚科集團,0.32,3.23,1152820,280828900.0,82.16,,0.0,0
2025-11-11,01262,蠟筆小新食品,1.81,-2.16,597530,433043528.0,20.02,,0.0,0
2025-11-11,00620,大唐西市,0.72,0.0,6178120,576738166.0,15.29,,0.0,0
2025-11-11,01868,同方友友,0.365,0.0,2411670,764479877.0,25.31,,0.0,0
2025-11-11,02573,新琪安,9.15,-1.72,1614800,880515791.0,11.31,,0.0,0
2025-11-11,01986,彩客新能源,0.915,10.91,12270660,885614318.0,15.43,,0.0,0
2025-11-12,00426,萬華媒體,0.141,101.43,10565900,56526900.0,4133.76,,0.0,0
2025-11-12,00261,GBA集團,0.275,3.77,2781150,91124461.0,14.06,,0.0,0
2025-11-12,00571,豐德麗控股,0.054,25.58,584400,94817351.0,53.46,,0.0,0
2025-11-12,01421,恆昌集團國際,0.58,16.0,2505760,116113216.0,13.78,,0.0,0
2025-11-12,00619,南華金融,0.39,11.43,1852030,117498057.0,13.9,,0.0,0
2025-11-12,01621,域高國際控股,0.118,18.0,709080,118000000.0,153.55,,0.0,0
2025-11-12,08483,名仕快相,0.175,19.86,1730690,140000000.0,11.7,,0.0,0
2025-11-12,00262,迪臣發展國際,0.102,10.87,1118480,149615701.0,12.06,,0.0,0
2025-11-12,00204,資本界金控,0.66,-9.59,13029490,164376384.0,19.31,,0.0,0
2025-11-12,00932,順騰國際控股,0.055,37.5,9106840,170934139.0,16.58,,0.0,0
2025-11-12,02455,潤華服務,0.73,4.29,2086040,219000000.0,26.98,,0.0,0
2025-11-12,01552,BHCC HOLDING,0.28,42.13,4476600,224000000.0,201.65,,0.0,0
2025-11-12,08395,中顯智能齊家控股,0.198,-1.98,705500,339372000.0,10.57,,0.0,0
2025-11-12,00685,世界華文媒體,0.25,13.64,779020,405380360.0,8852.5,,0.0,0
2025-11-12,00897,位元堂,0.455,4.6,1506430,507044214.0,25.68,,0.0,0
2025-11-12,01260,皓天財經集團,0.45,5.88,660630,518154300.0,29.24,,0.0,0
2025-11-12,02000,晨訊科技,0.395,3.95,3862420,837023684.0,13.99,,0.0,0
2025-11-13,08221,高裕金融,1.19,-1.65,2810700,56644000.0,31.13,,0.0,0
2025-11-13,01380,中國金石,0.171,28.57,5471020,88398050.0,25.65,,0.0,0
2025-11-13,01718,宏基集團控股,0.295,27.16,2562420,89715400.0,36.77,,0.0,0
2025-11-13,06193,泰林科建,0.243,14.62,732490,97200000.0,13.45,,0.0,0
2025-11-13,08659,易和國際控股,0.161,3.21,1317400,132556297.0,13.39,,0.0,0
2025-11-13,01217,中國創新投資,0.016,14.29,3278440,204825258.0,16.37,,0.0,0
2025-11-13,00532,王氏港建,0.35,25.0,1098130,255464287.0,65.0,,0.0,0
2025-11-13,00442,域能控股,1.01,24.69,7892990,261741500.0,233.4,,0.0,0
2025-11-13,00681,中民控股,0.037,12.12,1439130,330578765.0,11.3,,0.0,0
2025-11-13,00822,嘉瑞國際,0.4,12.68,1345010,357504560.0,23.34,,0.0,0
2025-11-13,00591,中國高精密,0.365,17.74,7578550,378687500.0,11.78,,0.0,0
2025-11-13,02683,華新手袋國際控股,1.02,25.93,6200560,416798520.0,31.14,,0.0,0
2025-11-13,02516,泛遠國際,0.66,29.41,11212500,617760000.0,10.57,,0.0,0
2025-11-13,01085,亨鑫科技,1.67,3.09,1190060,777552000.0,19.29,,0.0,0
2025-11-13,01412,雋思集團,1.66,0.61,4046140,883120000.0,23.0,,0.0,0
2025-11-14,00428,中國天弓控股,0.242,2.11,724140,37330493.0,15.16,,0.0,0
2025-11-14,08208,永通萬國集團,0.143,52.13,17828200,102960000.0,146.64,,0.0,0
2025-11-14,00948,阿爾法企業-一萬,0.29,11.54,6778000,119561311.0,745.74,,0.0,0
2025-11-14,01718,宏基集團控股,0.405,37.29,4073200,123168600.0,12.53,,0.0,0
2025-11-14,08093,瓦普思瑞元宇宙,3.0,17.65,985600,148435200.0,21.88,,0.0,0
2025-11-14,08403,德豐宿來,1.5,0.0,814270,253800000.0,11.24,,0.0,0
2025-11-14,00022,茂盛控股,7.25,83.54,7693400,285126238.0,39.73,,0.0,0
2025-11-14,02483,K CASH集團,1.662,1.84,2472900,831000000.0,1459.8,,0.0,0
2025-11-14,00237,安全貨倉,2.1,-1.41,1110380,850500000.0,28.87,,0.0,0
2025-11-14,01959,中聚投資,1.77,3.51,37604280,938103540.0,15.75,,0.0,0
2025-11-17,00193,冠中地產,0.185,-6.09,513630,43142473.0,12.01,,0.0,0
2025-11-17,08118,中資國際控股,0.126,0.0,2381500,63000000.0,16.4,,0.0,0
2025-11-17,08071,中彩網通控股,1.45,16.0,1234740,135895402.0,17.84,,0.0,0
2025-11-17,08093,瓦普思瑞元宇宙,2.85,-5.0,1897680,141013440.0,13.24,,0.0,0
2025-11-17,00399,星太鏈集團,0.064,-73.11,23710640,209734907.0,14.47,,0.0,0
2025-11-17,01917,豆盟科技,0.099,33.78,2523300,227700000.0,56.6,,0.0,0
2025-11-17,08247,中生北控生物科技,1.7,65.05,1172200,246002199.0,24.01,,0.0,0
2025-11-17,06663,國際永勝集團,0.31,21.57,1181300,248000000.0,10.63,,0.0,0
2025-11-17,00733,合富輝煌,0.47,70.91,2702830,316850495.0,133.1,,0.0,0
2025-11-17,01822,中木國際,0.163,0.62,787160,321728970.0,17.01,,0.0,0
2025-11-17,08107,細葉榕科技,0.325,-9.72,560300,446272125.0,11.67,,0.0,0
2025-11-17,06939,美佳音控股,0.74,27.59,1202820,460650000.0,21.31,,0.0,0
2025-11-17,02298,都市麗人,0.309,-6.08,4166530,695082279.0,13.65,,0.0,0
2025-11-17,03623,中國金融發展,1.26,0.8,819420,794635803.0,11.1,,0.0,0
2025-11-17,00526,利時集團控股,0.097,15.48,1710250,857869978.0,181.9,,0.0,0
2025-11-18,08187,積木集團,0.42,2.44,2755080,63707213.0,11.94,,0.0,0
2025-11-18,08500,天泓文創,0.197,5.35,2955960,85104000.0,15.32,,0.0,0
2025-11-18,08659,易和國際控股,0.245,47.59,3810000,201716104.0,13.94,,0.0,0
2025-11-18,09929,澳達控股,0.105,19.32,2509600,210000000.0,17.42,,0.0,0
2025-11-18,06068,光正教育,0.1,-13.79,879630,217815400.0,14.26,,0.0,0
2025-11-18,08247,中生北控生物科技,1.8,5.88,2528440,260472917.0,15.61,,0.0,0
2025-11-18,01182,勝龍國際,0.8,56.86,15134260,272651654.0,857.13,,0.0,0
2025-11-18,02012,陽光油砂,0.385,1.32,19532700,273871461.0,15.81,,0.0,0
2025-11-18,01201,天臣控股,0.74,8.82,599410,325367069.0,26.05,,0.0,0
2025-11-18,00936,佳兆業資本,0.495,17.86,14556300,524700000.0,28.48,,0.0,0
2025-11-18,00360,新焦點,0.049,8.89,3944100,843630469.0,26.72,,0.0,0
2025-11-18,01903,JBB BUILDERS,1.89,-9.13,2672940,945000000.0,13.84,,0.0,0
2025-11-19,01862,景瑞控股,0.015,25.0,2537325,23082198.0,94.6,,0.0,0
2025-11-19,08072,蘭谷股份,0.33,0.0,650800,55555214.0,16.74,,0.0,0
2025-11-19,00915,道和環球,0.047,-28.79,2765320,70950857.0,14.98,,0.0,0
2025-11-19,08275,中國新消費集團,0.109,-7.63,1179900,104638424.0,27.42,,0.0,0
2025-11-19,00120,COSMOPOL INT'L,0.09,-4.26,760570,147565850.0,11.04,,0.0,0
2025-11-19,01716,毛記葵湧,0.56,3.7,553840,151200000.0,11.15,,0.0,0
2025-11-19,00834,盛融控股,0.475,-20.83,7636800,215150300.0,12.38,,0.0,0
2025-11-19,06928,萬馬控股,0.3,42.86,9974260,229500000.0,99.35,,0.0,0
2025-11-19,00365,芯成科技,0.315,6.78,1052690,458325000.0,11.7,,0.0,0
2025-11-19,00266,天德地產,1.97,0.0,657280,935221693.0,11.78,,0.0,0
2025-11-19,02458,望塵科技控股,6.7,1.82,20698900,956157858.0,67.33,,0.0,0
2025-11-20,00997,普匯中金國際,0.033,0.0,711860,38586496.0,20.53,,0.0,0
2025-11-20,01633,上諭集團,0.126,80.0,4388700,86278500.0,850.52,,0.0,0
2025-11-20,01850,美好生活集團控股,0.57,0.0,3645100,98496000.0,10.19,,0.0,0
2025-11-20,03639,億達中國,0.072,35.85,897100,186045840.0,13.28,,0.0,0
2025-11-20,01420,川控股,0.171,-5.0,753200,229593355.0,251.07,,0.0,0
2025-11-20,00111,信達國際控股,0.45,34.33,22454920,288542520.0,129.03,,0.0,0
2025-11-20,08059,朝威控股,0.64,77.78,1277490,646787200.0,75.25,,0.0,0
2025-11-21,03321,中科集團控股,0.48,-9.43,981110,37281408.0,55.34,,0.0,0
2025-11-21,08360,簡樸新生活,0.235,-2.08,509030,85084033.0,14.63,,0.0,0
2025-11-21,01555,MI能源,0.029,-3.33,681100,98209240.0,11.65,,0.0,0
2025-11-21,01163,虎視傳媒,0.117,1.74,3230200,104878800.0,48.49,,0.0,0
2025-11-21,01172,融太集團,0.034,47.83,4713300,196492686.0,751.0,,0.0,0
2025-11-21,00487,實德環球,0.059,-48.25,2798320,290662981.0,54.45,,0.0,0
2025-11-21,01895,鑫苑服務,0.53,1.92,907920,314309875.0,10.49,,0.0,0
2025-11-21,01543,中盈盛達融資擔保,0.35,18.64,1109750,546277440.0,36.98,,0.0,0
2025-11-21,01756,中國科教產業,0.62,-8.82,1472100,744000000.0,13.02,,0.0,0
2025-11-21,03882,天彩控股,0.75,4.17,18686510,756440591.0,26.97,,0.0,0
2025-11-24,01862,景瑞控股,0.02,66.67,3867185,30776264.0,11.72,,0.0,0
2025-11-24,08366,浙江聯合投資,0.04,48.15,1177100,63088000.0,383.42,,0.0,0
2025-11-24,00841,木薯資源,0.182,-9.0,796720,106420262.0,12.48,,0.0,0
2025-11-24,00747,沈陽公用發展股份,0.077,14.93,1809380,113141952.0,141.28,,0.0,0
2025-11-24,02048,易居企業控股,0.071,-7.79,754080,124183227.0,17.21,,0.0,0
2025-11-24,01451,萬成集團股份,0.89,12.66,1686780,181916000.0,29.13,,0.0,0
2025-11-24,01460,揚科集團,0.31,0.0,2601200,272052997.0,22.06,,0.0,0
2025-11-24,01410,安領國際,0.38,7.04,603200,383692460.0,11.11,,0.0,0
2025-11-24,01985,美高域,1.26,-0.79,596980,386031240.0,10.79,,0.0,0
2025-11-24,00618,北大資源,0.22,38.36,1437240,602231801.0,11.87,,0.0,0
2025-11-24,00860,APOLLO出行,0.74,-11.9,4908220,756604187.0,17.35,,0.0,0
2025-11-24,06136,康達環保,0.405,-5.81,4139270,934338443.0,20.83,,0.0,0
2025-11-25,01500,現恆建築,0.121,72.86,3054980,100430000.0,580.24,,0.0,0
2025-11-25,00269,中國資源交通,0.01,0.0,1246100,106440932.0,398.75,,0.0,0
2025-11-25,08275,中國新消費集團,0.119,13.33,2542140,114238280.0,13.91,,0.0,0
2025-11-25,01835,瑞威資管,1.17,-41.5,695290,179407800.0,863.71,,0.0,0
2025-11-25,01949,佰達國際控股,0.9,21.62,1334790,207360000.0,14.43,,0.0,0
2025-11-25,08512,凱富善集團控股,0.335,9.84,1707600,307697500.0,15.0,,0.0,0
2025-11-25,01410,安領國際,0.37,-2.63,3262400,373595290.0,28.47,,0.0,0
2025-11-25,00450,鴻興印刷集團,0.85,0.0,1358700,771685228.0,15.78,,0.0,0
2025-11-25,02415,梅斯健康,1.35,2.27,18515270,819680782.0,51.42,,0.0,0
2025-11-26,00907,高雅光學,0.072,26.32,3074940,62846185.0,196.99,,0.0,0
2025-11-26,01259,未來發展控股,0.034,3.03,2128830,74914274.0,61.81,,0.0,0
2025-11-26,01750,全達電器集團控股,0.061,32.61,2077400,109800000.0,50.3,,0.0,0
2025-11-26,02266,黎氏企業,0.345,2.99,618680,138000000.0,28.52,,0.0,0
2025-11-26,00841,木薯資源,0.245,28.95,1860770,143258045.0,11.63,,0.0,0
2025-11-27,08293,星亞控股,0.249,19.14,543170,53544983.0,1357.92,,0.0,0
2025-11-27,08072,蘭谷股份,0.335,-1.47,1556180,56396960.0,18.55,,0.0,0
2025-11-27,08131,諾亞智能,0.099,-23.85,700860,71201903.0,342.89,,0.0,0
2025-11-27,00261,GBA集團,0.285,11.76,4011110,94438078.0,261.24,,0.0,0
2025-11-27,00784,愛生命國際,0.119,-17.93,549000,95200000.0,33.23,,0.0,0
2025-11-27,09958,力天影業,0.206,63.49,7357900,103000000.0,20.95,,0.0,0
2025-11-27,08426,雅居投資控股,0.229,15.08,1424990,183200000.0,6785.67,,0.0,0
2025-11-27,01870,綠色電能集團,0.5,19.05,4732110,508585000.0,10.87,,0.0,0
2025-11-27,01260,皓天財經集團,0.445,7.23,1234960,512397030.0,18.37,,0.0,0
2025-11-27,01410,安領國際,0.57,42.5,10018050,575538690.0,11.71,,0.0,0
2025-11-27,02325,雲康集團,1.02,3.03,5044260,633675510.0,26.57,,0.0,0
2025-11-27,02482,維天運通,0.69,-8.0,511100,961774512.0,48.4,,0.0,0
2025-11-28,08131,諾亞智能,0.076,-23.23,3041750,54660047.0,42.67,,0.0,0
2025-11-28,08357,REPUBLIC HC,0.1,-18.03,2021400,62400000.0,25.04,,0.0,0
2025-11-28,08163,聲揚集團,0.115,12.75,630400,117904395.0,12.26,,0.0,0
2025-11-28,03666,上海小南國,0.047,4.44,27565660,124814939.0,445.33,,0.0,0
2025-11-28,01059,看通集團,0.365,1.39,1317680,136887230.0,377.99,,0.0,0
2025-11-28,06933,新娛科控股,0.43,7.5,552700,184041211.0,11.58,,0.0,0
2025-11-28,08146,怡園酒業,0.248,37.78,1886200,201624000.0,26.2,,0.0,0
2025-11-28,01920,巨美集團,0.415,6.41,1456150,243854000.0,12.93,,0.0,0
2025-11-28,01778,彩生活,0.177,4.12,7064960,329115073.0,31.62,,0.0,0
2025-11-28,00078,富豪酒店,0.55,-5.17,2529540,494330283.0,23.53,,0.0,0
2025-11-28,02369,酷派集團,1.27,2.42,9783620,505371351.0,11.38,,0.0,0
2025-11-28,00191,麗新國際,0.67,21.82,3223160,591860514.0,468.69,,0.0,0
2025-11-28,00488,麗新發展,0.64,-1.54,812260,930130451.0,48.8,,0.0,0
2025-11-28,02250,小黃鴨德盈,0.99,2.06,6570650,998271450.0,26.35,,0.0,0
2025-12-01,08532,寶發控股,0.13,-40.91,1471850,11033672.0,15.07,,0.0,0
2025-12-01,00193,冠中地產,0.18,2.86,1265610,41976461.0,14.17,,0.0,0
2025-12-01,08072,蘭谷股份,0.36,7.46,2367750,60605688.0,10.7,,0.0,0
2025-12-01,08019,皓文控股,0.181,6.47,563920,64449042.0,45.82,,0.0,0
2025-12-01,01124,沿海家園,0.33,17.86,2156800,136818669.0,24.58,,0.0,0
2025-12-01,02223,卡撒天嬌,0.58,-4.92,713640,149728160.0,11.18,,0.0,0
2025-12-01,08146,怡園酒業,0.275,10.89,2922910,223575000.0,11.22,,0.0,0
2025-12-01,01170,信星集團,0.47,0.0,700230,313489739.0,17.19,,0.0,0
2025-12-01,00204,資本界金控,1.32,-2.22,124369900,328752769.0,45.38,,0.0,0
2025-12-01,00150,HYPEBEAST,0.204,9.09,612970,410719408.0,15.89,,0.0,0
2025-12-01,03389,亨得利,0.139,11.2,13551360,612158635.0,110.33,,0.0,0
2025-12-01,00205,BFB HEALTH,0.68,44.68,4193670,850825585.0,30.21,,0.0,0
2025-12-01,02482,維天運通,0.68,-1.45,4430700,947835751.0,78.05,,0.0,0
2025-12-02,02110,天成控股,0.195,5.98,2824420,8424000.0,20.37,,0.0,0
2025-12-02,08432,太平洋酒吧,0.05,25.0,536370,43963200.0,11.02,,0.0,0
2025-12-02,00682,超大現代,0.31,16.98,2036830,61296028.0,296.65,,0.0,0
2025-12-02,08007,環球戰略集團,0.315,8.62,1034180,71289990.0,15.54,,0.0,0
2025-12-02,08401,華夏水務集團,0.11,29.41,656500,89453167.0,13.46,,0.0,0
2025-12-02,01663,漢港控股,0.062,-3.12,1058190,152768000.0,141.17,,0.0,0
2025-12-02,01732,象興科技,0.27,18.42,13288200,345600000.0,413.96,,0.0,0
2025-12-02,02187,智欣集團控股,0.47,1.08,552500,421872000.0,13.9,,0.0,0
2025-12-02,00205,BFB HEALTH,0.79,16.18,5605170,988459135.0,10.28,,0.0,0
2025-12-03,08627,旅橙文化,0.061,7.02,742000,48800000.0,103.49,,0.0,0
2025-12-03,08436,德寶集團控股,0.22,10.55,1936200,88000000.0,88.25,,0.0,0
2025-12-03,06933,新娛科控股,0.55,26.44,1440200,235401549.0,12.2,,0.0,0
2025-12-03,01215,開源控股,0.024,4.35,544620,306693115.0,18.49,,0.0,0
2025-12-03,00575,勵晶太平洋,1.07,33.75,1123300,312242887.0,21.08,,0.0,0
2025-12-03,06860,指尖悅動,0.181,-7.18,661700,347173928.0,32.63,,0.0,0
2025-12-03,08162,港銀控股,0.46,-11.54,2382300,457831008.0,10.66,,0.0,0
2025-12-03,00970,新耀萊,0.68,6.25,7266160,459246276.0,43.24,,0.0,0
2025-12-03,08321,泰錦控股,0.93,24.0,1038800,498852000.0,19.27,,0.0,0
2025-12-03,00854,威雅利,5.75,19.79,749720,592187032.0,56.28,,0.0,0
2025-12-03,01085,亨鑫科技,1.36,-9.33,909000,633216000.0,11.76,,0.0,0
2025-12-03,01483,網譽科技,1.12,13.13,1479800,917784000.0,13.89,,0.0,0
2025-12-04,08487,ISP GLOBAL,0.06,3.45,741600,62797680.0,10.52,,0.0,0
2025-12-04,01166,星凱控股,0.46,35.29,1009080,65534644.0,22.12,,0.0,0
2025-12-04,08217,菊福堂生物,0.315,14.55,888370,95085900.0,10.85,,0.0,0
2025-12-04,01025,嘉藝控股,0.235,8.8,622250,105131348.0,15.56,,0.0,0
2025-12-04,08163,聲揚集團,0.105,-3.67,6908120,107651839.0,56.87,,0.0,0
2025-12-04,01750,全達電器集團控股,0.07,29.63,4718800,126000000.0,14.24,,0.0,0
2025-12-04,08283,中食民安,0.373,1.36,816740,128908800.0,41.17,,0.0,0
2025-12-04,01239,TEAMWAY INTL GP,0.305,5.17,1452680,132375467.0,16.38,,0.0,0
2025-12-04,08326,同景新能源,0.156,4.0,2074820,191412000.0,41.7,,0.0,0
2025-12-04,01433,常達控股,0.103,11.96,2333470,205121410.0,59.26,,0.0,0
2025-12-04,02885,彼岸控股,0.636,6.71,5757020,254400000.0,137.64,,0.0,0
2025-12-04,01226,中國投融資,0.75,-2.6,3021900,309447450.0,163.7,,0.0,0
2025-12-04,00689,長盈集團(控股),0.184,10.18,2148860,341822635.0,24.32,,0.0,0
2025-12-04,06933,新娛科控股,0.82,49.09,6653400,350962309.0,25.39,,0.0,0
2025-12-04,01966,中駿集團控股,0.084,-2.33,577790,354730835.0,13.54,,0.0,0
2025-12-04,00970,新耀萊,0.66,-2.94,12182940,445739032.0,13.75,,0.0,0
2025-12-04,01813,合景泰富集團,0.167,-24.43,3568140,570953619.0,15.79,,0.0,0
2025-12-04,09929,澳達控股,0.485,370.87,118463000,970000000.0,282.76,,0.0,0
2025-12-05,02110,天成控股,0.115,-58.93,47558230,4968000.0,53.39,,0.0,0
2025-12-05,08482,萬勵達,0.171,14.0,759410,30726566.0,160.01,,0.0,0
2025-12-05,00145,信能低碳,0.21,10.53,3394900,76902381.0,16.26,,0.0,0
2025-12-05,08125,榮記萬通,0.375,44.23,2718550,81274752.0,649.75,,0.0,0
2025-12-05,08217,菊福堂生物,0.315,0.0,1926870,95085900.0,13.08,,0.0,0
2025-12-05,01581,進升集團控股,0.238,14.42,1163090,98770000.0,16.37,,0.0,0
2025-12-05,00243,品質國際,0.33,1.54,1753080,114341876.0,58.02,,0.0,0
2025-12-05,01620,富盈環球集團,0.101,7.45,1330500,121200000.0,215.61,,0.0,0
2025-12-05,08535,熒德控股,0.157,3.97,1371080,188400000.0,16.17,,0.0,0
2025-12-05,01792,CMON,1.123,30.43,2590090,278144640.0,21.96,,0.0,0
2025-12-05,00681,中民控股,0.034,-5.56,953640,303775081.0,10.4,,0.0,0
2025-12-05,01226,中國投融資,0.84,12.0,3939000,346581144.0,12.28,,0.0,0
2025-12-05,02177,優趣匯控股,2.64,8.64,559850,437962008.0,18.25,,0.0,0
2025-12-05,01657,樺欣控股,15.4,-2.47,516000,492800000.0,20.81,,0.0,0
2025-12-05,03689,康華醫療,1.88,16.77,505070,628660720.0,2285.38,,0.0,0
2025-12-05,00519,諾科達科技,0.224,0.45,787070,684343686.0,11.04,,0.0,0
2025-12-05,02789,遠大中國,0.119,-4.03,1102990,738839346.0,10.09,,0.0,0
2025-12-08,01010,天璽曜11,0.104,4.0,2086700,46206594.0,303.3,,0.0,0
2025-12-08,08450,鉅京控股,0.092,-4.17,557220,92000000.0,38.34,,0.0,0
2025-12-08,00145,信能低碳,0.345,64.29,11243090,126339627.0,21.11,,0.0,0
2025-12-08,00164,中國寶力科技,0.375,7.14,2035730,130973521.0,27.4,,0.0,0
2025-12-08,08481,盛龍錦秀國際,0.375,-8.54,920900,151938750.0,61.6,,0.0,0
2025-12-08,02129,LEGION CONSO,0.16,25.0,1943900,200000000.0,30.85,,0.0,0
2025-12-08,03313,雅高控股,1.72,30.3,3714210,244601995.0,178.58,,0.0,0
2025-12-08,00913,港灣數字,0.3,0.0,1371000,266113512.0,69.65,,0.0,0
2025-12-08,06877,TE HEALTHCARE,0.145,-12.12,580940,294827050.0,13.59,,0.0,0
2025-12-08,01348,滉達富控股,0.201,21.08,4541060,296320632.0,23.24,,0.0,0
2025-12-08,00423,經濟日報集團,0.75,-6.25,2163500,323700000.0,250.12,,0.0,0
2025-12-08,00979,綠色能源科技集團,0.29,9.43,927400,393329371.0,24.78,,0.0,0
2025-12-08,02177,優趣匯控股,2.93,10.98,1189460,486071471.0,13.79,,0.0,0
2025-12-08,00227,第一上海,0.27,-1.82,1746050,591483574.0,11.33,,0.0,0
2025-12-09,02608,陽光100中國,0.011,0.0,769960,28058926.0,12.95,,0.0,0
2025-12-09,00339,全球數字控股,0.145,3.57,4859040,62640000.0,98.66,,0.0,0
2025-12-09,01889,三愛健康集團,0.5,-13.79,1140550,76449348.0,10.84,,0.0,0
2025-12-09,01633,上諭集團,0.188,39.26,2437300,128733000.0,11.13,,0.0,0
2025-12-09,02227,守益控股,0.161,23.85,1142300,147411600.0,32.47,,0.0,0
2025-12-09,08481,盛龍錦秀國際,0.37,-1.33,1095000,149912900.0,10.23,,0.0,0
2025-12-09,02129,LEGION CONSO,0.178,11.25,4173100,222500000.0,16.5,,0.0,0
2025-12-09,01153,佳源服務,0.39,-2.5,619210,262161510.0,11.51,,0.0,0
2025-12-09,02189,嘉濤(香港)控股,0.44,1.15,731530,440000000.0,10.98,,0.0,0
2025-12-09,01823,華昱高速,1.15,-6.5,2914080,541774200.0,19.34,,0.0,0
2025-12-09,02427,GUANZE MEDICAL,0.61,0.0,1717100,579500000.0,14.44,,0.0,0
2025-12-09,00672,眾安集團,0.12,-1.64,1138350,676297176.0,11.74,,0.0,0
2025-12-10,08186,浩盟控股,0.475,53.23,507350,54087604.0,10.55,,0.0,0
2025-12-10,08096,賞之味股權,0.124,-0.8,1909140,59675000.0,7018.9,,0.0,0
2025-12-10,08117,中國基礎能源,0.072,-16.28,603190,73727096.0,37.12,,0.0,0
2025-12-10,01025,嘉藝控股,0.24,6.67,11022300,107368186.0,71.61,,0.0,0
2025-12-10,08637,元續科技,1.58,-2.47,3186200,236529160.0,20.34,,0.0,0
2025-12-10,01545,設計都會,0.124,49.4,1792180,248000000.0,45.59,,0.0,0
2025-12-10,02263,富石金融,0.3,9.09,735600,300000000.0,14.21,,0.0,0
2025-12-10,00254,國家聯合資源,0.6,33.33,1215830,405457704.0,18.87,,0.0,0
2025-12-10,02389,北京健康,0.067,-6.94,1924710,405937726.0,78.66,,0.0,0
2025-12-10,00301,三和精化,1.36,0.74,7860300,639825246.0,38.04,,0.0,0
2025-12-10,03623,中國金融發展,1.08,-10.0,816540,681116403.0,10.43,,0.0,0
2025-12-10,00848,茂業國際,0.141,7.63,1319260,724785966.0,18.18,,0.0,0
2025-12-10,06828,北京燃氣藍天,0.034,-5.56,703500,773027900.0,12.36,,0.0,0
2025-12-11,08280,中國數字視頻,0.053,-32.91,897800,33407596.0,24.73,,0.0,0
2025-12-11,08186,浩盟控股,0.78,64.21,3283100,88817539.0,34.54,,0.0,0
2025-12-11,02135,瑞麗醫美,0.16,16.79,2602000,89132373.0,39.85,,0.0,0
2025-12-12,01894,恆益控股,0.472,-4.84,2051040,110144504.0,34.61,,0.0,0
2025-12-12,08275,中國新消費集團,0.129,9.32,4703180,123838135.0,52.48,,0.0,0
2025-12-12,08360,簡樸新生活,0.36,10.77,1120470,130341497.0,20.95,,0.0,0
2025-12-12,00653,卓悅控股,0.083,29.69,5713640,155614879.0,69.31,,0.0,0
2025-12-12,01831,十方控股,0.2,-24.53,3639770,215089910.0,39.05,,0.0,0
2025-12-12,08311,圓美光電,0.154,71.11,1533460,228487821.0,48.62,,0.0,0
2025-12-12,00343,文化傳信,0.188,1.08,1042800,326006248.0,10.4,,0.0,0
2025-12-12,00721,中國金融國際,0.28,9.8,1257020,614411506.0,10.49,,0.0,0
2025-12-12,01020,中細軟科技,0.158,26.4,12164640,945342757.0,30.52,,0.0,0
2025-12-15,00428,中國天弓控股,0.237,1.28,608210,36559202.0,76.38,,0.0,0
2025-12-15,08113,時騰科技,0.41,2.5,548480,80408139.0,15.25,,0.0,0
2025-12-15,01591,汛和集團,0.154,4.05,720370,82133333.0,19.14,,0.0,0
2025-12-15,00745,中國國家文化產業,0.74,10.45,525350,173431177.0,22.19,,0.0,0
2025-12-15,01949,佰達國際控股,0.8,2.56,4307800,184320000.0,64.16,,0.0,0
2025-12-15,01792,CMON,0.943,-1.57,6857220,233562240.0,15.87,,0.0,0
2025-12-15,00556,泛亞環保,0.42,64.71,6466050,422024754.0,44.12,,0.0,0
2025-12-15,02205,康橋悅生活,0.82,18.84,1691830,574000000.0,12.53,,0.0,0
2025-12-15,00334,華顯光電,0.33,-1.49,2128400,697721617.0,13.11,,0.0,0
2025-12-16,02728,金泰能源控股,0.022,-21.43,1001300,98010460.0,59.6,,0.0,0
2025-12-16,08646,中國宏光,0.243,21.5,1139600,190266570.0,33.46,,0.0,0
2025-12-16,03601,魯大師,0.9,1.12,848520,242100000.0,22.21,,0.0,0
2025-12-16,01650,HYGIEIA GROUP,0.134,26.42,6300890,268000000.0,48.42,,0.0,0
2025-12-16,01460,揚科集團,0.315,-10.0,4719390,276440948.0,13.67,,0.0,0
2025-12-16,00037,遠東酒店實業,0.435,1.16,663900,327350467.0,10.7,,0.0,0
2025-12-16,01909,火岩控股,1.52,-5.0,1048820,369087982.0,27.81,,0.0,0
2025-12-16,02205,康橋悅生活,0.7,-14.63,3567050,490000000.0,11.95,,0.0,0
2025-12-16,01790,達力環保,0.57,0.0,4004850,570000000.0,274.59,,0.0,0
2025-12-16,01596,翼辰實業,0.647,1.57,2003350,580902480.0,86.68,,0.0,0
2025-12-16,09919,艾德韋宣集團,0.985,0.0,16039160,733054730.0,236.32,,0.0,0
2025-12-16,00279,裕承科金,0.63,-1.56,6055870,879182199.0,42.13,,0.0,0
2025-12-17,08446,耀星科技集團-新,0.122,-4.69,776800,6863143.0,16.98,,0.0,0
2025-12-17,01803,北京體育文化-新,0.096,6.67,708210,16220342.0,684.92,,0.0,0
2025-12-17,00907,高雅光學,0.05,-33.33,1060760,43643184.0,12.16,,0.0,0
2025-12-17,00076,誼礫控股,0.204,-8.93,4720120,90658431.0,34.88,,0.0,0
2025-12-17,09958,力天影業,0.345,-8.0,35084800,172500000.0,24.63,,0.0,0
2025-12-17,02203,腦洞科技,0.22,11.11,823200,176000000.0,10.88,,0.0,0
2025-12-17,02168,佳兆業美好,1.36,-4.9,739740,209589600.0,12.79,,0.0,0
2025-12-17,06909,百得利控股,0.407,2.52,923440,253357500.0,18.57,,0.0,0
2025-12-17,00736,中國置業投資,0.81,14.08,5630370,259685681.0,14.54,,0.0,0
2025-12-17,06038,信越控股,0.275,41.03,11976800,275825000.0,170.56,,0.0,0
2025-12-17,01529,樂氏國際控股,0.56,3.7,855620,373564800.0,19.81,,0.0,0
2025-12-17,00582,神話世界,0.122,4.27,716120,445480729.0,18.97,,0.0,0
2025-12-17,01233,時代中國控股,0.149,39.25,3582950,446417823.0,10.14,,0.0,0
2025-12-17,00367,莊士機構國際,0.315,5.0,553020,526854228.0,46.2,,0.0,0
2025-12-17,02540,樂思集團,1.34,-7.59,1270400,804000000.0,110.66,,0.0,0
2025-12-18,08429,華美樂樂,0.062,16.98,1574640,29760000.0,186.44,,0.0,0
2025-12-18,01842,植華集團,0.068,33.33,2607800,97920000.0,73.09,,0.0,0
2025-12-18,00465,富通科技,0.7,22.81,619940,220560200.0,11.39,,0.0,0
2025-12-18,09963,高科橋光導,0.78,44.44,2740800,302127540.0,99.96,,0.0,0
2025-12-18,02101,福祿控股,0.928,1.09,1251850,376787383.0,20.62,,0.0,0
2025-12-18,01473,環聯連訊,0.38,1.33,4106700,449327690.0,17.95,,0.0,0
2025-12-18,02120,康寧醫院,9.632,-3.02,967420,678084131.0,21.75,,0.0,0
2025-12-19,08221,高裕金融,1.15,-8.73,3434500,54740000.0,109.5,,0.0,0
2025-12-19,08007,環球戰略集團,0.295,1.72,2745000,66763642.0,35.03,,0.0,0
2025-12-19,08081,白居易控股,0.018,28.57,2611230,92808632.0,45.14,,0.0,0
2025-12-19,01850,美好生活集團控股,0.62,5.08,3461410,107136000.0,101.63,,0.0,0
2025-12-19,02370,力高健康生活,0.67,57.65,2984400,134000000.0,47.15,,0.0,0
2025-12-19,08368,中國創意控股,0.228,0.44,2121600,157825640.0,14.03,,0.0,0
2025-12-19,00328,ALCO HOLDINGS,0.962,1.69,1898720,275509248.0,10.45,,0.0,0
2025-12-19,00244,先施,0.33,3.12,642630,433607645.0,86.18,,0.0,0
2025-12-19,02298,都市麗人,0.269,-5.28,2329370,605103990.0,11.25,,0.0,0
2025-12-19,00711,亞洲聯合基建控股,0.43,0.0,797000,792452033.0,19.8,,0.0,0
2025-12-19,00805,新吉奧房車,1.01,1.0,23297900,969600000.0,35.95,,0.0,0
2025-12-22,08019,皓文控股,0.138,6.15,750850,49137944.0,61.28,,0.0,0
2025-12-22,01546,德萊建業,0.112,30.23,789570,89600000.0,37.06,,0.0,0
2025-12-22,08489,裕程物流,0.33,107.55,2805300,101499750.0,371.07,,0.0,0
2025-12-22,08081,白居易控股,0.02,11.11,4568800,103120702.0,14.79,,0.0,0
2025-12-22,02324,首都創投,0.137,12.3,1050970,123335140.0,69.25,,0.0,0
2025-12-22,00747,沈陽公用發展股份,0.09,23.29,1242750,132243840.0,271.82,,0.0,0
2025-12-22,08426,雅居投資控股,0.334,52.51,860750,267200000.0,118.92,,0.0,0
2025-12-22,02250,小黃鴨德盈,0.95,-2.06,1726130,957937250.0,36.97,,0.0,0
2025-12-23,00339,全球數字控股,0.18,-0.55,13119070,77760000.0,15.14,,0.0,0
2025-12-23,01749,杉杉品牌,0.72,-6.49,1156960,96048000.0,43.6,,0.0,0
2025-12-23,01166,星凱控股,0.74,27.59,1606570,105425297.0,42.66,,0.0,0
2025-12-23,00310,嘉進投資國際,0.175,23.24,1887540,108698104.0,2868.6,,0.0,0
2025-12-23,06918,九泰數智,0.157,0.0,5402270,137278728.0,13.34,,0.0,0
2025-12-23,00841,木薯資源,0.285,0.0,3949810,166647114.0,17.53,,0.0,0
2025-12-23,01985,美高域,1.17,-2.5,1052060,358457580.0,30.72,,0.0,0
2025-12-23,08107,細葉榕科技,0.38,16.92,1979650,521795100.0,10.08,,0.0,0
2025-12-23,01290,中國匯融,0.5,-9.09,2209180,545167500.0,47.92,,0.0,0
2025-12-23,00128,安寧控股,0.345,13.11,4881700,569477243.0,26.4,,0.0,0
2025-12-23,01608,偉能集團,0.128,-30.81,524730,855443267.0,15.45,,0.0,0
2025-12-24,08293,星亞控股,0.42,0.0,3267600,90316839.0,22.99,,0.0,0
2025-12-24,01722,建鵬控股,0.085,13.33,695800,93500000.0,19.95,,0.0,0
2025-12-24,00869,彩星玩具,0.435,-14.71,2173760,493725000.0,27.36,,0.0,0
2025-12-24,00228,中能控股,1.55,7.64,13281620,707110620.0,26.26,,0.0,0
2025-12-24,02415,梅斯健康,1.26,1.61,9813310,765035397.0,65.58,,0.0,0
2025-12-24,00698,通達集團,4.08,-0.49,6187350,794425580.0,10.63,,0.0,0
2025-12-29,08487,ISP GLOBAL,0.046,-16.36,689200,48144888.0,12.76,,0.0,0
2025-12-29,00197,亨泰,0.25,-3.85,1671270,52302613.0,59.59,,0.0,0
2025-12-29,00204,資本界金控,0.265,41.71,7519000,65999609.0,20.81,,0.0,0
2025-12-29,01162,瑩嵐集團,0.198,0.0,4187100,118800000.0,10.55,,0.0,0
2025-12-29,08509,威揚酒業控股,0.48,-27.27,958400,192000000.0,10.24,,0.0,0
2025-12-29,02221,創業集團控股,1.02,9.68,1529640,233889277.0,10.21,,0.0,0
2025-12-29,00630,雋泰控股,0.25,0.0,809680,241887948.0,19.28,,0.0,0
2025-12-29,02381,蜆殼電業,0.164,17.99,2853870,328000000.0,27.14,,0.0,0
2025-12-29,00583,長城環亞控股,0.23,2.22,689700,360581487.0,54.88,,0.0,0
2025-12-29,08375,數盟資本,1.23,28.12,49414460,425088000.0,67.45,,0.0,0
2025-12-29,00021,大中華控股,0.107,13.83,634020,425349974.0,142.25,,0.0,0
2025-12-29,06908,宏光半導體,0.48,2.13,2566700,562490151.0,15.71,,0.0,0
2025-12-29,02298,都市麗人,0.294,20.49,7864500,661340421.0,13.33,,0.0,0
2025-12-29,01569,民生教育,0.166,-7.78,587590,700141520.0,27.1,,0.0,0
2025-12-29,01116,慧源同創科技,0.34,4.62,1122650,733720000.0,66.35,,0.0,0
2025-12-29,06828,北京燃氣藍天,0.033,0.0,1008060,750291786.0,15.66,,0.0,0
2025-12-29,00210,達芙妮國際,0.38,-2.56,1476900,751867403.0,23.1,,0.0,0
2025-12-30,08072,蘭谷股份,0.315,5.0,1660590,53029977.0,42.23,,0.0,0
2025-12-30,08500,天泓文創,0.155,-8.82,1239700,66960000.0,160.79,,0.0,0
2025-12-30,00310,嘉進投資國際,0.184,5.14,2037450,114288292.0,10.76,,0.0,0
2025-12-30,00928,帝王國際投資,0.101,12.22,1380250,186892931.0,16.31,,0.0,0
2025-12-30,00021,大中華控股,0.103,-3.74,861870,409449041.0,12.88,,0.0,0
2025-12-30,00776,帝國科技集團,0.897,-4.88,21690970,602638282.0,35.15,,0.0,0
2025-12-30,02392,玄武雲,1.15,5.5,1505100,638087850.0,16.92,,0.0,0
2025-12-30,00640,星謙發展,2.318,4.98,980140,719149157.0,12.07,,0.0,0
2025-12-30,06828,北京燃氣藍天,0.032,-3.03,2474630,727555671.0,17.27,,0.0,0
2025-12-30,01483,網譽科技,1.12,2.75,581700,917784000.0,16.46,,0.0,0
2025-12-31,00426,萬華媒體,0.09,1.12,720640,36081000.0,30.94,,0.0,0
2025-12-31,01107,當代置業,0.014,-22.22,3918510,39129925.0,41.18,,0.0,0
2025-12-31,00092,冠軍科技集團,0.174,7.41,1513560,190984984.0,21.24,,0.0,0
2025-12-31,06928,萬馬控股,0.275,26.73,1708580,210375000.0,52.16,,0.0,0
2025-12-31,00679,亞洲聯網科技,0.93,2.2,1691800,352222062.0,51.19,,0.0,0
2026-01-02,00893,中國鐵鈦,0.082,2.5,839920,184419264.0,37.05,,0.0,0
2026-01-02,02515,天津建發,0.91,-1.09,2272800,282775902.0,16.23,,0.0,0
2026-01-02,01945,清科控股,1.55,5.44,850300,455747120.0,16.0,,0.0,0
2026-01-02,00854,威雅利,5.81,5.64,1007100,598366375.0,21.24,,0.0,0
2026-01-02,02530,紐曼思,0.605,1.68,1386800,605000000.0,38.53,,0.0,0
2026-01-02,00191,麗新國際,0.72,44.0,18893990,636029209.0,68.55,,0.0,0
2026-01-02,01278,中國新城鎮,0.073,-6.41,849400,710015988.0,11.31,,0.0,0
2026-01-02,01725,中國技術集團,1.0,42.86,44536100,818410000.0,13.11,,0.0,0
2026-01-02,00488,麗新發展,0.61,1.67,504440,886530586.0,15.61,,0.0,0
2026-01-02,02516,泛遠國際,0.98,13.95,15517400,917280000.0,11.48,,0.0,0
2026-01-05,08341,艾碩控股,0.218,62.69,3832190,52320000.0,83.76,,0.0,0
2026-01-05,00248,香港通訊國際控股,0.291,-15.41,753140,67948387.0,163.34,,0.0,0
2026-01-05,00048,中國汽車內飾,0.162,14.08,776460,70921617.0,19.02,,0.0,0
2026-01-05,02178,百勤油服,0.072,44.0,763210,124320577.0,54.68,,0.0,0
2026-01-05,00312,歲寶百貨,0.087,7.41,520300,217065000.0,10.55,,0.0,0
2026-01-05,00865,建德國際控股,0.04,8.11,715510,233519588.0,24.81,,0.0,0
2026-01-05,03313,雅高控股,1.65,3.12,783800,234647262.0,14.35,,0.0,0
2026-01-05,01538,中奧到家,0.375,2.74,559770,320456250.0,27.78,,0.0,0
2026-01-05,00970,新耀萊,0.53,1.92,755740,357941950.0,12.29,,0.0,0
2026-01-05,00022,茂盛控股,9.75,20.37,8972360,383445631.0,21.98,,0.0,0
2026-01-05,00943,中證國際,0.212,8.72,787030,436847461.0,20.8,,0.0,0
2026-01-05,01667,迪米生活控股,0.48,17.07,1821200,460800000.0,27.12,,0.0,0
2026-01-05,01612,永勝醫療,0.844,4.98,2024040,557123414.0,12.08,,0.0,0
2026-01-05,02187,智欣集團控股,0.63,21.15,2481100,565488000.0,13.4,,0.0,0
2026-01-06,08456,民信國際控股,0.345,4.55,542300,45610018.0,49.85,,0.0,0
2026-01-06,01421,恆昌集團國際,0.42,5.0,6304700,84081984.0,17.2,,0.0,0
2026-01-06,00048,中國汽車內飾,0.203,25.31,1785970,88870915.0,15.38,,0.0,0
2026-01-06,08158,中國再生醫學,0.415,-4.6,626870,126264779.0,61.22,,0.0,0
2026-01-06,00164,中國寶力科技,0.38,10.14,3603110,132719835.0,67.64,,0.0,0
2026-01-06,01429,天任集團,0.108,8.0,1765300,172800000.0,16.84,,0.0,0
2026-01-06,00605,中國金融投資管理,0.95,11.76,1327360,198702064.0,28.38,,0.0,0
2026-01-06,01182,勝龍國際,0.62,-4.62,619060,211305032.0,25.01,,0.0,0
2026-01-06,03366,華僑城(亞洲),0.325,20.37,533820,243218950.0,24.8,,0.0,0
2026-01-06,00042,東北電氣,0.3,3.45,684100,262011000.0,18.2,,0.0,0
2026-01-06,01613,協同通信,0.175,8.02,559410,268776286.0,22.64,,0.0,0
2026-01-06,02393,巨星醫療控股,0.124,22.77,638070,289117160.0,11.54,,0.0,0
2026-01-06,01159,智數科技集團,2.32,16.0,819100,329107031.0,18.81,,0.0,0
2026-01-06,01680,澳門勵駿,0.355,14.52,752580,330213214.0,23.45,,0.0,0
2026-01-06,01778,彩生活,0.2,6.95,3954770,371881438.0,30.38,,0.0,0
2026-01-06,01148,新晨動力,0.355,7.58,1017910,455185187.0,15.5,,0.0,0
2026-01-06,08321,泰錦控股,1.14,5.56,1065800,611496000.0,13.81,,0.0,0
2026-01-06,02187,智欣集團控股,0.75,19.05,4643400,673200000.0,10.87,,0.0,0
2026-01-06,00160,漢國置業,0.95,0.0,1470480,684407836.0,40.51,,0.0,0
2026-01-06,01903,JBB BUILDERS,1.76,-10.2,9645040,880000000.0,22.48,,0.0,0
2026-01-06,00554,漢思集團控股,0.219,-17.36,2624540,960825944.0,51.78,,0.0,0
2026-01-07,01421,恆昌集團國際,0.44,4.76,10300550,88085888.0,10.61,,0.0,0
2026-01-07,00309,新華通訊頻媒,1.72,7.5,1078070,89615000.0,30.66,,0.0,0
2026-01-07,01617,南方通信,0.113,10.78,1044860,183765120.0,13.5,,0.0,0
2026-01-07,01738,飛尚無煙煤,0.141,34.29,2509600,194656958.0,38.84,,0.0,0
2026-01-07,01079,松景科技,0.33,10.0,2204800,706217361.0,10.57,,0.0,0
2026-01-08,08315,新都酒店,0.12,13.21,895780,69773070.0,89.41,,0.0,0
2026-01-08,01707,致浩達控股,0.068,94.29,1107600,114240000.0,429.3,,0.0,0
2026-01-08,01663,漢港控股,0.061,0.0,633180,150304000.0,23.35,,0.0,0
2026-01-08,08028,天時資源,0.365,28.07,1187480,184665279.0,11.97,,0.0,0
2026-01-08,02371,創聯控股,0.34,6.25,2260930,234048843.0,25.21,,0.0,0
2026-01-08,01420,川控股,0.185,6.94,569200,248390472.0,10.12,,0.0,0
2026-01-08,01831,十方控股,0.25,-1.96,934420,268862387.0,15.99,,0.0,0
2026-01-08,00851,盛源控股,0.315,8.62,3220400,277820720.0,71.69,,0.0,0
2026-01-08,01955,莊臣控股,0.6,3.45,580860,300000000.0,46.15,,0.0,0
2026-01-08,01826,豐展控股,0.162,8.72,4416660,388411200.0,11.15,,0.0,0
2026-01-08,01643,現代中藥集團,0.67,19.64,1320240,482400000.0,12.2,,0.0,0
2026-01-08,00582,神話世界,0.145,16.0,1014730,529464801.0,33.1,,0.0,0
2026-01-08,00301,三和精化,1.35,3.85,2045960,635120649.0,13.2,,0.0,0
2026-01-08,00212,南洋集團,28.3,-1.39,674720,961286985.0,20.79,,0.0,0
2026-01-09,08136,英馬斯集團,0.048,20.0,1288630,48000000.0,85.63,,0.0,0
2026-01-09,00076,誼礫控股,0.179,29.71,5057920,79548329.0,25.55,,0.0,0
2026-01-09,01718,宏基集團控股,0.3,7.14,2038860,91236000.0,18.4,,0.0,0
2026-01-09,01707,致浩達控股,0.063,-7.35,3521800,105840000.0,31.24,,0.0,0
2026-01-09,08275,中國新消費集團,0.125,6.84,6075460,119998193.0,75.63,,0.0,0
2026-01-09,02324,首都創投,0.142,3.65,922090,127836423.0,13.4,,0.0,0
2026-01-09,08368,中國創意控股,0.3,25.0,8334500,207665316.0,798.86,,0.0,0
2026-01-09,00924,坤集團,0.225,61.87,2539600,225000000.0,309.71,,0.0,0
2026-01-09,02129,LEGION CONSO,0.18,19.21,1709400,225000000.0,15.05,,0.0,0
2026-01-09,08637,元續科技,1.52,0.0,2318500,227547040.0,27.9,,0.0,0
2026-01-09,02321,雙財莊,0.435,2.35,1208230,435065250.0,61.78,,0.0,0
2026-01-09,00149,中國農產品交易,0.074,1.37,2177820,736527019.0,14.3,,0.0,0
2026-01-09,00627,共生智築,0.59,40.48,17752280,838197225.0,999.85,,0.0,0
2026-01-12,00704,和嘉控股,0.13,54.76,811120,37748521.0,28.27,,0.0,0
2026-01-12,00899,中加國信,0.18,9.09,1045510,80128621.0,20.81,,0.0,0
2026-01-12,08360,簡樸新生活,0.315,14.55,787920,114048810.0,15.49,,0.0,0
2026-01-12,01156,CHINANEWENERGY,0.227,25.41,1084900,160650324.0,11.29,,0.0,0
2026-01-12,01710,致豐工業電子,0.223,-5.51,1217460,223000000.0,18.14,,0.0,0
2026-01-12,01419,盈健醫療,0.8,-2.44,1453260,303641786.0,11.62,,0.0,0
2026-01-12,01831,十方控股,0.29,7.41,1766550,311880369.0,10.61,,0.0,0
2026-01-12,00381,權識國際,0.242,14.15,3515690,321962735.0,10.11,,0.0,0
2026-01-12,06830,華眾車載,0.225,-8.91,1179500,398068605.0,23.37,,0.0,0
2026-01-12,02189,嘉濤(香港)控股,0.455,1.11,2414620,455000000.0,30.48,,0.0,0
2026-01-12,01960,TBKS HLDGS,0.46,76.92,2658100,460000000.0,46.12,,0.0,0
2026-01-12,00994,中天宏信,0.36,33.33,1995900,464762160.0,14.36,,0.0,0
2026-01-12,02321,雙財莊,0.465,6.9,1477580,465069750.0,10.53,,0.0,0
2026-01-12,01473,環聯連訊,0.52,-1.89,7831200,614869470.0,10.15,,0.0,0
2026-01-12,02136,利福中國,0.5,100.0,39097560,732224250.0,136.36,,0.0,0
2026-01-12,00210,達芙妮國際,0.385,0.0,6413200,761760395.0,20.45,,0.0,0
2026-01-12,00202,潤中國際控股,0.123,0.82,819920,897207432.0,35.91,,0.0,0
2026-01-13,01315,綠色經濟,0.1,-24.81,1905560,62187632.0,81.33,,0.0,0
2026-01-13,00704,和嘉控股,0.219,68.46,4924080,63591738.0,46.11,,0.0,0
2026-01-13,01889,三愛健康集團,0.51,2.0,875300,77978334.0,30.6,,0.0,0
2026-01-13,08187,積木集團,0.54,8.0,882900,81909274.0,12.04,,0.0,0
2026-01-13,01173,威高國際,0.034,-22.73,564700,85612045.0,16.26,,0.0,0
2026-01-13,08163,聲揚集團,0.1,0.0,1110000,102525561.0,19.36,,0.0,0
2026-01-13,08627,旅橙文化,0.14,2.94,2253900,112000000.0,10.21,,0.0,0
2026-01-13,08275,中國新消費集團,0.126,3.28,8596880,120958178.0,10.7,,0.0,0
2026-01-13,01741,成志控股,0.183,5.17,993600,146400000.0,14.66,,0.0,0
2026-01-13,02227,守益控股,0.18,20.0,2090600,164808000.0,133.16,,0.0,0
2026-01-13,01953,賽孚迅國際,0.153,6.99,655510,192780000.0,17.99,,0.0,0
2026-01-13,01962,訓修實業,0.458,-12.43,662330,282190288.0,12.51,,0.0,0
2026-01-13,00858,精優藥業,0.099,11.24,1434390,287100000.0,14.07,,0.0,0
2026-01-13,01073,大禹金融,0.107,0.94,784100,365724991.0,111.43,,0.0,0
2026-01-13,08395,中顯智能齊家控股,0.238,16.1,962920,407932000.0,81.3,,0.0,0
2026-01-13,08403,德豐宿來,2.63,32.83,5443090,444996000.0,17.57,,0.0,0
2026-01-13,03389,亨得利,0.14,0.0,8732100,616562654.0,31.23,,0.0,0
2026-01-13,00994,中天宏信,0.485,34.72,6443000,626137910.0,19.26,,0.0,0
2026-01-13,00488,麗新發展,0.57,0.0,26993970,828397433.0,204.63,,0.0,0
2026-01-13,01141,民銀資本,0.87,3.57,45842120,954362763.0,116.67,,0.0,0
2026-01-14,08069,飛道旅遊科技,1.1,37.5,4844530,44919270.0,49.67,,0.0,0
2026-01-14,08226,樹熊金融集團,0.12,8.11,931190,50100479.0,214.31,,0.0,0
2026-01-14,01591,汛和集團,0.151,8.63,2325390,80533333.0,14.61,,0.0,0
2026-01-14,08163,聲揚集團,0.103,3.0,1752550,105601328.0,10.66,,0.0,0
2026-01-14,02211,大健康國際,1.41,-0.7,766350,155870167.0,32.56,,0.0,0
2026-01-14,03639,億達中國,0.063,18.87,1058310,162790110.0,48.63,,0.0,0
2026-01-14,01552,BHCC HOLDING,0.247,1.65,671900,197600000.0,68.35,,0.0,0
2026-01-14,02371,創聯控股,0.335,6.35,6264600,230606948.0,20.43,,0.0,0
2026-01-14,00328,ALCO HOLDINGS,1.02,0.0,12387570,292119993.0,28.04,,0.0,0
2026-01-14,08229,未來數據集團,0.6,-3.23,1085600,333288000.0,12.21,,0.0,0
2026-01-14,06866,佐力科創,0.345,4.55,1386150,407100000.0,14.6,,0.0,0
2026-01-14,06919,人瑞人才,4.49,-0.44,608710,711421099.0,16.6,,0.0,0
2026-01-14,01085,亨鑫科技,1.68,0.0,2947120,782208000.0,10.06,,0.0,0
2026-01-15,01259,未來發展控股,0.034,13.33,813650,74914274.0,67.16,,0.0,0
2026-01-15,03878,VICON HOLDINGS,0.243,-2.41,774300,116542800.0,14.81,,0.0,0
2026-01-15,01637,順興集團控股,0.32,45.45,860820,128000000.0,38.85,,0.0,0
2026-01-15,01745,驢跡科技,5.4,0.93,3444230,273326508.0,14.09,,0.0,0
2026-01-15,01546,德萊建業,0.355,84.9,9992400,284000000.0,10.84,,0.0,0
2026-01-15,01953,賽孚迅國際,0.228,35.71,2377970,287280000.0,22.1,,0.0,0
2026-01-15,01580,大森控股,0.275,38.19,567450,301311875.0,12.41,,0.0,0
2026-01-15,01556,建業建榮,0.335,3.08,1446400,502500000.0,16.24,,0.0,0
2026-01-16,00997,普匯中金國際,0.03,-9.09,684470,35078633.0,207.42,,0.0,0
2026-01-16,08200,修身堂,0.65,-2.99,1985240,51247320.0,128.34,,0.0,0
2026-01-16,01630,建成控股,0.08,73.91,3454000,120000000.0,219.02,,0.0,0
2026-01-16,03789,禦佳控股,0.11,66.67,1358000,132000000.0,235.52,,0.0,0
2026-01-16,01408,濠江機電,0.278,16.32,589660,139000000.0,21.02,,0.0,0
2026-01-16,00120,COSMOPOL INT'L,0.096,4.35,505950,157403573.0,10.03,,0.0,0
2026-01-16,01835,瑞威資管,1.4,-2.78,698440,214676000.0,15.04,,0.0,0
2026-01-16,01793,偉工控股,0.3,36.99,1520400,240000000.0,17.27,,0.0,0
2026-01-16,00417,謝瑞麟,1.03,14.44,605660,256657491.0,13.67,,0.0,0
2026-01-16,01429,天任集團,0.184,67.27,8106900,294400000.0,18.39,,0.0,0
2026-01-16,03390,滿貫集團,0.345,9.52,2293440,308430000.0,11.09,,0.0,0
2026-01-16,02439,中寶新材,0.27,11.57,1139200,324000000.0,18.48,,0.0,0
2026-01-16,01745,驢跡科技,6.7,24.07,9111310,339127334.0,15.59,,0.0,0
2026-01-16,01410,安領國際,0.64,12.28,6167700,646218880.0,12.67,,0.0,0
2026-01-16,02427,GUANZE MEDICAL,0.72,22.03,2210400,684000000.0,20.95,,0.0,0
2026-01-16,00279,裕承科金,0.61,1.67,8971100,851271653.0,79.07,,0.0,0
2026-01-19,01536,煜榮集團,0.226,29.89,835000,103056000.0,19.32,,0.0,0
2026-01-19,02211,大健康國際,1.29,-5.84,8594550,142604621.0,77.35,,0.0,0
2026-01-19,08379,盈證國際,0.182,18.18,880700,145600000.0,11.76,,0.0,0
2026-01-19,00834,盛融控股,0.485,22.78,3100100,219679780.0,28.3,,0.0,0
2026-01-19,00510,時富金融服務集團,0.64,25.49,566530,275951859.0,30.76,,0.0,0
2026-01-19,00927,富士高實業,0.65,1.56,790520,332153250.0,15.92,,0.0,0
2026-01-19,01938,珠江鋼管,0.36,10.77,1070470,364011120.0,13.4,,0.0,0
2026-01-19,00607,豐盛控股,0.56,250.0,13842120,396907803.0,48.96,,0.0,0
2026-01-19,00508,鼎億集團投資,0.475,21.79,1551830,411313046.0,14.4,,0.0,0
2026-01-19,01831,十方控股,0.445,48.33,11498490,478575049.0,11.92,,0.0,0
2026-01-19,00825,新世界百貨中國,0.395,29.51,7358000,666027275.0,25.38,,0.0,0
2026-01-19,01332,透雲生物,0.25,-12.28,6242490,701488037.0,13.89,,0.0,0
2026-01-19,01082,源宇宙教育,1.5,0.0,521920,912070320.0,10.75,,0.0,0
2026-01-20,08036,電子交易集團,0.023,-20.69,636700,28290000.0,53.19,,0.0,0
2026-01-20,00261,GBA集團,0.265,8.61,14150390,87810845.0,415.87,,0.0,0
2026-01-20,00919,現代健康科技,0.106,39.47,1722280,95875298.0,242.0,,0.0,0
2026-01-20,01633,上諭集團,0.151,14.39,2514500,103397250.0,15.63,,0.0,0
2026-01-20,01470,富一國際控股,0.144,48.45,1102600,115200000.0,258.22,,0.0,0
2026-01-20,08028,天時資源,0.255,-12.07,4071950,129012729.0,16.26,,0.0,0
2026-01-20,01536,煜榮集團,0.285,26.11,2507500,129960000.0,19.79,,0.0,0
2026-01-20,01102,環能國際,0.06,25.0,1742150,167963145.0,49.47,,0.0,0
2026-01-20,01792,CMON,0.92,8.49,1092240,227865600.0,19.7,,0.0,0
2026-01-20,08031,易通訊集團,0.69,112.31,8427260,244774050.0,329.68,,0.0,0
2026-01-20,01795,亞東集團,0.58,3.57,5072610,348000000.0,20.4,,0.0,0
2026-01-20,01251,華油能源,0.199,20.61,1362790,388874656.0,12.53,,0.0,0
2026-01-20,02211,大健康國際,3.63,181.4,12299660,401282771.0,12.67,,0.0,0
2026-01-20,01202,四威科技,1.089,15.97,1412740,435600000.0,17.08,,0.0,0
2026-01-21,08532,寶發控股,0.072,2.86,635290,6110957.0,11.53,,0.0,0
2026-01-21,08007,環球戰略集團,0.295,1.72,2049750,66763642.0,24.41,,0.0,0
2026-01-21,00550,律齊文化,0.248,106.67,32582950,112972432.0,4189.66,,0.0,0
2026-01-21,08489,裕程物流,0.405,12.5,1649300,124567875.0,15.21,,0.0,0
2026-01-21,02699,新明中國,4.918,1.7,1233760,129346882.0,11.01,,0.0,0
2026-01-21,00784,愛生命國際,0.164,25.19,5023200,131200000.0,53.67,,0.0,0
2026-01-21,06918,九泰數智,0.158,-7.06,3588940,138153114.0,14.49,,0.0,0
2026-01-21,02108,K2 F&B,0.291,-3.32,864180,232800000.0,25.27,,0.0,0
2026-01-21,01239,TEAMWAY INTL GP,0.63,6.78,1385250,273431293.0,23.44,,0.0,0
2026-01-21,01962,訓修實業,0.473,-5.96,3234560,291432328.0,15.39,,0.0,0
2026-01-21,00936,佳兆業資本,0.365,-1.35,1901700,386900000.0,23.97,,0.0,0
2026-01-21,01098,路勁,0.66,-2.94,1845120,494562134.0,41.22,,0.0,0
2026-01-21,01026,環球實業科技,0.101,4.12,501140,556813000.0,39.07,,0.0,0
2026-01-21,00334,華顯光電,0.375,15.38,2659980,792865473.0,13.79,,0.0,0
2026-01-22,08620,亞洲速運,0.109,18.48,595100,68528845.0,254.32,,0.0,0
2026-01-22,01722,建鵬控股,0.095,21.79,1420000,104500000.0,25.47,,0.0,0
2026-01-22,01718,宏基集團控股,0.35,50.21,10637670,106442000.0,18.65,,0.0,0
2026-01-22,00048,中國汽車內飾,0.315,43.18,2723830,137903144.0,10.77,,0.0,0
2026-01-22,08186,浩盟控股,1.68,5.0,6647930,191299315.0,10.19,,0.0,0
2026-01-22,00844,廣泰國際控股,0.405,-12.9,541700,200205809.0,12.23,,0.0,0
2026-01-22,01661,中國前沿科技集團,1.09,36.25,2462270,207420678.0,23.54,,0.0,0
2026-01-22,01580,大森控股,0.205,-18.0,21024280,224614307.0,111.95,,0.0,0
2026-01-22,01486,思城控股,0.63,3.28,3387300,272406437.0,254.53,,0.0,0
2026-01-22,00343,文化傳信,0.173,8.12,2714090,299995111.0,32.18,,0.0,0
2026-01-22,02211,大健康國際,3.57,1.13,43940710,394649998.0,16.93,,0.0,0
2026-01-22,00953,邵氏兄弟控股,0.32,-15.79,14678510,454275200.0,10.17,,0.0,0
2026-01-22,01831,十方控股,0.61,15.09,48307840,656024225.0,11.79,,0.0,0
2026-01-22,00131,卓能(集團),1.12,-7.44,537180,730997995.0,28.8,,0.0,0
2026-01-22,01986,彩客新能源,0.875,4.79,6387120,846898938.0,10.24,,0.0,0
2026-01-23,01825,STERLING GP,1.13,2.73,553400,46863360.0,20.03,,0.0,0
2026-01-23,01695,椰豐集團,0.091,7.06,523400,98280000.0,35.39,,0.0,0
2026-01-23,00379,恆嘉融資租賃,0.064,-8.57,503180,107987377.0,29.82,,0.0,0
2026-01-23,01413,鑄帝控股,0.335,1.21,5497920,109880000.0,12.07,,0.0,0
2026-01-23,00164,中國寶力科技,0.39,1.3,3301650,136212462.0,30.5,,0.0,0
2026-01-23,00747,沈陽公用發展股份,0.095,10.47,734710,139590720.0,13.0,,0.0,0
2026-01-23,01679,瑞斯康集團,0.65,38.3,2419740,140278996.0,16.08,,0.0,0
2026-01-23,08326,同景新能源,0.162,0.62,4030950,198774000.0,14.86,,0.0,0
2026-01-23,01460,揚科集團,0.285,5.56,1280120,250113239.0,704.91,,0.0,0
2026-01-23,02372,偉立控股,0.325,14.04,3414500,260000000.0,91.86,,0.0,0
2026-01-23,01182,勝龍國際,0.83,18.57,637130,282876091.0,13.86,,0.0,0
2026-01-23,01332,透雲生物,0.101,-61.15,94912980,283401167.0,82.22,,0.0,0
2026-01-23,01793,偉工控股,0.365,30.36,2890020,292000000.0,11.14,,0.0,0
2026-01-23,03816,KFM金德,0.51,13.33,590120,306000000.0,16.25,,0.0,0
2026-01-23,00471,中播數據,0.68,33.6,6061600,326238252.0,18.15,,0.0,0
2026-01-23,08029,中投金融科技集團,1.3,8.33,14110550,364106107.0,37.73,,0.0,0
2026-01-23,00851,盛源控股,0.42,37.7,2199670,370427627.0,51.57,,0.0,0
2026-01-23,01985,美高域,1.31,5.65,1951380,401349940.0,46.69,,0.0,0
2026-01-23,03860,EPS創健科技,0.75,11.94,633700,436822378.0,11.74,,0.0,0
2026-01-23,03348,中國鵬飛集團,1.231,6.95,4059780,615500000.0,45.69,,0.0,0
2026-01-23,00419,弘毅文化集團,0.405,5.19,1780770,711647532.0,12.28,,0.0,0
2026-01-23,01483,網譽科技,1.03,1.98,3503100,844033500.0,51.03,,0.0,0
2026-01-26,08076,新利軟件,0.034,-37.04,599040,44786160.0,11.53,,0.0,0
2026-01-26,00145,信能低碳,0.255,20.85,11264420,93381463.0,38.06,,0.0,0
2026-01-26,08368,中國創意控股,0.232,0.0,770240,160594511.0,33.09,,0.0,0
2026-01-26,01655,OKURA HOLDINGS,0.233,37.06,4250700,167759902.0,42.81,,0.0,0
2026-01-26,01869,貓屎咖啡控股,0.13,11.11,1110660,219999000.0,22.62,,0.0,0
2026-01-26,01680,澳門勵駿,0.305,-6.15,6203380,283704311.0,68.99,,0.0,0
2026-01-26,01182,勝龍國際,0.95,14.46,1494170,323773839.0,15.01,,0.0,0
2026-01-26,01170,信星集團,0.5,2.04,543300,333499722.0,11.03,,0.0,0
2026-01-26,01429,天任集團,0.212,15.22,22067900,339200000.0,11.35,,0.0,0
2026-01-26,02501,邁越科技,0.87,0.0,545100,435000000.0,25.22,,0.0,0
2026-01-26,09928,時代鄰里,0.445,-6.32,2609350,438624372.0,15.14,,0.0,0
2026-01-26,03816,KFM金德,0.81,58.82,3559640,486000000.0,40.56,,0.0,0
2026-01-26,01319,靄華押業信貸,0.254,-1.93,727000,488774335.0,15.45,,0.0,0
2026-01-26,09689,金泰豐國際控股,0.53,6.0,806600,591480000.0,21.25,,0.0,0
2026-01-26,00301,三和精化,1.33,0.0,2872420,625711454.0,12.48,,0.0,0
2026-01-26,01577,匯鑫小貸,0.943,0.0,2000000,641240000.0,10.0,,0.0,0
2026-01-27,06108,新銳醫藥,0.249,-2.35,1061150,49953550.0,92.07,,0.0,0
2026-01-27,03321,中科集團控股,0.78,41.82,800080,60582288.0,26.94,,0.0,0
2026-01-27,08201,寶聯控股,0.149,86.25,954220,80460000.0,190.01,,0.0,0
2026-01-27,08159,新華聯合投資,0.101,26.25,647940,81284800.0,94.98,,0.0,0
2026-01-27,01069,中國健康科技集團,0.3,-2.28,722350,92631798.0,13.94,,0.0,0
2026-01-27,01552,BHCC HOLDING,0.25,0.0,1665500,200000000.0,10.73,,0.0,0
2026-01-27,01130,中國環境資源,0.53,3.92,4827520,298320648.0,13.41,,0.0,0
2026-01-27,02023,中國綠島科技,0.75,1.35,1179600,368850000.0,197.26,,0.0,0
2026-01-27,02211,大健康國際,5.01,14.38,114175790,553836552.0,10.22,,0.0,0
2026-01-27,00918,龍翼航空科技,0.6,0.0,594250,668441495.0,19.9,,0.0,0
2026-01-27,00627,共生智築,0.495,0.0,4106620,703233265.0,113.69,,0.0,0
2026-01-28,01472,生興控股,0.09,26.76,718960,90000000.0,24.08,,0.0,0
2026-01-28,01850,美好生活集團控股,0.7,11.11,1952590,120960000.0,19.95,,0.0,0
2026-01-28,01720,普天通信集團,0.135,8.0,1871600,148500000.0,28.02,,0.0,0
2026-01-28,01572,中國藝術金融,0.09,-9.09,1447070,152145000.0,13.52,,0.0,0
2026-01-28,01000,北青傳媒,0.85,26.87,535080,167713500.0,74.65,,0.0,0
2026-01-28,00637,利記,0.232,36.47,10553510,192270000.0,432.88,,0.0,0
2026-01-28,01775,精英匯集團,0.44,17.33,4349450,234525280.0,55.38,,0.0,0
2026-01-28,01945,清科控股,1.78,9.2,1916800,523374112.0,10.5,,0.0,0
2026-01-28,01612,永勝醫療,0.944,13.19,9643200,623133297.0,40.57,,0.0,0
2026-01-28,01183,澳能建設,0.17,12.58,1477620,676722262.0,26.65,,0.0,0
2026-01-28,00627,共生智築,0.5,1.01,5929830,710336631.0,13.27,,0.0,0
2026-01-29,08430,春能控股,0.16,23.08,1298050,26693632.0,290.65,,0.0,0
2026-01-29,02608,陽光100中國,0.011,10.0,559590,28058926.0,21.39,,0.0,0
2026-01-29,08219,恆偉集團控股,0.15,25.0,1099770,37125000.0,15.74,,0.0,0
2026-01-29,01107,當代置業,0.016,23.08,2998840,44719914.0,128.89,,0.0,0
2026-01-29,08422,WT集團,0.129,19.44,1239440,46440000.0,45.52,,0.0,0
2026-01-29,08612,維亮控股,0.122,7.96,1679100,50595840.0,18.74,,0.0,0
2026-01-29,08221,高裕金融,1.27,19.81,4116000,60452000.0,102.61,,0.0,0
2026-01-29,08007,環球戰略集團,0.295,5.36,5267750,66763642.0,20.59,,0.0,0
2026-01-29,01421,恆昌集團國際,0.465,1.09,8544580,93090768.0,15.55,,0.0,0
2026-01-29,03830,童園國際,0.1,36.99,782820,100000000.0,79.3,,0.0,0
2026-01-29,09968,匯景控股,0.023,9.52,502020,120842000.0,11.45,,0.0,0
2026-01-29,08093,瓦普思瑞元宇宙,2.58,0.0,2371060,127654272.0,28.55,,0.0,0
2026-01-29,06158,正榮地產,0.033,13.79,572770,144135948.0,13.27,,0.0,0
2026-01-29,01850,美好生活集團控股,0.85,21.43,12954140,146880000.0,44.65,,0.0,0
2026-01-29,01703,誼和股份,1.1,83.33,30828750,151800000.0,659.37,,0.0,0
2026-01-29,01628,禹洲集團,0.114,10.68,999810,169630517.0,12.3,,0.0,0
2026-01-29,08368,中國創意控股,0.355,36.54,19012500,245737290.0,189.86,,0.0,0
2026-01-29,03301,融信中國,0.153,18.6,2433520,257565007.0,21.06,,0.0,0
2026-01-29,01265,天津津燃公用,0.176,-4.35,901760,323718173.0,16.09,,0.0,0
2026-01-29,01708,三寶科技,0.53,10.42,1285490,419791005.0,20.17,,0.0,0
2026-01-29,01073,大禹金融,0.124,16.98,877330,423830831.0,179.89,,0.0,0
2026-01-29,01176,珠光控股,0.048,17.07,1445430,424830372.0,11.86,,0.0,0
2026-01-29,00124,粵海置地,0.25,2.04,2725470,427884212.0,12.15,,0.0,0
2026-01-29,03883,中國奧園,0.097,32.88,8678530,456884245.0,42.91,,0.0,0
2026-01-29,02683,華新手袋國際控股,1.22,5.17,1285900,498523720.0,10.86,,0.0,0
2026-01-29,01260,皓天財經集團,0.44,0.0,731970,506639760.0,23.48,,0.0,0
2026-01-29,02671,美聯股份,4.576,0.0,6801190,551636823.0,12.67,,0.0,0
2026-01-29,01909,火岩控股,2.5,24.38,4530980,607052602.0,21.74,,0.0,0
2026-01-29,09689,金泰豐國際控股,0.55,7.84,24273600,613800000.0,180.61,,0.0,0
2026-01-29,00519,諾科達科技,0.216,1.89,2331020,659902840.0,20.65,,0.0,0
2026-01-29,00337,綠地香港,0.244,16.19,4154000,681219863.0,15.55,,0.0,0
2026-01-29,00606,中駿商管,0.36,28.57,2533520,696600000.0,44.26,,0.0,0
2026-01-29,01085,亨鑫科技,1.54,-1.28,3816920,717024000.0,34.1,,0.0,0
2026-01-29,00210,達芙妮國際,0.385,0.0,2005130,761760395.0,10.53,,0.0,0
2026-01-29,02138,醫思健康,0.66,8.2,3408980,782239435.0,15.68,,0.0,0
2026-01-29,01813,合景泰富集團,0.265,40.96,5050220,906004245.0,15.56,,0.0,0
2026-01-30,08018,匯財金融投資,0.049,40.0,4752040,24707414.0,122.11,,0.0,0
2026-01-30,08191,鴻偉亞洲,0.136,0.74,4133590,48149499.0,71.7,,0.0,0
2026-01-30,00602,佳華百貨控股,0.056,12.0,509580,58100000.0,57.18,,0.0,0
2026-01-30,03830,童園國際,0.106,6.0,982350,106000000.0,11.18,,0.0,0
2026-01-30,01025,嘉藝控股,0.27,5.88,2308970,120789209.0,10.67,,0.0,0
2026-01-30,08125,榮記萬通,0.8,0.0,6067680,173386138.0,39.52,,0.0,0
2026-01-30,06812,永順控股香港,0.305,29.79,539020,183000000.0,19.18,,0.0,0
2026-01-30,01746,萬順集團控股,0.44,57.14,18643120,440000000.0,77.19,,0.0,0
2026-01-30,02415,梅斯健康,1.35,2.27,9336610,819680782.0,74.59,,0.0,0
2026-02-02,08103,HMVOD視頻,0.159,11.19,750170,20582216.0,63.61,,0.0,0
2026-02-02,08160,GOLDWAY EDU,0.415,25.76,1537170,89138655.0,133.23,,0.0,0
2026-02-02,00310,嘉進投資國際,0.156,-9.3,1049510,96896595.0,436.21,,0.0,0
2026-02-02,01389,美捷匯控股,0.27,-1.82,614030,149670000.0,22.4,,0.0,0
2026-02-02,03830,童園國際,0.154,45.28,1924660,154000000.0,10.42,,0.0,0
2026-02-02,00399,星太鏈集團,0.065,-23.53,3122320,213012015.0,10.87,,0.0,0
2026-02-02,01292,長安民生物流,3.505,-4.88,908650,708234320.0,17.19,,0.0,0
2026-02-03,08103,HMVOD視頻,0.165,3.77,916110,21358903.0,10.59,,0.0,0
2026-02-03,08245,烽翼集團,0.103,25.61,4524870,29822751.0,302.63,,0.0,0
2026-02-03,08420,NEXION TECH,0.039,44.44,1105400,34622640.0,155.04,,0.0,0
2026-02-03,08052,陸慶娛樂,0.065,44.44,1598776,35636640.0,57.18,,0.0,0
2026-02-03,08092,ITE HOLDINGS,0.045,55.17,6475510,41647860.0,1353.29,,0.0,0
2026-02-03,08290,亞勢備份,0.024,4.35,937600,48000000.0,184.93,,0.0,0
2026-02-03,02370,力高健康生活,0.56,9.8,2774700,112000000.0,68.12,,0.0,0
2026-02-03,01163,虎視傳媒,0.157,-7.1,3550900,140734800.0,514.62,,0.0,0
2026-02-03,00243,品質國際,0.425,14.86,781960,147258476.0,21.27,,0.0,0
2026-02-03,06128,烯石電車新材料,0.236,-3.67,17817310,222149947.0,19.98,,0.0,0
2026-02-03,00865,建德國際控股,0.039,8.33,588140,227681598.0,45.46,,0.0,0
2026-02-03,00146,太平地氈,1.9,2.15,630850,403156227.0,23.72,,0.0,0
2026-02-03,09689,金泰豐國際控股,0.6,11.11,34244800,669600000.0,12.99,,0.0,0
2026-02-03,08321,泰錦控股,1.32,13.79,1761210,708048000.0,45.85,,0.0,0
2026-02-04,00079,世紀建業,0.125,31.58,858650,40759678.0,208.41,,0.0,0
2026-02-04,08309,萬成環球控股,0.071,9.23,1517130,42600000.0,44.25,,0.0,0
2026-02-04,08621,METROPOLIS CAP,0.048,17.07,3933200,46080000.0,356.91,,0.0,0
2026-02-04,02433,中天湖南集團,0.081,9.46,1492400,46656000.0,13.07,,0.0,0
2026-02-04,08290,亞勢備份,0.032,33.33,3040300,64000000.0,30.91,,0.0,0
2026-02-04,01102,環能國際,0.043,-17.31,5613010,120373587.0,23.04,,0.0,0
2026-02-04,08160,GOLDWAY EDU,0.6,1.69,2979600,128875164.0,11.66,,0.0,0
2026-02-04,02168,佳兆業美好,1.12,8.74,2538240,172603200.0,14.25,,0.0,0
2026-02-04,01592,基石控股,0.12,1.69,1614370,173733169.0,19.86,,0.0,0
2026-02-04,01738,飛尚無煙煤,0.126,20.0,1254140,173948771.0,34.5,,0.0,0
2026-02-04,00731,建發新勝,0.137,-23.89,1408780,193800314.0,15.61,,0.0,0
2026-02-04,01379,溫嶺工量刃具,3.264,0.31,2223760,261120000.0,1873.43,,0.0,0
2026-02-04,01613,協同通信,0.194,7.78,1094890,297957711.0,23.86,,0.0,0
2026-02-04,01780,榮尊國際控股,0.61,-3.17,2051180,378200000.0,12.59,,0.0,0
2026-02-04,00679,亞洲聯網科技,1.48,46.53,7113430,560525432.0,44.72,,0.0,0
2026-02-04,01251,華油能源,0.33,34.69,6479690,644867520.0,11.07,,0.0,0
2026-02-04,02573,新琪安,7.18,-7.47,749200,690940260.0,10.0,,0.0,0
2026-02-04,06989,卓越商企服務,0.78,-3.7,5943050,951871440.0,10.6,,0.0,0
2026-02-05,08448,環球印館,0.6,37.93,963980,59880000.0,26.34,,0.0,0
2026-02-05,02358,久融控股,0.016,45.45,14404180,87552000.0,67.89,,0.0,0
2026-02-05,01107,當代置業,0.033,83.33,14134829,92234823.0,19.81,,0.0,0
2026-02-05,01850,美好生活集團控股,0.79,5.33,70700700,136512000.0,31.13,,0.0,0
2026-02-05,01408,濠江機電,0.328,32.26,7361600,164000000.0,62.24,,0.0,0
2026-02-05,01987,BENG SOON MACH,0.24,17.07,820880,240000000.0,16.69,,0.0,0
2026-02-05,09600,新紐科技,0.255,26.24,4479370,254455442.0,85.0,,0.0,0
2026-02-05,00573,稻香控股,0.31,6.9,708580,314447880.0,12.84,,0.0,0
2026-02-05,00757,陽光能源,0.096,15.66,2729460,319082029.0,11.53,,0.0,0
2026-02-05,00296,英皇娛樂酒店,0.27,9.76,942990,320892565.0,20.28,,0.0,0
2026-02-05,02116,江蘇創新,0.68,17.24,3468160,326400000.0,14.31,,0.0,0
2026-02-05,06038,信越控股,0.36,10.77,6049300,361080000.0,49.48,,0.0,0
2026-02-05,01596,翼辰實業,0.577,-13.49,15591960,518053680.0,409.88,,0.0,0
2026-02-05,01808,企展控股,2.55,-3.41,1113900,624464872.0,12.41,,0.0,0
2026-02-06,01063,新確科技(新),0.102,5.15,1023200,31386146.0,56.58,,0.0,0
2026-02-06,08193,亞太金融投資,0.46,16.46,2501760,128713678.0,10.16,,0.0,0
2026-02-06,00332,元亨燃氣,0.46,27.78,2413620,150549286.0,80.34,,0.0,0
2026-02-06,01720,普天通信集團,0.217,32.32,6436700,238700000.0,18.43,,0.0,0
2026-02-06,01575,皇庭智家,0.062,24.0,1268300,239320000.0,143.34,,0.0,0
2026-02-06,01792,CMON,0.985,10.06,28998810,243964800.0,436.73,,0.0,0
2026-02-06,01617,南方通信,0.3,61.29,41384230,487872000.0,16.13,,0.0,0
2026-02-06,06063,智中國際,0.335,37.86,2600590,670000000.0,26.98,,0.0,0
2026-02-06,01731,其利工業集團,0.645,-1.53,1002840,722400000.0,12.39,,0.0,0
2026-02-06,00698,通達集團,3.89,6.28,4089940,757430271.0,11.37,,0.0,0
2026-02-06,01943,金石控股集團,0.8,42.86,22414900,938736000.0,20.22,,0.0,0
2026-02-09,08367,倩碧控股,0.38,2.7,2226650,36726994.0,66.41,,0.0,0
2026-02-09,01166,星凱控股,0.71,-7.79,10738600,101151298.0,14.42,,0.0,0
2026-02-09,00094,綠心集團,0.082,-1.2,581680,228163900.0,13.98,,0.0,0
2026-02-09,02545,中贛通信,0.45,12.5,1374400,288000000.0,11.86,,0.0,0
2026-02-09,00822,嘉瑞國際,0.325,-9.72,549950,290472455.0,16.17,,0.0,0
2026-02-09,01720,普天通信集團,0.275,26.73,19278500,302500000.0,19.41,,0.0,0
2026-02-09,08395,中顯智能齊家控股,0.191,2.14,1284480,327374000.0,25.69,,0.0,0
2026-02-09,01936,利特米,0.72,1.41,907200,336068640.0,38.49,,0.0,0
2026-02-09,01260,皓天財經集團,0.51,10.87,2878830,587241540.0,15.96,,0.0,0
2026-02-09,01617,南方通信,0.45,50.0,81348740,731808000.0,12.18,,0.0,0
2026-02-10,08431,浩柏國際,0.31,3.33,3906130,73334716.0,34.48,,0.0,0
2026-02-10,08448,環球印館,0.86,75.51,5906550,85828000.0,41.35,,0.0,0
2026-02-10,08489,裕程物流,0.465,22.37,1807900,143022375.0,11.59,,0.0,0
2026-02-10,01718,宏基集團控股,0.485,36.62,4099340,147498200.0,10.13,,0.0,0
2026-02-10,06080,榮智控股,0.132,41.94,2566200,147886200.0,56.03,,0.0,0
2026-02-10,01281,鑫達投資控股,0.1,-6.54,1869570,148460400.0,404.41,,0.0,0
2026-02-10,01620,富盈環球集團,0.131,37.89,785030,157200000.0,23.44,,0.0,0
2026-02-10,01621,域高國際控股,0.161,26.77,1254480,161000000.0,35.34,,0.0,0
2026-02-10,00605,中國金融投資管理,0.81,-1.22,500040,169419654.0,12.16,,0.0,0
2026-02-10,01613,協同通信,0.187,-2.6,2527960,287206660.0,18.56,,0.0,0
2026-02-10,00202,潤中國際控股,0.115,15.0,1549790,838852477.0,61.16,,0.0,0
2026-02-10,06063,智中國際,0.465,29.17,8458220,930000000.0,13.04,,0.0,0
2026-02-11,01010,天璽曜11,0.094,0.0,888700,41763652.0,29.52,,0.0,0
2026-02-11,00907,高雅光學,0.075,33.93,4215770,65464776.0,126.23,,0.0,0
2026-02-11,08613,東方支付集團控股,0.034,-30.61,1205500,65542367.0,257.59,,0.0,0
2026-02-11,08431,浩柏國際,0.36,16.13,8380790,85162896.0,17.09,,0.0,0
2026-02-11,02310,時代環球集團,0.078,69.57,646940,85244421.0,20.76,,0.0,0
2026-02-11,00396,興利(香港)控股,0.128,42.22,671110,103436291.0,92.86,,0.0,0
2026-02-11,00500,先豐服務集團,0.064,-9.86,630000,153816696.0,13.94,,0.0,0
2026-02-11,00831,利亞零售,0.31,6.9,2061650,242462462.0,11.24,,0.0,0
2026-02-11,00620,大唐西市,0.37,-11.9,2341180,296379335.0,16.96,,0.0,0
2026-02-11,02297,潤邁德-B,0.285,7.55,2559500,399387258.0,12.97,,0.0,0
2026-02-11,01370,奧威控股,0.248,0.0,1026700,405561813.0,99.87,,0.0,0
2026-02-11,01538,中奧到家,0.495,2.06,627920,423002250.0,11.84,,0.0,0
2026-02-11,00097,恆基發展,0.198,11.24,1070640,603370824.0,15.93,,0.0,0
2026-02-12,00899,中加國信,0.221,10.5,939270,98380141.0,14.16,,0.0,0
2026-02-12,01452,迪諾斯環保,0.139,-24.46,702400,107126983.0,26.02,,0.0,0
2026-02-12,08143,金威醫療,0.103,-23.13,565340,139334277.0,14.85,,0.0,0
2026-02-12,08283,中食民安,0.485,-1.02,885600,167616000.0,76.65,,0.0,0
2026-02-12,01955,莊臣控股,0.49,6.52,1829070,245000000.0,134.5,,0.0,0
2026-02-12,01636,中國金屬利用,0.59,11.32,1561920,264411878.0,26.16,,0.0,0
2026-02-12,01447,新福港,0.69,53.33,1648780,276000000.0,383.44,,0.0,0
2026-02-12,00042,東北電氣,0.325,12.07,2080400,283845250.0,54.91,,0.0,0
2026-02-12,02515,天津建發,0.97,21.25,2505600,301420467.0,15.61,,0.0,0
2026-02-12,01226,中國投融資,0.83,3.75,820500,342455178.0,12.45,,0.0,0
2026-02-12,00851,盛源控股,0.39,-2.5,3811050,343968511.0,118.12,,0.0,0
2026-02-12,01543,中盈盛達融資擔保,0.245,-0.41,741080,382394208.0,10.19,,0.0,0
2026-02-12,01985,美高域,1.45,0.0,10708700,444242300.0,79.99,,0.0,0
2026-02-12,03913,合景悠活,0.226,1.35,1074210,457844115.0,12.71,,0.0,0
2026-02-12,00776,帝國科技集團,0.77,5.48,4762590,517314914.0,10.39,,0.0,0
2026-02-12,01685,博耳電力,0.68,122.95,33273420,526162920.0,487.82,,0.0,0
2026-02-12,01823,華昱高速,1.55,42.2,6174080,730217400.0,10.62,,0.0,0
2026-02-12,00351,亞洲能源物流,0.37,29.82,2482250,738140840.0,63.41,,0.0,0
2026-02-13,08179,百利達集團控股,0.013,0.0,1381600,24801378.0,14.63,,0.0,0
2026-02-13,02608,陽光100中國,0.012,0.0,690650,30609738.0,19.33,,0.0,0
2026-02-13,00810,中國鑄晨81,0.115,4.55,913280,81966383.0,20.36,,0.0,0
2026-02-13,01146,匯成國際控股,0.028,-20.0,1497930,99272600.0,23.43,,0.0,0
2026-02-13,01470,富一國際控股,0.156,11.43,627300,124800000.0,31.84,,0.0,0
2026-02-13,01715,智慧健康科技,0.45,0.0,7545200,162341946.0,131.8,,0.0,0
2026-02-13,00396,興利(香港)控股,0.204,23.64,2329440,164851589.0,23.24,,0.0,0
2026-02-13,08125,榮記萬通,0.78,-2.5,11189460,169051484.0,15.93,,0.0,0
2026-02-13,08646,中國宏光,0.218,6.34,1104200,170691820.0,19.08,,0.0,0
2026-02-13,00399,星太鏈集團,0.076,38.18,10702780,249060203.0,12.35,,0.0,0
2026-02-13,01636,中國金屬利用,0.62,5.08,2063920,277856550.0,10.3,,0.0,0
2026-02-13,02497,富景中國控股,0.56,0.0,506400,280000000.0,11.49,,0.0,0
2026-02-13,00591,中國高精密,0.27,-25.0,10677240,280125000.0,26.81,,0.0,0
2026-02-13,03913,合景悠活,0.216,-4.42,5632360,437585526.0,35.32,,0.0,0
2026-02-13,01900,中國智能交通,0.325,14.04,910460,559060405.0,15.81,,0.0,0
2026-02-13,00432,盈大地產,0.285,39.02,5618990,580897472.0,55.1,,0.0,0
2026-02-13,02405,力盟科技,1.02,6.25,1382300,816000000.0,18.96,,0.0,0
2026-02-16,00145,信能低碳,0.222,-2.63,8686460,81296803.0,30.38,,0.0,0
2026-02-16,08620,亞洲速運,0.149,55.21,8224600,93677045.0,297.02,,0.0,0
2026-02-16,01941,燁星集團,0.24,0.84,697900,97274400.0,34.33,,0.0,0
2026-02-16,01129,中國水業集團,0.45,50.0,1573810,284487268.0,24.96,,0.0,0
2026-02-16,00648,京玖康療,3.7,-1.07,2988210,396332652.0,42.83,,0.0,0
2026-02-16,01334,瑞昌國際控股,1.0,2.04,677550,500000000.0,89.94,,0.0,0
2026-02-16,01945,清科控股,1.87,13.33,2863900,549836848.0,13.12,,0.0,0
2026-02-16,01692,登輝控股,1.695,-0.59,2166480,608505000.0,300.73,,0.0,0
2026-02-16,01319,靄華押業信貸,0.324,22.73,3314490,623475924.0,97.46,,0.0,0
2026-02-16,00554,漢思集團控股,0.227,3.18,3308280,995924609.0,74.18,,0.0,0
2026-02-20,08178,中國信息科技,0.28,24.44,1859650,48190004.0,61.45,,0.0,0
2026-02-20,00188,新華匯富金融,0.27,16.88,1396570,206437978.0,49.55,,0.0,0
2026-02-20,00567,金安智能,0.173,66.35,5819030,279098750.0,175.77,,0.0,0
2026-02-20,00648,京玖康療,4.72,27.57,3784440,505591924.0,10.69,,0.0,0
2026-02-20,00399,星太鏈集團,0.3,122.22,67778070,983132378.0,24.56,,0.0,0
2026-02-23,08178,中國信息科技,0.373,33.21,16038150,64195970.0,74.78,,0.0,0
2026-02-23,08072,蘭谷股份,0.51,12.09,753040,85858058.0,13.56,,0.0,0
2026-02-23,01707,致浩達控股,0.062,44.19,663352,104160000.0,20.89,,0.0,0
2026-02-23,02193,萬景控股,0.31,21.57,548760,130074140.0,66.0,,0.0,0
2026-02-23,00397,嬴集團,0.049,13.95,1093320,167719116.0,22.77,,0.0,0
2026-02-23,01750,全達電器集團控股,0.097,12.79,874600,174600000.0,10.43,,0.0,0
2026-02-23,01239,TEAMWAY INTL GP,0.45,-16.67,1976000,195308067.0,73.72,,0.0,0
2026-02-23,02459,升能集團,1.28,26.73,34708010,248064000.0,132.83,,0.0,0
2026-02-23,08229,未來數據集團,0.63,-5.97,541950,349952400.0,14.4,,0.0,0
2026-02-23,00827,玖源集團,0.062,82.35,13100910,435738641.0,524.88,,0.0,0
2026-02-23,02501,邁越科技,1.15,21.05,1404000,575000000.0,28.39,,0.0,0
2026-02-23,00508,鼎億集團投資,0.67,-1.47,4810400,580167876.0,18.22,,0.0,0
2026-02-23,01116,慧源同創科技,0.27,-10.0,825450,582660000.0,38.58,,0.0,0
2026-02-23,01900,中國智能交通,0.345,9.52,2573900,593464122.0,16.17,,0.0,0
2026-02-23,00040,金山科技工業,0.69,-8.0,587230,622716796.0,27.9,,0.0,0
2026-02-23,00201,華大酒店,0.07,-1.41,582780,626293593.0,16.51,,0.0,0
2026-02-23,00648,京玖康療,6.2,31.36,14187370,664124985.0,19.67,,0.0,0
2026-02-23,00526,利時集團控股,0.092,2.22,967720,813649876.0,18.62,,0.0,0
2026-02-24,08153,嘉鼎國際集團,0.88,14.29,3216440,36603754.0,100.87,,0.0,0
2026-02-24,00559,德泰新能源集團,0.104,-2.8,1183848,54411177.0,184.31,,0.0,0
2026-02-24,01421,恆昌集團國際,0.38,0.0,3012700,76074176.0,58.27,,0.0,0
2026-02-24,08143,金威醫療,0.11,-1.79,2116290,148803597.0,15.51,,0.0,0
2026-02-24,01682,杭品生活科技,0.104,-1.89,736160,163472816.0,15.77,,0.0,0
2026-02-24,00947,摩比發展,0.265,41.71,7354460,211163950.0,50.07,,0.0,0
2026-02-24,01094,承輝國際,0.305,10.91,505580,216859640.0,21.43,,0.0,0
2026-02-24,00356,鼎立資本,1.139,11.67,1480500,229393081.0,11.6,,0.0,0
2026-02-24,00223,易生活控股,0.165,26.92,2552270,268903264.0,45.01,,0.0,0
2026-02-24,03322,永嘉集團,0.237,-0.84,520240,304402800.0,12.68,,0.0,0
2026-02-24,00367,莊士機構國際,0.305,-4.69,517480,510128697.0,19.64,,0.0,0
2026-02-24,01334,瑞昌國際控股,1.12,0.9,6165050,560000000.0,28.99,,0.0,0
2026-02-24,01202,四威科技,1.509,21.79,3127800,603600000.0,12.97,,0.0,0
2026-02-24,01641,紅星冷鏈,7.749,-7.3,10093600,761439987.0,15.14,,0.0,0
2026-02-25,00197,亨泰,0.3,0.0,1663600,62763136.0,24.88,,0.0,0
2026-02-25,00248,香港通訊國際控股,0.325,4.84,1189170,75887373.0,64.29,,0.0,0
2026-02-25,01894,恆益控股,0.53,6.0,3652760,123679210.0,14.5,,0.0,0
2026-02-25,01671,天保能源,0.97,73.21,11308140,155123280.0,1200.44,,0.0,0
2026-02-25,01376,RAFFLESINTERIOR,0.162,4.52,2086096,162000000.0,11.99,,0.0,0
2026-02-25,01682,杭品生活科技,0.104,0.0,2319340,163472816.0,19.78,,0.0,0
2026-02-25,08601,寶燵控股,0.238,0.0,1190000,190400000.0,566.4,,0.0,0
2026-02-25,01460,揚科集團,0.235,1.29,1250140,206233723.0,15.03,,0.0,0
2026-02-25,00947,摩比發展,0.28,5.66,9411290,223116626.0,10.73,,0.0,0
2026-02-25,00442,域能控股,0.89,11.25,1061330,230643500.0,17.25,,0.0,0
2026-02-25,00295,江山控股,0.019,18.75,2070580,284324408.0,130.45,,0.0,0
2026-02-25,01094,承輝國際,0.46,50.82,926510,327066998.0,13.85,,0.0,0
2026-02-25,00042,東北電氣,0.415,31.75,10414900,362448550.0,23.08,,0.0,0
2026-02-25,08645,比特元宇宙,0.63,14.55,649700,476597520.0,22.99,,0.0,0
2026-02-25,00672,眾安集團,0.124,0.81,1011140,698840415.0,14.36,,0.0,0
2026-02-25,00154,北京控股環境集團,0.63,10.53,1469800,945226894.0,10.21,,0.0,0
2026-02-25,02008,鳳凰衛視,1.93,-1.53,51778850,963776284.0,87.33,,0.0,0
2026-02-26,08221,高裕金融,1.1,0.0,1149650,52360000.0,25.65,,0.0,0
2026-02-26,08187,積木集團,0.435,8.75,1161280,65982470.0,144.15,,0.0,0
2026-02-26,08471,新達控股,0.96,-28.36,3227530,70617600.0,42.88,,0.0,0
2026-02-26,08447,MS CONCEPT,0.072,44.0,1112460,72000000.0,53.68,,0.0,0
2026-02-26,01443,富臨集團控股,0.064,30.61,8252670,83200000.0,95.8,,0.0,0
2026-02-26,08072,蘭谷股份,0.52,0.0,1537000,87541550.0,13.29,,0.0,0
2026-02-26,08601,寶燵控股,0.238,0.0,1904000,190400000.0,15.72,,0.0,0
2026-02-26,00747,沈陽公用發展股份,0.13,22.64,536830,191018880.0,14.91,,0.0,0
2026-02-26,08070,僑洋國際控股,1.15,66.67,3118190,230000000.0,88.12,,0.0,0
2026-02-26,02132,譽燊豐控股,0.175,16.67,880140,280000000.0,44.67,,0.0,0
2026-02-26,01147,伊登軟件,0.137,-5.52,7368280,280157787.0,15.46,,0.0,0
2026-02-26,01575,皇庭智家,0.073,15.87,1441340,281780000.0,26.98,,0.0,0
2026-02-26,01094,承輝國際,0.41,-10.87,1952410,291516237.0,12.24,,0.0,0
2026-02-26,00987,中國再生能源投資,0.122,10.91,1071310,305751211.0,12.92,,0.0,0
2026-02-26,01215,開源控股,0.024,4.35,614940,306693115.0,32.78,,0.0,0
2026-02-26,01985,美高域,1.45,11.54,16425670,444242300.0,14.13,,0.0,0
2026-02-26,01746,萬順集團控股,0.49,30.67,6032720,490000000.0,20.02,,0.0,0
2026-02-26,01202,四威科技,1.849,29.39,13524980,739600000.0,19.29,,0.0,0
2026-02-26,01183,澳能建設,0.195,2.63,3693070,776240242.0,15.98,,0.0,0
2026-02-26,02415,梅斯健康,1.3,3.17,1197480,789322235.0,24.73,,0.0,0
2026-02-26,01328,金湧投資,3.4,29.28,2025390,873576606.0,19.13,,0.0,0
2026-02-27,01933,元力控股,0.224,56.64,2868200,112879688.0,62.5,,0.0,0
2026-02-27,08286,長城微光,0.395,154.84,7535630,121999700.0,128.14,,0.0,0
2026-02-27,01703,誼和股份,1.07,24.42,1472810,147660000.0,18.2,,0.0,0
2026-02-27,01871,向中國際,0.39,11.43,2073960,170023695.0,35.38,,0.0,0
2026-02-27,03789,禦佳控股,0.148,49.49,986450,177600000.0,45.66,,0.0,0
2026-02-27,01217,中國創新投資,0.014,16.67,1729680,179222101.0,25.96,,0.0,0
2026-02-27,06933,新娛科控股,0.55,-19.12,661400,235401549.0,12.36,,0.0,0
2026-02-27,01419,盈健醫療,0.83,-1.19,680220,315028353.0,20.4,,0.0,0
2026-02-27,06877,TE HEALTHCARE,0.187,27.21,931490,380225230.0,101.4,,0.0,0
2026-02-27,01161,奧思集團,0.9,1.12,2432760,612497488.0,16.38,,0.0,0
2026-02-27,01100,飛達控股,1.48,22.31,7680110,635163383.0,136.78,,0.0,0
2026-03-02,08480,飛霓控股,0.117,-1.68,788840,108028627.0,63.95,,0.0,0
2026-03-02,02728,金泰能源控股,0.029,20.83,1974610,129195606.0,46.66,,0.0,0
2026-03-02,01894,恆益控股,0.59,11.32,7829230,137680630.0,12.33,,0.0,0
2026-03-02,06068,光正教育,0.076,-9.52,698460,165539704.0,15.59,,0.0,0
2026-03-02,01555,MI能源,0.06,81.82,13282640,203191531.0,237.12,,0.0,0
2026-03-02,06933,新娛科控股,0.48,-12.73,2231300,205441352.0,18.65,,0.0,0
2026-03-02,00332,元亨燃氣,0.66,57.14,5232920,216005497.0,67.64,,0.0,0
2026-03-02,08413,亞洲富思,0.189,-0.53,1170400,219618000.0,11.77,,0.0,0
2026-03-02,02178,百勤油服,0.146,105.63,25622200,252094504.0,798.7,,0.0,0
2026-03-02,02012,陽光油砂,0.42,13.51,8668650,298768866.0,31.7,,0.0,0
2026-03-02,01301,德基科技控股,0.52,65.08,4885090,326031680.0,1152.14,,0.0,0
2026-03-02,08132,百能國際能源,0.127,32.29,1130160,342197113.0,51.43,,0.0,0
2026-03-02,02372,偉立控股,0.48,12.94,771400,384000000.0,16.6,,0.0,0
2026-03-02,00365,芯成科技,0.27,-6.9,541620,392850000.0,10.36,,0.0,0
2026-03-02,06877,TE HEALTHCARE,0.2,6.95,3634440,406658000.0,36.45,,0.0,0
2026-03-02,03395,吉星新能源,0.49,53.12,10362600,425953373.0,389.57,,0.0,0
2026-03-02,01080,勝利管道,0.111,18.09,5791420,430054582.0,26.6,,0.0,0
2026-03-02,02159,麥迪衛康,1.54,14.93,2367400,518179200.0,13.95,,0.0,0
2026-03-02,00632,中港石油,0.6,154.24,86541440,573812204.0,18.87,,0.0,0
2026-03-02,00672,眾安集團,0.104,-13.33,2718810,586124219.0,14.35,,0.0,0
2026-03-02,01251,華油能源,0.305,7.02,4043000,596013920.0,12.02,,0.0,0
2026-03-02,00346,延長石油國際,0.62,49.4,19501730,682063738.0,148.81,,0.0,0
2026-03-02,00184,激成投資,2.19,-0.45,786360,745038000.0,10.34,,0.0,0
2026-03-02,00918,龍翼航空科技,0.69,13.11,577920,768707720.0,37.6,,0.0,0
2026-03-03,08219,恆偉集團控股,0.152,1.33,823170,37620000.0,27.79,,0.0,0
2026-03-03,01400,滿地科技股份,0.018,0.0,1049840,68431813.0,130.87,,0.0,0
2026-03-03,01421,恆昌集團國際,0.39,11.43,6601030,78076128.0,15.09,,0.0,0
2026-03-03,00048,中國汽車內飾,0.26,9.7,2515750,113824818.0,28.53,,0.0,0
2026-03-03,00332,元亨燃氣,0.56,-15.15,7699040,183277391.0,12.88,,0.0,0
2026-03-03,08326,同景新能源,0.156,-2.5,1159850,191412000.0,16.18,,0.0,0
2026-03-03,01555,MI能源,0.057,-5.0,18660790,193031954.0,13.61,,0.0,0
2026-03-03,02012,陽光油砂,0.425,1.19,15648850,302325639.0,14.01,,0.0,0
2026-03-03,01407,交運燃氣,0.739,29.88,6058200,325160000.0,167.42,,0.0,0
2026-03-03,01265,天津津燃公用,0.198,16.47,5744750,364182944.0,163.12,,0.0,0
2026-03-03,01120,雅視光學,0.99,-1.0,612840,382400740.0,94.54,,0.0,0
2026-03-03,03395,吉星新能源,0.445,-9.18,10958000,386835206.0,10.34,,0.0,0
2026-03-03,00166,新時代集團控股,0.045,2.27,1212300,393379964.0,12.7,,0.0,0
2026-03-03,00681,中民控股,0.045,25.0,9308380,402055254.0,77.81,,0.0,0
2026-03-03,02178,百勤油服,0.25,71.23,100378140,431668670.0,38.71,,0.0,0
2026-03-03,01251,華油能源,0.305,0.0,8735530,596013920.0,12.28,,0.0,0
2026-03-03,00346,延長石油國際,0.6,-3.23,21430530,660061682.0,10.32,,0.0,0
2026-03-03,01341,昊天國際建投,0.067,34.0,730933130,743390248.0,29.8,,0.0,0
2026-03-03,01855,中慶股份,1.01,14.77,154773300,833250000.0,15.51,,0.0,0
2026-03-03,00632,中港石油,0.89,48.33,224411760,851154770.0,17.58,,0.0,0
2026-03-03,00918,龍翼航空科技,0.85,23.19,6078100,946958785.0,83.08,,0.0,0
2026-03-04,00197,亨泰,0.28,-1.75,2431200,58578927.0,12.22,,0.0,0
2026-03-04,08117,中國基礎能源,0.071,-24.47,1329410,72703108.0,12.5,,0.0,0
2026-03-04,01637,順興集團控股,0.345,23.21,5008660,138000000.0,65.17,,0.0,0
2026-03-04,03390,滿貫集團,0.275,-8.33,3246080,245850000.0,30.57,,0.0,0
2026-03-04,00557,天元醫療,0.62,-22.5,757280,247367305.0,124.35,,0.0,0
2026-03-04,06911,瀾滄古茶,2.51,0.4,8216000,376500000.0,3170.98,,0.0,0
2026-03-04,00042,東北電氣,0.475,31.94,56708800,414850750.0,17.06,,0.0,0
2026-03-04,02440,迷策略,2.05,17.82,10311390,854909641.0,14.03,,0.0,0
2026-03-04,02458,望塵科技控股,6.3,0.64,1750900,899073806.0,11.93,,0.0,0
2026-03-05,08547,PACIFIC LEGEND,0.078,2.63,2684490,69165199.0,11.58,,0.0,0
2026-03-05,01950,帝王實業控股,0.141,31.78,570080,101520000.0,18.67,,0.0,0
2026-03-05,01245,NIRAKU,0.168,-5.08,532070,200902877.0,20.67,,0.0,0
2026-03-05,06083,環宇物流(亞洲),0.518,4.02,1039600,259954733.0,15.46,,0.0,0
2026-03-05,01795,亞東集團,0.54,0.0,1755630,324000000.0,13.75,,0.0,0
2026-03-05,01961,多牛科技,0.465,52.46,6648330,341450046.0,117.26,,0.0,0
2026-03-06,00821,匯盈控股,0.315,-10.0,686160,116891844.0,16.36,,0.0,0
2026-03-06,01967,信懇智能,0.405,3.85,3704700,121500000.0,114.27,,0.0,0
2026-03-06,01843,快餐帝國,0.155,10.71,808960,124000000.0,12.15,,0.0,0
2026-03-06,00310,嘉進投資國際,0.216,8.54,872960,134164516.0,125.68,,0.0,0
2026-03-06,01105,星島,0.186,0.0,800370,163781001.0,30.08,,0.0,0
2026-03-06,08646,中國宏光,0.21,0.0,505100,164427900.0,20.82,,0.0,0
2026-03-06,01500,現恆建築,0.212,25.44,7710380,175960000.0,230.95,,0.0,0
2026-03-06,03366,華僑城(亞洲),0.243,-17.63,515990,181852938.0,15.35,,0.0,0
2026-03-06,01552,BHCC HOLDING,0.26,-1.89,1010000,208000000.0,14.44,,0.0,0
2026-03-06,01529,樂氏國際控股,0.51,2.0,664600,340210800.0,27.17,,0.0,0
2026-03-06,01795,亞東集團,0.58,7.41,4681950,348000000.0,15.44,,0.0,0
2026-03-06,01397,碧瑤綠色集團,1.11,-4.31,3125640,460650000.0,14.88,,0.0,0
2026-03-06,00279,裕承科金,0.57,-3.39,4066880,795450561.0,24.17,,0.0,0
2026-03-09,00058,新威國際,0.29,38.1,892370,149500800.0,86.4,,0.0,0
2026-03-09,03366,華僑城(亞洲),0.25,2.88,939550,187091500.0,11.03,,0.0,0
2026-03-09,01393,恆鼎實業,0.067,24.07,1107640,308552380.0,36.29,,0.0,0
2026-03-09,00776,帝國科技集團,0.663,3.11,2190760,445428296.0,13.48,,0.0,0
2026-03-09,01429,天任集團,0.295,28.82,13229200,472000000.0,10.01,,0.0,0
2026-03-09,01813,合景泰富集團,0.146,-13.61,3073030,499157056.0,11.91,,0.0,0
2026-03-09,02502,金源氫化,0.56,31.76,668590,535158400.0,20.3,,0.0,0
2026-03-09,01075,首都信息,3.001,0.67,2093240,869715636.0,10.15,,0.0,0
2026-03-10,08516,中盈國際,0.87,-3.33,1622180,50067108.0,14.53,,0.0,0
2026-03-10,00204,資本界金控,0.227,2.25,2131000,56535514.0,21.09,,0.0,0
2026-03-10,08500,天泓文創,0.146,-9.88,1943440,63072000.0,77.36,,0.0,0
2026-03-10,09918,麗年國際,1.05,-6.25,1021620,105000000.0,13.79,,0.0,0
2026-03-10,01025,嘉藝控股,0.275,3.77,1563520,123026046.0,15.53,,0.0,0
2026-03-10,08646,中國宏光,0.217,0.0,648800,169908830.0,10.12,,0.0,0
2026-03-10,00550,律齊文化,0.38,7.04,5451440,173102920.0,13.31,,0.0,0
2026-03-10,00058,新威國際,0.365,25.86,1214980,188164800.0,12.22,,0.0,0
2026-03-10,01831,十方控股,0.265,15.22,5518660,284994130.0,15.75,,0.0,0
2026-03-10,00343,文化傳信,0.17,6.92,1674380,294792884.0,21.56,,0.0,0
2026-03-10,08223,紫元元,0.65,18.18,849720,335400000.0,10.86,,0.0,0
2026-03-10,01410,安領國際,0.495,-4.81,1152350,499809915.0,12.96,,0.0,0
2026-03-10,02405,力盟科技,0.92,8.24,8832900,736000000.0,34.51,,0.0,0
2026-03-10,06939,美佳音控股,1.6,18.52,19548900,996000000.0,13.35,,0.0,0
2026-03-11,00938,民生國際,0.42,9.09,684180,271823410.0,69.73,,0.0,0
2026-03-11,00913,港灣數字,0.325,35.42,2650600,288289638.0,262.05,,0.0,0
2026-03-11,08637,元續科技,3.0,22.45,15532700,449106000.0,11.04,,0.0,0
2026-03-11,02671,美聯股份,3.916,9.51,2540150,472073820.0,29.26,,0.0,0
2026-03-11,01410,安領國際,0.49,-1.01,3630200,494761330.0,18.07,,0.0,0
2026-03-11,00052,大快活集團,4.44,1.6,2685970,575214343.0,10.42,,0.0,0
2026-03-11,02250,小黃鴨德盈,0.72,4.35,1206620,726015600.0,12.09,,0.0,0
2026-03-11,00279,裕承科金,0.58,0.0,11375640,809405834.0,19.21,,0.0,0
2026-03-12,00426,萬華媒體,0.166,66.0,4435070,66549400.0,862.69,,0.0,0
2026-03-12,00261,GBA集團,0.244,-9.63,500770,80852249.0,12.32,,0.0,0
2026-03-12,08120,國農金融投資,0.64,10.34,882210,104081126.0,17.27,,0.0,0
2026-03-12,01633,上諭集團,0.18,0.0,2286100,123255000.0,20.92,,0.0,0
2026-03-12,01229,南南資源,0.23,12.2,1293730,176035924.0,13.16,,0.0,0
2026-03-12,00381,權識國際,0.157,24.6,3478380,208876651.0,12.89,,0.0,0
2026-03-12,00764,永恆策略,0.56,-6.67,1075000,225599755.0,13.54,,0.0,0
2026-03-12,08395,中顯智能齊家控股,0.219,18.38,874140,375366000.0,63.23,,0.0,0
2026-03-12,01332,透雲生物,0.189,45.38,18367160,530324956.0,42.34,,0.0,0
2026-03-12,09689,金泰豐國際控股,0.61,27.08,751400,680760000.0,20.12,,0.0,0
2026-03-12,02167,天潤雲,3.94,17.26,1341570,683118776.0,10.18,,0.0,0
2026-03-12,00721,中國金融國際,0.395,38.6,10653770,866759088.0,21.77,,0.0,0
2026-03-13,02110,天成控股,0.111,23.33,739780,4795200.0,34.8,,0.0,0
2026-03-13,08131,諾亞智能,0.088,12.82,1143580,63290580.0,122.47,,0.0,0
2026-03-13,08187,積木集團,0.56,0.0,3980900,84942950.0,15.2,,0.0,0
2026-03-13,00484,雲遊控股,0.92,5.75,848500,157987083.0,22.0,,0.0,0
2026-03-13,03313,雅高控股,1.18,0.0,543780,167808345.0,10.65,,0.0,0
2026-03-13,02376,魯商服務,2.296,-11.9,639310,306148640.0,12.72,,0.0,0
2026-03-13,00381,權識國際,0.25,59.24,9762160,332606132.0,16.13,,0.0,0
2026-03-13,01716,毛記葵湧,1.66,37.19,140198330,448200000.0,88.94,,0.0,0
2026-03-13,01159,智數科技集團,3.25,25.48,3449520,461033557.0,14.0,,0.0,0
2026-03-13,00827,玖源集團,0.079,51.92,11760960,555215365.0,10.58,,0.0,0
2026-03-13,01945,清科控股,1.91,15.06,2659200,561598064.0,13.19,,0.0,0
2026-03-13,08403,德豐宿來,3.33,16.03,6595490,563436000.0,12.94,,0.0,0
2026-03-13,06908,宏光半導體,0.495,-1.0,10513100,580067968.0,11.55,,0.0,0
2026-03-13,00149,中國農產品交易,0.063,8.62,822480,627043273.0,17.55,,0.0,0
2026-03-13,00721,中國金融國際,0.37,-6.33,13565820,811900918.0,10.5,,0.0,0
2026-03-16,01647,雄岸科技,0.079,8.22,535600,94408160.0,11.19,,0.0,0
2026-03-16,01718,宏基集團控股,0.445,17.11,7096350,135333400.0,12.69,,0.0,0
2026-03-16,01703,誼和股份,1.09,49.32,1650940,150420000.0,13.73,,0.0,0
2026-03-16,08646,中國宏光,0.227,10.73,1852200,177738730.0,11.34,,0.0,0
2026-03-16,00738,萊爾斯丹,0.325,6.56,1575060,225794094.0,11.03,,0.0,0
2026-03-16,08292,VSING,0.31,0.0,762550,334279200.0,17.18,,0.0,0
2026-03-16,00938,民生國際,0.52,30.0,1480920,336543269.0,11.52,,0.0,0
2026-03-16,01780,榮尊國際控股,0.77,22.22,29948950,477400000.0,233.97,,0.0,0
2026-03-16,06162,天瑞汽車內飾,0.209,0.48,15168220,501600000.0,15.75,,0.0,0
2026-03-16,02881,武漢有機,5.612,8.3,694150,523599600.0,11.86,,0.0,0
2026-03-16,06919,人瑞人才,3.9,-4.88,1461260,617938148.0,73.13,,0.0,0
2026-03-16,01808,企展控股,2.79,16.25,702190,683238036.0,12.11,,0.0,0
2026-03-16,00635,彩星集團,0.47,2.17,549770,971960000.0,30.63,,0.0,0
2026-03-17,08153,嘉鼎國際集團,0.86,10.26,2424020,35771850.0,45.27,,0.0,0
2026-03-17,02433,中天湖南集團,0.074,21.31,1522400,42624000.0,17.04,,0.0,0
2026-03-17,08416,HM INTL HLDGS,0.12,18.81,1935070,50569800.0,175.98,,0.0,0
2026-03-17,08238,玖方數智,0.184,-30.57,10627160,64099123.0,29.65,,0.0,0
2026-03-17,06163,彭順國際,0.3,0.0,598200,82951200.0,189.12,,0.0,0
2026-03-17,01025,嘉藝控股,0.28,-8.2,3032300,125262883.0,10.14,,0.0,0
2026-03-17,01630,建成控股,0.119,43.37,5189000,178500000.0,42.08,,0.0,0
2026-03-17,01705,賓仕國際,0.48,11.63,722020,192000000.0,16.6,,0.0,0
2026-03-17,08271,環球數碼創意,0.131,35.05,1113380,196933550.0,23.2,,0.0,0
2026-03-17,00318,黃河實業,0.72,18.03,527450,207546391.0,52.49,,0.0,0
2026-03-17,01710,致豐工業電子,0.248,20.98,5957300,248000000.0,27.78,,0.0,0
2026-03-17,00129,泛海集團,0.209,-1.42,1732400,296912783.0,41.97,,0.0,0
2026-03-17,00936,佳兆業資本,0.3,38.89,1772640,318000000.0,17.33,,0.0,0
2026-03-17,02671,美聯股份,3.616,-3.98,9080110,435908818.0,26.93,,0.0,0
2026-03-17,00994,中天宏信,0.4,3.9,4760700,516402400.0,14.6,,0.0,0
2026-03-17,00097,恆基發展,0.193,1.58,843130,588134187.0,11.99,,0.0,0
2026-03-17,02881,武漢有機,6.402,14.08,2740880,597306600.0,24.94,,0.0,0
2026-03-17,01292,長安民生物流,3.045,-12.63,1012720,615284880.0,17.92,,0.0,0
2026-03-17,00690,聯康生物科技集團,0.115,9.52,3357060,686691237.0,11.6,,0.0,0
2026-03-17,00353,能源國際投資,0.325,0.0,2034560,687557939.0,11.06,,0.0,0
2026-03-17,00210,達芙妮國際,0.385,10.0,2591240,761760395.0,16.36,,0.0,0
2026-03-17,00829,神冠控股,0.241,-3.6,707170,778545680.0,10.08,,0.0,0
2026-03-18,02433,中天湖南集團,0.089,20.27,4332000,51264000.0,20.28,,0.0,0
2026-03-18,00248,香港通訊國際控股,0.27,-6.9,913060,63044895.0,10.75,,0.0,0
2026-03-18,01259,未來發展控股,0.034,0.0,527820,74914274.0,11.13,,0.0,0
2026-03-18,00653,卓悅控股,0.083,-4.6,8208080,155614879.0,18.72,,0.0,0
2026-03-18,01156,CHINANEWENERGY,0.22,5.26,807200,155696349.0,10.97,,0.0,0
2026-03-18,01750,全達電器集團控股,0.12,26.32,4283500,216000000.0,64.39,,0.0,0
2026-03-18,01633,上諭集團,0.39,84.83,7676700,267052500.0,10.18,,0.0,0
2026-03-18,02439,中寶新材,0.236,2.16,1433800,283200000.0,17.19,,0.0,0
2026-03-18,00713,世界(集團),0.39,-2.5,1538320,308925794.0,21.12,,0.0,0
2026-03-18,00244,先施,0.325,-5.8,3061790,427037832.0,110.73,,0.0,0
2026-03-18,00620,大唐西市,0.56,17.89,1877420,448574129.0,12.89,,0.0,0
2026-03-18,00595,先思行,0.59,45.68,34053280,505925768.0,107.66,,0.0,0
2026-03-18,00458,聯亞集團,1.92,26.32,1089790,526032486.0,2136.84,,0.0,0
2026-03-18,08059,朝威控股,0.86,38.71,526160,869120300.0,91.51,,0.0,0
2026-03-19,00888,鏈信控股,0.063,-30.0,659740,89575819.0,28.71,,0.0,0
2026-03-19,01690,立基工程控股,0.065,12.07,544010,93939950.0,56.93,,0.0,0
2026-03-19,08081,白居易控股,0.023,21.05,638470,118588807.0,14.56,,0.0,0
2026-03-19,01705,賓仕國際,0.64,28.0,2447740,256000000.0,15.54,,0.0,0
2026-03-19,01147,伊登軟件,0.142,18.33,11675170,290382524.0,38.95,,0.0,0
2026-03-19,02102,德利機械,0.32,4.92,2065250,320000000.0,34.12,,0.0,0
2026-03-19,01490,AI X TECH,0.265,26.79,5127100,327169000.0,110.33,,0.0,0
2026-03-19,00022,茂盛控股,17.25,64.29,32058370,678403808.0,80.03,,0.0,0
2026-03-20,08176,超人智能,0.056,-30.86,825780,40068041.0,47.47,,0.0,0
2026-03-20,08619,NIU HOLDINGS,0.158,14.49,2183200,68514330.0,22.91,,0.0,0
2026-03-20,01690,立基工程控股,0.073,12.31,1726440,105501790.0,26.99,,0.0,0
2026-03-20,01376,RAFFLESINTERIOR,0.112,-11.81,616488,112000000.0,13.33,,0.0,0
2026-03-20,08507,愛世紀集團,0.155,6.9,1949650,124000000.0,10.64,,0.0,0
2026-03-20,08125,榮記萬通,0.69,-6.76,7277360,149545544.0,54.69,,0.0,0
2026-03-20,01949,佰達國際控股,0.76,1.33,1293200,175104000.0,35.15,,0.0,0
2026-03-20,01132,橙天嘉禾,0.065,-17.72,1175220,181978488.0,15.77,,0.0,0
2026-03-20,01176,珠光控股,0.026,-33.33,1318850,230116452.0,16.58,,0.0,0
2026-03-20,01546,德萊建業,0.295,41.15,13967800,236000000.0,16.67,,0.0,0
2026-03-20,00831,利亞零售,0.325,4.84,4018220,254194517.0,27.05,,0.0,0
2026-03-20,00296,英皇娛樂酒店,0.228,-8.06,719140,270975944.0,11.39,,0.0,0
2026-03-20,00620,大唐西市,0.355,-42.74,17297580,284363957.0,38.05,,0.0,0
2026-03-20,01746,萬順集團控股,0.44,-6.38,15120760,440000000.0,12.85,,0.0,0
2026-03-20,02651,大眾口腔,8.874,10.73,22971630,448838419.0,478.95,,0.0,0
2026-03-20,01466,佰金生命科學,0.64,6.67,1499600,596642614.0,11.24,,0.0,0
2026-03-23,00428,中國天弓控股,0.202,-17.89,1182230,31160164.0,44.88,,0.0,0
2026-03-23,08422,WT集團,0.112,7.69,1452170,40320000.0,811.72,,0.0,0
2026-03-23,00932,順騰國際控股,0.026,-18.75,1471210,80805229.0,17.09,,0.0,0
2026-03-23,08217,菊福堂生物,0.33,-12.0,786320,99613800.0,11.82,,0.0,0
2026-03-23,00269,中國資源交通,0.01,0.0,893210,106440932.0,147.15,,0.0,0
2026-03-23,03789,禦佳控股,0.11,3.77,759600,132000000.0,31.44,,0.0,0
2026-03-23,06918,九泰數智,0.162,8.72,5308380,141650662.0,20.02,,0.0,0
2026-03-23,01433,常達控股,0.075,-17.58,1111000,149360250.0,22.5,,0.0,0
2026-03-23,00573,稻香控股,0.25,-10.71,547730,253587000.0,16.95,,0.0,0
2026-03-23,00423,經濟日報集團,0.74,-5.13,557480,319384000.0,17.62,,0.0,0
2026-03-23,00169,萬達酒店發展,0.1,12.36,4211900,469734649.0,43.12,,0.0,0
2026-03-23,00640,星謙發展,2.351,-2.89,9289680,729387260.0,56.73,,0.0,0
2026-03-23,01569,民生教育,0.174,-3.33,2040730,733883280.0,47.71,,0.0,0
2026-03-23,01731,其利工業集團,0.715,7.52,3035440,800800000.0,18.32,,0.0,0
2026-03-23,01346,利華控股集團,1.43,0.7,690560,913913000.0,11.03,,0.0,0
2026-03-24,01166,星凱控股,0.57,3.64,1425000,81205972.0,168.46,,0.0,0
2026-03-24,09958,力天影業,0.188,1.62,17022700,94000000.0,10.26,,0.0,0
2026-03-24,08360,簡樸新生活,0.35,37.25,1681680,126720900.0,28.99,,0.0,0
2026-03-24,06610,飛天雲動,1.17,-7.14,1544490,152133649.0,13.67,,0.0,0
2026-03-24,00118,大同機械,0.2,-9.09,725130,172386138.0,38.79,,0.0,0
2026-03-24,00897,位元堂,0.36,1.41,1421850,401177840.0,19.21,,0.0,0
2026-03-24,02529,泓盈城市服務,2.756,4.16,608300,440960000.0,54.28,,0.0,0
2026-03-24,01692,登輝控股,1.455,-4.59,832680,522345000.0,30.21,,0.0,0
2026-03-24,00567,金安智能,0.36,46.94,8678450,580783525.0,10.26,,0.0,0
2026-03-24,01463,C-LINK SQ,0.295,15.69,512100,847904192.0,13.79,,0.0,0
2026-03-24,02008,鳳凰衛視,1.96,2.62,43761760,978757262.0,106.76,,0.0,0
2026-03-25,00747,沈陽公用發展股份,0.088,-17.76,1198690,129305088.0,20.33,,0.0,0
2026-03-25,00164,中國寶力科技,0.415,2.47,10115580,144944030.0,69.89,,0.0,0
2026-03-25,00784,愛生命國際,0.34,23.64,6795900,272000000.0,15.47,,0.0,0
2026-03-25,03662,星悅康旅,0.385,0.0,1676730,279606250.0,10.92,,0.0,0
2026-03-25,02545,中贛通信,0.455,-1.09,591900,291200000.0,22.95,,0.0,0
2026-03-25,02529,泓盈城市服務,2.756,0.0,848400,440960000.0,11.83,,0.0,0
2026-03-25,00367,莊士機構國際,0.31,1.64,659720,518491462.0,26.49,,0.0,0
2026-03-25,01727,河北建設,0.34,-10.53,525390,598870390.0,19.49,,0.0,0
2026-03-25,01553,邁科管業,1.45,-3.33,573380,629010000.0,35.09,,0.0,0
2026-03-25,00536,貿易通,1.005,-0.99,9136880,800039013.0,13.95,,0.0,0
2026-03-25,00156,力寶華潤,1.0,2.04,1310650,918691271.0,13.68,,0.0,0
2026-03-26,00559,德泰新能源集團,0.121,18.63,1167066,63305311.0,17.99,,0.0,0
2026-03-26,01400,滿地科技股份,0.017,0.0,5516790,64630045.0,15.67,,0.0,0
2026-03-26,01850,美好生活集團控股,1.1,10.0,95556140,190080000.0,11.91,,0.0,0
2026-03-26,02605,MetaLight,1.79,15.48,1849200,277291517.0,10.76,,0.0,0
2026-03-26,00731,建發新勝,0.211,7.65,1118470,298480776.0,13.59,,0.0,0
2026-03-26,01285,嘉士利集團,1.04,28.4,2818830,431600000.0,73.17,,0.0,0
2026-03-26,01226,中國投融資,1.1,32.53,829240,453856260.0,56.57,,0.0,0
2026-03-26,02651,大眾口腔,10.964,-1.26,63519340,554548616.0,12.77,,0.0,0
2026-03-26,00606,中駿商管,0.31,5.08,2013450,599850000.0,102.94,,0.0,0
2026-03-26,00771,自動系統,0.73,7.35,1465930,612783529.0,11.55,,0.0,0
2026-03-26,01953,賽孚迅國際,0.52,22.35,7580550,655200000.0,12.66,,0.0,0
2026-03-26,00528,金達控股,1.22,0.83,633880,768207160.0,18.57,,0.0,0
2026-03-26,02483,K CASH集團,1.672,0.0,915800,836000000.0,127.94,,0.0,0
2026-03-27,08516,中盈國際,1.18,12.38,796950,67907112.0,11.26,,0.0,0
2026-03-27,06968,港龍中國地產,0.062,-10.14,676740,100551538.0,15.47,,0.0,0
2026-03-27,00524,長城天下,0.44,-2.22,689110,103962100.0,22.16,,0.0,0
2026-03-27,08268,智城發展控股,0.38,28.81,5619320,109440000.0,11.75,,0.0,0
2026-03-27,00396,興利(香港)控股,0.29,7.41,16479220,234347847.0,172.03,,0.0,0
2026-03-27,03366,華僑城(亞洲),0.315,48.58,1416610,235735290.0,66.33,,0.0,0
2026-03-27,02605,MetaLight,1.98,10.61,3560400,306724695.0,10.11,,0.0,0
2026-03-27,02108,K2 F&B,0.426,11.81,1440700,340800000.0,17.58,,0.0,0
2026-03-27,06038,信越控股,0.37,-5.13,1440450,371110000.0,10.34,,0.0,0
2026-03-27,06118,奧星生命科技,0.81,12.5,1652510,415191420.0,27.77,,0.0,0
2026-03-27,00229,利民實業,0.85,-4.49,903100,426126131.0,19.08,,0.0,0
2026-03-27,01556,建業建榮,0.3,-15.49,3708300,450000000.0,25.43,,0.0,0
2026-03-27,01657,樺欣控股,16.1,3.87,922400,515200000.0,16.9,,0.0,0
2026-03-27,00368,德合集團,0.78,64.21,1949800,624000000.0,290.49,,0.0,0
2026-03-27,01346,利華控股集團,1.44,2.13,1494080,920304000.0,11.53,,0.0,0
2026-03-30,08131,諾亞智能,0.041,-38.81,2492370,29487657.0,19.94,,0.0,0
2026-03-30,00145,信能低碳,0.209,4.5,11496020,76536180.0,101.86,,0.0,0
2026-03-30,08081,白居易控股,0.021,-4.55,1217070,108276737.0,10.3,,0.0,0
2026-03-30,00524,長城天下,0.59,34.09,22948880,139403725.0,229.93,,0.0,0
2026-03-30,02505,EDA集團控股,0.33,-37.74,8403720,152894198.0,20.83,,0.0,0
2026-03-30,01102,環能國際,0.058,11.54,2722610,162364373.0,51.11,,0.0,0
2026-03-30,01715,智慧健康科技,0.57,9.62,2483700,205633131.0,12.39,,0.0,0
2026-03-30,01962,訓修實業,0.433,0.0,540560,266786888.0,43.48,,0.0,0
2026-03-30,01073,大禹金融,0.096,-20.66,580580,328127095.0,12.19,,0.0,0
2026-03-30,08269,倍升教育科技,0.375,-2.6,2736000,334021050.0,11.55,,0.0,0
2026-03-30,00583,長城環亞控股,0.228,-2.56,518160,357445996.0,15.4,,0.0,0
2026-03-30,03913,合景悠活,0.185,-3.65,2048860,374783899.0,12.05,,0.0,0
2026-03-30,08368,中國創意控股,0.68,102.99,1483890,470708049.0,53.07,,0.0,0
2026-03-30,01780,榮尊國際控股,0.76,16.92,67015800,471200000.0,19.79,,0.0,0
2026-03-30,02281,興瀘水務,0.624,-14.99,1087770,536459040.0,45.42,,0.0,0
2026-03-30,00351,亞洲能源物流,0.28,12.0,5028950,558593068.0,535.91,,0.0,0
2026-03-30,06989,卓越商企服務,0.62,-8.82,4859630,756615760.0,14.2,,0.0,0
2026-03-30,01525,建橋教育,2.05,-12.02,1687050,850750000.0,10.4,,0.0,0
2026-03-30,01321,中國新城市,0.52,8.33,3460800,958892021.0,74.11,,0.0,0
2026-03-31,08007,環球戰略集團,0.255,2.0,3335600,57710944.0,161.26,,0.0,0
2026-03-31,01961,多牛科技,0.099,-60.4,14670248,72695816.0,13.62,,0.0,0
2026-03-31,08072,蘭谷股份,0.475,-1.04,2260100,79965839.0,38.43,,0.0,0
2026-03-31,02135,瑞麗醫美,0.148,8.82,1133060,82447445.0,106.63,,0.0,0
2026-03-31,06918,九泰數智,0.159,6.0,7105500,139027501.0,10.35,,0.0,0
2026-03-31,01894,恆益控股,0.6,-7.69,38197490,140014200.0,113.86,,0.0,0
2026-03-31,01460,揚科集團,0.209,-5.0,3190120,183416375.0,61.68,,0.0,0
2026-03-31,00954,常茂生物,0.35,1.45,689620,185395000.0,37.33,,0.0,0
2026-03-31,01792,CMON,0.965,11.56,8098970,239011200.0,81.15,,0.0,0
2026-03-31,09982,中原建業,0.064,-20.0,9133190,296871490.0,20.08,,0.0,0
2026-03-31,00987,中國再生能源投資,0.145,29.46,7681080,363392832.0,106.04,,0.0,0
2026-03-31,02189,嘉濤(香港)控股,0.46,2.22,956920,460000000.0,13.05,,0.0,0
2026-03-31,00829,神冠控股,0.198,-17.5,1605310,639635040.0,13.88,,0.0,0
2026-03-31,08368,中國創意控股,0.95,39.71,2174200,657606833.0,12.33,,0.0,0
2026-04-01,08471,新達控股,0.9,-22.41,723800,66204000.0,70.86,,0.0,0
2026-04-01,01894,恆益控股,0.68,13.33,49207030,158682760.0,12.17,,0.0,0
2026-04-01,06909,百得利控股,0.322,-9.8,580980,200445000.0,73.63,,0.0,0
2026-04-01,00608,達利國際,1.095,-4.37,691460,334648885.0,27.93,,0.0,0
2026-04-01,08368,中國創意控股,0.5,-47.37,81893950,346108860.0,209.58,,0.0,0
2026-04-01,00627,共生智築,0.445,3.49,1584400,632199602.0,1804.56,,0.0,0
2026-04-01,01036,萬科海外,1.68,14.29,1305930,654406926.0,31.71,,0.0,0
2026-04-01,02779,中國新華教育,0.5,-13.79,3267710,804291500.0,12.29,,0.0,0
2026-04-02,08069,飛道旅遊科技,0.44,-18.52,965750,17967708.0,13.61,,0.0,0
2026-04-02,01340,惠生國際,0.384,-4.0,572490,53155469.0,17.41,,0.0,0
2026-04-02,00401,萬嘉集團,0.113,0.89,610200,127533574.0,23.23,,0.0,0
2026-04-02,08031,易通訊集團,0.445,8.54,4594730,157861525.0,120.34,,0.0,0
2026-04-02,01529,樂氏國際控股,0.455,0.0,1189040,303521400.0,20.49,,0.0,0
2026-04-02,06933,新娛科控股,0.74,13.85,2181400,316722084.0,24.29,,0.0,0
2026-04-02,01901,飛揚集團,0.345,-2.82,3276070,344448000.0,14.82,,0.0,0
2026-04-02,00022,茂盛控股,12.25,-10.91,233826870,481765023.0,38.83,,0.0,0
2026-04-02,01371,中國生態旅遊,1.81,0.56,652260,619217066.0,130.87,,0.0,0
2026-04-02,02298,都市麗人,0.324,1.57,7775570,728824137.0,15.01,,0.0,0
2026-04-08,08237,華星控股,0.22,11.11,856220,44225280.0,7195.13,,0.0,0
2026-04-08,01421,恆昌集團國際,0.37,-1.33,7152800,74072224.0,112.3,,0.0,0
2026-04-08,01013,偉俊集團控股,0.315,-7.35,993000,84227702.0,538.8,,0.0,0
2026-04-08,08007,環球戰略集團,0.485,83.02,8783240,109763953.0,18.87,,0.0,0
2026-04-08,08620,亞洲速運,0.182,1.11,1104800,114424310.0,12.29,,0.0,0
2026-04-08,01703,誼和股份,0.9,-2.17,2742650,124200000.0,22.22,,0.0,0
2026-04-08,08082,擎華控股,0.05,25.0,3123410,133640784.0,30.0,,0.0,0
2026-04-08,01025,嘉藝控股,0.345,39.68,11294890,154341767.0,31.25,,0.0,0
2026-04-08,08168,寶積資本,0.13,-5.11,4919360,192998000.0,14.13,,0.0,0
2026-04-08,06909,百得利控股,0.317,0.0,1523870,197332500.0,23.16,,0.0,0
2026-04-08,01661,中國前沿科技集團,1.27,7.63,1492380,241673634.0,11.55,,0.0,0
2026-04-08,02227,守益控股,0.31,6.9,2199800,283836000.0,31.02,,0.0,0
2026-04-08,01419,盈健醫療,0.82,0.0,560940,311232831.0,15.8,,0.0,0
2026-04-08,01795,亞東集團,0.63,14.55,2474670,378000000.0,24.04,,0.0,0
2026-04-08,00082,瘋狂體育,0.085,6.25,1438620,384721513.0,18.2,,0.0,0
2026-04-08,08512,凱富善集團控股,0.42,29.23,6680100,385770000.0,46.09,,0.0,0
2026-04-08,02260,環龍控股,1.31,10.08,17415480,633309020.0,3570.21,,0.0,0
2026-04-08,00301,三和精化,1.5,0.0,5096320,705689610.0,27.76,,0.0,0
2026-04-08,08321,泰錦控股,1.66,10.67,843160,890424000.0,30.2,,0.0,0
2026-04-08,00918,龍翼航空科技,0.8,8.11,3192300,891255327.0,21.35,,0.0,0
2026-04-09,00261,GBA集團,0.31,21.57,901490,102722120.0,10.99,,0.0,0
2026-04-09,03313,雅高控股,1.18,0.85,1242110,167808345.0,60.4,,0.0,0
2026-04-09,09968,匯景控股,0.035,20.69,1487940,183890000.0,26.18,,0.0,0
2026-04-09,03830,童園國際,0.197,3.14,1381150,197000000.0,14.2,,0.0,0
2026-04-09,00442,域能控股,0.8,6.67,597050,207320000.0,52.6,,0.0,0
2026-04-09,00417,謝瑞麟,0.94,30.56,3755110,234231108.0,33.01,,0.0,0
2026-04-09,00471,中播數據,0.61,-6.15,24804280,292654903.0,42.18,,0.0,0
2026-04-09,01796,中國數智科技,0.66,-51.47,70900590,316800000.0,14.17,,0.0,0
2026-04-09,00184,激成投資,2.11,-5.38,2862320,717822000.0,17.2,,0.0,0
2026-04-09,00905,胡桃資本,0.69,-17.86,80653440,724845612.0,78.3,,0.0,0
2026-04-09,00918,龍翼航空科技,0.76,-5.0,38734200,846692561.0,84.85,,0.0,0
2026-04-09,00526,利時集團控股,0.1,-13.04,4055060,884402039.0,22.27,,0.0,0
2026-04-10,08221,高裕金融,1.19,-3.25,1483290,56644000.0,12.94,,0.0,0
2026-04-10,08619,NIU HOLDINGS,0.168,-1.18,1691450,72850680.0,10.12,,0.0,0
2026-04-10,08439,新百利融資,0.65,62.5,1063930,98469731.0,47.16,,0.0,0
2026-04-10,00110,中國長遠,0.385,40.0,1344960,107244017.0,15.07,,0.0,0
2026-04-10,01468,嘉高達資本,0.365,5.8,3029210,152143297.0,18.91,,0.0,0
2026-04-10,00401,萬嘉集團,0.172,37.6,1858460,194121901.0,13.86,,0.0,0
2026-04-10,01942,馬可數字科技,0.168,21.74,17468100,345809453.0,15.36,,0.0,0
2026-04-10,00677,金源發展國際實業,0.355,0.0,1932000,602579293.0,42.3,,0.0,0
2026-04-10,01661,中國前沿科技集團,3.24,89.47,21013490,616553208.0,43.31,,0.0,0
2026-04-13,08178,中國信息科技,0.253,18.78,1795460,43543111.0,24.33,,0.0,0
2026-04-13,02433,中天湖南集團,0.088,23.94,1739100,50688000.0,14.39,,0.0,0
2026-04-13,00193,冠中地產,0.25,15.74,1341170,58300640.0,42.03,,0.0,0
2026-04-13,00110,中國長遠,0.395,2.6,4088700,110029576.0,18.27,,0.0,0
2026-04-13,06928,萬馬控股,0.228,26.67,1089480,174420000.0,61.38,,0.0,0
2026-04-13,03708,中國供應鏈產業,0.27,8.0,3715780,196365600.0,18.53,,0.0,0
2026-04-13,00510,時富金融服務集團,0.51,-17.74,949310,219899137.0,22.12,,0.0,0
2026-04-13,06988,樂享集團,0.159,98.75,24339100,377136425.0,312.36,,0.0,0
2026-04-14,08532,寶發控股,0.062,3.33,896320,5262213.0,14.65,,0.0,0
2026-04-14,08472,立高控股,0.38,5.56,736290,43776000.0,15.1,,0.0,0
2026-04-14,00986,杜甫酒業集團,0.49,-20.97,541050,63440570.0,11.18,,0.0,0
2026-04-14,08237,華星控股,0.43,53.57,2575420,86440320.0,15.21,,0.0,0
2026-04-14,01581,進升集團控股,0.355,42.0,1886400,147325000.0,42.23,,0.0,0
2026-04-14,00164,中國寶力科技,0.43,10.26,1376130,150182971.0,15.37,,0.0,0
2026-04-14,08439,新百利融資,1.06,63.08,5193680,160581408.0,36.25,,0.0,0
2026-04-14,00482,聖馬丁國際,0.78,-4.88,753200,191405092.0,78.61,,0.0,0
2026-04-14,02376,魯商服務,1.816,-18.42,721680,242145440.0,15.26,,0.0,0
2026-04-14,00438,彩虹新能源,1.7,-7.61,1181900,299747519.0,11.48,,0.0,0
2026-04-14,01013,偉俊集團控股,1.41,340.62,7037760,377019239.0,62.25,,0.0,0
2026-04-14,01251,華油能源,0.255,-5.56,3577020,498306720.0,15.27,,0.0,0
2026-04-14,01255,TATA健康,2.38,53.55,1840920,577971100.0,50.93,,0.0,0
2026-04-14,00679,亞洲聯網科技,1.7,32.81,7295660,643846780.0,27.1,,0.0,0
2026-04-14,00450,鴻興印刷集團,0.77,-3.75,3461860,699056030.0,35.39,,0.0,0
2026-04-14,00660,瑋俊生物科技,2.3,801.96,51359070,883912505.0,84813.14,,0.0,0
2026-04-15,08612,維亮控股,0.118,-1.67,1816020,48936960.0,17.02,,0.0,0
2026-04-15,00060,香港食品投資,0.495,-14.66,563850,126548730.0,72.45,,0.0,0
2026-04-15,02193,萬景控股,0.34,17.24,743520,142661960.0,25.25,,0.0,0
2026-04-15,01389,美捷匯控股,0.37,8.82,1518060,205103333.0,49.39,,0.0,0
2026-04-15,01615,奧邦建築,0.365,28.07,680100,219000000.0,31.37,,0.0,0
2026-04-15,02376,魯商服務,1.646,-9.36,2867610,219477640.0,26.5,,0.0,0
2026-04-15,02125,稻草熊娛樂,0.35,-9.09,714700,247114490.0,29.15,,0.0,0
2026-04-15,06610,飛天雲動,1.93,109.78,24476370,250955507.0,52.51,,0.0,0
2026-04-15,06913,華南職業教育,0.208,5.05,2077900,277472000.0,31.98,,0.0,0
2026-04-15,01348,滉達富控股,0.248,28.5,5209260,365609536.0,14.15,,0.0,0
2026-04-15,02297,潤邁德-B,0.27,1.89,1433000,378366876.0,12.86,,0.0,0
2026-04-15,00078,富豪酒店,0.53,-1.85,1048620,476354636.0,17.15,,0.0,0
2026-04-15,00367,莊士機構國際,0.295,-3.28,3268740,493403166.0,203.88,,0.0,0
2026-04-15,00784,愛生命國際,0.91,152.78,246487900,728000000.0,136.4,,0.0,0
2026-04-15,01657,樺欣控股,23.1,3.13,2632800,739200000.0,10.19,,0.0,0
2026-04-15,00191,麗新國際,0.84,20.0,566140,742034077.0,10.48,,0.0,0
2026-04-15,00679,亞洲聯網科技,2.18,28.24,16366040,825638812.0,16.64,,0.0,0
2026-04-15,02625,江蘇宏信,4.19,0.0,11627400,987329777.0,38.49,,0.0,0
2026-04-16,02110,天成控股,0.124,18.1,17994110,5356800.0,363.55,,0.0,0
2026-04-16,03603,信基沙溪,0.08,31.15,707530,119435520.0,51.35,,0.0,0
2026-04-16,08372,君百延集團,0.161,28.8,744410,128800000.0,162.68,,0.0,0
2026-04-16,08021,匯隆控股,0.219,-45.25,4266460,157319756.0,1146.9,,0.0,0
2026-04-16,00164,中國寶力科技,0.58,34.88,3490940,202572379.0,14.56,,0.0,0
2026-04-16,00862,遠見控股,0.53,35.9,929310,207982094.0,16.61,,0.0,0
2026-04-16,01153,佳源服務,0.33,24.53,839130,221828970.0,13.3,,0.0,0
2026-04-16,03390,滿貫集團,0.25,-12.28,3684040,223500000.0,41.73,,0.0,0
2026-04-16,02125,稻草熊娛樂,0.365,4.29,1002000,257705111.0,10.48,,0.0,0
2026-04-16,00150,HYPEBEAST,0.179,6.55,1350480,360386147.0,20.28,,0.0,0
2026-04-16,02263,富石金融,0.4,29.03,9123200,400000000.0,133.56,,0.0,0
2026-04-16,00789,雅天妮集團,2.025,24.62,1160000,536207091.0,11.46,,0.0,0
2026-04-17,08471,新達控股,0.76,-11.63,914930,55905600.0,10.29,,0.0,0
2026-04-17,08217,菊福堂生物,0.247,-14.83,1544160,74559420.0,15.83,,0.0,0
2026-04-17,00261,GBA集團,0.29,5.45,8086380,96094887.0,20.88,,0.0,0
2026-04-17,01927,久久王,0.178,21.09,1232800,140976000.0,21.79,,0.0,0
2026-04-17,01679,瑞斯康集團,0.74,19.35,3572650,159702242.0,16.43,,0.0,0
2026-04-17,00532,王氏港建,0.25,-1.96,875440,182474491.0,28.62,,0.0,0
2026-04-17,00356,鼎立資本,0.945,3.28,1416120,190321739.0,34.72,,0.0,0
2026-04-17,00476,科軒動力控股,0.55,10.0,2067370,195607010.0,14.38,,0.0,0
2026-04-17,01650,HYGIEIA GROUP,0.143,17.21,2175080,286000000.0,24.53,,0.0,0
2026-04-17,02457,步陽國際,0.325,3.17,756550,325000000.0,46.55,,0.0,0
2026-04-17,02312,LONG投資集團,0.77,20.31,8416210,351796373.0,23.36,,0.0,0
2026-04-17,00519,諾科達科技,0.15,-6.25,888290,458265861.0,21.39,,0.0,0
2026-04-17,00672,眾安集團,0.095,-5.94,3081510,535401931.0,14.59,,0.0,0
2026-04-17,01201,天臣控股,1.9,-15.18,3780440,835401933.0,10.3,,0.0,0
2026-04-20,01010,天璽曜11,0.075,0.0,583800,33322063.0,15.52,,0.0,0
2026-04-20,08191,鴻偉亞洲,0.138,2.22,1355030,48857579.0,648.96,,0.0,0
2026-04-20,08487,ISP GLOBAL,0.047,9.3,1034700,49191516.0,15.4,,0.0,0
2026-04-20,08120,國農金融投資,0.68,0.0,616600,110586197.0,21.24,,0.0,0
2026-04-20,00048,中國汽車內飾,0.33,39.24,978900,144469961.0,25.06,,0.0,0
2026-04-20,03997,電訊首科,1.25,23.76,1584300,160427500.0,25.6,,0.0,0
2026-04-20,02370,力高健康生活,0.86,0.0,566700,172000000.0,14.67,,0.0,0
2026-04-20,01682,杭品生活科技,0.117,5.41,2574040,183906918.0,14.26,,0.0,0
2026-04-20,01679,瑞斯康集團,0.97,31.08,6490620,209339425.0,11.3,,0.0,0
2026-04-20,01582,華營建築,0.47,20.51,1466340,235000000.0,25.38,,0.0,0
2026-04-20,03302,精技集團,0.4,9.59,2417430,368157358.0,10.83,,0.0,0
2026-04-20,00244,先施,0.32,1.59,1690720,420468019.0,107.14,,0.0,0
2026-04-20,00280,景福集團,0.51,0.0,1394200,463747317.0,15.27,,0.0,0
2026-04-20,06162,天瑞汽車內飾,0.194,16.17,7659670,465600000.0,14.57,,0.0,0
2026-04-20,01522,京投交通科技,0.285,-1.72,2805580,597686817.0,10.78,,0.0,0
2026-04-20,02250,小黃鴨德盈,0.62,1.64,2156170,625180100.0,18.85,,0.0,0
2026-04-20,01202,四威科技,1.669,34.71,17294320,667600000.0,38.17,,0.0,0
2026-04-20,01082,源宇宙教育,1.43,2.88,1083040,869507038.0,14.42,,0.0,0
2026-04-21,00426,萬華媒體,0.123,17.14,541460,49310700.0,15.25,,0.0,0
2026-04-21,08489,裕程物流,0.31,8.77,826300,95348250.0,11.8,,0.0,0
2026-04-21,01413,鑄帝控股,0.295,-13.24,3942580,96760000.0,15.32,,0.0,0
2026-04-21,08483,名仕快相,0.145,30.63,699690,116000000.0,45.27,,0.0,0
2026-04-21,01239,TEAMWAY INTL GP,0.365,23.73,874350,158416543.0,180.95,,0.0,0
2026-04-21,00387,力豐(集團),0.79,9.72,570840,181760089.0,93.09,,0.0,0
2026-04-21,03997,電訊首科,1.72,37.6,9734890,220748240.0,47.65,,0.0,0
2026-04-21,01793,偉工控股,0.28,3.7,3662100,224000000.0,21.87,,0.0,0
2026-04-21,01792,CMON,0.905,-0.33,1083940,224150400.0,13.65,,0.0,0
2026-04-21,08507,愛世紀集團,0.283,23.04,5112500,226400000.0,11.39,,0.0,0
2026-04-21,00723,信保環球控股,0.226,-3.0,2309700,247208183.0,13.87,,0.0,0
2026-04-21,01895,鑫苑服務,0.43,-6.52,2356030,255006125.0,16.73,,0.0,0
2026-04-21,00641,中國恆天立信國際,0.355,1.43,627950,390576882.0,21.41,,0.0,0
2026-04-22,08071,中彩網通控股,0.6,-29.41,520210,56232580.0,11.38,,0.0,0
2026-04-22,00810,中國鑄晨81,0.13,-4.41,3681530,92657650.0,20.97,,0.0,0
2026-04-22,08193,亞太金融投資,0.35,22.81,1094100,97934320.0,10.8,,0.0,0
2026-04-22,00381,權識國際,0.147,-60.27,115922100,195572405.0,10.13,,0.0,0
2026-04-22,08023,鄺文記,0.335,9.84,1294860,200143740.0,261.91,,0.0,0
2026-04-22,00092,冠軍科技集團,0.185,-0.54,600550,203058747.0,15.65,,0.0,0
2026-04-22,08227,海天天線,0.143,12.6,584300,271360947.0,48.81,,0.0,0
2026-04-22,01932,中漆集團,0.34,36.55,13121740,340000000.0,20291.35,,0.0,0
2026-04-22,00701,北海集團,0.195,9.55,4188830,371218710.0,225.29,,0.0,0
2026-04-22,08395,中顯智能齊家控股,0.25,-20.63,31194740,428500000.0,13.06,,0.0,0
2026-04-22,02230,羚邦集團,0.246,2.93,2064270,490032000.0,13.83,,0.0,0
2026-04-22,01473,環聯連訊,0.51,10.87,925500,603045057.0,19.42,,0.0,0
2026-04-22,01693,璋利國際,8.68,5.85,10051960,696815123.0,11.93,,0.0,0
2026-04-23,00204,資本界金控,0.221,-3.07,1903420,55041183.0,12.39,,0.0,0
2026-04-23,08193,亞太金融投資,0.415,18.57,4637960,116122123.0,25.09,,0.0,0
2026-04-23,02699,新明中國,4.914,-3.65,1140940,129241679.0,12.09,,0.0,0
2026-04-23,00947,摩比發展,0.23,26.37,1951770,183274372.0,15.39,,0.0,0
2026-04-23,00379,恆嘉融資租賃,0.113,56.94,5654320,190665212.0,2430.92,,0.0,0
2026-04-23,03398,華鼎控股,0.127,135.19,1410210,266676886.0,43.15,,0.0,0
2026-04-23,02515,天津建發,1.07,0.94,21079600,332494741.0,32.21,,0.0,0
2026-04-23,02540,樂思集團,1.01,1.0,794800,606000000.0,10.34,,0.0,0
2026-04-23,02392,玄武雲,1.47,0.68,6557600,815642730.0,26.71,,0.0,0
2026-04-23,03816,KFM金德,1.47,-40.49,20754280,882000000.0,17.88,,0.0,0
2026-04-23,00595,先思行,1.06,6.0,112870580,908951380.0,15.96,,0.0,0
2026-04-24,03321,中科集團控股,0.38,-19.15,1428260,29514448.0,21.44,,0.0,0
2026-04-24,00911,前海健康,0.41,38.98,2074090,69472450.0,188.76,,0.0,0
2026-04-24,00889,連達科技控股,0.39,30.0,981090,124800000.0,77.7,,0.0,0
2026-04-24,00499,青島控股,0.206,66.13,2499970,205701992.0,59.54,,0.0,0
2026-04-24,01399,銳信控股,0.205,7.33,901780,223450255.0,22.74,,0.0,0
2026-04-24,02885,彼岸控股,0.866,-2.26,1947600,346400000.0,17.18,,0.0,0
2026-04-24,01685,博耳電力,0.57,-1.72,5756800,441048330.0,11.9,,0.0,0
2026-04-24,02322,新質數字,0.101,10.99,2171100,446480600.0,10.46,,0.0,0
2026-04-24,03315,金邦達寶嘉,0.76,-1.3,2763770,612409520.0,19.05,,0.0,0
2026-04-24,00528,金達控股,1.11,-7.5,738500,698942580.0,17.79,,0.0,0
2026-04-27,00130,慕詩國際,0.19,5.56,2114790,54706700.0,217.59,,0.0,0
2026-04-27,00498,藍河控股,0.075,-46.43,1161386,78070959.0,34.23,,0.0,0
2026-04-27,01145,勇利投資,0.135,-8.16,581540,148189982.0,15.5,,0.0,0
2026-04-27,02203,腦洞科技,0.209,19.43,1486600,167200000.0,14.02,,0.0,0
2026-04-27,00911,前海健康,0.99,141.46,11104960,167750550.0,50.85,,0.0,0
2026-04-27,00524,長城天下,0.83,50.91,3147620,196110325.0,30.34,,0.0,0
2026-04-27,00582,神話世界,0.08,-32.2,1422790,292118511.0,238.8,,0.0,0
2026-04-27,08029,中投金融科技集團,1.05,8.25,9247400,294085702.0,78.29,,0.0,0
2026-04-27,02159,麥迪衛康,1.47,-3.29,5115700,494625600.0,12.49,,0.0,0
2026-04-27,00655,香港華人有限公司,0.315,27.53,4555530,629458231.0,70.94,,0.0,0
2026-04-28,08153,嘉鼎國際集團,0.82,1.23,602650,34108044.0,18.93,,0.0,0
2026-04-28,01771,新豐泰集團,0.174,-3.87,636880,104400000.0,133.91,,0.0,0
2026-04-28,01968,興紡控股,0.205,6.22,941160,131200000.0,33.13,,0.0,0
2026-04-28,01957,大人國際,0.209,-12.18,534000,131252000.0,11.72,,0.0,0
2026-04-28,01912,康特隆,0.49,16.67,1385330,225992818.0,136.26,,0.0,0
2026-04-28,00544,大同集團,1.9,7.95,1593340,235011864.0,18.16,,0.0,0
2026-04-28,00532,王氏港建,0.38,49.02,7830340,277361226.0,77.2,,0.0,0
2026-04-28,02863,高豐集團控股,0.49,4.26,2123760,337860390.0,86.95,,0.0,0
2026-04-28,01218,永義國際,2.91,-1.36,1126870,430612505.0,104.78,,0.0,0
2026-04-28,00776,帝國科技集團,0.65,-2.99,3432850,436694408.0,228.95,,0.0,0
2026-04-28,01429,天任集團,0.29,1.75,19786800,464000000.0,17.37,,0.0,0
2026-04-28,01673,華章科技,0.305,3.39,526860,486820890.0,20.54,,0.0,0
2026-04-28,01466,佰金生命科學,0.55,1.85,7094160,512739747.0,53.48,,0.0,0
2026-04-28,06036,光麗科技,0.8,37.93,6639100,860088000.0,29.09,,0.0,0
2026-04-28,00334,華顯光電,0.425,11.84,6504960,898580870.0,56.44,,0.0,0
2026-04-29,08176,超人智能,0.034,-19.05,1239230,24327025.0,15.38,,0.0,0
2026-04-29,08221,高裕金融,1.17,-2.5,1147850,55692000.0,10.89,,0.0,0
2026-04-29,01965,朗詩綠色生活,0.141,2.17,1215200,57917865.0,920.61,,0.0,0
2026-04-29,01421,恆昌集團國際,0.39,0.0,2069000,78076128.0,38.38,,0.0,0
2026-04-29,00276,蒙古能源,0.51,-8.93,1012980,95944183.0,12.07,,0.0,0
2026-04-29,01305,偉志控股,0.53,-7.02,792880,114811780.0,10.21,,0.0,0
2026-04-29,08121,國恩控股,0.81,9.46,782700,121532400.0,49.76,,0.0,0
2026-04-29,01472,生興控股,0.125,45.35,2197720,125000000.0,256.92,,0.0,0
2026-04-29,08368,中國創意控股,0.25,-1.96,1025460,173054430.0,21.0,,0.0,0
2026-04-29,00399,星太鏈集團,0.069,-39.47,11018235,226120447.0,15.97,,0.0,0
2026-04-29,02863,高豐集團控股,0.495,1.02,2385150,341307945.0,10.07,,0.0,0
2026-04-29,01399,銳信控股,0.395,86.32,2426060,430550492.0,18.67,,0.0,0
2026-04-29,00745,中國國家文化產業,1.94,97.96,10156680,454670925.0,78.5,,0.0,0
2026-04-29,01260,皓天財經集團,0.56,15.46,1273450,644814240.0,12.74,,0.0,0
2026-04-29,06978,永泰生物-B,1.05,-53.95,36728910,648375840.0,14.38,,0.0,0
2026-04-29,02881,武漢有機,8.082,8.02,2455120,754050600.0,15.87,,0.0,0
2026-04-29,02136,利福中國,0.64,0.0,1872110,937247040.0,11.89,,0.0,0
2026-04-30,08356,進業控股,0.435,8.75,7267540,32585060.0,1051.29,,0.0,0
2026-04-30,01166,星凱控股,0.38,-50.65,22648830,54137314.0,29.24,,0.0,0
2026-04-30,08072,蘭谷股份,0.465,-1.06,2071700,78282347.0,10.99,,0.0,0
2026-04-30,09916,興業物聯,0.33,4.76,505580,132000000.0,10.58,,0.0,0
2026-04-30,08436,德寶集團控股,0.345,18.97,2014600,138000000.0,65.97,,0.0,0
2026-04-30,08360,簡樸新生活,0.405,1.25,1511130,146634184.0,12.94,,0.0,0
2026-04-30,01912,康特隆,0.47,10.59,4509350,216768622.0,19.48,,0.0,0
2026-04-30,00343,文化傳信,0.129,2.38,1046730,223695777.0,18.67,,0.0,0
2026-04-30,08281,中國金典集團,0.26,85.71,3010080,260000000.0,118.55,,0.0,0
2026-04-30,00970,新耀萊,0.455,-3.19,576350,307289787.0,12.86,,0.0,0
2026-04-30,00423,經濟日報集團,0.78,1.3,600220,336648000.0,15.86,,0.0,0
2026-04-30,09982,中原建業,0.083,40.68,23094800,385005213.0,92.62,,0.0,0
2026-04-30,00648,京玖康療,6.2,3.33,56587530,664124985.0,88.88,,0.0,0
2026-04-30,02440,迷策略,1.69,11.92,2959050,704779167.0,10.32,,0.0,0
2026-04-30,00854,威雅利,7.68,13.95,3721640,790955896.0,12.81,,0.0,0
2026-04-30,00279,裕承科金,0.6,-1.64,37260680,837316380.0,70.42,,0.0,0
2026-04-30,06828,北京燃氣藍天,0.038,-2.56,8172530,863972359.0,15.48,,0.0,0
2026-04-30,01204,博維智慧,1.78,4.71,1656900,890000000.0,77.39,,0.0,0
2026-05-04,08056,生活概念,0.325,25.0,952330,36859727.0,12.14,,0.0,0
2026-05-04,00397,嬴集團,0.041,-2.38,805910,140336403.0,10.24,,0.0,0
2026-05-04,08368,中國創意控股,0.28,16.67,2489870,193820961.0,18.86,,0.0,0
2026-05-04,01912,康特隆,0.56,19.15,10215110,258277506.0,15.08,,0.0,0
2026-05-04,08269,倍升教育科技,0.32,-9.86,1674600,285031296.0,16.87,,0.0,0
2026-05-04,00318,黃河實業,1.0,58.73,20363290,288258877.0,2081.19,,0.0,0
2026-05-04,00117,天利控股集團,0.42,7.69,7342440,312795000.0,355.79,,0.0,0
2026-05-04,00465,富通科技,1.26,63.64,3193540,397008360.0,45.34,,0.0,0
2026-05-04,00550,律齊文化,1.18,31.11,23144140,537530120.0,15.62,,0.0,0
2026-05-04,09982,中原建業,0.141,69.88,60652460,654045001.0,24.32,,0.0,0
2026-05-05,08238,玖方數智,0.142,2.16,4145920,49467802.0,90.14,,0.0,0
2026-05-05,01967,信懇智能,0.41,7.89,1826900,123000000.0,35.38,,0.0,0
2026-05-05,08490,駿碼半導體,0.186,73.83,4277920,131223000.0,156.1,,0.0,0
2026-05-05,00814,北京京客隆,0.325,12.07,995340,133971500.0,53.11,,0.0,0
2026-05-05,02593,草姬集團,1.1,18.28,701220,146666960.0,14.1,,0.0,0
2026-05-05,01927,久久王,0.198,12.5,1023400,156816000.0,10.71,,0.0,0
2026-05-05,01871,向中國際,0.36,5.88,1150760,156944949.0,14.13,,0.0,0
2026-05-05,02203,腦洞科技,0.21,0.48,3397900,168000000.0,12.23,,0.0,0
2026-05-05,01843,快餐帝國,0.22,12.24,3620360,176000000.0,19.18,,0.0,0
2026-05-05,01655,OKURA HOLDINGS,0.255,5.37,1714000,183599893.0,21.7,,0.0,0
2026-05-05,08529,優博控股,0.361,46.75,2627220,185581075.0,10.43,,0.0,0
2026-05-05,06080,榮智控股,0.189,22.73,1335200,211746150.0,13.59,,0.0,0
2026-05-05,00243,品質國際,0.62,16.98,26935840,214824130.0,171.78,,0.0,0
2026-05-05,02528,尚晉國際控股,0.54,14.89,768740,216000000.0,20.46,,0.0,0
2026-05-05,00725,恆都集團,1.18,45.68,1824940,234770440.0,78.95,,0.0,0
2026-05-05,03601,魯大師,0.9,8.43,702140,242100000.0,18.02,,0.0,0
2026-05-05,01962,訓修實業,0.418,-3.46,617380,257544848.0,31.67,,0.0,0
2026-05-05,01284,新傳企劃,0.445,28.99,1794500,267000000.0,37.59,,0.0,0
2026-05-05,00118,大同機械,0.315,61.54,16472950,271508168.0,469.62,,0.0,0
2026-05-05,01633,上諭集團,0.435,24.29,5810800,297866250.0,14.31,,0.0,0
2026-05-05,02381,蜆殼電業,0.163,16.43,1392080,326000000.0,20.74,,0.0,0
2026-05-05,08439,新百利融資,2.19,160.71,40189930,331767248.0,162.26,,0.0,0
2026-05-05,01708,三寶科技,0.42,44.83,912900,332664570.0,171.82,,0.0,0
2026-05-05,00822,嘉瑞國際,0.395,11.27,1028880,353035753.0,10.71,,0.0,0
2026-05-05,02540,樂思集團,0.98,2.08,5002600,588000000.0,10.76,,0.0,0
2026-05-05,06898,中國鋁罐,0.648,3.18,947540,610027848.0,133.27,,0.0,0
2026-05-05,00117,天利控股集團,0.85,102.38,34317910,633037500.0,45.46,,0.0,0
2026-05-05,00465,富通科技,2.24,77.78,14030360,705792640.0,36.15,,0.0,0
2026-05-05,01401,未來機器有限公司,0.475,-28.03,26702130,712500000.0,17.2,,0.0,0
2026-05-05,01082,源宇宙教育,1.5,2.04,8819840,912070320.0,25.57,,0.0,0
2026-05-05,01846,德視佳,2.937,9.3,1465470,941913522.0,10.22,,0.0,0
2026-05-06,08136,英馬斯集團,0.038,-11.63,791090,38000000.0,32.33,,0.0,0
2026-05-06,01340,惠生國際,0.464,11.54,579200,64229525.0,10.32,,0.0,0
2026-05-06,08423,潪澔發展,0.098,12.64,608600,78400000.0,18.04,,0.0,0
2026-05-06,01718,宏基集團控股,0.36,16.13,1901650,109483200.0,18.42,,0.0,0
2026-05-06,06893,衍生集團,0.12,22.45,3378430,131015520.0,43.89,,0.0,0
2026-05-06,00637,利記,0.188,3.87,1436460,155805000.0,24.91,,0.0,0
2026-05-06,01102,環能國際,0.06,7.14,1751000,167963145.0,14.81,,0.0,0
2026-05-06,01715,智慧健康科技,0.52,-1.89,3958500,187595137.0,15.0,,0.0,0
2026-05-06,00591,中國高精密,0.23,12.2,1982070,238625000.0,12.34,,0.0,0
2026-05-06,01480,恩達集團控股,1.11,14.43,4021910,266400000.0,34.52,,0.0,0
2026-05-06,01008,力圖控股,0.193,11.56,520790,302601734.0,19.42,,0.0,0
2026-05-06,01335,順泰控股,0.137,9.6,887260,333476655.0,21.98,,0.0,0
2026-05-06,00776,帝國科技集團,0.663,0.91,17677590,445428296.0,29.05,,0.0,0
2026-05-06,03302,精技集團,0.49,20.99,25924580,450992763.0,56.01,,0.0,0
2026-05-06,00256,冠城鐘表珠寶,0.087,14.47,2203150,451751592.0,13.19,,0.0,0
2026-05-06,01371,中國生態旅遊,1.82,1.11,500170,622638154.0,17.44,,0.0,0
2026-05-06,03389,亨得利,0.178,-3.26,13814310,783915375.0,35.79,,0.0,0
2026-05-06,01586,力鴻檢驗,1.37,-2.84,566560,803686961.0,17.78,,0.0,0
2026-05-06,00465,富通科技,2.63,17.41,29649560,828676180.0,16.58,,0.0,0
2026-05-06,01346,利華控股集團,1.41,-0.7,3439280,901131000.0,20.16,,0.0,0
2026-05-07,08532,寶發控股,0.087,35.94,1077020,7384073.0,11.85,,0.0,0
2026-05-07,08285,森浩集團,0.034,21.43,677800,19040000.0,58.99,,0.0,0
2026-05-07,08245,烽翼集團,0.082,-7.87,2045820,23742384.0,101.37,,0.0,0
2026-05-07,08425,興銘控股,0.077,-18.95,842600,28952000.0,51.54,,0.0,0
2026-05-07,01703,誼和股份,0.445,4.71,1634070,61410000.0,28.79,,0.0,0
2026-05-07,00309,新華通訊頻媒,1.48,15.62,10705090,77110581.0,750.97,,0.0,0
2026-05-07,01241,雙樺控股,0.13,-12.16,964170,84500000.0,32.8,,0.0,0
2026-05-07,08400,亞洲先鋒娛樂,0.085,51.79,640500,85000000.0,22.15,,0.0,0
2026-05-07,03822,三和建築集團,1.06,0.95,886280,89040000.0,18.18,,0.0,0
2026-05-07,03919,金力集團,2.2,57.14,6657480,99818400.0,274.61,,0.0,0
2026-05-07,08186,浩盟控股,0.97,-1.02,3904400,110452581.0,38.61,,0.0,0
2026-05-07,01323,華盛國際控股,0.142,4.41,1363080,128762014.0,115.88,,0.0,0
2026-05-07,02370,力高健康生活,1.05,17.98,1277700,210000000.0,11.43,,0.0,0
2026-05-07,00938,民生國際,0.45,7.14,1310300,291239368.0,10.97,,0.0,0
2026-05-07,08529,優博控股,0.651,96.68,29089350,334662825.0,48.77,,0.0,0
2026-05-07,08371,嘗高美集團,1.9,1.6,1124760,727147100.0,10.54,,0.0,0
2026-05-07,00673,中國衛生集團,0.55,-3.51,1723560,762926005.0,89.0,,0.0,0
2026-05-07,02030,卡賓,1.3,-0.76,672270,869170900.0,10.69,,0.0,0
2026-05-08,08482,萬勵達,0.121,6.14,591690,21742190.0,13.7,,0.0,0
2026-05-08,00197,亨泰,0.295,5.36,1028810,61717084.0,42.16,,0.0,0
2026-05-08,00518,同得仕(集團),0.26,13.04,676740,117277565.0,24.2,,0.0,0
2026-05-08,02080,奧克斯國際,0.248,-9.82,557500,122260032.0,36.08,,0.0,0
2026-05-08,00821,匯盈控股,0.33,43.48,8804540,122458122.0,333.1,,0.0,0
2026-05-08,08160,GOLDWAY EDU,0.62,21.57,2215560,133171003.0,69.96,,0.0,0
2026-05-08,08400,亞洲先鋒娛樂,0.134,57.65,3706200,134000000.0,40.48,,0.0,0
2026-05-08,01354,經發物業,2.4,-4.76,965900,160000320.0,10.81,,0.0,0
2026-05-08,06928,萬馬控股,0.285,27.8,3350390,218025000.0,201.67,,0.0,0
2026-05-08,02023,中國綠島科技,0.76,-3.8,799700,373768000.0,36.87,,0.0,0
2026-05-08,00169,萬達酒店發展,0.1,19.05,3285350,469734649.0,39.22,,0.0,0
2026-05-08,00301,三和精化,1.94,-9.77,22041060,912691896.0,121.59,,0.0,0
2026-05-08,00554,漢思集團控股,0.214,1.9,2682820,938889279.0,208.28,,0.0,0
2026-05-11,00048,中國汽車內飾,0.41,46.43,1765700,179492982.0,112.82,,0.0,0
2026-05-11,00482,聖馬丁國際,0.82,32.26,717010,201220737.0,26.67,,0.0,0
2026-05-11,01895,鑫苑服務,0.355,-8.97,3003505,210528312.0,12.53,,0.0,0
2026-05-11,01500,現恆建築,0.285,29.55,3199450,236550000.0,78.22,,0.0,0
2026-05-11,03860,EPS創健科技,0.5,-9.09,1029400,291214919.0,20.58,,0.0,0
2026-05-11,01420,川控股,0.228,2.7,1201800,306124474.0,26.31,,0.0,0
2026-05-11,08305,聖唐控股,0.215,18.13,5713300,348730000.0,25.71,,0.0,0
2026-05-11,09998,光榮控股,0.44,2.33,657230,352000000.0,11.07,,0.0,0
2026-05-11,06083,環宇物流(亞洲),0.758,16.98,3128520,380397080.0,10.58,,0.0,0
2026-05-11,00894,萬裕科技,0.95,13.1,6636200,455356346.0,28.05,,0.0,0
2026-05-11,00227,第一上海,0.208,-3.7,985920,455661420.0,15.85,,0.0,0
2026-05-11,01282,中澤豐,0.106,17.78,13443480,530000000.0,119.34,,0.0,0
2026-05-11,00201,華大酒店,0.076,8.57,3697120,679975901.0,51.53,,0.0,0
2026-05-11,01244,思路迪醫藥股份,2.71,-9.67,3290700,699659670.0,12.23,,0.0,0
2026-05-11,00929,國際精密,0.742,12.08,2150750,780772568.0,11.0,,0.0,0
2026-05-11,06959,長久股份,3.92,-0.51,1882490,792467200.0,50.47,,0.0,0
2026-05-11,00169,萬達酒店發展,0.182,82.0,27372580,854917061.0,68.28,,0.0,0
2026-05-11,00353,能源國際投資,0.405,12.5,1226380,856802970.0,11.09,,0.0,0
2026-05-11,00640,星謙發展,2.771,5.72,2374560,859690386.0,22.5,,0.0,0
2026-05-12,01803,北京體育文化-新,0.106,17.78,5590130,17909961.0,328.62,,0.0,0
2026-05-12,08315,新都酒店,0.092,15.0,627340,53492687.0,52278.33,,0.0,0
2026-05-12,01738,飛尚無煙煤,0.09,0.0,1556950,124249122.0,26.02,,0.0,0
2026-05-12,08326,同景新能源,0.158,0.0,878700,193866000.0,45.31,,0.0,0
2026-05-12,01001,滬港聯合,0.375,7.14,964280,238690618.0,21.37,,0.0,0
2026-05-12,06890,康利國際控股,0.52,33.33,775620,315251040.0,66.26,,0.0,0
2026-05-12,00660,瑋俊生物科技,0.96,43.28,17446400,368937394.0,39.84,,0.0,0
2026-05-12,00090,普星能量,0.836,-13.46,704140,383389600.0,10.57,,0.0,0
2026-05-12,06083,環宇物流(亞洲),0.848,11.87,8543880,425562961.0,16.85,,0.0,0
2026-05-12,00610,惠記集團,0.8,-6.98,1767460,634499227.0,22.68,,0.0,0
2026-05-12,09983,建業新生活,0.51,39.73,3243140,662560380.0,19.97,,0.0,0
2026-05-12,02440,迷策略,1.79,7.19,6429600,746482076.0,10.76,,0.0,0
2026-05-12,01723,恆月控股,1.82,59.65,6431580,870455040.0,20.5,,0.0,0
2026-05-13,08621,METROPOLIS CAP,0.038,11.76,652000,36480000.0,134.16,,0.0,0
2026-05-13,08200,修身堂,0.71,0.0,2007120,55977842.0,75.45,,0.0,0
2026-05-13,00076,誼礫控股,0.153,-4.97,1385620,67993823.0,23.84,,0.0,0
2026-05-13,01400,滿地科技股份,0.019,5.56,1839340,72233580.0,14.23,,0.0,0
2026-05-13,08221,高裕金融,1.62,9.46,4414050,77112000.0,24.97,,0.0,0
2026-05-13,02231,景業名邦集團,0.067,97.06,1439510,110293591.0,28.2,,0.0,0
2026-05-13,01722,建鵬控股,0.106,35.9,1979800,116600000.0,52.89,,0.0,0
2026-05-13,03603,信基沙溪,0.08,-6.98,14221240,119435520.0,101.0,,0.0,0
2026-05-13,08120,國農金融投資,0.99,37.5,3366910,161000492.0,17.85,,0.0,0
2026-05-13,08535,熒德控股,0.153,21.43,638280,183600000.0,68.82,,0.0,0
2026-05-13,01792,CMON,0.905,3.08,7172540,224150400.0,150.7,,0.0,0
2026-05-13,01741,成志控股,0.3,49.25,1835900,240000000.0,14.49,,0.0,0
2026-05-13,08029,中投金融科技集團,0.89,0.0,13941250,249272643.0,24.15,,0.0,0
2026-05-13,01613,協同通信,0.171,8.92,4249540,262632828.0,74.67,,0.0,0
2026-05-13,06968,港龍中國地產,0.162,78.02,13845750,262731438.0,59.36,,0.0,0
2026-05-13,02210,京城佳業,2.369,-0.42,594280,347454597.0,124.48,,0.0,0
2026-05-13,01631,REF HOLDINGS,1.32,131.58,20883950,405504000.0,1233.55,,0.0,0
2026-05-13,01037,雲智匯科技,0.72,14.29,7210700,508444883.0,14.03,,0.0,0
2026-05-13,00829,神冠控股,0.168,-7.69,2043410,542720640.0,32.05,,0.0,0
2026-05-13,02350,數科集團,0.657,4.45,6490300,574875000.0,15.41,,0.0,0
2026-05-13,00209,萬維智能科技,4.5,13.92,27035300,668552310.0,35.74,,0.0,0
2026-05-13,06890,康利國際控股,1.14,119.23,11047400,691127280.0,123.76,,0.0,0
2026-05-13,00351,亞洲能源物流,0.355,18.33,1339540,708216212.0,23.78,,0.0,0
2026-05-13,01085,亨鑫科技,1.63,13.99,910820,758928000.0,11.65,,0.0,0
2026-05-13,01769,思考樂教育,1.26,-15.44,13416970,848964123.0,13.32,,0.0,0
2026-05-14,02231,景業名邦集團,0.043,-35.82,5997490,70785439.0,31.39,,0.0,0
2026-05-14,08489,裕程物流,0.28,-16.42,696400,86121000.0,13.32,,0.0,0
2026-05-14,01025,嘉藝控股,0.25,-1.96,4976380,111841860.0,12.15,,0.0,0
2026-05-14,00726,築友智造科技,0.046,39.39,1021370,142650404.0,225.02,,0.0,0
2026-05-14,01737,亞洲實業集團,0.15,42.86,1836040,150000000.0,22.13,,0.0,0
2026-05-14,01740,新石文化,0.158,26.4,3686300,163925000.0,94.38,,0.0,0
2026-05-14,08480,飛霓控股,0.191,6.11,2394310,176354426.0,49.95,,0.0,0
2026-05-14,06909,百得利控股,0.287,-3.37,897370,178657500.0,45.98,,0.0,0
2026-05-14,01581,進升集團控股,0.44,29.41,5120810,182600000.0,62.0,,0.0,0
2026-05-14,01891,興合控股,0.187,11.98,963790,187000000.0,16.07,,0.0,0
2026-05-14,01835,瑞威資管,1.22,-0.81,735680,187074800.0,38.9,,0.0,0
2026-05-14,00442,域能控股,0.73,1.39,538010,189179500.0,10.76,,0.0,0
2026-05-14,01741,成志控股,0.27,-10.0,5312100,216000000.0,17.14,,0.0,0
2026-05-14,01417,浦江中國,0.54,151.16,4086080,218700000.0,4964.86,,0.0,0
2026-05-14,01962,訓修實業,0.438,4.78,1013030,269867568.0,14.02,,0.0,0
2026-05-14,01218,永義國際,2.69,-7.56,604980,398057608.0,302490.0,,0.0,0
2026-05-15,00428,中國天弓控股,0.25,0.0,576080,38564559.0,11.36,,0.0,0
2026-05-15,08619,NIU HOLDINGS,0.136,-11.11,986520,58974360.0,11.45,,0.0,0
2026-05-15,01591,汛和集團,0.166,13.7,1240160,88533333.0,29.18,,0.0,0
2026-05-15,08471,新達控股,1.34,52.27,4221280,98570400.0,14.89,,0.0,0
2026-05-15,08549,金葉國際集團,0.29,28.32,1936200,116000000.0,15.74,,0.0,0
2026-05-15,03878,VICON HOLDINGS,0.25,2.04,1239800,119900000.0,16.85,,0.0,0
2026-05-15,02699,新明中國,4.939,-1.08,1324900,129899197.0,11.87,,0.0,0
2026-05-15,01146,匯成國際控股,0.041,-8.89,875650,145363450.0,12.03,,0.0,0
2026-05-15,01559,均安控股,0.06,13.21,811570,165276028.0,106.52,,0.0,0
2026-05-15,00936,佳兆業資本,0.3,9.09,980900,318000000.0,22.46,,0.0,0
2026-05-15,01592,基石控股,0.3,88.68,13642050,434332922.0,82.11,,0.0,0
2026-05-15,08059,朝威控股,0.54,12.5,618190,545726700.0,100.72,,0.0,0
2026-05-15,00894,萬裕科技,1.23,23.0,19676120,589566638.0,11.12,,0.0,0
2026-05-15,00254,國家聯合資源,0.9,32.35,19515500,608186556.0,93.08,,0.0,0
2026-05-15,00209,萬維智能科技,4.6,5.75,56797360,683409028.0,14.85,,0.0,0
2026-05-18,09978,方圓生活服務,0.148,28.7,879790,59200000.0,13.42,,0.0,0
2026-05-18,01413,鑄帝控股,0.225,-28.57,9736460,73800000.0,20.14,,0.0,0
2026-05-18,08187,積木集團,0.58,16.0,4507040,87976627.0,35.97,,0.0,0
2026-05-18,01536,煜榮集團,0.335,28.85,1006800,152760000.0,21.04,,0.0,0
2026-05-18,01129,中國水業集團,0.3,-13.04,599960,189658178.0,40.28,,0.0,0
2026-05-18,01559,均安控股,0.084,40.0,1775400,231386439.0,20.0,,0.0,0
2026-05-18,01778,彩生活,0.165,-16.67,2625390,306802187.0,76.53,,0.0,0
2026-05-18,01473,環聯連訊,0.59,21.65,9023480,697640361.0,10.6,,0.0,0
2026-05-18,01463,C-LINK SQ,0.275,-11.29,839930,790419162.0,237.27,,0.0,0
2026-05-19,08187,積木集團,0.51,-12.07,14469880,77358758.0,25.53,,0.0,0
2026-05-19,01841,優越集團控股,0.235,2.17,677390,94000000.0,13.93,,0.0,0
2026-05-19,01536,煜榮集團,0.29,-13.43,2066200,132240000.0,14.04,,0.0,0
2026-05-19,01547,IBI GROUP HLDGS,0.3,21.46,532520,240000000.0,35.69,,0.0,0
2026-05-19,06033,電訊數碼控股,0.62,8.77,538760,250326860.0,42.97,,0.0,0
2026-05-19,02515,天津建發,0.98,-3.92,16321300,304527894.0,56.95,,0.0,0
2026-05-19,06893,衍生集團,0.285,109.56,30075140,311161860.0,59.33,,0.0,0
2026-05-19,01938,珠江鋼管,0.31,-3.12,928620,313454020.0,22.04,,0.0,0
2026-05-19,00520,呷哺呷哺,0.38,-6.17,4446430,412746303.0,10.82,,0.0,0
2026-05-19,01417,浦江中國,1.33,58.33,25001340,538650000.0,28.24,,0.0,0
2026-05-19,00528,金達控股,1.09,0.93,618960,686349020.0,37.89,,0.0,0
2026-05-19,02621,手回集團,3.06,2.68,35049100,692718516.0,277.5,,0.0,0
2026-05-19,02392,玄武雲,1.25,-2.34,3302600,693573750.0,11.47,,0.0,0
2026-05-19,01161,奧思集團,1.04,8.33,1203240,707774875.0,14.66,,0.0,0
2026-05-19,01463,C-LINK SQ,0.275,0.0,1636530,790419162.0,18.7,,0.0,0
2026-05-19,09689,金泰豐國際控股,0.72,20.0,631200,803520000.0,22.09,,0.0,0
2026-05-19,00727,中國豐匯,0.68,-2.86,580800,864853920.0,14.16,,0.0,0
2026-05-20,00204,資本界金控,0.214,4.9,2300335,53297797.0,29.57,,0.0,0
2026-05-20,01340,惠生國際,0.456,11.76,1565020,63122119.0,14.28,,0.0,0
2026-05-20,01835,瑞威資管,1.25,-13.79,2309320,191675000.0,16.13,,0.0,0
2026-05-20,01449,立德教育,0.31,16.98,1018220,248000000.0,19.79,,0.0,0
2026-05-20,01850,美好生活集團控股,1.58,-1.25,14141830,273024000.0,13.25,,0.0,0
2026-05-20,00833,華訊,0.68,15.25,12354540,321679562.0,52.12,,0.0,0
2026-05-20,02540,樂思集團,0.77,-8.33,4636700,462000000.0,12.15,,0.0,0
2026-05-20,00097,恆基發展,0.165,-1.79,545840,502809020.0,10.35,,0.0,0
2026-05-20,02295,豐城控股,1.83,-8.5,1767600,732000000.0,35.86,,0.0,0
2026-05-20,09689,金泰豐國際控股,0.7,-2.78,1380700,781200000.0,15.06,,0.0,0
2026-05-21,08042,高奧士人才集團,0.083,45.61,2229100,66400000.0,36.61,,0.0,0
2026-05-21,01340,惠生國際,0.544,19.3,5272780,75303581.0,25.33,,0.0,0
2026-05-21,01703,誼和股份,0.69,15.0,13810810,95220000.0,19.24,,0.0,0
2026-05-21,01129,中國水業集團,0.187,-35.52,1194211,118220265.0,13.82,,0.0,0
2026-05-21,02022,遊萊互動,0.067,21.82,1519500,134000000.0,70.28,,0.0,0
2026-05-21,06909,百得利控股,0.277,-8.28,1366410,172432500.0,11.29,,0.0,0
2026-05-21,00442,域能控股,0.75,-5.06,1373210,194362500.0,11.44,,0.0,0
2026-05-21,01752,澳洲成峰高教,0.118,19.19,607250,263357828.0,30.21,,0.0,0
2026-05-21,01985,美高域,1.52,4.11,11183300,465688480.0,145.89,,0.0,0
2026-05-21,00391,美亞娛樂資訊,0.1,0.0,2100000,592373852.0,22.98,,0.0,0
2026-05-21,01204,博維智慧,1.6,3.9,646900,800000000.0,13.57,,0.0,0
2026-05-22,00162,世紀金花,0.081,88.37,3314580,93125272.0,207.84,,0.0,0
2026-05-22,01927,久久王,0.236,13.46,1204500,186912000.0,10.86,,0.0,0
2026-05-22,02129,LEGION CONSO,0.2,29.03,3953200,250000000.0,35.92,,0.0,0
2026-05-22,00524,長城天下,1.07,40.79,2136350,252816925.0,10.35,,0.0,0
2026-05-22,00021,大中華控股,0.082,9.33,646470,325969139.0,16.04,,0.0,0
2026-05-22,01416,CTR HOLDINGS,0.241,20.5,1610200,337400000.0,12.52,,0.0,0
2026-05-22,01767,TS WONDERS,0.338,3.05,1126100,338000000.0,15.94,,0.0,0
2026-05-22,03913,合景悠活,0.189,-0.53,1854480,382887335.0,11.45,,0.0,0
2026-05-22,00229,利民實業,0.89,2.3,894030,446179125.0,55.91,,0.0,0
2026-05-22,03882,天彩控股,0.465,-3.12,772690,468993167.0,23.31,,0.0,0
2026-05-22,00159,布萊克萬礦業,0.058,-17.14,841100,538253464.0,16.52,,0.0,0
2026-05-22,01203,廣南(集團),0.638,-7.27,1046800,579044516.0,13.39,,0.0,0
2026-05-22,00368,德合集團,0.99,19.28,5261440,792000000.0,30.06,,0.0,0
2026-05-22,06989,卓越商企服務,0.75,-5.06,7383550,915261000.0,31.68,,0.0,0
2026-05-26,03728,正利控股,0.06,-7.69,893160,60780000.0,120.6,,0.0,0
2026-05-26,01259,未來發展控股,0.035,12.9,754080,77117635.0,17.29,,0.0,0
2026-05-26,08007,環球戰略集團,0.47,5.62,2853450,106369192.0,13.28,,0.0,0
2026-05-26,00310,嘉進投資國際,0.187,2.75,1314860,116151688.0,134.5,,0.0,0
2026-05-26,08490,駿碼半導體,0.204,37.84,8808110,143922000.0,42.34,,0.0,0
2026-05-26,01452,迪諾斯環保,0.189,26.0,908900,145661869.0,13.17,,0.0,0
2026-05-26,00356,鼎立資本,0.87,1.75,784830,175216839.0,51.53,,0.0,0
2026-05-26,01793,偉工控股,0.275,0.0,1462720,220000000.0,13.3,,0.0,0
2026-05-26,06663,國際永勝集團,0.33,3.12,577250,264000000.0,30.16,,0.0,0
2026-05-26,00243,品質國際,0.8,45.45,17199220,277192426.0,21.27,,0.0,0
2026-05-26,00524,長城天下,1.41,31.78,5927760,333151275.0,15.44,,0.0,0
2026-05-26,00021,大中華控股,0.091,10.98,1696460,361746240.0,16.17,,0.0,0
2026-05-26,01909,火岩控股,2.15,7.5,1026700,522065238.0,21.08,,0.0,0
2026-05-26,00225,博富臨置業,5.21,-4.4,637860,574034596.0,59.54,,0.0,0
2026-05-26,02250,小黃鴨德盈,0.6,-1.64,627770,605013000.0,16.72,,0.0,0
2026-05-26,09919,艾德韋宣集團,0.835,-3.47,2593660,621422030.0,76.76,,0.0,0
2026-05-26,01693,璋利國際,7.95,-0.5,4093140,638212008.0,29.56,,0.0,0
2026-05-26,02298,都市麗人,0.344,-10.42,7014310,773813281.0,11.48,,0.0,0
2026-05-26,01410,安領國際,0.87,7.41,10933400,878453790.0,10.4,,0.0,0
2026-05-27,08069,飛道旅遊科技,0.52,22.35,598770,21234564.0,17.42,,0.0,0
2026-05-27,00197,亨泰,0.28,0.0,709980,58578927.0,26.09,,0.0,0
2026-05-27,08291,港娛國際,0.305,0.0,585600,65066666.0,92.23,,0.0,0
2026-05-27,00145,信能低碳,0.208,9.47,8179330,76169978.0,37.8,,0.0,0
2026-05-27,08275,中國新消費集團,0.1,9.89,951800,95998554.0,16.99,,0.0,0
2026-05-27,01162,瑩嵐集團,0.206,8.99,2871900,123600000.0,12.36,,0.0,0
2026-05-27,02028,映美控股,0.189,42.11,4176470,162225145.0,123.53,,0.0,0
2026-05-27,00396,興利(香港)控股,0.21,-38.24,6961840,169700165.0,14.23,,0.0,0
2026-05-27,08283,中食民安,0.55,-6.78,5726730,190080000.0,55.7,,0.0,0
2026-05-27,06988,樂享集團,0.088,-10.2,1583000,208729594.0,10.77,,0.0,0
2026-05-27,01245,NIRAKU,0.188,15.34,827210,224819886.0,37.81,,0.0,0
2026-05-27,01446,鴻福堂,0.365,-1.35,836620,239419560.0,22.03,,0.0,0
2026-05-27,01289,盛力達科技,1.966,6.5,1156580,251648000.0,14.31,,0.0,0
2026-05-27,00828,王朝酒業,0.189,-7.35,810500,266188712.0,24.02,,0.0,0
2026-05-27,02239,國微控股,1.52,33.33,4115870,493896625.0,33.1,,0.0,0
2026-05-27,02501,邁越科技,1.05,0.0,750100,525000000.0,15.33,,0.0,0
2026-05-27,02372,偉立控股,0.67,36.73,9219000,536000001.0,24.26,,0.0,0
2026-05-27,06188,迪信通,0.76,31.03,1138900,673709904.0,19.09,,0.0,0
2026-05-27,00618,北大資源,0.325,4.84,1476640,889660616.0,13.74,,0.0,0
2026-05-28,01259,未來發展控股,0.046,35.29,10317840,101354606.0,80.73,,0.0,0
2026-05-28,01068,雨潤食品,0.094,-8.74,933950,171339031.0,11.74,,0.0,0
2026-05-28,01679,瑞斯康集團,0.9,73.08,7697960,194232456.0,30.17,,0.0,0
2026-05-28,08070,僑洋國際控股,1.1,30.95,807850,220000000.0,20.79,,0.0,0
2026-05-28,00681,中民控股,0.026,-10.34,1080710,232298591.0,12.23,,0.0,0
2026-05-28,02028,映美控股,0.41,116.93,20690360,351916981.0,45.83,,0.0,0
2026-05-28,00021,大中華控股,0.097,6.59,2848700,385597640.0,11.75,,0.0,0
2026-05-28,00689,長盈集團(控股),0.244,-2.4,29045080,453286538.0,14.11,,0.0,0
2026-05-28,08521,智雲國際控股,0.78,1.3,883950,498420000.0,54.8,,0.0,0
2026-05-28,00994,中天宏信,0.39,13.04,5921100,503492340.0,16.09,,0.0,0
2026-05-28,01685,博耳電力,0.69,25.45,10189440,533900610.0,35.01,,0.0,0
2026-05-28,00532,王氏港建,0.75,56.25,11063730,547423473.0,14.76,,0.0,0
2026-05-28,02239,國微控股,2.18,43.42,10964690,708351738.0,20.8,,0.0,0
2026-05-28,01082,源宇宙教育,1.47,3.52,791480,893828914.0,11.67,,0.0,0
2026-05-29,06128,烯石電車新材料,0.065,16.07,3722790,61185367.0,21.3,,0.0,0
2026-05-29,01323,華盛國際控股,0.134,3.08,1065620,121507816.0,16.57,,0.0,0
2026-05-29,06918,九泰數智,0.152,-1.94,5177120,132906794.0,11.7,,0.0,0
2026-05-29,01472,生興控股,0.14,32.08,3293880,140000000.0,23.56,,0.0,0
2026-05-29,02310,時代環球集團,0.204,78.95,2877030,222946948.0,69.9,,0.0,0
2026-05-29,08070,僑洋國際控股,1.51,37.27,2053600,302000000.0,17.23,,0.0,0
2026-05-29,03997,電訊首科,2.79,30.37,5154610,358074180.0,10.42,,0.0,0
2026-05-29,06911,瀾滄古茶,2.4,-13.04,970240,360000000.0,82.0,,0.0,0
2026-05-29,02369,酷派集團,1.0,13.64,11312470,397930198.0,19.7,,0.0,0
2026-05-29,02497,富景中國控股,0.85,49.12,3130200,425000000.0,41.38,,0.0,0
2026-05-29,02651,大眾口腔,12.084,-0.33,4205600,611197144.0,17.1,,0.0,0
2026-05-29,00254,國家聯合資源,0.98,13.95,38687480,662247583.0,15.83,,0.0,0
2026-05-29,02028,映美控股,0.96,134.15,61465230,824000736.0,24.4,,0.0,0
2026-05-29,02496,友芝友生物-B,4.3,0.0,2806400,833551560.0,4677.33,,0.0,0
2026-06-01,08081,白居易控股,0.013,-13.33,683070,67028456.0,19.89,,0.0,0
2026-06-01,00171,銀建國際,0.045,-10.0,843490,103718232.0,30.9,,0.0,0
2026-06-01,02112,恩典生命科技,0.072,4.35,5952000,108000000.0,55.45,,0.0,0
2026-06-01,01949,佰達國際控股,0.58,-3.33,780120,133632000.0,50.28,,0.0,0
2026-06-01,01468,嘉高達資本,0.325,6.56,5812400,135470059.0,32.94,,0.0,0
2026-06-01,01314,翠華控股,0.131,-7.75,754310,184870665.0,108.11,,0.0,0
2026-06-01,00380,中國管業,0.147,15.75,1417840,195843102.0,66.6,,0.0,0
2026-06-01,00889,連達科技控股,1.35,213.95,33639620,432000000.0,288.9,,0.0,0
2026-06-01,01831,十方控股,0.475,15.85,4604800,510838536.0,18.5,,0.0,0
2026-06-01,02000,晨訊科技,0.315,18.87,773930,667499900.0,36.95,,0.0,0
2026-06-01,01846,德視佳,2.587,-0.77,684000,829666422.0,13.38,,0.0,0
2026-06-01,00301,三和精化,1.95,9.55,15714270,917396493.0,104.29,,0.0,0
2026-06-01,00314,思派健康,1.32,-8.97,8544000,957995430.0,10.97,,0.0,0
2026-06-02,08471,新達控股,0.42,-30.0,3123690,30895200.0,12.75,,0.0,0
2026-06-02,08311,圓美光電,0.085,11.84,1185540,126113408.0,311.82,,0.0,0
2026-06-02,01949,佰達國際控股,0.56,-3.45,1947520,129024000.0,20.82,,0.0,0
2026-06-02,08160,GOLDWAY EDU,0.68,13.33,647210,146058519.0,10.08,,0.0,0
2026-06-02,08031,易通訊集團,0.54,74.19,7822920,191562300.0,190.19,,0.0,0
2026-06-02,00889,連達科技控股,0.73,-45.93,36965620,233600000.0,10.67,,0.0,0
2026-06-02,00989,中國長白山國際,0.85,41.67,1253760,306154649.0,13.18,,0.0,0
2026-06-02,01633,上諭集團,0.47,14.63,3760100,321832500.0,13.71,,0.0,0
2026-06-02,01399,銳信控股,0.56,38.27,5400650,610400698.0,11.71,,0.0,0
2026-06-02,06162,天瑞汽車內飾,0.295,21.9,17415200,708000000.0,15.45,,0.0,0
2026-06-02,02350,數科集團,0.836,10.44,8775600,731500000.0,15.94,,0.0,0
2026-06-03,08315,新都酒店,0.1,38.89,700600,58144225.0,125.26,,0.0,0
2026-06-03,08379,盈證國際,0.131,-9.03,599800,104800000.0,16.19,,0.0,0
2026-06-03,01771,新豐泰集團,0.242,44.05,4027390,145200000.0,943.18,,0.0,0
2026-06-03,00385,建聯集團,0.29,11.54,1777570,172520781.0,82.45,,0.0,0
2026-06-03,00605,中國金融投資管理,0.92,22.67,5991460,192427262.0,113.44,,0.0,0
2026-06-03,01745,驢跡科技,3.9,-12.36,2066400,197402478.0,10.76,,0.0,0
2026-06-03,09968,匯景控股,0.043,22.86,1301040,225922000.0,17.34,,0.0,0
2026-06-03,00865,建德國際控股,0.052,40.54,1878960,303575464.0,44.58,,0.0,0
2026-06-03,00423,經濟日報集團,0.71,-4.05,870600,306436000.0,32.87,,0.0,0
2026-06-03,02258,華滋國際海洋,0.439,118.41,22125270,362350600.0,5979.8,,0.0,0
2026-06-03,02322,新質數字,0.095,2.15,1638150,419957000.0,14.09,,0.0,0
2026-06-03,02165,領悅服務集團,1.62,-1.22,658500,462809700.0,13.18,,0.0,0
2026-06-03,02439,中寶新材,0.415,9.21,39636200,498000000.0,41.1,,0.0,0
2026-06-03,00353,能源國際投資,0.385,-1.28,650450,814491713.0,13.97,,0.0,0
2026-06-03,01085,亨鑫科技,1.75,9.38,1232180,814800000.0,17.51,,0.0,0
2026-06-03,02581,明基醫院,2.94,-5.47,6862500,917118303.0,10.49,,0.0,0
2026-06-04,09978,方圓生活服務,0.233,45.63,14861590,93200000.0,135.73,,0.0,0
2026-06-04,00110,中國長遠,0.395,-2.47,587520,110029576.0,10.97,,0.0,0
2026-06-04,03662,星悅康旅,0.27,-5.26,3035530,196087500.0,17.77,,0.0,0
2026-06-04,01975,新興印刷,0.415,0.0,592080,199200000.0,12.16,,0.0,0
2026-06-04,08426,雅居投資控股,0.26,4.0,11224950,208000000.0,1620.93,,0.0,0
2026-06-04,00757,陽光能源,0.065,-5.8,580830,216045124.0,10.97,,0.0,0
2026-06-04,01732,象興科技,0.184,-4.17,2572000,235520000.0,10.34,,0.0,0
2026-06-04,01540,澳獅環球,0.51,24.39,4728450,254322630.0,1562.61,,0.0,0
2026-06-04,01592,基石控股,0.179,-48.86,19537720,259151976.0,21.53,,0.0,0
2026-06-04,01080,勝利管道,0.081,14.08,597980,313823614.0,17.17,,0.0,0
2026-06-04,01130,中國環境資源,0.61,1.67,3601000,343350180.0,12.29,,0.0,0
2026-06-04,08229,未來數據集團,0.62,8.77,5553200,344397600.0,48.18,,0.0,0
2026-06-04,01490,AI X TECH,0.31,21.57,6352700,382726000.0,118.88,,0.0,0
2026-06-04,00672,眾安集團,0.097,-2.02,1296770,546673551.0,13.26,,0.0,0
2026-06-04,01622,力高集團,0.202,17.44,3152760,717425083.0,22.48,,0.0,0
2026-06-04,00532,王氏港建,1.03,77.59,40322200,751794903.0,11.34,,0.0,0
2026-06-05,08317,財華社集團,0.106,10.42,1966960,105979665.0,15.85,,0.0,0
2026-06-05,00110,中國長遠,0.4,1.27,4360440,111422355.0,41.67,,0.0,0
2026-06-05,01759,中油潔能控股,0.62,-15.07,1045500,133920000.0,37.7,,0.0,0
2026-06-05,03708,中國供應鏈產業,0.199,-3.4,3117710,144728720.0,21.96,,0.0,0
2026-06-05,01933,元力控股,0.355,62.1,28560000,178894148.0,560.22,,0.0,0
2026-06-05,01962,訓修實業,0.46,4.55,553570,283422560.0,19.33,,0.0,0
2026-06-05,00725,恆都集團,1.49,35.45,1741460,296447420.0,36.19,,0.0,0
2026-06-05,00987,中國再生能源投資,0.176,6.67,1941320,441083714.0,11.35,,0.0,0
2026-06-05,01480,恩達集團控股,1.86,35.77,32984770,446400000.0,86.98,,0.0,0
2026-06-05,01720,普天通信集團,0.79,69.89,50158300,869000000.0,20.94,,0.0,0
2026-06-05,02543,大行科工,28.5,-7.11,13976320,934481968.0,10.81,,0.0,0
2026-06-08,01647,雄岸科技,0.049,-16.95,505800,58556960.0,11.08,,0.0,0
2026-06-08,08072,蘭谷股份,0.415,-6.74,2838600,69864891.0,21835.38,,0.0,0
2026-06-08,02358,久融控股,0.013,18.18,758620,71136000.0,25.99,,0.0,0
2026-06-08,08223,紫元元,0.285,1.79,963580,147060000.0,19.97,,0.0,0
2026-06-08,01305,偉志控股,0.74,19.35,740310,160303240.0,16.54,,0.0,0
2026-06-08,01059,看通集團,0.43,7.5,4152150,161264408.0,519.67,,0.0,0
2026-06-08,01669,環球信貸集團,1.35,22.73,9057980,540000000.0,172.68,,0.0,0
2026-06-08,01011,泰凌醫藥,0.43,-20.37,623130,772522342.0,10.82,,0.0,0
2026-06-08,00929,國際精密,0.742,4.21,13109330,780772568.0,78.92,,0.0,0
2026-06-09,01825,STERLING GP,1.1,22.22,2279120,45619200.0,304.13,,0.0,0
2026-06-09,00401,萬嘉集團,0.092,-48.31,2022120,103832645.0,39.81,,0.0,0
2026-06-09,02324,首都創投,0.116,0.0,1652950,104429754.0,20.18,,0.0,0
2026-06-09,00776,帝國科技集團,0.457,1.56,8336130,307029760.0,33.54,,0.0,0
2026-06-09,01613,協同通信,0.201,12.92,3628160,308708763.0,19.82,,0.0,0
2026-06-09,01251,華油能源,0.249,4.18,1496870,486581856.0,12.0,,0.0,0
2026-06-10,00130,慕詩國際,0.206,3.52,951730,59313580.0,49.61,,0.0,0
2026-06-10,08131,諾亞智能,0.107,13.83,827400,76955592.0,13.43,,0.0,0
2026-06-10,00657,環科國際,0.047,30.56,663020,91476763.0,20.79,,0.0,0
2026-06-10,01312,華控康泰,0.022,-18.52,905130,122948579.0,31.2,,0.0,0
2026-06-10,06193,泰林科建,0.41,51.85,2204860,164000000.0,212.29,,0.0,0
2026-06-10,01795,亞東集團,0.56,3.7,818610,336000000.0,10.39,,0.0,0
2026-06-10,01218,永義國際,2.45,1.24,867220,362543175.0,105.62,,0.0,0
2026-06-10,01596,翼辰實業,0.49,-9.26,1380610,439941600.0,11.78,,0.0,0
2026-06-10,02439,中寶新材,0.44,4.76,65304900,528000000.0,10.05,,0.0,0
2026-06-10,08227,海天天線,0.285,39.02,3887020,540824265.0,67.74,,0.0,0
2026-06-10,00149,中國農產品交易,0.064,4.92,2436340,636996341.0,24.72,,0.0,0
2026-06-10,01613,協同通信,0.465,131.34,36212730,714176988.0,68.41,,0.0,0
2026-06-11,08131,諾亞智能,0.12,12.15,5333590,86305337.0,39.93,,0.0,0
2026-06-11,08082,擎華控股,0.034,-22.73,2955370,90875733.0,47.21,,0.0,0
2026-06-11,00356,鼎立資本,0.525,-22.22,509040,105734300.0,14.11,,0.0,0
2026-06-11,01536,煜榮集團,0.31,6.9,629300,141360000.0,13.73,,0.0,0
2026-06-11,01737,亞洲實業集團,0.169,19.86,783350,169000000.0,14.34,,0.0,0
2026-06-11,00827,玖源集團,0.034,3.03,1589470,238953448.0,12.99,,0.0,0
2026-06-11,01793,偉工控股,0.305,8.93,6565780,244000000.0,18.61,,0.0,0
2026-06-11,00464,中國智能科技,0.84,23.53,11984160,635243280.0,10.26,,0.0,0
2026-06-11,02496,友芝友生物-B,4.2,0.0,5086800,814166640.0,18.09,,0.0,0
2026-06-11,02562,獅騰控股,1.92,15.66,1013747700,895916294.0,27.34,,0.0,0
2026-06-12,08413,亞洲富思,0.05,-23.08,852200,58100000.0,15.64,,0.0,0
2026-06-12,01842,植華集團,0.041,7.89,548500,59040000.0,10.87,,0.0,0
2026-06-12,08620,亞洲速運,0.123,-16.33,535300,77330715.0,14.01,,0.0,0
2026-06-12,00426,萬華媒體,0.255,82.14,2208090,102229500.0,117.16,,0.0,0
2026-06-12,01323,華盛國際控股,0.15,11.11,33733690,136016211.0,25.67,,0.0,0
2026-06-12,02330,中國上城,0.33,1.54,786400,149439097.0,10.6,,0.0,0
2026-06-12,00355,世紀城市國際,0.073,7.35,1630720,225757551.0,13.83,,0.0,0
2026-06-12,02370,力高健康生活,1.24,20.39,1877800,248000000.0,12.01,,0.0,0
2026-06-12,00366,陸氏集團(越南),0.81,-7.95,685720,406313349.0,21.44,,0.0,0
2026-06-12,00128,安寧控股,0.4,2.56,653700,660263470.0,12.61,,0.0,0
2026-06-12,01204,博維智慧,1.63,-1.21,906200,815000000.0,23.85,,0.0,0
2026-06-15,01025,嘉藝控股,0.232,0.43,6953620,103789246.0,24.93,,0.0,0
2026-06-15,01718,宏基集團控股,0.37,10.45,2943430,112524400.0,17.09,,0.0,0
2026-06-15,01671,天保能源,0.86,21.13,6483740,137531980.0,181.39,,0.0,0
2026-06-15,01792,CMON,0.88,2.56,1415880,217958400.0,17.24,,0.0,0
2026-06-15,00723,信保環球控股,0.21,-5.41,5420430,229706719.0,34.28,,0.0,0
2026-06-15,00583,長城環亞控股,0.199,3.11,537550,311981374.0,33.62,,0.0,0
2026-06-15,02863,高豐集團控股,0.5,3.09,5869550,344755500.0,252.82,,0.0,0
2026-06-15,01098,路勁,0.6,1.69,597840,449601940.0,13.4,,0.0,0
2026-06-15,00254,國家聯合資源,1.05,1.94,85403810,709550982.0,22.97,,0.0,0
2026-06-15,02377,博奇環保,0.85,0.0,508210,726633277.0,16.68,,0.0,0
2026-06-15,01082,源宇宙教育,1.42,-1.39,1517120,863426570.0,33.48,,0.0,0
2026-06-15,01180,匯彩控股,0.87,40.32,5211320,915401224.0,17.64,,0.0,0
2026-06-16,08027,吉輝控股,0.128,-1.54,577680,90931200.0,50.52,,0.0,0
2026-06-16,08275,中國新消費集團,0.099,3.12,518800,95038569.0,47.11,,0.0,0
2026-06-16,02863,高豐集團控股,0.63,26.0,8367810,434391930.0,13.88,,0.0,0
2026-06-16,01861,保寶龍科技,2.15,-2.27,4884200,502922088.0,32.24,,0.0,0
2026-06-16,06113,比特策略,1.48,-12.94,844120,592000000.0,11.23,,0.0,0
2026-06-16,00528,金達控股,1.01,0.0,13230750,635974780.0,12365.19,,0.0,0
2026-06-16,00554,漢思集團控股,0.193,0.0,1337850,846755284.0,116.03,,0.0,0
2026-06-16,00128,安寧控股,0.54,35.0,18460000,891355685.0,197.67,,0.0,0
2026-06-17,08356,進業控股,0.355,18.33,605400,26592405.0,15.27,,0.0,0
2026-06-17,01703,誼和股份,0.73,12.31,11571800,100740000.0,117.38,,0.0,0
2026-06-17,01546,德萊建業,0.172,-14.43,2023230,137600000.0,14.48,,0.0,0
2026-06-17,01869,貓屎咖啡控股,0.112,23.08,5203360,189537600.0,237.82,,0.0,0
2026-06-17,08029,中投金融科技集團,0.7,-1.41,2520000,196057135.0,346.96,,0.0,0
2026-06-17,00487,實德環球,0.051,30.77,807230,251251051.0,553.28,,0.0,0
2026-06-17,00575,勵晶太平洋,1.02,78.95,4608460,297652098.0,278.49,,0.0,0
2026-06-17,01273,香港信貸,0.75,22.95,1540040,311250000.0,142.6,,0.0,0
2026-06-17,01380,中國金石,0.63,10.53,3245900,325677026.0,11.54,,0.0,0
2026-06-17,01856,依波路,1.14,-35.59,845600,410693564.0,13.07,,0.0,0
2026-06-18,08226,樹熊金融集團,0.098,30.67,2542330,40915391.0,2152.69,,0.0,0
2026-06-18,08096,賞之味股權,0.145,11.54,1759200,69781250.0,63.34,,0.0,0
2026-06-18,00171,銀建國際,0.038,-9.52,643000,87584285.0,12.7,,0.0,0
2026-06-18,00899,中加國信,0.199,-12.72,3578790,88586643.0,39.75,,0.0,0
2026-06-18,01134,恆發光學,0.385,22.22,20439050,192500000.0,249.37,,0.0,0
2026-06-18,01557,劍虹集團控股,0.52,4.0,1081100,249600000.0,28.76,,0.0,0
2026-06-18,00869,彩星玩具,0.47,-2.08,3349610,533450000.0,50.13,,0.0,0
2026-06-18,01303,匯力資源,0.27,23.85,911050,567848148.0,11.82,,0.0,0
2026-06-18,01466,佰金生命科學,0.62,12.73,3942560,577997533.0,25.88,,0.0,0
2026-06-18,01693,璋利國際,7.35,2.8,3000760,590045064.0,36.6,,0.0,0
2026-06-18,00351,亞洲能源物流,0.35,-7.89,574750,698241335.0,13.57,,0.0,0
2026-06-18,01425,捷隆控股,0.582,0.0,7035300,727500000.0,22.86,,0.0,0
2026-06-18,00554,漢思集團控股,0.205,6.22,6568230,899403281.0,45.97,,0.0,0
2026-06-22,09600,新紐科技,0.153,-8.38,1355260,152673265.0,22.93,,0.0,0
2026-06-22,00442,域能控股,0.68,-6.85,511250,176222000.0,10.53,,0.0,0
2026-06-22,00417,謝瑞麟,0.73,10.61,1909140,181902882.0,204.23,,0.0,0
2026-06-22,01987,BENG SOON MACH,0.219,4.29,528210,219000000.0,11.33,,0.0,0
2026-06-22,08646,中國宏光,0.385,79.91,22283900,301451150.0,64.6,,0.0,0
2026-06-22,01332,透雲生物,0.135,6.3,1204700,378803540.0,60.34,,0.0,0
2026-06-22,02028,映美控股,0.73,-9.88,24953520,626583893.0,12.18,,0.0,0
2026-06-22,00610,惠記集團,0.85,2.41,1324460,674155429.0,17.74,,0.0,0
2026-06-22,09689,金泰豐國際控股,0.62,-11.43,1520400,691920000.0,13.51,,0.0,0
2026-06-22,01202,四威科技,1.749,14.39,6132700,699600000.0,12.84,,0.0,0
2026-06-22,00210,達芙妮國際,0.37,4.23,6492570,732081419.0,61.03,,0.0,0
2026-06-22,01466,佰金生命科學,0.9,45.16,13799020,839028676.0,26.82,,0.0,0
2026-06-23,08031,易通訊集團,0.375,-14.77,656170,133029375.0,10.23,,0.0,0
2026-06-23,06918,九泰數智,0.155,10.71,8582610,135529954.0,34.07,,0.0,0
2026-06-23,01408,濠江機電,0.295,-20.27,735800,147500000.0,15.45,,0.0,0
2026-06-23,01752,澳洲成峰高教,0.128,39.13,51778160,285676288.0,1570.32,,0.0,0
2026-06-23,01182,勝龍國際,0.97,12.79,1226860,330590130.0,13.67,,0.0,0
2026-06-23,00809,大成生化科技,0.38,-30.91,1748550,637952038.0,10.55,,0.0,0
2026-06-23,02458,望塵科技控股,4.66,1.08,2413910,665029196.0,17.88,,0.0,0
2026-06-23,00184,激成投資,2.23,-4.7,754300,758646000.0,22.83,,0.0,0
2026-06-23,01204,博維智慧,1.7,9.68,4253800,850000000.0,32.4,,0.0,0
2026-06-24,00197,亨泰,0.31,-1.59,1030790,64855240.0,23.59,,0.0,0
2026-06-24,08123,華億金控,0.27,91.49,4957260,93055042.0,26.46,,0.0,0
2026-06-24,08160,GOLDWAY EDU,0.62,0.0,1342680,133171003.0,54.09,,0.0,0
2026-06-24,00841,木薯資源,0.235,25.67,559660,137410778.0,62.12,,0.0,0
2026-06-24,01222,宏安集團,0.021,5.0,1139950,284312636.0,14.02,,0.0,0
2026-06-24,02263,富石金融,0.36,5.88,1044700,360000000.0,26.56,,0.0,0
2026-06-24,08512,凱富善集團控股,0.405,10.96,1757400,371992500.0,18.95,,0.0,0
2026-06-24,08611,九福來,0.675,0.0,3895450,402309582.0,15.44,,0.0,0
2026-06-24,01097,周大福媒體娛樂,0.069,25.45,13254560,492289023.0,241.16,,0.0,0
2026-06-24,02146,榮萬家,1.39,0.72,582490,522640000.0,24.55,,0.0,0
2026-06-24,08403,德豐宿來,3.25,3.17,1248200,549900000.0,12.43,,0.0,0
2026-06-24,02536,百樂皇宮,1.19,0.85,4998000,959846860.0,13.93,,0.0,0
2026-06-25,08315,新都酒店,0.077,1.32,638920,44771053.0,381.67,,0.0,0
2026-06-25,08406,中國口腔產業,0.061,15.09,630800,120146681.0,31.73,,0.0,0
2026-06-25,08050,城市酷選,1.45,4.32,664800,393312500.0,18.65,,0.0,0
2026-06-25,01319,靄華押業信貸,0.269,-1.82,662840,517638961.0,40.96,,0.0,0
2026-06-25,01499,歐科雲鏈,0.118,7.27,10382380,633720180.0,52.59,,0.0,0
2026-06-26,08245,烽翼集團,0.081,-10.0,640180,23452843.0,15.22,,0.0,0
2026-06-26,02112,恩典生命科技,0.038,-44.12,856750,57000000.0,14.72,,0.0,0
2026-06-26,08406,中國口腔產業,0.08,31.15,1242510,157569418.0,15.22,,0.0,0
2026-06-26,01156,CHINANEWENERGY,0.238,16.1,2917300,168435141.0,25.6,,0.0,0
2026-06-26,01540,澳獅環球,0.495,25.32,2664300,246842552.0,12.76,,0.0,0
2026-06-26,01087,威訊控股,1.03,25.61,1862850,247061568.0,14.6,,0.0,0
2026-06-26,01419,盈健醫療,0.73,-1.35,740880,277073130.0,30.39,,0.0,0
2026-06-26,01962,訓修實業,0.46,3.37,2374670,283422560.0,512.89,,0.0,0
2026-06-26,01429,天任集團,0.19,3.83,11395200,304000000.0,37.12,,0.0,0
2026-06-26,01831,十方控股,0.7,16.67,26397810,752814684.0,12.01,,0.0,0
2026-06-26,01082,源宇宙教育,1.46,4.29,3985600,887748445.0,17.41,,0.0,0
2026-06-26,02153,達豐設備,0.78,0.0,7268040,910159575.0,701.68,,0.0,0
2026-06-29,03822,三和建築集團,1.08,-6.09,1118960,90720000.0,56.16,,0.0,0
2026-06-29,02349,中國智能基礎設施,0.06,9.09,1348640,187696713.0,19.84,,0.0,0
2026-06-29,01314,翠華控股,0.148,8.03,733300,208861515.0,24.38,,0.0,0
2026-06-29,01087,威訊控股,1.6,55.34,4980790,383784960.0,15.88,,0.0,0
2026-06-29,00280,景福集團,0.54,11.34,2531120,491026571.0,19.97,,0.0,0
2026-06-29,01260,皓天財經集團,0.43,-10.42,1312690,495125220.0,17.34,,0.0,0
2026-06-30,01745,驢跡科技,0.041,-30.51,2091732,2075257.0,14.9,,0.0,0
2026-06-30,00204,資本界金控,0.09,-37.06,936275,22414962.0,12.49,,0.0,0
2026-06-30,08112,基石金融,0.11,2.8,1108510,25236029.0,367.79,,0.0,0
2026-06-30,08340,紫荊國際金融,0.53,1.92,522600,42394700.0,71.69,,0.0,0
2026-06-30,01162,瑩嵐集團,0.189,5.59,4577700,113400000.0,15.95,,0.0,0
2026-06-30,00139,小魚盈通,0.14,23.89,5476940,206393847.0,19.21,,0.0,0
2026-06-30,01966,中駿集團控股,0.064,39.13,1230790,270271112.0,32.86,,0.0,0
2026-06-30,01327,勵時集團,1.25,56.25,933260,323481600.0,29.51,,0.0,0
2026-06-30,01662,義合控股,0.63,-23.17,1157370,324450000.0,11.74,,0.0,0
2026-06-30,01087,威訊控股,1.8,12.5,75454410,431758080.0,93.59,,0.0,0
2026-06-30,00616,財富鏈,0.235,23.68,7223020,438821222.0,12.73,,0.0,0
2026-06-30,02189,嘉濤(香港)控股,0.465,0.0,1640560,465000000.0,10.44,,0.0,0
2026-07-02,08340,紫荊國際金融,0.53,0.0,1592200,42394700.0,28.72,,0.0,0
2026-07-02,01894,恆益控股,0.5,31.58,3188400,116678500.0,29.53,,0.0,0
2026-07-02,01949,佰達國際控股,0.72,24.14,628340,165888000.0,10.46,,0.0,0
2026-07-02,00617,百利保控股,0.159,-1.24,776870,177219090.0,10.34,,0.0,0
2026-07-02,00969,華聯國際,0.085,6.25,644210,186250300.0,100.49,,0.0,0
2026-07-02,01552,BHCC HOLDING,0.275,10.0,865200,220000000.0,38.15,,0.0,0
2026-07-02,00139,小魚盈通,0.166,18.57,7844790,244724132.0,10.33,,0.0,0
2026-07-02,01314,翠華控股,0.18,11.11,1465820,254020761.0,11.98,,0.0,0
2026-07-02,01098,路勁,0.51,-10.53,993450,382161649.0,21.77,,0.0,0
2026-07-02,02515,天津建發,1.25,6.84,4305500,388428436.0,44.2,,0.0,0
2026-07-02,02336,碩奧國際,0.26,18.18,885150,472136799.0,16.31,,0.0,0
2026-07-02,00635,彩星集團,0.475,-1.04,619120,982300000.0,14.32,,0.0,0
2026-07-03,08462,中安控股集團,0.083,-14.43,1081900,49800000.0,88.61,,0.0,0
2026-07-03,01160,金石資本集團,0.35,40.0,3026000,83044938.0,44.4,,0.0,0
2026-07-03,08027,吉輝控股,0.128,-4.48,665050,90931200.0,45.28,,0.0,0
2026-07-03,00653,卓悅控股,0.049,113.04,11717230,91869025.0,25.01,,0.0,0
2026-07-03,03313,雅高控股,0.72,-6.49,2715500,102391533.0,28.51,,0.0,0
2026-07-03,08360,簡樸新生活,0.39,-1.27,730080,141203288.0,77.03,,0.0,0
2026-07-03,08368,中國創意控股,0.22,4.27,5724040,152287898.0,189.19,,0.0,0
2026-07-03,06163,彭順國際,0.67,42.55,1017220,185257680.0,75.4,,0.0,0
2026-07-03,02322,新質數字,0.088,2.33,6680190,389012800.0,26.15,,0.0,0
2026-07-03,00519,諾科達科技,0.158,3.95,677790,482706707.0,17.81,,0.0,0
2026-07-03,06919,人瑞人才,3.28,-12.53,1427740,519701827.0,868.45,,0.0,0
2026-07-03,00225,博富臨置業,5.3,0.0,657180,583950740.0,19.37,,0.0,0
2026-07-03,02438,出門問問,0.395,29.51,10349200,611793521.0,18.24,,0.0,0
2026-07-03,02289,創美藥業,7.3,0.0,1551250,788400000.0,77.22,,0.0,0
2026-07-06,01738,飛尚無煙煤,0.062,44.19,1351230,85593840.0,95.45,,0.0,0
2026-07-06,06988,樂享集團,0.05,-32.43,3478200,118596360.0,53.04,,0.0,0
2026-07-06,01130,中國環境資源,0.62,-1.59,2384000,348978871.0,13.51,,0.0,0
2026-07-06,00037,遠東酒店實業,0.55,10.0,3881200,413891396.0,28.97,,0.0,0
2026-07-06,02503,中深建業,0.176,-4.86,1674540,604181793.0,25.26,,0.0,0
2026-07-07,01063,新確科技(新),0.048,11.63,2972649,14769951.0,37.29,,0.0,0
2026-07-07,08072,蘭谷股份,0.34,-1.45,578000,57238706.0,12.28,,0.0,0
2026-07-07,01232,金輪天地控股,0.32,-8.57,746370,67334885.0,30.28,,0.0,0
2026-07-07,08320,沛然環保,0.103,0.0,735180,75518570.0,20.15,,0.0,0
2026-07-07,01871,向中國際,0.305,-11.59,1208340,132967249.0,24.59,,0.0,0
2026-07-07,01486,思城控股,0.36,-28.0,513250,155660821.0,13.53,,0.0,0
2026-07-07,01120,雅視光學,0.95,25.0,503580,366950205.0,389.77,,0.0,0
2026-07-07,02505,EDA集團控股,0.86,17.81,1078280,398451545.0,31.31,,0.0,0
2026-07-07,02415,梅斯健康,0.79,-20.2,869800,479665050.0,35.99,,0.0,0
2026-07-07,02625,江蘇宏信,2.42,3.86,4596600,570247747.0,85.45,,0.0,0
2026-07-07,08037,中國生物科技服務,0.59,34.09,632080,575681378.0,10.9,,0.0,0
2026-07-07,06898,中國鋁罐,0.85,-1.16,8515460,800190850.0,169.21,,0.0,0
2026-07-08,08489,裕程物流,0.179,-12.68,528400,55055925.0,15.37,,0.0,0
2026-07-08,01421,恆昌集團國際,0.395,1.28,891580,79077104.0,21.79,,0.0,0
2026-07-08,02223,卡撒天嬌,0.65,-20.73,1135160,167798800.0,45.19,,0.0,0
2026-07-08,08329,海王英特龍,0.126,15.6,568830,211428000.0,10.63,,0.0,0
2026-07-09,08283,中食民安,0.39,5.41,8729600,134784000.0,61.21,,0.0,0
2026-07-09,01841,優越集團控股,0.44,79.59,3108300,176000000.0,208.48,,0.0,0
2026-07-09,00689,長盈集團(控股),0.181,-4.74,19410220,336249440.0,65.37,,0.0,0
2026-07-09,01327,勵時集團,1.37,7.03,2255810,354535834.0,10.23,,0.0,0
2026-07-09,01710,致豐工業電子,0.45,47.54,4977640,450000000.0,15.84,,0.0,0
2026-07-09,02625,江蘇宏信,2.43,0.41,21762400,572604143.0,42.29,,0.0,0
2026-07-09,00201,華大酒店,0.067,0.0,851160,599452439.0,12.8,,0.0,0
2026-07-09,06162,天瑞汽車內飾,0.35,32.08,44523640,840000000.0,110.73,,0.0,0
2026-07-09,02098,卓爾智聯,0.07,-15.66,694390,867965406.0,10.43,,0.0,0
2026-07-10,02231,景業名邦集團,0.015,0.0,931860,24692595.0,18.02,,0.0,0
2026-07-10,08245,烽翼集團,0.096,-12.73,3495390,27795962.0,13.99,,0.0,0
2026-07-10,00261,GBA集團,0.197,23.12,3074360,65278251.0,182.64,,0.0,0
2026-07-10,01870,綠色電能集團,0.167,-44.33,6428610,169867390.0,12.58,,0.0,0
2026-07-10,01563,友聯國際教育租賃,0.126,-0.79,624200,213055164.0,16.43,,0.0,0
2026-07-10,03789,禦佳控股,0.215,11.98,3565400,258000000.0,36.39,,0.0,0
2026-07-10,02439,中寶新材,0.33,-2.94,9012000,396000000.0,17.7,,0.0,0
2026-07-10,02239,國微控股,1.34,31.37,1113060,435408867.0,15.06,,0.0,0
2026-07-10,06676,找鋼網-W,0.63,43.18,14246100,675188878.0,45.63,,0.0,0
2026-07-13,08057,麥迪森控股,0.52,-8.77,649760,81006539.0,177.34,,0.0,0
2026-07-13,08121,國恩控股,0.54,13.68,1782590,81021600.0,19.33,,0.0,0
2026-07-13,01452,迪諾斯環保,0.205,25.0,1417300,157993033.0,29.51,,0.0,0
2026-07-13,00114,興利集團,0.65,-2.99,666250,392918996.0,35.11,,0.0,0
2026-07-13,01746,萬順集團控股,0.51,20.0,11307760,510000000.0,146.28,,0.0,0
2026-07-13,01959,中聚投資,1.58,-3.07,2711980,837403160.0,13.55,,0.0,0
2026-07-13,02536,百樂皇宮,1.19,5.31,1001910,959846860.0,13.61,,0.0,0
2026-07-14,01340,惠生國際,0.5,-9.09,1362870,69212850.0,16.62,,0.0,0
2026-07-14,08123,華億金控,0.275,19.57,1207979,94778283.0,23.06,,0.0,0
2026-07-14,01421,恆昌集團國際,0.51,10.87,6462550,102099552.0,19.77,,0.0,0
2026-07-14,00544,大同集團,1.18,-21.33,525500,145954737.0,57.72,,0.0,0
2026-07-14,00110,中國長遠,0.59,28.26,1522380,164347974.0,12.32,,0.0,0
2026-07-14,09968,匯景控股,0.034,17.24,530186,178636000.0,18.19,,0.0,0
2026-07-14,01529,樂氏國際控股,0.29,-30.95,2693900,193453200.0,39.58,,0.0,0
2026-07-14,06033,電訊數碼控股,0.52,-10.34,858590,209951560.0,18.65,,0.0,0
2026-07-14,01402,超智能控股,0.305,-1.61,705200,320402500.0,13.28,,0.0,0
2026-07-14,02515,天津建發,1.15,-3.36,12283820,357354161.0,14.41,,0.0,0
2026-07-14,02863,高豐集團控股,0.88,14.29,152287212,606769680.0,143.48,,0.0,0
2026-07-14,01846,德視佳,2.38,3.03,901760,763280280.0,15.33,,0.0,0
2026-07-15,08309,萬成環球控股,0.085,16.44,518620,51000000.0,27.81,,0.0,0
2026-07-15,01676,高地股份,0.205,0.49,752450,80902090.0,166.84,,0.0,0
2026-07-15,08427,萬順瑞強集團,5.01,43.14,618520,83003836.0,17.31,,0.0,0
2026-07-15,00643,恆富控股,0.201,21.82,981950,180868956.0,25.2,,0.0,0
2026-07-15,00730,首惠產業金融,0.112,-9.68,1495544,442841135.0,22.11,,0.0,0
2026-07-15,02539,樂摩科技,9.01,18.24,927093,500555956.0,12.51,,0.0,0
2026-07-15,02405,力盟科技,0.65,14.04,740320,520000000.0,69.91,,0.0,0
2026-07-15,06182,乙德投資控股,0.72,1.41,5813760,576000000.0,19.27,,0.0,0
2026-07-16,08401,華夏水務集團,0.044,37.5,512074,35781267.0,21.18,,0.0,0
2026-07-16,08163,聲揚集團,0.039,0.0,4017940,39984969.0,538.6,,0.0,0
2026-07-16,01400,滿地科技股份,0.016,-11.11,1375440,60828278.0,14.87,,0.0,0
2026-07-16,09958,力天影業,0.165,-15.82,40568617,82500000.0,32.6,,0.0,0
2026-07-16,01156,CHINANEWENERGY,0.32,30.61,5381865,226467417.0,39.31,,0.0,0
2026-07-16,01132,橙天嘉禾,0.081,10.96,647265,226773193.0,17.26,,0.0,0
2026-07-16,00329,東建國際,0.171,-10.0,969152,256457236.0,99.67,,0.0,0
2026-07-16,03450,GX35美債,55.44,0.33,717536,379209600.0,518.83,,0.0,0
2026-07-16,01641,紅星冷鏈,4.6,5.26,6876760,452009800.0,67.37,,0.0,0
2026-07-16,02405,力盟科技,0.65,0.0,1482120,520000000.0,17.51,,0.0,0
2026-07-16,00587,海螺環保,0.285,-10.94,2196905,520628042.0,14.54,,0.0,0
2026-07-16,01461,中泰期貨,0.65,20.37,768750,651235000.0,124.7,,0.0,0
2026-07-16,09689,金泰豐國際控股,0.69,0.0,1192560,770040000.0,42.58,,0.0,0
2026-07-17,03401,GXAI基礎設施,96.36,-3.74,506596,16518898.0,10.85,,0.0,0
2026-07-17,03410,恆生日本東證一百,6.735,-2.88,589872,44921103.0,10.98,,0.0,0
2026-07-17,00209,萬維智能科技,0.48,4.35,124305160,71312246.0,12.74,,0.0,0
2026-07-17,08491,COOL LINK,0.27,-11.48,2886775,107623665.0,48.83,,0.0,0
2026-07-17,00989,中國長白山國際,0.45,-40.0,1393800,162081873.0,63.71,,0.0,0
2026-07-17,02017,滄海控股,0.265,15.22,707176,163903030.0,29.71,,0.0,0
2026-07-17,00776,帝國科技集團,0.415,3.75,1632375,278812583.0,20.17,,0.0,0
2026-07-17,01260,皓天財經集團,0.375,0.0,2973750,431795250.0,37.66,,0.0,0
2026-07-17,01243,宏安地產,0.032,-5.88,512076,486400000.0,15.7,,0.0,0
2026-07-17,02671,美聯股份,4.6,6.24,554946,554530023.0,21.9,,0.0,0
2026-07-17,01268,美東汽車,0.455,-12.5,6308351,612542476.0,12.23,,0.0,0
2026-07-17,02878,晶門半導體,0.29,-9.38,4408710,724348182.0,12.77,,0.0,0
2026-07-17,00420,福田實業,0.62,-3.12,537760,759516715.0,12.69,,0.0,0
2026-07-20,03435,恆生招商七十美債,74.22,-0.08,1484880,111330000.0,365.72,,0.0,0
2026-07-20,00328,ALCO HOLDINGS,0.46,5.75,40672110,131740389.0,49.71,,0.0,0
2026-07-20,00294,長江制衣,0.93,0.0,717960,192275350.0,10.92,,0.0,0
2026-07-20,02017,滄海控股,0.38,43.4,1193260,235030760.0,12.62,,0.0,0
2026-07-20,03404,華夏印度,6.36,0.0,5717625,289380000.0,45.61,,0.0,0
2026-07-20,03860,EPS創健科技,0.59,-3.28,817950,343633604.0,24.82,,0.0,0
2026-07-20,02779,中國新華教育,0.31,-3.12,1106600,498660730.0,21.13,,0.0,0
2026-07-20,01319,靄華押業信貸,0.285,-3.39,573080,548427896.0,482.39,,0.0,0
2026-07-20,01622,力高集團,0.159,-15.87,601248,564705882.0,15.53,,0.0,0
2026-07-20,00528,金達控股,1.1,6.8,6763820,692645800.0,205.2,,0.0,0
2026-07-20,01959,中聚投資,1.67,4.37,7803800,885103340.0,14.82,,0.0,0
2026-07-21,08191,鴻偉亞洲,0.095,-20.83,1340862,33633841.0,12.77,,0.0,0
2026-07-21,02320,合豐集團,0.086,36.51,1016198,70317384.0,23.12,,0.0,0
2026-07-21,01160,金石資本集團,0.4,0.0,8161000,94908500.0,25.97,,0.0,0
2026-07-21,01869,貓屎咖啡控股,0.12,26.32,6598550,203076000.0,49.56,,0.0,0
2026-07-21,00776,帝國科技集團,0.365,-6.41,5706675,245220706.0,15.44,,0.0,0
2026-07-21,01962,訓修實業,0.455,0.0,1368820,280341880.0,40.7,,0.0,0
2026-07-21,09938,華和控股,0.345,44.35,8984450,345000000.0,587.91,,0.0,0
2026-07-21,00875,從玉智農,0.495,1.02,2237380,346028053.0,13.14,,0.0,0
2026-07-21,01669,環球信貸集團,1.27,0.79,506760,508000000.0,10.24,,0.0,0
2026-07-21,00750,水發興業能源,0.21,2.44,966174,529427174.0,16.7,,0.0,0
2026-07-21,02501,邁越科技,1.26,18.87,3359900,630000000.0,19.36,,0.0,0
2026-07-21,02503,中深建業,0.26,12.07,7970524,892541284.0,10.31,,0.0,0
2026-07-21,02458,望塵科技控股,6.91,16.92,20425906,986126984.0,157.5,,0.0,0
2026-07-22,01340,惠生國際,0.51,-7.27,2391000,70597107.0,13.39,,0.0,0
2026-07-22,08221,高裕金融,2.16,-10.0,1911118,102816000.0,44.33,,0.0,0
2026-07-22,00185,正商實業,0.064,18.52,1000438,122456747.0,1569.07,,0.0,0
2026-07-22,02320,合豐集團,0.15,74.42,1921146,122646600.0,13.2,,0.0,0
2026-07-22,01718,宏基集團控股,0.445,8.54,2063585,135333400.0,11.02,,0.0,0
2026-07-22,01869,貓屎咖啡控股,0.1,-16.67,8348230,169230000.0,10.64,,0.0,0
2026-07-22,00243,品質國際,0.5,19.05,1581786,173245266.0,29.06,,0.0,0
2026-07-22,01416,CTR HOLDINGS,0.16,-11.11,2607640,224000000.0,53.98,,0.0,0
2026-07-22,01449,立德教育,0.32,3.23,4636630,256000000.0,76.09,,0.0,0
2026-07-22,00804,鼎石資本,3.8,14.46,564601,261440049.0,11.05,,0.0,0
2026-07-22,01102,環能國際,0.115,53.33,19292903,321929360.0,23.24,,0.0,0
2026-07-22,02322,新質數字,0.08,3.9,2816328,353648000.0,20.06,,0.0,0
2026-07-22,08350,立橋證券控股,0.39,1.3,834200,370524960.0,30.93,,0.0,0
2026-07-22,01692,登輝控股,1.37,-5.52,830140,491830000.0,15.47,,0.0,0
2026-07-22,02101,福祿控股,1.45,21.85,2054573,588730286.0,26.83,,0.0,0
2026-07-22,02501,邁越科技,1.26,0.0,11444740,630000000.0,22.82,,0.0,0
2026-07-22,02562,獅騰控股,1.54,13.24,350058610,718599528.0,19.44,,0.0,0
2026-07-23,01010,天璽曜11,0.04,-20.0,522234,17771767.0,21.19,,0.0,0
2026-07-23,08035,駿高控股,0.051,-1.92,1608640,30600000.0,223.67,,0.0,0
2026-07-23,00065,弘海高新資源,0.19,0.0,1520000,46652014.0,135.05,,0.0,0
2026-07-23,00171,銀建國際,0.046,27.78,1920540,106023082.0,1170.2,,0.0,0
2026-07-23,01718,宏基集團控股,0.55,23.6,12177150,167266000.0,31.69,,0.0,0
2026-07-23,01942,馬可數字科技,0.082,13.89,1129582,168787947.0,11.41,,0.0,0
2026-07-23,02320,合豐集團,0.213,42.0,8982443,174158172.0,26.6,,0.0,0
2026-07-23,00738,萊爾斯丹,0.28,0.0,2006946,194530297.0,76.31,,0.0,0
2026-07-23,09600,新紐科技,0.2,47.06,1905462,199572896.0,44.63,,0.0,0
2026-07-23,00236,香港生力啤,1.11,-3.48,787686,414663322.0,64.95,,0.0,0
2026-07-23,01986,彩客新能源,0.95,20.25,6323230,919490275.0,17.29,,0.0,0
2026-07-24,01232,金輪天地控股,0.28,0.0,582131,58918024.0,29.93,,0.0,0
2026-07-24,03313,雅高控股,0.73,4.29,1037295,103813637.0,79.16,,0.0,0
2026-07-24,00456,新城市建設發展,0.65,10.17,578340,139248775.0,12.72,,0.0,0
2026-07-24,01869,貓屎咖啡控股,0.084,-6.67,50989630,142153200.0,19.45,,0.0,0
2026-07-24,08326,同景新能源,0.145,6.62,945975,177915000.0,289.07,,0.0,0
2026-07-24,01942,馬可數字科技,0.095,15.85,15625182,195547012.0,79.86,,0.0,0
2026-07-24,02370,力高健康生活,1.08,1.89,1267270,216000000.0,40.24,,0.0,0
2026-07-24,01718,宏基集團控股,0.92,67.27,19550180,279790400.0,12.49,,0.0,0
2026-07-24,02540,樂思集團,0.8,-8.05,637800,480000000.0,17.98,,0.0,0
2026-07-24,06113,比特策略,1.26,-6.67,1129580,504000000.0,32.49,,0.0,0
2026-07-24,06828,北京燃氣藍天,0.031,6.9,8225176,704819556.0,51.05,,0.0,0
2026-07-24,00353,能源國際投資,0.365,5.8,847820,772180455.0,13.25,,0.0,0
2026-07-24,02535,泓基集團,0.445,-7.29,26221900,890000000.0,14.31,,0.0,0
2026-07-27,08401,華夏水務集團,0.041,-6.82,1053738,33341635.0,17.18,,0.0,0
2026-07-27,08340,紫荊國際金融,0.62,0.0,1447000,49593800.0,57.34,,0.0,0
2026-07-27,08232,一木集團,0.95,26.67,914400,52962500.0,19.86,,0.0,0
2026-07-27,00810,中國鑄晨81,0.097,27.63,2030454,69136862.0,53.72,,0.0,0
2026-07-27,00544,大同集團,0.69,-30.3,1360955,85346414.0,14.08,,0.0,0
2026-07-27,03313,雅高控股,0.74,1.37,1856235,105235742.0,16.13,,0.0,0
2026-07-27,01933,元力控股,0.24,11.63,633120,120942522.0,19.02,,0.0,0
2026-07-27,00164,中國寶力科技,0.475,1.06,1519675,165899793.0,28.0,,0.0,0
2026-07-27,02349,中國智能基礎設施,0.099,30.26,3778968,309699576.0,49.82,,0.0,0
2026-07-27,01822,中木國際,0.183,4.57,723420,361204917.0,10.1,,0.0,0
2026-07-27,01633,上諭集團,0.6,39.53,22452690,410850000.0,67.0,,0.0,0
2026-07-28,00145,信能低碳,0.189,10.53,1576929,69212143.0,10.65,,0.0,0
2026-07-28,08320,沛然環保,0.129,17.27,727100,94581510.0,58.55,,0.0,0
2026-07-28,08483,名仕快相,0.218,94.64,4749504,174400000.0,447.84,,0.0,0
2026-07-28,06978,永泰生物-B,0.365,-29.81,1708690,225387792.0,23.65,,0.0,0
2026-07-28,03662,星悅康旅,0.345,-2.82,1223305,250556250.0,12.07,,0.0,0
2026-07-28,01795,亞東集團,0.42,-13.4,583770,252000000.0,59.16,,0.0,0
2026-07-28,02885,彼岸控股,0.85,1.19,506420,340000000.0,11.44,,0.0,0
2026-07-28,00235,中策資本控股,0.02,0.0,1574375,407705077.0,11.07,,0.0,0
2026-07-28,02439,中寶新材,0.34,-10.53,57887450,408000000.0,11.27,,0.0,0
2026-07-28,00672,眾安集團,0.083,3.75,518618,467772213.0,12.2,,0.0,0
2026-07-28,01037,雲智匯科技,0.68,61.9,18616260,480197945.0,171.46,,0.0,0
2026-07-28,01243,宏安地產,0.033,0.0,934728,501600000.0,10.48,,0.0,0
2026-07-28,03406,平安科技精選,14.59,-1.15,551424,543477500.0,15.41,,0.0,0
2026-07-28,03477,平安東西精選,17.12,-0.47,511512,633440000.0,21.91,,0.0,0
2026-07-28,01553,邁科管業,1.5,0.67,620940,650700000.0,22.89,,0.0,0
2026-07-28,00993,信控國際資本,0.098,-5.77,1484788,853539429.0,52.87,,0.0,0
2026-07-29,01166,星凱控股,0.189,1.61,922990,26926191.0,81.92,,0.0,0
2026-07-29,08456,民信國際控股,0.29,0.0,1271533,38338856.0,401.11,,0.0,0
2026-07-29,08203,凱順控股,0.089,11.25,1193240,51924010.0,353.8,,0.0,0
2026-07-29,01884,EPRINT集團,0.131,19.09,603592,72050000.0,24.0,,0.0,0
2026-07-29,01933,元力控股,0.315,21.15,2446480,158737061.0,13.96,,0.0,0
2026-07-29,01134,恆發光學,0.335,11.67,4553240,167500000.0,244.82,,0.0,0
2026-07-29,00928,帝王國際投資,0.102,37.84,2576964,188743356.0,14.22,,0.0,0
2026-07-29,01987,BENG SOON MACH,0.217,0.0,614412,217000000.0,21.95,,0.0,0
2026-07-29,01545,設計都會,0.149,4.2,537800,298000000.0,13.86,,0.0,0
2026-07-29,00114,興利集團,0.69,4.55,728200,417098626.0,36.08,,0.0,0
2026-07-29,00804,鼎石資本,6.52,59.02,11779110,448576085.0,122.63,,0.0,0
2026-07-29,03477,平安東西精選,17.38,1.52,2115988,643060000.0,28.66,,0.0,0
2026-07-29,01710,致豐工業電子,0.66,45.05,9829260,660000000.0,19.63,,0.0,0
2026-07-29,00391,美亞娛樂資訊,0.16,49.53,1802200,947798164.0,12.78,,0.0,0
2026-07-29,02651,大眾口腔,19.11,0.53,4866048,966565493.0,20.52,,0.0,0
2026-07-30,01063,新確科技(新),0.063,16.67,581392,19385561.0,18.75,,0.0,0
2026-07-30,01166,星凱控股,0.202,6.88,1453191,28778257.0,14.08,,0.0,0
2026-07-30,08245,烽翼集團,0.111,-1.77,767900,32139081.0,12.41,,0.0,0
2026-07-30,03919,金力集團,0.74,-15.91,1136185,33575280.0,55.36,,0.0,0
2026-07-30,01850,美好生活集團控股,0.435,10.13,15718748,75168000.0,27.5,,0.0,0
2026-07-30,01884,EPRINT集團,0.141,7.63,1924716,77550000.0,22.51,,0.0,0
2026-07-30,08221,高裕金融,2.18,0.0,7881250,103768000.0,13.25,,0.0,0
2026-07-30,01542,台州水務,0.68,-22.73,1627590,136000000.0,341.36,,0.0,0
2026-07-30,01094,承輝國際,0.26,8.33,4603600,184863955.0,208.72,,0.0,0
2026-07-30,08237,華星控股,1.0,-3.85,1998000,201024000.0,18.88,,0.0,0
2026-07-30,00110,中國長遠,0.75,-6.25,6259200,208916916.0,10.8,,0.0,0
2026-07-30,01661,中國前沿科技集團,1.54,-4.35,4622160,293053068.0,11.45,,0.0,0
2026-07-30,00582,神話世界,0.088,20.55,874537,321330362.0,12.76,,0.0,0
2026-07-30,01500,現恆建築,0.4,65.29,15296525,332000000.0,280.09,,0.0,0
2026-07-30,06828,北京燃氣藍天,0.037,8.82,11797125,841236244.0,10.19,,0.0,0
2026-07-30,00419,弘毅文化集團,0.51,25.93,3963350,896148743.0,11.19,,0.0,0
2026-07-31,02211,大健康國際,0.68,4.62,15667542,75171428.0,56.23,,0.0,0
2026-07-31,00910,中國三迪,0.016,14.29,594937,81411321.0,10.54,,0.0,0
2026-07-31,08125,榮記萬通,0.5,4.17,4502880,108366336.0,81.33,,0.0,0
2026-07-31,08368,中國創意控股,0.196,3.16,5161360,135674673.0,1305.68,,0.0,0
2026-07-31,01759,中油潔能控股,0.68,-5.56,526570,146880000.0,13.67,,0.0,0
2026-07-31,00380,中國管業,0.13,10.17,713788,173194580.0,79.49,,0.0,0
2026-07-31,01843,快餐帝國,0.265,10.42,645892,212000000.0,10.29,,0.0,0
2026-07-31,02680,南強控股,5.5,-9.09,763760,330000000.0,15.48,,0.0,0
2026-07-31,00698,通達集團,1.92,2.13,734650,373847332.0,10.24,,0.0,0
2026-07-31,02683,華新手袋國際控股,1.09,-0.91,799180,445402340.0,10.52,,0.0,0
2026-07-31,00018,東方傳媒集團,0.225,-3.85,1931227,539531527.0,23.66,,0.0,0
2026-07-31,02262,梁志天設計集團,0.49,0.0,3120765,559286490.0,10614.85,,0.0,0
2026-07-31,01553,邁科管業,1.55,3.33,2715600,672390000.0,27.15,,0.0,0
2026-07-31,02100,百奧家庭互動,0.35,-1.41,1990060,999803700.0,12.48,,0.0,0
2026-08-03,08079,曌生命,0.89,36.92,2541050,32607109.0,21.69,,0.0,0
2026-08-03,01825,STERLING GP,1.96,113.04,7337710,81285120.0,108.58,,0.0,0
2026-08-03,02223,卡撒天嬌,0.53,6.0,673210,136820560.0,28.8,,0.0,0
2026-08-03,02215,德信服務集團,0.151,86.42,4307281,138600031.0,49.04,,0.0,0
2026-08-03,06663,國際永勝集團,0.285,0.0,559250,228000000.0,30.03,,0.0,0
2026-08-03,01843,快餐帝國,0.32,20.75,1854620,256000000.0,14.91,,0.0,0
2026-08-03,01732,象興科技,0.208,-0.95,637640,266240000.0,39.16,,0.0,0
2026-08-03,02129,LEGION CONSO,0.244,20.2,1425795,305000000.0,35.27,,0.0,0
2026-08-03,00377,中國華君,2.3,27.78,523020,431231257.0,14.98,,0.0,0
2026-08-03,01522,京投交通科技,0.225,-13.46,1931180,471858014.0,22.2,,0.0,0
2026-08-03,02262,梁志天設計集團,0.49,0.0,4148340,559286490.0,13.28,,0.0,0
2026-08-03,02381,蜆殼電業,0.305,-4.69,10496800,610000000.0,10.72,,0.0,0
2026-08-04,08455,禮建德集團,0.016,-27.27,938430,15360000.0,10.67,,0.0,0
2026-08-04,03460,華夏SOL,2.952,1.3,507812,48117600.0,13.71,,0.0,0
2026-08-04,00261,GBA集團,0.246,12.33,5307746,81514973.0,466.55,,0.0,0
2026-08-04,03301,融信中國,0.073,37.74,1508548,122890493.0,130.87,,0.0,0
2026-08-04,02699,新明中國,5.3,5.47,42266544,139393752.0,489.72,,0.0,0
2026-08-04,01596,翼辰實業,0.295,-18.06,789805,264862800.0,23.59,,0.0,0
2026-08-04,02215,德信服務集團,0.335,121.85,6136460,307490135.0,11.89,,0.0,0
2026-08-04,01046,寰宇娛樂文化,0.39,-1.27,7970350,353586588.0,110.21,,0.0,0
2026-08-04,01251,華油能源,0.183,-17.94,3771964,357608352.0,58.4,,0.0,0
2026-08-04,00229,利民實業,0.785,-5.42,553875,393540015.0,168.61,,0.0,0
2026-08-04,06829,龍升集團控股,1.735,2.06,860055,499680000.0,18.37,,0.0,0
2026-08-04,00377,中國華君,4.74,106.09,2632176,888711374.0,31.29,,0.0,0
2026-08-05,01400,滿地科技股份,0.018,0.0,1068510,68431813.0,40.79,,0.0,0
2026-08-05,06158,正榮地產,0.017,54.55,992819,74251852.0,179.55,,0.0,0
2026-08-05,08121,國恩控股,0.5,-9.09,718300,75020000.0,104.11,,0.0,0
2026-08-05,01338,霸王集團,0.029,-12.12,581984,91710781.0,17.44,,0.0,0
2026-08-05,01777,花樣年控股(新),0.028,-26.32,1774634,101594285.0,27.29,,0.0,0
2026-08-05,01233,時代中國控股,0.04,53.85,946091,119843711.0,28.24,,0.0,0
2026-08-05,08029,中投金融科技集團,0.475,7.95,4488850,133038770.0,1148.04,,0.0,0
2026-08-05,03418,華夏數字黃金,33.7,2.43,675045,136933884.0,10.11,,0.0,0
2026-08-05,02699,新明中國,5.43,2.45,52257075,142812844.0,12.13,,0.0,0
2026-08-05,01451,萬成集團股份,1.0,2.04,1469200,204400000.0,12.85,,0.0,0
2026-08-05,01637,順興集團控股,0.55,22.22,3742340,220000000.0,78.38,,0.0,0
2026-08-05,02286,辰興發展,0.385,263.21,2234675,230999996.0,18153.33,,0.0,0
2026-08-05,01120,雅視光學,0.63,-20.25,556070,243345926.0,149.64,,0.0,0
2026-08-05,09608,宋都服務,0.069,64.29,1641780,264960000.0,40.17,,0.0,0
2026-08-05,03301,融信中國,0.177,142.47,11676530,297967361.0,72.73,,0.0,0
2026-08-05,08090,寶蓋新材,5.69,3.45,2741120,329280300.0,14.55,,0.0,0
2026-08-05,01826,豐展控股,0.19,32.87,3542200,455544000.0,52.67,,0.0,0
2026-08-05,01638,佳兆業集團,0.042,13.51,5170458,479935234.0,10.27,,0.0,0
2026-08-05,08037,中國生物科技服務,0.65,3.17,6071575,634225248.0,25.93,,0.0,0
2026-08-05,01085,亨鑫科技,1.88,7.43,2206440,875328000.0,39.81,,0.0,0
2026-08-05,00420,福田實業,0.735,18.55,2096210,900394816.0,87.41,,0.0,0
2026-08-06,02608,陽光100中國,0.01,0.0,699599,25508115.0,19433.31,,0.0,0
2026-08-06,02048,易居企業控股,0.022,29.41,558724,38479310.0,13.68,,0.0,0
2026-08-06,03639,億達中國,0.03,25.0,999272,77519100.0,63.71,,0.0,0
2026-08-06,01233,時代中國控股,0.03,-25.0,2105626,89882783.0,16.55,,0.0,0
2026-08-06,00348,中國智能健康,0.108,80.0,3866097,99853650.0,129.38,,0.0,0
2026-08-06,01663,漢港控股,0.055,19.57,559658,135520000.0,33.28,,0.0,0
2026-08-06,00077,進智公共交通,0.51,2.0,569140,138675630.0,10.76,,0.0,0
2026-08-06,02221,創業集團控股,0.615,18.27,770956,141021476.0,15.56,,0.0,0
2026-08-06,01825,STERLING GP,4.23,11.32,61231119,175426560.0,17.17,,0.0,0
2026-08-06,01939,上善黃金,0.5,35.14,10309510,255940000.0,86.07,,0.0,0
2026-08-06,01451,萬成集團股份,1.28,28.0,2716920,261632000.0,10.64,,0.0,0
2026-08-06,08375,數盟資本,0.9,-18.92,1442400,311040000.0,21.92,,0.0,0
2026-08-06,00037,遠東酒店實業,0.485,-1.02,1795110,364976958.0,12.85,,0.0,0
2026-08-06,00825,新世界百貨中國,0.275,0.0,3094575,463689875.0,41.98,,0.0,0
2026-08-06,02167,天潤雲,3.0,-3.54,1215978,520141200.0,10.52,,0.0,0
2026-08-06,02281,興瀘水務,0.61,-6.15,647125,524423100.0,23.58,,0.0,0
2026-08-06,00711,亞洲聯合基建控股,0.45,1.12,2005750,829310267.0,40.71,,0.0,0
2026-08-07,03919,金力集團,0.71,3.65,6849660,32214120.0,38.9,,0.0,0
2026-08-07,08529,優博控股,0.27,29.81,2058400,138800250.0,12.07,,0.0,0
2026-08-07,01715,智慧健康科技,0.53,11.58,1756700,191202736.0,95.37,,0.0,0
2026-08-07,01460,揚科集團,0.237,1.28,949912,207988904.0,19.28,,0.0,0
2026-08-07,00021,大中華控股,0.082,17.14,932125,325969139.0,13.0,,0.0,0
2026-08-07,00606,中駿商管,0.236,-10.94,1602229,456660000.0,31.79,,0.0,0
2026-08-10,02231,景業名邦集團,0.011,10.0,815838,18107903.0,20.52,,0.0,0
2026-08-10,07777,南方東英 Berkshire 每日槓桿最多 (2x) 產品,62.08,0.94,2461484,27284781.0,12.7,,0.0,0
2026-08-10,02048,易居企業控股,0.029,52.63,1865778,50722726.0,18.16,,0.0,0
2026-08-10,08072,蘭谷股份,0.375,11.94,1061800,63130925.0,177.26,,0.0,0
2026-08-10,08491,COOL LINK,0.325,20.37,710350,129547005.0,32.52,,0.0,0
2026-08-10,01957,大人國際,0.31,14.81,835700,194680000.0,18.87,,0.0,0
2026-08-10,01182,勝龍國際,0.645,0.0,1032350,219825396.0,36.91,,0.0,0
2026-08-10,06893,衍生集團,0.213,3.9,731038,232552548.0,16.88,,0.0,0
2026-08-10,02176,賽迪顧問,0.49,-40.96,3286500,343000000.0,86.72,,0.0,0
2026-08-10,06885,金馬能源,0.72,20.0,34687085,385503120.0,446.76,,0.0,0
2026-08-10,02415,梅斯健康,0.75,0.0,4878660,455378212.0,201.75,,0.0,0
2026-08-10,06123,圓通國際快遞,1.3,8.33,911310,546247000.0,15.35,,0.0,0
2026-08-10,01669,環球信貸集團,1.43,5.15,2937820,572000000.0,14.04,,0.0,0
2026-08-10,00206,華商能源,0.196,-19.67,1550825,635713047.0,11.25,,0.0,0
2026-08-10,02167,天潤雲,4.5,50.75,7594592,780211800.0,37.31,,0.0,0
2026-08-11,08620,亞洲速運,0.155,8.39,1047840,97449275.0,37.66,,0.0,0
2026-08-11,01402,超智能控股,0.335,11.67,726750,351917500.0,13.17,,0.0,0
2026-08-11,01631,REF HOLDINGS,1.34,-2.19,767875,411648000.0,46.45,,0.0,0
2026-08-11,06182,乙德投資控股,0.63,-3.08,735840,504000000.0,10.24,,0.0,0
2026-08-11,02671,美聯股份,4.68,14.29,3570987,564174023.0,517.29,,0.0,0
2026-08-11,02536,百樂皇宮,0.84,0.0,747600,677538960.0,25.63,,0.0,0
2026-08-12,08191,鴻偉亞洲,0.134,25.23,6154148,47441418.0,129.94,,0.0,0
2026-08-12,08283,中食民安,0.158,-15.51,811475,54604800.0,14.64,,0.0,0
2026-08-12,08620,亞洲速運,0.156,0.65,1609585,98077980.0,12.34,,0.0,0
2026-08-12,02113,世紀集團國際,0.165,28.91,1125975,132783750.0,20.03,,0.0,0
2026-08-12,00295,江山控股,0.017,13.33,571250,254395523.0,19.08,,0.0,0
2026-08-12,01265,天津津燃公用,0.15,4.9,504030,275896170.0,18.79,,0.0,0
2026-08-12,06182,乙德投資控股,0.47,-25.4,9226440,376000000.0,63.43,,0.0,0
2026-08-12,01402,超智能控股,0.405,20.9,2478600,425452500.0,19.39,,0.0,0
2026-08-12,03828,明輝國際,0.765,-1.92,1068075,561710963.0,10.57,,0.0,0
2026-08-12,00210,達芙妮國際,0.32,-4.48,504910,633151497.0,17.32,,0.0,0
2026-08-12,02260,環龍控股,1.35,11.57,3005700,652646700.0,216.74,,0.0,0
2026-08-13,01351,輝煌明天,0.245,6.52,1466512,147000000.0,153.34,,0.0,0
2026-08-13,01002,威鋮國際,0.057,16.33,695440,158393583.0,25.39,,0.0,0
2026-08-13,02695,印象大紅袍,1.35,-14.01,1906969,194629500.0,27.24,,0.0,0
2026-08-13,08509,威揚酒業控股,0.6,0.0,535200,240000000.0,173.77,,0.0,0
2026-08-13,00936,佳兆業資本,0.345,32.69,926000,365700000.0,20.77,,0.0,0
2026-08-13,06890,康利國際控股,0.645,-25.86,741110,391032540.0,18.45,,0.0,0
2026-08-13,00366,陸氏集團(越南),0.805,-2.42,808210,403805241.0,16.8,,0.0,0
2026-08-13,08189,泰達生物,0.219,46.0,1045580,467324100.0,12.91,,0.0,0
2026-08-13,01075,首都信息,1.75,-5.91,963555,507165066.0,10.06,,0.0,0
2026-08-13,01630,建成控股,0.35,18.64,3018180,525000000.0,11.74,,0.0,0
2026-08-14,08472,立高控股,0.212,-3.64,1418394,24422400.0,37.7,,0.0,0
2026-08-14,08178,中國信息科技,0.165,0.0,567074,28397681.0,24.2,,0.0,0
2026-08-14,02113,世紀集團國際,0.163,-6.32,8327745,131174250.0,27.8,,0.0,0
2026-08-14,00905,胡桃資本,0.142,29.09,648817,149171126.0,13.41,,0.0,0
2026-08-14,01792,CMON,0.85,1.19,4301311,210528000.0,64.97,,0.0,0
2026-08-14,02370,力高健康生活,1.1,-3.51,1553250,220000000.0,20.26,,0.0,0
2026-08-14,00520,呷哺呷哺,0.28,14.75,1555170,304128855.0,10.85,,0.0,0
2026-08-14,02227,守益控股,0.34,6.25,819500,311304000.0,19.16,,0.0,0
2026-08-14,08350,立橋證券控股,0.38,0.0,5016040,361024320.0,191.98,,0.0,0
2026-08-14,01622,力高集團,0.126,-13.7,863610,447502775.0,11.48,,0.0,0
2026-08-14,02573,新琪安,5.52,15.0,1751030,531196412.0,16.36,,0.0,0
2026-08-14,03477,平安東西精選,17.51,0.23,546354,647870000.0,18.02,,0.0,0
2026-08-14,08148,悟喜生活,1.5,-14.29,770284,687225600.0,14.84,,0.0,0
2026-08-17,08226,樹熊金融集團,0.127,36.56,800085,53023007.0,68.0,,0.0,0
2026-08-17,08491,COOL LINK,0.247,3.35,7064470,98455723.0,18.28,,0.0,0
2026-08-17,00397,嬴集團,0.036,0.0,598930,123222208.0,11.52,,0.0,0
2026-08-17,00889,連達科技控股,0.495,17.86,1862170,158400000.0,14.73,,0.0,0
2026-08-17,00092,冠軍科技集團,0.2,26.58,530250,219522970.0,14.72,,0.0,0
2026-08-17,01397,碧瑤綠色集團,0.74,-20.0,2885580,307100000.0,27.85,,0.0,0
2026-08-17,00831,利亞零售,0.425,13.33,7489730,332408214.0,32.17,,0.0,0
2026-08-17,08350,立橋證券控股,0.385,1.32,8545440,365774640.0,16.19,,0.0,0
2026-08-17,01673,華章科技,0.26,-11.86,894400,414994857.0,13.43,,0.0,0
2026-08-17,01720,普天通信集團,0.39,27.87,10978760,429000000.0,10.95,,0.0,0
2026-08-17,00727,中國豐匯,0.41,-26.79,712295,521456040.0,94.72,,0.0,0
2026-08-17,00279,裕承科金,0.375,-2.6,2514496,523322738.0,44.8,,0.0,0
2026-08-18,08226,樹熊金融集團,0.116,-8.66,3657815,48430463.0,43.82,,0.0,0
2026-08-18,01176,珠光控股,0.022,46.67,1091660,194713921.0,13.99,,0.0,0
2026-08-18,06158,正榮地產,0.054,125.0,11711353,235858824.0,34.03,,0.0,0
2026-08-18,00767,中基長壽科學,0.415,3.75,1494590,264211534.0,10.4,,0.0,0
2026-08-18,00833,華訊,0.61,-25.15,4438579,288565490.0,17.46,,0.0,0
2026-08-18,01527,天潔環境,2.25,25.0,4284647,303750000.0,5174.69,,0.0,0
2026-08-18,02683,華新手袋國際控股,1.1,-0.9,734910,449488600.0,10.21,,0.0,0
2026-08-18,03686,祈福生活服務,0.495,-8.33,2522600,502796250.0,16.6,,0.0,0
2026-08-18,00279,裕承科金,0.385,2.67,5447726,537278010.0,18.35,,0.0,0
2026-08-18,02863,高豐集團控股,0.91,17.42,3705945,627455010.0,10.28,,0.0,0
2026-08-18,00334,華顯光電,0.33,-4.35,683942,697721617.0,25.73,,0.0,0
2026-08-18,09639,榮利營造,0.96,-6.8,2031100,960000000.0,29.93,,0.0,0
2026-08-19,01340,惠生國際,0.515,-0.96,538535,71289236.0,16.24,,0.0,0
2026-08-19,01949,佰達國際控股,0.595,5.31,6735540,137088000.0,83.8,,0.0,0
2026-08-19,01796,中國數智科技,0.31,41.55,5812590,148800000.0,13.0,,0.0,0
2026-08-19,00767,中基長壽科學,0.39,-6.02,4755750,248295177.0,16.45,,0.0,0
2026-08-19,01176,珠光控股,0.034,54.55,3373264,300921514.0,18.19,,0.0,0
2026-08-19,01732,象興科技,0.239,-3.63,5024660,305920000.0,24.51,,0.0,0
2026-08-19,01132,橙天嘉禾,0.11,19.57,1383420,307963596.0,19.52,,0.0,0
2026-08-19,01556,建業建榮,0.26,0.0,530400,390000000.0,22.85,,0.0,0
2026-08-19,00210,達芙妮國際,0.31,-8.82,736280,613365513.0,10.51,,0.0,0
2026-08-19,03428,GX國壽港美,11.2,-0.18,2566256,915040000.0,2403.54,,0.0,0
2026-08-20,08275,中國新消費集團,0.084,3.7,599020,80638786.0,73.75,,0.0,0
2026-08-20,01025,嘉藝控股,0.206,8.42,968624,92157693.0,14.33,,0.0,0
2026-08-20,03444,恆生香港股票,7.61,1.33,557813,95886000.0,307.07,,0.0,0
2026-08-20,02122,凱知樂國際,0.09,-35.25,1334612,122032286.0,56.8,,0.0,0
2026-08-20,02459,升能集團,0.63,16.67,2533145,122094000.0,14.27,,0.0,0
2026-08-20,00821,匯盈控股,0.35,16.67,3323722,129879827.0,12.76,,0.0,0
2026-08-20,08326,同景新能源,0.142,-5.96,7977550,174234000.0,1343.02,,0.0,0
2026-08-20,01978,敘福樓集團,0.235,-16.07,644444,188000000.0,106.8,,0.0,0
2026-08-20,01560,星星集團,0.445,256.0,7007278,285466610.0,838.11,,0.0,0
2026-08-20,01808,企展控股,2.02,-3.81,594108,494674134.0,10.59,,0.0,0
2026-08-20,00980,聯華超市,0.335,13.56,766270,495666000.0,10.19,,0.0,0
2026-08-20,01244,思路迪醫藥股份,3.42,56.88,13940300,882965340.0,38.68,,0.0,0
2026-08-21,02231,景業名邦集團,0.015,15.38,3382402,24692595.0,13.05,,0.0,0
2026-08-21,02608,陽光100中國,0.01,0.0,1111751,25508115.0,14.02,,0.0,0
2026-08-21,00471,中播數據,0.1,-24.81,1433642,47976214.0,38.91,,0.0,0
2026-08-21,08238,玖方數智,0.148,2.78,2712240,51557990.0,56.45,,0.0,0
2026-08-21,01225,隆成金融,0.231,-3.75,512226,53204477.0,53.51,,0.0,0
2026-08-21,00910,中國三迪,0.013,30.0,831570,66146698.0,16.32,,0.0,0
2026-08-21,08275,中國新消費集團,0.095,13.1,2372768,91198627.0,34.88,,0.0,0
2026-08-21,01025,嘉藝控股,0.205,-0.49,5854088,91710325.0,35.8,,0.0,0
2026-08-21,06158,正榮地產,0.035,-14.63,38459856,152871460.0,13.49,,0.0,0
2026-08-21,00970,新耀萊,0.295,0.0,1818860,199231840.0,151.59,,0.0,0
2026-08-21,01354,經發物業,3.01,46.83,4161474,200667068.0,16.85,,0.0,0
2026-08-21,01751,智算能建(二千),0.805,18.38,4333000,328175452.0,96.68,,0.0,0
2026-08-21,08090,寶蓋新材,6.1,10.81,1321322,353007000.0,15.7,,0.0,0
2026-08-21,03448,GX中國科技,120.5,1.56,8725638,361500000.0,12.37,,0.0,0
2026-08-21,00337,綠地香港,0.14,7.69,979713,390863856.0,22.99,,0.0,0
2026-08-21,01011,泰凌醫藥,0.36,18.03,1185500,646762891.0,45.52,,0.0,0
2026-08-21,06959,長久股份,3.52,0.0,3532997,711603200.0,104.74,,0.0,0
2026-08-21,06820,友誼時光,0.365,-7.59,1447540,796010250.0,11.66,,0.0,0
2026-08-21,01793,偉工控股,1.05,28.05,18373040,840000000.0,10.1,,0.0,0
2026-08-24,00601,稀鎂科技,0.07,12.9,739350,41481657.0,182.62,,0.0,0
2026-08-24,08007,環球戰略集團,0.46,5.75,1309850,104106017.0,33.39,,0.0,0
2026-08-24,02012,陽光油砂,0.215,41.45,3823142,152941205.0,34.62,,0.0,0
2026-08-24,08029,中投金融科技集團,0.7,0.0,3335275,196057135.0,812.99,,0.0,0
2026-08-24,01753,兌吧,0.248,78.42,4820145,267052154.0,386.6,,0.0,0
2026-08-24,02170,貝康醫療-B,1.34,-3.6,508312,366524840.0,13.25,,0.0,0
2026-08-24,06989,卓越商企服務,0.5,-5.66,973920,610174000.0,14.64,,0.0,0
2026-08-24,00377,中國華君,4.0,14.94,597918,749967404.0,10.57,,0.0,0
2026-08-25,08430,春能控股,0.079,3.95,504280,13179981.0,706.97,,0.0,0
2026-08-25,03460,華夏SOL,4.014,6.25,1724055,65428200.0,10.41,,0.0,0
2026-08-25,00076,誼礫控股,0.162,20.0,4583315,71993460.0,63.87,,0.0,0
2026-08-25,00065,弘海高新資源,0.295,9.26,768660,72433390.0,66.99,,0.0,0
2026-08-25,00254,國家聯合資源,0.2,49.25,2830726,135152568.0,13.75,,0.0,0
2026-08-25,02497,富景中國控股,0.595,-4.03,1690010,297500000.0,24.87,,0.0,0
2026-08-25,00124,粵海置地,0.201,1.01,784432,344018907.0,11.27,,0.0,0
2026-08-25,00114,興利集團,0.67,-6.94,1038425,405008811.0,17.53,,0.0,0
2026-08-25,09919,艾德韋宣集團,0.75,-2.6,774640,558163500.0,16.32,,0.0,0
2026-08-25,02251,鷹瞳科技-B,9.57,0.0,6374300,966773965.0,90.12,,0.0,0
2026-08-26,08121,國恩控股,0.37,-11.9,1149450,55514800.0,71.34,,0.0,0
2026-08-26,00736,中國置業投資,0.23,15.0,1132741,73737909.0,59.11,,0.0,0
2026-08-26,03444,恆生香港股票,7.59,0.93,940478,95634000.0,16.33,,0.0,0
2026-08-26,00254,國家聯合資源,0.192,-4.0,6272722,129746465.0,13.09,,0.0,0
2026-08-26,00660,瑋俊生物科技,0.48,11.63,1453990,184468697.0,83.4,,0.0,0
2026-08-26,01962,訓修實業,0.495,2.06,3713400,304987320.0,68.11,,0.0,0
2026-08-26,01087,威訊控股,1.33,2.31,1887240,319021248.0,20.89,,0.0,0
2026-08-26,03860,EPS創健科技,0.55,-1.79,1680225,320336411.0,86.35,,0.0,0
2026-08-26,06038,信越控股,0.425,21.43,4555850,426275000.0,94.45,,0.0,0
2026-08-26,06829,龍升集團控股,1.62,0.62,1005040,466560000.0,22.24,,0.0,0
2026-08-26,00160,漢國置業,0.69,-2.82,1231040,497096218.0,75.04,,0.0,0
2026-08-26,01282,中澤豐,0.103,25.61,1111892,515000000.0,24.44,,0.0,0
2026-08-26,01285,嘉士利集團,1.57,25.6,3840880,651550000.0,27.91,,0.0,0
2026-08-26,00239,白花油,2.6,1.56,805138,810264000.0,15.89,,0.0,0
2026-08-26,01985,美高域,2.805,6.65,3808060,859379070.0,12.53,,0.0,0
2026-08-26,02098,卓爾智聯,0.07,7.69,777812,867965406.0,13.44,,0.0,0
2026-08-26,01483,網譽科技,1.16,5.94,8993290,950562000.0,299.97,,0.0,0
2026-08-27,02358,久融控股,0.015,25.0,1096530,82080000.0,17.31,,0.0,0
2026-08-27,00197,亨泰,0.51,36.0,12079535,106697331.0,58.22,,0.0,0
2026-08-27,08007,環球戰略集團,0.485,4.3,2647588,109763953.0,10.83,,0.0,0
2026-08-27,08021,匯隆控股,0.17,1.8,530630,122120359.0,31.11,,0.0,0
2026-08-27,00254,國家聯合資源,0.247,28.65,12319790,166913421.0,11.26,,0.0,0
2026-08-27,09938,華和控股,0.305,17.31,1348200,305000000.0,13.38,,0.0,0
2026-08-27,00862,遠見控股,1.15,-2.95,654300,451281903.0,15.3,,0.0,0
2026-08-27,01909,火岩控股,1.915,-2.79,1047630,465002294.0,24.82,,0.0,0
2026-08-27,06182,乙德投資控股,0.735,23.53,24417400,588000000.0,84.04,,0.0,0
2026-08-27,00450,鴻興印刷集團,0.675,-10.0,887580,612808857.0,12.24,,0.0,0
2026-08-27,01085,亨鑫科技,1.68,1.2,1127930,782208000.0,16.74,,0.0,0
2026-08-27,00420,福田實業,0.655,-5.76,3265420,802392659.0,11.1,,0.0,0
2026-08-27,00950,李氏大藥廠,1.375,22.77,12242348,809648597.0,21.15,,0.0,0
2026-08-28,02048,易居企業控股,0.03,57.89,3609125,52471786.0,23.0,,0.0,0
2026-08-28,09958,力天影業,0.139,13.93,850074,69500000.0,151.8,,0.0,0
2026-08-28,08413,亞洲富思,0.068,17.24,785140,79016000.0,14.48,,0.0,0
2026-08-28,01470,富一國際控股,0.114,-14.29,861880,91200000.0,78.84,,0.0,0
2026-08-28,08021,匯隆控股,0.165,-2.94,784760,118528584.0,11.19,,0.0,0
2026-08-28,01841,優越集團控股,0.485,15.48,2317000,194000000.0,10.91,,0.0,0
2026-08-28,02605,MetaLight,1.3,13.04,1067930,201384901.0,11.5,,0.0,0
2026-08-28,01447,新福港,0.55,0.0,530200,220000000.0,13.48,,0.0,0
2026-08-28,09919,艾德韋宣集團,0.775,1.31,1393031,576768950.0,10.54,,0.0,0
2026-08-28,02536,百樂皇宮,0.81,-2.41,1101240,653341140.0,506.55,,0.0,0
2026-08-28,00993,信控國際資本,0.095,-2.06,2024528,827410671.0,161.3,,0.0,0
2026-08-28,00370,港仔機器人,0.28,3.7,15219166,881002916.0,13.38,,0.0,0
2026-08-28,00505,興業合金,1.02,15.91,601850,917549336.0,33.51,,0.0,0
2026-08-31,08139,長安仁恆,1.29,-24.12,517092,49536000.0,10.67,,0.0,0
2026-08-31,08072,蘭谷股份,0.3,-7.69,974400,50504740.0,37.36,,0.0,0
2026-08-31,02246,快狗打車,1.2,-1.64,603720,79225530.0,14.48,,0.0,0
2026-08-31,00261,GBA集團,0.265,1.92,664410,87810845.0,14.3,,0.0,0
2026-08-31,01850,美好生活集團控股,0.61,7.02,27041150,105408000.0,16.72,,0.0,0
2026-08-31,00913,港灣數字,0.183,3.98,512552,162329242.0,31.16,,0.0,0
2026-08-31,01312,華控康泰,0.036,9.09,607596,201188584.0,12.42,,0.0,0
2026-08-31,01690,立基工程控股,0.156,20.0,719510,225455880.0,96.14,,0.0,0
2026-08-31,01939,上善黃金,0.48,20.0,927660,245702400.0,10.05,,0.0,0
2026-08-31,00970,新耀萊,0.365,2.82,2045460,246507192.0,10.74,,0.0,0
2026-08-31,01813,合景泰富集團,0.093,-7.0,782833,317956207.0,12.38,,0.0,0
2026-08-31,00897,位元堂,0.34,15.25,562675,378890182.0,16.78,,0.0,0
2026-08-31,00236,香港生力啤,1.08,-0.92,654470,403456205.0,50.13,,0.0,0
2026-08-31,02226,老恆和釀造,0.715,19.17,799395,413806250.0,39.09,,0.0,0
2026-08-31,00021,大中華控股,0.109,32.93,2484693,433300441.0,14.37,,0.0,0
2026-08-31,08229,未來數據集團,0.83,-1.78,963575,461048400.0,10.4,,0.0,0
2026-08-31,01861,保寶龍科技,2.1,-4.11,1237840,491226225.0,24.97,,0.0,0
2026-08-31,01746,萬順集團控股,0.54,17.39,8769320,540000000.0,120.23,,0.0,0
2026-08-31,09689,金泰豐國際控股,0.495,-10.0,1230680,552420000.0,10.03,,0.0,0
2026-08-31,03406,平安科技精選,15.03,-0.2,2457138,559867500.0,16.35,,0.0,0
2026-08-31,01669,環球信貸集團,1.47,-4.85,1848410,588000000.0,14.09,,0.0,0
2026-08-31,03477,平安東西精選,17.7,-0.78,1719706,654900000.0,25.12,,0.0,0
2026-08-31,02515,天津建發,2.58,19.17,1785420,801716292.0,20.54,,0.0,0
2026-09-01,00646,中國環保科技,0.118,-16.9,750736,40438357.0,22.8,,0.0,0
2026-09-01,08051,訊智海,2.46,0.0,2190876,64055406.0,1080.42,,0.0,0
2026-09-01,01340,惠生國際,0.525,0.0,2342780,72673492.0,32.93,,0.0,0
2026-09-01,08187,積木集團,0.525,0.0,4920900,79634016.0,64.29,,0.0,0
2026-09-01,01891,興合控股,0.159,-0.62,599268,159000000.0,16.25,,0.0,0
2026-09-01,01901,飛揚集團,0.167,-1.18,1379304,166732800.0,55.35,,0.0,0
2026-09-01,02048,易居企業控股,0.109,289.29,36344772,190647489.0,52.1,,0.0,0
2026-09-01,00910,中國三迪,0.042,180.0,5891988,213704717.0,43.86,,0.0,0
2026-09-01,01792,CMON,0.925,0.54,2176089,229104000.0,13.36,,0.0,0
2026-09-01,01455,科利實業控股,0.285,14.0,959000,364390312.0,13.79,,0.0,0
2026-09-01,01420,川控股,0.28,21.74,1526980,375942336.0,59.27,,0.0,0
2026-09-01,00244,先施,0.3,-1.64,1060140,394188768.0,14.82,,0.0,0
2026-09-01,03411,PP亞洲美債,77.18,-0.05,970054,401336000.0,66.09,,0.0,0
2026-09-02,00997,普匯中金國際,0.028,64.71,1214508,32740057.0,147.28,,0.0,0
2026-09-02,01195,京維集團,0.019,26.67,3000296,54987743.0,274.79,,0.0,0
2026-09-02,08082,擎華控股,0.022,10.0,2374570,58801945.0,38.42,,0.0,0
2026-09-02,00646,中國環保科技,0.185,56.78,2390804,63399119.0,22.14,,0.0,0
2026-09-02,08187,積木集團,0.53,0.95,9750670,80392435.0,17.15,,0.0,0
2026-09-02,03639,億達中國,0.035,2.94,10438674,90438950.0,34.47,,0.0,0
2026-09-02,00653,卓悅控股,0.06,36.36,3114072,112492684.0,14.03,,0.0,0
2026-09-02,00328,ALCO HOLDINGS,0.475,7.95,5706150,136036271.0,14.53,,0.0,0
2026-09-02,01894,恆益控股,0.625,14.68,2003784,145848125.0,10.11,,0.0,0
2026-09-02,02320,合豐集團,0.2,-3.85,2477876,163528800.0,11.97,,0.0,0
2026-09-02,01094,承輝國際,0.425,6.25,8160341,302181466.0,82.96,,0.0,0
2026-09-02,00672,眾安集團,0.08,0.0,634097,450864784.0,14.95,,0.0,0
2026-09-02,08229,未來數據集團,0.815,-1.81,2659100,452716200.0,12.22,,0.0,0
2026-09-02,00149,中國農產品交易,0.063,0.0,821431,627043273.0,10.79,,0.0,0
2026-09-02,02120,康寧醫院,10.18,0.79,3462166,716662838.0,26.51,,0.0,0
2026-09-02,06676,找鋼網-W,0.75,4.17,2093645,803796283.0,18.03,,0.0,0
2026-09-03,03410,恆生日本東證一百,7.31,1.67,2224160,48756238.0,10.2,,0.0,0
2026-09-03,00923,綜合環保集團,0.017,6.25,531466,81991153.0,133.84,,0.0,0
2026-09-03,08237,華星控股,0.58,9.43,2184930,116593920.0,30.11,,0.0,0
2026-09-03,01996,弘陽地產,0.037,32.14,1918645,123539226.0,85.37,,0.0,0
2026-09-03,03708,中國供應鏈產業,0.189,-1.05,1556240,137455920.0,33.72,,0.0,0
2026-09-03,02320,合豐集團,0.217,8.5,5883974,177428748.0,13.32,,0.0,0
2026-09-03,01792,CMON,1.0,-1.96,5686171,247680000.0,13.96,,0.0,0
2026-09-03,01314,翠華控股,0.185,-1.6,593880,261076893.0,15.2,,0.0,0
2026-09-03,01939,上善黃金,0.53,0.0,3290350,271296400.0,10.04,,0.0,0
2026-09-03,01265,天津津燃公用,0.151,0.67,651250,277735478.0,132.88,,0.0,0
2026-09-03,01407,交運燃氣,0.665,14.66,1161340,292600000.0,10.01,,0.0,0
2026-09-03,09982,中原建業,0.103,9.57,2855582,477777554.0,16.69,,0.0,0
2026-09-03,02863,高豐集團控股,0.71,4.41,48197910,489552810.0,53.56,,0.0,0
2026-09-03,06182,乙德投資控股,0.65,28.71,132050520,520000000.0,23.44,,0.0,0
2026-09-03,02779,中國新華教育,0.34,4.62,1369525,546918220.0,10.82,,0.0,0
2026-09-03,02392,玄武雲,1.045,-0.48,6365928,579827655.0,53.63,,0.0,0
2026-09-03,08037,中國生物科技服務,0.61,0.0,5957650,595196002.0,88.99,,0.0,0
2026-09-03,06898,中國鋁罐,0.685,3.01,1873240,644859685.0,16.78,,0.0,0
2026-09-03,03428,GX國壽港美,11.54,0.52,1035899,942818000.0,14.42,,0.0,0
2026-09-04,01393,恆鼎實業,0.028,27.27,5553779,128947263.0,28.15,,0.0,0
2026-09-04,08483,名仕快相,0.166,-8.29,1032352,132800000.0,17.88,,0.0,0
2026-09-04,01663,漢港控股,0.065,30.0,909850,160160000.0,14.03,,0.0,0
2026-09-04,03997,電訊首科,1.28,-9.22,1534370,164277760.0,11.84,,0.0,0
2026-09-04,00328,ALCO HOLDINGS,0.615,3.36,12628011,176131172.0,10.78,,0.0,0
2026-09-04,02322,新質數字,0.06,17.65,3749944,265236000.0,13.27,,0.0,0
2026-09-04,01094,承輝國際,0.375,-11.76,27613965,266630705.0,29.66,,0.0,0
2026-09-04,03789,禦佳控股,0.228,3.64,894564,273600000.0,28.31,,0.0,0
2026-09-04,08375,數盟資本,0.9,-0.55,555000,311040000.0,15.17,,0.0,0
2026-09-04,01587,欣融國際,0.5,0.0,3408280,340000000.0,28.94,,0.0,0
2026-09-04,00756,森美控股,1.08,22.73,595240,367802926.0,15.64,,0.0,0
2026-09-04,02170,貝康醫療-B,1.375,0.0,921342,376098250.0,13.53,,0.0,0
2026-09-04,00529,新龍國際,1.7,-6.85,680000,472543332.0,37.26,,0.0,0
2026-09-04,00201,華大酒店,0.062,-6.06,1430718,554717182.0,27.32,,0.0,0
2026-09-04,02167,天潤雲,5.12,-0.58,6321754,887707648.0,10.86,,0.0,0
2026-09-07,08385,萬里印刷,0.095,-3.06,1112877,9916860.0,20.1,,0.0,0
2026-09-07,08471,新達控股,0.39,44.44,1561875,28688400.0,65.45,,0.0,0
2026-09-07,01842,植華集團,0.043,16.22,680924,61920000.0,74.85,,0.0,0
2026-09-07,00261,GBA集團,0.265,0.0,3545790,87810845.0,16.14,,0.0,0
2026-09-07,01160,金石資本集團,0.4,0.0,640000,94908500.0,80.0,,0.0,0
2026-09-07,06988,樂享集團,0.06,39.53,1100497,142315632.0,25.03,,0.0,0
2026-09-07,02370,力高健康生活,1.225,4.7,968745,245000000.0,13.13,,0.0,0
2026-09-07,02545,中贛通信,0.42,1.2,500470,268800000.0,47.95,,0.0,0
2026-09-07,00979,綠色能源科技集團,0.445,39.06,2320787,603557138.0,17.0,,0.0,0
2026-09-07,00360,新焦點,0.042,50.0,9812460,723111831.0,186.17,,0.0,0
2026-09-07,00538,味千(中國),0.795,1.27,15731792,867773362.0,40.14,,0.0,0
2026-09-08,08238,玖方數智,0.115,5.5,4910942,40061952.0,60.8,,0.0,0
2026-09-08,01842,植華集團,0.056,30.23,1840160,80640000.0,23.94,,0.0,0
2026-09-08,01443,富臨集團控股,0.065,30.0,2005642,84500000.0,156.62,,0.0,0
2026-09-08,01869,貓屎咖啡控股,0.064,16.36,1897740,108307200.0,10.05,,0.0,0
2026-09-08,08481,盛龍錦秀國際,0.27,-32.5,882800,109395900.0,35.67,,0.0,0
2026-09-08,06080,榮智控股,0.119,-8.46,548286,133321650.0,24.05,,0.0,0
2026-09-08,03889,大成玉米集團,0.071,69.05,1502958,137127615.0,238.78,,0.0,0
2026-09-08,00387,力豐(集團),0.655,-13.82,1854160,150699821.0,332.53,,0.0,0
2026-09-08,02312,LONG投資集團,0.4,1.27,692435,182751363.0,22.59,,0.0,0
2026-09-08,06988,樂享集團,0.082,36.67,8472882,194498030.0,61.4,,0.0,0
2026-09-08,01001,滬港聯合,0.36,-6.49,573752,229142993.0,15.74,,0.0,0
2026-09-08,02738,華津國際控股,0.4,830.23,9197230,240000000.0,1506.11,,0.0,0
2026-09-08,00532,王氏港建,0.37,15.62,1094960,270062247.0,10.94,,0.0,0
2026-09-08,00096,友成控股,0.52,0.0,520000,331005792.0,318.82,,0.0,0
2026-09-08,00690,聯康生物科技集團,0.067,13.56,4052440,400072286.0,53.5,,0.0,0
2026-09-08,08189,泰達生物,0.25,1.21,3626775,533475000.0,49.93,,0.0,0
2026-09-08,03477,平安東西精選,17.72,-0.28,2978820,655640000.0,10.92,,0.0,0
2026-09-08,00829,神冠控股,0.221,15.71,2295780,713936080.0,18.92,,0.0,0
2026-09-09,01010,天璽曜11,0.047,42.42,609014,20881826.0,38.3,,0.0,0
2026-09-09,08159,新華聯合投資,0.052,33.33,850190,41849600.0,1399.49,,0.0,0
2026-09-09,08285,森浩集團,0.089,39.06,511965,49840000.0,18.53,,0.0,0
2026-09-09,01064,中華國際,0.082,70.83,2318456,63026555.0,531.6,,0.0,0
2026-09-09,01555,MI能源,0.028,7.69,934188,94822714.0,28.74,,0.0,0
2026-09-09,02728,金泰能源控股,0.027,42.11,1275144,120285564.0,16.69,,0.0,0
2026-09-09,00969,華聯國際,0.145,113.24,8738584,317721100.0,488.83,,0.0,0
2026-09-09,02381,蜆殼電業,0.395,33.9,15105050,790000000.0,11.08,,0.0,0
2026-09-09,03991,長虹佳華,0.605,4.31,7070552,880064460.0,22.46,,0.0,0
2026-09-09,02503,中深建業,0.26,4.0,6768856,892541284.0,38.11,,0.0,0
