code5,name,scan_date,appearance_seq,days_since_first,entry_close,entry_intraday,entry_intraday_note,price_missing,days_available,ret_t5,ret_t10,ret_t20,ret_t60,max_ret_20,min_ret_20,ret_t5_est,ret_t10_est,ret_t20_est,ret_t60_est,max_ret_20_est,min_ret_20_est,has_capital_action,fu_go,fu_rights,fu_placing,fu_consolidation,fu_cb,first_action_type,first_action_days
00018,東方傳媒集團,2026-07-31,1,0,0.225,0.225,eod_proxy,0,27,-5.3333,4.8889,-5.3333,,4.8889,-5.3333,0,0,0,0,0,0,0,0,0,0,0,0,,
00021,大中華控股,2025-09-08,1,0,0.118,0.118,eod_proxy,0,245,-7.6271,-17.7966,-12.7119,-16.9492,0.8475,-17.7966,0,0,0,0,0,0,0,0,0,0,0,0,,
00022,茂盛控股,2025-08-05,1,0,8.6,8.6,eod_proxy,0,269,-4.6512,-28.4884,-23.2558,-44.186,-2.907,-29.0698,0,0,0,0,0,0,0,0,0,0,0,0,,
00036,遠東控股國際,2025-07-30,1,0,0.52,0.52,eod_proxy,0,127,-46.1538,-46.1538,-44.2308,-48.0769,7.6923,-49.0385,0,0,0,0,0,0,0,0,0,0,0,0,,
00037,遠東酒店實業,2025-12-16,1,0,0.435,0.435,eod_proxy,0,177,0.0,3.4483,10.3448,37.931,10.3448,-3.4483,0,0,0,0,0,0,0,0,0,0,0,0,,
00040,金山科技工業,2025-10-28,1,0,0.702,0.702,eod_proxy,0,211,-2.849,0.0,7.1225,5.4131,8.547,-2.849,0,0,0,0,0,0,0,0,0,0,0,0,,
00042,東北電氣,2025-07-21,1,0,0.345,0.345,eod_proxy,0,280,-7.2464,-15.942,-10.1449,-10.1449,-7.2464,-17.3913,0,0,0,0,0,0,0,0,0,0,0,0,,
00046,科聯系統,2025-08-27,1,0,1.72,1.72,eod_proxy,0,253,-0.8721,-3.7791,-0.8721,-11.9186,0.2907,-3.7791,0,0,0,0,0,0,0,0,0,0,0,0,,
00048,中國汽車內飾,2026-01-05,1,0,0.162,0.162,eod_proxy,0,166,48.1481,23.4568,82.0988,54.321,103.7037,18.5185,0,0,0,0,0,0,0,0,0,0,0,0,,
00052,大快活集團,2026-03-11,1,0,4.44,4.44,eod_proxy,0,122,-2.9279,-2.9279,-8.1081,-13.2883,-1.3514,-8.7838,0,0,0,0,0,0,0,0,0,0,0,0,,
00058,新威國際,2026-03-09,1,0,0.29,0.29,eod_proxy,0,124,15.5172,12.069,-3.4483,-13.7931,25.8621,-3.4483,0,0,0,0,0,0,0,0,0,0,0,0,,
00060,香港食品投資,2025-08-19,1,0,0.46,0.46,eod_proxy,0,259,-1.087,0.0,0.0,-8.6957,3.2609,-2.1739,0,0,0,0,0,0,0,0,0,0,0,0,,
00061,綠領控股,2025-07-23,1,0,0.432,0.432,eod_proxy,0,278,-5.5556,-11.1111,-17.5926,-27.7778,4.6296,-20.3704,0,0,0,0,0,0,0,0,0,0,0,0,,
00065,弘海高新資源,2025-08-27,1,0,0.49,0.49,eod_proxy,0,253,-7.1429,-6.1224,-17.3469,-21.4286,16.3265,-17.3469,0,0,0,0,0,0,0,0,0,0,0,0,,
00076,誼礫控股,2025-12-17,1,0,0.204,0.204,eod_proxy,0,176,-33.3333,-32.3529,-16.6667,-17.1569,-9.3137,-33.3333,0,0,0,0,0,0,0,0,0,0,0,0,,
00077,進智公共交通,2026-08-06,1,0,0.51,0.51,eod_proxy,0,23,9.8039,8.8235,-5.8824,,11.7647,-5.8824,0,0,0,0,0,0,0,0,0,0,0,0,,
00078,富豪酒店,2025-09-10,1,0,0.64,0.64,eod_proxy,0,243,7.8125,-4.6875,1.5625,-14.0625,9.375,-7.8125,0,0,0,0,0,0,0,0,0,0,0,0,,
00079,世紀建業,2026-02-04,1,0,0.125,0.125,eod_proxy,0,144,-21.6,-17.6,-32.8,-35.2,-16.8,-32.8,0,0,0,0,0,0,0,0,0,0,0,0,,
00082,瘋狂體育,2026-04-08,1,0,0.085,0.085,eod_proxy,0,105,-1.1765,-3.5294,7.0588,-4.7059,7.0588,-7.0588,0,0,0,0,0,0,0,0,0,0,0,0,,
00090,普星能量,2025-07-10,1,0,1.326,1.326,eod_proxy,0,287,58.8235,45.2489,42.9864,0.0,59.5777,11.3122,0,0,0,0,0,0,0,0,0,0,0,0,,
00092,冠軍科技集團,2025-08-01,1,0,0.193,0.193,eod_proxy,0,271,7.2539,14.5078,1.5544,-6.7358,14.5078,1.5544,0,0,0,0,0,0,1,0,0,1,0,0,PLACING,164
00094,綠心集團,2025-09-11,1,0,0.07,0.07,eod_proxy,0,242,-17.1429,-17.1429,-28.5714,-8.5714,-1.4286,-28.5714,0,0,0,0,0,0,0,0,0,0,0,0,,
00096,友成控股,2025-08-06,1,0,0.635,0.635,eod_proxy,0,268,3.1496,3.1496,-4.7244,-12.5984,3.1496,-7.874,0,0,0,0,0,0,0,0,0,0,0,0,,
00097,恆基發展,2025-08-20,1,0,0.165,0.165,eod_proxy,0,258,81.8182,66.6667,60.6061,18.1818,103.0303,4.8485,0,0,0,0,0,0,0,0,0,0,0,0,,
00104,冠亞商業,2025-07-21,1,0,0.204,0.204,eod_proxy,0,280,9.3137,14.2157,16.6667,12.2549,16.6667,-0.4902,0,0,0,0,0,0,0,0,0,0,0,0,,
00110,中國長遠,2026-04-10,1,0,0.385,0.385,eod_proxy,0,103,35.0649,32.4675,27.2727,14.2857,42.8571,1.2987,0,0,0,0,0,0,0,0,0,0,0,0,,
00111,信達國際控股,2025-11-20,1,0,0.45,0.45,eod_proxy,0,195,8.8889,4.4444,11.1111,104.4444,22.2222,4.4444,0,0,0,0,0,0,0,0,0,0,0,0,,
00114,興利集團,2025-07-02,1,0,0.49,0.49,eod_proxy,0,293,2.0408,0.0,2.0408,10.2041,4.0816,-2.0408,0,0,0,0,0,0,0,0,0,0,0,0,,
00117,天利控股集團,2026-05-04,1,0,0.42,0.42,eod_proxy,0,88,102.381,340.4762,1319.0476,421.4286,1335.7143,83.3333,0,0,0,0,0,0,0,0,0,0,0,0,,
00118,大同機械,2026-03-24,1,0,0.2,0.2,eod_proxy,0,113,-6.0,-2.5,-2.5,7.5,2.5,-11.0,0,0,0,0,0,0,0,0,0,0,0,0,,
00120,COSMOPOL INT'L,2025-07-30,1,0,0.128,0.128,eod_proxy,0,273,-10.9375,1.5625,-3.9062,-19.5313,7.8125,-10.9375,0,0,0,0,0,0,0,0,0,0,0,0,,
00124,粵海置地,2025-08-01,1,0,0.28,0.28,eod_proxy,0,271,-1.7857,-5.3571,-1.7857,-7.1429,1.7857,-5.3571,0,0,0,0,0,0,0,0,0,0,0,0,,
00128,安寧控股,2025-12-23,1,0,0.345,0.345,eod_proxy,0,172,11.5942,21.7391,8.6957,21.7391,21.7391,2.8986,0,0,0,0,0,0,0,0,0,0,0,0,,
00129,泛海集團,2026-03-17,1,0,0.209,0.209,eod_proxy,0,118,-0.9569,-4.3062,-6.2201,-8.6124,5.7416,-6.6986,0,0,0,0,0,0,0,0,0,0,0,0,,
00130,慕詩國際,2025-10-03,1,0,0.25,0.25,eod_proxy,0,227,-35.2,-41.2,-40.0,-38.0,-28.8,-42.4,0,0,0,0,0,0,1,0,0,0,0,1,CB,0
00131,卓能(集團),2026-01-22,1,0,1.12,1.12,eod_proxy,0,153,0.0,0.8929,11.6071,16.0714,11.6071,-1.7857,0,0,0,0,0,0,0,0,0,0,0,0,,
00138,中建富通,2025-10-23,1,0,0.87,0.87,eod_proxy,0,214,-10.3448,-8.046,-14.9425,-21.8391,-3.4483,-14.9425,0,0,0,0,0,0,0,0,0,0,0,0,,
00139,小魚盈通,2026-06-30,1,0,0.14,0.14,eod_proxy,0,49,4.2857,-35.0,-14.2857,,22.8571,-59.2857,0,0,0,0,0,0,0,0,0,0,0,0,,
00145,信能低碳,2025-08-14,1,0,0.194,0.194,eod_proxy,0,262,-9.2784,-11.3402,-8.2474,9.2784,19.0722,-12.3711,0,0,0,0,0,0,1,0,1,0,0,0,RIGHTS,56
00146,太平地氈,2025-10-15,1,0,1.68,1.68,eod_proxy,0,220,0.0,0.5952,4.7619,10.7143,5.9524,-2.381,0,0,0,0,0,0,0,0,0,0,0,0,,
00149,中國農產品交易,2025-07-10,1,0,0.041,0.041,eod_proxy,0,287,4.878,4.878,43.9024,97.561,43.9024,-4.878,0,0,0,0,0,0,0,0,0,0,0,0,,
00150,HYPEBEAST,2025-12-01,1,0,0.204,0.204,eod_proxy,0,188,2.9412,-3.9216,-11.7647,-23.5294,2.9412,-11.7647,0,0,0,0,0,0,0,0,0,0,0,0,,
00154,北京控股環境集團,2026-02-25,1,0,0.63,0.63,eod_proxy,0,132,-7.9365,6.3492,0.0,-22.2222,9.5238,-7.9365,0,0,0,0,0,0,0,0,0,0,0,0,,
00156,力寶華潤,2025-08-04,1,0,0.71,0.71,eod_proxy,0,270,0.0,1.4085,4.2254,5.6338,12.6761,-1.4085,0,0,0,0,0,0,0,0,0,0,0,0,,
00159,布萊克萬礦業,2025-07-18,1,0,0.089,0.089,eod_proxy,0,281,13.4831,58.427,67.4157,33.7079,79.7753,1.1236,0,0,0,0,0,0,0,0,0,0,0,0,,
00160,漢國置業,2026-01-06,1,0,0.95,0.95,eod_proxy,0,165,-1.0526,-1.0526,1.0526,2.1053,5.2632,-1.0526,0,0,0,0,0,0,0,0,0,0,0,0,,
00162,世紀金花,2026-05-22,1,0,0.081,0.081,eod_proxy,0,74,-32.0988,-35.8025,-44.4444,-49.3827,-19.7531,-48.1481,0,0,0,0,0,0,0,0,0,0,0,0,,
00164,中國寶力科技,2025-10-14,1,0,0.405,0.405,eod_proxy,0,221,0.0,-2.4691,-3.7037,-7.4074,0.0,-4.9383,0,0,0,0,0,0,1,0,0,1,0,0,PLACING,167
00166,新時代集團控股,2025-08-13,1,0,0.052,0.052,eod_proxy,0,263,5.7692,-1.9231,-17.3077,-7.6923,5.7692,-21.1538,0,0,0,0,0,0,0,0,0,0,0,0,,
00167,IDT INT'L,2025-08-13,1,0,1.28,1.28,eod_proxy,0,263,-17.1875,-26.5625,-38.2812,,-1.5625,-38.2812,0,0,0,0,0,0,1,1,0,0,0,0,GO,96
00169,萬達酒店發展,2026-03-23,1,0,0.1,0.1,eod_proxy,0,114,-7.0,-11.0,-11.0,22.0,3.0,-17.0,0,0,0,0,0,0,0,0,0,0,0,0,,
00171,銀建國際,2026-06-01,1,0,0.045,0.045,eod_proxy,0,69,15.5556,4.4444,-20.0,-6.6667,15.5556,-24.4444,0,0,0,0,0,0,0,0,0,0,0,0,,
00184,激成投資,2025-06-27,1,0,2.14,2.14,eod_proxy,0,295,6.5421,15.4206,25.7009,11.215,25.7009,-0.4673,0,0,0,0,0,0,0,0,0,0,0,0,,
00185,正商實業,2025-06-27,1,0,0.075,0.075,eod_proxy,0,295,-4.0,8.0,105.3333,78.6667,109.3333,-14.6667,0,0,0,0,0,0,0,0,0,0,0,0,,
00188,新華匯富金融,2026-02-20,1,0,0.27,0.27,eod_proxy,0,135,-1.8519,-1.8519,-7.4074,-7.4074,-1.8519,-9.2593,0,0,0,0,0,0,0,0,0,0,0,0,,
00191,麗新國際,2025-08-21,1,0,0.6,0.6,eod_proxy,0,257,-3.3333,1.6667,-3.3333,-3.3333,3.3333,-5.0,0,0,0,0,0,0,0,0,0,0,0,0,,
00193,冠中地產,2025-08-13,1,0,0.227,0.227,eod_proxy,0,263,1.3216,-8.8106,-6.1674,-13.6564,2.2026,-8.8106,0,0,0,0,0,0,0,0,0,0,0,0,,
00197,亨泰,2025-07-17,1,0,0.238,0.238,eod_proxy,0,282,21.8487,44.958,57.563,97.479,80.6723,19.7479,0,0,0,0,0,0,1,0,0,1,0,0,PLACING,83
00199,德祥地產,2025-09-12,1,0,0.22,0.22,eod_proxy,0,241,0.9091,-2.7273,52.2727,386.3636,52.2727,-2.7273,0,0,0,0,0,0,1,0,0,1,0,0,PLACING,74
00201,華大酒店,2026-02-23,1,0,0.07,0.07,eod_proxy,0,134,0.0,-1.4286,-1.4286,-5.7143,1.4286,-4.2857,0,0,0,0,0,0,0,0,0,0,0,0,,
00202,潤中國際控股,2025-07-21,1,0,0.055,0.055,eod_proxy,0,280,1.8182,3.6364,256.3636,250.9091,256.3636,1.8182,0,0,0,0,0,0,0,0,0,0,0,0,,
00204,資本界金控,2025-09-11,1,0,1.02,1.02,eod_proxy,0,193,-11.7647,-10.7843,-28.4314,-79.902,0.0,-28.4314,0,0,0,0,0,0,1,0,0,1,0,0,PLACING,104
00205,BFB HEALTH,2025-10-28,1,0,0.315,0.315,eod_proxy,0,211,0.0,7.9365,12.6984,198.4127,17.4603,-4.7619,0,0,0,0,0,0,0,0,0,0,0,0,,
00206,華商能源,2025-08-11,1,0,0.249,0.249,eod_proxy,0,265,6.4257,12.4498,8.4337,4.4177,12.4498,-0.8032,0,0,0,0,0,0,0,0,0,0,0,0,,
00209,萬維智能科技,2025-08-13,1,0,2.163,2.163,eod_proxy,0,263,-2.9126,-8.0906,-26.5834,-28.6177,5.779,-26.5834,0,0,0,0,0,0,1,0,1,0,0,0,RIGHTS,63
00210,達芙妮國際,2025-12-29,1,0,0.38,0.38,eod_proxy,0,170,1.3158,1.3158,0.0,1.3158,3.9474,0.0,0,0,0,0,0,0,0,0,0,0,0,0,,
00212,南洋集團,2025-07-11,1,0,24.2,24.2,eod_proxy,0,286,0.0,0.0,1.2397,18.595,1.6529,-2.0661,0,0,0,0,0,0,0,0,0,0,0,0,,
00213,樂聲電子,2025-07-24,1,0,0.39,0.39,eod_proxy,0,277,-3.8462,-3.8462,-1.2821,-7.6923,2.5641,-5.1282,0,0,0,0,0,0,0,0,0,0,0,0,,
00223,易生活控股,2026-02-24,1,0,0.165,0.165,eod_proxy,0,133,-9.0909,-16.3636,-26.6667,-18.1818,3.0303,-26.6667,0,0,0,0,0,0,0,0,0,0,0,0,,
00225,博富臨置業,2026-05-26,1,0,5.21,5.21,eod_proxy,0,73,3.8388,2.4952,1.7274,3.071,3.8388,-0.7678,0,0,0,0,0,0,0,0,0,0,0,0,,
00227,第一上海,2025-06-26,1,0,0.39,0.39,eod_proxy,0,296,-16.6667,12.8205,10.2564,-14.1026,15.3846,-17.9487,0,0,0,0,0,0,0,0,0,0,0,0,,
00228,中能控股,2025-08-15,1,0,1.48,1.48,eod_proxy,0,261,-13.5135,-16.2162,-5.4054,-6.0811,-2.7027,-16.2162,0,0,0,0,0,0,1,1,0,0,0,0,GO,130
00229,利民實業,2025-08-25,1,0,0.88,0.88,eod_proxy,0,255,1.1364,0.0,3.4091,6.8182,5.6818,-3.4091,0,0,0,0,0,0,0,0,0,0,0,0,,
00234,新世紀集團,2025-07-15,1,0,0.033,0.033,eod_proxy,0,284,3.0303,0.0,-3.0303,48.4848,6.0606,-9.0909,0,0,0,0,0,0,0,0,0,0,0,0,,
00235,中策資本控股,2025-09-26,1,0,0.032,0.032,eod_proxy,0,231,6.25,12.5,12.5,-6.25,31.25,-9.375,0,0,0,0,0,0,0,0,0,0,0,0,,
00236,香港生力啤,2025-07-29,1,0,1.24,1.24,eod_proxy,0,274,1.6129,-6.4516,-9.6774,-9.6774,1.6129,-9.6774,0,0,0,0,0,0,0,0,0,0,0,0,,
00237,安全貨倉,2025-06-27,1,0,1.92,1.92,eod_proxy,0,295,1.5625,3.125,7.2917,4.6875,15.1042,0.0,0,0,0,0,0,0,0,0,0,0,0,0,,
00239,白花油,2026-08-26,1,0,2.6,2.6,eod_proxy,0,9,0.0,,,,0.3846,-3.8462,0,0,0,0,0,0,0,0,0,0,0,0,,
00243,品質國際,2025-07-09,1,0,0.192,0.192,eod_proxy,0,288,51.0417,71.875,95.3125,131.7708,157.8125,1.5625,0,0,0,0,0,0,0,0,0,0,0,0,,
00244,先施,2025-08-12,1,0,0.335,0.335,eod_proxy,0,264,8.9552,7.4627,2.9851,-7.4627,14.9254,-4.4776,0,0,0,0,0,0,0,0,0,0,0,0,,
00248,香港通訊國際控股,2026-01-05,1,0,0.291,0.291,eod_proxy,0,166,-2.0619,-3.7801,0.0,-8.9347,1.7182,-3.7801,0,0,0,1,0,0,0,0,0,0,0,0,,
00254,國家聯合資源,2025-08-11,1,0,0.46,0.46,eod_proxy,0,265,-19.5652,-14.1304,-34.7826,-28.2609,-10.8696,-34.7826,0,0,0,0,0,0,0,0,0,0,0,0,,
00256,冠城鐘表珠寶,2026-05-06,1,0,0.087,0.087,eod_proxy,0,86,10.3448,5.7471,3.4483,-25.2874,13.7931,1.1494,0,0,0,0,0,0,0,0,0,0,0,0,,
00261,GBA集團,2025-07-16,1,0,0.34,0.34,eod_proxy,0,283,-2.9412,0.0,-4.4118,-19.1176,5.8824,-8.8235,0,0,0,0,0,0,0,0,0,0,0,0,,
00262,迪臣發展國際,2025-11-12,1,0,0.102,0.102,eod_proxy,0,201,-4.902,-1.9608,-1.9608,-19.6078,2.9412,-7.8431,0,0,0,0,0,0,0,0,0,0,0,0,,
00265,港譽智慧城市服務,2025-10-06,1,0,2.44,2.44,eod_proxy,0,226,3.2787,13.9344,1.6393,-19.6721,15.5738,-5.7377,0,0,0,0,0,0,0,0,0,0,0,0,,
00266,天德地產,2025-08-08,1,0,1.91,1.91,eod_proxy,0,266,-1.5707,0.5236,1.0471,2.0942,1.5707,-1.5707,0,0,0,0,0,0,0,0,0,0,0,0,,
00269,中國資源交通,2025-07-23,1,0,0.011,0.011,eod_proxy,0,278,0.0,-9.0909,0.0,-9.0909,9.0909,-9.0909,0,0,0,0,0,0,0,0,0,0,0,0,,
00276,蒙古能源,2025-08-06,1,0,0.69,0.69,eod_proxy,0,268,-4.3478,-5.7971,-1.4493,24.6377,4.3478,-8.6957,0,0,0,0,0,0,0,0,0,0,0,0,,
00279,裕承科金,2025-12-16,1,0,0.63,0.63,eod_proxy,0,177,-1.5873,-7.9365,-3.1746,-15.873,3.1746,-15.873,0,0,0,0,0,0,1,0,0,1,0,0,PLACING,125
00280,景福集團,2025-08-20,1,0,0.455,0.455,eod_proxy,0,258,3.2967,3.2967,7.9121,17.8022,11.2088,2.1978,0,0,0,0,0,0,0,0,0,0,0,0,,
00294,長江制衣,2026-07-20,1,0,0.93,0.93,eod_proxy,0,36,2.1505,-2.1505,6.4516,,10.7527,-5.3763,0,0,0,0,0,0,0,0,0,0,0,0,,
00295,江山控股,2025-08-28,1,0,0.02,0.02,eod_proxy,0,252,-5.0,5.0,-5.0,-15.0,5.0,-10.0,0,0,0,0,0,0,0,0,0,0,0,0,,
00296,英皇娛樂酒店,2026-02-05,1,0,0.27,0.27,eod_proxy,0,143,-5.5556,-5.5556,-7.4074,-16.2963,-1.8519,-8.8889,0,0,0,0,0,0,0,0,0,0,0,0,,
00298,莊士中國,2025-10-13,1,0,0.12,0.12,eod_proxy,0,222,0.0,-1.6667,-2.5,-10.8333,0.0,-4.1667,0,0,0,0,0,0,0,0,0,0,0,0,,
00301,三和精化,2025-09-19,1,0,1.25,1.25,eod_proxy,0,236,3.2,5.6,2.4,11.2,5.6,-4.0,0,0,0,0,0,0,0,0,0,0,0,0,,
00306,冠忠巴士集團,2025-08-04,1,0,1.89,1.89,eod_proxy,0,270,26.9841,16.9312,23.8095,21.6931,31.2169,6.8783,0,0,0,0,0,0,0,0,0,0,0,0,,
00309,新華通訊頻媒,2026-01-07,1,0,1.72,1.72,eod_proxy,0,164,-9.3023,-4.6512,-4.6512,-20.9302,0.0,-13.9535,0,0,0,0,0,0,1,0,0,1,1,0,PLACING,120
00310,嘉進投資國際,2025-12-23,1,0,0.175,0.175,eod_proxy,0,172,14.8571,2.8571,0.0,2.2857,25.7143,0.0,0,0,0,0,0,0,1,0,0,1,0,0,PLACING,49
00312,歲寶百貨,2026-01-05,1,0,0.087,0.087,eod_proxy,0,166,-2.2989,-8.046,-11.4943,-44.8276,9.1954,-14.9425,0,0,0,0,0,0,0,0,0,0,0,0,,
00314,思派健康,2026-06-01,1,0,1.32,1.32,eod_proxy,0,69,-7.5758,-9.8485,1.5152,16.2879,1.5152,-10.6061,0,0,0,0,0,0,0,0,0,0,0,0,,
00318,黃河實業,2026-03-17,1,0,0.72,0.72,eod_proxy,0,91,2.7778,-8.3333,-11.1111,5.5556,2.7778,-11.1111,0,0,0,0,0,0,0,0,0,0,0,0,,
00320,金寶通,2025-07-02,1,0,0.536,0.536,eod_proxy,0,293,1.8657,0.0,3.7313,16.791,3.7313,-3.7313,0,0,0,0,0,0,0,0,0,0,0,0,,
00328,ALCO HOLDINGS,2025-06-30,1,0,1.122,1.122,eod_proxy,0,294,-0.3565,-1.6043,-2.139,34.5811,0.0,-2.3173,0,0,0,0,0,0,1,0,1,0,0,0,RIGHTS,8
00329,東建國際,2026-07-16,1,0,0.171,0.171,eod_proxy,0,38,-0.5848,1.7544,5.848,,11.1111,-13.4503,0,0,0,0,0,0,0,0,0,0,0,0,,
00330,思捷環球,2025-08-22,1,0,1.66,1.66,eod_proxy,0,256,-13.253,-11.4458,-15.6627,-32.5301,-6.0241,-21.0843,0,0,0,0,0,0,0,0,0,0,0,0,,
00332,元亨燃氣,2026-02-06,1,0,0.46,0.46,eod_proxy,0,142,-13.0435,-8.6957,0.0,-26.087,43.4783,-13.0435,0,0,0,0,0,0,0,0,0,0,0,0,,
00334,華顯光電,2025-07-18,1,0,0.315,0.315,eod_proxy,0,281,-4.7619,-3.1746,61.9048,9.5238,68.254,-4.7619,0,0,0,0,0,0,0,0,0,0,0,0,,
00337,綠地香港,2025-07-10,1,0,0.255,0.255,eod_proxy,0,287,13.7255,13.7255,-6.6667,-4.7059,45.098,-12.1569,0,0,0,0,0,0,0,0,0,0,0,0,,
00339,全球數字控股,2025-07-14,1,0,0.168,0.168,eod_proxy,0,285,19.6429,33.3333,69.6429,7.1429,78.5714,-10.119,0,0,0,0,0,0,0,0,0,0,0,0,,
00343,文化傳信,2025-12-12,1,0,0.188,0.188,eod_proxy,0,179,-11.7021,-18.617,-15.4255,-15.9574,-0.5319,-18.617,0,0,0,0,0,0,1,0,0,1,0,0,PLACING,138
00346,延長石油國際,2026-03-02,1,0,0.62,0.62,eod_proxy,0,129,-11.2903,-26.6129,-25.0,-46.7742,-3.2258,-31.4516,0,0,0,0,0,0,0,0,0,0,0,0,,
00348,中國智能健康,2025-07-25,1,0,0.12,0.12,eod_proxy,0,276,-2.5,15.0,10.8333,21.6667,15.0,-9.1667,0,0,0,0,0,0,0,0,0,0,0,0,,
00351,亞洲能源物流,2025-08-25,1,0,0.3,0.3,eod_proxy,0,255,3.3333,5.0,10.0,-1.6667,31.6667,0.0,0,0,0,0,0,0,0,0,0,0,0,0,,
00352,富陽,2025-07-25,1,0,0.143,0.143,eod_proxy,0,31,-27.2727,480.4196,592.3077,,592.3077,-30.7692,0,0,0,0,0,0,0,0,0,0,0,0,,
00353,能源國際投資,2026-03-17,1,0,0.325,0.325,eod_proxy,0,118,4.6154,12.3077,27.6923,15.3846,27.6923,0.0,0,0,0,0,0,0,0,0,0,0,0,0,,
00355,世紀城市國際,2026-06-12,1,0,0.073,0.073,eod_proxy,0,60,-13.6986,-15.0685,-12.3288,1.3699,0.0,-16.4384,0,0,0,0,0,0,0,0,0,0,0,0,,
00356,鼎立資本,2026-02-24,1,0,1.139,1.139,eod_proxy,0,133,-13.0817,-14.3986,-15.7155,-23.6172,-5.18,-15.7155,0,0,0,0,0,0,1,0,0,1,1,0,PLACING,87
00360,新焦點,2025-11-18,1,0,0.049,0.049,eod_proxy,0,197,-4.0816,-2.0408,0.0,-14.2857,2.0408,-6.1224,0,0,0,0,0,0,0,0,0,0,0,0,,
00361,漢成發展控股,2025-08-08,1,0,0.052,0.052,eod_proxy,0,266,-15.3846,-21.1538,-40.3846,111.5385,-5.7692,-42.3077,0,0,0,0,0,0,1,1,0,0,0,0,GO,46
00365,芯成科技,2025-07-17,1,0,0.243,0.243,eod_proxy,0,282,1.6461,-1.2346,4.9383,56.3786,4.9383,-3.2922,0,0,0,0,0,0,0,0,0,0,0,0,,
00366,陸氏集團(越南),2026-06-12,1,0,0.81,0.81,eod_proxy,0,60,0.0,-1.2346,-1.2346,3.7037,3.7037,-3.7037,0,0,0,0,0,0,0,0,0,0,0,0,,
00367,莊士機構國際,2025-10-30,1,0,0.34,0.34,eod_proxy,0,210,-4.4118,-1.4706,-8.8235,-1.4706,0.0,-11.7647,0,0,0,0,0,0,0,0,0,0,0,0,,
00368,德合集團,2026-03-27,1,0,0.78,0.78,eod_proxy,0,104,0.0,-1.2821,-1.2821,212.8205,2.5641,-6.4103,0,0,0,0,0,0,1,1,0,0,0,0,GO,130
00370,港仔機器人,2026-08-28,1,0,0.28,0.28,eod_proxy,0,7,1.7857,,,,7.1429,-1.7857,0,0,0,0,0,0,0,0,0,0,0,0,,
00377,中國華君,2026-08-03,1,0,2.3,2.3,eod_proxy,0,26,68.913,12.6087,86.9565,,110.8696,11.7391,0,0,0,0,0,0,0,0,0,0,0,0,,
00379,恆嘉融資租賃,2025-09-17,1,0,0.105,0.105,eod_proxy,0,238,-3.8095,-29.5238,-23.8095,-31.4286,9.5238,-36.1905,0,0,0,0,0,0,0,0,0,0,0,0,,
00380,中國管業,2025-07-21,1,0,0.178,0.178,eod_proxy,0,280,-9.5506,-7.8652,-8.427,-21.3483,-3.3708,-13.4831,0,0,0,0,0,0,0,0,0,0,0,0,,
00381,權識國際,2025-07-11,1,0,0.62,0.62,eod_proxy,0,286,-12.9032,-21.7742,-29.0323,-43.5484,-1.6129,-32.2581,0,0,0,0,0,0,1,0,0,0,0,1,CB,119
00383,天安卓健,2025-08-18,1,0,0.92,0.92,eod_proxy,0,260,-7.6087,-2.1739,-2.1739,8.6957,3.2609,-7.6087,0,0,0,0,0,0,0,0,0,0,0,0,,
00385,建聯集團,2026-06-03,1,0,0.29,0.29,eod_proxy,0,67,-6.8966,-5.1724,-1.7241,-12.069,0.0,-6.8966,0,0,0,0,0,0,0,0,0,0,0,0,,
00387,力豐(集團),2025-08-04,1,0,0.64,0.64,eod_proxy,0,270,-1.5625,4.6875,23.4375,0.0,23.4375,-6.25,0,0,0,0,0,0,0,0,0,0,0,0,,
00391,美亞娛樂資訊,2025-10-15,1,0,0.112,0.112,eod_proxy,0,220,-7.1429,-9.8214,-11.6071,-12.5,-1.7857,-16.0714,0,0,0,0,0,0,0,0,0,0,0,0,,
00396,興利(香港)控股,2026-02-11,1,0,0.128,0.128,eod_proxy,0,139,75.7812,99.2188,107.0312,192.9688,107.0312,28.9062,0,0,0,0,0,0,0,0,0,0,0,0,,
00397,嬴集團,2025-10-03,1,0,0.044,0.044,eod_proxy,0,227,11.3636,4.5455,2.2727,-2.2727,15.9091,-2.2727,0,0,0,0,0,0,0,0,0,0,0,0,,
00399,星太鏈集團,2025-07-02,1,0,0.26,0.26,eod_proxy,0,206,-3.8462,,153.8462,48.0769,,,0,0,0,0,0,0,0,0,0,0,0,0,,
00401,萬嘉集團,2025-11-07,1,0,0.121,0.121,eod_proxy,0,204,-4.9587,-9.0909,-13.2231,-14.876,2.4793,-13.2231,0,0,0,0,0,0,1,0,1,0,0,0,RIGHTS,53
00413,南華集團控股,2025-06-30,1,0,0.031,0.031,eod_proxy,0,294,-3.2258,-3.2258,6.4516,12.9032,12.9032,-3.2258,0,0,0,0,0,0,0,0,0,0,0,0,,
00417,謝瑞麟,2025-07-22,1,0,0.68,0.68,eod_proxy,0,279,0.0,-2.9412,69.1176,83.8235,69.1176,-5.8824,0,0,0,0,0,0,0,0,0,0,0,0,,
00419,弘毅文化集團,2025-07-09,1,0,0.39,0.39,eod_proxy,0,288,-5.1282,-2.5641,76.9231,43.5897,125.641,-10.2564,0,0,0,0,0,0,1,0,0,1,1,0,CONSOLIDATION,117
00420,福田實業,2025-08-04,1,0,0.573,0.573,eod_proxy,0,270,3.4904,8.726,8.726,5.2356,10.4712,1.7452,0,0,0,0,0,0,0,0,0,0,0,0,,
00422,越南制造加工出口,2025-10-22,1,0,0.3,0.3,eod_proxy,0,215,0.0,0.0,0.0,-11.6667,1.6667,-1.6667,0,0,0,0,0,0,0,0,0,0,0,0,,
00423,經濟日報集團,2025-08-06,1,0,0.77,0.77,eod_proxy,0,268,1.2987,1.2987,6.4935,2.5974,6.4935,0.0,0,0,0,0,0,0,0,0,0,0,0,0,,
00426,萬華媒體,2025-11-12,1,0,0.141,0.141,eod_proxy,0,201,-21.9858,-21.2766,-21.9858,-45.3901,-13.4752,-29.7872,0,0,0,0,0,0,0,0,0,0,0,0,,
00428,中國天弓控股,2025-07-23,1,0,0.26,0.26,eod_proxy,0,278,9.6154,-6.5385,11.5385,-12.3077,25.0,-8.4615,0,0,0,0,0,0,0,0,0,0,0,0,,
00432,盈大地產,2025-10-31,1,0,0.198,0.198,eod_proxy,0,209,-1.0101,1.5152,0.5051,0.5051,2.0202,-1.5152,0,0,0,0,0,0,0,0,0,0,0,0,,
00433,北方礦業,2025-07-25,1,0,0.036,0.036,eod_proxy,0,276,33.3333,27.7778,108.3333,122.2222,108.3333,25.0,0,0,0,0,0,0,0,0,0,0,0,0,,
00438,彩虹新能源,2025-09-08,1,0,3.0,3.0,eod_proxy,0,245,-9.0,-17.6667,-18.0,-30.6667,-5.3333,-22.6667,0,0,0,0,0,0,0,0,0,0,0,0,,
00442,域能控股,2025-08-13,1,0,0.85,0.85,eod_proxy,0,263,17.2941,7.8824,14.1176,-5.5294,23.5294,1.5294,0,0,0,0,0,0,1,0,1,0,0,0,RIGHTS,91
00450,鴻興印刷集團,2025-11-25,1,0,0.85,0.85,eod_proxy,0,192,-1.1765,0.0,1.1765,0.0,1.1765,-1.1765,0,0,0,0,0,0,0,0,0,0,0,0,,
00456,新城市建設發展,2025-08-27,1,0,0.55,0.55,eod_proxy,0,253,-9.0909,-7.2727,-9.0909,-10.0,5.4545,-9.0909,0,0,0,0,0,0,0,0,0,0,0,0,,
00458,聯亞集團,2026-03-18,1,0,1.92,1.92,eod_proxy,0,117,-7.8125,-10.4167,-2.6042,-21.3542,0.0,-11.4583,0,0,0,0,0,0,0,0,0,0,0,0,,
00464,中國智能科技,2026-06-11,1,0,0.84,0.84,eod_proxy,0,61,8.3333,-5.9524,2.381,-13.6905,9.5238,-7.1429,0,0,0,0,0,0,0,0,0,0,0,0,,
00465,富通科技,2025-10-22,1,0,0.46,0.46,eod_proxy,0,215,13.0435,8.6957,23.913,45.6522,23.913,-7.6087,0,0,0,0,0,0,0,0,0,0,0,0,,
00471,中播數據,2025-10-06,1,0,0.679,0.679,eod_proxy,0,225,4.7128,-27.9823,-27.9823,-23.5641,4.7128,-27.9823,0,0,0,0,0,0,1,0,1,0,0,0,RIGHTS,44
00472,新絲路控股集團,2025-10-28,1,0,0.185,0.185,eod_proxy,0,211,116.2162,81.0811,62.1622,86.4865,116.2162,0.0,0,0,0,0,0,0,0,0,0,0,0,0,,
00474,信銘生命科技,2025-07-15,1,0,0.025,0.025,eod_proxy,0,253,-16.0,-20.0,-20.0,192.0,-16.0,-24.0,0,0,0,0,0,0,0,0,0,0,0,0,,
00476,科軒動力控股,2025-07-10,1,0,0.59,0.59,eod_proxy,0,287,15.2542,20.339,15.2542,83.0508,69.4915,11.8644,0,0,0,0,0,0,1,0,0,1,0,0,PLACING,123
00482,聖馬丁國際,2026-04-14,1,0,0.78,0.78,eod_proxy,0,101,2.5641,0.0,-6.4103,-21.7949,8.9744,-20.5128,0,0,0,0,0,0,0,0,0,0,0,0,,
00484,雲遊控股,2026-03-13,1,0,0.92,0.92,eod_proxy,0,120,-5.4348,-11.9565,-18.4783,-22.8261,0.0,-18.4783,0,0,0,0,0,0,0,0,0,0,0,0,,
00487,實德環球,2025-08-26,1,0,0.138,0.138,eod_proxy,0,254,-4.3478,-5.0725,-2.8986,-57.2464,0.0,-8.6957,0,0,0,0,0,0,0,0,0,0,0,0,,
00488,麗新發展,2025-07-09,1,0,0.66,0.66,eod_proxy,0,288,3.0303,3.0303,6.0606,-6.0606,12.1212,3.0303,0,0,0,0,0,0,0,0,0,0,0,0,,
00491,英皇文化產業,2025-09-16,1,0,0.043,0.043,eod_proxy,0,239,-9.3023,-13.9535,-9.3023,-18.6047,-4.6512,-18.6047,0,0,0,0,0,0,0,0,0,0,0,0,,
00496,卡森國際,2025-06-30,1,0,0.36,0.36,eod_proxy,0,294,11.1111,13.8889,11.1111,16.6667,15.2778,-11.1111,0,0,0,0,0,0,0,0,0,0,0,0,,
00498,藍河控股,2025-08-11,1,0,0.221,0.221,eod_proxy,0,179,-24.8869,-26.2443,-33.0317,-16.2896,-10.4072,-33.9367,0,0,0,0,0,0,0,0,0,0,0,0,,
00499,青島控股,2026-04-24,1,0,0.206,0.206,eod_proxy,0,93,-4.8544,-2.4272,-10.1942,-8.2524,6.3107,-10.1942,0,0,0,0,0,0,0,0,0,0,0,0,,
00500,先豐服務集團,2025-07-25,1,0,0.11,0.11,eod_proxy,0,276,-10.9091,-13.6364,-16.3636,-21.8182,0.9091,-18.1818,0,0,0,0,0,0,0,0,0,0,0,0,,
00505,興業合金,2026-08-28,1,0,1.02,1.02,eod_proxy,0,7,-2.451,,,,1.9608,-3.9216,0,0,0,0,0,0,0,0,0,0,0,0,,
00508,鼎億集團投資,2026-01-19,1,0,0.475,0.475,eod_proxy,0,156,47.3684,43.1579,43.1579,26.3158,53.6842,2.1053,0,0,0,0,0,0,0,0,0,0,0,0,,
00510,時富金融服務集團,2025-06-26,1,0,0.295,0.295,eod_proxy,0,296,-5.0847,54.2373,35.5932,69.4915,57.6271,-5.0847,0,0,0,0,0,0,0,0,0,0,0,0,,
00515,中華銀科技,2025-07-07,1,0,0.37,0.37,eod_proxy,0,61,9.4595,12.1622,16.2162,-51.8919,54.0541,0.0,0,0,0,0,0,0,0,0,0,0,0,0,,
00518,同得仕(集團),2025-07-03,1,0,0.199,0.199,eod_proxy,0,292,7.5377,3.0151,0.0,9.5477,7.5377,-0.5025,0,0,0,0,0,0,0,0,0,0,0,0,,
00519,諾科達科技,2025-08-26,1,0,0.127,0.127,eod_proxy,0,254,-11.811,-7.0866,78.7402,83.4646,78.7402,-13.3858,0,0,0,0,0,0,0,0,0,0,0,0,,
00520,呷哺呷哺,2026-05-19,1,0,0.38,0.38,eod_proxy,0,77,-5.2632,-6.5789,-19.7368,-26.3158,7.8947,-21.0526,0,0,0,0,0,0,0,0,0,0,0,0,,
00524,長城天下,2025-09-11,1,0,0.355,0.355,eod_proxy,0,242,5.6338,-2.8169,-7.0423,-18.3099,5.6338,-14.0845,0,0,0,0,0,0,0,0,0,0,0,0,,
00526,利時集團控股,2025-11-17,1,0,0.097,0.097,eod_proxy,0,198,-5.1546,-10.3093,-11.3402,-10.3093,-1.0309,-15.4639,0,0,0,0,0,0,0,0,0,0,0,0,,
00527,瑞風綠能智算,2025-08-21,1,0,0.405,0.405,eod_proxy,0,257,7.4074,55.5556,48.1481,82.716,87.6543,3.7037,0,0,0,0,0,0,0,0,0,0,0,0,,
00528,金達控股,2025-08-12,1,0,1.02,1.02,eod_proxy,0,264,7.8431,8.8235,7.8431,3.9216,9.8039,3.9216,0,0,0,0,0,0,0,0,0,0,0,0,,
00529,新龍國際,2025-08-27,1,0,2.335,2.335,eod_proxy,0,253,-26.1242,-25.2677,-17.5589,-15.4176,-8.9936,-28.2655,0,0,0,0,0,0,0,0,0,0,0,0,,
00532,王氏港建,2025-07-10,1,0,0.3,0.3,eod_proxy,0,287,-3.3333,-3.3333,1.6667,-1.6667,1.6667,-11.6667,0,0,0,0,0,0,0,0,0,0,0,0,,
00536,貿易通,2026-03-25,1,0,1.005,1.005,eod_proxy,0,112,4.9751,6.9652,5.9701,9.4527,7.9602,0.995,0,0,0,0,0,0,0,0,0,0,0,0,,
00538,味千(中國),2026-09-07,1,0,0.795,0.795,eod_proxy,0,1,,,,,0.6289,0.6289,0,0,0,0,0,0,0,0,0,0,0,0,,
00542,中國文旅農業,2025-09-01,1,0,0.385,0.385,eod_proxy,0,250,16.8831,42.8571,96.1039,123.3766,133.7662,3.8961,0,0,0,0,0,0,0,0,0,0,0,0,,
00544,大同集團,2025-07-24,1,0,1.26,1.26,eod_proxy,0,277,55.5556,34.127,12.6984,59.5238,98.4127,12.6984,0,0,0,0,0,0,1,0,0,1,0,0,PLACING,99
00550,律齊文化,2026-01-21,1,0,0.248,0.248,eod_proxy,0,154,25.0,8.871,27.0161,258.871,49.1935,-0.8065,0,0,0,0,0,0,0,0,0,0,0,0,,
00554,漢思集團控股,2026-01-06,1,0,0.219,0.219,eod_proxy,0,165,0.4566,1.3699,3.653,-8.6758,5.4795,0.0,0,0,0,0,0,0,0,0,0,0,0,0,,
00556,泛亞環保,2025-08-18,1,0,0.32,0.32,eod_proxy,0,260,-9.375,-3.125,-10.9375,-14.0625,3.125,-14.0625,0,0,0,0,0,0,0,0,0,0,0,0,,
00557,天元醫療,2026-03-04,1,0,0.62,0.62,eod_proxy,0,127,-3.2258,-17.7419,-23.3871,-22.5806,11.2903,-34.6774,0,0,0,0,0,0,0,0,0,0,0,0,,
00559,德泰新能源集團,2025-07-16,1,0,0.169,0.169,eod_proxy,0,180,32.5444,27.2189,17.1598,12.426,39.645,17.1598,0,0,0,0,0,0,0,0,0,0,0,0,,
00567,金安智能,2026-02-20,1,0,0.173,0.173,eod_proxy,0,135,-4.6243,-13.2948,44.5087,105.2023,44.5087,-16.763,0,0,0,0,0,0,0,0,0,0,0,0,,
00571,豐德麗控股,2025-10-23,1,0,0.047,0.047,eod_proxy,0,214,-4.2553,-2.1277,0.0,-2.1277,14.8936,-8.5106,0,0,0,0,0,0,0,0,0,0,0,0,,
00572,未來世界控股,2025-08-06,1,0,0.47,0.47,eod_proxy,0,268,1.0638,0.0,2.1277,8.5106,4.2553,-6.383,0,0,0,0,0,0,0,0,0,0,0,0,,
00573,稻香控股,2026-02-05,1,0,0.31,0.31,eod_proxy,0,143,11.2903,6.4516,-4.8387,-11.2903,24.1935,-4.8387,0,0,0,0,0,0,0,0,0,0,0,0,,
00574,百信國際,2025-07-28,1,0,0.05,0.05,eod_proxy,0,226,2.0,-14.0,-24.0,-16.0,4.0,-24.0,0,0,0,0,0,0,0,0,0,0,0,0,,
00575,勵晶太平洋,2025-12-03,1,0,1.07,1.07,eod_proxy,0,186,1.8692,-6.5421,-6.5421,-15.8879,8.4112,-8.4112,0,0,0,0,0,0,0,0,0,0,0,0,,
00582,神話世界,2025-06-30,1,0,0.134,0.134,eod_proxy,0,294,-8.209,-4.4776,-8.209,-8.9552,-4.4776,-13.4328,0,0,0,0,0,0,1,0,1,0,0,0,RIGHTS,25
00583,長城環亞控股,2025-07-04,1,0,0.23,0.23,eod_proxy,0,291,0.8696,0.0,-2.1739,-4.3478,6.5217,-3.913,0,0,0,0,0,0,0,0,0,0,0,0,,
00585,意力國際(五百),2025-08-08,1,0,0.7,0.7,eod_proxy,0,266,58.5714,48.5714,27.1429,18.5714,64.2857,21.4286,0,0,0,0,0,0,0,0,0,0,0,0,,
00587,海螺環保,2026-07-16,1,0,0.285,0.285,eod_proxy,0,38,0.0,-3.5088,-5.2632,,1.7544,-7.0175,0,0,0,0,0,0,0,0,0,0,0,0,,
00591,中國高精密,2025-11-13,1,0,0.365,0.365,eod_proxy,0,200,-12.3288,-8.2192,-17.8082,0.0,-5.4795,-17.8082,0,0,0,0,0,0,0,0,0,0,0,0,,
00595,先思行,2025-10-08,1,0,0.44,0.44,eod_proxy,0,225,-7.9545,-6.8182,-9.0909,-9.0909,-1.1364,-9.0909,0,0,0,0,0,0,0,0,0,0,0,0,,
00601,稀鎂科技,2025-07-10,1,0,0.09,0.09,eod_proxy,0,287,-7.7778,-2.2222,-11.1111,-2.2222,4.4444,-15.5556,0,0,0,0,0,0,0,0,0,0,0,0,,
00602,佳華百貨控股,2025-07-22,1,0,0.048,0.048,eod_proxy,0,279,25.0,20.8333,39.5833,16.6667,66.6667,6.25,0,0,0,0,0,0,0,0,0,0,0,0,,
00605,中國金融投資管理,2026-01-06,1,0,0.95,0.95,eod_proxy,0,165,-2.1053,-3.1579,-10.5263,-20.0,1.0526,-10.5263,0,0,0,0,0,0,0,0,0,0,0,0,,
00606,中駿商管,2026-01-29,1,0,0.36,0.36,eod_proxy,0,148,-8.3333,-18.0556,-13.8889,-23.6111,-8.3333,-20.8333,0,0,0,0,0,0,0,0,0,0,0,0,,
00607,豐盛控股,2025-08-25,1,0,0.355,0.355,eod_proxy,0,255,,,,-50.9859,,,0,0,0,0,0,0,1,0,0,1,0,0,PLACING,154
00608,達利國際,2026-04-01,1,0,1.095,1.095,eod_proxy,0,107,-7.3059,15.5251,10.0457,8.6758,21.9178,-7.3059,0,0,0,0,0,0,0,0,0,0,0,0,,
00610,惠記集團,2025-07-08,1,0,0.66,0.66,eod_proxy,0,289,1.5152,1.5152,13.6364,13.6364,15.1515,0.0,0,0,0,0,0,0,0,0,0,0,0,0,,
00611,中國核能科技,2025-07-21,1,0,0.46,0.46,eod_proxy,0,280,10.8696,5.4348,8.6957,39.1304,15.2174,5.4348,0,0,0,0,0,0,0,0,0,0,0,0,,
00616,財富鏈,2025-09-01,1,0,0.124,0.124,eod_proxy,0,250,133.871,66.129,58.0645,90.3226,182.2581,12.9032,0,0,0,0,0,0,1,0,0,1,0,1,CB,39
00617,百利保控股,2025-09-10,1,0,0.36,0.36,eod_proxy,0,243,2.7778,-9.7222,-11.1111,-26.3889,8.3333,-15.2778,0,0,0,0,0,0,0,0,0,0,0,0,,
00618,北大資源,2025-11-24,1,0,0.22,0.22,eod_proxy,0,193,5.9091,-5.0,-15.0,7.2727,11.3636,-17.7273,0,0,0,0,0,0,0,0,0,0,0,0,,
00619,南華金融,2025-07-11,1,0,0.45,0.45,eod_proxy,0,286,-11.1111,-20.0,-35.5556,-33.3333,-4.4444,-38.8889,0,0,0,0,0,0,0,0,0,0,0,0,,
00620,大唐西市,2025-07-08,1,0,0.39,0.39,eod_proxy,0,289,25.641,41.0256,89.7436,323.0769,164.1026,25.641,0,0,0,0,0,0,1,0,0,0,0,1,CB,101
00627,共生智築,2025-08-11,1,0,0.65,0.65,eod_proxy,0,265,55.3846,35.3846,46.1538,-13.8462,55.3846,0.0,0,0,0,0,0,0,0,0,0,0,0,0,,
00630,雋泰控股,2025-06-30,1,0,0.27,0.27,eod_proxy,0,294,-9.2593,11.1111,9.2593,27.7778,46.2963,-27.7778,0,0,0,0,0,0,0,0,0,0,0,0,,
00632,中港石油,2026-03-02,1,0,0.6,0.6,eod_proxy,0,129,-13.3333,-26.6667,-34.1667,-55.8333,48.3333,-36.6667,0,0,0,0,0,0,1,0,0,1,0,0,PLACING,95
00635,彩星集團,2026-03-16,1,0,0.47,0.47,eod_proxy,0,119,0.0,6.383,8.5106,2.1277,12.766,0.0,0,0,0,0,0,0,0,0,0,0,0,0,,
00637,利記,2025-08-13,1,0,0.229,0.229,eod_proxy,0,263,-10.0437,-13.1004,-10.917,-23.5808,-6.5502,-13.5371,0,0,0,0,0,0,0,0,0,0,0,0,,
00640,星謙發展,2025-12-30,1,0,2.318,2.318,eod_proxy,0,169,3.8827,4.3141,12.5108,5.7377,12.5108,1.2942,0,0,0,0,0,0,0,0,0,0,0,0,,
00641,中國恆天立信國際,2026-04-21,1,0,0.355,0.355,eod_proxy,0,96,23.9437,19.7183,25.3521,1.4085,25.3521,1.4085,0,0,0,0,0,0,0,0,0,0,0,0,,
00643,恆富控股,2025-07-31,1,0,0.445,0.445,eod_proxy,0,271,46.0674,39.3258,-1.1236,0.0,97.7528,-1.1236,0,0,0,0,0,0,1,1,0,0,0,0,GO,85
00645,安域亞洲,2025-07-23,1,0,0.174,0.174,eod_proxy,0,278,-10.9195,-11.4943,-8.046,-25.8621,-7.4713,-16.6667,0,0,0,0,0,0,0,0,0,0,0,0,,
00646,中國環保科技,2026-09-01,1,0,0.118,0.118,eod_proxy,0,5,196.6102,,,,196.6102,41.5254,0,0,0,0,0,0,1,0,1,0,1,0,RIGHTS,0
00648,京玖康療,2026-02-16,1,0,3.7,3.7,eod_proxy,0,136,51.3514,54.0541,48.6486,439.7297,72.973,27.5676,0,0,0,1,0,0,1,0,0,1,1,0,PLACING,22
00653,卓悅控股,2025-08-14,1,0,0.119,0.119,eod_proxy,0,262,-4.2017,-18.4874,-21.0084,-40.3361,2.521,-22.6891,0,0,0,0,0,0,1,0,0,1,0,0,PLACING,176
00655,香港華人有限公司,2026-04-27,1,0,0.315,0.315,eod_proxy,0,92,26.9841,26.9841,22.2222,36.5079,34.9206,1.5873,0,0,0,0,0,0,0,0,0,0,0,0,,
00657,環科國際,2025-07-03,1,0,0.028,0.028,eod_proxy,0,292,3.5714,-10.7143,-3.5714,10.7143,10.7143,-10.7143,0,0,0,0,0,0,0,0,0,0,0,0,,
00660,瑋俊生物科技,2025-08-14,1,0,0.239,0.239,eod_proxy,0,262,-2.5105,-25.523,-25.1046,-17.9916,27.6151,-25.523,0,0,0,0,0,0,0,0,0,0,0,0,,
00672,眾安集團,2025-10-14,1,0,0.136,0.136,eod_proxy,0,221,-1.4706,-0.7353,-5.1471,-11.7647,2.9412,-5.1471,0,0,0,0,0,0,0,0,0,0,0,0,,
00673,中國衛生集團,2025-07-07,1,0,0.273,0.273,eod_proxy,0,290,5.8608,1.4652,108.4249,70.3297,108.4249,-2.9304,0,0,0,0,0,0,0,0,0,0,0,0,,
00677,金源發展國際實業,2025-10-15,1,0,0.339,0.339,eod_proxy,0,220,0.0,0.0,1.4749,3.2448,2.9499,0.0,0,0,0,0,0,0,0,0,0,0,0,0,,
00679,亞洲聯網科技,2025-07-22,1,0,0.93,0.93,eod_proxy,0,279,5.3763,6.4516,4.3011,0.0,10.7527,3.2258,0,0,0,0,0,0,0,0,0,0,0,0,,
00681,中民控股,2025-11-13,1,0,0.037,0.037,eod_proxy,0,200,-5.4054,-5.4054,-10.8108,-5.4054,-2.7027,-10.8108,0,0,0,0,0,0,0,0,0,0,0,0,,
00682,超大現代,2025-09-15,1,0,0.35,0.35,eod_proxy,0,240,-8.5714,-5.7143,-12.8571,-18.5714,-1.4286,-14.2857,0,0,0,0,0,0,1,0,0,1,0,0,PLACING,77
00684,亞倫國際,2025-09-22,1,0,0.58,0.58,eod_proxy,0,235,-3.4483,-3.4483,-8.6207,-5.1724,0.0,-8.6207,0,0,0,0,0,0,0,0,0,0,0,0,,
00685,世界華文媒體,2025-11-12,1,0,0.25,0.25,eod_proxy,0,201,-17.6,-17.2,-18.0,-16.8,-10.8,-20.0,0,0,0,0,0,0,0,0,0,0,0,0,,
00689,長盈集團(控股),2025-08-22,1,0,0.149,0.149,eod_proxy,0,256,-3.3557,-0.6711,0.0,10.7383,0.6711,-3.3557,0,0,0,0,0,0,1,0,1,0,0,0,RIGHTS,144
00690,聯康生物科技集團,2026-03-17,1,0,0.115,0.115,eod_proxy,0,118,-5.2174,-15.6522,-15.6522,-23.4783,0.8696,-18.2609,0,0,0,0,0,0,0,0,0,0,0,0,,
00698,通達集團,2025-12-24,1,0,4.08,4.08,eod_proxy,0,171,-3.1863,-7.598,-7.3529,-23.5294,-1.9608,-7.598,0,0,0,0,0,0,0,0,0,0,0,0,,
00701,北海集團,2026-04-22,1,0,0.195,0.195,eod_proxy,0,95,-25.641,-34.8718,-42.5641,-46.6667,-7.1795,-44.1026,0,0,0,0,0,0,0,0,0,0,0,0,,
00704,和嘉控股,2025-09-01,1,0,0.217,0.217,eod_proxy,0,140,-40.553,-74.1935,-75.1152,-16.129,-18.4332,-76.4977,0,0,0,0,0,0,0,0,0,0,0,0,,
00711,亞洲聯合基建控股,2025-12-19,1,0,0.43,0.43,eod_proxy,0,174,1.1628,0.0,0.0,0.0,1.1628,0.0,0,0,0,0,0,0,0,0,0,0,0,0,,
00712,卡姆丹克太陽能,2025-07-03,1,0,0.098,0.098,eod_proxy,0,292,7.1429,2.0408,0.0,41.8367,9.1837,-6.1224,0,0,0,0,0,0,0,0,0,0,0,0,,
00713,世界(集團),2025-11-04,1,0,0.45,0.45,eod_proxy,0,207,-1.1111,0.0,-8.8889,-7.7778,3.3333,-10.0,0,0,0,0,0,0,0,0,0,0,0,0,,
00718,太和控股,2025-07-11,1,0,0.038,0.038,eod_proxy,0,286,34.2105,47.3684,18.4211,60.5263,47.3684,2.6316,0,0,0,0,0,0,0,0,0,0,0,0,,
00720,意達利控股,2025-07-28,1,0,0.149,0.149,eod_proxy,0,275,-7.3826,-6.0403,1.3423,21.4765,4.0268,-8.7248,0,0,0,0,0,0,0,0,0,0,0,0,,
00721,中國金融國際,2025-12-12,1,0,0.28,0.28,eod_proxy,0,179,-7.1429,-3.5714,-8.9286,23.2143,0.0,-10.7143,0,0,0,0,0,0,1,0,0,1,1,0,PLACING,89
00723,信保環球控股,2025-08-04,1,0,0.32,0.32,eod_proxy,0,270,-10.9375,1.5625,-23.75,-38.125,1.5625,-25.9375,0,0,0,0,0,0,0,0,0,0,0,0,,
00725,恆都集團,2025-08-20,1,0,0.81,0.81,eod_proxy,0,258,-6.1728,-6.1728,-8.642,-9.8765,-6.1728,-11.1111,0,0,0,0,0,0,0,0,0,0,0,0,,
00726,築友智造科技,2025-09-24,1,0,0.048,0.048,eod_proxy,0,233,-16.6667,-6.25,-14.5833,-16.6667,6.25,-16.6667,0,0,0,0,0,0,0,0,0,0,0,0,,
00727,中國豐匯,2025-08-04,1,0,0.785,0.785,eod_proxy,0,270,3.1847,0.0,0.3822,-5.3503,3.1847,0.0,0,0,0,0,0,0,1,0,1,0,0,0,RIGHTS,109
00730,首惠產業金融,2025-07-29,1,0,0.117,0.117,eod_proxy,0,274,5.1282,1.7094,4.2735,4.2735,6.8376,0.0,0,0,0,0,0,0,0,0,0,0,0,0,,
00731,建發新勝,2025-10-06,1,0,0.19,0.19,eod_proxy,0,226,-1.0526,4.2105,10.5263,13.6842,10.5263,-1.0526,0,0,0,0,0,0,0,0,0,0,0,0,,
00733,合富輝煌,2025-11-17,1,0,0.47,0.47,eod_proxy,0,198,-29.7872,-29.7872,-35.1064,-42.5532,-15.9574,-35.1064,0,0,0,0,0,0,0,0,0,0,0,0,,
00736,中國置業投資,2025-07-09,1,0,0.189,0.189,eod_proxy,0,288,7.4074,2.1164,-2.6455,407.9365,14.8148,-2.6455,0,0,0,0,0,0,0,0,0,0,0,0,,
00738,萊爾斯丹,2026-03-16,1,0,0.325,0.325,eod_proxy,0,119,9.2308,10.7692,1.5385,-15.3846,15.3846,0.0,0,0,0,0,0,0,0,0,0,0,0,0,,
00745,中國國家文化產業,2025-12-15,1,0,0.74,0.74,eod_proxy,0,178,-5.4054,-2.7027,-5.4054,-8.1081,4.0541,-8.1081,0,0,0,0,0,0,0,0,0,0,0,0,,
00747,沈陽公用發展股份,2025-07-22,1,0,0.061,0.061,eod_proxy,0,279,0.0,-4.918,26.2295,22.9508,26.2295,-8.1967,0,0,0,0,0,0,0,0,0,0,0,0,,
00750,水發興業能源,2025-09-05,1,0,0.31,0.31,eod_proxy,0,246,-3.2258,-8.0645,-8.0645,-22.9032,-1.6129,-11.2903,0,0,0,0,0,0,0,0,0,0,0,0,,
00756,森美控股,2025-09-16,1,0,0.6,0.6,eod_proxy,0,239,-5.0,-20.0,-25.0,-30.8333,0.0,-25.0,0,0,0,0,0,0,0,0,0,0,0,0,,
00757,陽光能源,2025-07-02,1,0,0.081,0.081,eod_proxy,0,293,16.0494,11.1111,14.8148,29.6296,23.4568,-3.7037,0,0,0,0,0,0,0,0,0,0,0,0,,
00759,CEC國際,2025-07-22,1,0,0.46,0.46,eod_proxy,0,279,-39.1304,-50.6522,-26.087,-41.3043,-19.5652,-50.6522,0,0,0,0,0,0,0,0,0,0,0,0,,
00764,永恆策略,2026-03-12,1,0,0.56,0.56,eod_proxy,0,121,-7.1429,-5.3571,-10.7143,-46.4286,0.0,-10.7143,0,0,0,0,0,0,0,0,0,0,0,0,,
00767,中基長壽科學,2025-07-22,1,0,0.51,0.51,eod_proxy,0,279,-4.902,17.6471,27.451,9.8039,27.451,-5.8824,0,0,0,0,0,0,1,0,0,0,0,1,CB,132
00771,自動系統,2025-09-22,1,0,0.85,0.85,eod_proxy,0,235,-3.5294,-8.2353,-12.9412,-21.1765,-2.3529,-12.9412,0,0,0,0,0,0,0,0,0,0,0,0,,
00776,帝國科技集團,2025-07-30,1,0,0.703,0.703,eod_proxy,0,273,12.3755,12.3755,4.8364,66.4296,22.7596,-5.6899,0,0,0,0,0,0,1,0,0,1,0,0,PLACING,64
00784,愛生命國際,2025-08-07,1,0,0.089,0.089,eod_proxy,0,267,-8.9888,-12.3596,-32.5843,60.6742,-2.2472,-32.5843,0,0,0,0,0,0,0,0,0,0,0,0,,
00789,雅天妮集團,2025-06-30,1,0,1.55,1.55,eod_proxy,0,294,-3.2258,11.2903,8.0645,33.871,14.5161,-3.2258,0,0,0,0,0,0,0,0,0,0,0,0,,
00804,鼎石資本,2025-07-15,1,0,2.876,2.876,eod_proxy,0,284,-3.0598,3.0598,6.9541,42.9068,6.9541,-3.338,0,0,0,0,0,0,1,0,0,1,0,0,PLACING,78
00805,新吉奧房車,2025-12-19,1,0,1.01,1.01,eod_proxy,0,174,-5.9406,-3.9604,12.8713,11.8812,12.8713,-6.9307,0,0,0,0,0,0,0,0,0,0,0,0,,
00809,大成生化科技,2026-06-23,1,0,0.38,0.38,eod_proxy,0,54,-13.1579,0.0,5.2632,,10.5263,-13.1579,1,1,1,0,1,1,0,0,0,0,0,0,,
00810,中國鑄晨81,2025-08-11,1,0,0.113,0.113,eod_proxy,0,265,1.7699,0.0,0.885,1.7699,1.7699,0.0,0,0,0,0,0,0,1,0,1,1,0,0,PLACING,53
00814,北京京客隆,2025-07-23,1,0,0.295,0.295,eod_proxy,0,278,0.0,13.5593,6.7797,10.1695,18.6441,0.0,0,0,0,0,0,0,0,0,0,0,0,0,,
00821,匯盈控股,2025-08-08,1,0,0.547,0.547,eod_proxy,0,266,-6.7642,-8.5923,-9.872,-17.7331,-0.7313,-9.872,0,0,0,0,0,0,0,0,0,0,0,0,,
00822,嘉瑞國際,2025-09-11,1,0,0.32,0.32,eod_proxy,0,242,3.125,0.0,9.375,21.875,10.9375,0.0,0,0,0,0,0,0,0,0,0,0,0,0,,
00825,新世界百貨中國,2025-08-07,1,0,0.34,0.34,eod_proxy,0,267,-11.7647,-13.2353,-11.7647,-11.7647,-10.2941,-13.2353,0,0,0,0,0,0,0,0,0,0,0,0,,
00827,玖源集團,2025-08-26,1,0,0.038,0.038,eod_proxy,0,254,-13.1579,-15.7895,-23.6842,-15.7895,2.6316,-23.6842,0,0,0,0,0,0,0,0,0,0,0,0,,
00828,王朝酒業,2025-08-12,1,0,0.3,0.3,eod_proxy,0,264,-1.6667,-1.6667,0.0,-11.6667,1.6667,-5.0,0,0,0,0,0,0,0,0,0,0,0,0,,
00829,神冠控股,2025-08-15,1,0,0.255,0.255,eod_proxy,0,261,1.9608,13.7255,13.7255,5.8824,17.6471,1.9608,0,0,0,0,0,0,0,0,0,0,0,0,,
00831,利亞零售,2025-09-01,1,0,0.3,0.3,eod_proxy,0,250,1.6667,-1.6667,0.0,-1.6667,3.3333,-1.6667,0,0,0,0,0,0,0,0,0,0,0,0,,
00832,建業地產,2025-08-11,1,0,0.101,0.101,eod_proxy,0,265,-0.9901,0.0,0.0,-19.802,4.9505,-5.9406,0,0,0,0,0,0,0,0,0,0,0,0,,
00833,華訊,2025-07-10,1,0,0.39,0.39,eod_proxy,0,287,10.2564,7.6923,12.8205,56.4103,15.3846,-1.2821,0,0,0,0,0,0,0,0,0,0,0,0,,
00834,盛融控股,2025-10-24,1,0,0.6,0.6,eod_proxy,0,213,-10.0,3.3333,-10.0,-36.6667,10.0,-20.8333,0,0,0,0,0,0,0,0,0,0,0,0,,
00840,天業節水,2025-07-22,1,0,0.216,0.216,eod_proxy,0,279,-3.2407,-4.1667,-3.2407,-13.8889,9.2593,-7.8704,0,0,0,0,0,0,0,0,0,0,0,0,,
00841,木薯資源,2025-11-24,1,0,0.182,0.182,eod_proxy,0,193,36.2637,18.1319,56.5934,7.6923,56.5934,4.3956,0,0,0,0,0,0,0,0,0,0,0,0,,
00844,廣泰國際控股,2025-08-18,1,0,0.315,0.315,eod_proxy,0,260,-6.3492,1.5873,11.1111,100.0,11.1111,-6.3492,0,0,0,0,0,0,0,0,0,0,0,0,,
00848,茂業國際,2025-08-21,1,0,0.129,0.129,eod_proxy,0,257,1.5504,0.7752,4.6512,-7.7519,5.4264,0.7752,0,0,0,0,0,0,0,0,0,0,0,0,,
00851,盛源控股,2026-01-08,1,0,0.315,0.315,eod_proxy,0,163,-9.5238,-3.1746,17.4603,-39.6825,34.9206,-11.1111,0,0,0,0,0,0,0,0,0,0,0,0,,
00854,威雅利,2025-12-03,1,0,5.75,5.75,eod_proxy,0,186,0.3478,-0.8696,1.0435,-14.9565,1.0435,-10.9565,0,0,0,0,0,0,0,0,0,0,0,0,,
00858,精優藥業,2025-07-21,1,0,0.13,0.13,eod_proxy,0,280,-5.3846,1.5385,0.7692,-23.0769,6.1538,-12.3077,0,0,0,0,0,0,0,0,0,0,0,0,,
00860,APOLLO出行,2025-11-24,1,0,0.74,0.74,eod_proxy,0,193,5.4054,6.7568,-2.7027,-9.4595,6.7568,-5.4054,0,0,0,0,0,0,0,0,0,0,0,0,,
00862,遠見控股,2025-09-10,1,0,0.52,0.52,eod_proxy,0,243,-9.6154,-13.4615,-15.3846,-13.4615,7.6923,-19.2308,0,0,0,0,0,0,0,0,0,0,0,0,,
00865,建德國際控股,2025-08-05,1,0,0.038,0.038,eod_proxy,0,269,5.2632,-2.6316,0.0,0.0,5.2632,-5.2632,0,0,0,0,0,0,0,0,0,0,0,0,,
00869,彩星玩具,2025-11-06,1,0,0.54,0.54,eod_proxy,0,205,0.0,-1.8519,-3.7037,-25.0,0.0,-5.5556,0,0,0,0,0,0,0,0,0,0,0,0,,
00871,中國疏浚環保,2025-07-16,1,0,0.072,0.072,eod_proxy,0,283,4.1667,4.1667,1.3889,-19.4444,5.5556,0.0,0,0,0,0,0,0,0,0,0,0,0,0,,
00875,從玉智農,2025-07-21,1,0,0.405,0.405,eod_proxy,0,280,-14.8148,-18.5185,-9.8765,141.9753,-3.7037,-18.5185,0,0,0,0,0,0,0,0,0,0,0,0,,
00876,佳兆業健康,2025-07-28,1,0,1.05,1.05,eod_proxy,0,275,-4.7619,0.0,14.2857,180.9524,14.2857,-4.7619,0,0,0,0,0,0,0,0,0,0,0,0,,
00888,鏈信控股,2025-08-27,1,0,0.097,0.097,eod_proxy,0,253,-5.1546,29.8969,3.0928,-15.4639,43.299,-11.3402,0,0,0,0,0,0,0,0,0,0,0,0,,
00889,連達科技控股,2025-08-14,1,0,0.31,0.31,eod_proxy,0,262,3.2258,1.6129,-3.2258,12.9032,4.8387,-4.8387,0,0,0,0,0,0,0,0,0,0,0,0,,
00893,中國鐵鈦,2025-07-02,1,0,0.075,0.075,eod_proxy,0,293,-10.6667,-4.0,14.6667,10.6667,34.6667,-12.0,0,0,0,0,0,0,0,0,0,0,0,0,,
00894,萬裕科技,2025-08-18,1,0,0.485,0.485,eod_proxy,0,260,11.3402,19.5876,15.4639,69.0722,31.9588,-5.1546,0,0,0,0,0,0,0,0,0,0,0,0,,
00897,位元堂,2025-09-17,1,0,0.45,0.45,eod_proxy,0,238,-7.7778,3.3333,-2.2222,-12.2222,5.5556,-8.8889,0,0,0,0,0,0,0,0,0,0,0,0,,
00898,萬事昌國際,2025-08-08,1,0,1.09,1.09,eod_proxy,0,266,-7.3394,-2.7523,-6.422,-12.844,1.8349,-8.2569,0,0,0,0,0,0,0,0,0,0,0,0,,
00899,中加國信,2025-07-08,1,0,0.311,0.311,eod_proxy,0,289,-3.2154,-5.4662,-7.717,-45.3376,0.0,-14.1479,0,0,0,0,0,0,1,0,1,0,0,0,RIGHTS,69
00905,胡桃資本,2026-04-09,1,0,0.69,0.69,eod_proxy,0,104,-67.6812,-71.8841,-70.2899,-76.9565,-51.4493,-72.4638,0,0,0,0,0,0,0,0,0,0,0,0,,
00907,高雅光學,2025-09-22,1,0,0.041,0.041,eod_proxy,0,140,7.3171,9.7561,31.7073,21.9512,39.0244,-4.878,0,0,0,0,0,0,0,0,0,0,0,0,,
00910,中國三迪,2026-07-31,1,0,0.016,0.016,eod_proxy,0,27,-6.25,-25.0,-25.0,,12.5,-37.5,0,0,0,0,0,0,1,0,0,0,1,0,CONSOLIDATION,17
00911,前海健康,2026-04-24,1,0,0.41,0.41,eod_proxy,0,93,153.6585,119.5122,70.7317,56.0976,192.6829,43.9024,0,0,0,0,0,0,0,0,0,0,0,0,,
00913,港灣數字,2025-10-14,1,0,0.305,0.305,eod_proxy,0,221,-1.6393,-6.5574,-6.5574,-6.5574,0.0,-11.4754,0,0,0,0,0,0,0,0,0,0,0,0,,
00915,道和環球,2025-10-28,1,0,0.059,0.059,eod_proxy,0,211,1.6949,0.0,-20.339,-3.3898,11.8644,-20.339,0,0,0,0,0,0,0,0,0,0,0,0,,
00918,龍翼航空科技,2025-09-17,1,0,0.59,0.59,eod_proxy,0,238,5.0847,0.0,-3.3898,0.0,10.1695,-3.3898,0,0,0,0,0,0,0,0,0,0,0,0,,
00919,現代健康科技,2026-01-20,1,0,0.106,0.106,eod_proxy,0,155,-4.717,-14.1509,-12.2642,-24.5283,-4.717,-29.2453,0,0,0,0,0,0,0,0,0,0,0,0,,
00922,安賢園中國,2025-11-10,1,0,0.143,0.143,eod_proxy,0,203,-0.6993,-2.7972,-7.6923,-17.4825,0.6993,-8.3916,0,0,0,0,0,0,0,0,0,0,0,0,,
00923,綜合環保集團,2025-09-12,1,0,0.014,0.014,eod_proxy,0,241,21.4286,35.7143,50.0,42.8571,57.1429,14.2857,0,0,0,0,0,0,0,0,0,0,0,0,,
00924,坤集團,2025-08-12,1,0,0.32,0.32,eod_proxy,0,232,0.0,1.5625,-7.8125,-68.4375,12.5,-12.5,0,0,0,0,0,0,0,0,0,0,0,0,,
00926,碧生源,2025-08-26,1,0,2.86,2.86,eod_proxy,0,254,-4.5455,-6.2937,-3.8462,-16.4336,-0.3497,-11.5385,0,0,0,0,0,0,0,0,0,0,0,0,,
00927,富士高實業,2025-06-30,1,0,0.63,0.63,eod_proxy,0,294,11.1111,4.7619,3.1746,9.5238,11.1111,3.1746,0,0,0,0,0,0,0,0,0,0,0,0,,
00928,帝王國際投資,2025-11-06,1,0,0.087,0.087,eod_proxy,0,205,-14.9425,-4.5977,2.2989,27.5862,2.2989,-14.9425,0,0,0,0,0,0,0,0,0,0,0,0,,
00929,國際精密,2025-08-15,1,0,0.422,0.422,eod_proxy,0,261,0.0,2.3697,33.1754,87.6777,33.1754,-4.7393,0,0,0,0,0,0,0,0,0,0,0,0,,
00932,順騰國際控股,2025-09-15,1,0,0.042,0.042,eod_proxy,0,240,-23.8095,-23.8095,-21.4286,-11.9048,0.0,-26.1905,0,0,0,0,0,0,0,0,0,0,0,0,,
00936,佳兆業資本,2025-09-18,1,0,0.51,0.51,eod_proxy,0,237,-2.9412,-5.8824,-20.5882,-22.549,66.6667,-23.5294,0,0,0,0,0,0,0,0,0,0,0,0,,
00938,民生國際,2025-08-15,1,0,0.79,0.79,eod_proxy,0,261,-13.9241,-11.3924,-27.8481,-36.7089,-7.5949,-27.8481,0,0,0,0,0,0,0,0,0,0,0,0,,
00943,中證國際,2025-07-14,1,0,0.192,0.192,eod_proxy,0,285,5.2083,14.5833,27.6042,18.75,35.4167,-0.5208,0,0,0,0,0,0,1,0,0,1,0,0,PLACING,174
00947,摩比發展,2025-08-12,1,0,0.165,0.165,eod_proxy,0,264,-9.697,-7.8788,-4.2424,-4.2424,3.6364,-18.1818,0,0,0,0,0,0,0,0,0,0,0,0,,
00948,阿爾法企業-一萬,2025-11-14,1,0,0.29,0.29,eod_proxy,0,199,0.0,-12.069,-12.069,13.7931,36.2069,-12.069,0,0,0,0,0,0,1,0,0,1,0,0,PLACING,90
00950,李氏大藥廠,2026-08-27,1,0,1.375,1.375,eod_proxy,0,8,-8.3636,,,,-2.5455,-13.0909,0,0,0,0,0,0,0,0,0,0,0,0,,
00953,邵氏兄弟控股,2025-07-02,1,0,0.155,0.155,eod_proxy,0,293,12.9032,12.9032,18.0645,83.871,18.7097,-6.4516,0,0,0,0,0,0,0,0,0,0,0,0,,
00954,常茂生物,2026-03-31,1,0,0.35,0.35,eod_proxy,0,108,-4.2857,-5.7143,-8.5714,-18.5714,0.0,-10.0,0,0,0,0,0,0,0,0,0,0,0,0,,
00969,華聯國際,2025-07-18,1,0,0.168,0.168,eod_proxy,0,281,-16.6667,-22.619,-2.9762,-17.8571,5.9524,-25.0,0,0,0,0,0,0,0,0,0,0,0,0,,
00970,新耀萊,2025-07-03,1,0,0.55,0.55,eod_proxy,0,292,-14.5455,-9.0909,5.4545,1.8182,9.0909,-16.3636,0,0,0,0,0,0,0,0,0,0,0,0,,
00974,中國順客隆,2025-08-14,1,0,1.38,1.38,eod_proxy,0,262,-28.2609,-26.087,-17.3913,-11.5942,-10.1449,-40.5797,0,0,0,0,0,0,0,0,0,0,0,0,,
00979,綠色能源科技集團,2025-10-09,1,0,0.3,0.3,eod_proxy,0,224,-10.0,-19.6667,-28.0,-5.0,5.0,-35.0,0,0,0,0,0,0,0,0,0,0,0,0,,
00980,聯華超市,2026-08-20,1,0,0.335,0.335,eod_proxy,0,13,-1.4925,-1.4925,,,7.4627,-8.9552,0,0,0,0,0,0,0,0,0,0,0,0,,
00984,永旺,2025-07-22,1,0,0.49,0.49,eod_proxy,0,279,12.2449,4.0816,0.0,-17.3469,16.3265,-10.2041,0,0,0,0,0,0,0,0,0,0,0,0,,
00986,杜甫酒業集團,2025-11-10,1,0,0.96,0.96,eod_proxy,0,203,4.1667,8.3333,4.1667,-9.375,11.4583,-2.0833,0,0,0,0,0,0,0,0,0,0,0,0,,
00987,中國再生能源投資,2025-08-20,1,0,0.126,0.126,eod_proxy,0,258,1.5873,-11.9048,-7.1429,-25.3968,6.3492,-11.9048,0,0,0,0,0,0,0,0,0,0,0,0,,
00989,中國長白山國際,2025-08-07,1,0,0.83,0.83,eod_proxy,0,267,-7.2289,-6.0241,-2.4096,-3.6145,-2.4096,-18.0723,0,0,0,0,0,0,0,0,0,0,0,0,,
00993,信控國際資本,2026-07-28,1,0,0.098,0.098,eod_proxy,0,30,7.1429,6.1224,-4.0816,,9.1837,-5.102,0,0,0,0,0,0,0,0,0,0,0,0,,
00994,中天宏信,2025-07-09,1,0,0.265,0.265,eod_proxy,0,288,-24.1509,-20.0,-25.6604,13.2075,-14.3396,-26.4151,0,0,0,0,0,0,0,0,0,0,0,0,,
00997,普匯中金國際,2025-11-20,1,0,0.033,0.033,eod_proxy,0,195,12.1212,3.0303,0.0,-12.1212,18.1818,-6.0606,0,0,0,0,0,0,0,0,0,0,0,0,,
01000,北青傳媒,2025-07-23,1,0,0.78,0.78,eod_proxy,0,278,-10.2564,-12.8205,-12.8205,-15.3846,2.5641,-17.9487,0,0,0,0,0,0,0,0,0,0,0,0,,
01001,滬港聯合,2025-07-03,1,0,0.315,0.315,eod_proxy,0,292,11.1111,20.6349,15.873,22.2222,28.5714,3.1746,0,0,0,0,0,0,0,0,0,0,0,0,,
01002,威鋮國際,2026-08-13,1,0,0.057,0.057,eod_proxy,0,18,-5.2632,-5.2632,,,-1.7544,-15.7895,0,0,0,0,0,0,0,0,0,0,0,0,,
01008,力圖控股,2026-05-06,1,0,0.193,0.193,eod_proxy,0,86,4.1451,-8.2902,-4.6632,-14.5078,4.1451,-20.2073,0,0,0,0,0,0,0,0,0,0,0,0,,
01010,天璽曜11,2025-07-17,1,0,0.098,0.098,eod_proxy,0,282,2.0408,0.0,-2.0408,-5.102,2.0408,-5.102,0,0,0,0,0,0,0,0,0,0,0,0,,
01011,泰凌醫藥,2026-06-08,1,0,0.43,0.43,eod_proxy,0,64,5.814,-16.2791,-2.3256,-2.3256,9.3023,-16.2791,0,0,0,0,0,0,1,0,0,1,0,0,PLACING,9
01013,偉俊集團控股,2026-04-08,1,0,0.315,0.315,eod_proxy,0,105,246.0317,217.4603,163.4921,26.9841,,,0,0,0,0,0,0,0,0,0,0,0,0,,
01020,中細軟科技,2025-08-05,1,0,0.062,0.062,eod_proxy,0,269,0.0,58.0645,124.1935,98.3871,150.0,-3.2258,0,0,0,0,0,0,0,0,0,0,0,0,,
01022,飛魚科技,2025-07-08,1,0,0.237,0.237,eod_proxy,0,289,9.7046,24.4726,66.6667,229.1139,85.654,9.7046,0,0,0,0,0,0,0,0,0,0,0,0,,
01025,嘉藝控股,2025-07-07,1,0,0.248,0.248,eod_proxy,0,289,-3.2258,-1.2097,0.0,-5.2419,2.8226,-4.0323,0,0,0,0,0,0,1,0,1,0,0,0,RIGHTS,118
01026,環球實業科技,2026-01-21,1,0,0.101,0.101,eod_proxy,0,154,26.7327,16.8317,9.901,-20.7921,30.6931,8.9109,0,0,0,0,0,0,0,0,0,0,0,0,,
01027,亞洲策略(一千),2025-09-22,1,0,1.27,1.27,eod_proxy,0,235,133.8583,191.3386,212.5984,226.7717,262.2047,6.2992,0,0,0,0,0,0,1,0,0,1,0,0,PLACING,162
01028,千百度,2025-08-01,1,0,0.207,0.207,eod_proxy,0,271,2.8986,-3.3816,-9.1787,18.8406,2.8986,-9.1787,0,0,0,0,0,0,1,0,0,1,0,0,PLACING,90
01036,萬科海外,2025-07-14,1,0,1.4,1.4,eod_proxy,0,285,5.7143,6.4286,3.5714,27.8571,6.4286,-0.7143,0,0,0,0,0,0,0,0,0,0,0,0,,
01037,雲智匯科技,2025-09-01,1,0,0.26,0.26,eod_proxy,0,250,-1.9231,0.0,288.4615,111.5385,384.6154,-5.0,0,0,0,0,0,0,0,0,0,0,0,0,,
01039,暢由國際集團,2025-08-27,1,0,0.055,0.055,eod_proxy,0,253,-25.4545,-30.9091,-25.4545,-29.0909,-12.7273,-32.7273,0,0,0,0,0,0,0,0,0,0,0,0,,
01046,寰宇娛樂文化,2025-07-08,1,0,0.52,0.52,eod_proxy,0,289,-18.2692,-25.0,-28.8462,-25.0,-13.4615,-28.8462,0,0,0,0,0,0,0,0,0,0,0,0,,
01049,時富投資,2025-07-11,1,0,1.38,1.38,eod_proxy,0,286,-20.2899,-26.087,-23.913,-8.6957,-7.2464,-26.087,0,0,0,0,0,0,0,0,0,0,0,0,,
01059,看通集團,2025-07-18,1,0,0.38,0.38,eod_proxy,0,281,-1.3158,0.0,3.9474,-2.6316,5.2632,-1.3158,0,0,0,0,0,0,0,0,0,0,0,0,,
01062,國開國際投資,2025-07-10,1,0,0.118,0.118,eod_proxy,0,287,-6.7797,-5.0847,-15.2542,-1.6949,1.6949,-18.6441,0,0,0,0,0,0,0,0,0,0,0,0,,
01063,新確科技(新),2025-08-25,1,0,0.14,0.14,eod_proxy,0,255,-15.7143,-21.4286,-8.5714,-22.8571,-4.2857,-22.8571,0,0,0,0,0,0,0,0,0,0,0,0,,
01064,中華國際,2025-08-14,1,0,0.066,0.066,eod_proxy,0,262,-9.0909,68.1818,36.3636,19.697,122.7273,-9.0909,0,0,0,0,0,0,0,0,0,0,0,0,,
01068,雨潤食品,2026-05-28,1,0,0.094,0.094,eod_proxy,0,71,-5.3191,-5.3191,-14.8936,-17.0213,3.1915,-15.9574,0,0,0,0,0,0,0,0,0,0,0,0,,
01069,中國健康科技集團,2025-07-23,1,0,0.315,0.315,eod_proxy,0,250,-6.9841,3.1746,7.9365,2.2222,12.0635,-7.9365,0,0,0,0,0,0,0,0,0,0,0,0,,
01073,大禹金融,2025-06-26,1,0,0.115,0.115,eod_proxy,0,296,6.9565,3.4783,20.8696,8.6957,20.8696,-0.8696,0,0,0,0,0,0,1,0,1,0,0,0,RIGHTS,34
01075,首都信息,2025-07-31,1,0,2.551,2.551,eod_proxy,0,272,-0.784,18.4241,15.2881,9.0161,18.4241,-5.88,0,0,0,0,0,0,0,0,0,0,0,0,,
01079,松景科技,2025-07-18,1,0,0.101,0.101,eod_proxy,0,281,34.6535,,365.3465,231.6832,,,0,0,0,0,0,0,1,1,0,1,0,0,GO,18
01080,勝利管道,2025-07-10,1,0,0.06,0.06,eod_proxy,0,287,5.0,-1.6667,71.6667,36.6667,93.3333,-10.0,0,0,0,0,0,0,0,0,0,0,0,0,,
01082,源宇宙教育,2025-06-27,1,0,1.52,1.52,eod_proxy,0,295,1.9737,7.8947,-1.3158,-0.6579,7.8947,-1.3158,0,0,0,0,0,0,0,0,0,0,0,0,,
01084,綠新生物科技,2025-07-21,1,0,0.698,0.698,eod_proxy,0,280,0.0,1.4327,1.4327,-12.894,5.7307,-2.8653,0,0,0,0,0,0,0,0,0,0,0,0,,
01085,亨鑫科技,2025-08-15,1,0,1.19,1.19,eod_proxy,0,261,97.479,44.5378,52.1008,36.1345,97.479,24.3697,0,0,0,0,0,0,0,0,0,0,0,0,,
01087,威訊控股,2025-08-29,1,0,1.87,1.87,eod_proxy,0,251,-21.3904,-37.4332,-18.7166,-34.2246,-14.4385,-43.3155,0,0,0,0,0,0,0,0,0,0,0,0,,
01094,承輝國際,2025-09-16,1,0,0.76,0.76,eod_proxy,0,239,-45.3947,-38.8158,-50.0,-53.2895,0.0,-53.2895,0,0,0,0,0,0,0,0,0,0,0,0,,
01097,周大福媒體娛樂,2025-07-23,1,0,0.042,0.042,eod_proxy,0,278,11.9048,42.8571,66.6667,209.5238,73.8095,-2.381,0,0,0,0,0,0,0,0,0,0,0,0,,
01098,路勁,2025-08-13,1,0,0.79,0.79,eod_proxy,0,263,-10.1266,-13.9241,-10.1266,-11.3924,-7.5949,-15.1899,0,0,0,0,0,0,0,0,0,0,0,0,,
01100,飛達控股,2025-08-01,1,0,1.4,1.4,eod_proxy,0,271,-0.7143,0.7143,0.0,-5.7143,2.8571,-2.8571,0,0,0,0,0,0,0,0,0,0,0,0,,
01102,環能國際,2025-07-29,1,0,0.05,0.05,eod_proxy,0,274,0.0,-4.0,8.0,-2.0,8.0,-6.0,0,0,0,0,0,0,0,0,0,0,0,0,,
01105,星島,2025-09-17,1,0,0.29,0.29,eod_proxy,0,238,-6.8966,-8.6207,-13.7931,-24.1379,-6.8966,-13.7931,0,0,0,0,0,0,0,0,0,0,0,0,,
01107,當代置業,2025-12-31,1,0,0.014,0.014,eod_proxy,0,60,-7.1429,-7.1429,14.2857,-7.1429,14.2857,-14.2857,0,0,0,0,0,0,0,0,0,0,0,0,,
01111,華視集團控股,2025-08-27,1,0,0.375,0.375,eod_proxy,0,253,-24.0,-21.3333,-12.0,-12.0,-9.3333,-24.0,0,0,0,0,0,0,0,0,0,0,0,0,,
01116,慧源同創科技,2025-10-30,1,0,0.375,0.375,eod_proxy,0,210,-5.3333,-4.0,-2.6667,-21.3333,0.0,-12.0,0,0,0,0,0,0,0,0,0,0,0,0,,
01118,高力集團,2025-09-17,1,0,0.975,0.975,eod_proxy,0,238,-4.1026,1.0256,-3.5897,5.641,1.0256,-4.1026,0,0,0,0,0,0,0,0,0,0,0,0,,
01120,雅視光學,2026-03-03,1,0,0.99,0.99,eod_proxy,0,128,-8.0808,2.0202,-1.0101,-24.2424,2.0202,-9.0909,0,0,0,0,0,0,0,0,0,0,0,0,,
01124,沿海家園,2025-08-29,1,0,0.375,0.375,eod_proxy,0,239,2.6667,22.6667,,-22.6667,,,0,0,0,0,0,0,0,0,0,0,0,0,,
01129,中國水業集團,2025-07-23,1,0,0.25,0.25,eod_proxy,0,219,10.0,12.0,28.0,252.0,52.0,4.0,0,0,0,0,0,0,0,0,0,0,0,0,,
01130,中國環境資源,2025-10-17,1,0,0.49,0.49,eod_proxy,0,218,-4.0816,-2.0408,18.3673,2.0408,18.3673,-10.2041,0,0,0,0,0,0,1,0,0,1,0,0,PLACING,18
01132,橙天嘉禾,2025-06-30,1,0,0.049,0.049,eod_proxy,0,294,10.2041,-6.1224,0.0,59.1837,10.2041,-8.1633,0,0,0,0,0,0,0,0,0,0,0,0,,
01134,恆發光學,2025-09-05,1,0,0.18,0.18,eod_proxy,0,246,1.1111,-3.8889,3.8889,23.3333,3.8889,-5.0,0,0,0,0,0,0,0,0,0,0,0,0,,
01141,民銀資本,2025-07-10,1,0,0.69,0.69,eod_proxy,0,287,10.1449,0.0,-7.2464,71.0145,23.1884,-7.2464,0,0,0,0,0,0,0,0,0,0,0,0,,
01145,勇利投資,2026-04-27,1,0,0.135,0.135,eod_proxy,0,92,19.2593,14.8148,10.3704,8.8889,20.7407,3.7037,0,0,0,0,0,0,0,0,0,0,0,0,,
01146,匯成國際控股,2026-02-13,1,0,0.028,0.028,eod_proxy,0,137,-7.1429,-10.7143,25.0,42.8571,28.5714,-10.7143,0,0,0,0,0,0,1,0,0,1,0,0,PLACING,102
01147,伊登軟件,2026-02-26,1,0,0.137,0.137,eod_proxy,0,131,-18.9781,-16.0584,-8.7591,10.9489,3.6496,-18.9781,0,0,0,0,0,0,0,0,0,0,0,0,,
01148,新晨動力,2025-09-19,1,0,0.3,0.3,eod_proxy,0,236,25.0,0.0,1.6667,11.6667,48.3333,-3.3333,0,0,0,0,0,0,0,0,0,0,0,0,,
01150,米蘭站,2025-06-26,1,0,0.164,0.164,eod_proxy,0,296,-7.3171,-1.2195,-8.5366,89.0244,8.5366,-14.6341,0,0,0,0,0,0,0,0,0,0,0,0,,
01153,佳源服務,2025-08-18,1,0,0.52,0.52,eod_proxy,0,260,-7.6923,-5.7692,-4.8077,-28.8462,-1.9231,-14.4231,0,0,0,0,0,0,0,0,0,0,0,0,,
01156,CHINANEWENERGY,2025-09-01,1,0,0.128,0.128,eod_proxy,0,250,37.5,21.0938,18.75,-17.9688,46.0938,9.375,0,0,0,0,0,0,0,0,0,0,0,0,,
01159,智數科技集團,2026-01-06,1,0,2.32,2.32,eod_proxy,0,165,-0.8621,-5.1724,-8.1897,20.6897,3.4483,-12.931,0,0,0,0,0,0,1,0,0,1,0,0,PLACING,147
01160,金石資本集團,2025-07-10,1,0,0.147,0.147,eod_proxy,0,287,29.2517,42.8571,117.6871,185.7143,117.6871,9.5238,0,0,0,0,0,0,0,0,0,0,0,0,,
01161,奧思集團,2026-02-27,1,0,0.9,0.9,eod_proxy,0,130,0.0,-1.1111,1.1111,26.6667,3.3333,-2.2222,0,0,0,0,0,0,0,0,0,0,0,0,,
01162,瑩嵐集團,2025-09-08,1,0,0.25,0.25,eod_proxy,0,245,-0.4,-2.4,-7.6,-19.6,0.0,-8.0,0,0,0,0,0,0,0,0,0,0,0,0,,
01163,虎視傳媒,2025-10-13,1,0,0.133,0.133,eod_proxy,0,222,-0.7519,-3.0075,-5.2632,34.5865,2.2556,-13.5338,0,0,0,0,0,0,0,0,0,0,0,0,,
01165,順風清潔能源,2025-07-03,1,0,0.021,0.021,eod_proxy,0,96,23.8095,19.0476,14.2857,14.2857,42.8571,4.7619,0,0,0,0,0,0,0,0,0,0,0,0,,
01166,星凱控股,2025-12-04,1,0,0.46,0.46,eod_proxy,0,185,13.0435,15.2174,65.2174,34.7826,82.6087,5.4348,0,0,0,0,0,0,0,0,0,0,0,0,,
01170,信星集團,2025-07-24,1,0,0.54,0.54,eod_proxy,0,277,-3.7037,-3.7037,-5.5556,-12.963,0.0,-7.4074,0,0,0,0,0,0,0,0,0,0,0,0,,
01172,融太集團,2025-11-21,1,0,0.034,0.034,eod_proxy,0,194,-23.5294,-32.3529,-26.4706,-29.4118,-5.8824,-35.2941,0,0,0,0,0,0,0,0,0,0,0,0,,
01173,威高國際,2026-01-13,1,0,0.034,0.034,eod_proxy,0,160,8.8235,14.7059,11.7647,-8.8235,14.7059,5.8824,0,0,0,0,0,0,0,0,0,0,0,0,,
01176,珠光控股,2025-09-12,1,0,0.063,0.063,eod_proxy,0,241,-3.1746,-4.7619,-7.9365,-9.5238,0.0,-7.9365,0,0,0,0,0,0,0,0,0,0,0,0,,
01180,匯彩控股,2026-06-15,1,0,0.87,0.87,eod_proxy,0,59,-19.5402,-11.4943,6.8966,,6.8966,-19.5402,0,0,0,0,0,0,0,0,0,0,0,0,,
01182,勝龍國際,2025-11-18,1,0,0.8,0.8,eod_proxy,0,197,-20.0,-27.5,-11.25,-2.5,-7.5,-27.5,0,0,0,0,0,0,0,0,0,0,0,0,,
01183,澳能建設,2025-07-09,1,0,0.168,0.168,eod_proxy,0,288,-2.9762,-4.7619,5.9524,1.1905,23.8095,-10.7143,0,0,0,0,0,0,0,0,0,0,0,0,,
01195,京維集團,2026-09-02,1,0,0.019,0.019,eod_proxy,0,4,,,,,21.0526,-10.5263,0,0,0,0,0,0,0,0,0,0,0,0,,
01201,天臣控股,2025-07-28,1,0,0.85,0.85,eod_proxy,0,275,-23.5294,-30.5882,-32.9412,-10.5882,-10.5882,-32.9412,0,0,0,0,0,0,1,0,0,1,0,0,PLACING,122
01202,四威科技,2025-07-21,1,0,0.949,0.949,eod_proxy,0,280,-2.1075,2.1075,14.7524,-1.0537,20.0211,-5.2687,0,0,0,0,0,0,0,0,0,0,0,0,,
01203,廣南(集團),2026-05-22,1,0,0.638,0.638,eod_proxy,0,74,3.1348,4.7022,3.1348,2.6646,9.4044,-3.1348,0,0,0,0,0,0,0,0,0,0,0,0,,
01204,博維智慧,2025-07-24,1,0,1.63,1.63,eod_proxy,0,277,12.2699,-2.454,-15.9509,4.2945,12.2699,-20.8589,0,0,0,0,0,0,0,0,0,0,0,0,,
01215,開源控股,2025-07-21,1,0,0.016,0.016,eod_proxy,0,280,-6.25,-6.25,-6.25,68.75,0.0,-6.25,0,0,0,0,0,0,0,0,0,0,0,0,,
01217,中國創新投資,2025-07-22,1,0,0.014,0.014,eod_proxy,0,279,-14.2857,0.0,0.0,7.1429,7.1429,-14.2857,0,0,0,0,0,0,0,0,0,0,0,0,,
01218,永義國際,2025-07-25,1,0,1.6,1.6,eod_proxy,0,271,-3.125,-3.125,11.25,80.625,11.25,-6.25,0,0,0,0,0,0,0,0,0,0,0,0,,
01222,宏安集團,2025-07-07,1,0,0.024,0.024,eod_proxy,0,290,-4.1667,-4.1667,-4.1667,16.6667,4.1667,-4.1667,0,0,0,0,0,0,0,0,0,0,0,0,,
01225,隆成金融,2025-08-25,1,0,0.29,0.29,eod_proxy,0,255,-23.7931,-28.2759,-29.3103,-32.4138,-8.6207,-29.3103,0,0,0,0,0,0,0,0,0,0,0,0,,
01226,中國投融資,2025-09-10,1,0,0.79,0.79,eod_proxy,0,243,1.2658,5.0633,5.0633,-2.5316,11.3924,-1.2658,0,0,0,0,0,0,0,0,0,0,0,0,,
01229,南南資源,2026-03-12,1,0,0.23,0.23,eod_proxy,0,121,-0.4348,-5.2174,-12.1739,-26.5217,1.7391,-13.0435,0,0,0,0,0,0,0,0,0,0,0,0,,
01232,金輪天地控股,2026-07-07,1,0,0.32,0.32,eod_proxy,0,45,3.125,-6.25,6.25,,7.8125,-20.3125,0,0,0,0,0,0,0,0,0,0,0,0,,
01233,時代中國控股,2025-07-08,1,0,0.198,0.198,eod_proxy,0,289,-0.5051,2.5253,-3.0303,-2.5253,7.0707,-3.0303,0,0,0,0,0,0,0,0,0,0,0,0,,
01235,專業旅運,2025-06-26,1,0,0.165,0.165,eod_proxy,0,296,-2.4242,-9.697,-9.0909,7.8788,-2.4242,-12.1212,0,0,0,0,0,0,0,0,0,0,0,0,,
01237,中科生物,2025-07-18,1,0,0.67,0.67,eod_proxy,0,281,-11.9403,0.0,76.1194,34.3284,86.5672,-13.4328,0,0,0,0,0,0,0,0,0,0,0,0,,
01239,TEAMWAY INTL GP,2025-09-16,1,0,0.232,0.232,eod_proxy,0,239,16.3793,2.1552,29.3103,96.1207,35.7759,1.2931,0,0,0,0,0,0,1,0,0,1,0,0,PLACING,85
01240,青建國際,2025-10-02,1,0,0.196,0.196,eod_proxy,0,228,-4.5918,-1.0204,-5.102,-3.0612,-0.5102,-5.102,0,0,0,0,0,0,0,0,0,0,0,0,,
01241,雙樺控股,2025-08-13,1,0,0.2,0.2,eod_proxy,0,263,-14.0,-0.5,3.0,10.0,3.0,-21.5,0,0,0,0,0,0,0,0,0,0,0,0,,
01243,宏安地產,2026-07-17,1,0,0.032,0.032,eod_proxy,0,37,3.125,0.0,0.0,,6.25,0.0,0,0,0,0,0,0,0,0,0,0,0,0,,
01244,思路迪醫藥股份,2026-05-11,1,0,2.71,2.71,eod_proxy,0,83,24.7232,30.2583,10.3321,-17.3432,38.0074,-4.428,0,0,0,0,0,0,0,0,0,0,0,0,,
01245,NIRAKU,2025-09-11,1,0,0.175,0.175,eod_proxy,0,242,1.7143,0.5714,4.0,19.4286,6.2857,-1.1429,0,0,0,0,0,0,0,0,0,0,0,0,,
01251,華油能源,2026-01-20,1,0,0.199,0.199,eod_proxy,0,155,8.5427,23.1156,48.2412,25.6281,65.8291,-5.5276,0,0,0,0,0,0,0,0,0,0,0,0,,
01253,綠博生態,2025-07-09,1,0,0.15,0.15,eod_proxy,0,288,6.6667,13.3333,20.0,33.3333,20.0,0.0,0,0,0,0,0,0,0,0,0,0,0,0,,
01255,TATA健康,2026-04-14,1,0,2.38,2.38,eod_proxy,0,101,-15.9664,-24.3697,-21.8487,15.5462,-15.1261,-24.3697,0,0,0,0,0,0,0,0,0,0,0,0,,
01259,未來發展控股,2025-08-12,1,0,0.038,0.038,eod_proxy,0,264,2.6316,-2.6316,-18.4211,-13.1579,5.2632,-21.0526,0,0,0,0,0,0,0,0,0,0,0,0,,
01260,皓天財經集團,2025-08-18,1,0,0.41,0.41,eod_proxy,0,260,7.3171,1.2195,1.2195,7.3171,12.1951,0.0,0,0,0,0,0,0,0,0,0,0,0,0,,
01262,蠟筆小新食品,2025-11-11,1,0,1.81,1.81,eod_proxy,0,202,-3.3149,-8.8398,1.6575,148.6188,1.6575,-12.7072,0,0,0,0,0,0,1,0,0,1,0,1,PLACING,86
01265,天津津燃公用,2025-07-22,1,0,0.227,0.227,eod_proxy,0,279,3.0837,0.0,-1.3216,-1.7621,3.0837,-3.9648,0,0,0,0,0,0,0,0,0,0,0,0,,
01268,美東汽車,2026-07-17,1,0,0.455,0.455,eod_proxy,0,37,-1.0989,-14.2857,-15.3846,,5.4945,-21.978,0,0,0,0,0,0,0,0,0,0,0,0,,
01273,香港信貸,2025-10-17,1,0,0.524,0.524,eod_proxy,0,218,-1.9084,3.8168,9.542,14.5038,11.4504,-1.9084,0,0,0,0,0,0,0,0,0,0,0,0,,
01278,中國新城鎮,2025-06-26,1,0,0.099,0.099,eod_proxy,0,296,32.3232,34.3434,27.2727,-2.0202,38.3838,2.0202,0,0,0,0,0,0,0,0,0,0,0,0,,
01281,鑫達投資控股,2026-02-10,1,0,0.1,0.1,eod_proxy,0,140,2.0,-6.0,-7.0,3.0,5.0,-14.0,0,0,0,0,0,0,0,0,0,0,0,0,,
01282,中澤豐,2025-07-03,1,0,0.136,0.136,eod_proxy,0,292,-4.4118,25.0,20.5882,14.7059,27.9412,-9.5588,0,0,0,0,0,0,0,0,0,0,0,0,,
01284,新傳企劃,2025-08-20,1,0,0.423,0.423,eod_proxy,0,258,-16.5485,-17.7305,-23.1678,-25.5319,-7.0922,-23.1678,0,0,0,0,0,0,0,0,0,0,0,0,,
01285,嘉士利集團,2025-08-28,1,0,0.9,0.9,eod_proxy,0,252,-8.8889,-2.2222,6.6667,18.8889,6.6667,-8.8889,0,0,0,0,0,0,0,0,0,0,0,0,,
01289,盛力達科技,2025-08-27,1,0,2.366,2.366,eod_proxy,0,253,-12.257,-10.5664,-4.6492,10.989,-2.1133,-14.7929,0,0,0,0,0,0,0,0,0,0,0,0,,
01290,中國匯融,2025-07-07,1,0,0.67,0.67,eod_proxy,0,290,-10.4478,-11.9403,-11.9403,-5.9701,0.0,-14.9254,0,0,0,0,0,0,0,0,0,0,0,0,,
01292,長安民生物流,2025-08-27,1,0,3.91,3.91,eod_proxy,0,253,6.3939,6.6496,12.7877,-2.046,13.2992,0.5115,0,0,0,0,0,0,0,0,0,0,0,0,,
01298,雲能國際,2025-07-16,1,0,1.23,1.23,eod_proxy,0,283,-10.5691,-21.1382,-10.5691,-20.3252,10.5691,-22.7642,0,0,0,0,0,0,0,0,0,0,0,0,,
01301,德基科技控股,2026-03-02,1,0,0.52,0.52,eod_proxy,0,129,-13.4615,-18.2692,-36.5385,-36.5385,-8.6538,-37.5,0,0,0,0,0,0,0,0,0,0,0,0,,
01303,匯力資源,2026-06-18,1,0,0.27,0.27,eod_proxy,0,56,11.1111,-22.2222,-19.2593,,18.5185,-22.2222,0,0,0,0,0,0,0,0,0,0,0,0,,
01305,偉志控股,2025-06-26,1,0,0.79,0.79,eod_proxy,0,296,0.0,-1.2658,7.5949,18.9873,7.5949,-1.2658,0,0,0,0,0,0,0,0,0,0,0,0,,
01312,華控康泰,2025-09-17,1,0,0.04,0.04,eod_proxy,0,238,-25.0,-15.0,-25.0,-22.5,-12.5,-25.0,0,0,0,0,0,0,0,0,0,0,0,0,,
01314,翠華控股,2025-09-05,1,0,0.185,0.185,eod_proxy,0,246,-2.1622,0.0,-1.0811,-10.8108,2.1622,-3.7838,0,0,0,0,0,0,0,0,0,0,0,0,,
01315,綠色經濟,2025-07-10,1,0,0.147,0.147,eod_proxy,0,287,-4.0816,-5.4422,1.3605,2.0408,2.7211,-11.5646,0,0,0,0,0,0,0,0,0,0,0,0,,
01319,靄華押業信貸,2025-10-31,1,0,0.239,0.239,eod_proxy,0,209,6.2762,8.3682,6.2762,8.3682,12.5523,0.0,0,0,0,0,0,0,0,0,0,0,0,0,,
01321,中國新城市,2026-03-30,1,0,0.52,0.52,eod_proxy,0,109,23.0769,53.8462,46.1538,25.0,73.0769,-18.2692,0,0,0,0,0,0,0,0,0,0,0,0,,
01323,華盛國際控股,2026-05-07,1,0,0.142,0.142,eod_proxy,0,85,-2.8169,-15.493,-10.5634,55.6338,0.0,-24.6479,0,0,0,0,0,0,1,0,0,1,0,0,PLACING,35
01327,勵時集團,2025-10-21,1,0,0.73,0.73,eod_proxy,0,216,-8.2192,-10.9589,-12.3288,-4.1096,0.0,-12.3288,0,0,0,0,0,0,0,0,0,0,0,0,,
01328,金湧投資,2026-02-26,1,0,3.4,3.4,eod_proxy,0,131,-7.0588,-8.8235,-15.8824,46.7647,-5.8824,-20.5882,0,0,0,0,0,0,0,0,0,0,0,0,,
01332,透雲生物,2025-09-11,1,0,0.124,0.124,eod_proxy,0,242,-15.3226,-19.3548,-37.0968,121.7742,4.8387,-38.7097,0,0,0,0,0,0,0,0,0,0,0,0,,
01334,瑞昌國際控股,2025-07-24,1,0,0.91,0.91,eod_proxy,0,277,1.0989,7.6923,7.6923,23.0769,12.0879,-2.1978,0,0,0,0,0,0,0,0,0,0,0,0,,
01335,順泰控股,2025-08-28,1,0,0.15,0.15,eod_proxy,0,252,-10.0,-8.0,-7.3333,-9.3333,3.3333,-11.3333,0,0,0,0,0,0,0,0,0,0,0,0,,
01338,霸王集團,2026-08-05,1,0,0.029,0.029,eod_proxy,0,24,-3.4483,0.0,3.4483,,6.8966,-3.4483,0,0,0,0,0,0,0,0,0,0,0,0,,
01340,惠生國際,2025-08-13,1,0,0.392,0.392,eod_proxy,0,263,0.0,6.1224,2.0408,-12.2449,22.449,0.0,0,0,0,0,0,0,0,0,0,0,0,0,,
01341,昊天國際建投,2026-03-03,1,0,0.067,0.067,eod_proxy,0,79,-50.7463,-50.7463,-53.7313,-58.209,-5.9701,-55.2239,1,1,1,1,1,1,1,0,0,0,1,0,CONSOLIDATION,57
01343,偉源控股,2025-11-06,1,0,0.156,0.156,eod_proxy,0,205,-26.9231,-32.6923,-28.2051,-24.359,-8.3333,-39.7436,0,0,0,0,0,0,0,0,0,0,0,0,,
01346,利華控股集團,2025-07-02,1,0,1.14,1.14,eod_proxy,0,293,10.5263,13.1579,21.0526,33.3333,21.0526,0.8772,0,0,0,0,0,0,0,0,0,0,0,0,,
01348,滉達富控股,2025-08-01,1,0,0.071,0.071,eod_proxy,0,271,2.8169,0.0,97.1831,81.6901,97.1831,-1.4085,0,0,0,0,0,0,1,1,0,0,0,0,GO,139
01351,輝煌明天,2025-07-22,1,0,0.315,0.315,eod_proxy,0,279,6.3492,9.5238,14.2857,106.3492,15.873,3.1746,0,0,0,0,0,0,1,1,0,0,0,0,GO,57
01354,經發物業,2026-05-08,1,0,2.4,2.4,eod_proxy,0,84,-5.0,-4.5833,-21.6667,-19.7917,-0.8333,-21.6667,0,0,0,0,0,0,0,0,0,0,0,0,,
01355,生物系統工程,2025-08-07,1,0,0.101,0.101,eod_proxy,0,267,0.9901,10.8911,-26.7327,19.802,13.8614,-26.7327,0,0,0,0,0,0,0,0,0,0,0,0,,
01362,新龍移動,2025-10-02,1,0,0.53,0.53,eod_proxy,0,228,-14.1509,-16.9811,-8.4906,1.8868,-3.7736,-16.9811,0,0,0,0,0,0,0,0,0,0,0,0,,
01370,奧威控股,2026-02-11,1,0,0.248,0.248,eod_proxy,0,139,10.8871,6.8548,-15.3226,-10.0806,14.9194,-15.3226,0,0,0,0,0,0,0,0,0,0,0,0,,
01371,中國生態旅遊,2026-04-02,1,0,1.81,1.81,eod_proxy,0,106,-10.4972,-3.3149,0.5525,-36.4641,2.2099,-10.4972,0,0,0,0,0,0,0,0,0,0,0,0,,
01373,國際家居零售,2025-07-14,1,0,0.845,0.845,eod_proxy,0,285,-1.1834,-3.5503,0.0,-8.8757,8.284,-7.1006,0,0,0,0,0,0,0,0,0,0,0,0,,
01376,RAFFLESINTERIOR,2025-07-24,1,0,0.116,0.116,eod_proxy,0,169,,,96.5517,137.069,,,0,0,0,0,0,0,1,1,0,0,0,0,GO,14
01379,溫嶺工量刃具,2025-09-08,1,0,3.664,3.664,eod_proxy,0,245,-6.8231,-5.7314,0.2729,-5.7314,0.2729,-6.8231,0,0,0,0,0,0,0,0,0,0,0,0,,
01380,中國金石,2025-11-13,1,0,0.171,0.171,eod_proxy,0,200,8.1871,19.883,239.1813,402.924,291.8129,-6.4327,0,0,0,0,0,0,1,0,0,1,0,0,PLACING,162
01389,美捷匯控股,2025-08-08,1,0,0.38,0.38,eod_proxy,0,266,-9.2105,-11.8421,2.6316,57.8947,2.6316,-11.8421,0,0,0,0,0,0,0,0,0,0,0,0,,
01393,恆鼎實業,2025-07-22,1,0,0.071,0.071,eod_proxy,0,279,2.8169,5.6338,-8.4507,-11.2676,5.6338,-8.4507,0,0,0,0,0,0,0,0,0,0,0,0,,
01397,碧瑤綠色集團,2025-08-08,1,0,0.83,0.83,eod_proxy,0,266,1.2048,3.6145,27.7108,43.3735,27.7108,0.0,0,0,0,0,0,0,0,0,0,0,0,0,,
01399,銳信控股,2025-10-27,1,0,0.208,0.208,eod_proxy,0,212,-5.2885,-7.6923,-9.1346,-12.5,8.6538,-16.3462,0,0,0,0,0,0,0,0,0,0,0,0,,
01400,滿地科技股份,2025-08-26,1,0,0.02,0.02,eod_proxy,0,254,5.0,0.0,15.0,0.0,15.0,-5.0,0,0,0,0,0,0,0,0,0,0,0,0,,
01401,未來機器有限公司,2026-05-05,1,0,0.475,0.475,eod_proxy,0,87,-2.1053,-26.3158,-34.7368,-50.5263,2.1053,-34.7368,0,0,0,0,0,0,0,0,0,0,0,0,,
01402,超智能控股,2025-11-05,1,0,0.26,0.26,eod_proxy,0,206,-9.6154,-11.1538,-11.5385,-12.3077,-9.6154,-11.5385,0,0,0,0,0,0,0,0,0,0,0,0,,
01407,交運燃氣,2025-07-17,1,0,0.539,0.539,eod_proxy,0,282,-9.2764,9.2764,9.2764,12.987,18.5529,-9.2764,0,0,0,0,0,0,0,0,0,0,0,0,,
01408,濠江機電,2026-01-16,1,0,0.278,0.278,eod_proxy,0,157,-3.5971,-7.1942,41.3669,53.9568,41.3669,-10.7914,0,0,0,0,0,0,0,0,0,0,0,0,,
01410,安領國際,2025-11-24,1,0,0.38,0.38,eod_proxy,0,193,52.6316,52.6316,42.1053,71.0526,86.8421,-2.6316,0,0,0,0,0,0,0,0,0,0,0,0,,
01412,雋思集團,2025-11-13,1,0,1.66,1.66,eod_proxy,0,200,-2.4096,-3.012,-4.8193,-31.3253,0.0,-5.4217,0,0,0,0,0,0,0,0,0,0,0,0,,
01413,鑄帝控股,2025-08-21,1,0,0.35,0.35,eod_proxy,0,257,4.2857,11.4286,41.4286,40.0,42.8571,-4.2857,0,0,0,0,0,0,1,0,0,1,1,0,PLACING,81
01416,CTR HOLDINGS,2025-10-27,1,0,0.23,0.23,eod_proxy,0,212,32.6087,34.7826,5.2174,-28.2609,34.7826,-4.7826,0,0,0,0,0,0,0,0,0,0,0,0,,
01417,浦江中國,2026-05-14,1,0,0.54,0.54,eod_proxy,0,80,201.8519,203.7037,246.2963,1635.1852,,,0,0,0,0,0,0,1,1,0,0,0,0,GO,32
01418,盛諾集團,2025-08-05,1,0,0.255,0.255,eod_proxy,0,269,1.9608,-6.6667,-8.2353,-5.4902,1.9608,-13.7255,0,0,0,0,0,0,0,0,0,0,0,0,,
01419,盈健醫療,2025-07-23,1,0,0.95,0.95,eod_proxy,0,278,-2.1053,-5.2632,30.5263,-13.6842,41.0526,-5.2632,0,0,0,0,0,0,0,0,0,0,0,0,,
01420,川控股,2025-11-20,1,0,0.171,0.171,eod_proxy,0,195,4.0936,-1.1696,-0.5848,81.2865,11.6959,-3.5088,0,0,0,0,0,0,0,0,0,0,0,0,,
01421,恆昌集團國際,2025-07-07,1,0,0.5,0.5,eod_proxy,0,290,20.0,18.0,12.0,-22.0,20.0,-2.0,0,0,0,0,0,0,0,0,0,0,0,0,,
01425,捷隆控股,2026-06-18,1,0,0.582,0.582,eod_proxy,0,56,6.8729,6.5292,8.2474,,8.2474,-1.7182,0,0,0,0,0,0,0,0,0,0,0,0,,
01429,天任集團,2025-09-24,1,0,0.053,0.053,eod_proxy,0,233,7.5472,-9.434,66.0377,86.7925,66.0377,-16.9811,0,0,0,0,0,0,1,1,0,0,0,0,GO,121
01433,常達控股,2025-12-04,1,0,0.103,0.103,eod_proxy,0,76,-3.8835,-4.8544,-7.767,-8.7379,-0.9709,-7.767,0,0,0,0,0,0,0,0,0,0,0,0,,
01442,鷹輝物流,2025-10-21,1,0,0.335,0.335,eod_proxy,0,216,-4.4776,-4.4776,2.9851,-4.4776,2.9851,-5.9701,0,0,0,0,0,0,0,0,0,0,0,0,,
01443,富臨集團控股,2025-10-28,1,0,0.112,0.112,eod_proxy,0,211,-30.3571,-33.0357,-25.8929,-47.3214,-17.8571,-38.3929,0,0,0,0,0,0,0,0,0,0,0,0,,
01446,鴻福堂,2026-05-27,1,0,0.365,0.365,eod_proxy,0,72,-1.3699,0.0,-6.8493,-13.6986,0.0,-6.8493,0,0,0,0,0,0,0,0,0,0,0,0,,
01447,新福港,2026-02-12,1,0,0.69,0.69,eod_proxy,0,138,-8.6957,-14.4928,-7.2464,-24.6377,-1.4493,-20.2899,0,0,0,0,0,0,0,0,0,0,0,0,,
01449,立德教育,2025-07-23,1,0,0.265,0.265,eod_proxy,0,278,3.7736,0.0,3.7736,-5.6604,7.5472,-1.8868,0,0,0,0,0,0,0,0,0,0,0,0,,
01451,萬成集團股份,2025-11-24,1,0,0.89,0.89,eod_proxy,0,193,22.4719,46.0674,38.2022,51.6854,52.809,4.4944,0,0,0,0,0,0,1,1,0,0,0,0,GO,162
01452,迪諾斯環保,2025-08-14,1,0,0.122,0.122,eod_proxy,0,262,18.0328,-19.6721,-13.9344,-13.9344,20.4918,-20.4918,0,0,0,0,0,0,0,0,0,0,0,0,,
01455,科利實業控股,2026-09-01,1,0,0.285,0.285,eod_proxy,0,5,-7.0175,,,,-3.5088,-13.3333,0,0,0,0,0,0,0,0,0,0,0,0,,
01459,巨匠建設,2025-07-28,1,0,0.415,0.415,eod_proxy,0,275,-4.8193,-8.4337,-6.0241,-39.759,1.2048,-13.253,0,0,0,0,0,0,0,0,0,0,0,0,,
01460,揚科集團,2025-07-17,1,0,0.325,0.325,eod_proxy,0,282,-4.6154,6.1538,-1.5385,-1.5385,6.1538,-15.3846,0,0,0,0,0,0,0,0,0,0,0,0,,
01461,中泰期貨,2026-07-16,1,0,0.65,0.65,eod_proxy,0,38,4.6154,3.0769,3.8462,,4.6154,-4.6154,0,0,0,0,0,0,0,0,0,0,0,0,,
01463,C-LINK SQ,2026-03-24,1,0,0.295,0.295,eod_proxy,0,113,3.3898,1.6949,0.0,0.0,3.3898,-11.8644,0,0,0,0,0,0,0,0,0,0,0,0,,
01466,佰金生命科學,2026-03-20,1,0,0.64,0.64,eod_proxy,0,115,-1.5625,-6.25,-14.0625,40.625,1.5625,-17.1875,0,0,0,0,0,0,0,0,0,0,0,0,,
01468,嘉高達資本,2026-04-10,1,0,0.365,0.365,eod_proxy,0,103,-8.2192,-12.3288,-1.3699,-50.411,-1.3699,-12.3288,0,0,0,1,0,0,0,0,0,0,0,0,,
01470,富一國際控股,2025-08-08,1,0,0.106,0.106,eod_proxy,0,266,88.6792,102.8302,19.8113,2.8302,150.0,19.8113,0,0,0,0,0,0,0,0,0,0,0,0,,
01472,生興控股,2026-01-28,1,0,0.09,0.09,eod_proxy,0,149,-6.6667,-7.7778,-10.0,24.4444,17.7778,-14.4444,0,0,0,0,0,0,0,0,0,0,0,0,,
01473,環聯連訊,2025-06-30,1,0,0.145,0.145,eod_proxy,0,294,-0.6897,0.0,82.7586,231.0345,,,0,0,0,0,0,0,0,0,0,0,0,0,,
01480,恩達集團控股,2025-08-18,1,0,1.15,1.15,eod_proxy,0,260,-7.8261,-3.4783,0.8696,6.087,0.8696,-8.6957,0,0,0,0,0,0,0,0,0,0,0,0,,
01483,網譽科技,2025-06-30,1,0,1.2,1.2,eod_proxy,0,294,4.1667,13.3333,-0.8333,-8.3333,17.5,-2.5,0,0,0,0,0,0,0,0,0,0,0,0,,
01486,思城控股,2026-01-22,1,0,0.63,0.63,eod_proxy,0,153,7.9365,-4.7619,-4.7619,12.6984,7.9365,-6.3492,0,0,0,0,0,0,0,0,0,0,0,0,,
01489,GC CONSTRUCTION,2025-06-30,1,0,0.325,0.325,eod_proxy,0,294,-6.1538,1.5385,-7.6923,,1.5385,-7.6923,0,0,0,0,0,0,1,1,0,0,0,0,GO,92
01490,AI X TECH,2025-08-26,1,0,0.225,0.225,eod_proxy,0,254,-4.8889,-9.3333,-9.3333,-16.0,3.1111,-10.2222,0,0,0,0,0,0,0,0,0,0,0,0,,
01499,歐科雲鏈,2026-06-25,1,0,0.118,0.118,eod_proxy,0,52,-5.9322,-6.7797,-7.6271,,-2.5424,-9.322,0,0,0,0,0,0,0,0,0,0,0,0,,
01500,現恆建築,2025-11-25,1,0,0.121,0.121,eod_proxy,0,192,15.7025,25.6198,9.9174,32.2314,27.2727,-7.438,0,0,0,0,0,0,0,0,0,0,0,0,,
01502,金融街物業,2025-09-15,1,0,2.233,2.233,eod_proxy,0,240,0.0,-3.1348,-7.1652,-15.674,3.5826,-7.1652,0,0,0,0,0,0,0,0,0,0,0,0,,
01518,新世紀醫療,2025-09-01,1,0,0.8,0.8,eod_proxy,0,250,0.0,-6.25,-12.5,-10.0,2.5,-12.5,0,0,0,0,0,0,0,0,0,0,0,0,,
01520,天機控股,2025-07-14,1,0,0.6,0.6,eod_proxy,0,285,51.6667,176.6667,181.6667,155.0,181.6667,6.6667,0,0,0,0,0,0,0,0,0,0,0,0,,
01522,京投交通科技,2026-04-20,1,0,0.285,0.285,eod_proxy,0,97,1.7544,0.0,-1.7544,-12.2807,1.7544,-3.5088,0,0,0,0,0,0,0,0,0,0,0,0,,
01525,建橋教育,2026-03-30,1,0,2.05,2.05,eod_proxy,0,109,3.4146,-0.9756,-0.9756,-5.8537,5.8537,-2.439,0,0,0,0,0,0,0,0,0,0,0,0,,
01527,天潔環境,2025-07-15,1,0,2.19,2.19,eod_proxy,0,284,3.653,-1.8265,-4.1096,5.4795,7.7626,-9.1324,0,0,0,0,0,0,0,0,0,0,0,0,,
01529,樂氏國際控股,2025-12-17,1,0,0.56,0.56,eod_proxy,0,176,7.1429,7.1429,5.3571,-10.7143,10.7143,0.0,0,0,0,0,0,0,0,0,0,0,0,0,,
01536,煜榮集團,2026-01-19,1,0,0.226,0.226,eod_proxy,0,156,5.3097,-11.0619,17.2566,-2.2124,26.1062,-11.5044,0,0,0,0,0,0,0,0,0,0,0,0,,
01538,中奧到家,2026-01-05,1,0,0.375,0.375,eod_proxy,0,166,4.0,8.0,29.3333,80.0,34.6667,1.3333,0,0,0,0,0,0,0,0,0,0,0,0,,
01540,澳獅環球,2025-08-05,1,0,0.41,0.41,eod_proxy,0,269,2.439,-1.2195,-3.6585,-2.439,2.439,-4.878,0,0,0,0,0,0,0,0,0,0,0,0,,
01542,台州水務,2026-07-30,1,0,0.68,0.68,eod_proxy,0,28,0.0,-1.4706,-17.6471,,0.0,-27.9412,0,0,0,0,0,0,0,0,0,0,0,0,,
01543,中盈盛達融資擔保,2025-09-16,1,0,0.32,0.32,eod_proxy,0,239,3.125,0.0,-4.6875,-4.6875,3.125,-4.6875,0,0,0,0,0,0,0,0,0,0,0,0,,
01545,設計都會,2025-12-10,1,0,0.124,0.124,eod_proxy,0,181,-5.6452,-16.9355,-19.3548,-11.2903,-1.6129,-29.0323,0,0,0,0,0,0,0,0,0,0,0,0,,
01546,德萊建業,2025-12-22,1,0,0.112,0.112,eod_proxy,0,173,-19.6429,58.9286,243.75,167.8571,,,0,0,0,0,0,0,1,1,0,0,0,0,GO,37
01547,IBI GROUP HLDGS,2026-05-19,1,0,0.3,0.3,eod_proxy,0,77,-20.0,-21.0,-24.6667,-28.3333,-11.6667,-24.6667,0,0,0,0,0,0,0,0,0,0,0,0,,
01549,永豐集團控股,2025-07-18,1,0,0.098,0.098,eod_proxy,0,281,41.8367,51.0204,50.0,18.3673,58.1633,12.2449,0,0,0,0,0,0,0,0,0,0,0,0,,
01552,BHCC HOLDING,2025-11-12,1,0,0.28,0.28,eod_proxy,0,201,-27.8571,-19.6429,-16.0714,-17.1429,-1.7857,-27.8571,0,0,0,0,0,0,0,0,0,0,0,0,,
01553,邁科管業,2025-09-18,1,0,1.48,1.48,eod_proxy,0,237,-2.027,-2.7027,-2.7027,2.027,1.3514,-2.7027,0,0,0,0,0,0,0,0,0,0,0,0,,
01555,MI能源,2025-07-14,1,0,0.05,0.05,eod_proxy,0,285,-16.0,-22.0,-18.0,-34.0,-10.0,-22.0,0,0,0,0,0,0,0,0,0,0,0,0,,
01556,建業建榮,2025-08-27,1,0,0.335,0.335,eod_proxy,0,253,-4.4776,-4.4776,0.0,-4.4776,0.0,-7.4627,0,0,0,0,0,0,0,0,0,0,0,0,,
01557,劍虹集團控股,2026-06-18,1,0,0.52,0.52,eod_proxy,0,56,-4.8077,-8.6538,11.5385,,15.3846,-10.5769,0,0,0,0,0,0,0,0,0,0,0,0,,
01559,均安控股,2026-05-15,1,0,0.06,0.06,eod_proxy,0,79,11.6667,-10.0,-15.0,-8.3333,40.0,-18.3333,0,0,0,0,0,0,0,0,0,0,0,0,,
01560,星星集團,2026-08-20,1,0,0.445,0.445,eod_proxy,0,13,-21.3483,-37.0787,,,-10.1124,-38.2022,0,0,0,0,0,0,1,0,0,0,1,0,CONSOLIDATION,21
01561,聯洋智能控股,2025-07-14,1,0,0.076,0.076,eod_proxy,0,285,-9.2105,-11.8421,-1.3158,28.9474,26.3158,-17.1053,0,0,0,0,0,0,0,0,0,0,0,0,,
01563,友聯國際教育租賃,2026-07-10,1,0,0.126,0.126,eod_proxy,0,42,6.3492,-3.9683,3.9683,,11.1111,-3.9683,0,0,0,0,0,0,0,0,0,0,0,0,,
01565,成實外教育,2025-08-04,1,0,0.213,0.213,eod_proxy,0,270,-12.6761,-11.2676,-14.0845,0.939,-4.6948,-15.493,0,0,0,0,0,0,0,0,0,0,0,0,,
01569,民生教育,2025-09-12,1,0,0.207,0.207,eod_proxy,0,241,6.2802,1.4493,0.4831,-9.6618,9.6618,-3.3816,0,0,0,0,0,0,0,0,0,0,0,0,,
01572,中國藝術金融,2026-01-28,1,0,0.09,0.09,eod_proxy,0,149,7.7778,5.5556,10.0,-4.4444,11.1111,0.0,0,0,0,0,0,0,0,0,0,0,0,0,,
01575,皇庭智家,2026-02-06,1,0,0.062,0.062,eod_proxy,0,142,3.2258,1.6129,-3.2258,-29.0323,22.5806,-6.4516,0,0,0,0,0,0,0,0,0,0,0,0,,
01577,匯鑫小貸,2025-09-12,1,0,0.773,0.773,eod_proxy,0,241,3.881,2.5873,7.762,21.9922,16.8176,2.5873,0,0,0,0,0,0,0,0,0,0,0,0,,
01580,大森控股,2026-01-15,1,0,0.275,0.275,eod_proxy,0,158,-25.4545,56.3636,25.4545,29.0909,89.0909,-25.4545,0,0,0,0,0,0,0,0,0,0,0,0,,
01581,進升集團控股,2025-08-28,1,0,0.18,0.18,eod_proxy,0,252,11.6667,1.1111,1.6667,-13.8889,13.8889,-9.4444,0,0,0,0,0,0,0,0,0,0,0,0,,
01582,華營建築,2025-08-27,1,0,0.4,0.4,eod_proxy,0,253,-1.25,0.0,-10.0,-13.75,0.0,-11.25,0,0,0,0,0,0,0,0,0,0,0,0,,
01586,力鴻檢驗,2026-05-06,1,0,1.37,1.37,eod_proxy,0,86,8.0292,-1.4599,24.0876,25.5474,24.0876,-8.0292,0,0,0,0,0,0,0,0,0,0,0,0,,
01587,欣融國際,2026-09-04,1,0,0.5,0.5,eod_proxy,0,2,,,,,0.0,0.0,0,0,0,0,0,0,0,0,0,0,0,0,,
01591,汛和集團,2025-10-13,1,0,0.165,0.165,eod_proxy,0,222,-6.6667,-12.1212,-12.1212,-15.1515,2.4242,-18.1818,0,0,0,0,0,0,1,0,1,0,0,0,RIGHTS,60
01592,基石控股,2026-02-04,1,0,0.12,0.12,eod_proxy,0,144,-5.0,-4.1667,-2.5,35.0,-1.6667,-5.8333,0,0,0,0,0,0,0,0,0,0,0,0,,
01596,翼辰實業,2025-10-14,1,0,0.657,0.657,eod_proxy,0,221,0.0,-3.0441,-3.0441,3.0441,0.0,-7.6104,0,0,0,0,0,0,0,0,0,0,0,0,,
01608,偉能集團,2025-12-23,1,0,0.128,0.128,eod_proxy,0,172,13.2812,6.25,3.9062,-4.6875,21.0938,-0.7812,0,0,0,0,0,0,0,0,0,0,0,0,,
01612,永勝醫療,2025-07-25,1,0,0.78,0.78,eod_proxy,0,276,5.1282,5.1282,44.8718,9.4872,44.8718,-2.5641,0,0,0,0,0,0,0,0,0,0,0,0,,
01613,協同通信,2025-07-29,1,0,0.175,0.175,eod_proxy,0,274,-1.1429,-1.7143,-1.7143,-5.1429,2.8571,-2.2857,0,0,0,0,0,0,1,0,1,0,0,0,RIGHTS,78
01615,奧邦建築,2026-04-15,1,0,0.365,0.365,eod_proxy,0,100,-1.3699,2.7397,4.1096,9.589,6.8493,-4.1096,0,0,0,0,0,0,0,0,0,0,0,0,,
01617,南方通信,2025-08-22,1,0,0.15,0.15,eod_proxy,0,256,0.0,-12.0,-8.0,-26.6667,18.0,-12.0,0,0,0,0,0,0,0,0,0,0,0,0,,
01620,富盈環球集團,2025-07-25,1,0,0.118,0.118,eod_proxy,0,276,-6.7797,5.9322,38.1356,-1.6949,71.1864,-10.1695,0,0,0,0,0,0,0,0,0,0,0,0,,
01621,域高國際控股,2025-07-02,1,0,0.087,0.087,eod_proxy,0,293,9.1954,19.5402,37.931,8.046,37.931,6.8966,0,0,0,0,0,0,0,0,0,0,0,0,,
01622,力高集團,2025-07-17,1,0,0.135,0.135,eod_proxy,0,282,-13.3333,-20.7407,-22.963,-11.8519,-2.2222,-28.8889,0,0,0,0,0,0,0,0,0,0,0,0,,
01623,海隆控股,2025-08-12,1,0,0.167,0.167,eod_proxy,0,264,-4.7904,-8.3832,-9.5808,25.1497,1.1976,-11.3772,0,0,0,0,0,0,0,0,0,0,0,0,,
01628,禹洲集團,2025-07-17,1,0,0.41,0.41,eod_proxy,0,282,4.878,2.439,2.439,-48.5366,4.878,-2.439,0,0,0,0,0,0,0,0,0,0,0,0,,
01629,冠均國際控股,2025-08-13,1,0,0.18,0.18,eod_proxy,0,263,2.7778,-11.1111,0.0,-12.2222,2.7778,-11.6667,0,0,0,0,0,0,0,0,0,0,0,0,,
01630,建成控股,2025-08-01,1,0,0.053,0.053,eod_proxy,0,271,-5.6604,-11.3208,-15.0943,-20.7547,-1.8868,-16.9811,0,0,0,0,0,0,0,0,0,0,0,0,,
01631,REF HOLDINGS,2025-07-03,1,0,0.67,0.67,eod_proxy,0,292,-8.9552,-11.9403,-19.403,-41.791,2.9851,-19.403,0,0,0,0,0,0,0,0,0,0,0,0,,
01633,上諭集團,2025-11-20,1,0,0.126,0.126,eod_proxy,0,195,-19.0476,-27.7778,11.9048,50.7937,49.2063,-30.9524,0,0,0,0,0,0,0,0,0,0,0,0,,
01636,中國金屬利用,2025-06-27,1,0,0.78,0.78,eod_proxy,0,187,-39.7436,-32.0513,20.5128,15.3846,20.5128,-43.5897,0,0,0,1,0,0,0,0,0,0,0,0,,
01637,順興集團控股,2026-01-15,1,0,0.32,0.32,eod_proxy,0,158,-6.25,-12.5,-18.75,39.0625,-4.6875,-21.875,0,0,0,0,0,0,0,0,0,0,0,0,,
01638,佳兆業集團,2026-08-05,1,0,0.042,0.042,eod_proxy,0,24,0.0,2.381,-9.5238,,14.2857,-9.5238,0,0,0,0,0,0,0,0,0,0,0,0,,
01641,紅星冷鏈,2026-02-24,1,0,7.749,7.749,eod_proxy,0,133,-7.6139,-5.5491,-17.6797,-26.9712,1.0324,-19.7445,0,0,0,0,0,0,0,0,0,0,0,0,,
01643,現代中藥集團,2025-06-30,1,0,0.38,0.38,eod_proxy,0,294,36.8421,47.3684,65.7895,92.1053,97.3684,13.1579,0,0,0,0,0,0,0,0,0,0,0,0,,
01647,雄岸科技,2025-06-26,1,0,0.085,0.085,eod_proxy,0,296,2.3529,17.6471,31.7647,22.3529,58.8235,-3.5294,0,0,0,0,0,0,0,0,0,0,0,0,,
01650,HYGIEIA GROUP,2025-12-16,1,0,0.134,0.134,eod_proxy,0,177,-15.6716,-11.194,-14.9254,-10.4478,-9.7015,-19.403,0,0,0,0,0,0,0,0,0,0,0,0,,
01652,福森藥業,2025-10-31,1,0,0.94,0.94,eod_proxy,0,209,-11.7021,-12.766,-20.2128,-20.2128,-7.4468,-20.2128,0,0,0,0,0,0,0,0,0,0,0,0,,
01653,MOS HOUSE,2025-09-08,1,0,0.87,0.87,eod_proxy,0,245,-12.6437,6.8966,-19.5402,332.1839,13.7931,-19.5402,0,0,0,0,0,0,0,0,0,0,0,0,,
01655,OKURA HOLDINGS,2025-11-10,1,0,0.28,0.28,eod_proxy,0,203,-7.1429,-15.0,-22.8571,-25.0,-1.7857,-27.5,0,0,0,0,0,0,1,0,0,1,0,0,PLACING,74
01657,樺欣控股,2025-08-01,1,0,9.63,9.63,eod_proxy,0,271,0.5192,0.4154,94.1848,64.5898,110.5919,0.0,0,0,0,0,0,0,0,0,0,0,0,0,,
01660,七元投資,2025-07-17,1,0,0.15,0.15,eod_proxy,0,282,-15.3333,-22.0,-26.6667,86.6667,2.6667,-31.3333,0,0,0,0,0,0,0,0,0,0,0,0,,
01661,中國前沿科技集團,2025-07-10,1,0,0.65,0.65,eod_proxy,0,287,7.6923,13.8462,87.6923,23.0769,87.6923,0.0,0,0,0,0,0,0,0,0,0,0,0,0,,
01662,義合控股,2026-06-30,1,0,0.63,0.63,eod_proxy,0,49,-1.5873,1.5873,-3.1746,,7.9365,-3.1746,0,0,0,0,0,0,0,0,0,0,0,0,,
01663,漢港控股,2025-12-02,1,0,0.062,0.062,eod_proxy,0,187,-1.6129,-6.4516,0.0,33.871,4.8387,-6.4516,0,0,0,0,0,0,0,0,0,0,0,0,,
01667,迪米生活控股,2025-08-05,1,0,0.3,0.3,eod_proxy,0,269,8.3333,-11.6667,-22.6667,15.0,10.0,-23.3333,0,0,0,0,0,0,0,0,0,0,0,0,,
01669,環球信貸集團,2025-08-29,1,0,0.71,0.71,eod_proxy,0,251,1.4085,11.2676,18.3099,11.2676,22.5352,-4.2254,0,0,0,0,0,0,0,0,0,0,0,0,,
01671,天保能源,2025-07-03,1,0,0.81,0.81,eod_proxy,0,292,17.284,13.5802,9.8765,-1.2346,28.3951,-3.7037,0,0,0,0,0,0,0,0,0,0,0,0,,
01673,華章科技,2026-04-28,1,0,0.305,0.305,eod_proxy,0,91,-1.6393,-14.7541,-3.2787,-1.6393,0.0,-18.0328,0,0,0,0,0,0,0,0,0,0,0,0,,
01676,高地股份,2026-07-15,1,0,0.205,0.205,eod_proxy,0,39,24.3902,8.2927,7.3171,,24.3902,-3.9024,0,0,0,0,0,0,0,0,0,0,0,0,,
01679,瑞斯康集團,2025-10-23,1,0,0.53,0.53,eod_proxy,0,214,7.5472,-5.6604,-10.3774,-9.434,18.8679,-12.2642,0,0,0,0,0,0,0,0,0,0,0,0,,
01680,澳門勵駿,2026-01-06,1,0,0.355,0.355,eod_proxy,0,165,-8.4507,-8.4507,-23.9437,-41.4085,2.8169,-25.3521,0,0,0,0,0,0,0,0,0,0,0,0,,
01682,杭品生活科技,2025-08-14,1,0,0.145,0.145,eod_proxy,0,262,3.4483,-6.2069,33.1034,-1.3793,33.1034,-6.2069,0,0,0,0,0,0,0,0,0,0,0,0,,
01685,博耳電力,2026-02-12,1,0,0.68,0.68,eod_proxy,0,138,36.7647,-14.7059,-2.9412,-19.1176,42.6471,-22.0588,0,0,0,0,0,0,0,0,0,0,0,0,,
01690,立基工程控股,2025-10-23,1,0,0.085,0.085,eod_proxy,0,214,-34.1176,-44.7059,-35.2941,-34.1176,-17.6471,-44.7059,0,0,0,0,0,0,0,0,0,0,0,0,,
01692,登輝控股,2025-07-28,1,0,1.855,1.855,eod_proxy,0,275,-1.6173,-4.3127,-5.3908,-11.8598,-1.6173,-5.3908,0,0,0,0,0,0,0,0,0,0,0,0,,
01693,璋利國際,2025-08-29,1,0,2.26,2.26,eod_proxy,0,251,22.1239,29.2035,33.1858,-13.7168,47.3451,10.6195,0,0,0,0,0,0,1,0,0,1,0,0,PLACING,124
01695,椰豐集團,2025-06-30,1,0,0.09,0.09,eod_proxy,0,294,2.2222,-5.5556,12.2222,16.6667,12.2222,-7.7778,0,0,0,0,0,0,0,0,0,0,0,0,,
01701,途屹控股,2025-09-01,1,0,0.16,0.16,eod_proxy,0,250,-15.625,-6.875,-15.625,-31.25,-1.25,-16.875,0,0,0,0,0,0,0,0,0,0,0,0,,
01703,誼和股份,2025-10-24,1,0,0.73,0.73,eod_proxy,0,213,16.4384,20.5479,-4.1096,-26.0274,34.2466,-4.1096,0,0,0,0,0,0,1,0,0,1,0,0,PLACING,142
01705,賓仕國際,2026-03-17,1,0,0.48,0.48,eod_proxy,0,118,12.5,20.8333,16.6667,4.1667,33.3333,4.1667,0,0,0,0,0,0,0,0,0,0,0,0,,
01707,致浩達控股,2025-09-08,1,0,0.108,0.108,eod_proxy,0,137,24.0741,34.2593,-10.1852,-64.8148,34.2593,-12.037,0,0,0,0,0,0,0,0,0,0,0,0,,
01708,三寶科技,2026-01-29,1,0,0.53,0.53,eod_proxy,0,148,-24.5283,-20.7547,-22.6415,-45.283,-7.5472,-24.5283,0,0,0,0,0,0,0,0,0,0,0,0,,
01710,致豐工業電子,2025-07-30,1,0,0.166,0.166,eod_proxy,0,273,-6.6265,-6.0241,15.0602,18.6747,15.0602,-13.8554,0,0,0,0,0,0,0,0,0,0,0,0,,
01711,歐化,2025-10-08,1,0,0.184,0.184,eod_proxy,0,225,-7.0652,-3.2609,-27.7174,-35.8696,7.6087,-27.7174,0,0,0,0,0,0,0,0,0,0,0,0,,
01715,智慧健康科技,2025-08-01,1,0,0.35,0.35,eod_proxy,0,271,-11.4286,-5.7143,-5.7143,62.8571,7.1429,-11.4286,0,0,0,0,0,0,0,0,0,0,0,0,,
01716,毛記葵湧,2025-08-08,1,0,0.58,0.58,eod_proxy,0,266,8.6207,17.2414,-8.6207,-13.7931,17.2414,-12.069,0,0,0,0,0,0,0,0,0,0,0,0,,
01718,宏基集團控股,2025-07-10,1,0,0.224,0.224,eod_proxy,0,287,11.6071,13.8393,11.1607,22.7679,18.3036,0.8929,0,0,0,0,0,0,0,0,0,0,0,0,,
01719,中國通商集團,2025-08-21,1,0,0.395,0.395,eod_proxy,0,257,-1.2658,-3.7975,-17.7215,-18.9873,0.0,-17.7215,0,0,0,0,0,0,0,0,0,0,0,0,,
01720,普天通信集團,2025-08-07,1,0,0.135,0.135,eod_proxy,0,267,-11.8519,2.2222,-4.4444,-22.2222,8.1481,-11.8519,0,0,0,0,0,0,0,0,0,0,0,0,,
01722,建鵬控股,2025-07-07,1,0,0.079,0.079,eod_proxy,0,290,-5.0633,-16.4557,-15.1899,-26.5823,-5.0633,-22.7848,0,0,0,0,0,0,0,0,0,0,0,0,,
01723,恆月控股,2026-05-12,1,0,1.82,1.82,eod_proxy,0,82,-34.0659,-49.4505,-42.8571,-73.3516,-3.8462,-51.0989,0,0,0,0,0,0,1,0,1,0,0,0,RIGHTS,121
01725,中國技術集團,2026-01-02,1,0,1.0,1.0,eod_proxy,0,167,-5.0,-2.0,-13.0,-37.0,11.0,-13.0,0,0,0,0,0,0,0,0,0,0,0,0,,
01727,河北建設,2025-10-13,1,0,0.45,0.45,eod_proxy,0,222,-2.2222,2.2222,-5.5556,-14.4444,2.2222,-6.6667,0,0,0,0,0,0,0,0,0,0,0,0,,
01731,其利工業集團,2026-02-06,1,0,0.645,0.645,eod_proxy,0,142,0.0,9.3023,4.6512,15.5039,9.3023,0.0,0,0,0,0,0,0,0,0,0,0,0,0,,
01732,象興科技,2025-07-21,1,0,0.125,0.125,eod_proxy,0,280,0.0,40.0,36.8,100.0,45.6,-2.4,0,0,0,0,0,0,1,1,0,0,0,0,GO,133
01736,中國育兒網絡,2025-07-29,1,0,1.1,1.1,eod_proxy,0,274,0.0,-15.4545,-25.4545,-49.0909,2.7273,-27.2727,0,0,0,0,0,0,1,0,0,1,0,0,PLACING,153
01737,亞洲實業集團,2026-05-14,1,0,0.15,0.15,eod_proxy,0,80,-13.3333,-4.0,16.6667,5.3333,16.6667,-14.6667,0,0,0,0,0,0,0,0,0,0,0,0,,
01738,飛尚無煙煤,2025-07-23,1,0,0.265,0.265,eod_proxy,0,272,-32.0755,-32.0755,-38.4906,-59.2453,-18.4906,-41.1321,0,0,0,0,0,0,0,0,0,0,0,0,,
01740,新石文化,2025-07-04,1,0,0.055,0.055,eod_proxy,0,291,0.0,10.9091,25.4545,80.0,25.4545,0.0,0,0,0,0,0,0,0,0,0,0,0,0,,
01741,成志控股,2025-09-01,1,0,0.187,0.187,eod_proxy,0,250,113.9037,19.7861,19.7861,1.0695,113.9037,-5.8824,0,0,0,0,0,0,0,0,0,0,0,0,,
01742,HPC HOLDINGS,2025-10-14,1,0,0.115,0.115,eod_proxy,0,221,10.4348,30.4348,52.1739,11.3043,57.3913,-10.4348,0,0,0,0,0,0,0,0,0,0,0,0,,
01745,驢跡科技,2026-01-15,1,0,5.4,5.4,eod_proxy,0,158,45.3704,45.3704,34.2593,7.4074,66.6667,24.0741,0,0,0,0,0,0,1,0,0,0,1,0,CONSOLIDATION,165
01746,萬順集團控股,2025-10-02,1,0,0.365,0.365,eod_proxy,0,228,-2.7397,-2.7397,-19.1781,-21.9178,12.3288,-19.1781,0,0,0,0,0,0,0,0,0,0,0,0,,
01749,杉杉品牌,2025-09-16,1,0,0.78,0.78,eod_proxy,0,239,5.1282,12.8205,10.2564,0.0,12.8205,-1.2821,0,0,0,0,0,0,0,0,0,0,0,0,,
01750,全達電器集團控股,2025-08-07,1,0,0.044,0.044,eod_proxy,0,267,-11.3636,-2.2727,-2.2727,4.5455,15.9091,-13.6364,0,0,0,0,0,0,0,0,0,0,0,0,,
01751,智算能建(二千),2025-10-15,1,0,0.913,0.913,eod_proxy,0,220,21.3582,21.3582,18.0723,117.4151,25.4107,13.1435,0,0,0,0,0,0,1,0,1,1,0,0,PLACING,58
01752,澳洲成峰高教,2025-09-29,1,0,0.086,0.086,eod_proxy,0,230,-3.4884,-8.1395,-3.4884,0.0,-2.3256,-11.6279,0,0,0,0,0,0,0,0,0,0,0,0,,
01753,兌吧,2025-07-17,1,0,0.27,0.27,eod_proxy,0,282,-10.3704,22.2222,20.3704,-3.7037,22.2222,-10.3704,0,0,0,0,0,0,0,0,0,0,0,0,,
01756,中國科教產業,2025-11-21,1,0,0.62,0.62,eod_proxy,0,194,3.2258,1.6129,6.4516,0.0,8.0645,0.0,0,0,0,0,0,0,0,0,0,0,0,0,,
01757,環球華商俱樂部,2025-08-12,1,0,0.109,0.109,eod_proxy,0,264,35.7798,47.7064,117.4312,569.7248,117.4312,33.945,0,0,0,0,0,0,1,1,0,0,0,0,GO,72
01759,中油潔能控股,2025-08-26,1,0,1.23,1.23,eod_proxy,0,254,-13.8211,-19.5122,-9.7561,-13.0081,-0.813,-21.9512,0,0,0,0,0,0,0,0,0,0,0,0,,
01767,TS WONDERS,2025-08-27,1,0,0.323,0.323,eod_proxy,0,253,-7.7399,-4.644,-10.8359,-12.3839,-4.644,-10.8359,0,0,0,0,0,0,0,0,0,0,0,0,,
01769,思考樂教育,2026-05-13,1,0,1.26,1.26,eod_proxy,0,81,3.1746,-0.7937,-11.9048,-23.4127,7.1429,-11.9048,0,0,0,0,0,0,0,0,0,0,0,0,,
01771,新豐泰集團,2025-08-04,1,0,0.24,0.24,eod_proxy,0,270,-0.4167,22.9167,16.6667,12.5,29.1667,-2.5,0,0,0,0,0,0,0,0,0,0,0,0,,
01775,精英匯集團,2025-08-12,1,0,0.35,0.35,eod_proxy,0,264,12.8571,2.8571,2.8571,-10.0,18.5714,0.0,0,0,0,0,0,0,0,0,0,0,0,0,,
01777,花樣年控股(新),2025-07-10,1,0,0.075,0.075,eod_proxy,0,287,-5.3333,-2.6667,0.0,37.3333,2.6667,-6.6667,0,0,0,0,0,0,0,0,0,0,0,0,,
01778,彩生活,2025-08-14,1,0,0.237,0.237,eod_proxy,0,262,5.4852,3.7975,-7.5949,-22.7848,7.5949,-8.4388,0,0,0,0,0,0,0,0,0,0,0,0,,
01780,榮尊國際控股,2025-07-17,1,0,1.11,1.11,eod_proxy,0,282,-2.7027,-12.6126,0.0,49.5495,27.027,-22.5225,0,0,0,0,0,0,0,0,0,0,0,0,,
01790,達力環保,2025-12-16,1,0,0.57,0.57,eod_proxy,0,177,0.0,0.0,-1.7544,-7.0175,0.0,-1.7544,0,0,0,0,0,0,0,0,0,0,0,0,,
01792,CMON,2025-06-27,1,0,0.756,0.756,eod_proxy,0,295,-1.1905,-1.1905,-1.1905,1.1905,0.0,-2.2487,0,0,0,0,0,0,1,0,0,1,1,0,PLACING,113
01793,偉工控股,2026-01-16,1,0,0.3,0.3,eod_proxy,0,156,21.6667,6.6667,6.6667,-10.0,21.6667,-11.6667,0,0,0,0,0,0,0,0,0,0,0,0,,
01795,亞東集團,2025-07-02,1,0,0.69,0.69,eod_proxy,0,293,-13.0435,-11.5942,8.6957,7.2464,14.4928,-15.942,0,0,0,0,0,0,0,0,0,0,0,0,,
01796,中國數智科技,2026-04-09,1,0,0.66,0.66,eod_proxy,0,104,,,,-47.7273,,,0,0,0,0,0,0,1,1,0,0,0,0,GO,18
01802,文業集團,2025-07-16,1,0,0.037,0.037,eod_proxy,0,98,18.9189,40.5405,51.3514,21.6216,62.1622,2.7027,0,0,0,0,0,0,0,0,0,0,0,0,,
01803,北京體育文化-新,2025-07-11,1,0,0.115,0.115,eod_proxy,0,283,0.0,5.2174,29.5652,-12.1739,30.4348,0.0,0,0,0,0,0,0,0,0,0,0,0,0,,
01808,企展控股,2026-02-05,1,0,2.55,2.55,eod_proxy,0,143,-2.7451,-0.3922,-3.5294,-50.9804,5.8824,-3.5294,0,0,0,0,0,0,1,0,0,1,0,0,PLACING,99
01813,合景泰富集團,2025-08-14,1,0,0.249,0.249,eod_proxy,0,262,2.4096,-2.4096,8.4337,-4.0161,12.4498,-7.2289,0,0,0,0,0,0,0,0,0,0,0,0,,
01817,慕尚集團控股,2025-07-29,1,0,0.33,0.33,eod_proxy,0,274,7.5758,18.1818,10.6061,9.0909,27.2727,-3.0303,0,0,0,0,0,0,0,0,0,0,0,0,,
01822,中木國際,2025-06-26,1,0,0.16,0.16,eod_proxy,0,296,-8.75,-11.875,-14.375,-1.875,-2.5,-16.875,0,0,0,0,0,0,1,0,0,1,0,0,PLACING,117
01823,華昱高速,2025-10-15,1,0,1.14,1.14,eod_proxy,0,220,0.0,-7.8947,5.2632,-5.2632,17.5439,-8.7719,0,0,0,0,0,0,1,0,0,1,0,0,PLACING,119
01825,STERLING GP,2026-01-23,1,0,1.13,1.13,eod_proxy,0,152,-15.0442,-18.5841,-11.5044,-36.2832,-1.7699,-23.0088,0,0,0,0,0,0,0,0,0,0,0,0,,
01826,豐展控股,2025-08-07,1,0,0.082,0.082,eod_proxy,0,267,14.6341,-1.2195,-1.2195,-13.4146,18.2927,-2.439,0,0,0,0,0,0,1,0,0,1,0,0,PLACING,158
01827,卓珈控股,2025-08-26,1,0,1.08,1.08,eod_proxy,0,254,-7.4074,-6.4815,-7.4074,1.8519,0.9259,-7.4074,0,0,0,0,0,0,0,0,0,0,0,0,,
01831,十方控股,2025-08-12,1,0,0.213,0.213,eod_proxy,0,253,-1.8779,59.6244,43.1925,29.108,66.6667,-15.9624,0,0,0,0,0,0,0,0,0,0,0,0,,
01835,瑞威資管,2025-11-25,1,0,1.17,1.17,eod_proxy,0,192,0.0,-10.2564,-14.5299,11.9658,15.3846,-14.5299,0,0,0,0,0,0,0,0,0,0,0,0,,
01841,優越集團控股,2026-05-19,1,0,0.235,0.235,eod_proxy,0,77,-3.8298,-2.1277,-2.1277,59.5745,0.0,-3.8298,0,0,0,0,0,0,0,0,0,0,0,0,,
01842,植華集團,2025-12-18,1,0,0.068,0.068,eod_proxy,0,175,-22.0588,-14.7059,-22.0588,-38.2353,-8.8235,-30.8824,0,0,0,0,0,0,0,0,0,0,0,0,,
01843,快餐帝國,2025-08-11,1,0,0.162,0.162,eod_proxy,0,265,-15.4321,-8.0247,-20.9877,-22.2222,-6.7901,-20.9877,0,0,0,0,0,0,0,0,0,0,0,0,,
01846,德視佳,2025-06-27,1,0,2.756,2.756,eod_proxy,0,295,8.3454,7.6197,10.8853,17.4165,10.8853,-2.5399,0,0,0,0,0,0,0,0,0,0,0,0,,
01847,雲南建投混凝土,2025-07-22,1,0,0.84,0.84,eod_proxy,0,279,19.0476,-1.1905,-10.7143,-26.1905,35.7143,-16.6667,0,0,0,0,0,0,0,0,0,0,0,0,,
01850,美好生活集團控股,2025-09-25,1,0,0.72,0.72,eod_proxy,0,232,2.7778,-6.9444,-20.8333,-18.0556,2.7778,-20.8333,0,0,0,0,0,0,0,0,0,0,0,0,,
01851,銀杏教育,2025-07-16,1,0,1.4,1.4,eod_proxy,0,283,10.7143,21.4286,16.4286,35.7143,23.5714,2.1429,0,0,0,0,0,0,0,0,0,0,0,0,,
01855,中慶股份,2026-03-03,1,0,1.01,1.01,eod_proxy,0,128,-46.5347,-51.4851,-67.3267,-79.0099,0.0,-67.3267,0,0,0,0,0,0,0,0,0,0,0,0,,
01856,依波路,2025-06-26,1,0,0.96,0.96,eod_proxy,0,296,3.125,8.3333,33.3333,77.0833,33.3333,-2.0833,0,0,0,0,0,0,0,0,0,0,0,0,,
01861,保寶龍科技,2025-07-15,1,0,1.34,1.34,eod_proxy,0,284,12.6866,2.9851,13.4328,23.2836,13.4328,0.0,0,0,0,0,0,0,0,0,0,0,0,0,,
01862,景瑞控股,2025-07-11,1,0,0.011,0.011,eod_proxy,0,128,63.6364,54.5455,36.3636,18.1818,63.6364,-9.0909,0,0,0,0,0,0,0,0,0,0,0,0,,
01867,標準發展集團,2025-10-21,1,0,0.211,0.211,eod_proxy,0,216,37.4408,37.4408,30.3318,18.4834,39.8104,18.4834,0,0,0,0,0,0,0,0,0,0,0,0,,
01868,同方友友,2025-09-26,1,0,0.43,0.43,eod_proxy,0,231,-8.1395,-10.4651,-13.9535,-15.1163,-6.9767,-15.1163,0,0,0,0,0,0,0,0,0,0,0,0,,
01869,貓屎咖啡控股,2025-08-25,1,0,0.142,0.142,eod_proxy,0,255,-20.4225,-16.1972,-16.1972,-19.0141,-10.5634,-23.9437,0,0,0,0,0,0,0,0,0,0,0,0,,
01870,綠色電能集團,2025-08-27,1,0,0.295,0.295,eod_proxy,0,253,1.6949,-3.3898,-3.3898,32.2034,10.1695,-5.0847,0,0,0,0,0,0,1,0,0,1,0,0,PLACING,104
01871,向中國際,2026-02-27,1,0,0.39,0.39,eod_proxy,0,130,0.0,-2.5641,-11.5385,-2.5641,0.0,-11.5385,0,0,0,0,0,0,0,0,0,0,0,0,,
01878,南戈壁,2025-09-23,1,0,2.26,2.26,eod_proxy,0,234,0.885,9.292,3.0973,-11.9469,11.0619,-3.5398,0,0,0,0,0,0,0,0,0,0,0,0,,
01884,EPRINT集團,2026-07-29,1,0,0.131,0.131,eod_proxy,0,29,-12.9771,-16.0305,-6.8702,,7.6336,-17.5573,0,0,0,0,0,0,0,0,0,0,0,0,,
01889,三愛健康集團,2025-08-13,1,0,0.51,0.51,eod_proxy,0,263,-18.6275,-17.6471,-12.7451,15.6863,-9.8039,-21.5686,0,0,0,0,0,0,0,0,0,0,0,0,,
01891,興合控股,2026-05-14,1,0,0.187,0.187,eod_proxy,0,80,-4.2781,2.139,2.139,-10.1604,6.9519,-4.8128,0,0,0,0,0,0,0,0,0,0,0,0,,
01894,恆益控股,2025-09-23,1,0,0.496,0.496,eod_proxy,0,234,0.0,0.0,2.4194,-4.8387,2.4194,-1.6129,0,0,0,0,0,0,1,0,1,0,1,0,RIGHTS,79
01895,鑫苑服務,2025-06-26,1,0,0.445,0.445,eod_proxy,0,245,1.573,3.8202,10.5618,21.3483,10.5618,-4.4944,0,0,0,0,0,0,0,0,0,0,0,0,,
01900,中國智能交通,2025-08-26,1,0,0.305,0.305,eod_proxy,0,254,-16.3934,1.6393,-1.6393,-1.6393,1.6393,-16.3934,0,0,0,0,0,0,0,0,0,0,0,0,,
01901,飛揚集團,2025-07-30,1,0,0.32,0.32,eod_proxy,0,273,-3.125,35.9375,20.3125,6.25,43.75,-7.8125,0,0,0,0,0,0,0,0,0,0,0,0,,
01903,JBB BUILDERS,2025-09-25,1,0,1.42,1.42,eod_proxy,0,232,19.7183,34.507,28.8732,3.5211,34.507,0.0,0,0,0,0,0,0,0,0,0,0,0,0,,
01909,火岩控股,2025-07-09,1,0,2.213,2.213,eod_proxy,0,288,-12.6525,-15.3638,-23.1812,-13.5563,-3.8861,-23.1812,0,0,0,0,0,0,1,0,1,0,0,0,RIGHTS,88
01912,康特隆,2025-09-23,1,0,0.96,0.96,eod_proxy,0,234,2.0833,-8.3333,-21.875,-27.0833,2.0833,-21.875,0,0,0,0,0,0,0,0,0,0,0,0,,
01917,豆盟科技,2025-07-15,1,0,0.053,0.053,eod_proxy,0,284,-5.6604,-7.5472,-9.434,9.434,-1.8868,-13.2075,0,0,0,0,0,0,0,0,0,0,0,0,,
01920,巨美集團,2025-11-11,1,0,0.435,0.435,eod_proxy,0,202,-6.8966,-9.1954,-11.4943,33.3333,3.4483,-11.4943,0,0,0,0,0,0,0,0,0,0,0,0,,
01925,曠世芳香,2025-07-29,1,0,1.17,1.17,eod_proxy,0,274,-0.8547,1.7094,-7.6923,-11.9658,4.2735,-8.547,0,0,0,0,0,0,0,0,0,0,0,0,,
01927,久久王,2026-04-17,1,0,0.178,0.178,eod_proxy,0,98,-3.3708,-1.1236,16.2921,27.5281,16.2921,-6.1798,0,0,0,0,0,0,0,0,0,0,0,0,,
01932,中漆集團,2026-04-22,1,0,0.34,0.34,eod_proxy,0,95,-33.2353,-13.2353,-29.4118,-51.4706,29.4118,-38.5294,0,0,0,0,0,0,0,0,0,0,0,0,,
01933,元力控股,2026-02-27,1,0,0.224,0.224,eod_proxy,0,130,-5.3571,18.3036,2.6786,-8.4821,18.3036,-12.9464,0,0,0,0,0,0,0,0,0,0,0,0,,
01936,利特米,2025-07-21,1,0,0.57,0.57,eod_proxy,0,280,-3.5088,-5.2632,-5.2632,12.2807,0.0,-5.2632,0,0,0,0,0,0,0,0,0,0,0,0,,
01937,佳辰控股,2025-10-14,1,0,0.29,0.29,eod_proxy,0,221,-17.2414,-17.5862,-25.1724,-35.1724,-13.7931,-31.3793,0,0,0,0,0,0,0,0,0,0,0,0,,
01938,珠江鋼管,2025-07-14,1,0,0.335,0.335,eod_proxy,0,285,2.9851,4.4776,10.4478,32.8358,16.4179,-10.4478,0,0,0,0,0,0,0,0,0,0,0,0,,
01939,上善黃金,2026-08-06,1,0,0.5,0.5,eod_proxy,0,23,-13.0,-24.0,6.0,,6.0,-24.0,0,0,0,0,0,0,0,0,0,0,0,0,,
01940,CGII HLDGS,2025-08-27,1,0,0.67,0.67,eod_proxy,0,253,-4.4776,-2.9851,-1.4925,5.9701,0.0,-7.4627,0,0,0,0,0,0,0,0,0,0,0,0,,
01941,燁星集團,2026-02-16,1,0,0.24,0.24,eod_proxy,0,136,12.5,33.3333,25.0,52.0833,33.3333,6.25,0,0,0,0,0,0,0,0,0,0,0,0,,
01942,馬可數字科技,2025-10-02,1,0,0.322,0.322,eod_proxy,0,228,-6.2112,-11.4907,-11.4907,-31.0559,1.8634,-12.4224,0,0,0,0,0,0,0,0,0,0,0,0,,
01943,金石控股集團,2026-02-06,1,0,0.8,0.8,eod_proxy,0,142,-6.25,-7.5,-11.25,-18.75,1.25,-16.25,0,0,0,0,0,0,1,0,0,1,0,0,PLACING,139
01945,清科控股,2025-07-04,1,0,1.05,1.05,eod_proxy,0,291,22.8571,22.8571,27.619,22.8571,27.619,6.6667,0,0,0,0,0,0,0,0,0,0,0,0,,
01949,佰達國際控股,2025-07-04,1,0,0.35,0.35,eod_proxy,0,291,1.4286,107.1429,91.4286,171.4286,107.1429,-1.4286,0,0,0,0,0,0,1,0,0,0,1,0,CONSOLIDATION,119
01950,帝王實業控股,2026-03-05,1,0,0.141,0.141,eod_proxy,0,126,-18.4397,-14.8936,9.9291,-22.695,16.3121,-18.4397,0,0,0,0,0,0,1,0,0,1,0,0,PLACING,117
01953,賽孚迅國際,2025-08-19,1,0,0.177,0.177,eod_proxy,0,259,-0.565,-7.9096,-12.4294,-5.0847,2.2599,-24.8588,0,0,0,0,0,0,0,0,0,0,0,0,,
01955,莊臣控股,2025-08-18,1,0,0.631,0.631,eod_proxy,0,260,3.1696,0.0,-4.7544,-14.4216,3.1696,-6.3391,0,0,0,0,0,0,0,0,0,0,0,0,,
01957,大人國際,2025-10-03,1,0,0.265,0.265,eod_proxy,0,227,-3.7736,-3.7736,-16.9811,-15.0943,-1.8868,-18.4906,0,0,0,0,0,0,0,0,0,0,0,0,,
01959,中聚投資,2025-10-09,1,0,0.51,0.51,eod_proxy,0,224,47.0588,170.5882,178.4314,613.7255,196.0784,-15.6863,0,0,0,0,0,0,1,1,0,0,0,0,GO,68
01960,TBKS HLDGS,2026-01-12,1,0,0.46,0.46,eod_proxy,0,161,-6.5217,7.6087,8.6957,-9.7826,8.6957,-10.8696,0,0,0,0,0,0,0,0,0,0,0,0,,
01961,多牛科技,2025-06-27,1,0,0.38,0.38,eod_proxy,0,187,2.6316,1.3158,-14.4737,-34.2105,3.9474,-15.7895,0,0,0,0,0,0,0,0,0,0,0,0,,
01962,訓修實業,2025-08-21,1,0,0.448,0.448,eod_proxy,0,257,-1.1161,-3.3482,5.5804,-6.6964,5.5804,-3.3482,0,0,0,0,0,0,0,0,0,0,0,0,,
01965,朗詩綠色生活,2026-04-29,1,0,0.141,0.141,eod_proxy,0,90,2.1277,-0.7092,-7.0922,-4.9645,2.1277,-7.0922,0,0,0,0,0,0,0,0,0,0,0,0,,
01966,中駿集團控股,2025-07-10,1,0,0.117,0.117,eod_proxy,0,287,0.8547,3.4188,-12.8205,-11.1111,3.4188,-14.5299,0,0,0,0,0,0,0,0,0,0,0,0,,
01967,信懇智能,2025-07-10,1,0,0.465,0.465,eod_proxy,0,287,4.3011,1.0753,13.9785,-3.2258,33.3333,-10.7527,0,0,0,0,0,0,0,0,0,0,0,0,,
01968,興紡控股,2026-04-28,1,0,0.205,0.205,eod_proxy,0,91,9.7561,-19.0244,-20.0,-10.7317,12.1951,-28.2927,0,0,0,0,0,0,0,0,0,0,0,0,,
01971,弘陽服務,2025-10-16,1,0,0.275,0.275,eod_proxy,0,219,-3.6364,30.9091,43.6364,49.0909,60.0,-7.2727,0,0,0,0,0,0,0,0,0,0,0,0,,
01975,新興印刷,2026-06-04,1,0,0.415,0.415,eod_proxy,0,66,7.2289,3.6145,0.0,2.4096,7.2289,-4.8193,0,0,0,0,0,0,0,0,0,0,0,0,,
01978,敘福樓集團,2025-09-16,1,0,0.41,0.41,eod_proxy,0,239,-4.878,-9.7561,-9.7561,-9.7561,-2.439,-9.7561,0,0,0,0,0,0,0,0,0,0,0,0,,
01980,天鴿互動,2025-07-18,1,0,0.64,0.64,eod_proxy,0,281,-1.5625,3.125,1.5625,-3.125,4.6875,-1.5625,0,0,0,0,0,0,1,1,0,0,0,0,GO,124
01985,美高域,2025-08-04,1,0,1.55,1.55,eod_proxy,0,270,-5.1613,0.6452,1.9355,-12.2581,4.5161,-5.1613,0,0,0,0,0,0,0,0,0,0,0,0,,
01986,彩客新能源,2025-11-11,1,0,0.915,0.915,eod_proxy,0,202,-9.8361,-12.0219,-13.1148,5.4645,2.1858,-14.2077,0,0,0,0,0,0,0,0,0,0,0,0,,
01987,BENG SOON MACH,2025-06-26,1,0,0.136,0.136,eod_proxy,0,296,4.4118,1.4706,0.7353,44.8529,7.3529,-2.9412,0,0,0,0,0,0,0,0,0,0,0,0,,
01991,大洋集團,2025-07-04,1,0,0.75,0.75,eod_proxy,0,291,-5.3333,-2.6667,-4.0,90.6667,6.6667,-13.3333,0,0,0,0,0,0,0,0,0,0,0,0,,
01993,雅仕維,2025-07-23,1,0,0.82,0.82,eod_proxy,0,278,-20.7317,-21.9512,-19.5122,-7.3171,-10.9756,-23.1707,0,0,0,0,0,0,0,0,0,0,0,0,,
01996,弘陽地產,2025-09-12,1,0,0.055,0.055,eod_proxy,0,241,-9.0909,-18.1818,-21.8182,-27.2727,-3.6364,-23.6364,0,0,0,0,0,0,0,0,0,0,0,0,,
02000,晨訊科技,2025-09-09,1,0,0.34,0.34,eod_proxy,0,244,-4.4118,-5.8824,-13.2353,2.9412,0.0,-13.2353,0,0,0,0,0,0,0,0,0,0,0,0,,
02008,鳳凰衛視,2025-09-22,1,0,1.78,1.78,eod_proxy,0,235,12.9213,1.6854,-12.3596,-6.7416,29.2135,-12.9213,0,0,0,0,0,0,0,0,0,0,0,0,,
02012,陽光油砂,2025-09-15,1,0,0.66,0.66,eod_proxy,0,240,-19.697,-21.2121,-33.3333,-27.2727,-12.1212,-34.8485,0,0,0,0,0,0,1,0,0,1,0,1,PLACING,37
02017,滄海控股,2025-09-24,1,0,0.37,0.37,eod_proxy,0,233,-27.027,-18.9189,-20.2703,-33.7838,-12.1622,-27.027,0,0,0,0,0,0,0,0,0,0,0,0,,
02022,遊萊互動,2025-08-14,1,0,0.068,0.068,eod_proxy,0,262,-7.3529,-13.2353,8.8235,-23.5294,19.1176,-26.4706,0,0,0,0,0,0,0,0,0,0,0,0,,
02023,中國綠島科技,2026-01-27,1,0,0.75,0.75,eod_proxy,0,150,-4.0,1.3333,6.6667,4.0,6.6667,-9.3333,0,0,0,0,0,0,0,0,0,0,0,0,,
02028,映美控股,2025-08-12,1,0,0.223,0.223,eod_proxy,0,264,-38.565,-31.8386,-39.0135,-61.435,-29.5964,-45.2915,0,0,0,0,0,0,0,0,0,0,0,0,,
02030,卡賓,2026-05-07,1,0,1.3,1.3,eod_proxy,0,85,-0.7692,0.0,0.0,-1.5385,0.7692,-3.8462,0,0,0,0,0,0,0,0,0,0,0,0,,
02031,澳至尊,2025-06-27,1,0,0.36,0.36,eod_proxy,0,295,0.0,1.3889,6.9444,-6.9444,6.9444,-4.1667,0,0,0,0,0,0,0,0,0,0,0,0,,
02048,易居企業控股,2025-11-24,1,0,0.071,0.071,eod_proxy,0,193,-1.4085,-2.8169,-1.4085,-4.2254,-1.4085,-4.2254,0,0,0,0,0,0,0,0,0,0,0,0,,
02080,奧克斯國際,2025-09-17,1,0,0.53,0.53,eod_proxy,0,238,26.4151,28.3019,-8.4906,-30.1887,37.7358,-11.3208,0,0,0,0,0,0,0,0,0,0,0,0,,
02098,卓爾智聯,2026-07-09,1,0,0.07,0.07,eod_proxy,0,43,-11.4286,-10.0,-8.5714,,4.2857,-18.5714,0,0,0,0,0,0,0,0,0,0,0,0,,
02100,百奧家庭互動,2026-07-31,1,0,0.35,0.35,eod_proxy,0,27,-1.4286,-1.4286,-14.2857,,1.4286,-17.1429,0,0,0,0,0,0,0,0,0,0,0,0,,
02101,福祿控股,2025-08-29,1,0,0.899,0.899,eod_proxy,0,251,-1.1123,-13.3482,4.4494,15.4616,5.5617,-16.6852,0,0,0,0,0,0,0,0,0,0,0,0,,
02102,德利機械,2025-10-09,1,0,0.25,0.25,eod_proxy,0,224,12.0,0.0,-2.0,2.0,14.0,-14.0,0,0,0,0,0,0,0,0,0,0,0,0,,
02107,第一服務控股,2025-08-18,1,0,0.306,0.306,eod_proxy,0,260,-3.5948,-8.4967,-8.4967,-16.6667,0.0,-13.3987,0,0,0,0,0,0,0,0,0,0,0,0,,
02108,K2 F&B,2025-08-22,1,0,0.211,0.211,eod_proxy,0,256,-5.2133,-6.1611,4.2654,9.0047,7.5829,-11.8483,0,0,0,0,0,0,0,0,0,0,0,0,,
02110,天成控股,2025-10-03,1,0,0.122,0.122,eod_proxy,0,223,31.1475,25.4098,63.1148,-15.5738,,,0,0,0,0,0,0,1,0,0,1,0,0,PLACING,7
02112,恩典生命科技,2025-10-08,1,0,0.066,0.066,eod_proxy,0,225,-4.5455,-4.5455,-4.5455,-9.0909,-1.5152,-7.5758,0,0,0,0,0,0,0,0,0,0,0,0,,
02113,世紀集團國際,2025-08-12,1,0,0.136,0.136,eod_proxy,0,264,9.5588,-2.9412,-11.0294,-40.4412,26.4706,-14.7059,0,0,0,0,0,0,0,0,0,0,0,0,,
02116,江蘇創新,2026-02-05,1,0,0.68,0.68,eod_proxy,0,143,0.0,5.8824,14.7059,4.4118,17.6471,0.0,0,0,0,0,0,0,0,0,0,0,0,0,,
02120,康寧醫院,2025-12-18,1,0,9.632,9.632,eod_proxy,0,175,-0.1038,-0.5191,-1.5573,-13.6005,0.1038,-3.1146,0,0,0,0,0,0,0,0,0,0,0,0,,
02122,凱知樂國際,2025-08-07,1,0,0.077,0.077,eod_proxy,0,267,14.2857,12.987,59.7403,187.013,79.2208,-1.2987,0,0,0,0,0,0,0,0,0,0,0,0,,
02125,稻草熊娛樂,2025-08-18,1,0,0.7,0.7,eod_proxy,0,260,-4.2857,-12.8571,-8.5714,-20.0,1.4286,-15.7143,0,0,0,0,0,0,0,0,0,0,0,0,,
02129,LEGION CONSO,2025-12-08,1,0,0.16,0.16,eod_proxy,0,183,-3.125,-6.25,-5.625,-3.75,11.25,-8.125,0,0,0,0,0,0,0,0,0,0,0,0,,
02132,譽燊豐控股,2025-08-12,1,0,0.111,0.111,eod_proxy,0,264,-7.2072,-7.2072,-11.7117,52.2523,-0.9009,-14.4144,0,0,0,0,0,0,0,0,0,0,0,0,,
02135,瑞麗醫美,2025-07-31,1,0,0.129,0.129,eod_proxy,0,272,-3.1008,-3.1008,-8.5271,-7.7519,3.876,-8.5271,0,0,0,0,0,0,0,0,0,0,0,0,,
02136,利福中國,2025-08-14,1,0,0.27,0.27,eod_proxy,0,262,-3.7037,-3.7037,-3.7037,-7.4074,0.0,-7.4074,0,0,0,0,0,0,0,0,0,0,0,0,,
02138,醫思健康,2026-01-29,1,0,0.66,0.66,eod_proxy,0,148,-4.5455,-6.0606,-22.7273,-29.5455,6.0606,-22.7273,0,0,0,0,0,0,0,0,0,0,0,0,,
02146,榮萬家,2025-07-16,1,0,1.28,1.28,eod_proxy,0,283,-0.7812,-0.7812,-4.6875,3.9062,4.6875,-4.6875,0,0,0,0,0,0,0,0,0,0,0,0,,
02147,正味集團,2025-08-13,1,0,0.96,0.96,eod_proxy,0,263,-4.1667,-4.1667,-8.3333,-6.25,-2.0833,-12.5,0,0,0,0,0,0,1,0,0,1,1,0,CONSOLIDATION,79
02153,達豐設備,2026-06-26,1,0,0.78,0.78,eod_proxy,0,51,7.6923,7.6923,7.6923,,7.6923,-10.2564,0,0,0,0,0,0,0,0,0,0,0,0,,
02159,麥迪衛康,2025-07-14,1,0,0.59,0.59,eod_proxy,0,285,94.9153,167.7966,166.1017,98.3051,176.2712,38.9831,0,0,0,0,0,0,0,0,0,0,0,0,,
02165,領悅服務集團,2025-08-19,1,0,1.74,1.74,eod_proxy,0,259,31.0345,24.1379,25.8621,10.3448,31.0345,-2.8736,0,0,0,0,0,0,0,0,0,0,0,0,,
02167,天潤雲,2025-07-31,1,0,4.93,4.93,eod_proxy,0,272,5.8824,9.3306,-12.1704,16.2272,30.0203,-12.1704,0,0,0,0,0,0,0,0,0,0,0,0,,
02168,佳兆業美好,2025-12-17,1,0,1.36,1.36,eod_proxy,0,176,-2.2059,-0.7353,-8.0882,-20.5882,4.4118,-9.5588,0,0,0,0,0,0,0,0,0,0,0,0,,
02170,貝康醫療-B,2026-08-24,1,0,1.34,1.34,eod_proxy,0,11,-0.3731,2.2388,,,4.4776,-1.4925,0,0,0,0,0,0,0,0,0,0,0,0,,
02176,賽迪顧問,2026-08-10,1,0,0.49,0.49,eod_proxy,0,21,-1.0204,-1.0204,-4.0816,,1.0204,-7.1429,0,0,0,0,0,0,0,0,0,0,0,0,,
02177,優趣匯控股,2025-07-31,1,0,2.95,2.95,eod_proxy,0,272,-8.8136,-14.2373,-15.2542,-12.5424,-8.1356,-17.2881,0,0,0,0,0,0,0,0,0,0,0,0,,
02178,百勤油服,2025-07-14,1,0,0.076,0.076,eod_proxy,0,285,-6.5789,-6.5789,1.3158,-10.5263,5.2632,-9.2105,0,0,0,0,0,0,0,0,0,0,0,0,,
02187,智欣集團控股,2025-07-30,1,0,0.47,0.47,eod_proxy,0,273,-4.2553,-8.5106,-10.6383,-19.1489,-1.0638,-12.766,0,0,0,0,0,0,1,0,0,1,0,0,PLACING,180
02189,嘉濤(香港)控股,2025-09-24,1,0,0.45,0.45,eod_proxy,0,233,-1.1111,1.1111,-3.3333,0.0,2.2222,-3.3333,0,0,0,0,0,0,0,0,0,0,0,0,,
02193,萬景控股,2026-02-23,1,0,0.31,0.31,eod_proxy,0,134,-12.9032,-16.129,-9.6774,40.3226,-3.2258,-19.3548,0,0,0,0,0,0,0,0,0,0,0,0,,
02195,盈匯企業控股,2025-08-04,1,0,0.53,0.53,eod_proxy,0,270,9.434,3.7736,0.0,-9.434,15.0943,-9.434,0,0,0,0,0,0,0,0,0,0,0,0,,
02197,三葉草生物-B,2025-07-17,1,0,0.48,0.48,eod_proxy,0,282,10.4167,18.75,33.3333,514.5833,35.4167,-3.125,0,0,0,0,0,0,0,0,0,0,0,0,,
02203,腦洞科技,2025-08-07,1,0,0.212,0.212,eod_proxy,0,267,3.3019,-0.9434,-13.2075,-0.4717,5.1887,-13.2075,0,0,0,0,0,0,0,0,0,0,0,0,,
02205,康橋悅生活,2025-07-03,1,0,0.68,0.68,eod_proxy,0,292,1.4706,1.4706,4.4118,-8.8235,20.5882,0.0,0,0,0,0,0,0,0,0,0,0,0,0,,
02210,京城佳業,2025-08-04,1,0,2.889,2.889,eod_proxy,0,270,4.846,8.6535,3.4614,-8.9997,9.6919,0.6923,0,0,0,0,0,0,0,0,0,0,0,0,,
02211,大健康國際,2025-09-25,1,0,1.8,1.8,eod_proxy,0,232,-2.7778,-11.6667,-6.6667,-2.7778,3.3333,-11.6667,0,0,0,0,0,0,0,0,0,0,0,0,,
02212,高鵬礦業,2025-06-26,1,0,0.1,0.1,eod_proxy,0,296,16.0,27.0,4.0,48.0,27.0,-3.0,0,0,0,0,0,0,0,0,0,0,0,0,,
02215,德信服務集團,2026-08-03,1,0,0.151,0.151,eod_proxy,0,26,108.6093,95.3642,62.2517,,224.5033,30.4636,0,0,0,0,0,0,0,0,0,0,0,0,,
02221,創業集團控股,2025-07-30,1,0,0.82,0.82,eod_proxy,0,273,0.0,13.4146,-4.878,21.9512,14.6341,-13.4146,0,0,0,0,0,0,1,0,0,1,0,0,PLACING,146
02222,雷士國際,2025-08-27,1,0,0.89,0.89,eod_proxy,0,253,-8.9888,-8.9888,-10.1124,-21.3483,-3.3708,-14.6067,0,0,0,0,0,0,0,0,0,0,0,0,,
02223,卡撒天嬌,2025-10-30,1,0,0.68,0.68,eod_proxy,0,210,10.2941,16.1765,-4.4118,19.1176,17.6471,-13.2353,0,0,0,0,0,0,0,0,0,0,0,0,,
02226,老恆和釀造,2026-08-31,1,0,0.715,0.715,eod_proxy,0,6,-4.1958,,,,-3.4965,-9.0909,0,0,0,0,0,0,0,0,0,0,0,0,,
02227,守益控股,2025-09-04,1,0,0.148,0.148,eod_proxy,0,247,-25.0,-30.4054,-24.3243,-27.7027,-18.2432,-30.4054,0,0,0,0,0,0,0,0,0,0,0,0,,
02230,羚邦集團,2026-04-22,1,0,0.246,0.246,eod_proxy,0,95,1.626,1.626,-9.3496,-21.9512,3.6585,-10.1626,0,0,0,0,0,0,0,0,0,0,0,0,,
02231,景業名邦集團,2025-09-10,1,0,0.29,0.29,eod_proxy,0,243,-28.9655,-29.6552,-37.931,-50.0,-15.1724,-40.0,0,0,0,0,0,0,0,0,0,0,0,0,,
02237,中國石墨,2025-08-06,1,0,0.38,0.38,eod_proxy,0,268,-1.3158,-10.5263,-10.5263,2.6316,-1.3158,-13.1579,0,0,0,0,0,0,0,0,0,0,0,0,,
02239,國微控股,2026-05-27,1,0,1.52,1.52,eod_proxy,0,72,21.0526,-12.5,-17.7632,-8.5526,43.4211,-22.3684,0,0,0,0,0,0,0,0,0,0,0,0,,
02246,快狗打車,2026-08-31,1,0,1.2,1.2,eod_proxy,0,6,-5.0,,,,0.0,-5.8333,0,0,0,0,0,0,0,0,0,0,0,0,,
02250,小黃鴨德盈,2025-11-28,1,0,0.99,0.99,eod_proxy,0,189,2.0202,1.0101,-4.0404,-21.2121,3.0303,-5.0505,0,0,0,0,0,0,1,0,0,1,0,0,PLACING,61
02251,鷹瞳科技-B,2026-08-25,1,0,9.57,9.57,eod_proxy,0,10,-14.9948,-15.3605,,,-0.5225,-17.4504,0,0,0,0,0,0,0,0,0,0,0,0,,
02257,聖諾醫藥-B,2025-07-04,1,0,6.27,6.27,eod_proxy,0,291,-7.3365,2.2329,29.0271,130.622,32.3764,-10.6858,0,0,0,0,0,0,0,0,0,0,0,0,,
02258,華滋國際海洋,2025-10-03,1,0,0.289,0.289,eod_proxy,0,227,-22.4913,-23.1834,-34.2561,-24.2215,-12.1107,-34.2561,0,0,0,0,0,0,0,0,0,0,0,0,,
02260,環龍控股,2026-04-08,1,0,1.31,1.31,eod_proxy,0,105,-9.1603,-6.1069,-9.1603,-6.8702,2.2901,-9.1603,0,0,0,0,0,0,0,0,0,0,0,0,,
02262,梁志天設計集團,2026-07-31,1,0,0.49,0.49,eod_proxy,0,27,-6.1224,-7.1429,-10.2041,,2.0408,-10.2041,0,0,0,0,0,0,0,0,0,0,0,0,,
02263,富石金融,2025-06-26,1,0,0.191,0.191,eod_proxy,0,296,-8.377,46.5969,49.2147,36.1257,67.5393,-10.4712,0,0,0,0,0,0,0,0,0,0,0,0,,
02266,黎氏企業,2025-07-02,1,0,0.29,0.29,eod_proxy,0,293,-5.1724,1.7241,-5.1724,18.9655,5.1724,-6.8966,0,0,0,0,0,0,0,0,0,0,0,0,,
02280,慧聰集團,2025-09-15,1,0,0.198,0.198,eod_proxy,0,122,14.6465,43.9394,46.4646,2.0202,64.1414,-9.596,0,0,0,0,0,0,0,0,0,0,0,0,,
02281,興瀘水務,2026-03-30,1,0,0.624,0.624,eod_proxy,0,109,0.0,6.4103,3.2051,0.0,6.4103,-3.2051,0,0,0,0,0,0,0,0,0,0,0,0,,
02286,辰興發展,2025-08-29,1,0,0.25,0.25,eod_proxy,0,251,-0.8,12.0,-6.8,-26.0,18.0,-6.8,0,0,0,0,0,0,0,0,0,0,0,0,,
02288,宏基資本,2025-07-24,1,0,0.16,0.16,eod_proxy,0,277,3.125,-0.625,-1.25,-23.75,3.125,-5.0,0,0,0,0,0,0,0,0,0,0,0,0,,
02289,創美藥業,2025-07-22,1,0,6.497,6.497,eod_proxy,0,279,0.1539,-1.847,-15.3917,-20.0092,0.1539,-15.3917,0,0,0,0,0,0,0,0,0,0,0,0,,
02295,豐城控股,2026-05-20,1,0,1.83,1.83,eod_proxy,0,76,6.5574,9.2896,3.8251,227.8689,9.2896,1.0929,0,0,0,0,0,0,1,1,0,0,0,0,GO,43
02297,潤邁德-B,2025-07-21,1,0,0.345,0.345,eod_proxy,0,280,-5.7971,-4.3478,7.2464,-7.2464,21.7391,-8.6957,0,0,0,0,0,0,0,0,0,0,0,0,,
02298,都市麗人,2025-08-26,1,0,0.394,0.394,eod_proxy,0,254,-11.4213,-20.3046,-20.3046,-25.3807,-5.0761,-20.3046,0,0,0,0,0,0,0,0,0,0,0,0,,
02310,時代環球集團,2026-02-11,1,0,0.078,0.078,eod_proxy,0,139,12.8205,14.1026,10.2564,25.641,25.641,-7.6923,0,0,0,0,0,0,0,0,0,0,0,0,,
02312,LONG投資集團,2026-04-17,1,0,0.77,0.77,eod_proxy,0,98,-14.2857,-9.0909,-23.3766,-51.9481,-9.0909,-23.3766,0,0,0,0,0,0,1,0,1,1,0,0,PLACING,0
02320,合豐集團,2026-07-21,1,0,0.086,0.086,eod_proxy,0,35,80.2326,196.5116,196.5116,,208.1395,74.4186,0,0,0,0,0,0,0,0,0,0,0,0,,
02321,雙財莊,2026-01-09,1,0,0.435,0.435,eod_proxy,0,162,5.7471,12.6437,10.3448,17.2414,17.2414,5.7471,0,0,0,0,0,0,0,0,0,0,0,0,,
02322,新質數字,2026-04-24,1,0,0.101,0.101,eod_proxy,0,93,0.9901,1.9802,-5.9406,-21.7822,4.9505,-6.9307,0,0,0,0,0,0,0,0,0,0,0,0,,
02324,首都創投,2025-12-22,1,0,0.137,0.137,eod_proxy,0,173,0.0,0.0,13.8686,-3.6496,15.3285,-1.4599,0,0,0,0,0,0,0,0,0,0,0,0,,
02325,雲康集團,2025-10-15,1,0,1.4,1.4,eod_proxy,0,220,-25.7143,-27.8571,-25.7143,-30.0,-10.7143,-29.2857,0,0,0,0,0,0,0,0,0,0,0,0,,
02326,新源萬恆控股,2025-09-05,1,0,0.011,0.011,eod_proxy,0,246,-9.0909,0.0,-9.0909,-9.0909,9.0909,-9.0909,0,0,0,0,0,0,0,0,0,0,0,0,,
02330,中國上城,2025-08-28,1,0,0.109,0.109,eod_proxy,0,252,27.5229,19.2661,21.1009,404.5872,34.8624,6.422,0,0,0,0,0,0,1,0,0,1,0,0,PLACING,50
02336,碩奧國際,2025-07-22,1,0,0.09,0.09,eod_proxy,0,279,-1.1111,-1.1111,0.0,117.7778,15.5556,-6.6667,0,0,0,0,0,0,0,0,0,0,0,0,,
02340,升柏控股,2025-09-16,1,0,0.186,0.186,eod_proxy,0,239,-13.4409,-11.828,-1.6129,-10.2151,6.4516,-13.4409,0,0,0,0,0,0,1,0,0,1,0,0,PLACING,14
02349,中國智能基礎設施,2025-07-10,1,0,0.079,0.079,eod_proxy,0,287,-5.0633,-17.7215,-16.4557,-11.3924,-5.0633,-25.3165,0,0,0,0,0,0,0,0,0,0,0,0,,
02350,數科集團,2025-08-05,1,0,0.479,0.479,eod_proxy,0,269,7.3069,22.3382,7.3069,-6.0543,22.3382,-3.1315,0,0,0,0,0,0,1,0,0,1,0,0,PLACING,148
02358,久融控股,2025-07-18,1,0,0.012,0.012,eod_proxy,0,281,-8.3333,-8.3333,-8.3333,-8.3333,0.0,-16.6667,0,0,0,0,0,0,0,0,0,0,0,0,,
02369,酷派集團,2025-11-28,1,0,1.27,1.27,eod_proxy,0,189,5.5118,3.1496,-26.7717,-48.8189,6.2992,-26.7717,0,0,0,0,0,0,0,0,0,0,0,0,,
02370,力高健康生活,2025-10-13,1,0,0.52,0.52,eod_proxy,0,222,-1.9231,-14.4231,-23.0769,0.0,3.8462,-27.8846,0,0,0,0,0,0,0,0,0,0,0,0,,
02371,創聯控股,2025-09-15,1,0,0.35,0.35,eod_proxy,0,240,2.8571,2.8571,0.0,-14.2857,8.5714,-5.7143,0,0,0,0,0,0,1,0,0,1,1,0,CONSOLIDATION,39
02372,偉立控股,2025-08-15,1,0,0.233,0.233,eod_proxy,0,261,6.0086,3.8627,0.8584,-6.0086,6.4378,0.0,0,0,0,0,0,0,0,0,0,0,0,0,,
02376,魯商服務,2025-07-10,1,0,3.166,3.166,eod_proxy,0,287,-5.0537,-8.5281,4.7378,-7.8964,5.6854,-8.5281,0,0,0,0,0,0,0,0,0,0,0,0,,
02377,博奇環保,2025-07-04,1,0,0.786,0.786,eod_proxy,0,291,7.6336,5.0891,-1.2723,25.4453,7.6336,-1.2723,0,0,0,0,0,0,0,0,0,0,0,0,,
02381,蜆殼電業,2025-08-06,1,0,0.098,0.098,eod_proxy,0,268,5.102,7.1429,1.0204,39.7959,11.2245,0.0,0,0,0,0,0,0,0,0,0,0,0,0,,
02389,北京健康,2025-08-18,1,0,0.088,0.088,eod_proxy,0,260,-2.2727,-2.2727,-2.2727,-13.6364,-1.1364,-4.5455,0,0,0,0,0,0,0,0,0,0,0,0,,
02392,玄武雲,2025-07-24,1,0,1.35,1.35,eod_proxy,0,277,27.4074,18.5185,35.5556,-18.5185,42.2222,11.1111,0,0,0,0,0,0,0,0,0,0,0,0,,
02393,巨星醫療控股,2025-07-17,1,0,0.153,0.153,eod_proxy,0,282,-9.1503,17.6471,13.7255,-15.0327,25.4902,-10.4575,0,0,0,0,0,0,0,0,0,0,0,0,,
02405,力盟科技,2025-11-04,1,0,1.15,1.15,eod_proxy,0,207,1.7391,-9.5652,-14.7826,-21.7391,1.7391,-16.5217,0,0,0,0,0,0,0,0,0,0,0,0,,
02415,梅斯健康,2025-07-29,1,0,1.389,1.389,eod_proxy,0,274,35.9971,26.6379,34.5572,2.9518,63.3549,-5.0396,0,0,0,0,0,0,0,0,0,0,0,0,,
02422,潤歌互動,2025-09-25,1,0,0.55,0.55,eod_proxy,0,232,-12.7273,-16.3636,16.3636,-1.8182,18.1818,-18.1818,0,0,0,0,0,0,1,0,0,1,0,0,PLACING,89
02427,GUANZE MEDICAL,2025-08-05,1,0,0.55,0.55,eod_proxy,0,269,-12.7273,-9.0909,-15.4545,-7.2727,-5.4545,-15.4545,0,0,0,0,0,0,0,0,0,0,0,0,,
02433,中天湖南集團,2025-07-22,1,0,0.116,0.116,eod_proxy,0,279,-6.0345,-18.1034,-19.8276,-29.3103,-5.1724,-19.8276,0,0,0,0,0,0,0,0,0,0,0,0,,
02438,出門問問,2025-07-28,1,0,0.5,0.5,eod_proxy,0,275,84.0,82.0,36.0,32.0,88.0,-6.0,0,0,0,0,0,0,0,0,0,0,0,0,,
02439,中寶新材,2026-01-16,1,0,0.27,0.27,eod_proxy,0,157,1.8519,3.7037,1.8519,20.3704,9.2593,0.0,0,0,0,0,0,0,1,0,0,1,0,0,PLACING,75
02440,迷策略,2026-03-04,1,0,2.05,2.05,eod_proxy,0,127,-17.0732,-24.878,-24.878,-31.2195,-6.3415,-29.7561,0,0,0,0,0,0,0,0,0,0,0,0,,
02442,怡俊集團控股,2025-08-01,1,0,1.92,1.92,eod_proxy,0,271,54.1667,51.5625,38.5417,50.5208,90.625,19.7917,0,0,0,0,0,0,1,1,0,0,0,0,GO,123
02455,潤華服務,2025-07-03,1,0,0.68,0.68,eod_proxy,0,292,10.2941,-5.8824,-13.2353,-1.4706,10.2941,-13.2353,0,0,0,0,0,0,0,0,0,0,0,0,,
02457,步陽國際,2026-04-17,1,0,0.325,0.325,eod_proxy,0,98,3.0769,12.3077,9.2308,10.7692,12.3077,-1.5385,0,0,0,0,0,0,0,0,0,0,0,0,,
02458,望塵科技控股,2025-08-12,1,0,4.8,4.8,eod_proxy,0,264,16.6667,41.6667,24.5833,32.2917,41.6667,5.8333,0,0,0,0,0,0,0,0,0,0,0,0,,
02459,升能集團,2026-02-23,1,0,1.28,1.28,eod_proxy,0,134,-6.25,-15.625,-17.9688,-56.25,0.7812,-17.9688,0,0,0,1,0,0,1,0,0,0,1,0,CONSOLIDATION,29
02481,雙良睿能,2025-07-16,1,0,2.896,2.896,eod_proxy,0,283,0.3453,-10.3591,-4.1436,-18.3011,2.4171,-13.8122,0,0,0,0,0,0,0,0,0,0,0,0,,
02482,維天運通,2025-11-27,1,0,0.69,0.69,eod_proxy,0,190,-4.3478,4.3478,5.7971,-13.0435,8.6957,-4.3478,0,0,0,0,0,0,0,0,0,0,0,0,,
02483,K CASH集團,2025-08-29,1,0,1.628,1.628,eod_proxy,0,251,-0.3686,-0.9828,1.4742,1.4742,4.5455,-3.4398,0,0,0,0,0,0,0,0,0,0,0,0,,
02486,普樂師集團控股,2025-09-15,1,0,7.85,7.85,eod_proxy,0,240,15.2866,0.3822,23.5669,-10.828,23.5669,-9.4268,0,0,0,0,0,0,0,0,0,0,0,0,,
02496,友芝友生物-B,2026-05-29,1,0,4.3,4.3,eod_proxy,0,63,-2.3256,-2.3256,-11.6279,-23.2558,0.0,-11.6279,0,0,0,0,0,0,0,0,0,0,0,0,,
02497,富景中國控股,2025-08-13,1,0,0.82,0.82,eod_proxy,0,263,1.2195,-4.878,-7.3171,-29.2683,3.6585,-12.1951,0,0,0,0,0,0,0,0,0,0,0,0,,
02501,邁越科技,2025-09-19,1,0,1.1,1.1,eod_proxy,0,236,-4.5455,-13.6364,-6.3636,-17.2727,1.8182,-15.4545,0,0,0,0,0,0,0,0,0,0,0,0,,
02502,金源氫化,2026-03-09,1,0,0.56,0.56,eod_proxy,0,124,1.7857,5.3571,-12.5,8.9286,23.2143,-15.1786,0,0,0,0,0,0,0,0,0,0,0,0,,
02503,中深建業,2026-07-06,1,0,0.176,0.176,eod_proxy,0,46,37.5,31.8182,53.4091,,53.4091,0.0,0,0,0,0,0,0,0,0,0,0,0,0,,
02505,EDA集團控股,2025-10-21,1,0,2.12,2.12,eod_proxy,0,216,-7.5472,-6.1321,-25.0,-22.1698,0.0,-25.0,0,0,0,0,0,0,0,0,0,0,0,0,,
02515,天津建發,2026-01-02,1,0,0.91,0.91,eod_proxy,0,167,-3.2967,2.1978,17.5824,13.1868,18.6813,-5.4945,0,0,0,0,0,0,1,0,0,1,0,0,PLACING,40
02516,泛遠國際,2025-10-30,1,0,0.67,0.67,eod_proxy,0,210,-11.9403,-1.4925,-1.4925,61.194,2.9851,-23.8806,0,0,0,0,0,0,1,0,0,1,0,0,PLACING,13
02521,升輝清潔,2025-07-21,1,0,0.32,0.32,eod_proxy,0,280,-1.5625,-3.125,6.25,10.9375,6.25,-6.25,0,0,0,0,0,0,0,0,0,0,0,0,,
02528,尚晉國際控股,2025-10-06,1,0,0.202,0.202,eod_proxy,0,226,6.4356,18.3168,31.1881,36.1386,33.6634,6.4356,0,0,0,0,0,0,0,0,0,0,0,0,,
02529,泓盈城市服務,2026-03-24,1,0,2.756,2.756,eod_proxy,0,113,2.5399,4.3541,4.3541,-1.6691,4.717,-0.3628,0,0,0,0,0,0,0,0,0,0,0,0,,
02530,紐曼思,2025-06-27,1,0,0.635,0.635,eod_proxy,0,295,0.0,3.1496,4.7244,-6.2992,4.7244,-1.5748,0,0,0,0,0,0,0,0,0,0,0,0,,
02535,泓基集團,2026-07-24,1,0,0.445,0.445,eod_proxy,0,28,4.4944,7.8652,103.3708,,103.3708,0.0,0,0,0,0,0,0,1,1,0,0,0,0,GO,11
02536,百樂皇宮,2026-06-24,1,0,1.19,1.19,eod_proxy,0,53,-0.8403,-5.042,-20.1681,,0.0,-21.0084,0,0,0,0,0,0,0,0,0,0,0,0,,
02539,樂摩科技,2026-07-15,1,0,9.01,9.01,eod_proxy,0,39,18.202,49.7225,26.3041,,49.7225,1.3319,0,0,0,0,0,0,0,0,0,0,0,0,,
02540,樂思集團,2025-06-30,1,0,1.31,1.31,eod_proxy,0,294,12.9771,18.3206,25.1908,13.7405,29.0076,6.1069,0,0,0,0,0,0,0,0,0,0,0,0,,
02543,大行科工,2026-06-05,1,0,28.5,28.5,eod_proxy,0,65,10.1754,-2.8772,-8.1404,26.386,10.1754,-11.2982,0,0,0,0,0,0,0,0,0,0,0,0,,
02545,中贛通信,2025-07-22,1,0,0.52,0.52,eod_proxy,0,279,-5.7692,25.0,23.0769,-1.9231,44.2308,-5.7692,0,0,0,0,0,0,0,0,0,0,0,0,,
02562,獅騰控股,2026-06-11,1,0,1.92,1.92,eod_proxy,0,61,-10.4167,-26.5625,-29.6875,-60.1562,3.6458,-29.6875,0,0,0,0,0,0,0,0,0,0,0,0,,
02573,新琪安,2025-11-11,1,0,9.15,9.15,eod_proxy,0,202,-6.9945,-2.4044,-5.0273,-24.5902,3.8251,-6.9945,0,0,0,0,0,0,0,0,0,0,0,0,,
02581,明基醫院,2026-06-03,1,0,2.94,2.94,eod_proxy,0,67,-15.9864,-16.6667,-15.3061,-4.932,-6.1224,-18.3673,0,0,0,0,0,0,0,0,0,0,0,0,,
02593,草姬集團,2026-05-05,1,0,1.1,1.1,eod_proxy,0,87,6.3636,0.9091,-5.4545,-15.4545,7.2727,-9.0909,0,0,0,0,0,0,0,0,0,0,0,0,,
02605,MetaLight,2026-03-26,1,0,1.79,1.79,eod_proxy,0,111,11.1732,-5.5866,-21.2291,-36.3128,12.8492,-21.2291,0,0,0,0,0,0,0,0,0,0,0,0,,
02608,陽光100中國,2025-07-18,1,0,0.012,0.012,eod_proxy,0,281,8.3333,25.0,8.3333,0.0,33.3333,0.0,0,0,0,0,0,0,0,0,0,0,0,0,,
02621,手回集團,2026-05-19,1,0,3.06,3.06,eod_proxy,0,77,-0.3268,3.268,9.4771,-10.1307,10.1307,-1.634,0,0,0,0,0,0,0,0,0,0,0,0,,
02623,香港黃金產業集團,2025-10-13,1,0,1.493,1.493,eod_proxy,0,222,,,180.8439,181.7816,,,0,0,0,0,0,0,1,1,1,0,0,0,GO,22
02625,江蘇宏信,2025-08-01,1,0,2.6,2.6,eod_proxy,0,271,5.3846,9.2308,10.3846,23.4615,19.6154,-1.9231,0,0,0,0,0,0,1,0,0,1,0,0,PLACING,102
02651,大眾口腔,2025-08-15,1,0,15.734,15.734,eod_proxy,0,261,-8.7708,-11.4402,-15.2536,-33.0494,-3.6863,-15.3807,0,0,0,0,0,0,0,0,0,0,0,0,,
02663,應力控股,2025-09-01,1,0,0.305,0.305,eod_proxy,0,250,4.918,4.918,3.2787,-9.8361,6.5574,3.2787,0,0,0,0,0,0,0,0,0,0,0,0,,
02671,美聯股份,2026-01-29,1,0,4.576,4.576,eod_proxy,0,148,-31.4685,-19.6678,-29.9388,-21.6346,-13.1119,-31.4685,0,0,0,0,0,0,0,0,0,0,0,0,,
02680,南強控股,2025-09-11,1,0,4.87,4.87,eod_proxy,0,242,2.0534,16.2218,64.271,123.2033,,,0,0,0,0,0,0,1,1,0,0,0,0,GO,29
02682,潤利海事,2025-06-27,1,0,0.108,0.108,eod_proxy,0,295,-2.7778,22.2222,17.5926,50.0,24.0741,-3.7037,0,0,0,0,0,0,0,0,0,0,0,0,,
02683,華新手袋國際控股,2025-11-13,1,0,1.02,1.02,eod_proxy,0,200,-4.902,3.9216,12.7451,23.5294,16.6667,-4.902,0,0,0,0,0,0,0,0,0,0,0,0,,
02695,印象大紅袍,2026-08-13,1,0,1.35,1.35,eod_proxy,0,18,-3.3333,-5.9259,,,1.4815,-12.2222,0,0,0,0,0,0,0,0,0,0,0,0,,
02699,新明中國,2025-06-26,1,0,11.171,11.171,eod_proxy,0,296,-18.5391,-17.9035,8.6384,37.0871,16.9457,-21.0993,0,0,0,0,0,0,0,0,0,0,0,0,,
02728,金泰能源控股,2025-08-06,1,0,0.031,0.031,eod_proxy,0,268,-6.4516,0.0,9.6774,-6.4516,16.129,-6.4516,0,0,0,0,0,0,0,0,0,0,0,0,,
02738,華津國際控股,2025-07-14,1,0,0.425,0.425,eod_proxy,0,285,-17.6471,-20.0,-21.1765,-32.9412,-8.2353,-25.8824,0,0,0,0,0,0,0,0,0,0,0,0,,
02779,中國新華教育,2026-04-01,1,0,0.5,0.5,eod_proxy,0,107,0.0,0.0,-8.0,-38.0,2.0,-8.0,0,0,0,0,0,0,0,0,0,0,0,0,,
02789,遠大中國,2025-08-15,1,0,0.103,0.103,eod_proxy,0,261,25.2427,20.3883,7.767,41.7476,35.9223,6.7961,0,0,0,0,0,0,0,0,0,0,0,0,,
02863,高豐集團控股,2025-11-10,1,0,0.365,0.365,eod_proxy,0,203,-1.3699,-1.3699,1.3699,-9.589,1.3699,-5.4795,0,0,0,0,0,0,0,0,0,0,0,0,,
02878,晶門半導體,2026-07-17,1,0,0.29,0.29,eod_proxy,0,37,-3.4483,-6.8966,-6.8966,,0.0,-8.6207,0,0,0,0,0,0,0,0,0,0,0,0,,
02881,武漢有機,2026-03-16,1,0,5.612,5.612,eod_proxy,0,119,12.8297,24.0556,13.5424,126.3008,30.6486,12.8297,0,0,0,0,0,0,0,0,0,0,0,0,,
02882,金至尊集團,2025-08-20,1,0,1.02,1.02,eod_proxy,0,258,-31.3725,-26.4706,-27.451,-42.1569,-5.8824,-34.3137,0,0,0,0,0,0,0,0,0,0,0,0,,
02885,彼岸控股,2025-08-15,1,0,0.552,0.552,eod_proxy,0,261,5.4348,10.8696,22.4638,9.7826,24.2754,3.6232,0,0,0,0,0,0,0,0,0,0,0,0,,
03300,中國玻璃,2025-07-02,1,0,0.365,0.365,eod_proxy,0,293,-8.2192,-5.4795,-2.7397,-26.0274,8.2192,-9.589,0,0,0,0,0,0,0,0,0,0,0,0,,
03301,融信中國,2025-07-10,1,0,0.233,0.233,eod_proxy,0,287,-10.7296,-7.7253,-9.8712,-14.1631,-4.721,-14.1631,0,0,0,0,0,0,0,0,0,0,0,0,,
03302,精技集團,2025-08-08,1,0,0.179,0.179,eod_proxy,0,266,-7.8212,-5.0279,-13.4078,23.4637,-1.676,-13.4078,0,0,0,0,0,0,0,0,0,0,0,0,,
03313,雅高控股,2025-10-02,1,0,1.62,1.62,eod_proxy,0,228,-4.321,-8.642,-10.4938,-1.8519,0.0,-13.5802,0,0,0,0,0,0,1,0,0,1,0,0,PLACING,64
03315,金邦達寶嘉,2025-08-14,1,0,1.09,1.09,eod_proxy,0,262,7.3394,8.2569,3.6697,-16.5138,11.9266,-7.3394,0,0,0,0,0,0,0,0,0,0,0,0,,
03321,中科集團控股,2025-07-22,1,0,0.59,0.59,eod_proxy,0,279,-5.0847,11.8644,10.1695,-6.7797,15.2542,-5.0847,0,0,0,0,0,0,0,0,0,0,0,0,,
03322,永嘉集團,2026-02-24,1,0,0.237,0.237,eod_proxy,0,133,-9.2827,-10.9705,-7.5949,-9.7046,0.4219,-13.5021,0,0,0,0,0,0,0,0,0,0,0,0,,
03329,交銀國際,2025-06-26,1,0,0.325,0.325,eod_proxy,0,296,1.5385,158.4615,100.0,72.3077,158.4615,0.0,0,0,0,0,0,0,0,0,0,0,0,0,,
03348,中國鵬飛集團,2025-09-02,1,0,0.981,0.981,eod_proxy,0,249,1.0194,6.1162,9.1743,28.5423,10.1937,0.0,0,0,0,0,0,0,0,0,0,0,0,0,,
03366,華僑城(亞洲),2025-11-10,1,0,0.275,0.275,eod_proxy,0,203,23.6364,21.8182,1.8182,5.4545,36.3636,1.8182,0,0,0,0,0,0,0,0,0,0,0,0,,
03368,百盛集團,2025-07-04,1,0,0.07,0.07,eod_proxy,0,291,0.0,2.8571,25.7143,104.2857,35.7143,-1.4286,0,0,0,0,0,0,0,0,0,0,0,0,,
03389,亨得利,2025-06-27,1,0,0.128,0.128,eod_proxy,0,295,-7.8125,-1.5625,0.0,0.0,1.5625,-11.7188,0,0,0,0,0,0,1,1,0,0,0,0,GO,154
03390,滿貫集團,2026-01-16,1,0,0.345,0.345,eod_proxy,0,157,-2.8986,-2.8986,-7.2464,-23.1884,7.2464,-8.6957,0,0,0,0,0,0,0,0,0,0,0,0,,
03395,吉星新能源,2025-08-28,1,0,0.335,0.335,eod_proxy,0,252,8.9552,2.9851,8.9552,-25.3731,40.2985,0.0,0,0,0,0,0,0,1,0,0,1,0,0,PLACING,46
03398,華鼎控股,2026-04-23,1,0,0.127,0.127,eod_proxy,0,94,-28.3465,-18.8976,-6.2992,-10.2362,-5.5118,-32.2835,0,0,0,0,0,0,0,0,0,0,0,0,,
03401,GXAI基礎設施,2026-07-17,1,0,96.36,96.36,eod_proxy,0,37,3.6322,0.9755,8.4475,,9.2777,-5.3757,0,0,0,0,0,0,0,0,0,0,0,0,,
03404,華夏印度,2026-07-20,1,0,6.36,6.36,eod_proxy,0,36,-0.1572,2.9874,2.2799,,3.3019,-1.7296,0,0,0,0,0,0,0,0,0,0,0,0,,
03406,平安科技精選,2026-07-28,1,0,14.59,14.59,eod_proxy,0,30,4.5922,5.6888,1.645,,7.0596,0.5483,0,0,0,0,0,0,0,0,0,0,0,0,,
03410,恆生日本東證一百,2026-07-17,1,0,6.735,6.735,eod_proxy,0,37,2.4499,4.4543,9.8738,,9.8738,0.9651,0,0,0,0,0,0,0,0,0,0,0,0,,
03411,PP亞洲美債,2026-09-01,1,0,77.18,77.18,eod_proxy,0,5,-0.2591,,,,-0.0518,-0.285,0,0,0,0,0,0,0,0,0,0,0,0,,
03418,華夏數字黃金,2026-08-05,1,0,33.7,33.7,eod_proxy,0,24,5.6973,4.3323,3.5608,,11.0979,2.2552,0,0,0,0,0,0,0,0,0,0,0,0,,
03428,GX國壽港美,2026-08-19,1,0,11.2,11.2,eod_proxy,0,14,1.1607,2.5,,,4.2857,0.8929,0,0,0,0,0,0,0,0,0,0,0,0,,
03435,恆生招商七十美債,2026-07-20,1,0,74.22,74.22,eod_proxy,0,36,-0.4312,-0.6737,-0.2425,,-0.0539,-0.8892,0,0,0,0,0,0,0,0,0,0,0,0,,
03444,恆生香港股票,2026-08-20,1,0,7.61,7.61,eod_proxy,0,13,-0.7227,-2.1682,,,0.9198,-2.1682,0,0,0,0,0,0,0,0,0,0,0,0,,
03448,GX中國科技,2026-08-21,1,0,120.5,120.5,eod_proxy,0,12,-1.4523,-6.0166,,,-0.249,-6.0996,0,0,0,0,0,0,0,0,0,0,0,0,,
03450,GX35美債,2026-07-16,1,0,55.44,55.44,eod_proxy,0,38,-0.1804,-0.3247,0.1082,,0.2886,-0.4329,0,0,0,0,0,0,0,0,0,0,0,0,,
03460,華夏SOL,2026-08-04,1,0,2.952,2.952,eod_proxy,0,25,2.9133,3.0488,40.3117,,44.6477,-1.1518,0,0,0,0,0,0,0,0,0,0,0,0,,
03477,平安東西精選,2026-07-28,1,0,17.12,17.12,eod_proxy,0,30,1.6939,2.979,3.3879,,3.6799,1.2266,0,0,0,0,0,0,0,0,0,0,0,0,,
03601,魯大師,2025-12-16,1,0,0.9,0.9,eod_proxy,0,177,2.2222,0.0,1.1111,-8.8889,3.3333,-4.4444,0,0,0,0,0,0,0,0,0,0,0,0,,
03603,信基沙溪,2025-08-12,1,0,0.055,0.055,eod_proxy,0,264,-3.6364,-16.3636,-18.1818,0.0,1.8182,-25.4545,0,0,0,0,0,0,0,0,0,0,0,0,,
03623,中國金融發展,2025-11-17,1,0,1.26,1.26,eod_proxy,0,198,1.5873,-3.9683,-15.0794,-30.1587,2.381,-17.4603,0,0,0,0,0,0,0,0,0,0,0,0,,
03626,啟明東方控股,2025-10-31,1,0,3.2,3.2,eod_proxy,0,209,-9.0625,28.4375,22.8125,-27.5,54.375,-24.6875,0,0,0,0,0,0,0,0,0,0,0,0,,
03639,億達中國,2025-07-14,1,0,0.095,0.095,eod_proxy,0,285,14.7368,6.3158,-8.4211,-26.3158,14.7368,-21.0526,0,0,0,0,0,0,0,0,0,0,0,0,,
03662,星悅康旅,2026-03-25,1,0,0.385,0.385,eod_proxy,0,112,-22.0779,-22.0779,-24.6753,-9.0909,1.2987,-24.6753,0,0,0,0,0,0,0,0,0,0,0,0,,
03666,上海小南國,2025-08-22,1,0,0.051,0.051,eod_proxy,0,148,-21.5686,-29.4118,-31.3725,-31.3725,-15.6863,-31.3725,0,0,0,0,0,0,1,0,0,1,0,0,PLACING,178
03683,榮豐億控股,2025-07-25,1,0,0.085,0.085,eod_proxy,0,276,1.1765,1.1765,11.7647,-2.3529,11.7647,-1.1765,0,0,0,0,0,0,0,0,0,0,0,0,,
03686,祈福生活服務,2026-08-18,1,0,0.495,0.495,eod_proxy,0,15,0.0,-6.0606,,,0.0,-7.0707,0,0,0,0,0,0,0,0,0,0,0,0,,
03688,萊蒙國際,2025-08-11,1,0,0.42,0.42,eod_proxy,0,265,-8.3333,-3.5714,9.5238,0.0,14.2857,-11.9048,0,0,0,0,0,0,0,0,0,0,0,0,,
03689,康華醫療,2025-12-05,1,0,1.88,1.88,eod_proxy,0,184,-6.383,-6.383,-13.2979,-14.3617,-1.5957,-18.617,0,0,0,0,0,0,0,0,0,0,0,0,,
03708,中國供應鏈產業,2025-09-11,1,0,0.21,0.21,eod_proxy,0,242,-4.7619,4.7619,4.7619,90.4762,9.5238,-14.2857,0,0,0,0,0,0,1,0,0,0,1,0,CONSOLIDATION,89
03728,正利控股,2025-08-05,1,0,0.048,0.048,eod_proxy,0,269,62.5,66.6667,66.6667,31.25,89.5833,29.1667,0,0,0,0,0,0,0,0,0,0,0,0,,
03773,銀盛數惠,2025-10-03,1,0,1.64,1.64,eod_proxy,0,227,7.3171,5.4878,4.2683,0.0,7.3171,0.0,0,0,0,0,0,0,0,0,0,0,0,0,,
03778,中國織材控股,2025-09-12,1,0,3.05,3.05,eod_proxy,0,241,0.0,0.0,0.0,4.918,0.0,0.0,0,0,0,0,0,0,0,0,0,0,0,0,,
03789,禦佳控股,2026-01-16,1,0,0.11,0.11,eod_proxy,0,157,-10.0,-10.9091,-20.0,8.1818,-2.7273,-28.1818,0,0,0,0,0,0,0,0,0,0,0,0,,
03816,KFM金德,2025-09-11,1,0,0.49,0.49,eod_proxy,0,242,-4.0816,4.0816,-2.0408,-12.2449,8.1633,-8.1633,0,0,0,0,0,0,0,0,0,0,0,0,,
03822,三和建築集團,2025-09-02,1,0,0.96,0.96,eod_proxy,0,249,-4.1667,-8.3333,-9.375,36.4583,0.0,-9.375,0,0,0,0,0,0,0,0,0,0,0,0,,
03828,明輝國際,2025-08-27,1,0,0.83,0.83,eod_proxy,0,253,3.6145,14.4578,14.4578,8.4337,18.0723,0.0,0,0,0,0,0,0,0,0,0,0,0,0,,
03830,童園國際,2026-01-29,1,0,0.1,0.1,eod_proxy,0,148,63.0,54.0,69.0,86.0,69.0,6.0,0,0,0,0,0,0,0,0,0,0,0,0,,
03860,EPS創健科技,2025-07-28,1,0,0.47,0.47,eod_proxy,0,275,3.1915,3.1915,8.5106,6.383,14.8936,-1.0638,0,0,0,0,0,0,0,0,0,0,0,0,,
03878,VICON HOLDINGS,2026-01-15,1,0,0.243,0.243,eod_proxy,0,158,-10.6996,-8.642,2.8807,-10.2881,2.8807,-14.8148,0,0,0,0,0,0,0,0,0,0,0,0,,
03882,天彩控股,2025-07-28,1,0,0.83,0.83,eod_proxy,0,275,12.0482,16.8675,-8.4337,-10.8434,24.0964,-9.6386,0,0,0,0,0,0,0,0,0,0,0,0,,
03883,中國奧園,2026-01-29,1,0,0.097,0.097,eod_proxy,0,148,-9.2784,-14.433,-26.8041,-37.1134,-7.2165,-26.8041,0,0,0,0,0,0,0,0,0,0,0,0,,
03893,易緯集團,2025-08-20,1,0,0.208,0.208,eod_proxy,0,258,82.6923,39.4231,250.9615,400.0,250.9615,16.8269,0,0,0,0,0,0,0,0,0,0,0,0,,
03913,合景悠活,2026-02-12,1,0,0.226,0.226,eod_proxy,0,138,-2.6549,-4.4248,-11.5044,-13.2743,-0.4425,-11.5044,0,0,0,0,0,0,0,0,0,0,0,0,,
03919,金力集團,2025-10-27,1,0,1.36,1.36,eod_proxy,0,212,17.6471,16.1765,-7.3529,11.0294,31.6176,-7.3529,0,0,0,0,0,0,0,0,0,0,0,0,,
03938,LFG投資控股,2025-07-18,1,0,0.198,0.198,eod_proxy,0,281,102.0202,228.2828,253.5354,309.0909,288.8889,17.1717,0,0,0,0,0,0,1,1,0,0,0,0,GO,175
03997,電訊首科,2026-04-20,1,0,1.25,1.25,eod_proxy,0,97,20.8,45.6,53.6,56.0,53.6,12.0,0,0,0,0,0,0,0,0,0,0,0,0,,
06033,電訊數碼控股,2025-07-30,1,0,0.75,0.75,eod_proxy,0,273,-2.6667,-6.6667,-2.6667,-6.6667,1.3333,-9.3333,0,0,0,0,0,0,0,0,0,0,0,0,,
06036,光麗科技,2026-04-28,1,0,0.8,0.8,eod_proxy,0,91,11.25,17.5,21.25,46.25,86.25,-3.75,0,0,0,0,0,0,0,0,0,0,0,0,,
06038,信越控股,2025-08-28,1,0,0.213,0.213,eod_proxy,0,252,-5.1643,-9.3897,-12.2066,-9.3897,-0.4695,-12.2066,0,0,0,0,0,0,0,0,0,0,0,0,,
06063,智中國際,2025-07-16,1,0,0.2,0.2,eod_proxy,0,279,-18.0,-20.5,-17.5,-3.0,-9.0,-20.5,0,0,0,0,0,0,0,0,0,0,0,0,,
06068,光正教育,2025-08-01,1,0,0.131,0.131,eod_proxy,0,271,-4.5802,-3.0534,-2.2901,-3.0534,6.8702,-8.3969,0,0,0,0,0,0,0,0,0,0,0,0,,
06080,榮智控股,2025-08-29,1,0,0.122,0.122,eod_proxy,0,251,9.0164,19.6721,34.4262,1.6393,40.9836,9.0164,0,0,0,0,0,0,0,0,0,0,0,0,,
06083,環宇物流(亞洲),2026-03-05,1,0,0.518,0.518,eod_proxy,0,126,9.6525,-1.9305,0.0,67.5676,9.6525,-5.7915,0,0,0,0,0,0,1,1,0,0,0,0,GO,134
06108,新銳醫藥,2025-09-17,1,0,0.42,0.42,eod_proxy,0,238,-7.1429,-5.9524,-13.0952,-39.2857,-2.381,-13.0952,0,0,0,0,0,0,1,0,0,1,0,0,PLACING,79
06113,比特策略,2026-06-16,1,0,1.48,1.48,eod_proxy,0,58,7.4324,10.1351,-6.7568,,12.8378,-11.4865,0,0,0,0,0,0,0,0,0,0,0,0,,
06118,奧星生命科技,2025-06-26,1,0,0.7,0.7,eod_proxy,0,296,1.4286,-2.8571,157.1429,58.5714,157.1429,-4.2857,0,0,0,0,0,0,0,0,0,0,0,0,,
06119,天源集團,2025-08-12,1,0,0.49,0.49,eod_proxy,0,153,-2.0408,2.0408,2.0408,40.8163,4.0816,-4.0816,0,0,0,0,0,0,0,0,0,0,0,0,,
06123,圓通國際快遞,2026-08-10,1,0,1.3,1.3,eod_proxy,0,21,11.1538,-8.4615,-7.6923,,11.1538,-11.5385,0,0,0,0,0,0,0,0,0,0,0,0,,
06128,烯石電車新材料,2026-02-03,1,0,0.236,0.236,eod_proxy,0,145,-61.0169,-65.2542,-74.1525,-80.5085,-24.1525,-75.4237,0,0,0,0,0,0,0,0,0,0,0,0,,
06136,康達環保,2025-07-02,1,0,0.365,0.365,eod_proxy,0,293,-6.8493,-6.8493,-4.1096,1.3699,1.3699,-8.2192,0,0,0,0,0,0,1,1,0,0,0,0,GO,19
06158,正榮地產,2025-07-10,1,0,0.046,0.046,eod_proxy,0,287,-6.5217,0.0,17.3913,-10.8696,23.913,-6.5217,0,0,0,0,0,0,0,0,0,0,0,0,,
06162,天瑞汽車內飾,2025-09-02,1,0,0.135,0.135,eod_proxy,0,249,55.5556,79.2593,92.5926,270.3704,92.5926,33.3333,0,0,0,0,0,0,0,0,0,0,0,0,,
06163,彭順國際,2026-03-17,1,0,0.3,0.3,eod_proxy,0,118,3.3333,-5.0,-8.3333,45.0,3.3333,-10.0,0,0,0,0,0,0,0,0,0,0,0,0,,
06182,乙德投資控股,2025-08-20,1,0,0.365,0.365,eod_proxy,0,258,2.7397,-10.9589,36.9863,72.6027,39.726,-21.9178,0,0,0,0,0,0,1,1,0,0,0,0,GO,76
06188,迪信通,2025-07-21,1,0,0.405,0.405,eod_proxy,0,280,-16.0494,-24.6914,174.0741,3.7037,223.4568,-24.6914,0,0,0,0,0,0,0,0,0,0,0,0,,
06193,泰林科建,2025-11-13,1,0,0.243,0.243,eod_proxy,0,200,-5.3498,4.9383,6.9959,23.4568,6.9959,-6.5844,0,0,0,0,0,0,0,0,0,0,0,0,,
06610,飛天雲動,2026-03-24,1,0,1.17,1.17,eod_proxy,0,113,-27.3504,-26.4957,44.4444,-30.7692,64.9573,-31.6239,0,0,0,0,0,0,1,0,1,0,0,0,RIGHTS,113
06663,國際永勝集團,2025-07-08,1,0,0.317,0.317,eod_proxy,0,289,-20.5047,-22.082,-25.5521,-17.9811,0.0,-27.7603,0,0,0,0,0,0,0,0,0,0,0,0,,
06676,找鋼網-W,2026-07-10,1,0,0.63,0.63,eod_proxy,0,42,14.2857,4.7619,19.8413,,28.5714,-20.6349,0,0,0,0,0,0,0,0,0,0,0,0,,
06677,遠洋服務,2025-07-14,1,0,0.658,0.658,eod_proxy,0,285,-6.079,-10.6383,-12.1581,-29.6353,-6.079,-13.6778,0,0,0,0,0,0,0,0,0,0,0,0,,
06696,多想雲,2025-09-05,1,0,0.503,0.503,eod_proxy,0,137,-0.5964,0.3976,-0.7952,-2.5845,0.3976,-1.1928,0,0,0,0,0,0,0,0,0,0,0,0,,
06811,太興集團,2025-08-11,1,0,0.905,0.905,eod_proxy,0,265,4.4199,6.6298,12.1547,21.547,12.1547,1.105,0,0,0,0,0,0,0,0,0,0,0,0,,
06812,永順控股香港,2026-01-30,1,0,0.305,0.305,eod_proxy,0,147,-11.4754,-3.2787,-1.6393,4.918,4.918,-14.7541,0,0,0,0,0,0,0,0,0,0,0,0,,
06816,瑞港建設,2025-08-15,1,0,0.26,0.26,eod_proxy,0,261,9.6154,0.0,9.6154,-19.6154,23.0769,-24.6154,0,0,0,0,0,0,0,0,0,0,0,0,,
06820,友誼時光,2026-08-21,1,0,0.365,0.365,eod_proxy,0,12,-2.7397,-2.7397,,,0.0,-5.4795,0,0,0,0,0,0,0,0,0,0,0,0,,
06828,北京燃氣藍天,2025-12-10,1,0,0.034,0.034,eod_proxy,0,181,0.0,-2.9412,-2.9412,11.7647,2.9412,-5.8824,0,0,0,0,0,0,0,0,0,0,0,0,,
06829,龍升集團控股,2025-10-06,1,0,1.88,1.88,eod_proxy,0,226,-1.5957,-2.6596,-4.7872,52.6596,3.7234,-17.5532,0,0,0,0,0,0,0,0,0,0,0,0,,
06830,華眾車載,2025-10-16,1,0,0.292,0.292,eod_proxy,0,219,-6.8493,-6.8493,-10.274,-18.8356,-1.7123,-10.274,0,0,0,0,0,0,0,0,0,0,0,0,,
06839,雲南水務,2025-10-14,1,0,0.18,0.18,eod_proxy,0,221,10.0,3.3333,-3.8889,-17.2222,10.0,-5.5556,0,0,0,0,0,0,0,0,0,0,0,0,,
06860,指尖悅動,2025-07-18,1,0,0.238,0.238,eod_proxy,0,281,-4.2017,-0.8403,-6.3025,-23.5294,1.6807,-7.563,0,0,0,0,0,0,0,0,0,0,0,0,,
06866,佐力科創,2025-06-26,1,0,0.281,0.281,eod_proxy,0,296,-3.9146,3.2028,1.4235,6.7616,6.7616,-3.9146,0,0,0,0,0,0,0,0,0,0,0,0,,
06877,TE HEALTHCARE,2025-12-08,1,0,0.145,0.145,eod_proxy,0,183,2.7586,7.5862,-3.4483,17.2414,7.5862,-3.4483,0,0,0,0,0,0,0,0,0,0,0,0,,
06882,東瀛遊,2025-06-26,1,0,0.575,0.575,eod_proxy,0,296,3.4783,5.2174,3.4783,-12.1739,5.2174,-3.4783,0,0,0,0,0,0,0,0,0,0,0,0,,
06885,金馬能源,2025-07-28,1,0,1.02,1.02,eod_proxy,0,275,47.0588,54.902,19.6078,34.3137,54.902,10.7843,0,0,0,0,0,0,0,0,0,0,0,0,,
06890,康利國際控股,2026-05-12,1,0,0.52,0.52,eod_proxy,0,82,73.0769,50.0,-21.1538,62.5,119.2308,-21.1538,0,0,0,0,0,0,0,0,0,0,0,0,,
06893,衍生集團,2025-08-07,1,0,0.216,0.216,eod_proxy,0,267,31.9444,18.0556,-1.3889,-12.963,31.9444,-12.963,0,0,0,0,0,0,0,0,0,0,0,0,,
06898,中國鋁罐,2025-07-09,1,0,0.797,0.797,eod_proxy,0,288,3.7641,-6.2735,-1.2547,-7.4028,10.0376,-6.2735,0,0,0,0,0,0,0,0,0,0,0,0,,
06908,宏光半導體,2025-08-18,1,0,0.67,0.67,eod_proxy,0,260,-5.9701,-11.9403,-14.9254,-32.8358,0.0,-19.403,0,0,0,0,0,0,1,0,0,1,0,0,PLACING,106
06909,百得利控股,2025-10-06,1,0,0.517,0.517,eod_proxy,0,226,5.8027,5.8027,-16.441,-23.2108,5.8027,-16.441,0,0,0,0,0,0,0,0,0,0,0,0,,
06911,瀾滄古茶,2026-03-04,1,0,2.51,2.51,eod_proxy,0,127,0.0,21.5139,19.5219,-5.1793,21.9124,-0.3984,0,0,0,0,0,0,0,0,0,0,0,0,,
06913,華南職業教育,2025-06-30,1,0,0.26,0.26,eod_proxy,0,294,0.0,3.8462,7.6923,17.3077,7.6923,0.0,0,0,0,0,0,0,0,0,0,0,0,0,,
06918,九泰數智,2025-08-04,1,0,0.161,0.161,eod_proxy,0,270,-4.3478,18.0124,6.8323,19.2547,77.0186,-4.3478,0,0,0,0,0,0,0,0,0,0,0,0,,
06919,人瑞人才,2025-07-23,1,0,4.61,4.61,eod_proxy,0,278,-0.8677,-1.9523,1.9523,6.0738,2.1692,-9.1106,0,0,0,0,0,0,0,0,0,0,0,0,,
06928,萬馬控股,2025-11-19,1,0,0.3,0.3,eod_proxy,0,196,-10.0,-16.6667,-26.6667,-20.0,0.0,-28.6667,0,0,0,0,0,0,0,0,0,0,0,0,,
06933,新娛科控股,2025-07-16,1,0,0.42,0.42,eod_proxy,0,283,-2.381,-2.381,-1.1905,-14.2857,9.5238,-8.3333,0,0,0,0,0,0,0,0,0,0,0,0,,
06939,美佳音控股,2025-09-22,1,0,0.44,0.44,eod_proxy,0,235,36.3636,38.6364,20.4545,50.0,40.9091,0.0,0,0,0,0,0,0,1,1,0,1,0,0,GO,123
06959,長久股份,2026-05-11,1,0,3.92,3.92,eod_proxy,0,83,-1.5306,-16.8367,-13.5204,-10.9694,4.5918,-20.9184,0,0,0,0,0,0,0,0,0,0,0,0,,
06968,港龍中國地產,2025-07-10,1,0,0.085,0.085,eod_proxy,0,287,9.4118,5.8824,2.3529,-1.1765,10.5882,-2.3529,0,0,0,0,0,0,0,0,0,0,0,0,,
06978,永泰生物-B,2026-04-29,1,0,1.05,1.05,eod_proxy,0,90,-19.0476,-15.2381,-25.7143,-65.2381,6.6667,-29.5238,0,0,0,0,0,0,0,0,0,0,0,0,,
06988,樂享集團,2025-07-24,1,0,0.154,0.154,eod_proxy,0,277,-10.3896,-15.5844,-17.5325,-15.5844,-6.4935,-21.4286,0,0,0,0,0,0,0,0,0,0,0,0,,
06989,卓越商企服務,2026-02-04,1,0,0.78,0.78,eod_proxy,0,144,3.8462,3.8462,-6.4103,-1.2821,3.8462,-6.4103,0,0,0,0,0,0,0,0,0,0,0,0,,
07777,南方東英 Berkshire 每日槓桿最多 (2x) 產品,2026-08-10,1,0,62.08,62.08,eod_proxy,0,21,-8.0863,-10.7925,-9.0206,,1.482,-10.7925,0,0,0,0,0,0,0,0,0,0,0,0,,
08003,世大控股,2025-08-07,1,0,0.184,0.184,eod_proxy,0,267,-3.8043,-20.1087,-29.8913,-29.3478,-3.8043,-44.0217,0,0,0,0,0,0,0,0,0,0,0,0,,
08007,環球戰略集團,2025-07-21,1,0,0.237,0.237,eod_proxy,0,280,4.2194,7.5949,0.0,9.7046,9.7046,-1.6878,0,0,0,0,0,0,0,0,0,0,0,0,,
08018,匯財金融投資,2025-07-07,1,0,0.038,0.038,eod_proxy,0,290,-2.6316,0.0,-18.4211,15.7895,18.4211,-18.4211,0,0,0,0,0,0,0,0,0,0,0,0,,
08019,皓文控股,2025-12-01,1,0,0.181,0.181,eod_proxy,0,188,-2.7624,-5.5249,-28.1768,32.5967,0.0,-29.8343,0,0,0,0,0,0,0,0,0,0,0,0,,
08021,匯隆控股,2025-08-05,1,0,0.8,0.8,eod_proxy,0,269,5.0,5.0,-10.0,-25.0,15.0,-10.0,0,0,0,0,0,0,0,0,0,0,0,0,,
08023,鄺文記,2025-11-11,1,0,0.31,0.31,eod_proxy,0,202,20.9677,19.3548,-8.0645,11.2903,22.5806,-9.6774,0,0,0,0,0,0,0,0,0,0,0,0,,
08026,朗華國際集團,2025-08-28,1,0,0.375,0.375,eod_proxy,0,252,5.3333,2.6667,16.0,9.3333,16.0,-4.0,0,0,0,0,0,0,0,0,0,0,0,0,,
08027,吉輝控股,2025-09-12,1,0,0.1,0.1,eod_proxy,0,241,41.0,30.0,29.0,76.0,80.0,20.0,0,0,0,0,0,0,0,0,0,0,0,0,,
08028,天時資源,2025-08-21,1,0,0.32,0.32,eod_proxy,0,257,-9.375,-9.375,-12.5,-22.5,-3.125,-14.0625,0,0,0,0,0,0,0,0,0,0,0,0,,
08029,中投金融科技集團,2025-10-06,1,0,1.06,1.06,eod_proxy,0,226,10.3774,23.5849,11.3208,12.2642,36.7925,4.717,0,0,0,0,0,0,0,0,0,0,0,0,,
08031,易通訊集團,2026-01-20,1,0,0.69,0.69,eod_proxy,0,155,-27.5362,-24.6377,-27.5362,-44.9275,0.0,-28.9855,0,0,0,0,0,0,1,0,0,1,0,0,PLACING,132
08035,駿高控股,2025-08-05,1,0,0.09,0.09,eod_proxy,0,269,-4.4444,-21.1111,-21.1111,-31.1111,5.5556,-22.2222,0,0,0,0,0,0,0,0,0,0,0,0,,
08036,電子交易集團,2026-01-20,1,0,0.023,0.023,eod_proxy,0,155,4.3478,-8.6957,13.0435,39.1304,13.0435,-8.6957,0,0,0,0,0,0,0,0,0,0,0,0,,
08037,中國生物科技服務,2026-07-07,1,0,0.59,0.59,eod_proxy,0,45,13.5593,11.8644,6.7797,,20.339,1.6949,0,0,0,0,0,0,0,0,0,0,0,0,,
08042,高奧士人才集團,2026-05-21,1,0,0.083,0.083,eod_proxy,0,75,-24.0964,-3.6145,-6.0241,-8.4337,-1.2048,-27.7108,0,0,0,0,0,0,0,0,0,0,0,0,,
08050,城市酷選,2025-07-23,1,0,1.05,1.05,eod_proxy,0,278,11.9048,21.4286,47.619,111.9048,71.4286,-11.9048,0,0,0,0,0,0,1,1,0,0,1,0,GO,26
08051,訊智海,2026-09-01,1,0,2.46,2.46,eod_proxy,0,5,17.0732,,,,17.0732,4.878,0,0,0,0,0,0,0,0,0,0,0,0,,
08052,陸慶娛樂,2025-08-13,1,0,0.115,0.115,eod_proxy,0,155,-18.2609,-21.7391,-38.2609,-57.3913,-15.6522,-39.1304,0,0,0,0,0,0,0,0,0,0,0,0,,
08056,生活概念,2026-05-04,1,0,0.325,0.325,eod_proxy,0,88,38.4615,-10.7692,-10.7692,-23.6923,44.6154,-16.9231,0,0,0,0,0,0,0,0,0,0,0,0,,
08057,麥迪森控股,2026-07-13,1,0,0.52,0.52,eod_proxy,0,41,15.3846,11.5385,12.5,,23.0769,-13.4615,0,0,0,0,0,0,0,0,0,0,0,0,,
08059,朝威控股,2025-11-20,1,0,0.64,0.64,eod_proxy,0,195,9.375,9.375,-9.375,12.5,9.375,-31.25,0,0,0,0,0,0,0,0,0,0,0,0,,
08069,飛道旅遊科技,2026-01-14,1,0,1.1,1.1,eod_proxy,0,159,-5.4545,-5.4545,-34.5455,-60.0,5.4545,-38.1818,0,0,0,0,0,0,1,0,0,0,1,0,CONSOLIDATION,72
08070,僑洋國際控股,2026-02-26,1,0,1.15,1.15,eod_proxy,0,131,-6.087,-7.8261,-8.6957,-4.3478,3.4783,-13.0435,0,0,0,0,0,0,0,0,0,0,0,0,,
08071,中彩網通控股,2025-11-17,1,0,1.45,1.45,eod_proxy,0,198,-10.3448,-3.4483,-3.4483,-13.7931,3.4483,-10.3448,0,0,0,0,0,0,1,0,0,0,1,0,CONSOLIDATION,154
08072,蘭谷股份,2025-09-30,1,0,0.295,0.295,eod_proxy,0,229,0.0,0.0,0.0,6.7797,3.3898,-1.6949,0,0,0,0,0,0,0,0,0,0,0,0,,
08076,新利軟件,2026-01-26,1,0,0.034,0.034,eod_proxy,0,151,14.7059,-11.7647,-23.5294,-23.5294,14.7059,-23.5294,0,0,0,0,0,0,0,0,0,0,0,0,,
08079,曌生命,2025-08-21,1,0,0.51,0.51,eod_proxy,0,257,52.9412,29.4118,17.6471,5.8824,52.9412,-3.9216,0,0,0,0,0,0,0,0,0,0,0,0,,
08081,白居易控股,2025-09-18,1,0,0.018,0.018,eod_proxy,0,237,27.7778,16.6667,5.5556,-16.6667,44.4444,-5.5556,0,0,0,0,0,0,0,0,0,0,0,0,,
08082,擎華控股,2026-04-08,1,0,0.05,0.05,eod_proxy,0,105,26.0,20.0,10.0,-64.0,34.0,2.0,0,0,0,0,0,0,0,0,0,0,0,0,,
08087,中國三三集團,2025-07-03,1,0,0.342,0.342,eod_proxy,0,292,83.0409,240.3509,236.8421,251.462,251.462,-4.6784,0,0,0,0,0,0,0,0,0,0,0,0,,
08090,寶蓋新材,2026-08-05,1,0,5.69,5.69,eod_proxy,0,24,-17.3989,-5.9754,-2.4605,,7.2056,-17.3989,0,0,0,0,0,0,0,0,0,0,0,0,,
08092,ITE HOLDINGS,2025-07-03,1,0,0.045,0.045,eod_proxy,0,292,-26.6667,-28.8889,-33.3333,-17.7778,11.1111,-40.0,0,0,0,0,0,0,0,0,0,0,0,0,,
08093,瓦普思瑞元宇宙,2025-11-14,1,0,3.0,3.0,eod_proxy,0,199,-5.6667,-6.6667,-11.0,0.0,-4.6667,-13.6667,0,0,0,0,0,0,0,0,0,0,0,0,,
08096,賞之味股權,2025-07-22,1,0,0.113,0.113,eod_proxy,0,279,0.885,0.885,5.3097,7.9646,6.1947,-6.1947,0,0,0,0,0,0,0,0,0,0,0,0,,
08103,HMVOD視頻,2025-10-14,1,0,0.239,0.239,eod_proxy,0,186,-13.8075,-18.8285,-20.5021,-40.1674,-7.9498,-26.7782,0,0,0,0,0,0,0,0,0,0,0,0,,
08106,芯化蘭德,2025-07-28,1,0,0.265,0.265,eod_proxy,0,275,15.0943,100.0,47.1698,39.6226,100.0,11.3208,0,0,0,0,0,0,0,0,0,0,0,0,,
08107,細葉榕科技,2025-09-08,1,0,0.38,0.38,eod_proxy,0,245,0.0,26.3158,39.4737,-13.1579,50.0,0.0,0,0,0,0,0,0,0,0,0,0,0,0,,
08111,中國科技產業集團,2025-09-16,1,0,0.158,0.158,eod_proxy,0,132,-6.962,-6.962,-48.7342,-58.2278,2.5316,-48.7342,0,0,0,0,0,0,0,0,0,0,0,0,,
08112,基石金融,2025-07-15,1,0,0.134,0.134,eod_proxy,0,284,3.7313,-8.9552,-18.6567,-4.4776,3.7313,-18.6567,0,0,0,0,0,0,0,0,0,0,0,0,,
08113,時騰科技,2025-12-15,1,0,0.41,0.41,eod_proxy,0,178,-13.9024,-4.878,-7.3171,1.7073,-4.878,-14.6341,0,0,0,0,0,0,1,0,1,0,0,0,RIGHTS,149
08117,中國基礎能源,2025-07-15,1,0,0.1,0.1,eod_proxy,0,284,-13.0,-16.0,-13.0,-9.0,4.0,-16.0,0,0,0,0,0,0,0,0,0,0,0,0,,
08118,中資國際控股,2025-08-19,1,0,0.112,0.112,eod_proxy,0,238,7.1429,10.7143,3.5714,12.5,18.75,-4.4643,0,0,0,0,0,0,0,0,0,0,0,0,,
08120,國農金融投資,2025-07-14,1,0,0.53,0.53,eod_proxy,0,285,1.8868,-1.8868,-6.6038,-3.7736,1.8868,-6.6038,0,0,0,0,0,0,0,0,0,0,0,0,,
08121,國恩控股,2025-08-22,1,0,0.87,0.87,eod_proxy,0,256,5.7471,0.0,5.7471,-19.5402,14.9425,-1.1494,0,0,0,0,0,0,0,0,0,0,0,0,,
08123,華億金控,2025-07-18,1,0,0.659,0.659,eod_proxy,0,281,-9.1047,-9.1047,-9.1047,-9.1047,0.0,-9.1047,0,0,0,0,0,0,0,0,0,0,0,0,,
08125,榮記萬通,2025-07-29,1,0,0.29,0.29,eod_proxy,0,274,0.0,-5.1724,1.7241,1.7241,5.1724,-10.3448,0,0,0,0,0,0,0,0,0,0,0,0,,
08131,諾亞智能,2025-09-15,1,0,0.128,0.128,eod_proxy,0,240,5.4688,14.0625,-7.8125,-36.7188,20.3125,-14.0625,0,0,0,0,0,0,0,0,0,0,0,0,,
08132,百能國際能源,2026-03-02,1,0,0.127,0.127,eod_proxy,0,129,-26.7717,-33.0709,-32.2835,-31.4961,-3.1496,-35.4331,0,0,0,0,0,0,0,0,0,0,0,0,,
08136,英馬斯集團,2026-01-09,1,0,0.048,0.048,eod_proxy,0,162,8.3333,8.3333,-2.0833,-12.5,20.8333,-6.25,0,0,0,0,0,0,0,0,0,0,0,0,,
08139,長安仁恆,2026-08-31,1,0,1.29,1.29,eod_proxy,0,6,-16.2791,,,,-2.3256,-18.2171,0,0,0,0,0,0,0,0,0,0,0,0,,
08143,金威醫療,2025-07-02,1,0,0.119,0.119,eod_proxy,0,293,11.7647,3.3613,12.605,35.2941,21.0084,3.3613,0,0,0,0,0,0,0,0,0,0,0,0,,
08146,怡園酒業,2025-11-28,1,0,0.248,0.248,eod_proxy,0,189,-17.3387,,,154.0323,,,0,0,0,0,0,0,1,1,0,0,0,0,GO,32
08147,雲晶數智,2025-09-29,1,0,0.62,0.62,eod_proxy,0,230,33.871,35.4839,54.8387,40.3226,61.2903,22.5806,0,0,0,0,0,0,0,0,0,0,0,0,,
08148,悟喜生活,2025-10-02,1,0,0.77,0.77,eod_proxy,0,228,3.8961,14.2857,163.6364,418.1818,163.6364,0.0,0,0,0,0,0,0,0,0,0,0,0,0,,
08153,嘉鼎國際集團,2025-10-22,1,0,0.853,0.853,eod_proxy,0,215,-5.3927,-2.6964,-23.7984,-13.2474,0.0,-23.7984,0,0,0,0,0,0,1,0,1,1,0,0,RIGHTS,2
08158,中國再生醫學,2025-07-30,1,0,0.89,0.89,eod_proxy,0,273,8.9888,2.2472,-7.8652,-33.7079,8.9888,-7.8652,0,0,0,0,0,0,0,0,0,0,0,0,,
08159,新華聯合投資,2026-01-27,1,0,0.101,0.101,eod_proxy,0,150,-13.8614,-11.8812,-0.9901,-31.6832,8.9109,-16.8317,0,0,0,0,0,0,0,0,0,0,0,0,,
08160,GOLDWAY EDU,2025-07-21,1,0,0.395,0.395,eod_proxy,0,280,5.0633,5.0633,46.8354,-16.4557,49.3671,1.2658,0,0,0,0,0,0,1,0,0,1,0,0,PLACING,71
08162,港銀控股,2025-12-03,1,0,0.46,0.46,eod_proxy,0,186,8.6957,-9.7826,-6.5217,0.0,8.6957,-15.2174,0,0,0,0,0,0,0,0,0,0,0,0,,
08163,聲揚集團,2025-08-01,1,0,0.106,0.106,eod_proxy,0,271,-0.9434,-2.8302,-4.717,-5.6604,2.8302,-4.717,0,0,0,0,0,0,0,0,0,0,0,0,,
08168,寶積資本,2025-10-08,1,0,0.085,0.085,eod_proxy,0,223,-12.9412,-23.5294,29.4118,81.1765,29.4118,-24.7059,0,0,0,0,0,0,1,0,0,1,0,0,PLACING,156
08176,超人智能,2025-08-06,1,0,0.159,0.159,eod_proxy,0,268,-19.4969,-18.239,-24.5283,-53.4591,-8.805,-24.5283,0,0,0,0,0,0,0,0,0,0,0,0,,
08178,中國信息科技,2025-09-01,1,0,1.72,1.72,eod_proxy,0,250,8.1395,15.8721,-36.8023,-85.0581,19.7674,-36.8023,0,0,0,0,0,0,1,0,0,1,0,0,PLACING,79
08179,百利達集團控股,2026-02-13,1,0,0.013,0.013,eod_proxy,0,137,0.0,0.0,-7.6923,-7.6923,7.6923,-7.6923,0,0,0,0,0,0,0,0,0,0,0,0,,
08186,浩盟控股,2025-07-24,1,0,0.495,0.495,eod_proxy,0,277,-26.2626,-24.2424,-23.2323,-36.3636,-15.1515,-28.2828,0,0,0,0,0,0,0,0,0,0,0,0,,
08187,積木集團,2025-09-04,1,0,0.248,0.248,eod_proxy,0,247,16.9355,0.8065,41.129,105.6452,63.3065,-3.629,0,0,0,0,0,0,0,0,0,0,0,0,,
08189,泰達生物,2026-08-13,1,0,0.219,0.219,eod_proxy,0,18,23.2877,18.7215,,,23.2877,12.7854,0,0,0,0,0,0,0,0,0,0,0,0,,
08191,鴻偉亞洲,2026-01-30,1,0,0.136,0.136,eod_proxy,0,147,-1.4706,-1.4706,0.7353,3.6765,1.4706,-2.2059,0,0,0,0,0,0,1,0,1,0,0,0,RIGHTS,77
08193,亞太金融投資,2026-02-06,1,0,0.46,0.46,eod_proxy,0,142,-17.3913,-28.2609,-15.2174,-13.0435,1.087,-29.3478,0,0,0,0,0,0,0,0,0,0,0,0,,
08200,修身堂,2026-01-16,1,0,0.65,0.65,eod_proxy,0,157,-7.6923,-6.1538,-13.8462,0.0,0.0,-18.4615,0,0,0,0,0,0,0,0,0,0,0,0,,
08201,寶聯控股,2026-01-27,1,0,0.149,0.149,eod_proxy,0,150,-24.1611,-38.255,-28.1879,-30.8725,-20.8054,-38.255,0,0,0,0,0,0,0,0,0,0,0,0,,
08203,凱順控股,2026-07-29,1,0,0.089,0.089,eod_proxy,0,29,19.1011,19.1011,2.2472,,19.1011,2.2472,0,0,0,0,0,0,0,0,0,0,0,0,,
08206,神通機器人教育,2025-08-27,1,0,0.057,0.057,eod_proxy,0,31,7.0175,3.5088,-21.0526,,8.7719,-22.807,0,0,0,0,0,0,0,0,0,0,0,0,,
08208,永通萬國集團,2025-10-02,1,0,0.105,0.105,eod_proxy,0,228,-8.5714,-10.4762,-6.6667,-4.7619,0.0,-10.4762,0,0,0,0,0,0,1,1,0,0,0,0,GO,42
08217,菊福堂生物,2025-11-04,1,0,0.25,0.25,eod_proxy,0,207,4.0,4.0,8.0,48.0,10.0,0.0,0,0,0,0,0,0,0,0,0,0,0,0,,
08219,恆偉集團控股,2026-01-29,1,0,0.15,0.15,eod_proxy,0,148,-12.6667,-4.6667,1.3333,83.3333,1.3333,-22.6667,0,0,0,0,0,0,0,0,0,0,0,0,,
08221,高裕金融,2025-08-01,1,0,0.88,0.88,eod_proxy,0,271,53.4091,35.2273,7.9545,68.1818,53.4091,7.9545,0,0,0,0,0,0,0,0,0,0,0,0,,
08223,紫元元,2025-08-05,1,0,1.01,1.01,eod_proxy,0,269,-13.8614,-18.8119,6.9307,-19.802,6.9307,-21.7822,0,0,0,0,0,0,0,0,0,0,0,0,,
08225,中國醫療集團,2025-09-26,1,0,0.191,0.191,eod_proxy,0,231,-6.8063,-8.9005,-15.1832,-24.0838,-3.6649,-16.2304,0,0,0,0,0,0,0,0,0,0,0,0,,
08226,樹熊金融集團,2025-06-26,1,0,0.148,0.148,eod_proxy,0,296,15.5405,17.5676,-8.7838,-17.5676,27.7027,-15.5405,0,0,0,0,0,0,0,0,0,0,0,0,,
08227,海天天線,2025-11-04,1,0,0.265,0.265,eod_proxy,0,207,-34.717,-39.2453,-40.0,-20.0,-7.1698,-43.3962,0,0,0,0,0,0,0,0,0,0,0,0,,
08229,未來數據集團,2025-08-08,1,0,0.47,0.47,eod_proxy,0,266,23.4043,17.0213,12.766,27.6596,34.0426,4.2553,0,0,0,0,0,0,0,0,0,0,0,0,,
08232,一木集團,2026-07-27,1,0,0.95,0.95,eod_proxy,0,31,0.0,-15.7895,-11.5789,,0.0,-15.7895,0,0,0,0,0,0,0,0,0,0,0,0,,
08237,華星控股,2026-04-08,1,0,0.22,0.22,eod_proxy,0,105,115.9091,200.0,359.0909,354.5455,390.9091,27.2727,0,0,0,0,0,0,0,0,0,0,0,0,,
08238,玖方數智,2025-09-19,1,0,0.21,0.21,eod_proxy,0,236,-1.4286,6.6667,4.2857,0.0,30.0,-3.8095,0,0,0,0,0,0,1,0,1,1,0,0,PLACING,26
08239,首都金融控股,2025-07-15,1,0,1.13,1.13,eod_proxy,0,284,35.3982,141.5929,191.1504,766.3717,213.2743,16.8142,0,0,0,0,0,0,0,0,0,0,0,0,,
08245,烽翼集團,2025-07-10,1,0,0.22,0.22,eod_proxy,0,287,0.0,0.0,-10.9091,-29.5455,0.0,-12.7273,0,0,0,0,0,0,0,0,0,0,0,0,,
08246,中華燃氣,2025-10-06,1,0,1.264,1.264,eod_proxy,0,226,-37.9747,-43.038,-49.3671,-48.1013,-25.3165,-52.5316,0,0,0,0,0,0,1,0,0,1,1,0,PLACING,14
08247,中生北控生物科技,2025-11-17,1,0,1.7,1.7,eod_proxy,0,198,-16.4706,7.6471,22.9412,191.1765,37.0588,-22.9412,0,0,0,0,0,0,0,0,0,0,0,0,,
08250,都都控股,2025-10-08,1,0,0.166,0.166,eod_proxy,0,225,-6.6265,-10.241,-3.6145,-11.4458,-0.6024,-12.6506,0,0,0,0,0,0,0,0,0,0,0,0,,
08262,宏強控股,2025-07-29,1,0,0.086,0.086,eod_proxy,0,274,-5.814,-12.7907,-13.9535,-26.7442,2.3256,-16.2791,0,0,0,0,0,0,0,0,0,0,0,0,,
08267,藍港互動,2025-06-26,1,0,0.33,0.33,eod_proxy,0,296,15.1515,50.0,103.0303,90.9091,142.4242,15.1515,0,0,0,0,0,0,0,0,0,0,0,0,,
08268,智城發展控股,2025-09-12,1,0,0.5,0.5,eod_proxy,0,241,-10.0,-12.0,-21.0,-23.0,-1.0,-21.0,0,0,0,0,0,0,1,0,0,1,0,0,PLACING,164
08269,倍升教育科技,2025-07-03,1,0,0.435,0.435,eod_proxy,0,292,-17.2414,21.8391,12.6437,0.0,28.7356,-19.5402,0,0,0,0,0,0,0,0,0,0,0,0,,
08271,環球數碼創意,2025-08-08,1,0,0.065,0.065,eod_proxy,0,266,20.0,1.5385,4.6154,-12.3077,23.0769,-13.8462,0,0,0,0,0,0,0,0,0,0,0,0,,
08275,中國新消費集團,2025-10-21,1,0,0.127,0.127,eod_proxy,0,216,-1.5748,-1.5748,-14.1732,-1.5748,0.7874,-14.1732,0,0,0,0,0,0,1,0,0,1,0,0,PLACING,34
08277,駿東控股,2025-08-18,1,0,0.223,0.223,eod_proxy,0,260,-34.0807,-41.704,-30.4933,-33.1839,-13.4529,-43.9462,0,0,0,0,0,0,0,0,0,0,0,0,,
08280,中國數字視頻,2025-12-11,1,0,0.053,0.053,eod_proxy,0,180,26.4151,39.6226,32.0755,39.6226,45.283,-1.8868,0,0,0,0,0,0,0,0,0,0,0,0,,
08281,中國金典集團,2026-04-30,1,0,0.26,0.26,eod_proxy,0,89,0.0,21.1538,-4.6154,0.0,26.9231,-6.1538,0,0,0,0,0,0,0,0,0,0,0,0,,
08282,智傲控股,2025-11-03,1,0,0.62,0.62,eod_proxy,0,208,17.7419,17.7419,9.6774,-8.0645,20.9677,1.6129,0,0,0,0,0,0,0,0,0,0,0,0,,
08283,中食民安,2025-07-15,1,0,0.442,0.442,eod_proxy,0,284,-3.3937,-4.2986,-8.371,-14.0271,0.6787,-10.181,0,0,0,0,0,0,1,0,1,0,0,0,RIGHTS,112
08285,森浩集團,2026-05-07,1,0,0.034,0.034,eod_proxy,0,85,41.1765,29.4118,11.7647,17.6471,44.1176,2.9412,0,0,0,0,0,0,0,0,0,0,0,0,,
08286,長城微光,2025-07-28,1,0,0.146,0.146,eod_proxy,0,275,8.9041,-4.1096,-4.1096,-0.6849,14.3836,-14.3836,0,0,0,0,0,0,0,0,0,0,0,0,,
08290,亞勢備份,2026-02-03,1,0,0.024,0.024,eod_proxy,0,145,33.3333,29.1667,8.3333,79.1667,37.5,8.3333,0,0,0,0,0,0,0,0,0,0,0,0,,
08291,港娛國際,2026-05-27,1,0,0.305,0.305,eod_proxy,0,72,0.0,-13.1148,-26.2295,-22.2951,0.0,-26.2295,0,0,0,0,0,0,1,0,1,0,0,0,RIGHTS,43
08292,VSING,2026-03-16,1,0,0.31,0.31,eod_proxy,0,119,0.0,-24.1935,-37.0968,-32.2581,1.6129,-38.3871,0,0,0,0,0,0,0,0,0,0,0,0,,
08293,星亞控股,2025-06-26,1,0,0.094,0.094,eod_proxy,0,296,4.2553,26.5957,32.9787,115.9574,38.2979,-2.1277,0,0,0,0,0,0,0,0,0,0,0,0,,
08300,今米房集團,2025-08-01,1,0,0.142,0.142,eod_proxy,0,271,2.1127,0.0,-23.9437,-10.5634,8.4507,-23.9437,0,0,0,0,0,0,0,0,0,0,0,0,,
08305,聖唐控股,2026-05-11,1,0,0.215,0.215,eod_proxy,0,83,-6.9767,-11.6279,-23.2558,-66.0465,14.4186,-23.2558,0,0,0,0,0,0,0,0,0,0,0,0,,
08309,萬成環球控股,2026-02-04,1,0,0.071,0.071,eod_proxy,0,144,1.4085,0.0,-5.6338,-2.8169,1.4085,-7.0423,0,0,0,0,0,0,0,0,0,0,0,0,,
08311,圓美光電,2025-12-12,1,0,0.154,0.154,eod_proxy,0,179,-43.5065,-49.3506,-1.9481,-43.5065,-1.9481,-49.3506,0,0,0,0,0,0,0,0,0,0,0,0,,
08315,新都酒店,2025-08-20,1,0,0.162,0.162,eod_proxy,0,258,11.7284,-9.8765,-7.4074,-19.7531,16.6667,-10.4938,0,0,0,0,0,0,0,0,0,0,0,0,,
08317,財華社集團,2025-10-06,1,0,0.125,0.125,eod_proxy,0,226,-23.2,-27.2,-25.6,-33.6,-11.2,-27.2,0,0,0,0,0,0,0,0,0,0,0,0,,
08320,沛然環保,2025-06-27,1,0,0.095,0.095,eod_proxy,0,295,5.2632,2.1053,0.0,0.0,10.5263,0.0,0,0,0,0,0,0,0,0,0,0,0,0,,
08321,泰錦控股,2025-09-12,1,0,0.225,0.225,eod_proxy,0,241,-2.2222,13.3333,22.2222,344.4444,22.2222,-2.2222,0,0,0,0,0,0,1,0,0,1,0,0,PLACING,59
08326,同景新能源,2025-07-17,1,0,0.156,0.156,eod_proxy,0,282,1.9231,4.4872,6.4103,5.1282,6.4103,-1.9231,0,0,0,0,0,0,0,0,0,0,0,0,,
08328,信義儲電,2025-07-03,1,0,0.74,0.74,eod_proxy,0,292,0.0,10.8108,0.0,-8.1081,10.8108,-6.7568,0,0,0,0,0,0,0,0,0,0,0,0,,
08329,海王英特龍,2025-09-08,1,0,0.152,0.152,eod_proxy,0,245,1.9737,-1.9737,2.6316,-7.8947,5.9211,-2.6316,0,0,0,0,0,0,0,0,0,0,0,0,,
08340,紫荊國際金融,2025-07-08,1,0,0.315,0.315,eod_proxy,0,289,-12.6984,50.7937,61.9048,220.6349,71.4286,-12.6984,0,0,0,0,0,0,0,0,0,0,0,0,,
08341,艾碩控股,2026-01-05,1,0,0.218,0.218,eod_proxy,0,166,6.422,3.211,-5.0459,-17.4312,21.5596,-12.844,0,0,0,0,0,0,0,0,0,0,0,0,,
08350,立橋證券控股,2025-06-26,1,0,0.142,0.142,eod_proxy,0,296,0.0,61.9718,54.9296,39.4366,61.9718,-2.1127,0,0,0,0,0,0,0,0,0,0,0,0,,
08356,進業控股,2026-04-30,1,0,0.435,0.435,eod_proxy,0,89,-13.7931,-16.092,-17.2414,-22.9885,6.8966,-24.1379,0,0,0,0,0,0,0,0,0,0,0,0,,
08357,REPUBLIC HC,2025-11-28,1,0,0.1,0.1,eod_proxy,0,189,-17.0,-1.0,40.0,107.0,40.0,-19.0,0,0,0,0,0,0,0,0,0,0,0,0,,
08360,簡樸新生活,2025-10-13,1,0,0.31,0.31,eod_proxy,0,222,-1.6129,-9.6774,-22.5806,-11.2903,-1.6129,-22.5806,0,0,0,0,0,0,0,0,0,0,0,0,,
08365,亦辰集團,2025-08-15,1,0,0.45,0.45,eod_proxy,0,261,251.1111,255.5556,377.7778,346.6667,377.7778,53.3333,0,0,0,0,0,0,1,0,0,1,0,1,CB,45
08366,浙江聯合投資,2025-07-28,1,0,0.039,0.039,eod_proxy,0,275,-35.8974,-5.1282,2.5641,-23.0769,15.3846,-35.8974,0,0,0,0,0,0,0,0,0,0,0,0,,
08367,倩碧控股,2025-08-26,1,0,0.285,0.285,eod_proxy,0,254,3.5088,-22.807,-17.5439,17.5439,5.2632,-24.2105,0,0,0,0,0,0,0,0,0,0,0,0,,
08368,中國創意控股,2025-07-22,1,0,1.0,1.0,eod_proxy,0,279,-13.0,-14.0,-17.0,-37.0,-6.0,-20.0,0,0,0,0,0,0,0,0,0,0,0,0,,
08371,嘗高美集團,2026-05-07,1,0,1.9,1.9,eod_proxy,0,85,0.5263,2.1053,-2.1053,0.0,4.2105,-2.6316,0,0,0,0,0,0,0,0,0,0,0,0,,
08372,君百延集團,2026-04-16,1,0,0.161,0.161,eod_proxy,0,99,-11.1801,-14.2857,-8.6957,-18.0124,-2.4845,-19.8758,0,0,0,0,0,0,0,0,0,0,0,0,,
08375,數盟資本,2025-12-29,1,0,1.23,1.23,eod_proxy,0,170,29.2683,30.0813,60.1626,78.8618,78.8618,27.6423,0,0,0,0,0,0,1,0,0,1,0,0,PLACING,0
08377,維港育馬,2025-07-29,1,0,0.132,0.132,eod_proxy,0,274,3.7879,3.7879,19.697,-3.7879,21.2121,3.7879,0,0,0,0,0,0,0,0,0,0,0,0,,
08379,盈證國際,2026-01-19,1,0,0.182,0.182,eod_proxy,0,156,1.6484,7.1429,8.2418,-5.4945,14.2857,-5.4945,0,0,0,0,0,0,0,0,0,0,0,0,,
08385,萬里印刷,2025-10-27,1,0,0.275,0.275,eod_proxy,0,212,-14.5455,3.6364,10.9091,-47.2727,12.7273,-18.1818,0,0,0,0,0,0,0,0,0,0,0,0,,
08392,舍圖控股,2025-10-27,1,0,0.064,0.064,eod_proxy,0,212,-12.5,-6.25,-26.5625,-29.6875,21.875,-26.5625,0,0,0,0,0,0,0,0,0,0,0,0,,
08395,中顯智能齊家控股,2025-08-28,1,0,0.23,0.23,eod_proxy,0,252,4.7826,2.1739,3.913,-14.7826,19.5652,2.1739,0,0,0,0,0,0,0,0,0,0,0,0,,
08400,亞洲先鋒娛樂,2026-05-07,1,0,0.085,0.085,eod_proxy,0,85,25.8824,51.7647,29.4118,-15.2941,74.1176,25.8824,0,0,0,0,0,0,0,0,0,0,0,0,,
08401,華夏水務集團,2025-08-07,1,0,0.108,0.108,eod_proxy,0,267,4.6296,3.7037,0.0,-23.1481,5.5556,-11.1111,0,0,0,0,0,0,0,0,0,0,0,0,,
08402,高原之寶,2025-07-25,1,0,0.156,0.156,eod_proxy,0,276,-10.2564,-18.5897,-13.4615,-21.7949,0.641,-18.5897,0,0,0,0,0,0,0,0,0,0,0,0,,
08403,德豐宿來,2025-10-10,1,0,1.46,1.46,eod_proxy,0,223,2.0548,4.1096,2.7397,10.9589,12.3288,1.3699,0,0,0,0,0,0,1,1,0,0,0,0,GO,47
08406,中國口腔產業,2025-09-10,1,0,0.105,0.105,eod_proxy,0,243,0.9524,2.8571,-2.8571,-20.0,6.6667,-10.4762,0,0,0,0,0,0,0,0,0,0,0,0,,
08412,新愛德集團,2025-08-26,1,0,0.305,0.305,eod_proxy,0,254,-1.6393,-8.1967,-6.5574,11.4754,0.0,-8.1967,0,0,0,0,0,0,0,0,0,0,0,0,,
08413,亞洲富思,2025-10-13,1,0,0.114,0.114,eod_proxy,0,222,-5.2632,-0.8772,0.8772,55.2632,4.386,-5.2632,0,0,0,0,0,0,1,1,0,0,0,0,GO,58
08416,HM INTL HLDGS,2025-07-16,1,0,0.11,0.11,eod_proxy,0,283,-6.3636,-5.4545,-10.0,-11.8182,13.6364,-11.8182,0,0,0,0,0,0,0,0,0,0,0,0,,
08418,傲迪瑪汽車,2025-11-10,1,0,0.475,0.475,eod_proxy,0,203,-7.3684,-12.6316,-13.6842,337.8947,-4.2105,-13.6842,0,0,0,0,0,0,0,0,0,0,0,0,,
08420,NEXION TECH,2026-02-03,1,0,0.039,0.039,eod_proxy,0,145,2.5641,17.9487,17.9487,-15.3846,20.5128,-7.6923,0,0,0,0,0,0,0,0,0,0,0,0,,
08422,WT集團,2026-01-29,1,0,0.129,0.129,eod_proxy,0,148,-10.8527,-6.2016,-9.3023,-13.9535,-3.1008,-10.8527,0,0,0,0,0,0,1,0,1,0,0,0,RIGHTS,50
08423,潪澔發展,2026-05-06,1,0,0.098,0.098,eod_proxy,0,86,-18.3673,-20.4082,-30.6122,-51.0204,-8.1633,-31.6327,0,0,0,0,0,0,0,0,0,0,0,0,,
08425,興銘控股,2025-07-28,1,0,0.061,0.061,eod_proxy,0,275,-6.5574,-6.5574,4.918,14.7541,18.0328,-9.8361,0,0,0,0,0,0,0,0,0,0,0,0,,
08426,雅居投資控股,2025-08-28,1,0,0.234,0.234,eod_proxy,0,252,8.547,10.6838,2.1368,-14.9573,10.6838,0.0,0,0,0,0,0,0,0,0,0,0,0,0,,
08427,萬順瑞強集團,2026-07-15,1,0,5.01,5.01,eod_proxy,0,39,-15.5689,-14.1717,-15.7685,,23.7525,-20.1597,0,0,0,0,0,0,0,0,0,0,0,0,,
08429,華美樂樂,2025-12-18,1,0,0.062,0.062,eod_proxy,0,175,-9.6774,12.9032,-1.6129,45.1613,12.9032,-20.9677,0,0,0,0,0,0,0,0,0,0,0,0,,
08430,春能控股,2025-08-13,1,0,0.16,0.16,eod_proxy,0,263,0.0,0.0,-15.625,-15.625,2.5,-23.75,0,0,0,0,0,0,0,0,0,0,0,0,,
08431,浩柏國際,2025-11-05,1,0,0.227,0.227,eod_proxy,0,206,1.7621,5.2863,0.4405,58.5903,6.6079,-0.8811,0,0,0,0,0,0,1,0,0,1,0,0,PLACING,140
08432,太平洋酒吧,2025-12-02,1,0,0.05,0.05,eod_proxy,0,187,-10.0,-12.0,-10.0,-14.0,2.0,-14.0,0,0,0,0,0,0,0,0,0,0,0,0,,
08436,德寶集團控股,2025-12-03,1,0,0.22,0.22,eod_proxy,0,186,2.2727,-4.5455,-6.3636,18.1818,10.4545,-7.2727,0,0,0,0,0,0,0,0,0,0,0,0,,
08439,新百利融資,2026-04-10,1,0,0.65,0.65,eod_proxy,0,103,36.9231,32.3077,220.0,106.1538,,,0,0,0,0,0,0,1,1,0,0,0,0,GO,24
08446,耀星科技集團-新,2025-07-30,1,0,0.16,0.16,eod_proxy,0,273,15.625,24.375,15.625,-6.875,59.375,6.875,0,0,0,0,0,0,0,0,0,0,0,0,,
08447,MS CONCEPT,2026-02-26,1,0,0.072,0.072,eod_proxy,0,131,-1.3889,33.3333,16.6667,1.3889,33.3333,-8.3333,0,0,0,0,0,0,0,0,0,0,0,0,,
08448,環球印館,2025-09-19,1,0,0.4,0.4,eod_proxy,0,236,42.5,25.0,25.0,16.25,52.5,17.5,0,0,0,0,0,0,1,1,0,0,0,0,GO,143
08450,鉅京控股,2025-07-07,1,0,0.129,0.129,eod_proxy,0,290,7.7519,9.3023,-3.1008,-10.8527,18.6047,-8.5271,0,0,0,0,0,0,0,0,0,0,0,0,,
08455,禮建德集團,2026-08-04,1,0,0.016,0.016,eod_proxy,0,25,12.5,50.0,81.25,,87.5,0.0,0,0,0,0,0,0,0,0,0,0,0,0,,
08456,民信國際控股,2025-10-13,1,0,0.385,0.385,eod_proxy,0,222,0.0,-3.8961,-7.7922,15.5844,2.5974,-7.7922,0,0,0,0,0,0,0,0,0,0,0,0,,
08460,基地錦標集團,2025-09-08,1,0,0.068,0.068,eod_proxy,0,245,5.8824,-10.2941,-11.7647,679.4118,13.2353,-11.7647,0,0,0,0,0,0,1,0,0,1,0,0,PLACING,50
08462,中安控股集團,2025-07-25,1,0,0.27,0.27,eod_proxy,0,276,-51.1111,-60.0,-58.1481,-64.0741,-18.5185,-60.0,0,0,0,0,0,0,0,0,0,0,0,0,,
08471,新達控股,2025-07-14,1,0,1.88,1.88,eod_proxy,0,285,-19.1489,-5.3191,55.3191,115.9574,55.3191,-19.1489,0,0,0,0,0,0,0,0,0,0,0,0,,
08472,立高控股,2025-08-08,1,0,0.41,0.41,eod_proxy,0,266,-1.2195,4.878,-3.6585,39.0244,4.878,-6.0976,0,0,0,0,0,0,0,0,0,0,0,0,,
08473,彌明生活百貨,2025-10-09,1,0,0.135,0.135,eod_proxy,0,224,-8.1481,-13.3333,-10.3704,-14.0741,0.0,-14.8148,0,0,0,0,0,0,0,0,0,0,0,0,,
08475,易站綠色科技,2025-06-27,1,0,0.071,0.071,eod_proxy,0,6,5.6338,,,,7.0423,-11.2676,0,0,0,0,0,0,0,0,0,0,0,0,,
08480,飛霓控股,2026-03-02,1,0,0.117,0.117,eod_proxy,0,129,-2.5641,22.2222,29.9145,110.2564,32.4786,-3.4188,0,0,0,0,0,0,0,0,0,0,0,0,,
08481,盛龍錦秀國際,2025-07-10,1,0,0.6,0.6,eod_proxy,0,287,-25.8333,-25.0,-20.0,-23.3333,-1.6667,-30.0,0,0,0,0,0,0,0,0,0,0,0,0,,
08482,萬勵達,2025-12-05,1,0,0.171,0.171,eod_proxy,0,184,-14.6199,-23.9766,-25.731,-18.7135,0.0,-26.9006,0,0,0,0,0,0,0,0,0,0,0,0,,
08483,名仕快相,2025-11-10,1,0,0.155,0.155,eod_proxy,0,203,-9.6774,-20.6452,-9.6774,-34.8387,12.9032,-24.5161,0,0,0,0,0,0,0,0,0,0,0,0,,
08487,ISP GLOBAL,2025-12-04,1,0,0.06,0.06,eod_proxy,0,185,3.3333,-3.3333,-21.6667,-16.6667,8.3333,-25.0,0,0,0,0,0,0,0,0,0,0,0,0,,
08489,裕程物流,2025-12-22,1,0,0.33,0.33,eod_proxy,0,173,21.2121,19.697,19.697,-10.6061,31.8182,-15.1515,0,0,0,0,0,0,1,0,0,1,0,0,PLACING,8
08490,駿碼半導體,2025-09-26,1,0,0.193,0.193,eod_proxy,0,231,2.0725,-13.4715,-29.5337,-42.487,11.9171,-29.5337,0,0,0,0,0,0,0,0,0,0,0,0,,
08491,COOL LINK,2025-09-02,1,0,0.56,0.56,eod_proxy,0,249,-12.5,-15.1786,-17.8571,-3.5714,-11.6071,-20.5357,0,0,0,0,0,0,0,0,0,0,0,0,,
08500,天泓文創,2025-09-03,1,0,0.34,0.34,eod_proxy,0,140,2.9412,-8.8235,-13.2353,-51.4706,5.8824,-16.1765,0,0,0,0,0,0,0,0,0,0,0,0,,
08502,遠航港口,2025-11-03,1,0,0.29,0.29,eod_proxy,0,208,-8.6207,-12.069,-12.069,-13.7931,-1.7241,-12.069,0,0,0,0,0,0,0,0,0,0,0,0,,
08507,愛世紀集團,2025-08-08,1,0,0.125,0.125,eod_proxy,0,266,0.8,-3.2,13.6,148.0,13.6,-5.6,0,0,0,0,0,0,1,1,0,0,0,0,GO,46
08509,威揚酒業控股,2025-06-30,1,0,0.53,0.53,eod_proxy,0,294,-1.8868,18.8679,13.2075,35.8491,20.7547,-1.8868,0,0,0,0,0,0,0,0,0,0,0,0,,
08512,凱富善集團控股,2025-11-25,1,0,0.335,0.335,eod_proxy,0,192,0.0,2.9851,-1.4925,-2.9851,7.4627,-1.4925,0,0,0,0,0,0,0,0,0,0,0,0,,
08513,加和國際控股,2025-11-11,1,0,1.08,1.08,eod_proxy,0,202,28.7037,17.5926,15.7407,-38.8889,37.037,4.6296,0,0,0,1,0,0,1,0,0,0,1,0,CONSOLIDATION,22
08516,中盈國際,2026-03-10,1,0,0.87,0.87,eod_proxy,0,123,-5.7471,-13.7931,64.3678,36.7816,87.3563,-13.7931,0,0,0,0,0,0,0,0,0,0,0,0,,
08521,智雲國際控股,2025-07-29,1,0,0.91,0.91,eod_proxy,0,274,13.1868,72.5275,39.5604,63.7363,86.8132,13.1868,0,0,0,0,0,0,0,0,0,0,0,0,,
08529,優博控股,2026-05-05,1,0,0.361,0.361,eod_proxy,0,87,24.9307,38.7812,55.1247,-44.0443,85.8726,-8.3102,0,0,0,0,0,0,0,0,0,0,0,0,,
08532,寶發控股,2025-12-01,1,0,0.13,0.13,eod_proxy,0,188,-23.0769,-23.0769,-23.0769,-47.6923,0.0,-23.0769,0,0,0,0,0,0,0,0,0,0,0,0,,
08535,熒德控股,2025-07-28,1,0,0.091,0.091,eod_proxy,0,275,8.7912,15.3846,114.2857,63.7363,120.8791,-2.1978,0,0,0,0,0,0,0,0,0,0,0,0,,
08537,創輝珠寶,2025-07-10,1,0,0.164,0.164,eod_proxy,0,287,3.0488,4.2683,42.0732,25.6098,,,0,0,0,0,0,0,0,0,0,0,0,0,,
08547,PACIFIC LEGEND,2026-03-05,1,0,0.078,0.078,eod_proxy,0,126,11.5385,3.8462,20.5128,76.9231,20.5128,1.2821,0,0,0,0,0,0,1,0,0,1,1,0,PLACING,167
08549,金葉國際集團,2026-05-15,1,0,0.29,0.29,eod_proxy,0,79,-8.6207,-14.8276,-22.7586,-31.3793,0.0,-23.4483,0,0,0,0,0,0,0,0,0,0,0,0,,
08601,寶燵控股,2025-08-14,1,0,0.268,0.268,eod_proxy,0,262,1.8657,2.6119,-2.9851,0.7463,2.6119,-2.9851,0,0,0,0,0,0,0,0,0,0,0,0,,
08611,九福來,2025-07-29,1,0,0.89,0.89,eod_proxy,0,274,3.0337,-1.4607,2.2472,-6.7416,14.2697,-6.7416,0,0,0,0,0,0,1,0,1,0,0,1,CB,87
08612,維亮控股,2025-10-20,1,0,0.102,0.102,eod_proxy,0,217,-0.9804,-0.9804,0.9804,19.6078,0.9804,-1.9608,0,0,0,0,0,0,0,0,0,0,0,0,,
08613,東方支付集團控股,2025-07-29,1,0,0.084,0.084,eod_proxy,0,274,-1.1905,-7.1429,-8.3333,-17.8571,5.9524,-13.0952,0,0,0,0,0,0,0,0,0,0,0,0,,
08619,NIU HOLDINGS,2025-09-10,1,0,0.175,0.175,eod_proxy,0,243,1.7143,-2.2857,-9.7143,-21.1429,1.7143,-12.5714,0,0,0,0,0,0,1,0,1,0,0,0,RIGHTS,154
08620,亞洲速運,2026-01-22,1,0,0.109,0.109,eod_proxy,0,153,-4.5872,-1.8349,53.211,28.4404,71.5596,-11.9266,0,0,0,0,0,0,1,0,0,1,0,0,PLACING,154
08621,METROPOLIS CAP,2026-02-04,1,0,0.048,0.048,eod_proxy,0,144,-10.4167,-18.75,-16.6667,-33.3333,8.3333,-20.8333,0,0,0,0,0,0,0,0,0,0,0,0,,
08622,愉悅集團,2025-10-10,1,0,0.42,0.42,eod_proxy,0,223,1.1905,26.1905,38.0952,-1.1905,66.6667,-1.1905,0,0,0,0,0,0,0,0,0,0,0,0,,
08627,旅橙文化,2025-12-03,1,0,0.061,0.061,eod_proxy,0,186,31.1475,31.1475,27.8689,16.3934,37.7049,21.3115,0,0,0,0,0,0,0,0,0,0,0,0,,
08637,元續科技,2025-07-24,1,0,1.32,1.32,eod_proxy,0,277,-1.5152,-1.5152,-8.3333,9.0909,8.3333,-11.3636,0,0,0,0,0,0,0,0,0,0,0,0,,
08645,比特元宇宙,2025-07-09,1,0,0.58,0.58,eod_proxy,0,288,-3.4483,-6.8966,-5.1724,48.2759,3.4483,-13.7931,0,0,0,0,0,0,0,0,0,0,0,0,,
08646,中國宏光,2025-12-16,1,0,0.243,0.243,eod_proxy,0,177,-9.8765,-24.2798,-22.6337,13.1687,2.8807,-25.9259,0,0,0,0,0,0,1,0,0,1,0,0,PLACING,36
08657,TRUE PARTNER,2025-07-29,1,0,0.54,0.54,eod_proxy,0,274,-5.5556,-7.4074,5.5556,-19.4444,7.4074,-11.1111,0,0,0,0,0,0,0,0,0,0,0,0,,
08659,易和國際控股,2025-08-27,1,0,0.162,0.162,eod_proxy,0,253,10.4938,6.1728,7.4074,24.6914,22.8395,-1.2346,0,0,0,0,0,0,1,0,0,1,0,0,PLACING,119
09600,新紐科技,2026-02-05,1,0,0.255,0.255,eod_proxy,0,143,23.5294,11.7647,-7.0588,-22.3529,33.3333,-8.6275,0,0,0,0,0,0,0,0,0,0,0,0,,
09608,宋都服務,2026-08-05,1,0,0.069,0.069,eod_proxy,0,24,-24.6377,-28.9855,-28.9855,,-24.6377,-30.4348,0,0,0,0,0,0,0,0,0,0,0,0,,
09639,榮利營造,2026-08-18,1,0,0.96,0.96,eod_proxy,0,15,2.0833,1.0417,,,3.125,-3.125,0,0,0,0,0,0,0,0,0,0,0,0,,
09689,金泰豐國際控股,2026-01-26,1,0,0.53,0.53,eod_proxy,0,151,1.8868,7.5472,7.5472,26.4151,13.2075,-3.7736,0,0,0,0,0,0,1,0,0,1,0,0,PLACING,123
09916,興業物聯,2025-08-07,1,0,0.4,0.4,eod_proxy,0,267,-2.5,-2.5,-3.75,-20.0,0.0,-5.0,0,0,0,0,0,0,0,0,0,0,0,0,,
09918,麗年國際,2025-07-25,1,0,1.48,1.48,eod_proxy,0,276,-20.2703,-22.973,-22.2973,-31.0811,26.3514,-26.3514,0,0,0,0,0,0,0,0,0,0,0,0,,
09919,艾德韋宣集團,2025-12-16,1,0,0.985,0.985,eod_proxy,0,177,0.0,2.0305,-2.0305,-5.0761,2.0305,-2.0305,0,0,0,0,0,0,0,0,0,0,0,0,,
09928,時代鄰里,2026-01-26,1,0,0.445,0.445,eod_proxy,0,151,0.0,4.4944,4.4944,15.7303,4.4944,-1.1236,0,0,0,0,0,0,0,0,0,0,0,0,,
09929,澳達控股,2025-08-12,1,0,0.074,0.074,eod_proxy,0,264,-8.1081,-2.7027,-1.3514,1.3514,1.3514,-13.5135,0,0,0,0,0,0,1,1,0,0,0,1,GO,113
09938,華和控股,2026-07-21,1,0,0.345,0.345,eod_proxy,0,35,8.6957,-21.7391,-28.9855,,8.6957,-33.3333,0,0,0,0,0,0,0,0,0,0,0,0,,
09958,力天影業,2025-07-30,1,0,0.44,0.44,eod_proxy,0,273,-27.2727,-11.3636,-17.0455,,-11.3636,-35.2273,0,0,0,0,0,0,1,0,0,1,0,0,PLACING,168
09963,高科橋光導,2025-09-02,1,0,0.45,0.45,eod_proxy,0,249,4.4444,-7.7778,-18.8889,-6.6667,7.7778,-22.2222,0,0,0,0,0,0,1,0,0,1,0,0,PLACING,106
09968,匯景控股,2026-01-29,1,0,0.023,0.023,eod_proxy,0,148,8.6957,8.6957,8.6957,39.1304,13.0435,0.0,0,0,0,0,0,0,0,0,0,0,0,0,,
09978,方圓生活服務,2026-05-18,1,0,0.148,0.148,eod_proxy,0,78,6.7568,-2.027,58.1081,555.4054,68.9189,-10.8108,0,0,0,0,0,0,1,1,0,0,0,0,GO,71
09982,中原建業,2026-03-31,1,0,0.064,0.064,eod_proxy,0,108,-4.6875,-10.9375,120.3125,53.125,120.3125,-12.5,0,0,0,0,0,0,1,0,0,1,0,0,PLACING,79
09983,建業新生活,2026-05-12,1,0,0.51,0.51,eod_proxy,0,82,-13.7255,-20.5882,-19.6078,-38.2353,-2.9412,-24.5098,0,0,0,0,0,0,0,0,0,0,0,0,,
09998,光榮控股,2025-09-16,1,0,0.295,0.295,eod_proxy,0,239,-8.4746,15.2542,52.5424,33.8983,76.2712,-20.339,0,0,0,0,0,0,0,0,0,0,0,0,,
