scan_date,code5,symbol,name,close,chg_pct,turnover_day,mcap_total,mcap_hk,ma10,ratio,turnover_to_mcap,ma10_days_available,ma_short,has_domestic_shares,scan_time,mcap_unreliable
2025-06-26,08293,8293.HK,星亞控股,0.094,70.91,513130,20213769.0,20213769.0,1444,355.35,2.54,10,0,0,2026-09-08 12:44:41,1
2025-06-26,08226,8226.HK,樹熊金融集團,0.148,7.25,1905470,61790591.0,61790591.0,5266,361.84,3.08,10,0,0,2026-09-08 12:44:40,1
2025-06-26,01235,1235.HK,專業旅運,0.165,13.01,1422750,84126735.0,84126735.0,9409,151.21,1.69,10,0,0,2026-09-08 12:44:18,1
2025-06-26,01647,1647.HK,雄岸科技,0.085,11.84,8403100,101578400.0,101578400.0,407930,20.6,8.27,10,0,0,2026-09-08 12:44:22,1
2025-06-26,08267,8267.HK,藍港互動,0.33,15.79,3091200,121932678.0,121932678.0,122800,25.17,2.54,10,0,0,2026-09-08 12:44:40,1
2025-06-26,02212,2212.HK,高鵬礦業,0.1,0.0,590820,126389920.0,126389920.0,700,844.03,0.47,10,0,0,2026-09-08 12:44:27,1
2025-06-26,00510,510.HK,時富金融服務集團,0.295,9.26,762300,127196560.0,127196560.0,62229,12.25,0.6,10,0,0,2026-09-08 12:44:10,1
2025-06-26,08350,8350.HK,立橋證券控股,0.142,-11.25,732890,134909088.0,134909088.0,23865,30.71,0.54,10,0,0,2026-09-08 12:44:41,1
2025-06-26,01987,1987.HK,BENG SOON MACH,0.136,3.82,719460,136000000.0,136000000.0,21496,33.47,0.53,10,0,0,2026-09-08 12:44:26,1
2025-06-26,01305,1305.HK,偉志控股,0.79,0.0,500720,171134540.0,171134540.0,2102,238.21,0.29,10,0,0,2026-09-08 12:44:18,1
2025-06-26,01150,1150.HK,米蘭站,0.164,12.33,687820,173337611.0,173337611.0,44638,15.41,0.4,10,0,0,2026-09-08 12:44:17,1
2025-06-26,02263,2263.HK,富石金融,0.191,-4.5,1132500,191000000.0,191000000.0,85310,13.28,0.59,10,0,0,2026-09-08 12:44:28,1
2025-06-26,01073,1073.HK,大禹金融,0.115,-8.0,792450,262045944.0,393068916.0,37200,21.3,0.2,10,0,0,2026-09-08 12:44:16,1
2025-06-26,01895,1895.HK,鑫苑服務,0.445,-2.2,2437410,263901688.0,263901688.0,95156,25.61,0.92,10,0,0,2026-09-08 12:44:25,1
2025-06-26,06882,6882.HK,東瀛遊,0.575,3.6,3453300,288908750.0,288908750.0,133682,25.83,1.2,10,0,0,2026-09-08 12:44:37,1
2025-06-26,02699,2699.HK,新明中國,11.171,19.02,2420050,293805209.0,293805209.0,135702,17.83,0.82,10,0,0,2026-09-08 12:44:32,1
2025-06-26,01822,1822.HK,中木國際,0.16,15.94,961930,315807578.0,315807578.0,48478,19.84,0.3,10,0,0,2026-09-08 12:44:24,1
2025-06-26,06866,6866.HK,佐力科創,0.281,1.81,581210,331580000.0,84300000.0,12063,48.18,0.18,10,0,0,2026-09-08 12:44:37,1
2025-06-26,01856,1856.HK,依波路,0.96,-3.03,4320260,345847212.0,345847212.0,93328,46.29,1.25,10,0,0,2026-09-08 12:44:24,1
2025-06-26,06118,6118.HK,奧星生命科技,0.7,1.45,2584140,358807400.0,358807400.0,150406,17.18,0.72,10,0,0,2026-09-08 12:44:36,1
2025-06-26,00227,227.HK,第一上海,0.39,9.86,44228130,854365163.0,854365163.0,3210399,13.78,5.18,10,0,0,2026-09-08 12:44:08,1
2025-06-26,03329,3329.HK,交銀國際,0.325,-2.99,8491240,888677400.0,888677400.0,748975,11.34,0.96,10,0,0,2026-09-08 12:44:33,1
2025-06-26,01278,1278.HK,中國新城鎮,0.099,17.86,1389320,962898395.0,962898395.0,118241,11.75,0.14,10,0,0,2026-09-08 12:44:18,1
2025-06-27,08475,8475.HK,易站綠色科技,0.071,-43.2,1139395,4839360.0,4839360.0,59470,19.16,23.54,10,0,0,2026-09-08 12:44:47,1
2025-06-27,08320,8320.HK,沛然環保,0.095,-9.52,1665360,69653050.0,69653050.0,464,3589.14,2.39,10,0,0,2026-09-08 12:44:47,1
2025-06-27,02682,2682.HK,潤利海事,0.108,20.0,3383980,108000000.0,108000000.0,30898,109.52,3.13,10,0,0,2026-09-08 12:44:46,1
2025-06-27,00185,185.HK,正商實業,0.075,0.0,667980,143504000.0,143504000.0,20056,33.31,0.47,10,0,0,2026-09-08 12:44:46,1
2025-06-27,08267,8267.HK,藍港互動,0.39,18.18,5513500,144102256.0,144102256.0,424670,12.98,3.83,10,0,0,2026-09-08 12:44:47,1
2025-06-27,01792,1792.HK,CMON,0.756,4.85,796460,187246080.0,187246080.0,29120,27.35,0.43,10,0,0,2026-09-08 12:44:46,1
2025-06-27,02031,2031.HK,澳至尊,0.36,4.35,652950,274320000.0,274320000.0,51834,12.6,0.24,10,0,0,2026-09-08 12:44:46,1
2025-06-27,01961,1961.HK,多牛科技,0.38,-2.56,1230740,279034446.0,279034446.0,40535,30.36,0.44,10,0,0,2026-09-08 12:44:46,1
2025-06-27,01636,1636.HK,中國金屬利用,0.78,122.86,2111550,349561466.0,349561466.0,50112,42.14,0.6,10,0,0,2026-09-08 12:44:46,1
2025-06-27,03389,3389.HK,亨得利,0.128,21.9,1699510,563714427.0,563714427.0,31948,53.2,0.3,10,0,0,2026-09-08 12:44:47,1
2025-06-27,02530,2530.HK,紐曼思,0.635,4.96,4520560,635000000.0,635000000.0,72705,62.18,0.71,10,0,0,2026-09-08 12:44:46,1
2025-06-27,00184,184.HK,激成投資,2.14,1.42,533230,728028000.0,728028000.0,42528,12.54,0.07,10,0,0,2026-09-08 12:44:46,1
2025-06-27,00237,237.HK,安全貨倉,1.92,6.08,1980640,777600000.0,777600000.0,65704,30.14,0.25,10,0,0,2026-09-08 12:44:46,1
2025-06-27,01846,1846.HK,德視佳,2.756,-3.5,1581540,883865736.0,883865736.0,121785,12.99,0.18,10,0,0,2026-09-08 12:44:46,1
2025-06-27,01082,1082.HK,源宇宙教育,1.52,-1.3,1015440,924231258.0,924231258.0,29505,34.42,0.11,10,0,0,2026-09-08 12:44:46,1
2025-06-30,08226,8226.HK,樹熊金融集團,0.189,26.85,6818010,78908254.0,78908254.0,352080,19.36,8.64,10,0,0,2026-09-08 12:44:48,1
2025-06-30,01695,1695.HK,椰豐集團,0.09,-3.23,648400,97200000.0,97200000.0,57420,11.29,0.67,10,0,0,2026-09-08 12:44:47,1
2025-06-30,01132,1132.HK,橙天嘉禾,0.049,16.67,3160490,137183783.0,137183783.0,12280,257.37,2.3,10,0,0,2026-09-08 12:44:47,1
2025-06-30,01473,1473.HK,環聯連訊,0.145,4.32,811470,171453987.0,171453987.0,33887,23.95,0.47,10,0,0,2026-09-08 12:44:47,1
2025-06-30,08509,8509.HK,威揚酒業控股,0.53,6.0,1112700,212000000.0,212000000.0,63440,17.54,0.52,10,0,0,2026-09-08 12:44:48,0
2025-06-30,00630,630.HK,雋泰控股,0.27,65.64,1099740,261238984.0,261238984.0,66478,16.54,0.42,10,0,0,2026-09-08 12:44:47,1
2025-06-30,01643,1643.HK,現代中藥集團,0.38,5.56,611790,273600000.0,273600000.0,50397,12.14,0.22,10,0,0,2026-09-08 12:44:47,1
2025-06-30,00328,328.HK,ALCO HOLDINGS,1.122,2.19,2863470,321331992.0,321331992.0,171678,16.68,0.89,10,0,0,2026-09-08 12:44:47,1
2025-06-30,00927,927.HK,富士高實業,0.63,14.55,768600,321933150.0,321933150.0,11778,65.26,0.24,10,0,0,2026-09-08 12:44:47,1
2025-06-30,01489,1489.HK,GC CONSTRUCTION,0.325,0.0,1476400,325000000.0,325000000.0,127810,11.55,0.45,10,0,0,2026-09-08 12:44:47,1
2025-06-30,06913,6913.HK,華南職業教育,0.26,0.0,866430,346840000.0,346840000.0,57171,15.16,0.25,10,0,0,2026-09-08 12:44:48,1
2025-06-30,00413,413.HK,南華集團控股,0.031,0.0,3268110,409860367.0,409860367.0,13598,240.34,0.8,10,0,0,2026-09-08 12:44:47,1
2025-06-30,00789,789.HK,雅天妮集團,1.55,-1.59,778300,410430119.0,410430119.0,55430,14.04,0.19,10,0,0,2026-09-08 12:44:47,1
2025-06-30,00582,582.HK,神話世界,0.134,8.94,578600,489298506.0,489298506.0,22509,25.71,0.12,10,0,0,2026-09-08 12:44:47,1
2025-06-30,00496,496.HK,卡森國際,0.36,10.77,559650,661154887.0,661154887.0,36638,15.28,0.08,10,0,0,2026-09-08 12:44:47,1
2025-06-30,02540,2540.HK,樂思集團,1.31,0.77,7259400,786000000.0,786000000.0,648290,11.2,0.92,10,0,0,2026-09-08 12:44:47,1
2025-06-30,01483,1483.HK,網譽科技,1.2,14.29,630900,983340000.0,983340000.0,10000,63.09,0.06,10,0,0,2026-09-08 12:44:47,1
2025-07-02,01621,1621.HK,域高國際控股,0.087,7.41,565400,87000000.0,87000000.0,25735,21.97,0.65,10,0,0,2026-09-08 12:44:48,1
2025-07-02,02266,2266.HK,黎氏企業,0.29,-6.45,550530,116000000.0,116000000.0,40590,13.56,0.47,10,0,0,2026-09-08 12:44:48,1
2025-07-02,08143,8143.HK,金威醫療,0.119,-10.53,728560,160978437.0,160978437.0,27361,26.63,0.45,10,0,0,2026-09-08 12:44:49,1
2025-07-02,00893,893.HK,中國鐵鈦,0.075,20.97,1827640,168676156.0,168676156.0,52485,34.82,1.08,10,0,0,2026-09-08 12:44:48,1
2025-07-02,00953,953.HK,邵氏兄弟控股,0.155,29.17,9640770,220039550.0,220039550.0,97233,99.15,4.38,10,0,0,2026-09-08 12:44:48,1
2025-07-02,00757,757.HK,陽光能源,0.081,15.71,1332400,269225462.0,269225462.0,72678,18.33,0.49,10,0,0,2026-09-08 12:44:48,1
2025-07-02,00114,114.HK,興利集團,0.49,2.08,688600,296200474.0,296200474.0,49550,13.9,0.23,10,0,0,2026-09-08 12:44:48,1
2025-07-02,01643,1643.HK,現代中藥集團,0.43,13.16,1419600,309600000.0,309600000.0,108066,13.14,0.46,10,0,0,2026-09-08 12:44:48,1
2025-07-02,01795,1795.HK,亞東集團,0.69,23.21,4178760,414000000.0,414000000.0,56535,73.91,1.01,10,0,0,2026-09-08 12:44:48,1
2025-07-02,00320,320.HK,金寶通,0.536,28.85,1182240,451601440.0,451601440.0,8788,134.53,0.26,10,0,0,2026-09-08 12:44:48,1
2025-07-02,02530,2530.HK,紐曼思,0.655,0.0,5694640,655000000.0,655000000.0,510833,11.15,0.87,10,0,0,2026-09-08 12:44:48,1
2025-07-02,03300,3300.HK,中國玻璃,0.365,15.87,1799030,670219664.0,670219664.0,171221,10.51,0.27,10,0,0,2026-09-08 12:44:49,1
2025-07-02,01346,1346.HK,利華控股集團,1.14,-4.2,62236600,728574000.0,728574000.0,925300,67.26,8.54,10,0,0,2026-09-08 12:44:48,1
2025-07-02,06136,6136.HK,康達環保,0.365,10.61,1922720,842058102.0,842058102.0,97795,19.66,0.23,10,0,0,2026-09-08 12:44:49,1
2025-07-02,00399,399.HK,星太鏈集團,0.26,26.21,36698360,852048061.0,852048061.0,310009,118.38,4.31,10,0,0,2026-09-08 12:44:48,1
2025-07-03,08092,8092.HK,ITE HOLDINGS,0.045,40.62,579740,41647860.0,41647860.0,20730,27.97,1.39,10,0,0,2026-09-08 12:44:50,1
2025-07-03,00657,657.HK,環科國際,0.028,27.27,1489980,54496795.0,54496795.0,8224,181.17,2.73,10,0,0,2026-09-08 12:44:49,1
2025-07-03,00518,518.HK,同得仕(集團),0.199,-2.93,680300,89762444.0,89762444.0,3371,201.81,0.76,10,0,0,2026-09-08 12:44:49,1
2025-07-03,00712,712.HK,卡姆丹克太陽能,0.098,13.95,2312060,103872494.0,103872494.0,65289,35.41,2.23,10,0,0,2026-09-08 12:44:49,1
2025-07-03,01165,1165.HK,順風清潔能源,0.021,31.25,1254900,106729885.0,106729885.0,70660,17.76,1.18,10,0,0,2026-09-08 12:44:49,1
2025-07-03,01671,1671.HK,天保能源,0.81,6.58,1889200,129535935.0,129535935.0,67926,27.81,1.46,10,0,0,2026-09-08 12:44:49,1
2025-07-03,08143,8143.HK,金威醫療,0.144,21.01,1805430,194797436.0,194797436.0,98747,18.28,0.93,10,0,0,2026-09-08 12:44:50,1
2025-07-03,01001,1001.HK,滬港聯合,0.315,-1.56,601100,200500119.0,200500119.0,35064,17.14,0.3,10,0,0,2026-09-08 12:44:49,1
2025-07-03,02455,2455.HK,潤華服務,0.68,15.25,2127820,204000000.0,204000000.0,11380,186.98,1.04,10,0,0,2026-09-08 12:44:49,1
2025-07-03,01631,1631.HK,REF HOLDINGS,0.67,34.0,1155000,205824000.0,205824000.0,15959,72.37,0.56,10,0,0,2026-09-08 12:44:49,1
2025-07-03,08087,8087.HK,中國三三集團,0.342,32.56,2193610,221616000.0,221616000.0,179016,12.25,0.99,10,0,0,2026-09-08 12:44:50,1
2025-07-03,01795,1795.HK,亞東集團,0.6,-13.04,5906190,360000000.0,360000000.0,472563,12.5,1.64,10,0,0,2026-09-08 12:44:49,1
2025-07-03,00970,970.HK,新耀萊,0.55,-14.06,1016510,371449194.0,371449194.0,34670,29.32,0.27,10,0,0,2026-09-08 12:44:49,1
2025-07-03,08269,8269.HK,倍升教育科技,0.435,74.7,10062380,387464418.0,387464418.0,585878,17.17,2.6,10,0,0,2026-09-08 12:44:50,1
2025-07-03,00320,320.HK,金寶通,0.546,1.87,2523340,460026840.0,460026840.0,125482,20.11,0.55,10,0,0,2026-09-08 12:44:49,1
2025-07-03,02205,2205.HK,康橋悅生活,0.68,0.0,20189880,476000000.0,476000000.0,544,37113.75,4.24,10,0,0,2026-09-08 12:44:49,1
2025-07-03,08328,8328.HK,信義儲電,0.74,12.12,569900,581294885.0,581294885.0,42177,13.51,0.1,10,0,0,2026-09-08 12:44:50,1
2025-07-03,01282,1282.HK,中澤豐,0.136,17.24,2851600,680000000.0,680000000.0,105439,27.05,0.42,10,0,0,2026-09-08 12:44:49,1
2025-07-03,00184,184.HK,激成投資,2.13,-2.29,1333760,724626000.0,724626000.0,119555,11.16,0.18,10,0,0,2026-09-08 12:44:49,1
2025-07-04,08092,8092.HK,ITE HOLDINGS,0.05,11.11,2240480,46275400.0,46275400.0,74482,30.08,4.84,10,0,0,2026-09-08 12:44:51,1
2025-07-04,01740,1740.HK,新石文化,0.055,-15.38,515100,57062500.0,57062500.0,7860,65.53,0.9,10,0,0,2026-09-08 12:44:50,1
2025-07-04,01949,1949.HK,佰達國際控股,0.35,-1.41,940630,80640000.0,80640000.0,47958,19.61,1.17,10,0,0,2026-09-08 12:44:50,1
2025-07-04,01991,1991.HK,大洋集團,0.75,19.05,2019630,129005025.0,129005025.0,136544,14.79,1.57,10,0,0,2026-09-08 12:44:50,1
2025-07-04,03368,3368.HK,百盛集團,0.07,0.0,2496690,184417258.0,184417258.0,159082,15.69,1.35,10,0,0,2026-09-08 12:44:51,1
2025-07-04,01945,1945.HK,清科控股,1.05,-12.5,6319600,308731920.0,308731920.0,204930,30.84,2.05,10,0,0,2026-09-08 12:44:50,1
2025-07-04,00583,583.HK,長城環亞控股,0.23,-0.86,541580,360581487.0,360581487.0,45608,11.87,0.15,10,0,0,2026-09-08 12:44:50,1
2025-07-04,02377,2377.HK,博奇環保,0.786,-2.48,1903800,671922066.0,671922066.0,21778,87.42,0.28,10,0,0,2026-09-08 12:44:50,1
2025-07-04,02257,2257.HK,聖諾醫藥-B,6.27,21.28,22592300,703225255.0,703225255.0,1785510,12.65,3.21,10,0,0,2026-09-08 12:44:50,1
2025-07-04,01082,1082.HK,源宇宙教育,1.5,0.0,13267560,912070320.0,912070320.0,212845,62.33,1.45,10,0,0,2026-09-08 12:44:50,1
2025-07-07,08018,8018.HK,匯財金融投資,0.038,26.67,1005670,19160852.0,19160852.0,36110,27.85,5.25,10,0,0,2026-09-08 12:44:52,1
2025-07-07,01722,1722.HK,建鵬控股,0.079,49.06,4439300,86900000.0,86900000.0,43470,102.12,5.11,10,0,0,2026-09-08 12:44:51,1
2025-07-07,01421,1421.HK,恆昌集團國際,0.5,5.26,6256000,100097600.0,100097600.0,427640,14.63,6.25,10,0,0,2026-09-08 12:44:51,1
2025-07-07,00515,515.HK,中華銀科技,0.37,37.04,6139570,105660017.0,105660017.0,424548,14.46,5.81,10,0,0,2026-09-08 12:44:51,1
2025-07-07,01025,1025.HK,嘉藝控股,0.248,5.53,10892940,110947125.0,110947125.0,278357,39.13,9.82,10,0,0,2026-09-08 12:44:51,1
2025-07-07,08450,8450.HK,鉅京控股,0.129,10.26,714040,129000000.0,129000000.0,46941,15.21,0.55,10,0,0,2026-09-08 12:44:52,1
2025-07-07,01222,1222.HK,宏安集團,0.024,4.35,1454010,324928727.0,324928727.0,101417,14.34,0.45,10,0,0,2026-09-08 12:44:51,1
2025-07-07,00673,673.HK,中國衛生集團,0.273,7.48,1459500,378688726.0,378688726.0,103819,14.06,0.39,7,1,0,2026-09-08 12:44:51,1
2025-07-07,01290,1290.HK,中國匯融,0.67,-2.9,2623120,730524450.0,730524450.0,444,5907.93,0.36,10,0,0,2026-09-08 12:44:51,1
2025-07-08,08340,8340.HK,紫荊國際金融,0.315,1.61,515450,25196850.0,25196850.0,14928,34.53,2.05,10,0,0,2026-09-08 12:44:53,1
2025-07-08,00899,899.HK,中加國信,0.311,-4.89,4910130,138444451.0,138444451.0,74040,66.32,3.55,10,0,0,2026-09-08 12:44:52,1
2025-07-08,08450,8450.HK,鉅京控股,0.145,12.4,1329270,145000000.0,145000000.0,117547,11.31,0.92,10,0,0,2026-09-08 12:44:53,1
2025-07-08,06663,6663.HK,國際永勝集團,0.317,12.41,1074300,253600000.0,253600000.0,26335,40.79,0.42,10,0,0,2026-09-08 12:44:53,1
2025-07-08,00620,620.HK,大唐西市,0.39,56.0,659800,312399840.0,312399840.0,4590,143.75,0.21,10,0,0,2026-09-08 12:44:52,1
2025-07-08,01022,1022.HK,飛魚科技,0.237,5.8,2373960,414617769.0,414617769.0,91710,25.89,0.57,10,0,0,2026-09-08 12:44:52,1
2025-07-08,01046,1046.HK,寰宇娛樂文化,0.52,55.22,1635310,471448784.0,471448784.0,20012,81.72,0.35,10,0,0,2026-09-08 12:44:52,1
2025-07-08,00610,610.HK,惠記集團,0.66,-1.49,789260,523461862.0,523461862.0,59660,13.23,0.15,10,0,0,2026-09-08 12:44:52,1
2025-07-08,01233,1233.HK,時代中國控股,0.198,3.12,711940,593226369.0,593226369.0,61624,11.55,0.12,10,0,0,2026-09-08 12:44:52,1
2025-07-09,00736,736.HK,中國置業投資,0.189,-1.05,567400,60593326.0,60593326.0,33777,16.8,0.94,10,0,0,2026-09-08 12:44:53,1
2025-07-09,00243,243.HK,品質國際,0.192,3.78,534130,66526182.0,66526182.0,29028,18.4,0.8,10,0,0,2026-09-08 12:44:53,1
2025-07-09,01253,1253.HK,綠博生態,0.15,0.0,613820,90617472.0,90617472.0,37188,16.51,0.68,10,0,0,2026-09-08 12:44:53,1
2025-07-09,00510,510.HK,時富金融服務集團,0.465,25.68,5020820,200496272.0,200496272.0,227306,22.09,2.5,10,0,0,2026-09-08 12:44:53,1
2025-07-09,00994,994.HK,中天宏信,0.265,72.08,13650500,342116590.0,342116590.0,34860,391.58,3.99,10,0,0,2026-09-08 12:44:53,1
2025-07-09,00620,620.HK,大唐西市,0.5,28.21,1966290,400512615.0,400512615.0,70570,27.86,0.49,10,0,0,2026-09-08 12:44:53,1
2025-07-09,08645,8645.HK,比特元宇宙,0.58,1.75,1513700,438772320.0,438772320.0,95650,15.83,0.34,10,0,0,2026-09-08 12:44:54,1
2025-07-09,01909,1909.HK,火岩控股,2.213,11.77,2011610,537362964.0,537362964.0,125248,16.06,0.37,10,0,0,2026-09-08 12:44:53,1
2025-07-09,01183,1183.HK,澳能建設,0.168,50.0,1354220,668760824.0,668760824.0,77273,17.53,0.2,10,0,0,2026-09-08 12:44:53,1
2025-07-09,00419,419.HK,弘毅文化集團,0.39,8.33,5672730,685290216.0,685290216.0,512398,11.07,0.83,10,0,0,2026-09-08 12:44:53,1
2025-07-09,06898,6898.HK,中國鋁罐,0.797,1.27,4039680,750296597.0,750296597.0,177534,22.75,0.54,10,0,0,2026-09-08 12:44:53,1
2025-07-09,00488,488.HK,麗新發展,0.66,22.22,758150,959197028.0,959197028.0,23068,32.87,0.08,10,0,0,2026-09-08 12:44:53,1
2025-07-10,01160,1160.HK,金石資本集團,0.147,9.7,546000,34878874.0,34878874.0,1340,407.46,1.57,10,0,0,2026-09-08 12:44:54,1
2025-07-10,08245,8245.HK,烽翼集團,0.22,8.91,2803180,45500680.0,63699080.0,2406,1165.08,4.4,10,0,0,2026-09-08 12:44:55,1
2025-07-10,00601,601.HK,稀鎂科技,0.09,12.5,790780,53333559.0,53333559.0,41218,19.19,1.48,10,0,0,2026-09-08 12:44:54,1
2025-07-10,08537,8537.HK,創輝珠寶,0.164,-0.61,608080,59040000.0,59040000.0,9740,62.43,1.03,10,0,0,2026-09-08 12:44:55,1
2025-07-10,01718,1718.HK,宏基集團控股,0.224,5.66,1157580,68122880.0,68122880.0,78156,14.81,1.7,10,0,0,2026-09-08 12:44:54,1
2025-07-10,01315,1315.HK,綠色經濟,0.147,12.21,928920,91415819.0,91415819.0,9099,102.09,1.02,10,0,0,2026-09-08 12:44:54,1
2025-07-10,01661,1661.HK,中國前沿科技集團,0.65,3.17,786180,123691230.0,123691230.0,25824,30.44,0.64,10,0,0,2026-09-08 12:44:54,1
2025-07-10,06968,6968.HK,港龍中國地產,0.085,0.0,756060,137852915.0,137852915.0,65241,11.59,0.55,10,0,0,2026-09-08 12:44:54,1
2025-07-10,01967,1967.HK,信懇智能,0.465,17.72,878800,139500000.0,139500000.0,49310,17.82,0.63,10,0,0,2026-09-08 12:44:54,1
2025-07-10,00833,833.HK,華訊,0.39,-7.14,1133960,184492690.0,184492690.0,99194,11.43,0.61,10,0,0,2026-09-08 12:44:54,1
2025-07-10,06158,6158.HK,正榮地產,0.046,12.2,837220,200916776.0,200916776.0,60605,13.81,0.42,10,0,0,2026-09-08 12:44:54,1
2025-07-10,00476,476.HK,科軒動力控股,0.59,43.9,4616450,209832974.0,209832974.0,73437,62.86,2.2,10,0,0,2026-09-08 12:44:54,1
2025-07-10,00532,532.HK,王氏港建,0.3,17.65,584550,218969389.0,218969389.0,25408,23.01,0.27,10,0,0,2026-09-08 12:44:54,1
2025-07-10,01080,1080.HK,勝利管道,0.06,42.86,3154600,232461936.0,232461936.0,135827,23.23,1.36,10,0,0,2026-09-08 12:44:54,1
2025-07-10,08481,8481.HK,盛龍錦秀國際,0.6,-1.64,13240300,243102000.0,243102000.0,47230,280.34,5.45,10,0,0,2026-09-08 12:44:55,1
2025-07-10,02349,2349.HK,中國智能基礎設施,0.079,41.07,757190,247134005.0,247134005.0,9545,79.33,0.31,10,0,0,2026-09-08 12:44:54,1
2025-07-10,01777,1777.HK,花樣年控股(新),0.075,11.94,1138280,272127548.0,272127548.0,34010,33.47,0.42,10,0,0,2026-09-08 12:44:54,1
2025-07-10,01062,1062.HK,國開國際投資,0.118,20.41,619500,342461412.0,342461412.0,31057,19.95,0.18,10,0,0,2026-09-08 12:44:54,1
2025-07-10,00583,583.HK,長城環亞控股,0.24,6.67,2284490,376258943.0,376258943.0,143544,15.91,0.61,10,0,0,2026-09-08 12:44:54,1
2025-07-10,03301,3301.HK,融信中國,0.233,12.56,4205810,392239520.0,392239520.0,246673,17.05,1.07,10,0,0,2026-09-08 12:44:54,1
2025-07-10,00149,149.HK,中國農產品交易,0.041,2.5,2281650,408075781.0,408075781.0,44453,51.33,0.56,10,0,0,2026-09-08 12:44:54,1
2025-07-10,02376,2376.HK,魯商服務,3.166,48.22,3718660,422154440.0,105554440.0,52403,70.96,0.88,10,0,0,2026-09-08 12:44:54,1
2025-07-10,01966,1966.HK,中駿集團控股,0.117,0.0,1130180,494089377.0,494089377.0,94157,12.0,0.23,10,0,0,2026-09-08 12:44:54,1
2025-07-10,00090,90.HK,普星能量,1.326,162.06,53333100,608103600.0,608103600.0,86756,614.75,8.77,10,0,0,2026-09-08 12:44:54,1
2025-07-10,01233,1233.HK,時代中國控股,0.21,7.69,1737270,629179483.0,629179483.0,114675,15.15,0.28,10,0,0,2026-09-08 12:44:54,1
2025-07-10,00337,337.HK,綠地香港,0.255,18.6,7131890,711930594.0,711930594.0,679196,10.5,1.0,10,0,0,2026-09-08 12:44:54,1
2025-07-10,01141,1141.HK,民銀資本,0.69,48.39,8196840,756908398.0,756908398.0,464647,17.64,1.08,10,0,0,2026-09-08 12:44:54,1
2025-07-10,06898,6898.HK,中國鋁罐,0.877,10.04,26033940,825608677.0,825608677.0,575582,45.23,3.15,10,0,0,2026-09-08 12:44:54,1
2025-07-10,01183,1183.HK,澳能建設,0.208,23.81,7688920,827989591.0,827989591.0,195526,39.32,0.93,10,0,0,2026-09-08 12:44:54,1
2025-07-11,01862,1862.HK,景瑞控股,0.011,10.0,660590,16926945.0,16926945.0,27577,23.95,3.9,10,0,0,2026-09-08 12:44:55,1
2025-07-11,01803,1803.HK,北京體育文化-新,0.115,0.0,4546930,19430618.0,19430618.0,5360,848.31,23.4,10,0,0,2026-09-08 12:44:55,1
2025-07-11,00243,243.HK,品質國際,0.3,53.85,5565700,103947160.0,103947160.0,89626,62.1,5.35,10,0,0,2026-09-08 12:44:55,1
2025-07-11,01049,1049.HK,時富投資,1.38,25.45,1443210,111363490.0,111363490.0,64215,22.47,1.3,10,0,0,2026-09-08 12:44:55,1
2025-07-11,00619,619.HK,南華金融,0.45,100.89,10046700,135574682.0,135574682.0,9866,1018.32,7.41,10,0,0,2026-09-08 12:44:55,1
2025-07-11,00718,718.HK,太和控股,0.038,-9.52,517290,199500754.0,199500754.0,30143,17.16,0.26,10,0,0,2026-09-08 12:44:55,1
2025-07-11,08350,8350.HK,立橋證券控股,0.23,47.44,2261200,218514720.0,218514720.0,100040,22.6,1.03,10,0,0,2026-09-08 12:44:56,1
2025-07-11,02263,2263.HK,富石金融,0.28,50.54,3155500,280000000.0,280000000.0,134350,23.49,1.13,10,0,0,2026-09-08 12:44:55,1
2025-07-11,00476,476.HK,科軒動力控股,1.0,69.49,24747270,355649109.0,355649109.0,523717,47.25,6.96,10,0,0,2026-09-08 12:44:55,1
2025-07-11,01141,1141.HK,民銀資本,0.74,7.25,15054080,811756833.0,811756833.0,1135133,13.26,1.85,10,0,0,2026-09-08 12:44:55,1
2025-07-11,00212,212.HK,南洋集團,24.2,0.0,1508800,822019260.0,822019260.0,55370,27.25,0.18,10,0,0,2026-09-08 12:44:55,1
2025-07-11,00381,381.HK,權識國際,0.62,26.53,11542050,824863206.0,824863206.0,411854,28.02,1.4,10,0,0,2026-09-08 12:44:55,1
2025-07-14,00339,339.HK,全球數字控股,0.168,46.09,2778660,72576000.0,72576000.0,164913,16.85,3.83,10,0,0,2026-09-08 12:44:56,1
2025-07-14,01561,1561.HK,聯洋智能控股,0.076,-12.64,871720,80974512.0,80974512.0,32713,26.65,1.08,10,0,0,2026-09-08 12:44:56,1
2025-07-14,08120,8120.HK,國農金融投資,0.53,6.0,1980480,86192183.0,86192183.0,157921,12.54,2.3,10,0,0,2026-09-08 12:44:57,1
2025-07-14,02178,2178.HK,百勤油服,0.076,18.75,2491420,131227276.0,131227276.0,221245,11.26,1.9,10,0,0,2026-09-08 12:44:56,1
2025-07-14,08471,8471.HK,新達控股,1.88,-12.96,2390710,138292800.0,138292800.0,102405,23.35,1.73,10,0,0,2026-09-08 12:44:57,1
2025-07-14,01647,1647.HK,雄岸科技,0.135,35.0,25092400,161330400.0,161330400.0,1379420,18.19,15.55,10,0,0,2026-09-08 12:44:56,1
2025-07-14,01555,1555.HK,MI能源,0.05,35.14,4916550,169326276.0,169326276.0,451230,10.9,2.9,10,0,0,2026-09-08 12:44:56,1
2025-07-14,02159,2159.HK,麥迪衛康,0.59,-13.24,9369000,198523200.0,198523200.0,665960,14.07,4.72,10,0,0,2026-09-08 12:44:56,1
2025-07-14,03639,3639.HK,億達中國,0.095,53.23,1510700,245477150.0,245477150.0,16849,89.66,0.62,10,0,0,2026-09-08 12:44:56,0
2025-07-14,02738,2738.HK,華津國際控股,0.425,32.81,1631570,255000000.0,255000000.0,132230,12.34,0.64,10,0,0,2026-09-08 12:44:56,1
2025-07-14,01938,1938.HK,珠江鋼管,0.335,38.43,2932150,338732570.0,338732570.0,79622,36.83,0.87,10,0,0,2026-09-08 12:44:56,1
2025-07-14,00943,943.HK,中證國際,0.192,-4.0,888030,395635436.0,395635436.0,12361,71.84,0.22,10,0,0,2026-09-08 12:44:56,1
2025-07-14,01036,1036.HK,萬科海外,1.4,3.7,1054180,545339105.0,545339105.0,31964,32.98,0.19,10,0,0,2026-09-08 12:44:56,1
2025-07-14,01373,1373.HK,國際家居零售,0.845,-3.43,5253110,602698785.0,602698785.0,503924,10.42,0.87,10,0,0,2026-09-08 12:44:56,1
2025-07-14,01520,1520.HK,天機控股,0.6,-4.76,33325740,629362988.0,629362988.0,2594749,12.84,5.3,10,0,0,2026-09-08 12:44:56,1
2025-07-14,06677,6677.HK,遠洋服務,0.658,11.9,4857480,779072000.0,779072000.0,220832,22.0,0.62,10,0,0,2026-09-08 12:44:57,1
2025-07-15,08112,8112.HK,基石金融,0.134,8.94,1495060,30742072.0,30742072.0,30115,49.65,4.86,10,0,0,2026-09-08 12:44:58,1
2025-07-15,01253,1253.HK,綠博生態,0.16,0.0,1383740,96658637.0,96658637.0,94422,14.65,1.43,10,0,0,2026-09-08 12:44:57,1
2025-07-15,08117,8117.HK,中國基礎能源,0.1,61.29,2171630,102398744.0,102398744.0,69847,31.09,2.12,10,0,0,2026-09-08 12:44:58,1
2025-07-15,08239,8239.HK,首都金融控股,1.13,24.18,1005050,110478926.0,110478926.0,66838,15.04,0.91,10,0,0,2026-09-08 12:44:58,1
2025-07-15,01917,1917.HK,豆盟科技,0.053,-19.7,526500,121900000.0,121900000.0,36810,14.3,0.43,10,0,0,2026-09-08 12:44:57,1
2025-07-15,01949,1949.HK,佰達國際控股,0.535,33.75,2360940,123264000.0,123264000.0,213682,11.05,1.92,10,0,0,2026-09-08 12:44:57,1
2025-07-15,08283,8283.HK,中食民安,0.442,7.02,1944490,152755200.0,152755200.0,129299,15.04,1.27,10,0,0,2026-09-08 12:44:58,1
2025-07-15,00234,234.HK,新世紀集團,0.033,10.0,544820,190752167.0,190752167.0,17762,30.67,0.29,10,0,0,2026-09-08 12:44:57,1
2025-07-15,00804,804.HK,鼎石資本,2.876,15.78,7339450,197868837.0,197868837.0,82587,88.87,3.71,10,0,0,2026-09-08 12:44:57,1
2025-07-15,00474,474.HK,信銘生命科技,0.025,-28.57,1663060,221453170.0,221453170.0,28183,59.01,0.75,10,0,0,2026-09-08 12:44:57,1
2025-07-15,01527,1527.HK,天潔環境,2.19,36.87,6523830,295650000.0,76650000.0,62038,105.16,2.21,10,0,0,2026-09-08 12:44:57,1
2025-07-15,01861,1861.HK,保寶龍科技,1.34,-12.42,1954360,313449115.0,313449115.0,93741,20.85,0.62,10,0,0,2026-09-08 12:44:57,1
2025-07-16,01802,1802.HK,文業集團,0.037,-36.21,1450000,30769200.0,30769200.0,54150,26.78,4.71,10,0,0,2026-09-08 12:44:58,1
2025-07-16,08416,8416.HK,HM INTL HLDGS,0.11,18.28,1083070,46355650.0,46355650.0,27967,38.73,2.34,10,0,0,2026-09-08 12:44:59,1
2025-07-16,00559,559.HK,德泰新能源集團,0.169,3.05,2774040,88418162.0,88418162.0,63978,43.36,3.14,10,0,0,2026-09-08 12:44:58,1
2025-07-16,00871,871.HK,中國疏浚環保,0.072,0.0,721820,108279468.0,108279468.0,55782,12.94,0.67,10,0,0,2026-09-08 12:44:58,1
2025-07-16,00261,261.HK,GBA集團,0.34,1.49,827270,112662971.0,112662971.0,77834,10.63,0.73,10,0,0,2026-09-08 12:44:58,1
2025-07-16,08239,8239.HK,首都金融控股,1.59,40.71,4805040,155452648.0,155452648.0,164083,29.28,3.09,10,0,0,2026-09-08 12:44:59,1
2025-07-16,06933,6933.HK,新娛科控股,0.42,68.0,4612500,179761183.0,179761183.0,53420,86.34,2.57,10,0,0,2026-09-08 12:44:58,1
2025-07-16,02699,2699.HK,新明中國,10.707,6.76,1493140,281601681.0,281601681.0,48359,30.88,0.53,10,0,0,2026-09-08 12:44:58,1
2025-07-16,01073,1073.HK,大禹金融,0.137,13.22,547240,312176472.0,468264708.0,17929,30.52,0.12,10,0,0,2026-09-08 12:44:58,1
2025-07-16,01298,1298.HK,雲能國際,1.23,75.71,639470,338787510.0,338787510.0,4060,157.5,0.19,10,0,0,2026-09-08 12:44:58,1
2025-07-16,06063,6063.HK,智中國際,0.2,30.72,1337790,400000000.0,400000000.0,5433,246.23,0.33,10,0,0,2026-09-08 12:44:58,1
2025-07-16,02146,2146.HK,榮萬家,1.28,0.0,1518720,481280000.0,120320000.0,61252,24.79,0.32,10,0,0,2026-09-08 12:44:58,1
2025-07-16,01851,1851.HK,銀杏教育,1.4,0.0,29695700,700000000.0,700000000.0,16820,1765.5,4.24,10,0,0,2026-09-08 12:44:58,1
2025-07-16,08087,8087.HK,中國三三集團,1.178,72.73,24757060,763344000.0,763344000.0,1671968,14.81,3.24,10,0,0,2026-09-08 12:44:58,1
2025-07-16,02481,2481.HK,雙良睿能,2.896,-2.03,5474110,873433600.0,873433600.0,213153,25.68,0.63,10,0,0,2026-09-08 12:44:58,1
2025-07-17,01010,1010.HK,天璽曜11,0.098,5.38,1787000,43540829.0,43540829.0,134580,13.28,4.1,10,0,0,2026-09-08 12:44:59,1
2025-07-17,00197,197.HK,亨泰,0.238,20.2,515070,49792088.0,49792088.0,47560,10.83,1.03,10,0,0,2026-09-08 12:44:59,1
2025-07-17,01718,1718.HK,宏基集團控股,0.25,10.62,3588560,76030000.0,76030000.0,290617,12.35,4.72,10,0,0,2026-09-08 12:44:59,1
2025-07-17,08120,8120.HK,國農金融投資,0.5,-1.96,4420030,81313380.0,81313380.0,294106,15.03,5.44,10,0,0,2026-09-08 12:44:59,1
2025-07-17,00559,559.HK,德泰新能源集團,0.236,39.64,6446320,123471516.0,123471516.0,339889,18.97,5.22,10,0,0,2026-09-08 12:44:59,1
2025-07-17,01949,1949.HK,佰達國際控股,0.68,28.3,7570730,156672000.0,156672000.0,723380,10.47,4.83,10,0,0,2026-09-08 12:44:59,1
2025-07-17,08326,8326.HK,同景新能源,0.156,0.0,1156600,191412000.0,191412000.0,64556,17.92,0.6,10,0,0,2026-09-08 12:45:00,1
2025-07-17,01961,1961.HK,多牛科技,0.32,-13.51,1914370,234976376.0,234976376.0,30460,62.85,0.81,10,0,0,2026-09-08 12:44:59,1
2025-07-17,01407,1407.HK,交運燃氣,0.539,35.09,11477460,237160000.0,237160000.0,108933,105.36,4.84,10,0,0,2026-09-08 12:44:59,1
2025-07-17,01895,1895.HK,鑫苑服務,0.452,-6.22,4670340,268052950.0,268052950.0,146920,31.79,1.74,10,0,0,2026-09-08 12:44:59,1
2025-07-17,08267,8267.HK,藍港互動,0.75,20.97,24227400,277119723.0,277119723.0,2312120,10.48,8.74,10,0,0,2026-09-08 12:45:00,1
2025-07-17,01460,1460.HK,揚科集團,0.325,16.07,846290,285216851.0,285216851.0,36239,23.35,0.3,10,0,0,2026-09-08 12:44:59,1
2025-07-17,01753,1753.HK,兌吧,0.27,33.0,3353240,290742264.0,290742264.0,150626,22.26,1.15,10,0,0,2026-09-08 12:44:59,1
2025-07-17,00365,365.HK,芯成科技,0.243,-4.71,702470,353565000.0,353565000.0,43909,16.0,0.2,10,0,0,2026-09-08 12:44:59,1
2025-07-17,02393,2393.HK,巨星醫療控股,0.153,33.04,4603490,356733270.0,356733270.0,417828,11.02,1.29,10,0,0,2026-09-08 12:44:59,1
2025-07-17,01856,1856.HK,依波路,1.23,0.82,15469900,443116740.0,443116740.0,930193,16.63,3.49,10,0,0,2026-09-08 12:44:59,1
2025-07-17,01622,1622.HK,力高集團,0.135,4.65,2703190,479467258.0,479467258.0,24386,110.85,0.56,10,0,0,2026-09-08 12:44:59,1
2025-07-17,02197,2197.HK,三葉草生物-B,0.48,35.21,16118600,623328327.0,623328327.0,947620,17.01,2.59,10,0,0,2026-09-08 12:44:59,1
2025-07-17,01780,1780.HK,榮尊國際控股,1.11,-2.63,6477600,688200000.0,688200000.0,46989,137.85,0.94,10,0,0,2026-09-08 12:44:59,1
2025-07-17,01660,1660.HK,七元投資,0.15,7.91,1362330,929250000.0,929250000.0,24525,55.55,0.15,10,0,0,2026-09-08 12:44:59,1
2025-07-17,01628,1628.HK,禹洲集團,0.41,-10.87,4069850,3786296682.0,610074668.0,159937,25.45,0.67,10,0,0,2026-09-08 12:44:59,1
2025-07-18,01862,1862.HK,景瑞控股,0.018,38.46,3104970,27698638.0,27698638.0,202855,15.31,11.21,10,0,0,2026-09-08 12:45:00,1
2025-07-18,02608,2608.HK,陽光100中國,0.012,0.0,764100,30609738.0,30609738.0,59531,12.84,2.5,10,0,0,2026-09-08 12:45:00,1
2025-07-18,01237,1237.HK,中科生物,0.67,34.0,663670,64344824.0,64344824.0,47693,13.92,1.03,10,0,0,2026-09-08 12:45:00,1
2025-07-18,02358,2358.HK,久融控股,0.012,20.0,1655040,65664000.0,65664000.0,12530,132.09,2.52,10,0,0,2026-09-08 12:45:00,1
2025-07-18,00197,197.HK,亨泰,0.315,32.35,1308220,65901293.0,65901293.0,98984,13.22,1.99,10,0,0,2026-09-08 12:45:00,1
2025-07-18,03938,3938.HK,LFG投資控股,0.198,19.28,1265830,97113139.0,97113139.0,16826,75.23,1.3,10,0,0,2026-09-08 12:45:00,1
2025-07-18,01059,1059.HK,看通集團,0.38,0.0,825750,142512732.0,142512732.0,25401,32.51,0.58,10,0,0,2026-09-08 12:45:00,1
2025-07-18,01549,1549.HK,永豐集團控股,0.098,16.67,589100,151900000.0,151900000.0,14930,39.46,0.39,10,0,0,2026-09-08 12:45:00,1
2025-07-18,01079,1079.HK,松景科技,0.101,48.53,3234260,216145313.0,216145313.0,90565,35.71,1.5,10,0,0,2026-09-08 12:45:00,1
2025-07-18,08123,8123.HK,華億金控,0.659,10.02,850750,227123231.0,227123231.0,522,1629.79,0.37,10,0,0,2026-09-08 12:45:00,1
2025-07-18,01822,1822.HK,中木國際,0.135,1.5,1177530,266462644.0,266462644.0,19255,61.15,0.44,10,0,0,2026-09-08 12:45:00,1
2025-07-18,02699,2699.HK,新明中國,12.707,6.59,2946460,334203097.0,334203097.0,208233,14.15,0.88,10,0,0,2026-09-08 12:45:00,1
2025-07-18,06118,6118.HK,奧星生命科技,0.71,4.41,1999500,363933220.0,363933220.0,174555,11.45,0.55,10,0,0,2026-09-08 12:45:00,1
2025-07-18,00969,969.HK,華聯國際,0.168,54.13,1671730,368118240.0,368118240.0,16297,102.58,0.45,10,0,0,2026-09-08 12:45:00,1
2025-07-18,06860,6860.HK,指尖悅動,0.238,17.82,5338200,456504944.0,456504944.0,419500,12.73,1.17,10,0,0,2026-09-08 12:45:00,1
2025-07-18,02146,2146.HK,榮萬家,1.28,1.59,3560700,481280000.0,120320000.0,333687,10.67,0.74,10,0,0,2026-09-08 12:45:00,1
2025-07-18,00334,334.HK,華顯光電,0.315,16.67,3554480,666006998.0,666006998.0,196278,18.11,0.53,10,0,0,2026-09-08 12:45:00,1
2025-07-18,01980,1980.HK,天鴿互動,0.64,-1.54,5901760,707838824.0,707838824.0,268060,22.02,0.83,10,0,0,2026-09-08 12:45:00,1
2025-07-18,00159,159.HK,布萊克萬礦業,0.089,-1.11,909600,825940660.0,825940660.0,20320,44.76,0.11,10,0,0,2026-09-08 12:45:00,1
2025-07-21,08007,8007.HK,環球戰略集團,0.237,-3.66,4677380,53637231.0,53637231.0,239141,19.56,8.72,10,0,0,2026-09-08 12:45:01,1
2025-07-21,08160,8160.HK,GOLDWAY EDU,0.395,-4.82,4310280,84842816.0,84842816.0,61542,70.04,5.08,10,0,0,2026-09-08 12:45:01,1
2025-07-21,00104,104.HK,冠亞商業,0.204,-6.42,1857670,152413137.0,152413137.0,33729,55.08,1.22,10,0,0,2026-09-08 12:45:01,1
2025-07-21,01732,1732.HK,象興科技,0.125,0.81,3203400,160000000.0,160000000.0,195580,16.38,2.0,10,0,0,2026-09-08 12:45:01,1
2025-07-21,01215,1215.HK,開源控股,0.016,14.29,625660,204462077.0,204462077.0,11682,53.56,0.31,10,0,0,2026-09-08 12:45:01,1
2025-07-21,00380,380.HK,中國管業,0.178,14.84,1703830,237143348.0,237143348.0,95552,17.83,0.72,10,0,0,2026-09-08 12:45:01,1
2025-07-21,01936,1936.HK,利特米,0.57,1.79,1189260,266054340.0,266054340.0,11394,104.38,0.45,10,0,0,2026-09-08 12:45:01,1
2025-07-21,01822,1822.HK,中木國際,0.136,0.74,1524770,268436441.0,268436441.0,126961,12.01,0.57,10,0,0,2026-09-08 12:45:01,1
2025-07-21,00875,875.HK,從玉智農,0.405,47.27,12868900,283113861.0,283113861.0,869152,14.81,4.55,10,0,0,2026-09-08 12:45:01,1
2025-07-21,00042,42.HK,東北電氣,0.345,40.82,9693200,301312650.0,88992750.0,51590,187.89,3.22,10,0,0,2026-09-08 12:45:01,1
2025-07-21,01079,1079.HK,松景科技,0.147,45.54,4779980,314587733.0,314587733.0,367267,13.01,1.52,10,0,0,2026-09-08 12:45:01,1
2025-07-21,06188,6188.HK,迪信通,0.405,132.76,11021100,359016462.0,222247962.0,55760,197.65,3.07,10,0,0,2026-09-08 12:45:01,1
2025-07-21,00858,858.HK,精優藥業,0.13,47.73,23654230,377000000.0,377000000.0,439698,53.8,6.27,10,0,0,2026-09-08 12:45:01,1
2025-07-21,01202,1202.HK,四威科技,0.949,7.96,1953480,379600000.0,151840000.0,141710,13.79,0.51,10,0,0,2026-09-08 12:45:01,1
2025-07-21,01795,1795.HK,亞東集團,0.65,1.56,1086600,390000000.0,390000000.0,105447,10.3,0.28,10,0,0,2026-09-08 12:45:01,1
2025-07-21,00202,202.HK,潤中國際控股,0.055,-1.79,700880,401190315.0,401190315.0,36100,19.41,0.17,10,0,0,2026-09-08 12:45:01,1
2025-07-21,02297,2297.HK,潤邁德-B,0.345,56.82,3506300,483468786.0,483468786.0,261150,13.43,0.73,10,0,0,2026-09-08 12:45:01,1
2025-07-21,01084,1084.HK,綠新生物科技,0.698,0.0,4900160,610135760.0,610135760.0,31938,153.43,0.8,10,0,0,2026-09-08 12:45:01,1
2025-07-21,02521,2521.HK,升輝清潔,0.32,3.23,2078700,623915200.0,623915200.0,199510,10.42,0.33,10,0,0,2026-09-08 12:45:01,1
2025-07-21,00611,611.HK,中國核能科技,0.46,10.84,10557490,851936993.0,851936993.0,960093,11.0,1.24,10,0,0,2026-09-08 12:45:01,1
2025-07-22,03321,3321.HK,中科集團控股,0.59,1.72,1331130,45825064.0,45825064.0,82954,16.05,2.9,10,0,0,2026-09-08 12:45:02,1
2025-07-22,00602,602.HK,佳華百貨控股,0.048,26.32,1925160,49800000.0,49800000.0,2674,719.96,3.87,10,0,0,2026-09-08 12:45:02,1
2025-07-22,08096,8096.HK,賞之味股權,0.113,0.0,704900,54381250.0,54381250.0,4267,165.2,1.3,10,0,0,2026-09-08 12:45:02,1
2025-07-22,02433,2433.HK,中天湖南集團,0.116,-41.41,58152600,66816000.0,66816000.0,1930900,30.12,87.03,10,0,0,2026-09-08 12:45:02,1
2025-07-22,00747,747.HK,沈陽公用發展股份,0.061,15.09,1488890,89631936.0,36927936.0,48814,30.5,1.66,10,0,0,2026-09-08 12:45:02,1
2025-07-22,00840,840.HK,天業節水,0.216,20.0,1291860,112216657.0,43718400.0,14187,91.06,1.15,10,0,0,2026-09-08 12:45:02,1
2025-07-22,00984,984.HK,永旺,0.49,25.64,5214680,127400000.0,127400000.0,14281,365.15,4.09,10,0,0,2026-09-08 12:45:02,1
2025-07-22,02336,2336.HK,碩奧國際,0.09,7.14,719130,163431969.0,163431969.0,1636,439.57,0.44,10,0,0,2026-09-08 12:45:02,1
2025-07-22,00417,417.HK,謝瑞麟,0.68,-15.0,617800,169443780.0,169443780.0,50865,12.15,0.36,10,0,0,2026-09-08 12:45:02,1
2025-07-22,01305,1305.HK,偉志控股,0.82,5.13,3350440,177633320.0,177633320.0,6986,479.59,1.89,10,0,0,2026-09-08 12:45:02,1
2025-07-22,01217,1217.HK,中國創新投資,0.014,27.27,4643960,179222101.0,179222101.0,188263,24.67,2.59,10,0,0,2026-09-08 12:45:02,1
2025-07-22,01351,1351.HK,輝煌明天,0.315,-1.56,945000,189000000.0,189000000.0,30143,31.35,0.5,10,0,0,2026-09-08 12:45:02,1
2025-07-22,00893,893.HK,中國鐵鈦,0.101,31.17,7017190,227150556.0,227150556.0,144695,48.5,3.09,10,0,0,2026-09-08 12:45:02,1
2025-07-22,00759,759.HK,CEC國際,0.46,259.38,56304110,306447767.0,306447767.0,23572,2388.6,18.37,10,0,0,2026-09-08 12:45:02,1
2025-07-22,00767,767.HK,中基長壽科學,0.51,5.15,2760890,324693693.0,324693693.0,194775,14.17,0.85,10,0,0,2026-09-08 12:45:02,1
2025-07-22,01393,1393.HK,恆鼎實業,0.071,7.58,822210,326973418.0,326973418.0,70506,11.66,0.25,10,0,0,2026-09-08 12:45:02,1
2025-07-22,02545,2545.HK,中贛通信,0.52,25.3,13009700,332800000.0,332800000.0,414810,31.36,3.91,10,0,0,2026-09-08 12:45:02,1
2025-07-22,00679,679.HK,亞洲聯網科技,0.93,2.2,628850,352222062.0,352222062.0,49053,12.82,0.18,10,0,0,2026-09-08 12:45:02,1
2025-07-22,01847,1847.HK,雲南建投混凝土,0.84,58.49,20904200,374868480.0,112460880.0,43993,475.17,5.58,10,0,0,2026-09-08 12:45:02,1
2025-07-22,01265,1265.HK,天津津燃公用,0.227,13.5,707280,417522871.0,113513620.0,21951,32.22,0.17,10,0,0,2026-09-08 12:45:02,1
2025-07-22,01795,1795.HK,亞東集團,0.79,21.54,5778480,474000000.0,474000000.0,213753,27.03,1.22,10,0,0,2026-09-08 12:45:02,1
2025-07-22,06118,6118.HK,奧星生命科技,1.08,38.46,5846010,553588560.0,553588560.0,490928,11.91,1.06,10,0,0,2026-09-08 12:45:02,1
2025-07-22,08368,8368.HK,中國創意控股,1.0,13.64,786500,692217719.0,692217719.0,44310,17.75,0.11,10,0,0,2026-09-08 12:45:02,1
2025-07-22,02289,2289.HK,創美藥業,6.497,-3.13,2247660,701676000.0,701676000.0,4230,531.36,0.32,10,0,0,2026-09-08 12:45:02,1
2025-07-22,06136,6136.HK,康達環保,0.365,8.96,11868750,842058102.0,842058102.0,949424,12.5,1.41,10,0,0,2026-09-08 12:45:02,1
2025-07-23,00428,428.HK,中國天弓控股,0.26,17.65,6597640,40107142.0,40107142.0,223592,29.51,16.45,10,0,0,2026-09-08 12:45:03,1
2025-07-23,00061,61.HK,綠領控股,0.432,10.2,3158930,56836124.0,56836124.0,118355,26.69,5.56,10,0,0,2026-09-08 12:45:03,1
2025-07-23,00645,645.HK,安域亞洲,0.174,89.13,4506260,89292520.0,89292520.0,67470,66.79,5.05,10,0,0,2026-09-08 12:45:03,1
2025-07-23,01069,1069.HK,中國健康科技集團,0.315,12.5,1437690,97263388.0,97263388.0,122931,11.7,1.48,10,0,0,2026-09-08 12:45:03,1
2025-07-23,00269,269.HK,中國資源交通,0.011,0.0,2327830,117085025.0,117085025.0,149194,15.6,1.99,10,0,0,2026-09-08 12:45:03,1
2025-07-23,00814,814.HK,北京京客隆,0.295,-1.67,521420,121604900.0,53737200.0,51413,10.14,0.43,10,0,0,2026-09-08 12:45:03,1
2025-07-23,01000,1000.HK,北青傳媒,0.78,16.42,528840,153901800.0,42822780.0,12795,41.33,0.34,10,0,0,2026-09-08 12:45:03,1
2025-07-23,01129,1129.HK,中國水業集團,0.25,12.61,591110,158048482.0,158048482.0,36860,16.04,0.37,10,0,0,2026-09-08 12:45:03,1
2025-07-23,01449,1449.HK,立德教育,0.265,3.92,2110020,212000000.0,212000000.0,108012,19.54,1.0,10,0,0,2026-09-08 12:45:03,1
2025-07-23,08050,8050.HK,城市酷選,1.05,45.83,1437630,284812500.0,284812500.0,19032,75.54,0.5,10,0,0,2026-09-08 12:45:03,1
2025-07-23,01097,1097.HK,周大福媒體娛樂,0.042,13.51,654770,299654188.0,299654188.0,46529,14.07,0.22,10,0,0,2026-09-08 12:45:03,1
2025-07-23,00185,185.HK,正商實業,0.157,9.79,1888260,300401707.0,300401707.0,36784,51.33,0.63,10,0,0,2026-09-08 12:45:03,1
2025-07-23,01419,1419.HK,盈健醫療,0.95,14.46,1012060,360574621.0,360574621.0,43436,23.3,0.28,10,0,0,2026-09-08 12:45:03,1
2025-07-23,01738,1738.HK,飛尚無煙煤,0.265,143.12,13582750,365844637.0,365844637.0,6984,1944.84,3.71,10,0,0,2026-09-08 12:45:03,1
2025-07-23,01993,1993.HK,雅仕維,0.82,24.24,4106760,397626806.0,397626806.0,5511,745.19,1.03,10,0,0,2026-09-08 12:45:03,1
2025-07-23,06919,6919.HK,人瑞人才,4.61,15.83,1613240,730434580.0,730434580.0,32475,49.68,0.22,10,0,0,2026-09-08 12:45:03,1
2025-07-23,01022,1022.HK,飛魚科技,0.44,49.15,18984770,769754507.0,769754507.0,843900,22.5,2.47,10,0,0,2026-09-08 12:45:03,1
2025-07-23,06118,6118.HK,奧星生命科技,1.53,41.67,20810880,784250460.0,784250460.0,1070216,19.45,2.65,10,0,0,2026-09-08 12:45:03,1
2025-07-24,08186,8186.HK,浩盟控股,0.495,101.22,9104240,56364977.0,56364977.0,28520,319.22,16.15,10,0,0,2026-09-08 12:45:04,1
2025-07-24,02288,2288.HK,宏基資本,0.16,0.63,817820,60071520.0,60071520.0,33335,24.53,1.36,10,0,0,2026-09-08 12:45:04,1
2025-07-24,01376,1376.HK,RAFFLESINTERIOR,0.116,7.41,8086000,116000000.0,116000000.0,83200,97.19,6.97,10,0,0,2026-09-08 12:45:04,1
2025-07-24,00544,544.HK,大同集團,1.26,65.79,629680,155849973.0,155849973.0,31083,20.26,0.4,10,0,0,2026-09-08 12:45:04,1
2025-07-24,01129,1129.HK,中國水業集團,0.27,8.0,1705900,170692361.0,170692361.0,95879,17.79,1.0,10,0,0,2026-09-08 12:45:04,1
2025-07-24,08637,8637.HK,元續科技,1.32,25.71,1507700,197606640.0,197606640.0,114920,13.12,0.76,10,0,0,2026-09-08 12:45:04,1
2025-07-24,01473,1473.HK,環聯連訊,0.227,9.66,12209670,268414173.0,268414173.0,679943,17.96,4.55,9,1,0,2026-09-08 12:45:04,1
2025-07-24,01097,1097.HK,周大福媒體娛樂,0.041,-2.38,1058290,292519564.0,292519564.0,102300,10.34,0.36,10,0,0,2026-09-08 12:45:04,1
2025-07-24,00213,213.HK,樂聲電子,0.39,4.0,1086420,355886295.0,355886295.0,12405,87.58,0.31,10,0,0,2026-09-08 12:45:04,1
2025-07-24,01170,1170.HK,信星集團,0.54,-10.0,888080,360179700.0,360179700.0,43431,20.45,0.25,10,0,0,2026-09-08 12:45:04,1
2025-07-24,06988,6988.HK,樂享集團,0.154,43.93,5451300,365276789.0,365276789.0,90620,60.16,1.49,10,0,0,2026-09-08 12:45:04,1
2025-07-24,01636,1636.HK,中國金屬利用,0.87,38.1,4402180,389895482.0,389895482.0,283247,15.54,1.13,10,0,0,2026-09-08 12:45:04,1
2025-07-24,01334,1334.HK,瑞昌國際控股,0.91,0.0,3256350,455000000.0,455000000.0,133494,24.39,0.72,10,0,0,2026-09-08 12:45:04,1
2025-07-24,08368,8368.HK,中國創意控股,0.94,1.08,1818260,650684656.0,650684656.0,142886,12.73,0.28,10,0,0,2026-09-08 12:45:04,1
2025-07-24,02392,2392.HK,玄武雲,1.35,16.38,5464200,749059650.0,749059650.0,249400,21.91,0.73,10,0,0,2026-09-08 12:45:04,1
2025-07-24,01204,1204.HK,博維智慧,1.63,9.4,1317600,815000000.0,815000000.0,27980,47.09,0.16,10,0,0,2026-09-08 12:45:04,1
2025-07-25,00352,352.HK,富陽,0.143,160.0,4694252,35204225.0,35204225.0,1239,3788.74,13.33,10,0,0,2026-09-08 12:45:05,1
2025-07-25,08402,8402.HK,高原之寶,0.156,0.65,2306000,74881560.0,74881560.0,57718,39.95,3.08,10,0,0,2026-09-08 12:45:05,1
2025-07-25,03683,3683.HK,榮豐億控股,0.085,-30.33,952100,80972149.0,80972149.0,150,6347.33,1.18,10,0,0,2026-09-08 12:45:05,1
2025-07-25,00348,348.HK,中國智能健康,0.12,34.83,1333270,110948500.0,110948500.0,52722,25.29,1.2,10,0,0,2026-09-08 12:45:05,1
2025-07-25,01620,1620.HK,富盈環球集團,0.118,35.63,2028300,141600000.0,141600000.0,42327,47.92,1.43,10,0,0,2026-09-08 12:45:05,1
2025-07-25,09918,9918.HK,麗年國際,1.48,25.42,1754700,148000000.0,148000000.0,11214,156.47,1.19,10,0,0,2026-09-08 12:45:05,1
2025-07-25,08462,8462.HK,中安控股集團,0.27,-15.62,4185200,162000000.0,162000000.0,397750,10.52,2.58,10,0,0,2026-09-08 12:45:05,1
2025-07-25,01129,1129.HK,中國水業集團,0.295,9.26,3152140,186497209.0,186497209.0,256001,12.31,1.69,10,0,0,2026-09-08 12:45:05,1
2025-07-25,01218,1218.HK,永義國際,1.6,-5.88,641690,236762890.0,236762890.0,18878,33.99,0.27,10,0,0,2026-09-08 12:45:05,1
2025-07-25,00500,500.HK,先豐服務集團,0.11,4.76,1730310,264372447.0,264372447.0,97431,17.76,0.65,10,0,0,2026-09-08 12:45:05,1
2025-07-25,00544,544.HK,大同集團,2.5,98.41,1235800,309226138.0,309226138.0,93219,13.26,0.4,10,0,0,2026-09-08 12:45:05,1
2025-07-25,01612,1612.HK,永勝醫療,0.78,27.87,17236620,514877089.0,514877089.0,663744,25.97,3.35,10,0,0,2026-09-08 12:45:05,1
2025-07-25,00433,433.HK,北方礦業,0.036,-2.7,3437040,540077054.0,540077054.0,268854,12.78,0.64,10,0,0,2026-09-08 12:45:05,1
2025-07-25,02392,2392.HK,玄武雲,1.5,11.11,8850200,832288500.0,832288500.0,752540,11.76,1.06,10,0,0,2026-09-08 12:45:05,1
2025-07-28,08425,8425.HK,興銘控股,0.061,5.17,604000,22936000.0,22936000.0,5820,103.78,2.63,10,0,0,2026-09-08 12:45:06,0
2025-07-28,08286,8286.HK,長城微光,0.146,44.55,747190,45093560.0,16060000.0,65671,11.38,1.66,10,0,0,2026-09-08 12:45:06,1
2025-07-28,08366,8366.HK,浙江聯合投資,0.039,116.67,1281600,61510800.0,61510800.0,210,6102.86,2.08,10,0,0,2026-09-08 12:45:06,1
2025-07-28,00574,574.HK,百信國際,0.05,51.52,2868390,99528803.0,99528803.0,50423,56.89,2.88,10,0,0,2026-09-08 12:45:06,1
2025-07-28,01695,1695.HK,椰豐集團,0.099,10.0,980900,106920000.0,106920000.0,32470,30.21,0.92,10,0,0,2026-09-08 12:45:06,1
2025-07-28,00876,876.HK,佳兆業健康,1.05,-4.55,2932700,108814392.0,108814392.0,85838,34.17,2.7,10,0,0,2026-09-08 12:45:06,1
2025-07-28,08535,8535.HK,熒德控股,0.091,1.11,3392280,109200000.0,109200000.0,51586,65.76,3.11,10,0,0,2026-09-08 12:45:06,1
2025-07-28,08106,8106.HK,芯化蘭德,0.265,167.68,6565880,148087610.0,83316000.0,61674,106.46,4.43,9,1,0,2026-09-08 12:45:06,1
2025-07-28,09918,9918.HK,麗年國際,1.85,25.0,4122720,185000000.0,185000000.0,186684,22.08,2.23,10,0,0,2026-09-08 12:45:06,1
2025-07-28,01459,1459.HK,巨匠建設,0.415,0.0,1415730,221344400.0,55344400.0,71060,19.92,0.64,10,0,0,2026-09-08 12:45:06,1
2025-07-28,03860,3860.HK,EPS創健科技,0.47,6.82,914200,273742024.0,273742024.0,83933,10.89,0.33,10,0,0,2026-09-08 12:45:06,1
2025-07-28,01201,1201.HK,天臣控股,0.85,41.67,1394950,373732444.0,373732444.0,38416,36.31,0.37,10,0,0,2026-09-08 12:45:06,1
2025-07-28,00582,582.HK,神話世界,0.116,-7.94,2129630,423571841.0,423571841.0,133242,15.98,0.5,10,0,0,2026-09-08 12:45:06,1
2025-07-28,06885,6885.HK,金馬能源,1.02,2.0,4005070,546129420.0,546129420.0,145209,27.58,0.73,10,0,0,2026-09-08 12:45:06,1
2025-07-28,01692,1692.HK,登輝控股,1.855,-14.71,2245520,665945000.0,665945000.0,183634,12.23,0.34,10,0,0,2026-09-08 12:45:06,1
2025-07-28,02438,2438.HK,出門問問,0.5,26.58,44848700,774422178.0,774422178.0,1973170,22.73,5.79,10,0,0,2026-09-08 12:45:06,1
2025-07-28,03882,3882.HK,天彩控股,0.83,-17.82,4619020,837127588.0,837127588.0,267305,17.28,0.55,10,0,0,2026-09-08 12:45:06,1
2025-07-28,00720,720.HK,意達利控股,0.149,0.68,684480,915234793.0,915234793.0,58266,11.75,0.07,10,0,0,2026-09-08 12:45:06,1
2025-07-29,01803,1803.HK,北京體育文化-新,0.13,7.44,522190,21965047.0,21965047.0,3988,130.94,2.38,10,0,0,2026-09-08 12:45:07,1
2025-07-29,01736,1736.HK,中國育兒網絡,1.1,100.0,12216960,56252023.0,56252023.0,22857,534.5,21.72,10,0,0,2026-09-08 12:45:07,1
2025-07-29,00602,602.HK,佳華百貨控股,0.06,15.38,3029720,62250000.0,62250000.0,266111,11.39,4.87,10,0,0,2026-09-08 12:45:07,1
2025-07-29,08125,8125.HK,榮記萬通,0.29,-6.45,603400,62852475.0,62852475.0,13946,43.27,0.96,10,0,0,2026-09-08 12:45:07,1
2025-07-29,08377,8377.HK,維港育馬,0.132,46.67,585200,71179926.0,71179926.0,9370,62.45,0.82,10,0,0,2026-09-08 12:45:07,1
2025-07-29,08262,8262.HK,宏強控股,0.086,-2.27,575040,79402940.0,79402940.0,12915,44.52,0.72,10,0,0,2026-09-08 12:45:07,1
2025-07-29,00261,261.HK,GBA集團,0.325,-2.99,4858030,107692545.0,107692545.0,192240,25.27,4.51,10,0,0,2026-09-08 12:45:07,1
2025-07-29,01102,1102.HK,環能國際,0.05,-3.85,6896380,139969287.0,139969287.0,88313,78.09,4.93,10,0,0,2026-09-08 12:45:07,1
2025-07-29,08613,8613.HK,東方支付集團控股,0.084,5.0,766100,161928200.0,161928200.0,29380,26.08,0.47,10,0,0,2026-09-08 12:45:07,1
2025-07-29,08106,8106.HK,芯化蘭德,0.38,43.4,9421540,212352045.0,119472000.0,784116,12.02,4.44,9,1,0,2026-09-08 12:45:07,1
2025-07-29,01613,1613.HK,協同通信,0.175,1.74,1026940,268776286.0,268776286.0,27630,37.17,0.38,10,0,0,2026-09-08 12:45:07,1
2025-07-29,01817,1817.HK,慕尚集團控股,0.33,3.12,730000,313500000.0,313500000.0,29710,24.57,0.23,10,0,0,2026-09-08 12:45:07,1
2025-07-29,08657,8657.HK,TRUE PARTNER,0.54,50.0,705510,329499090.0,329499090.0,3904,180.71,0.21,10,0,0,2026-09-08 12:45:07,1
2025-07-29,02376,2376.HK,魯商服務,3.206,1.26,1128380,427488040.0,106888040.0,87947,12.83,0.26,10,0,0,2026-09-08 12:45:07,1
2025-07-29,00730,730.HK,首惠產業金融,0.117,-1.68,523680,462610828.0,462610828.0,45982,11.39,0.11,10,0,0,2026-09-08 12:45:07,1
2025-07-29,00236,236.HK,香港生力啤,1.24,31.91,2774420,463227494.0,463227494.0,70423,39.4,0.6,10,0,0,2026-09-08 12:45:07,1
2025-07-29,01925,1925.HK,曠世芳香,1.17,0.0,4955430,473899140.0,473899140.0,236936,20.91,1.05,10,0,0,2026-09-08 12:45:07,1
2025-07-29,08611,8611.HK,九福來,0.89,8.14,2664450,530452634.0,530452634.0,263000,10.13,0.5,10,0,0,2026-09-08 12:45:07,1
2025-07-29,08521,8521.HK,智雲國際控股,0.91,5.81,849200,581490000.0,581490000.0,84280,10.08,0.15,10,0,0,2026-09-08 12:45:07,1
2025-07-29,02415,2415.HK,梅斯健康,1.389,6.11,2503080,843360450.0,843360450.0,199780,12.53,0.3,10,0,0,2026-09-08 12:45:07,1
2025-07-30,08446,8446.HK,耀星科技集團-新,0.16,31.15,3610500,9000844.0,9000844.0,124900,28.91,40.11,10,0,0,2026-09-08 12:45:08,1
2025-07-30,01710,1710.HK,致豐工業電子,0.166,19.42,1841220,166000000.0,166000000.0,63732,28.89,1.11,10,0,0,2026-09-08 12:45:08,1
2025-07-30,00036,36.HK,遠東控股國際,0.52,10.64,1210880,169902500.0,169902500.0,56159,21.56,0.71,10,0,0,2026-09-08 12:45:08,1
2025-07-30,02221,2221.HK,創業集團控股,0.82,18.84,8893750,188028635.0,188028635.0,84646,105.07,4.73,10,0,0,2026-09-08 12:45:08,1
2025-07-30,00120,120.HK,COSMOPOL INT'L,0.128,-5.88,2102190,209871430.0,209871430.0,188677,11.14,1.0,10,0,0,2026-09-08 12:45:08,1
2025-07-30,09958,9958.HK,力天影業,0.44,57.14,13701600,220000000.0,220000000.0,1278030,10.72,6.23,10,0,0,2026-09-08 12:45:08,1
2025-07-30,08158,8158.HK,中國再生醫學,0.89,50.85,5609790,270784707.0,270784707.0,187946,29.85,2.07,10,0,0,2026-09-08 12:45:08,1
2025-07-30,06033,6033.HK,電訊數碼控股,0.75,13.64,2559640,302814750.0,302814750.0,40049,63.91,0.85,10,0,0,2026-09-08 12:45:08,1
2025-07-30,01901,1901.HK,飛揚集團,0.32,28.0,15398540,319488000.0,319488000.0,1290523,11.93,4.82,10,0,0,2026-09-08 12:45:08,1
2025-07-30,01046,1046.HK,寰宇娛樂文化,0.395,3.95,1016130,358119749.0,358119749.0,23470,43.29,0.28,10,0,0,2026-09-08 12:45:08,1
2025-07-30,03938,3938.HK,LFG投資控股,0.77,28.33,20670930,377662206.0,377662206.0,1212017,17.05,5.47,10,0,0,2026-09-08 12:45:08,1
2025-07-30,02187,2187.HK,智欣集團控股,0.47,-2.08,618700,421872000.0,421872000.0,60100,10.29,0.15,10,0,0,2026-09-08 12:45:08,1
2025-07-30,00776,776.HK,帝國科技集團,0.703,-0.99,5076910,472301798.0,472301798.0,437364,11.61,1.07,10,0,0,2026-09-08 12:45:08,1
2025-07-30,08521,8521.HK,智雲國際控股,1.05,15.38,3599450,670950000.0,670950000.0,168805,21.32,0.54,10,0,0,2026-09-08 12:45:08,1
2025-07-31,08446,8446.HK,耀星科技集團-新,0.236,47.5,16564600,13276244.0,13276244.0,474630,34.9,124.77,10,0,0,2026-09-08 12:45:09,1
2025-07-31,02135,2135.HK,瑞麗醫美,0.129,9.32,584530,71862976.0,71862976.0,53436,10.94,0.81,10,0,0,2026-09-08 12:45:09,1
2025-07-31,00036,36.HK,遠東控股國際,0.56,7.69,8764390,182971923.0,182971923.0,176527,49.65,4.79,10,0,0,2026-09-08 12:45:09,1
2025-07-31,01075,1075.HK,首都信息,2.551,18.05,4172950,197574440.0,197574440.0,326287,12.79,0.56,10,0,0,2026-09-08 12:45:09,0
2025-07-31,01073,1073.HK,大禹金融,0.155,16.54,4435550,353192359.0,529788538.0,41281,107.45,0.84,10,0,0,2026-09-08 12:45:09,1
2025-07-31,00643,643.HK,恆富控股,0.445,21.92,3856550,400431272.0,400431272.0,309565,12.46,0.96,10,0,0,2026-09-08 12:45:09,1
2025-07-31,02187,2187.HK,智欣集團控股,0.465,-1.06,1343300,417384000.0,417384000.0,116240,11.56,0.32,10,0,0,2026-09-08 12:45:09,1
2025-07-31,02177,2177.HK,優趣匯控股,2.95,13.03,1440410,489389365.0,489389365.0,116864,12.33,0.29,10,0,0,2026-09-08 12:45:09,1
2025-07-31,00673,673.HK,中國衛生集團,0.5,12.11,26911400,693569096.0,693569096.0,735966,36.57,3.88,10,0,0,2026-09-08 12:45:09,1
2025-07-31,01183,1183.HK,澳能建設,0.19,14.46,2507780,756336646.0,756336646.0,239591,10.47,0.33,10,0,0,2026-09-08 12:45:09,1
2025-07-31,02167,2167.HK,天潤雲,4.93,33.6,7412620,854765372.0,854765372.0,443369,16.72,0.87,10,0,0,2026-09-08 12:45:09,1
2025-08-01,08221,8221.HK,高裕金融,0.88,-4.35,1975470,41888000.0,41888000.0,4158,475.1,4.72,10,0,0,2026-09-08 12:45:10,1
2025-08-01,01630,1630.HK,建成控股,0.053,23.26,544100,79500000.0,79500000.0,30030,18.12,0.68,10,0,0,2026-09-08 12:45:10,1
2025-08-01,01348,1348.HK,滉達富控股,0.071,-4.05,2251800,104670472.0,104670472.0,18359,122.65,2.15,10,0,0,2026-09-08 12:45:10,1
2025-08-01,08163,8163.HK,聲揚集團,0.106,0.95,3672000,108677095.0,108677095.0,15423,238.09,3.38,10,0,0,2026-09-08 12:45:10,1
2025-08-01,01715,1715.HK,智慧健康科技,0.35,0.0,7132900,126265958.0,126265958.0,630316,11.32,5.65,10,0,0,2026-09-08 12:45:10,1
2025-08-01,00092,92.HK,冠軍科技集團,0.193,-3.5,1115210,211839666.0,211839666.0,75632,14.75,0.53,10,0,0,2026-09-08 12:45:10,1
2025-08-01,06068,6068.HK,光正教育,0.131,16.96,5845610,285338174.0,285338174.0,94986,61.54,2.05,10,0,0,2026-09-08 12:45:10,1
2025-08-01,01657,1657.HK,樺欣控股,9.63,8.45,553900,308160000.0,308160000.0,46160,12.0,0.18,10,0,0,2026-09-08 12:45:10,1
2025-08-01,08300,8300.HK,今米房集團,0.142,10.94,1141300,375357120.0,375357120.0,92020,12.4,0.3,10,0,0,2026-09-08 12:45:10,1
2025-08-01,00124,124.HK,粵海置地,0.28,9.8,9679180,479230318.0,479230318.0,953706,10.15,2.02,10,0,0,2026-09-08 12:45:10,1
2025-08-01,01028,1028.HK,千百度,0.207,-3.27,929130,515926800.0,515926800.0,21864,42.5,0.18,10,0,0,2026-09-08 12:45:10,1
2025-08-01,01100,1100.HK,飛達控股,1.4,8.53,1471480,600830227.0,600830227.0,69176,21.27,0.24,10,0,0,2026-09-08 12:45:10,1
2025-08-01,02625,2625.HK,江蘇宏信,2.6,-2.62,3238000,612662869.0,612662869.0,286710,11.29,0.53,10,0,0,2026-09-08 12:45:10,1
2025-08-01,02442,2442.HK,怡俊集團控股,1.92,23.87,4635400,783360000.0,783360000.0,121714,38.08,0.59,10,0,0,2026-09-08 12:45:10,1
2025-08-04,02195,2195.HK,盈匯企業控股,0.53,17.78,881480,89645714.0,89645714.0,25248,34.91,0.98,10,0,0,2026-09-08 12:45:11,1
2025-08-04,01991,1991.HK,大洋集團,0.76,5.56,1598800,130725092.0,130725092.0,143325,11.16,1.22,10,0,0,2026-09-08 12:45:11,1
2025-08-04,06918,6918.HK,九泰數智,0.161,19.26,3153530,140776275.0,140776275.0,210083,15.01,2.24,10,0,0,2026-09-08 12:45:11,1
2025-08-04,01771,1771.HK,新豐泰集團,0.24,0.42,541200,144000000.0,144000000.0,17853,30.31,0.38,10,0,0,2026-09-08 12:45:11,1
2025-08-04,00387,387.HK,力豐(集團),0.64,28.0,2620680,147248680.0,147248680.0,61512,42.6,1.78,10,0,0,2026-09-08 12:45:11,1
2025-08-04,01967,1967.HK,信懇智能,0.61,46.99,1701300,183000000.0,183000000.0,54330,31.31,0.93,10,0,0,2026-09-08 12:45:11,1
2025-08-04,00723,723.HK,信保環球控股,0.32,-22.89,2945700,350029286.0,350029286.0,289120,10.19,0.84,10,0,0,2026-09-08 12:45:11,1
2025-08-04,01080,1080.HK,勝利管道,0.093,30.99,6178620,360316001.0,360316001.0,457112,13.52,1.71,10,0,0,2026-09-08 12:45:11,1
2025-08-04,02210,2210.HK,京城佳業,2.889,-13.48,1476320,423721541.0,105931541.0,125709,11.74,0.35,10,0,0,2026-09-08 12:45:11,1
2025-08-04,01985,1985.HK,美高域,1.55,4.73,8537840,474879700.0,474879700.0,185726,45.97,1.8,10,0,0,2026-09-08 12:45:11,1
2025-08-04,01565,1565.HK,成實外教育,0.213,-2.29,1165520,646835631.0,646835631.0,71237,16.36,0.18,10,0,0,2026-09-08 12:45:11,1
2025-08-04,00156,156.HK,力寶華潤,0.71,-2.74,2264910,652270802.0,652270802.0,98644,22.96,0.35,10,0,0,2026-09-08 12:45:11,1
2025-08-04,02625,2625.HK,江蘇宏信,2.81,8.08,7251900,662147178.0,662147178.0,597260,12.14,1.1,10,0,0,2026-09-08 12:45:11,1
2025-08-04,00420,420.HK,福田實業,0.573,7.5,2329430,701940448.0,701940448.0,135524,17.19,0.33,10,0,0,2026-09-08 12:45:11,1
2025-08-04,00306,306.HK,冠忠巴士集團,1.89,5.59,1353140,901108231.0,901108231.0,132916,10.18,0.15,10,0,0,2026-09-08 12:45:11,1
2025-08-04,00727,727.HK,中國豐匯,0.785,-4.03,1573200,998397540.0,998397540.0,102357,15.37,0.16,10,0,0,2026-09-08 12:45:11,1
2025-08-05,03728,3728.HK,正利控股,0.048,14.29,798860,48624000.0,48624000.0,29206,27.35,1.64,10,0,0,2026-09-08 12:45:12,1
2025-08-05,08035,8035.HK,駿高控股,0.09,8.43,2602700,54000000.0,54000000.0,216730,12.01,4.82,10,0,0,2026-09-08 12:45:12,1
2025-08-05,08537,8537.HK,創輝珠寶,0.232,48.72,1672990,83520000.0,83520000.0,14434,115.9,2.0,9,1,0,2026-09-08 12:45:12,1
2025-08-05,01967,1967.HK,信懇智能,0.62,1.64,6918300,186000000.0,186000000.0,219110,31.57,3.72,10,0,0,2026-09-08 12:45:12,1
2025-08-05,01540,1540.HK,澳獅環球,0.41,0.0,1328330,204455447.0,204455447.0,119023,11.16,0.65,10,0,0,2026-09-08 12:45:12,1
2025-08-05,01449,1449.HK,立德教育,0.275,3.77,4849720,220000000.0,220000000.0,432830,11.2,2.2,10,0,0,2026-09-08 12:45:12,1
2025-08-05,00865,865.HK,建德國際控股,0.038,11.76,673510,221843608.0,221843608.0,64268,10.48,0.3,10,0,0,2026-09-08 12:45:12,1
2025-08-05,01667,1667.HK,迪米生活控股,0.3,122.22,1847360,288000000.0,288000000.0,4050,456.14,0.64,10,0,0,2026-09-08 12:45:12,1
2025-08-05,00022,22.HK,茂盛控股,8.6,3.61,3188040,338218710.0,338218710.0,309766,10.29,0.94,10,0,0,2026-09-08 12:45:12,1
2025-08-05,01020,1020.HK,中細軟科技,0.062,6.9,995830,370957284.0,370957284.0,95559,10.42,0.27,10,0,0,2026-09-08 12:45:12,1
2025-08-05,00767,767.HK,中基長壽科學,0.6,11.11,7025970,381992580.0,381992580.0,618992,11.35,1.84,10,0,0,2026-09-08 12:45:12,1
2025-08-05,01938,1938.HK,珠江鋼管,0.39,27.87,2155160,394345380.0,394345380.0,212632,10.14,0.55,10,0,0,2026-09-08 12:45:12,1
2025-08-05,02350,2350.HK,數科集團,0.479,15.7,9882250,419125000.0,419125000.0,818370,12.08,2.36,10,0,0,2026-09-08 12:45:12,1
2025-08-05,01418,1418.HK,盛諾集團,0.255,-15.0,1382910,446250510.0,446250510.0,56464,24.49,0.31,10,0,0,2026-09-08 12:45:12,1
2025-08-05,08223,8223.HK,紫元元,1.01,7.45,46120440,521160000.0,521160000.0,1528020,30.18,8.85,10,0,0,2026-09-08 12:45:12,1
2025-08-05,02427,2427.HK,GUANZE MEDICAL,0.55,17.02,1426450,522500000.0,522500000.0,116332,12.26,0.27,10,0,0,2026-09-08 12:45:12,1
2025-08-05,08021,8021.HK,匯隆控股,0.8,11.11,3262000,574684042.0,574684042.0,112119,29.09,0.57,10,0,0,2026-09-08 12:45:12,1
2025-08-06,08245,8245.HK,烽翼集團,0.192,-1.03,1759530,39709684.0,55591924.0,18069,97.38,3.17,10,0,0,2026-09-08 12:45:13,1
2025-08-06,08160,8160.HK,GOLDWAY EDU,0.42,0.0,2924280,90212615.0,90212615.0,62706,46.63,3.24,10,0,0,2026-09-08 12:45:13,1
2025-08-06,01561,1561.HK,聯洋智能控股,0.096,52.38,1906280,102283594.0,102283594.0,18763,101.6,1.86,10,0,0,2026-09-08 12:45:13,1
2025-08-06,08176,8176.HK,超人智能,0.159,45.87,978800,113764616.0,113764616.0,50092,19.54,0.86,10,0,0,2026-09-08 12:45:13,0
2025-08-06,08535,8535.HK,熒德控股,0.106,8.16,5533700,127200000.0,127200000.0,394704,14.02,4.35,10,0,0,2026-09-08 12:45:13,1
2025-08-06,00276,276.HK,蒙古能源,0.69,2.99,840390,129806836.0,129806836.0,75689,11.1,0.65,10,0,0,2026-09-08 12:45:13,1
2025-08-06,02728,2728.HK,金泰能源控股,0.031,0.0,564750,138105648.0,138105648.0,44738,12.62,0.41,10,0,0,2026-09-08 12:45:13,1
2025-08-06,00572,572.HK,未來世界控股,0.47,-11.32,1273710,141708709.0,141708709.0,29705,42.88,0.9,10,0,0,2026-09-08 12:45:13,1
2025-08-06,02381,2381.HK,蜆殼電業,0.098,5.38,833040,196000000.0,196000000.0,47169,17.66,0.43,10,0,0,2026-09-08 12:45:13,1
2025-08-06,01991,1991.HK,大洋集團,1.14,37.35,3687940,196087638.0,196087638.0,309646,11.91,1.88,10,0,0,2026-09-08 12:45:13,1
2025-08-06,00423,423.HK,經濟日報集團,0.77,0.0,1075600,332332000.0,332332000.0,80314,13.39,0.32,10,0,0,2026-09-08 12:45:13,1
2025-08-06,00969,969.HK,華聯國際,0.169,34.13,519900,370309420.0,370309420.0,9393,55.35,0.14,10,0,0,2026-09-08 12:45:13,1
2025-08-06,00096,96.HK,友成控股,0.635,16.51,931340,404208996.0,404208996.0,34434,27.05,0.23,10,0,0,2026-09-08 12:45:13,1
2025-08-06,01079,1079.HK,松景科技,0.212,54.74,42921450,453691153.0,453691153.0,1147456,37.41,9.46,5,1,0,2026-09-08 12:45:13,1
2025-08-06,02237,2237.HK,中國石墨,0.38,7.04,4450150,608000000.0,608000000.0,307185,14.49,0.73,10,0,0,2026-09-08 12:45:13,1
2025-08-07,08003,8003.HK,世大控股,0.184,64.29,3144740,61137599.0,61137599.0,122,25776.56,5.14,10,0,0,2026-09-08 12:45:14,1
2025-08-07,00784,784.HK,愛生命國際,0.089,36.92,706800,71200000.0,71200000.0,42120,16.78,0.99,10,0,0,2026-09-08 12:45:14,1
2025-08-07,01750,1750.HK,全達電器集團控股,0.044,25.71,2423000,79200000.0,79200000.0,41990,57.7,3.06,10,0,0,2026-09-08 12:45:14,1
2025-08-07,08401,8401.HK,華夏水務集團,0.108,-10.74,4563300,87826746.0,87826746.0,137447,33.2,5.2,10,0,0,2026-09-08 12:45:14,1
2025-08-07,02122,2122.HK,凱知樂國際,0.077,14.93,834020,104405400.0,104405400.0,16751,49.79,0.8,10,0,0,2026-09-08 12:45:14,1
2025-08-07,01720,1720.HK,普天通信集團,0.135,22.73,1178500,148500000.0,148500000.0,63360,18.6,0.79,10,0,0,2026-09-08 12:45:14,1
2025-08-07,09916,9916.HK,興業物聯,0.4,2.56,511110,160000000.0,160000000.0,18465,27.68,0.32,10,0,0,2026-09-08 12:45:14,1
2025-08-07,02203,2203.HK,腦洞科技,0.212,9.28,4244600,169600000.0,169600000.0,280320,15.14,2.5,10,0,0,2026-09-08 12:45:14,1
2025-08-07,01355,1355.HK,生物系統工程,0.101,0.0,2875000,180749372.0,180749372.0,29192,98.49,1.59,10,0,0,2026-09-08 12:45:14,1
2025-08-07,01826,1826.HK,豐展控股,0.082,-7.87,861260,196603200.0,196603200.0,45100,19.1,0.44,10,0,0,2026-09-08 12:45:14,1
2025-08-07,06893,6893.HK,衍生集團,0.216,40.26,1254410,235827936.0,235827936.0,6468,193.94,0.53,10,0,0,2026-09-08 12:45:14,1
2025-08-07,00989,989.HK,中國長白山國際,0.83,22.06,1094460,298951010.0,298951010.0,86252,12.69,0.37,10,0,0,2026-09-08 12:45:14,1
2025-08-07,08050,8050.HK,城市酷選,1.625,27.45,1006590,440781250.0,440781250.0,90685,11.1,0.23,10,0,0,2026-09-08 12:45:14,1
2025-08-07,00825,825.HK,新世界百貨中國,0.34,17.24,6903640,573289300.0,573289300.0,52999,130.26,1.2,10,0,0,2026-09-08 12:45:14,1
2025-08-08,08472,8472.HK,立高控股,0.41,-2.38,1805170,47232000.0,47232000.0,11541,156.41,3.82,10,0,0,2026-09-08 12:45:15,1
2025-08-08,01470,1470.HK,富一國際控股,0.106,55.88,1085400,84800000.0,84800000.0,7710,140.78,1.28,10,0,0,2026-09-08 12:45:15,1
2025-08-08,08271,8271.HK,環球數碼創意,0.065,38.3,562750,97715120.0,97715120.0,19902,28.28,0.58,10,0,0,2026-09-08 12:45:15,1
2025-08-08,08507,8507.HK,愛世紀集團,0.125,1.63,509800,100000000.0,100000000.0,1645,309.91,0.51,10,0,0,2026-09-08 12:45:15,1
2025-08-08,02728,2728.HK,金泰能源控股,0.031,0.0,1900850,138105648.0,138105648.0,107635,17.66,1.38,10,0,0,2026-09-08 12:45:15,1
2025-08-08,01716,1716.HK,毛記葵湧,0.58,24.73,3572030,156600000.0,156600000.0,27320,130.75,2.28,10,0,0,2026-09-08 12:45:15,1
2025-08-08,03302,3302.HK,精技集團,0.179,39.84,2532610,164750418.0,164750418.0,98058,25.83,1.54,10,0,0,2026-09-08 12:45:15,1
2025-08-08,00821,821.HK,匯盈控股,0.547,15.64,4309390,202983615.0,202983615.0,420998,10.24,2.12,10,0,0,2026-09-08 12:45:15,1
2025-08-08,00352,352.HK,富陽,0.83,144.12,36433889,204332214.0,204332214.0,1694618,21.5,17.83,10,0,0,2026-09-08 12:45:15,1
2025-08-08,01389,1389.HK,美捷匯控股,0.38,-3.8,723770,210646666.0,210646666.0,60938,11.88,0.34,10,0,0,2026-09-08 12:45:15,1
2025-08-08,08229,8229.HK,未來數據集團,0.47,27.03,3206000,261075600.0,261075600.0,15563,206.0,1.23,10,0,0,2026-09-08 12:45:15,1
2025-08-08,00476,476.HK,科軒動力控股,0.8,17.65,3038960,284519287.0,284519287.0,282021,10.78,1.07,10,0,0,2026-09-08 12:45:15,1
2025-08-08,00361,361.HK,漢成發展控股,0.052,20.93,826840,304265000.0,304265000.0,25384,32.57,0.27,10,0,0,2026-09-08 12:45:15,1
2025-08-08,01397,1397.HK,碧瑤綠色集團,0.83,22.06,7597960,344450000.0,344450000.0,128357,59.19,2.21,10,0,0,2026-09-08 12:45:15,1
2025-08-08,00953,953.HK,邵氏兄弟控股,0.265,21.56,17635230,376196650.0,376196650.0,1285156,13.72,4.69,10,0,0,2026-09-08 12:45:15,1
2025-08-08,00585,585.HK,意力國際(五百),0.7,62.79,1955070,580945100.0,580945100.0,40475,48.3,0.34,10,0,0,2026-09-08 12:45:15,1
2025-08-08,01780,1780.HK,榮尊國際控股,1.08,-1.82,1103400,669600000.0,669600000.0,56573,19.5,0.16,10,0,0,2026-09-08 12:45:15,1
2025-08-08,02289,2289.HK,創美藥業,6.267,-1.72,2822680,676836000.0,676836000.0,8762,322.15,0.42,10,0,0,2026-09-08 12:45:15,1
2025-08-08,00266,266.HK,天德地產,1.91,-0.52,612000,906737784.0,906737784.0,20625,29.67,0.07,10,0,0,2026-09-08 12:45:15,1
2025-08-08,00898,898.HK,萬事昌國際,1.09,22.47,961370,911320898.0,911320898.0,15820,60.77,0.11,10,0,0,2026-09-08 12:45:15,1
2025-08-11,00810,810.HK,中國鑄晨81,0.113,-1.74,504020,80540880.0,80540880.0,26526,19.0,0.63,10,0,0,2026-09-08 12:45:16,1
2025-08-11,01722,1722.HK,建鵬控股,0.086,32.31,600200,94600000.0,94600000.0,31720,18.92,0.63,10,0,0,2026-09-08 12:45:16,1
2025-08-11,01315,1315.HK,綠色經濟,0.17,14.09,580890,105718974.0,105718974.0,3364,172.68,0.55,10,0,0,2026-09-08 12:45:16,1
2025-08-11,01843,1843.HK,快餐帝國,0.162,33.88,763850,129600000.0,129600000.0,8878,86.04,0.59,10,0,0,2026-09-08 12:45:16,1
2025-08-11,02682,2682.HK,潤利海事,0.146,14.06,1328700,146000000.0,146000000.0,29260,45.41,0.91,10,0,0,2026-09-08 12:45:16,1
2025-08-11,01470,1470.HK,富一國際控股,0.265,150.0,7859200,212000000.0,212000000.0,116250,67.61,3.71,10,0,0,2026-09-08 12:45:16,1
2025-08-11,00498,498.HK,藍河控股,0.221,145.56,3811330,230049091.0,230049091.0,5825,654.31,1.66,10,0,0,2026-09-08 12:45:16,1
2025-08-11,01949,1949.HK,佰達國際控股,1.01,55.38,16095990,232704000.0,232704000.0,421319,38.2,6.92,10,0,0,2026-09-08 12:45:16,1
2025-08-11,01129,1129.HK,中國水業集團,0.38,20.63,3368270,240233693.0,240233693.0,279401,12.06,1.4,10,0,0,2026-09-08 12:45:16,1
2025-08-11,00832,832.HK,建業地產,0.101,2.02,509350,306951735.0,306951735.0,33080,15.4,0.17,10,0,0,2026-09-08 12:45:16,1
2025-08-11,00254,254.HK,國家聯合資源,0.46,27.78,691520,310850906.0,310850906.0,60089,11.51,0.22,10,0,0,2026-09-08 12:45:16,1
2025-08-11,06188,6188.HK,迪信通,0.49,44.12,2670500,434365596.0,268892596.0,199550,13.38,0.61,10,0,0,2026-09-08 12:45:16,1
2025-08-11,03688,3688.HK,萊蒙國際,0.42,5.0,1426720,593347625.0,593347625.0,3873,368.38,0.24,10,0,0,2026-09-08 12:45:16,0
2025-08-11,00585,585.HK,意力國際(五百),0.85,21.43,4133500,705433336.0,705433336.0,235982,17.52,0.59,10,0,0,2026-09-08 12:45:16,1
2025-08-11,00206,206.HK,華商能源,0.249,7.33,2520540,807615045.0,807615045.0,93780,26.88,0.31,10,0,0,2026-09-08 12:45:16,1
2025-08-11,06811,6811.HK,太興集團,0.905,5.85,10815780,879134195.0,879134195.0,463830,23.32,1.23,10,0,0,2026-09-08 12:45:16,1
2025-08-11,00627,627.HK,共生智築,0.65,0.0,1885000,923437620.0,923437620.0,74568,25.28,0.2,10,0,0,2026-09-08 12:45:16,1
2025-08-12,03603,3603.HK,信基沙溪,0.055,30.95,534260,82111920.0,82111920.0,14126,37.82,0.65,10,0,0,2026-09-08 12:45:17,1
2025-08-12,01259,1259.HK,未來發展控股,0.038,46.15,4031700,83727718.0,83727718.0,119125,33.84,4.82,10,0,0,2026-09-08 12:45:17,1
2025-08-12,02113,2113.HK,世紀集團國際,0.136,122.95,2973100,109446000.0,109446000.0,27850,106.75,2.72,10,0,0,2026-09-08 12:45:17,1
2025-08-12,00899,899.HK,中加國信,0.251,-8.39,728690,111734911.0,111734911.0,36877,19.76,0.65,10,0,0,2026-09-08 12:45:17,1
2025-08-12,01757,1757.HK,環球華商俱樂部,0.109,6.86,592800,130800000.0,130800000.0,13160,45.05,0.45,10,0,0,2026-09-08 12:45:17,1
2025-08-12,00947,947.HK,摩比發展,0.165,16.2,1012320,131479441.0,131479441.0,39384,25.7,0.77,10,0,0,2026-09-08 12:45:17,1
2025-08-12,09929,9929.HK,澳達控股,0.074,15.62,1729700,148000000.0,148000000.0,18790,92.05,1.17,10,0,0,2026-09-08 12:45:17,1
2025-08-12,02132,2132.HK,譽燊豐控股,0.111,6.73,952860,177600000.0,177600000.0,45743,20.83,0.54,10,0,0,2026-09-08 12:45:17,1
2025-08-12,01775,1775.HK,精英匯集團,0.35,73.27,4029870,186554200.0,186554200.0,44033,91.52,2.16,10,0,0,2026-09-08 12:45:17,1
2025-08-12,02028,2028.HK,映美控股,0.223,150.56,7249320,191408504.0,191408504.0,22881,316.83,3.79,10,0,0,2026-09-08 12:45:17,1
2025-08-12,01620,1620.HK,富盈環球集團,0.18,57.89,1611090,216000000.0,216000000.0,79909,20.16,0.75,10,0,0,2026-09-08 12:45:17,1
2025-08-12,01831,1831.HK,十方控股,0.213,56.62,2081580,229070754.0,229070754.0,73112,28.47,0.91,10,0,0,2026-09-08 12:45:17,1
2025-08-12,01407,1407.HK,交運燃氣,0.639,8.49,5900200,281160000.0,281160000.0,352732,16.73,2.1,10,0,0,2026-09-08 12:45:17,1
2025-08-12,01623,1623.HK,海隆控股,0.167,-1.76,4523710,283305246.0,283305246.0,318693,14.19,1.6,10,0,0,2026-09-08 12:45:17,1
2025-08-12,06119,6119.HK,天源集團,0.49,30.67,1730100,294000000.0,294000000.0,19485,88.79,0.59,10,0,0,2026-09-08 12:45:17,1
2025-08-12,00924,924.HK,坤集團,0.32,-8.57,624600,320000000.0,320000000.0,29650,21.07,0.2,10,0,0,2026-09-08 12:45:17,1
2025-08-12,01949,1949.HK,佰達國際控股,1.625,60.89,22197070,374400000.0,374400000.0,1945974,11.41,5.93,10,0,0,2026-09-08 12:45:17,1
2025-08-12,00828,828.HK,王朝酒業,0.3,1.69,676660,422521766.0,422521766.0,60750,11.14,0.16,10,0,0,2026-09-08 12:45:17,1
2025-08-12,01202,1202.HK,四威科技,1.069,8.09,1656240,427600000.0,171040000.0,134184,12.34,0.39,10,0,0,2026-09-08 12:45:17,1
2025-08-12,00244,244.HK,先施,0.335,34.0,2091680,440177458.0,440177458.0,45892,45.58,0.48,10,0,0,2026-09-08 12:45:17,1
2025-08-12,02146,2146.HK,榮萬家,1.34,5.51,2004250,503840000.0,125960000.0,4849,413.33,0.4,10,0,0,2026-09-08 12:45:17,1
2025-08-12,00528,528.HK,金達控股,1.02,-8.93,671520,642271560.0,642271560.0,53200,12.62,0.1,10,0,0,2026-09-08 12:45:17,1
2025-08-12,02458,2458.HK,望塵科技控股,4.8,0.0,626500,685008614.0,685008614.0,30709,20.4,0.09,10,0,0,2026-09-08 12:45:17,1
2025-08-12,00212,212.HK,南洋集團,23.7,-2.31,1362500,805035391.0,805035391.0,31993,42.59,0.17,10,0,0,2026-09-08 12:45:17,1
2025-08-12,06188,6188.HK,迪信通,0.92,87.76,10514500,815543568.0,504859568.0,458080,22.95,1.29,10,0,0,2026-09-08 12:45:17,1
2025-08-13,08430,8430.HK,春能控股,0.16,-11.11,923270,26693632.0,26693632.0,71701,12.88,3.46,10,0,0,2026-09-08 12:45:18,1
2025-08-13,00193,193.HK,冠中地產,0.227,5.58,702520,52936981.0,52936981.0,11097,63.31,1.33,10,0,0,2026-09-08 12:45:18,1
2025-08-13,01340,1340.HK,惠生國際,0.392,22.5,612490,54262874.0,54262874.0,56325,10.87,1.13,10,0,0,2026-09-08 12:45:18,1
2025-08-13,02358,2358.HK,久融控股,0.011,0.0,595640,60192000.0,60192000.0,50747,11.74,0.99,10,0,0,2026-09-08 12:45:18,1
2025-08-13,08052,8052.HK,陸慶娛樂,0.115,45.57,917820,63049440.0,63049440.0,44931,20.43,1.46,10,0,0,2026-09-08 12:45:18,1
2025-08-13,02147,2147.HK,正味集團,0.96,20.0,4090040,64512000.0,64512000.0,383465,10.67,6.34,10,0,0,2026-09-08 12:45:18,1
2025-08-13,01889,1889.HK,三愛健康集團,0.51,43.66,5966200,77978334.0,77978334.0,25599,233.06,7.65,10,0,0,2026-09-08 12:45:18,1
2025-08-13,01629,1629.HK,冠均國際控股,0.18,21.62,639100,98296657.0,98296657.0,31740,20.14,0.65,10,0,0,2026-09-08 12:45:18,1
2025-08-13,08283,8283.HK,中食民安,0.363,-10.37,3267760,125452800.0,125452800.0,59290,55.11,2.6,10,0,0,2026-09-08 12:45:18,1
2025-08-13,01241,1241.HK,雙樺控股,0.2,58.73,1505940,130000000.0,130000000.0,7780,193.57,1.16,10,0,0,2026-09-08 12:45:18,0
2025-08-13,00637,637.HK,利記,0.229,57.93,4774930,189783750.0,189783750.0,2424,1969.86,2.52,10,0,0,2026-09-08 12:45:18,1
2025-08-13,00442,442.HK,域能控股,0.85,16.44,774570,220277500.0,220277500.0,4014,192.97,0.35,10,0,0,2026-09-08 12:45:18,1
2025-08-13,01757,1757.HK,環球華商俱樂部,0.196,79.82,5172000,235200000.0,235200000.0,72440,71.4,2.2,10,0,0,2026-09-08 12:45:18,1
2025-08-13,06882,6882.HK,東瀛遊,0.525,-10.26,3508460,263786250.0,263786250.0,204524,17.15,1.33,10,0,0,2026-09-08 12:45:18,1
2025-08-13,01222,1222.HK,宏安集團,0.023,0.0,1667490,311390030.0,311390030.0,62585,26.64,0.54,10,0,0,2026-09-08 12:45:18,1
2025-08-13,00209,209.HK,萬維智能科技,2.163,44.78,7487590,321350810.0,321350810.0,1497,5001.73,2.33,10,0,0,2026-09-08 12:45:18,1
2025-08-13,02497,2497.HK,富景中國控股,0.82,1.23,1249500,410000000.0,410000000.0,48530,25.75,0.3,10,0,0,2026-09-08 12:45:18,1
2025-08-13,00970,970.HK,新耀萊,0.64,6.67,1415660,432231789.0,432231789.0,35408,39.98,0.33,10,0,0,2026-09-08 12:45:18,1
2025-08-13,00166,166.HK,新時代集團控股,0.052,-1.89,553580,454572403.0,454572403.0,50208,11.03,0.12,10,0,0,2026-09-08 12:45:18,1
2025-08-13,01098,1098.HK,路勁,0.79,-9.2,1272220,591975887.0,591975887.0,96901,13.13,0.21,10,0,0,2026-09-08 12:45:18,1
2025-08-13,01084,1084.HK,綠新生物科技,0.678,0.0,604540,592653360.0,592653360.0,58986,10.25,0.1,10,0,0,2026-09-08 12:45:18,1
2025-08-13,00167,167.HK,IDT INT'L,1.28,-1.54,511950,665579752.0,665579752.0,32284,15.86,0.08,10,0,0,2026-09-08 12:45:18,1
2025-08-13,02530,2530.HK,紐曼思,0.675,8.0,668640,675000000.0,675000000.0,31912,20.95,0.1,10,0,0,2026-09-08 12:45:18,1
2025-08-13,00206,206.HK,華商能源,0.247,-5.0,13913350,801128177.0,801128177.0,375547,37.05,1.74,10,0,0,2026-09-08 12:45:18,1
2025-08-13,02481,2481.HK,雙良睿能,2.776,1.46,2562830,837241600.0,837241600.0,45316,56.55,0.31,10,0,0,2026-09-08 12:45:18,1
2025-08-14,00428,428.HK,中國天弓控股,0.31,10.71,1738240,47820053.0,47820053.0,124675,13.94,3.63,10,0,0,2026-09-08 12:45:19,1
2025-08-14,01064,1064.HK,中華國際,0.066,50.0,2360230,50728690.0,50728690.0,8142,289.88,4.65,10,0,0,2026-09-08 12:45:19,1
2025-08-14,00193,193.HK,冠中地產,0.232,2.2,888330,54102994.0,54102994.0,78975,11.25,1.64,10,0,0,2026-09-08 12:45:19,1
2025-08-14,00145,145.HK,信能低碳,0.194,5.43,2128460,71043152.0,71043152.0,185722,11.46,3.0,10,0,0,2026-09-08 12:45:19,1
2025-08-14,08120,8120.HK,國農金融投資,0.465,-4.12,596780,75621443.0,75621443.0,5130,116.33,0.79,10,0,0,2026-09-08 12:45:19,1
2025-08-14,00660,660.HK,瑋俊生物科技,0.239,21.32,575530,91850039.0,91850039.0,29453,19.54,0.63,10,0,0,2026-09-08 12:45:19,1
2025-08-14,01452,1452.HK,迪諾斯環保,0.122,24.49,1090000,94025122.0,94025122.0,10360,105.21,1.16,10,0,0,2026-09-08 12:45:19,1
2025-08-14,00889,889.HK,連達科技控股,0.31,8.77,526670,99200000.0,99200000.0,968,544.08,0.53,10,0,0,2026-09-08 12:45:19,1
2025-08-14,02022,2022.HK,遊萊互動,0.068,33.33,2692400,136000000.0,136000000.0,23360,115.26,1.98,10,0,0,2026-09-08 12:45:19,1
2025-08-14,02113,2113.HK,世紀集團國際,0.172,36.51,6049400,138417000.0,138417000.0,361890,16.72,4.37,10,0,0,2026-09-08 12:45:19,1
2025-08-14,08601,8601.HK,寶燵控股,0.268,1.9,1456150,214400000.0,214400000.0,11225,129.72,0.68,10,0,0,2026-09-08 12:45:19,1
2025-08-14,00653,653.HK,卓悅控股,0.119,36.78,10276000,223110490.0,223110490.0,58350,176.11,4.61,10,0,0,2026-09-08 12:45:19,1
2025-08-14,01682,1682.HK,杭品生活科技,0.145,27.19,751420,227918830.0,227918830.0,16193,46.4,0.33,10,0,0,2026-09-08 12:45:19,1
2025-08-14,01046,1046.HK,寰宇娛樂文化,0.33,-5.71,755380,299188651.0,299188651.0,17250,43.79,0.25,10,0,0,2026-09-08 12:45:19,1
2025-08-14,00328,328.HK,ALCO HOLDINGS,1.13,1.99,3492990,323623129.0,323623129.0,214778,16.26,1.08,10,0,0,2026-09-08 12:45:19,1
2025-08-14,06866,6866.HK,佐力科創,0.31,3.33,972710,365800000.0,93000000.0,93195,10.44,0.27,10,0,0,2026-09-08 12:45:19,1
2025-08-14,02136,2136.HK,利福中國,0.27,3.85,3116280,395401095.0,395401095.0,227118,13.72,0.79,10,0,0,2026-09-08 12:45:19,1
2025-08-14,00974,974.HK,中國順客隆,1.38,119.05,4459870,400830660.0,400830660.0,4304,1036.22,1.11,10,0,0,2026-09-08 12:45:19,1
2025-08-14,00970,970.HK,新耀萊,0.6,-6.25,4160790,405217302.0,405217302.0,155164,26.82,1.03,10,0,0,2026-09-08 12:45:19,1
2025-08-14,01778,1778.HK,彩生活,0.237,10.23,4516940,440679505.0,440679505.0,449585,10.05,1.02,10,0,0,2026-09-08 12:45:19,1
2025-08-14,01098,1098.HK,路勁,0.73,-7.59,2445100,547015693.0,547015693.0,215620,11.34,0.45,10,0,0,2026-09-08 12:45:19,1
2025-08-14,00610,610.HK,惠記集團,0.69,-2.82,1171440,547255583.0,547255583.0,54616,21.45,0.21,10,0,0,2026-09-08 12:45:19,1
2025-08-14,01813,1813.HK,合景泰富集團,0.249,-24.55,16103140,851302102.0,851302102.0,823159,19.56,1.89,10,0,0,2026-09-08 12:45:19,1
2025-08-14,03315,3315.HK,金邦達寶嘉,1.09,23.86,12893810,878324180.0,878324180.0,385788,33.42,1.47,10,0,0,2026-09-08 12:45:19,1
2025-08-15,08365,8365.HK,亦辰集團,0.45,52.54,2999980,89437248.0,89437248.0,60725,49.4,3.35,10,0,0,2026-09-08 12:45:20,1
2025-08-15,00660,660.HK,瑋俊生物科技,0.305,27.62,1545730,117214484.0,117214484.0,86997,17.77,1.32,10,0,0,2026-09-08 12:45:20,1
2025-08-15,02372,2372.HK,偉立控股,0.233,7.37,572400,186400000.0,186400000.0,32440,17.64,0.31,10,0,0,2026-09-08 12:45:20,1
2025-08-15,06816,6816.HK,瑞港建設,0.26,130.09,3291700,208000000.0,208000000.0,2944,1118.1,1.58,10,0,0,2026-09-08 12:45:20,1
2025-08-15,00380,380.HK,中國管業,0.162,4.52,780950,215827092.0,215827092.0,70023,11.15,0.36,10,0,0,2026-09-08 12:45:20,1
2025-08-15,02885,2885.HK,彼岸控股,0.552,-3.5,2708640,220800000.0,220800000.0,204652,13.24,1.23,10,0,0,2026-09-08 12:45:20,1
2025-08-15,00858,858.HK,精優藥業,0.129,9.32,9733110,374100000.0,374100000.0,638796,15.24,2.6,10,0,0,2026-09-08 12:45:20,1
2025-08-15,00929,929.HK,國際精密,0.422,-1.17,1104450,444051245.0,444051245.0,42926,25.73,0.25,10,0,0,2026-09-08 12:45:20,1
2025-08-15,00938,938.HK,民生國際,0.79,41.07,1595280,511286890.0,511286890.0,47852,33.34,0.31,10,0,0,2026-09-08 12:45:20,1
2025-08-15,01085,1085.HK,亨鑫科技,1.19,-10.53,2789560,554064000.0,554064000.0,183604,15.19,0.5,10,0,0,2026-09-08 12:45:20,1
2025-08-15,02789,2789.HK,遠大中國,0.103,212.12,13695350,639499602.0,639499602.0,75509,181.37,2.14,10,0,0,2026-09-08 12:45:20,1
2025-08-15,00228,228.HK,中能控股,1.48,-27.45,12217940,675176592.0,675176592.0,223211,54.74,1.81,10,0,0,2026-09-08 12:45:19,1
2025-08-15,02651,2651.HK,大眾口腔,15.734,12.84,5863720,795810647.0,286770087.0,574463,10.21,0.74,10,0,0,2026-09-08 12:45:20,1
2025-08-15,00829,829.HK,神冠控股,0.255,-17.74,9144310,823772400.0,823772400.0,198288,46.12,1.11,10,0,0,2026-09-08 12:45:20,1
2025-08-18,08277,8277.HK,駿東控股,0.223,71.54,2878000,58531553.0,58531553.0,3110,925.4,4.92,10,0,0,2026-09-08 12:45:21,1
2025-08-18,01421,1421.HK,恆昌集團國際,0.57,23.91,589930,114111264.0,114111264.0,14748,40.0,0.52,10,0,0,2026-09-08 12:45:21,1
2025-08-18,08365,8365.HK,亦辰集團,0.69,53.33,4035620,137137114.0,137137114.0,358478,11.26,2.94,10,0,0,2026-09-08 12:45:21,1
2025-08-18,01710,1710.HK,致豐工業電子,0.144,-7.69,648480,144000000.0,144000000.0,48102,13.48,0.45,10,0,0,2026-09-08 12:45:21,1
2025-08-18,00844,844.HK,廣泰國際控股,0.315,-25.0,581900,155715629.0,155715629.0,17414,33.42,0.37,10,0,0,2026-09-08 12:45:21,1
2025-08-18,00515,515.HK,中華銀科技,0.71,82.05,108863922,202753006.0,202753006.0,698377,155.88,53.69,10,0,0,2026-09-08 12:45:21,1
2025-08-18,01351,1351.HK,輝煌明天,0.36,5.88,625080,216000000.0,216000000.0,27489,22.74,0.29,10,0,0,2026-09-08 12:45:21,1
2025-08-18,00894,894.HK,萬裕科技,0.485,15.48,1543590,232471398.0,232471398.0,71876,21.48,0.66,10,0,0,2026-09-08 12:45:21,1
2025-08-18,01480,1480.HK,恩達集團控股,1.15,9.52,1779140,276000000.0,276000000.0,51590,34.49,0.64,10,0,0,2026-09-08 12:45:21,1
2025-08-18,01955,1955.HK,莊臣控股,0.631,6.77,3801920,315500000.0,315500000.0,64386,59.05,1.21,10,0,0,2026-09-08 12:45:21,1
2025-08-18,00556,556.HK,泛亞環保,0.32,3.23,5476610,321542669.0,321542669.0,35849,152.77,1.7,10,0,0,2026-09-08 12:45:21,1
2025-08-18,00927,927.HK,富士高實業,0.65,-2.99,657720,332153250.0,332153250.0,5096,129.07,0.2,10,0,0,2026-09-08 12:45:21,1
2025-08-18,01993,1993.HK,雅仕維,0.7,11.11,582930,339437517.0,339437517.0,17647,33.03,0.17,10,0,0,2026-09-08 12:45:21,1
2025-08-18,01153,1153.HK,佳源服務,0.52,5.05,615640,349548680.0,349548680.0,40155,15.33,0.18,10,0,0,2026-09-08 12:45:21,1
2025-08-18,02107,2107.HK,第一服務控股,0.306,5.15,851290,386784000.0,386784000.0,82954,10.26,0.22,10,0,0,2026-09-08 12:45:21,1
2025-08-18,01260,1260.HK,皓天財經集團,0.41,0.0,1811080,472096140.0,472096140.0,61676,29.36,0.38,10,0,0,2026-09-08 12:45:21,1
2025-08-18,02125,2125.HK,稻草熊娛樂,0.7,14.75,2717600,494228980.0,494228980.0,80210,33.88,0.55,10,0,0,2026-09-08 12:45:21,1
2025-08-18,02389,2389.HK,北京健康,0.088,-3.3,856400,533171938.0,533171938.0,50824,16.85,0.16,10,0,0,2026-09-08 12:45:21,1
2025-08-18,01100,1100.HK,飛達控股,1.42,0.71,1271980,609413516.0,609413516.0,111647,11.39,0.21,10,0,0,2026-09-08 12:45:21,1
2025-08-18,06677,6677.HK,遠洋服務,0.598,5.28,1519530,708032000.0,708032000.0,95976,15.83,0.21,10,0,0,2026-09-08 12:45:21,1
2025-08-18,06908,6908.HK,宏光半導體,0.67,13.56,26953970,785142502.0,785142502.0,2499060,10.79,3.43,10,0,0,2026-09-08 12:45:21,1
2025-08-18,00383,383.HK,天安卓健,0.92,3.37,1094490,929688020.0,929688020.0,9937,110.14,0.12,10,0,0,2026-09-08 12:45:21,1
2025-08-18,00184,184.HK,激成投資,2.82,7.22,537660,959364000.0,959364000.0,51854,10.37,0.06,10,0,0,2026-09-08 12:45:20,1
2025-08-18,02540,2540.HK,樂思集團,1.61,1.26,1611200,966000000.0,966000000.0,47890,33.64,0.17,10,0,0,2026-09-08 12:45:21,1
2025-08-19,08340,8340.HK,紫荊國際金融,0.55,-5.17,619480,43994500.0,43994500.0,35752,17.33,1.41,10,0,0,2026-09-08 12:45:22,1
2025-08-19,08118,8118.HK,中資國際控股,0.112,-2.61,1331800,56000000.0,56000000.0,28790,46.26,2.38,10,0,0,2026-09-08 12:45:22,1
2025-08-19,00060,60.HK,香港食品投資,0.46,0.0,646950,117600840.0,117600840.0,6986,92.61,0.55,10,0,0,2026-09-08 12:45:21,1
2025-08-19,01132,1132.HK,橙天嘉禾,0.075,25.0,7077640,209975179.0,209975179.0,101460,69.76,3.37,10,0,0,2026-09-08 12:45:22,1
2025-08-19,01953,1953.HK,賽孚迅國際,0.177,168.18,13821830,223020000.0,223020000.0,22202,622.55,6.2,10,0,0,2026-09-08 12:45:22,1
2025-08-19,00894,894.HK,萬裕科技,0.55,13.4,2476210,263627359.0,263627359.0,219391,11.29,0.94,10,0,0,2026-09-08 12:45:22,1
2025-08-19,00417,417.HK,謝瑞麟,1.15,79.69,8010510,286559334.0,286559334.0,19801,404.55,2.8,10,0,0,2026-09-08 12:45:22,1
2025-08-19,00718,718.HK,太和控股,0.058,11.54,518570,304501151.0,304501151.0,30733,16.87,0.17,10,0,0,2026-09-08 12:45:22,1
2025-08-19,02165,2165.HK,領悅服務集團,1.74,6.1,1287700,497091900.0,497091900.0,92330,13.95,0.26,10,0,0,2026-09-08 12:45:22,1
2025-08-19,00413,413.HK,南華集團控股,0.038,26.67,1179070,502409483.0,502409483.0,39555,29.81,0.23,10,0,0,2026-09-08 12:45:22,1
2025-08-19,01020,1020.HK,中細軟科技,0.098,34.25,4642990,586351836.0,586351836.0,378766,12.26,0.79,10,0,0,2026-09-08 12:45:22,1
2025-08-19,01612,1612.HK,永勝醫療,1.06,23.26,15161240,699704762.0,699704762.0,1177182,12.88,2.17,10,0,0,2026-09-08 12:45:22,1
2025-08-20,08315,8315.HK,新都酒店,0.162,1.25,511900,94193644.0,94193644.0,10942,46.78,0.54,10,0,0,2026-09-08 12:45:23,1
2025-08-20,00725,725.HK,恆都集團,0.81,42.11,2300880,161155980.0,161155980.0,10692,215.2,1.43,10,0,0,2026-09-08 12:45:23,1
2025-08-20,00833,833.HK,華訊,0.42,-1.18,2562920,198684436.0,198684436.0,175506,14.6,1.29,10,0,0,2026-09-08 12:45:23,1
2025-08-20,03893,3893.HK,易緯集團,0.208,25.3,1350030,219399610.0,219399610.0,43456,31.07,0.62,10,0,0,2026-09-08 12:45:23,1
2025-08-20,01351,1351.HK,輝煌明天,0.38,5.56,2202320,228000000.0,228000000.0,110648,19.9,0.97,10,0,0,2026-09-08 12:45:23,1
2025-08-20,01284,1284.HK,新傳企劃,0.423,41.95,3711550,253800000.0,253800000.0,136180,27.25,1.46,10,0,0,2026-09-08 12:45:23,1
2025-08-20,02882,2882.HK,金至尊集團,1.02,70.0,3872880,275065033.0,275065033.0,24874,155.7,1.41,10,0,0,2026-09-08 12:45:23,1
2025-08-20,06182,6182.HK,乙德投資控股,0.365,-5.19,1794120,292000000.0,292000000.0,69616,25.77,0.61,10,0,0,2026-09-08 12:45:23,1
2025-08-20,00987,987.HK,中國再生能源投資,0.126,21.15,6359420,315775840.0,315775840.0,18443,344.81,2.01,10,0,0,2026-09-08 12:45:23,1
2025-08-20,06663,6663.HK,國際永勝集團,0.432,91.15,2323250,345600000.0,345600000.0,5751,403.97,0.67,10,0,0,2026-09-08 12:45:23,1
2025-08-20,00417,417.HK,謝瑞麟,1.39,20.87,29904170,346363022.0,346363022.0,820852,36.43,8.63,10,0,0,2026-09-08 12:45:23,1
2025-08-20,00280,280.HK,景福集團,0.455,5.81,3417110,413735352.0,413735352.0,302676,11.29,0.83,10,0,0,2026-09-08 12:45:22,1
2025-08-20,01795,1795.HK,亞東集團,0.78,-12.36,948090,468000000.0,468000000.0,72960,12.99,0.2,10,0,0,2026-09-08 12:45:23,1
2025-08-20,00097,97.HK,恆基發展,0.165,14.58,7097820,502809020.0,502809020.0,167525,42.37,1.41,10,0,0,2026-09-08 12:45:22,1
2025-08-20,00776,776.HK,帝國科技集團,0.79,4.36,10623120,530751664.0,530751664.0,996649,10.66,2.0,10,0,0,2026-09-08 12:45:23,1
2025-08-21,08079,8079.HK,曌生命,0.51,0.0,673600,18684973.0,18684973.0,39788,16.93,3.61,10,0,0,2026-09-08 12:45:24,1
2025-08-21,01340,1340.HK,惠生國際,0.464,18.37,2158240,64229525.0,64229525.0,193623,11.15,3.36,10,0,0,2026-09-08 12:45:24,1
2025-08-21,08125,8125.HK,榮記萬通,0.305,12.96,530140,66103465.0,66103465.0,17401,30.47,0.8,10,0,0,2026-09-08 12:45:24,1
2025-08-21,01413,1413.HK,鑄帝控股,0.35,-12.5,10612570,114800000.0,114800000.0,171522,61.87,9.24,10,0,0,2026-09-08 12:45:24,1
2025-08-21,08028,8028.HK,天時資源,0.32,49.53,4373860,161898326.0,161898326.0,246194,17.77,2.7,10,0,0,2026-09-08 12:45:24,1
2025-08-21,02349,2349.HK,中國智能基礎設施,0.066,13.79,599250,206466384.0,206466384.0,36531,16.4,0.29,10,0,0,2026-09-08 12:45:24,1
2025-08-21,01962,1962.HK,訓修實業,0.448,-1.1,998220,276028928.0,276028928.0,46879,21.29,0.36,10,0,0,2026-09-08 12:45:24,1
2025-08-21,01073,1073.HK,大禹金融,0.143,2.88,862680,325848434.0,488772652.0,72930,11.83,0.18,10,0,0,2026-09-08 12:45:24,1
2025-08-21,00191,191.HK,麗新國際,0.6,1.69,842840,530024341.0,530024341.0,50057,16.84,0.16,10,0,0,2026-09-08 12:45:23,1
2025-08-21,08368,8368.HK,中國創意控股,0.81,0.0,1248000,560696352.0,560696352.0,76337,16.35,0.22,10,0,0,2026-09-08 12:45:24,1
2025-08-21,00848,848.HK,茂業國際,0.129,-2.27,2253900,663102054.0,663102054.0,121793,18.51,0.34,10,0,0,2026-09-08 12:45:24,1
2025-08-21,01719,1719.HK,中國通商集團,0.395,-4.82,828240,681401342.0,681401342.0,66786,12.4,0.12,10,0,0,2026-09-08 12:45:24,1
2025-08-21,00156,156.HK,力寶華潤,0.8,12.68,1234240,734953017.0,734953017.0,91048,13.56,0.17,10,0,0,2026-09-08 12:45:23,1
2025-08-21,00527,527.HK,瑞風綠能智算,0.405,-5.81,3999840,783640576.0,783640576.0,380319,10.52,0.51,10,0,0,2026-09-08 12:45:24,1
2025-08-21,03315,3315.HK,金邦達寶嘉,1.17,9.35,30180760,942788340.0,942788340.0,2974877,10.15,3.2,10,0,0,2026-09-08 12:45:24,1
2025-08-22,08121,8121.HK,國恩控股,0.87,27.94,1701600,130534800.0,130534800.0,4176,407.47,1.3,10,0,0,2026-09-08 12:45:25,1
2025-08-22,03666,3666.HK,上海小南國,0.051,70.0,7687570,135437487.0,135437487.0,55282,139.06,5.68,10,0,0,2026-09-08 12:45:25,1
2025-08-22,06158,6158.HK,正榮地產,0.038,-9.52,1284810,165974728.0,165974728.0,95071,13.51,0.77,10,0,0,2026-09-08 12:45:25,1
2025-08-22,02108,2108.HK,K2 F&B,0.211,-3.65,13257040,168800000.0,168800000.0,8075,1641.74,7.85,10,0,0,2026-09-08 12:45:25,1
2025-08-22,01792,1792.HK,CMON,0.73,-3.44,671370,180806400.0,180806400.0,26880,24.98,0.37,10,0,0,2026-09-08 12:45:25,1
2025-08-22,00865,865.HK,建德國際控股,0.039,8.33,1242440,227681598.0,227681598.0,61188,20.31,0.55,10,0,0,2026-09-08 12:45:25,1
2025-08-22,01001,1001.HK,滬港聯合,0.365,-2.67,569420,232325535.0,232325535.0,18852,30.2,0.25,10,0,0,2026-09-08 12:45:25,1
2025-08-22,08239,8239.HK,首都金融控股,2.4,-4.0,2985750,234645506.0,234645506.0,222280,13.43,1.27,10,0,0,2026-09-08 12:45:25,1
2025-08-22,01617,1617.HK,南方通信,0.15,25.0,18931880,243936000.0,243936000.0,156273,121.15,7.76,10,0,0,2026-09-08 12:45:25,1
2025-08-22,00689,689.HK,長盈集團(控股),0.149,3.47,1970460,276802025.0,276802025.0,91885,21.44,0.71,10,0,0,2026-09-08 12:45:25,1
2025-08-22,00723,723.HK,信保環球控股,0.275,1.85,4699810,300806417.0,300806417.0,463262,10.15,1.56,10,0,0,2026-09-08 12:45:25,1
2025-08-22,03368,3368.HK,百盛集團,0.123,39.77,7180620,324047467.0,324047467.0,339206,21.17,2.22,10,0,0,2026-09-08 12:45:25,1
2025-08-22,01925,1925.HK,曠世芳香,1.09,-8.4,1880780,441495780.0,441495780.0,148608,12.66,0.43,10,0,0,2026-09-08 12:45:25,1
2025-08-22,00330,330.HK,思捷環球,1.66,56.6,15410220,469915678.0,469915678.0,181828,84.75,3.28,10,0,0,2026-09-08 12:45:25,1
2025-08-22,01334,1334.HK,瑞昌國際控股,0.99,1.02,729050,495000000.0,495000000.0,15696,46.45,0.15,10,0,0,2026-09-08 12:45:25,1
2025-08-25,01063,1063.HK,新確科技(新),0.14,40.0,1452110,43079024.0,43079024.0,21870,66.4,3.37,10,0,0,2026-09-08 12:45:26,1
2025-08-25,01225,1225.HK,隆成金融,0.29,31.82,1931760,66793500.0,66793500.0,1700,1136.33,2.89,10,0,0,2026-09-08 12:45:26,1
2025-08-25,08401,8401.HK,華夏水務集團,0.11,-3.51,3252260,89453167.0,89453167.0,102681,31.67,3.64,10,0,0,2026-09-08 12:45:26,1
2025-08-25,01348,1348.HK,滉達富控股,0.072,-6.49,2862030,106144704.0,106144704.0,48920,58.5,2.7,10,0,0,2026-09-08 12:45:26,1
2025-08-25,01315,1315.HK,綠色經濟,0.171,15.54,1818660,106340850.0,106340850.0,90201,20.16,1.71,10,0,0,2026-09-08 12:45:26,1
2025-08-25,01064,1064.HK,中華國際,0.147,145.0,9911020,112986628.0,112986628.0,331430,29.9,8.77,10,0,0,2026-09-08 12:45:26,1
2025-08-25,00243,243.HK,品質國際,0.465,14.81,2246530,161118097.0,161118097.0,124903,17.99,1.39,10,0,0,2026-09-08 12:45:25,1
2025-08-25,08239,8239.HK,首都金融控股,2.4,0.0,6123960,234645506.0,234645506.0,509815,12.01,2.61,10,0,0,2026-09-08 12:45:26,1
2025-08-25,01869,1869.HK,貓屎咖啡控股,0.142,49.47,1586090,240306600.0,240306600.0,33371,47.53,0.66,10,0,0,2026-09-08 12:45:26,1
2025-08-25,00607,607.HK,豐盛控股,0.355,4.41,684200,251611197.0,251611197.0,56367,12.14,0.27,10,0,0,2026-09-08 12:45:26,1
2025-08-25,01657,1657.HK,樺欣控股,10.2,5.48,1088400,326400000.0,326400000.0,1450,750.62,0.33,10,0,0,2026-09-08 12:45:26,1
2025-08-25,00969,969.HK,華聯國際,0.167,5.03,872700,365927060.0,365927060.0,13318,65.53,0.24,10,0,0,2026-09-08 12:45:26,1
2025-08-25,00229,229.HK,利民實業,0.88,8.64,831930,441165877.0,441165877.0,52987,15.7,0.19,10,0,0,2026-09-08 12:45:25,1
2025-08-25,00351,351.HK,亞洲能源物流,0.3,25.0,822500,598492573.0,598492573.0,39302,20.93,0.14,10,0,0,2026-09-08 12:45:26,1
2025-08-25,02165,2165.HK,領悅服務集團,2.1,12.9,2820800,599938500.0,599938500.0,241550,11.68,0.47,10,0,0,2026-09-08 12:45:26,1
2025-08-25,02377,2377.HK,博奇環保,1.006,21.79,1446220,859991855.0,859991855.0,43891,32.95,0.17,10,0,0,2026-09-08 12:45:26,1
2025-08-25,01483,1483.HK,網譽科技,1.05,-6.25,719000,860422500.0,860422500.0,69170,10.39,0.08,10,0,0,2026-09-08 12:45:26,1
2025-08-26,08367,8367.HK,倩碧控股,0.285,0.0,1020000,27545245.0,27545245.0,8640,118.06,3.7,10,0,0,2026-09-08 12:45:27,1
2025-08-26,08412,8412.HK,新愛德集團,0.305,-17.57,603050,44742622.0,44742622.0,3367,179.11,1.35,10,0,0,2026-09-08 12:45:27,1
2025-08-26,01400,1400.HK,滿地科技股份,0.02,0.0,1983070,76035347.0,76035347.0,18624,106.48,2.61,10,0,0,2026-09-08 12:45:27,1
2025-08-26,01715,1715.HK,智慧健康科技,0.375,15.38,7050320,135284955.0,135284955.0,123702,56.99,5.21,10,0,0,2026-09-08 12:45:27,1
2025-08-26,01315,1315.HK,綠色經濟,0.237,38.6,2226570,147384687.0,147384687.0,213978,10.41,1.51,10,0,0,2026-09-08 12:45:27,1
2025-08-26,00361,361.HK,漢成發展控股,0.034,-17.07,2061820,198942500.0,198942500.0,141346,14.59,1.04,10,0,0,2026-09-08 12:45:27,1
2025-08-26,01759,1759.HK,中油潔能控股,1.23,23.0,638700,265680000.0,265680000.0,32710,19.53,0.24,10,0,0,2026-09-08 12:45:27,1
2025-08-26,00827,827.HK,玖源集團,0.038,35.71,3063190,267065619.0,267065619.0,40528,75.58,1.15,10,0,0,2026-09-08 12:45:27,1
2025-08-26,01490,1490.HK,AI X TECH,0.225,11.39,616400,277785000.0,277785000.0,35140,17.54,0.22,10,0,0,2026-09-08 12:45:27,1
2025-08-26,00926,926.HK,碧生源,2.86,2.14,3938580,349679573.0,349679573.0,30420,129.47,1.13,10,0,0,2026-09-08 12:45:27,1
2025-08-26,00519,519.HK,諾科達科技,0.127,19.81,5764520,387998429.0,387998429.0,65106,88.54,1.49,10,0,0,2026-09-08 12:45:27,1
2025-08-26,01827,1827.HK,卓珈控股,1.08,0.0,530000,432000000.0,432000000.0,6500,81.54,0.12,10,0,0,2026-09-08 12:45:27,1
2025-08-26,01925,1925.HK,曠世芳香,1.08,0.93,27896430,437445360.0,437445360.0,316846,88.04,6.38,10,0,0,2026-09-08 12:45:27,1
2025-08-26,01900,1900.HK,中國智能交通,0.305,52.5,12062650,524656688.0,524656688.0,57906,208.31,2.3,10,0,0,2026-09-08 12:45:27,1
2025-08-26,01657,1657.HK,樺欣控股,17.0,66.67,3142800,544000000.0,544000000.0,109810,28.62,0.58,10,0,0,2026-09-08 12:45:27,1
2025-08-26,00487,487.HK,實德環球,0.138,16.95,1257910,679855785.0,679855785.0,57806,21.76,0.19,10,0,0,2026-09-08 12:45:27,1
2025-08-26,02298,2298.HK,都市麗人,0.394,11.3,16777570,886286142.0,886286142.0,1600549,10.48,1.89,10,0,0,2026-09-08 12:45:27,1
2025-08-27,01039,1039.HK,暢由國際集團,0.055,25.0,1384600,99602430.0,99602430.0,106020,13.06,1.39,10,0,0,2026-09-08 12:45:28,1
2025-08-27,08163,8163.HK,聲揚集團,0.102,0.0,1097550,104576072.0,104576072.0,87147,12.59,1.05,10,0,0,2026-09-08 12:45:28,1
2025-08-27,08206,8206.HK,神通機器人教育,0.057,-14.93,761596,108054730.0,108054730.0,68697,11.09,0.7,10,0,0,2026-09-08 12:45:28,1
2025-08-27,00456,456.HK,新城市建設發展,0.55,26.44,500800,117825887.0,117825887.0,10354,48.37,0.43,10,0,0,2026-09-08 12:45:28,1
2025-08-27,00065,65.HK,弘海高新資源,0.49,-1.01,2043350,120313089.0,120313089.0,85736,23.83,1.7,10,0,0,2026-09-08 12:45:28,1
2025-08-27,08659,8659.HK,易和國際控股,0.162,22.73,1902600,133379628.0,133379628.0,136380,13.95,1.43,10,0,0,2026-09-08 12:45:28,1
2025-08-27,00888,888.HK,鏈信控股,0.097,10.23,1532740,137918325.0,137918325.0,43822,34.98,1.11,10,0,0,2026-09-08 12:45:28,1
2025-08-27,01582,1582.HK,華營建築,0.4,-5.88,513160,200000000.0,200000000.0,45910,11.18,0.26,10,0,0,2026-09-08 12:45:28,1
2025-08-27,00352,352.HK,富陽,1.1,-17.91,58317489,270801729.0,270801729.0,5435920,10.73,21.54,10,0,0,2026-09-08 12:45:28,1
2025-08-27,01376,1376.HK,RAFFLESINTERIOR,0.285,17.77,13278800,285000000.0,285000000.0,1281720,10.36,4.66,10,0,0,2026-09-08 12:45:28,1
2025-08-27,01111,1111.HK,華視集團控股,0.375,41.51,15833540,288993750.0,288993750.0,367380,43.1,5.48,10,0,0,2026-09-08 12:45:28,1
2025-08-27,01870,1870.HK,綠色電能集團,0.295,22.92,6233550,300065150.0,300065150.0,458782,13.59,2.08,10,0,0,2026-09-08 12:45:28,1
2025-08-27,01289,1289.HK,盛力達科技,2.366,5.34,1419050,302848000.0,75712000.0,99343,14.28,0.47,10,0,0,2026-09-08 12:45:28,1
2025-08-27,01767,1767.HK,TS WONDERS,0.323,8.39,1235450,323000000.0,323000000.0,76010,16.25,0.38,10,0,0,2026-09-08 12:45:28,1
2025-08-27,00046,46.HK,科聯系統,1.72,5.52,730840,420255140.0,420255140.0,49928,14.64,0.17,10,0,0,2026-09-08 12:45:28,1
2025-08-27,02222,2222.HK,雷士國際,0.89,15.58,921090,451473573.0,451473573.0,34959,26.35,0.2,10,0,0,2026-09-08 12:45:28,1
2025-08-27,00365,365.HK,芯成科技,0.32,12.28,1531880,465600000.0,465600000.0,144033,10.64,0.33,10,0,0,2026-09-08 12:45:28,1
2025-08-27,01556,1556.HK,建業建榮,0.335,0.0,1234480,502500000.0,502500000.0,104089,11.86,0.25,10,0,0,2026-09-08 12:45:28,1
2025-08-27,03828,3828.HK,明輝國際,0.83,3.75,6028780,609438039.0,609438039.0,539555,11.17,0.99,10,0,0,2026-09-08 12:45:28,1
2025-08-27,00529,529.HK,新龍國際,2.335,31.55,2199820,649052165.0,649052165.0,2504,878.52,0.34,10,0,0,2026-09-08 12:45:28,1
2025-08-27,01282,1282.HK,中澤豐,0.157,3.29,7386740,785000000.0,785000000.0,500432,14.76,0.94,10,0,0,2026-09-08 12:45:28,1
2025-08-27,01292,1292.HK,長安民生物流,3.91,19.94,2861930,790070240.0,507693168.0,213983,13.37,0.36,10,0,0,2026-09-08 12:45:28,1
2025-08-27,01940,1940.HK,CGII HLDGS,0.67,24.07,4630000,804000000.0,804000000.0,185190,25.0,0.58,10,0,0,2026-09-08 12:45:28,1
2025-08-27,02540,2540.HK,樂思集團,1.58,0.0,2533800,948000000.0,948000000.0,197180,12.85,0.27,10,0,0,2026-09-08 12:45:28,1
2025-08-28,02330,2330.HK,中國上城,0.109,0.0,778420,49360187.0,49360187.0,21470,36.26,1.58,10,0,0,2026-09-08 12:45:29,1
2025-08-28,01581,1581.HK,進升集團控股,0.18,-13.46,502550,74700000.0,74700000.0,8996,55.86,0.67,10,0,0,2026-09-08 12:45:29,1
2025-08-28,00456,456.HK,新城市建設發展,0.54,-1.82,635190,115683598.0,115683598.0,60434,10.51,0.55,10,0,0,2026-09-08 12:45:29,1
2025-08-28,08426,8426.HK,雅居投資控股,0.234,-9.65,1560000,187200000.0,187200000.0,4986,312.88,0.83,10,0,0,2026-09-08 12:45:29,1
2025-08-28,06038,6038.HK,信越控股,0.213,0.95,822670,213639000.0,213639000.0,38104,21.59,0.39,10,0,0,2026-09-08 12:45:29,1
2025-08-28,03395,3395.HK,吉星新能源,0.335,26.42,8690400,291213020.0,291213020.0,533310,16.3,2.98,10,0,0,2026-09-08 12:45:29,1
2025-08-28,00295,295.HK,江山控股,0.02,33.33,1986200,299288850.0,299288850.0,21328,93.13,0.66,10,0,0,2026-09-08 12:45:29,1
2025-08-28,01335,1335.HK,順泰控股,0.15,14.5,1333320,365120425.0,365120425.0,108552,12.28,0.37,10,0,0,2026-09-08 12:45:29,1
2025-08-28,01285,1285.HK,嘉士利集團,0.9,-1.1,629970,373500000.0,373500000.0,24348,25.87,0.17,10,0,0,2026-09-08 12:45:29,1
2025-08-28,08395,8395.HK,中顯智能齊家控股,0.23,21.69,2318220,394220000.0,394220000.0,55302,41.92,0.59,10,0,0,2026-09-08 12:45:29,1
2025-08-28,08368,8368.HK,中國創意控股,0.71,-5.33,3365160,491474580.0,491474580.0,245154,13.73,0.68,10,0,0,2026-09-08 12:45:29,1
2025-08-28,08026,8026.HK,朗華國際集團,0.375,0.0,1007200,577494520.0,577494520.0,70199,14.35,0.17,10,0,0,2026-09-08 12:45:29,1
2025-08-29,01862,1862.HK,景瑞控股,0.011,-21.43,1521550,16926945.0,16926945.0,91348,16.66,8.99,10,0,0,2026-09-08 12:45:30,1
2025-08-29,06080,6080.HK,榮智控股,0.122,20.79,4671100,136682700.0,136682700.0,120020,38.92,3.42,10,0,0,2026-09-08 12:45:30,1
2025-08-29,02286,2286.HK,辰興發展,0.25,5.93,869250,149999997.0,149999997.0,5613,154.86,0.58,10,0,0,2026-09-08 12:45:30,1
2025-08-29,01124,1124.HK,沿海家園,0.375,160.42,18985380,155475760.0,155475760.0,35599,533.31,12.21,10,0,0,2026-09-08 12:45:30,1
2025-08-29,08659,8659.HK,易和國際控股,0.199,24.38,3750700,163842876.0,163842876.0,304200,12.33,2.29,10,0,0,2026-09-08 12:45:30,1
2025-08-29,01693,1693.HK,璋利國際,2.26,3.2,508120,181428822.0,181428822.0,37334,13.61,0.28,10,0,0,2026-09-08 12:45:30,1
2025-08-29,01150,1150.HK,米蘭站,0.22,20.22,1079210,232526063.0,232526063.0,99000,10.9,0.46,10,0,0,2026-09-08 12:45:30,1
2025-08-29,00442,442.HK,域能控股,1.03,13.19,579020,266924500.0,266924500.0,49625,11.67,0.22,10,0,0,2026-09-08 12:45:30,1
2025-08-29,01669,1669.HK,環球信貸集團,0.71,7.58,2039260,284000000.0,284000000.0,76728,26.58,0.72,10,0,0,2026-09-08 12:45:30,1
2025-08-29,02101,2101.HK,福祿控股,0.899,-3.23,2243810,365012777.0,365012777.0,58511,38.35,0.61,10,0,0,2026-09-08 12:45:30,1
2025-08-29,01397,1397.HK,碧瑤綠色集團,0.99,13.79,10086220,410850000.0,410850000.0,314424,32.08,2.45,10,0,0,2026-09-08 12:45:30,1
2025-08-29,01087,1087.HK,威訊控股,1.87,71.56,11153400,448548672.0,448548672.0,829800,13.44,2.49,10,0,0,2026-09-08 12:45:30,1
2025-08-29,02483,2483.HK,K CASH集團,1.628,1.24,4974620,814000000.0,814000000.0,3806,1307.05,0.61,10,0,0,2026-09-08 12:45:30,1
2025-08-29,01483,1483.HK,網譽科技,1.11,6.73,3025400,909589500.0,909589500.0,215020,14.07,0.33,10,0,0,2026-09-08 12:45:30,1
2025-09-01,01802,1802.HK,文業集團,0.055,-1.79,1507600,45738000.0,45738000.0,71320,21.14,3.3,10,0,0,2026-09-08 12:45:31,1
2025-09-01,00704,704.HK,和嘉控股,0.217,59.56,1135150,63010992.0,63010992.0,2401,472.78,1.8,10,0,0,2026-09-08 12:45:31,1
2025-09-01,01156,1156.HK,CHINANEWENERGY,0.128,18.52,527700,90586967.0,90586967.0,34610,15.25,0.58,10,0,0,2026-09-08 12:45:31,1
2025-09-01,01741,1741.HK,成志控股,0.187,27.21,1788100,149600000.0,149600000.0,38460,46.49,1.2,10,0,0,2026-09-08 12:45:31,1
2025-09-01,01701,1701.HK,途屹控股,0.16,25.0,977500,160000000.0,160000000.0,21750,44.94,0.61,10,0,0,2026-09-08 12:45:31,1
2025-09-01,02663,2663.HK,應力控股,0.305,-7.58,1133850,169863650.0,169863650.0,34625,32.75,0.67,10,0,0,2026-09-08 12:45:31,1
2025-09-01,01037,1037.HK,雲智匯科技,0.26,9.24,500190,183605096.0,183605096.0,20720,24.14,0.27,10,0,0,2026-09-08 12:45:31,1
2025-09-01,00616,616.HK,財富鏈,0.124,19.23,10554130,231548219.0,231548219.0,1005661,10.49,4.56,10,0,0,2026-09-08 12:45:31,1
2025-09-01,00831,831.HK,利亞零售,0.3,0.0,2536100,234641092.0,234641092.0,224064,11.32,1.08,10,0,0,2026-09-08 12:45:31,1
2025-09-01,01150,1150.HK,米蘭站,0.226,2.73,2884830,238867683.0,238867683.0,206921,13.94,1.21,10,0,0,2026-09-08 12:45:31,1
2025-09-01,01460,1460.HK,揚科集團,0.33,-1.49,713160,289604803.0,289604803.0,30987,23.01,0.25,10,0,0,2026-09-08 12:45:31,1
2025-09-01,08178,8178.HK,中國信息科技,1.72,14.13,858010,296024312.0,296024312.0,43821,19.58,0.29,10,0,0,2026-09-08 12:45:31,1
2025-09-01,02177,2177.HK,優趣匯控股,2.1,-16.0,2626120,348378870.0,348378870.0,204652,12.83,0.75,10,0,0,2026-09-08 12:45:31,1
2025-09-01,01518,1518.HK,新世紀醫療,0.8,6.67,874480,392020000.0,392020000.0,43365,20.17,0.22,10,0,0,2026-09-08 12:45:31,1
2025-09-01,01795,1795.HK,亞東集團,0.73,8.96,11692470,438000000.0,438000000.0,358548,32.61,2.67,10,0,0,2026-09-08 12:45:31,1
2025-09-01,00542,542.HK,中國文旅農業,0.385,18.46,1724140,589408361.0,589408361.0,72943,23.64,0.29,10,0,0,2026-09-08 12:45:31,1
2025-09-02,03822,3822.HK,三和建築集團,0.96,45.45,879670,80640000.0,80640000.0,4017,218.99,1.09,10,0,0,2026-09-08 12:45:32,1
2025-09-02,01156,1156.HK,CHINANEWENERGY,0.165,28.91,1065000,116772262.0,116772262.0,86920,12.25,0.91,10,0,0,2026-09-08 12:45:32,1
2025-09-02,00712,712.HK,卡姆丹克太陽能,0.112,8.74,1230410,118711422.0,118711422.0,105012,11.72,1.04,10,0,0,2026-09-08 12:45:32,1
2025-09-02,02122,2122.HK,凱知樂國際,0.125,40.45,9603820,169489286.0,169489286.0,122162,78.62,5.67,10,0,0,2026-09-08 12:45:32,1
2025-09-02,09963,9963.HK,高科橋光導,0.45,28.57,2207000,174304350.0,174304350.0,12230,180.46,1.27,10,0,0,2026-09-08 12:45:32,1
2025-09-02,00653,653.HK,卓悅控股,0.107,12.63,3420480,200611953.0,200611953.0,195212,17.52,1.71,10,0,0,2026-09-08 12:45:32,1
2025-09-02,08491,8491.HK,COOL LINK,0.56,13.13,6360530,223219454.0,223219454.0,412693,15.41,2.85,10,0,0,2026-09-08 12:45:32,1
2025-09-02,08143,8143.HK,金威醫療,0.175,25.9,3166030,236732995.0,236732995.0,63775,49.64,1.34,10,0,0,2026-09-08 12:45:32,1
2025-09-02,06162,6162.HK,天瑞汽車內飾,0.135,23.85,70629380,324000000.0,324000000.0,41554,1699.7,21.8,10,0,0,2026-09-08 12:45:32,1
2025-09-02,02336,2336.HK,碩奧國際,0.255,50.0,1387450,463057246.0,463057246.0,39762,34.89,0.3,10,0,0,2026-09-08 12:45:32,1
2025-09-02,03348,3348.HK,中國鵬飛集團,0.981,-4.85,1125160,490500000.0,490500000.0,3650,308.26,0.23,10,0,0,2026-09-08 12:45:32,1
2025-09-03,00736,736.HK,中國置業投資,0.35,27.27,1241570,112209862.0,112209862.0,118344,10.49,1.11,10,0,0,2026-09-08 12:45:33,1
2025-09-03,08500,8500.HK,天泓文創,0.34,3.03,2573850,146880000.0,146880000.0,104638,24.6,1.75,10,0,0,2026-09-08 12:45:33,1
2025-09-03,02336,2336.HK,碩奧國際,0.212,-16.86,5282530,384973083.0,384973083.0,178507,29.59,1.37,10,0,0,2026-09-08 12:45:33,1
2025-09-03,06162,6162.HK,天瑞汽車內飾,0.18,33.33,97094660,432000000.0,432000000.0,7101407,13.67,22.48,10,0,0,2026-09-08 12:45:33,1
2025-09-03,00969,969.HK,華聯國際,0.25,47.06,1398990,547795000.0,547795000.0,129072,10.84,0.26,10,0,0,2026-09-08 12:45:33,1
2025-09-04,08187,8187.HK,積木集團,0.248,32.62,1053910,37617592.0,37617592.0,69878,15.08,2.8,10,0,0,2026-09-08 12:45:34,1
2025-09-04,01581,1581.HK,進升集團控股,0.201,-1.95,2233470,83415000.0,83415000.0,76965,29.02,2.68,10,0,0,2026-09-08 12:45:34,1
2025-09-04,02227,2227.HK,守益控股,0.148,37.04,2328500,135508800.0,135508800.0,14010,166.2,1.72,10,0,0,2026-09-08 12:45:34,1
2025-09-04,01132,1132.HK,橙天嘉禾,0.096,7.87,6100960,268768229.0,268768229.0,573046,10.65,2.27,10,0,0,2026-09-08 12:45:34,1
2025-09-04,01150,1150.HK,米蘭站,0.34,47.83,19072790,359358461.0,359358461.0,711543,26.8,5.31,10,0,0,2026-09-08 12:45:34,1
2025-09-04,00969,969.HK,華聯國際,0.188,-24.8,5047060,411941840.0,411941840.0,257020,19.64,1.23,10,0,0,2026-09-08 12:45:34,1
2025-09-04,00994,994.HK,中天宏信,0.325,27.45,4005900,419576950.0,419576950.0,111630,35.89,0.95,10,0,0,2026-09-08 12:45:34,1
2025-09-04,01628,1628.HK,禹洲集團,0.35,-12.5,1166210,520795448.0,520795448.0,94544,12.34,0.22,10,0,0,2026-09-08 12:45:34,1
2025-09-04,00616,616.HK,財富鏈,0.35,84.21,43577510,653563522.0,653563522.0,3034167,14.36,6.67,10,0,0,2026-09-08 12:45:34,1
2025-09-05,00193,193.HK,冠中地產,0.219,1.86,1110900,51071360.0,51071360.0,88272,12.58,2.18,10,0,0,2026-09-08 12:45:35,1
2025-09-05,08187,8187.HK,積木集團,0.345,39.11,5899260,52330925.0,52330925.0,173149,34.07,11.27,10,0,0,2026-09-08 12:45:36,1
2025-09-05,02330,2330.HK,中國上城,0.147,5.76,1743180,66568325.0,66568325.0,137551,12.67,2.62,10,0,0,2026-09-08 12:45:35,1
2025-09-05,01134,1134.HK,恆發光學,0.18,-7.22,544740,90000000.0,90000000.0,51872,10.5,0.61,10,0,0,2026-09-08 12:45:35,1
2025-09-05,08507,8507.HK,愛世紀集團,0.142,11.81,744740,113600000.0,113600000.0,36729,20.28,0.66,10,0,0,2026-09-08 12:45:36,1
2025-09-05,00712,712.HK,卡姆丹克太陽能,0.16,52.38,9014120,169587746.0,169587746.0,262157,34.38,5.32,10,0,0,2026-09-08 12:45:35,1
2025-09-05,08637,8637.HK,元續科技,1.48,28.7,3088800,221558960.0,221558960.0,93490,33.04,1.39,10,0,0,2026-09-08 12:45:36,1
2025-09-05,02326,2326.HK,新源萬恆控股,0.011,10.0,645260,231924794.0,231924794.0,21720,29.71,0.28,10,0,0,2026-09-08 12:45:35,1
2025-09-05,01314,1314.HK,翠華控股,0.185,-2.63,3348020,261076893.0,261076893.0,87694,38.18,1.28,10,0,0,2026-09-08 12:45:35,1
2025-09-05,00924,924.HK,坤集團,0.315,-1.56,644900,315000000.0,315000000.0,30750,20.97,0.2,10,0,0,2026-09-08 12:45:35,1
2025-09-05,06696,6696.HK,多想雲,0.503,1.62,6080230,338016000.0,338016000.0,513619,11.84,1.8,10,0,0,2026-09-08 12:45:36,1
2025-09-05,00757,757.HK,陽光能源,0.109,21.11,7124500,362291053.0,362291053.0,163006,43.71,1.97,10,0,0,2026-09-08 12:45:35,1
2025-09-05,01938,1938.HK,珠江鋼管,0.49,15.29,5850030,495459580.0,495459580.0,406088,14.41,1.18,10,0,0,2026-09-08 12:45:35,1
2025-09-05,00750,750.HK,水發興業能源,0.31,8.77,1279520,781535352.0,781535352.0,86670,14.76,0.16,10,0,0,2026-09-08 12:45:35,1
2025-09-08,08460,8460.HK,基地錦標集團,0.068,17.24,2030830,18061345.0,18061345.0,59628,34.06,11.24,10,0,0,2026-09-08 12:45:37,1
2025-09-08,01162,1162.HK,瑩嵐集團,0.25,0.0,3825500,150000000.0,150000000.0,237180,16.13,2.55,10,0,0,2026-09-08 12:45:36,1
2025-09-08,01413,1413.HK,鑄帝控股,0.485,22.78,14300060,159080000.0,159080000.0,996589,14.35,8.99,10,0,0,2026-09-08 12:45:36,1
2025-09-08,01707,1707.HK,致浩達控股,0.108,4.85,1311100,181440000.0,181440000.0,4440,295.29,0.72,10,0,0,2026-09-08 12:45:36,1
2025-09-08,01653,1653.HK,MOS HOUSE,0.87,112.2,7772080,247181790.0,251357790.0,168063,46.25,3.09,10,0,0,2026-09-08 12:45:36,0
2025-09-08,08329,8329.HK,海王英特龍,0.152,-5.0,716660,255056000.0,64752000.0,71306,10.05,0.28,10,0,0,2026-09-08 12:45:37,1
2025-09-08,01613,1613.HK,協同通信,0.17,0.59,1139650,261096963.0,261096963.0,41215,27.65,0.44,10,0,0,2026-09-08 12:45:36,1
2025-09-08,01379,1379.HK,溫嶺工量刃具,3.664,8.92,2639770,293120000.0,73280000.0,49261,53.59,0.9,10,0,0,2026-09-08 12:45:36,1
2025-09-08,01741,1741.HK,成志控股,0.4,61.94,10995900,320000000.0,320000000.0,721520,15.24,3.44,10,0,0,2026-09-08 12:45:36,1
2025-09-08,00757,757.HK,陽光能源,0.131,20.18,17563920,435414018.0,435414018.0,859072,20.45,4.03,10,0,0,2026-09-08 12:45:36,1
2025-09-08,00021,21.HK,大中華控股,0.118,-0.84,540020,469077542.0,469077542.0,20339,26.55,0.12,10,0,0,2026-09-08 12:45:36,1
2025-09-08,08107,8107.HK,細葉榕科技,0.38,90.0,7255210,521795100.0,521795100.0,57926,125.25,1.39,10,0,0,2026-09-08 12:45:37,1
2025-09-08,00438,438.HK,彩虹新能源,3.0,19.05,1613750,528966210.0,288746010.0,145026,11.13,0.31,10,0,0,2026-09-08 12:45:36,1
2025-09-08,00929,929.HK,國際精密,0.552,32.37,3814480,580844283.0,580844283.0,354407,10.76,0.66,10,0,0,2026-09-08 12:45:36,1
2025-09-09,08277,8277.HK,駿東控股,0.165,25.0,583600,43308100.0,43308100.0,8870,65.79,1.35,10,0,0,2026-09-08 12:45:38,1
2025-09-09,02195,2195.HK,盈匯企業控股,0.63,26.0,2572630,106560000.0,106560000.0,42521,60.5,2.41,10,0,0,2026-09-08 12:45:37,1
2025-09-09,02022,2022.HK,遊萊互動,0.081,62.0,4513900,162000000.0,162000000.0,26030,173.41,2.79,10,0,0,2026-09-08 12:45:37,1
2025-09-09,01355,1355.HK,生物系統工程,0.112,60.0,2131890,200434947.0,200434947.0,148336,14.37,1.06,10,0,0,2026-09-08 12:45:37,1
2025-09-09,01351,1351.HK,輝煌明天,0.435,-6.45,646060,261000000.0,261000000.0,52486,12.31,0.25,10,0,0,2026-09-08 12:45:37,1
2025-09-09,01153,1153.HK,佳源服務,0.5,5.26,1949490,336104500.0,336104500.0,45391,42.95,0.58,10,0,0,2026-09-08 12:45:37,1
2025-09-09,03301,3301.HK,融信中國,0.206,7.29,2798720,346786872.0,346786872.0,227848,12.28,0.81,10,0,0,2026-09-08 12:45:38,1
2025-09-09,02000,2000.HK,晨訊科技,0.34,11.48,642020,720476082.0,720476082.0,47989,13.38,0.09,10,0,0,2026-09-08 12:45:37,1
2025-09-10,08619,8619.HK,NIU HOLDINGS,0.175,2.34,2382150,75886125.0,75886125.0,25990,91.66,3.14,10,0,0,2026-09-08 12:45:39,1
2025-09-10,00619,619.HK,南華金融,0.305,19.61,1672030,91889506.0,91889506.0,50489,33.12,1.82,10,0,0,2026-09-08 12:45:38,1
2025-09-10,08350,8350.HK,立橋證券控股,0.181,8.38,636590,171961584.0,171961584.0,43022,14.8,0.37,10,0,0,2026-09-08 12:45:39,1
2025-09-10,00862,862.HK,遠見控股,0.52,8.33,605460,204057904.0,204057904.0,58479,10.35,0.3,10,0,0,2026-09-08 12:45:38,1
2025-09-10,08406,8406.HK,中國口腔產業,0.105,2.94,3939110,206809861.0,206809861.0,341740,11.53,1.9,10,0,0,2026-09-08 12:45:39,1
2025-09-10,06663,6663.HK,國際永勝集團,0.272,-15.53,772750,217600000.0,217600000.0,19390,39.85,0.36,10,0,0,2026-09-08 12:45:39,1
2025-09-10,00736,736.HK,中國置業投資,0.76,35.71,10355330,243655701.0,243655701.0,770952,13.43,4.25,10,0,0,2026-09-08 12:45:38,1
2025-09-10,01129,1129.HK,中國水業集團,0.415,13.7,5667490,262360480.0,262360480.0,350578,16.17,2.16,10,0,0,2026-09-08 12:45:38,1
2025-09-10,01757,1757.HK,環球華商俱樂部,0.226,-4.64,1325900,271200000.0,271200000.0,121330,10.93,0.49,10,0,0,2026-09-08 12:45:38,1
2025-09-10,01226,1226.HK,中國投融資,0.79,1.28,572700,325951314.0,325951314.0,25180,22.74,0.18,10,0,0,2026-09-08 12:45:38,1
2025-09-10,01418,1418.HK,盛諾集團,0.223,-6.3,635920,390250446.0,390250446.0,58732,10.83,0.16,10,0,0,2026-09-08 12:45:38,1
2025-09-10,00617,617.HK,百利保控股,0.36,30.91,4140770,401250771.0,401250771.0,237420,17.44,1.03,10,0,0,2026-09-08 12:45:38,1
2025-09-10,01073,1073.HK,大禹金融,0.121,-13.57,1928940,413576859.0,413576859.0,135788,14.21,0.47,10,0,0,2026-09-08 12:45:38,1
2025-09-10,00519,519.HK,諾科達科技,0.138,16.95,4254810,421604592.0,421604592.0,359053,11.85,1.01,10,0,0,2026-09-08 12:45:38,1
2025-09-10,02231,2231.HK,景業名邦集團,0.29,76.83,7506600,477390170.0,477390170.0,9471,792.59,1.57,10,0,0,2026-09-08 12:45:39,1
2025-09-10,01036,1036.HK,萬科海外,1.35,0.0,838390,525862708.0,525862708.0,82291,10.19,0.16,10,0,0,2026-09-08 12:45:38,1
2025-09-10,00078,78.HK,富豪酒店,0.64,18.52,4838080,575220693.0,575220693.0,410921,11.77,0.84,10,0,0,2026-09-08 12:45:38,1
2025-09-10,03882,3882.HK,天彩控股,0.82,1.23,1039010,827041713.0,827041713.0,101904,10.2,0.13,10,0,0,2026-09-08 12:45:39,1
2025-09-11,00524,524.HK,長城天下,0.355,12.7,664040,83878512.0,83878512.0,12667,52.42,0.79,10,0,0,2026-09-08 12:45:39,1
2025-09-11,03708,3708.HK,中國供應鏈產業,0.21,50.0,5906850,152728800.0,152728800.0,112584,52.47,3.87,10,0,0,2026-09-08 12:45:40,1
2025-09-11,02132,2132.HK,譽燊豐控股,0.11,12.24,576070,176000000.0,176000000.0,4574,125.94,0.33,10,0,0,2026-09-08 12:45:40,1
2025-09-11,00094,94.HK,綠心集團,0.07,84.21,3551900,194774061.0,194774061.0,48600,73.08,1.82,2,1,0,2026-09-08 12:45:39,1
2025-09-11,01949,1949.HK,佰達國際控股,0.9,-21.05,2899330,207360000.0,207360000.0,265548,10.92,1.4,10,0,0,2026-09-08 12:45:39,1
2025-09-11,01245,1245.HK,NIRAKU,0.175,-1.13,912390,209273830.0,209273830.0,82996,10.99,0.44,10,0,0,2026-09-08 12:45:39,1
2025-09-11,00862,862.HK,遠見控股,0.56,7.69,1841800,219754666.0,219754666.0,116010,15.88,0.84,10,0,0,2026-09-08 12:45:39,1
2025-09-11,00204,204.HK,資本界金控,1.02,2.0,7120630,254036231.0,254036231.0,409150,17.4,2.8,10,0,0,2026-09-08 12:45:39,1
2025-09-11,00474,474.HK,信銘生命科技,0.029,52.63,5333480,256885677.0,256885677.0,26160,203.88,2.08,10,0,0,2026-09-08 12:45:39,1
2025-09-11,02381,2381.HK,蜆殼電業,0.135,35.0,5125380,270000000.0,270000000.0,116919,43.84,1.9,10,0,0,2026-09-08 12:45:40,1
2025-09-11,00822,822.HK,嘉瑞國際,0.32,-7.25,1394500,286003648.0,286003648.0,88689,15.72,0.49,10,0,0,2026-09-08 12:45:39,1
2025-09-11,02680,2680.HK,南強控股,4.87,2.74,544180,292200000.0,292200000.0,26755,20.34,0.19,10,0,0,2026-09-08 12:45:40,1
2025-09-11,03816,3816.HK,KFM金德,0.49,27.27,1466200,294000000.0,294000000.0,111744,13.12,0.5,10,0,0,2026-09-08 12:45:40,1
2025-09-11,01332,1332.HK,透雲生物,0.124,39.33,1043370,347938066.0,347938066.0,53761,19.41,0.3,10,0,0,2026-09-08 12:45:39,1
2025-09-11,02122,2122.HK,凱知樂國際,0.305,160.68,36554020,413553857.0,413553857.0,1600004,22.85,8.84,10,0,0,2026-09-08 12:45:40,1
2025-09-11,01856,1856.HK,依波路,1.51,0.67,1601440,543988843.0,543988843.0,135359,11.83,0.29,10,0,0,2026-09-08 12:45:39,1
2025-09-11,01980,1980.HK,天鴿互動,0.62,-3.12,5308530,685718860.0,685718860.0,244399,21.72,0.77,10,0,0,2026-09-08 12:45:39,1
2025-09-12,01063,1063.HK,新確科技(新),0.134,4.69,2447870,41232780.0,41232780.0,58530,41.82,5.94,10,0,0,2026-09-08 12:45:40,1
2025-09-12,08221,8221.HK,高裕金融,1.02,0.0,2707650,48552000.0,48552000.0,34836,77.73,5.58,10,0,0,2026-09-08 12:45:41,1
2025-09-12,08118,8118.HK,中資國際控股,0.12,-6.25,1627400,60000000.0,60000000.0,97370,16.71,2.71,10,0,0,2026-09-08 12:45:41,1
2025-09-12,00923,923.HK,綜合環保集團,0.014,-6.67,1089990,67522126.0,67522126.0,14503,75.16,1.61,10,0,0,2026-09-08 12:45:40,1
2025-09-12,08027,8027.HK,吉輝控股,0.1,2.04,782400,71040000.0,71040000.0,135,5795.56,1.1,10,0,0,2026-09-08 12:45:41,1
2025-09-12,01421,1421.HK,恆昌集團國際,0.42,7.69,1719800,84081984.0,84081984.0,92141,18.66,2.05,10,0,0,2026-09-08 12:45:40,1
2025-09-12,01718,1718.HK,宏基集團控股,0.305,1.67,1757730,92756600.0,92756600.0,108696,16.17,1.89,10,0,0,2026-09-08 12:45:40,1
2025-09-12,08160,8160.HK,GOLDWAY EDU,0.44,0.0,2136000,94508454.0,94508454.0,15168,140.82,2.26,10,0,0,2026-09-08 12:45:41,1
2025-09-12,08321,8321.HK,泰錦控股,0.225,0.0,967500,120690000.0,120690000.0,8550,113.16,0.8,10,0,0,2026-09-08 12:45:41,1
2025-09-12,08535,8535.HK,熒德控股,0.105,20.69,5627600,126000000.0,126000000.0,149134,37.74,4.47,10,0,0,2026-09-08 12:45:41,1
2025-09-12,08268,8268.HK,智城發展控股,0.5,33.33,643640,144000000.0,144000000.0,23765,27.08,0.45,10,0,0,2026-09-08 12:45:41,1
2025-09-12,01996,1996.HK,弘陽地產,0.055,12.24,638320,183639390.0,183639390.0,4696,135.93,0.35,10,0,0,2026-09-08 12:45:40,1
2025-09-12,01305,1305.HK,偉志控股,0.89,0.0,2783960,192797140.0,192797140.0,20795,133.88,1.44,10,0,0,2026-09-08 12:45:40,1
2025-09-12,00199,199.HK,德祥地產,0.22,0.46,1464500,239500380.0,239500380.0,145419,10.07,0.61,10,0,0,2026-09-08 12:45:40,1
2025-09-12,03778,3778.HK,中國織材控股,3.05,0.0,6969760,381966750.0,381966750.0,3488,1998.21,1.82,10,0,0,2026-09-08 12:45:41,1
2025-09-12,00124,124.HK,粵海置地,0.305,8.93,7911740,522018739.0,522018739.0,789870,10.02,1.52,10,0,0,2026-09-08 12:45:40,1
2025-09-12,01577,1577.HK,匯鑫小貸,0.773,-4.92,817540,525640000.0,139140000.0,23758,34.41,0.16,10,0,0,2026-09-08 12:45:40,1
2025-09-12,01176,1176.HK,珠光控股,0.063,3.28,1587090,557589863.0,557589863.0,133515,11.89,0.28,10,0,0,2026-09-08 12:45:40,1
2025-09-12,00519,519.HK,諾科達科技,0.201,47.79,24357660,614076254.0,614076254.0,764843,31.85,3.97,10,0,0,2026-09-08 12:45:40,1
2025-09-12,01565,1565.HK,成實外教育,0.209,10.0,1230940,634688483.0,634688483.0,107923,11.41,0.19,10,0,0,2026-09-08 12:45:40,1
2025-09-12,01780,1780.HK,榮尊國際控股,1.12,3.7,2570250,694400000.0,694400000.0,216125,11.89,0.37,10,0,0,2026-09-08 12:45:40,1
2025-09-12,01980,1980.HK,天鴿互動,0.63,1.61,11496060,696778842.0,696778842.0,682548,16.84,1.65,10,0,0,2026-09-08 12:45:40,1
2025-09-12,01660,1660.HK,七元投資,0.119,-1.65,9113110,737205000.0,737205000.0,11407,798.91,1.24,10,0,0,2026-09-08 12:45:40,1
2025-09-12,00337,337.HK,綠地香港,0.275,11.34,9196060,767768288.0,767768288.0,811833,11.33,1.2,10,0,0,2026-09-08 12:45:40,1
2025-09-12,01569,1569.HK,民生教育,0.207,20.35,2614950,873068040.0,873068040.0,133277,19.62,0.3,10,0,0,2026-09-08 12:45:40,1
2025-09-15,00682,682.HK,超大現代,0.35,32.08,2090010,69205193.0,69205193.0,92898,22.5,3.02,10,0,0,2026-09-08 12:45:41,1
2025-09-15,08131,8131.HK,諾亞智能,0.128,26.73,2646240,92059026.0,92059026.0,303,8733.47,2.87,10,0,0,2026-09-08 12:45:42,1
2025-09-15,00889,889.HK,連達科技控股,0.365,21.67,1277130,116800000.0,116800000.0,30897,41.34,1.09,10,0,0,2026-09-08 12:45:41,1
2025-09-15,00932,932.HK,順騰國際控股,0.042,40.0,7415380,130531524.0,130531524.0,45549,162.8,5.68,10,0,0,2026-09-08 12:45:41,1
2025-09-15,01987,1987.HK,BENG SOON MACH,0.199,37.24,5795700,199000000.0,199000000.0,34546,167.77,2.91,10,0,0,2026-09-08 12:45:41,1
2025-09-15,00876,876.HK,佳兆業健康,2.25,95.65,14070220,233173696.0,233173696.0,62325,225.76,6.03,10,0,0,2026-09-08 12:45:41,1
2025-09-15,02371,2371.HK,創聯控股,0.35,-2.78,1022670,240932632.0,240932632.0,81909,12.49,0.42,10,0,0,2026-09-08 12:45:42,1
2025-09-15,02280,2280.HK,慧聰集團,0.198,26.92,847240,259366362.0,259366362.0,58509,14.48,0.33,10,0,0,2026-09-08 12:45:42,1
2025-09-15,02012,2012.HK,陽光油砂,0.66,33.33,23183640,469493933.0,469493933.0,489049,47.41,4.94,10,0,0,2026-09-08 12:45:41,1
2025-09-15,00381,381.HK,權識國際,0.435,27.94,6057220,578734669.0,578734669.0,394886,15.34,1.05,10,0,0,2026-09-08 12:45:41,1
2025-09-15,00528,528.HK,金達控股,1.1,0.0,647500,692645800.0,692645800.0,26242,24.67,0.09,10,0,0,2026-09-08 12:45:41,1
2025-09-15,01660,1660.HK,七元投資,0.131,10.08,14626910,811545000.0,811545000.0,922421,15.86,1.8,10,0,0,2026-09-08 12:45:41,1
2025-09-15,00237,237.HK,安全貨倉,2.03,-4.25,550600,822150000.0,822150000.0,41778,13.18,0.07,10,0,0,2026-09-08 12:45:41,1
2025-09-15,01502,1502.HK,金融街物業,2.233,2.76,3276330,834025500.0,231115500.0,214694,15.26,0.39,10,0,0,2026-09-08 12:45:41,1
2025-09-15,02486,2486.HK,普樂師集團控股,7.85,28.69,1219330,888679660.0,888679660.0,6587,185.11,0.14,10,0,0,2026-09-08 12:45:42,1
2025-09-16,08018,8018.HK,匯財金融投資,0.05,35.14,1040620,25211647.0,25211647.0,65994,15.77,4.13,10,0,0,2026-09-08 12:45:43,1
2025-09-16,08472,8472.HK,立高控股,0.37,4.23,1305360,42624000.0,42624000.0,50429,25.89,3.06,10,0,0,2026-09-08 12:45:43,1
2025-09-16,08111,8111.HK,中國科技產業集團,0.158,-1.25,1094780,72834316.0,72834316.0,2990,366.15,1.5,10,0,0,2026-09-08 12:45:43,1
2025-09-16,01239,1239.HK,TEAMWAY INTL GP,0.232,-4.13,656980,100692159.0,100692159.0,53505,12.28,0.65,10,0,0,2026-09-08 12:45:42,1
2025-09-16,00574,574.HK,百信國際,0.052,48.57,676910,103509955.0,103509955.0,5627,120.3,0.65,10,0,0,2026-09-08 12:45:42,1
2025-09-16,01749,1749.HK,杉杉品牌,0.78,-8.24,1098630,104052000.0,26052000.0,95055,11.56,1.06,10,0,0,2026-09-08 12:45:42,1
2025-09-16,00491,491.HK,英皇文化產業,0.043,22.86,894760,138173658.0,138173658.0,21896,40.86,0.65,10,0,0,2026-09-08 12:45:42,1
2025-09-16,09958,9958.HK,力天影業,0.28,-13.85,2865000,140000000.0,140000000.0,248610,11.52,2.05,10,0,0,2026-09-08 12:45:43,1
2025-09-16,02340,2340.HK,升柏控股,0.186,3.91,669760,142238478.0,142238478.0,39443,16.98,0.47,10,0,0,2026-09-08 12:45:43,1
2025-09-16,00756,756.HK,森美控股,0.6,0.0,901260,204334959.0,204334959.0,52581,17.14,0.44,10,0,0,2026-09-08 12:45:42,1
2025-09-16,09998,9998.HK,光榮控股,0.295,63.89,3639810,236000000.0,236000000.0,51115,71.21,1.54,10,0,0,2026-09-08 12:45:43,1
2025-09-16,00876,876.HK,佳兆業健康,2.7,20.0,22198720,279808436.0,279808436.0,1466087,15.14,7.93,10,0,0,2026-09-08 12:45:42,1
2025-09-16,01978,1978.HK,敘福樓集團,0.41,2.5,961860,328000000.0,328000000.0,41666,23.09,0.29,10,0,0,2026-09-08 12:45:42,1
2025-09-16,06182,6182.HK,乙德投資控股,0.51,0.0,1297440,408000000.0,408000000.0,115116,11.27,0.32,10,0,0,2026-09-08 12:45:43,1
2025-09-16,03395,3395.HK,吉星新能源,0.47,38.24,8402600,408567521.0,408567521.0,705640,11.91,2.06,10,0,0,2026-09-08 12:45:43,1
2025-09-16,01543,1543.HK,中盈盛達融資擔保,0.32,3.23,1308440,499453660.0,177396267.0,31117,42.05,0.26,10,0,0,2026-09-08 12:45:42,1
2025-09-16,08368,8368.HK,中國創意控股,0.74,1.37,4886740,512241112.0,512241112.0,32888,148.59,0.95,10,0,0,2026-09-08 12:45:43,1
2025-09-16,01094,1094.HK,承輝國際,0.76,-6.17,15332210,540371562.0,540371562.0,465444,32.94,2.84,10,0,0,2026-09-08 12:45:42,1
2025-09-16,03893,3893.HK,易緯集團,0.67,83.56,4346350,706719898.0,706719898.0,84239,51.6,0.62,10,0,0,2026-09-08 12:45:43,1
2025-09-16,01660,1660.HK,七元投資,0.149,13.74,28579460,923055000.0,923055000.0,2385112,11.98,3.1,10,0,0,2026-09-08 12:45:42,1
2025-09-16,00167,167.HK,IDT INT'L,1.85,30.28,10220130,961970735.0,961970735.0,810733,12.61,1.06,10,0,0,2026-09-08 12:45:42,1
2025-09-17,08007,8007.HK,環球戰略集團,0.255,3.66,3323530,57710944.0,57710944.0,4439,748.71,5.76,10,0,0,2026-09-08 12:45:44,1
2025-09-17,06108,6108.HK,新銳醫藥,0.42,9.09,642520,84258999.0,84258999.0,43849,14.65,0.76,10,0,0,2026-09-08 12:45:44,1
2025-09-17,08268,8268.HK,智城發展控股,0.48,-2.04,1051040,138240000.0,138240000.0,87193,12.05,0.76,10,0,0,2026-09-08 12:45:44,1
2025-09-17,02203,2203.HK,腦洞科技,0.207,13.11,1691600,165600000.0,165600000.0,142920,11.84,1.02,10,0,0,2026-09-08 12:45:43,1
2025-09-17,00379,379.HK,恆嘉融資租賃,0.105,40.0,724530,177166790.0,177166790.0,10713,67.63,0.41,10,0,0,2026-09-08 12:45:43,1
2025-09-17,01312,1312.HK,華控康泰,0.04,42.86,5100190,223542871.0,223542871.0,38345,133.01,2.28,10,0,0,2026-09-08 12:45:43,1
2025-09-17,01105,1105.HK,星島,0.29,13.73,6039830,255357475.0,255357475.0,23266,259.6,2.37,10,0,0,2026-09-08 12:45:43,1
2025-09-17,02080,2080.HK,奧克斯國際,0.53,29.27,2343300,261281520.0,261281520.0,34350,68.22,0.9,10,0,0,2026-09-08 12:45:43,1
2025-09-17,01460,1460.HK,揚科集團,0.325,-4.41,585400,285216851.0,285216851.0,13788,42.46,0.21,10,0,0,2026-09-08 12:45:43,1
2025-09-17,02101,2101.HK,福祿控股,0.749,0.0,1556760,304109644.0,304109644.0,125348,12.42,0.51,10,0,0,2026-09-08 12:45:43,1
2025-09-17,00875,875.HK,從玉智農,0.48,41.18,15177070,335542354.0,335542354.0,1017119,14.92,4.52,10,0,0,2026-09-08 12:45:43,1
2025-09-17,01222,1222.HK,宏安集團,0.03,11.11,1222650,406160908.0,406160908.0,111582,10.96,0.3,10,0,0,2026-09-08 12:45:43,1
2025-09-17,00897,897.HK,位元堂,0.45,18.42,12632940,501472300.0,501472300.0,223494,56.52,2.52,10,0,0,2026-09-08 12:45:43,1
2025-09-17,01118,1118.HK,高力集團,0.975,4.28,681300,560018675.0,560018675.0,30960,22.01,0.12,10,0,0,2026-09-08 12:45:43,1
2025-09-17,01183,1183.HK,澳能建設,0.165,-0.6,952810,656818666.0,656818666.0,94795,10.05,0.15,10,0,0,2026-09-08 12:45:43,1
2025-09-17,00918,918.HK,龍翼航空科技,0.59,19.19,4731750,657300804.0,657300804.0,30334,155.99,0.72,10,0,0,2026-09-08 12:45:43,1
2025-09-18,02358,2358.HK,久融控股,0.011,10.0,1506260,60192000.0,60192000.0,114698,13.13,2.5,10,0,0,2026-09-08 12:45:45,1
2025-09-18,08081,8081.HK,白居易控股,0.018,12.5,1056990,92808632.0,92808632.0,62469,16.92,1.14,10,0,0,2026-09-08 12:45:45,1
2025-09-18,02203,2203.HK,腦洞科技,0.218,5.31,3405000,174400000.0,174400000.0,292920,11.62,1.95,10,0,0,2026-09-08 12:45:44,1
2025-09-18,00379,379.HK,恆嘉融資租賃,0.115,9.52,1467660,194039817.0,194039817.0,83166,17.65,0.76,10,0,0,2026-09-08 12:45:44,1
2025-09-18,02326,2326.HK,新源萬恆控股,0.012,20.0,998060,253008866.0,253008866.0,80150,12.45,0.39,10,0,0,2026-09-08 12:45:45,1
2025-09-18,01226,1226.HK,中國投融資,0.82,2.5,2559800,338329212.0,338329212.0,78644,32.55,0.76,10,0,0,2026-09-08 12:45:44,1
2025-09-18,01351,1351.HK,輝煌明天,0.6,41.18,17408760,360000000.0,360000000.0,304240,57.22,4.84,7,1,0,2026-09-08 12:45:44,1
2025-09-18,00723,723.HK,信保環球控股,0.335,34.0,6598560,366436909.0,366436909.0,307809,21.44,1.8,10,0,0,2026-09-08 12:45:44,1
2025-09-18,01389,1389.HK,美捷匯控股,0.72,56.52,1371100,399119999.0,399119999.0,115258,11.9,0.34,10,0,0,2026-09-08 12:45:44,1
2025-09-18,00630,630.HK,雋泰控股,0.425,32.81,2708350,411209512.0,411209512.0,112424,24.09,0.66,10,0,0,2026-09-08 12:45:44,1
2025-09-18,01260,1260.HK,皓天財經集團,0.425,0.0,1028660,489367950.0,489367950.0,99027,10.39,0.21,10,0,0,2026-09-08 12:45:44,1
2025-09-18,00936,936.HK,佳兆業資本,0.51,174.19,11468810,540600000.0,540600000.0,13063,877.96,2.12,10,0,0,2026-09-08 12:45:44,1
2025-09-18,01719,1719.HK,中國通商集團,0.325,-14.47,1107700,560646674.0,560646674.0,3938,281.28,0.2,10,0,0,2026-09-08 12:45:44,1
2025-09-18,01553,1553.HK,邁科管業,1.48,4.96,976800,642024000.0,642024000.0,62346,15.67,0.15,10,0,0,2026-09-08 12:45:44,1
2025-09-18,03882,3882.HK,天彩控股,0.98,12.64,7464870,988415706.0,988415706.0,324820,22.98,0.76,10,0,0,2026-09-08 12:45:45,1
2025-09-19,08448,8448.HK,環球印館,0.4,21.21,638530,39920000.0,39920000.0,63825,10.0,1.6,10,0,0,2026-09-08 12:45:46,1
2025-09-19,08238,8238.HK,玖方數智,0.21,5.53,619140,73156608.0,73156608.0,10223,60.56,0.85,10,0,0,2026-09-08 12:45:46,1
2025-09-19,00243,243.HK,品質國際,0.33,-2.94,1744650,114341876.0,114341876.0,91494,19.07,1.53,10,0,0,2026-09-08 12:45:45,1
2025-09-19,01720,1720.HK,普天通信集團,0.153,22.4,1811600,168300000.0,168300000.0,140290,12.91,1.08,10,0,0,2026-09-08 12:45:45,1
2025-09-19,01582,1582.HK,華營建築,0.36,-8.86,4311850,180000000.0,180000000.0,15843,272.16,2.4,10,0,0,2026-09-08 12:45:45,1
2025-09-19,01991,1991.HK,大洋集團,1.5,22.95,2515430,258010050.0,258010050.0,125125,20.1,0.97,10,0,0,2026-09-08 12:45:45,1
2025-09-19,01148,1148.HK,新晨動力,0.3,27.66,3704040,384663538.0,384663538.0,308991,11.99,0.96,10,0,0,2026-09-08 12:45:45,1
2025-09-19,02501,2501.HK,邁越科技,1.1,17.02,5303400,550000000.0,550000000.0,193130,27.46,0.96,10,0,0,2026-09-08 12:45:46,1
2025-09-19,00301,301.HK,三和精化,1.25,0.0,5921140,588074675.0,588074675.0,227534,26.02,1.01,10,0,0,2026-09-08 12:45:45,1
2025-09-19,00936,936.HK,佳兆業資本,0.84,64.71,16941250,890400000.0,890400000.0,1159944,14.61,1.9,10,0,0,2026-09-08 12:45:45,1
2025-09-19,01082,1082.HK,源宇宙教育,1.51,0.67,771720,918150789.0,918150789.0,22924,33.66,0.08,10,0,0,2026-09-08 12:45:45,1
2025-09-19,00206,206.HK,華商能源,0.305,5.17,4559450,989247344.0,989247344.0,338400,13.47,0.46,10,0,0,2026-09-08 12:45:45,1
2025-09-22,00907,907.HK,高雅光學,0.041,-47.44,2162560,35787411.0,35787411.0,72494,29.83,6.04,10,0,0,2026-09-08 12:45:46,1
2025-09-22,08448,8448.HK,環球印館,0.61,52.5,2537130,60878000.0,60878000.0,127678,19.87,4.17,10,0,0,2026-09-08 12:45:47,1
2025-09-22,00923,923.HK,綜合環保集團,0.018,5.88,1506100,86814162.0,86814162.0,147112,10.24,1.73,10,0,0,2026-09-08 12:45:46,1
2025-09-22,00092,92.HK,冠軍科技集團,0.169,-5.06,521240,185496909.0,185496909.0,41541,12.55,0.28,10,0,0,2026-09-08 12:45:46,1
2025-09-22,00684,684.HK,亞倫國際,0.58,-1.69,545200,193171622.0,193171622.0,10966,49.72,0.28,10,0,0,2026-09-08 12:45:46,1
2025-09-22,06939,6939.HK,美佳音控股,0.44,3.53,1686360,273900000.0,273900000.0,95096,17.73,0.62,10,0,0,2026-09-08 12:45:47,1
2025-09-22,08509,8509.HK,威揚酒業控股,0.7,-2.78,1140500,280000000.0,280000000.0,71210,16.02,0.41,10,0,0,2026-09-08 12:45:47,0
2025-09-22,01037,1037.HK,雲智匯科技,0.62,133.96,21255090,437827538.0,437827538.0,127352,166.9,4.85,10,0,0,2026-09-08 12:45:46,1
2025-09-22,01795,1795.HK,亞東集團,0.77,10.0,5879610,462000000.0,462000000.0,53658,109.58,1.27,10,0,0,2026-09-08 12:45:46,1
2025-09-22,01027,1027.HK,亞洲策略(一千),1.27,2.42,741820,530288500.0,530288500.0,65319,11.36,0.14,10,0,0,2026-09-08 12:45:46,1
2025-09-22,00789,789.HK,雅天妮集團,2.05,36.67,2537550,542826931.0,542826931.0,47903,52.97,0.47,10,0,0,2026-09-08 12:45:46,1
2025-09-22,01148,1148.HK,新晨動力,0.445,48.33,14603560,570584248.0,570584248.0,657452,22.21,2.56,10,0,0,2026-09-08 12:45:46,1
2025-09-22,00918,918.HK,龍翼航空科技,0.6,0.0,11263480,668441495.0,668441495.0,508668,22.14,1.69,10,0,0,2026-09-08 12:45:46,1
2025-09-22,00771,771.HK,自動系統,0.85,-1.16,2830180,713515068.0,713515068.0,256795,11.02,0.4,10,0,0,2026-09-08 12:45:46,1
2025-09-22,02008,2008.HK,鳳凰衛視,1.78,21.92,8388810,888871391.0,888871391.0,142273,58.96,0.94,10,0,0,2026-09-08 12:45:46,1
2025-09-23,08125,8125.HK,榮記萬通,0.295,-1.67,894840,63936138.0,63936138.0,31789,28.15,1.4,10,0,0,2026-09-08 12:45:48,1
2025-09-23,01894,1894.HK,恆益控股,0.496,0.0,1528490,115745072.0,115745072.0,111776,13.67,1.32,10,0,0,2026-09-08 12:45:47,1
2025-09-23,02108,2108.HK,K2 F&B,0.221,0.45,935820,176800000.0,176800000.0,11449,81.74,0.53,10,0,0,2026-09-08 12:45:48,1
2025-09-23,02132,2132.HK,譽燊豐控股,0.175,86.17,3136680,280000000.0,280000000.0,112724,27.83,1.12,10,0,0,2026-09-08 12:45:48,1
2025-09-23,00689,689.HK,長盈集團(控股),0.172,9.55,2499340,319529854.0,319529854.0,222026,11.26,0.78,10,0,0,2026-09-08 12:45:47,1
2025-09-23,01912,1912.HK,康特隆,0.96,20.0,4343770,442761440.0,442761440.0,34907,124.44,0.98,10,0,0,2026-09-08 12:45:47,1
2025-09-23,01878,1878.HK,南戈壁,2.26,-6.61,8764900,837441391.0,837441391.0,577280,15.18,1.05,10,0,0,2026-09-08 12:45:47,1
2025-09-23,00929,929.HK,國際精密,0.842,39.87,17595150,885997982.0,885997982.0,1672170,10.52,1.99,10,0,0,2026-09-08 12:45:47,1
2025-09-23,01037,1037.HK,雲智匯科技,1.26,103.23,165846510,889778544.0,889778544.0,2244330,73.9,18.64,10,0,0,2026-09-08 12:45:47,1
2025-09-23,01082,1082.HK,源宇宙教育,1.58,4.64,1102200,960714070.0,960714070.0,80828,13.64,0.11,10,0,0,2026-09-08 12:45:47,1
2025-09-24,01802,1802.HK,文業集團,0.048,-5.88,529000,39916800.0,39916800.0,47910,11.04,1.33,10,0,0,2026-09-08 12:45:48,1
2025-09-24,08125,8125.HK,榮記萬通,0.36,22.03,2376880,78023762.0,78023762.0,121273,19.6,3.05,10,0,0,2026-09-08 12:45:49,1
2025-09-24,01429,1429.HK,天任集團,0.053,8.16,688700,84800000.0,84800000.0,68860,10.0,0.81,10,0,0,2026-09-08 12:45:48,1
2025-09-24,00544,544.HK,大同集團,1.1,7.84,704580,136059500.0,136059500.0,61178,11.52,0.52,10,0,0,2026-09-08 12:45:48,1
2025-09-24,00726,726.HK,築友智造科技,0.048,-15.79,1124800,148852595.0,148852595.0,101950,11.03,0.76,10,0,0,2026-09-08 12:45:48,1
2025-09-24,03302,3302.HK,精技集團,0.19,29.25,2753530,174874745.0,174874745.0,97031,28.38,1.57,10,0,0,2026-09-08 12:45:49,1
2025-09-24,02017,2017.HK,滄海控股,0.37,27.59,1542700,228845740.0,228845740.0,42850,36.0,0.67,10,0,0,2026-09-08 12:45:49,1
2025-09-24,06988,6988.HK,樂享集團,0.159,15.22,1320600,377136425.0,377136425.0,117790,11.21,0.35,10,0,0,2026-09-08 12:45:49,1
2025-09-24,00361,361.HK,漢成發展控股,0.068,58.14,16242560,397885000.0,397885000.0,304266,53.38,4.08,10,0,0,2026-09-08 12:45:48,1
2025-09-24,02280,2280.HK,慧聰集團,0.315,39.38,5300060,412628302.0,412628302.0,326094,16.25,1.28,10,0,0,2026-09-08 12:45:49,1
2025-09-24,02189,2189.HK,嘉濤(香港)控股,0.45,-4.26,2619740,450000000.0,450000000.0,68208,38.41,0.58,10,0,0,2026-09-08 12:45:49,1
2025-09-25,03728,3728.HK,正利控股,0.087,45.0,2357400,88131000.0,88131000.0,20750,113.61,2.67,10,0,0,2026-09-08 12:45:50,1
2025-09-25,01561,1561.HK,聯洋智能控股,0.109,29.76,697840,116134497.0,116134497.0,29644,23.54,0.6,10,0,0,2026-09-08 12:45:49,1
2025-09-25,01850,1850.HK,美好生活集團控股,0.72,2.86,1168420,124416000.0,124416000.0,52914,22.08,0.94,10,0,0,2026-09-08 12:45:49,1
2025-09-25,02211,2211.HK,大健康國際,1.8,2.27,2648740,198983192.0,198983192.0,144844,18.29,1.33,10,0,0,2026-09-08 12:45:50,1
2025-09-25,02349,2349.HK,中國智能基礎設施,0.085,16.44,1248920,265903676.0,265903676.0,15905,78.52,0.47,10,0,0,2026-09-08 12:45:50,1
2025-09-25,00544,544.HK,大同集團,2.37,115.45,10510010,293146378.0,293146378.0,131636,79.84,3.59,10,0,0,2026-09-08 12:45:49,1
2025-09-25,03302,3302.HK,精技集團,0.495,160.53,71765230,455594730.0,455594730.0,347593,206.46,15.75,10,0,0,2026-09-08 12:45:50,1
2025-09-25,00730,730.HK,首惠產業金融,0.13,4.0,1121410,514012031.0,514012031.0,82915,13.52,0.22,10,0,0,2026-09-08 12:45:49,1
2025-09-25,01903,1903.HK,JBB BUILDERS,1.42,-7.19,3709780,710000000.0,710000000.0,102340,36.25,0.52,10,0,0,2026-09-08 12:45:49,1
2025-09-25,02427,2427.HK,GUANZE MEDICAL,0.77,50.98,3183600,731500000.0,731500000.0,60421,52.69,0.44,10,0,0,2026-09-08 12:45:50,1
2025-09-25,02167,2167.HK,天潤雲,5.09,38.69,11856930,882506236.0,882506236.0,314717,37.67,1.34,10,0,0,2026-09-08 12:45:50,1
2025-09-25,01027,1027.HK,亞洲策略(一千),2.12,41.33,7447290,885206000.0,885206000.0,177592,41.93,0.84,10,0,0,2026-09-08 12:45:49,1
2025-09-25,02422,2422.HK,潤歌互動,0.55,32.53,1353880,913000000.0,913000000.0,113946,11.88,0.15,10,0,0,2026-09-08 12:45:50,1
2025-09-26,08315,8315.HK,新都酒店,0.136,0.0,1227850,79076146.0,79076146.0,39445,31.13,1.55,10,0,0,2026-09-08 12:45:51,1
2025-09-26,08320,8320.HK,沛然環保,0.118,19.19,2700610,86516420.0,86516420.0,5482,492.63,3.12,10,0,0,2026-09-08 12:45:51,1
2025-09-26,01850,1850.HK,美好生活集團控股,0.64,-11.11,2945150,110592000.0,110592000.0,165316,17.82,2.66,10,0,0,2026-09-08 12:45:50,1
2025-09-26,08490,8490.HK,駿碼半導體,0.193,10.29,4058690,136161500.0,136161500.0,48346,83.95,2.98,10,0,0,2026-09-08 12:45:51,1
2025-09-26,08225,8225.HK,中國醫療集團,0.191,3.24,786200,190112167.0,190112167.0,34634,22.7,0.41,10,0,0,2026-09-08 12:45:51,1
2025-09-26,02212,2212.HK,高鵬礦業,0.18,9.09,3415920,227501856.0,227501856.0,32246,105.93,1.5,10,0,0,2026-09-08 12:45:51,1
2025-09-26,02221,2221.HK,創業集團控股,1.12,24.44,7861470,256819599.0,256819599.0,256464,30.65,3.06,10,0,0,2026-09-08 12:45:51,1
2025-09-26,01732,1732.HK,象興科技,0.21,7.69,2009600,268800000.0,268800000.0,127990,15.7,0.75,10,0,0,2026-09-08 12:45:50,1
2025-09-26,01419,1419.HK,盈健醫療,0.81,-12.9,2897860,307437309.0,307437309.0,213876,13.55,0.94,10,0,0,2026-09-08 12:45:50,1
2025-09-26,06119,6119.HK,天源集團,0.56,14.29,3723180,336000000.0,336000000.0,25663,145.08,1.11,10,0,0,2026-09-08 12:45:51,1
2025-09-26,01757,1757.HK,環球華商俱樂部,0.37,15.62,5567900,444000000.0,444000000.0,350050,15.91,1.25,10,0,0,2026-09-08 12:45:50,1
2025-09-26,00235,235.HK,中策資本控股,0.032,10.34,9748550,652328123.0,652328123.0,580090,16.81,1.49,10,0,0,2026-09-08 12:45:50,1
2025-09-26,02540,2540.HK,樂思集團,1.47,5.0,4902300,882000000.0,882000000.0,66140,74.12,0.56,10,0,0,2026-09-08 12:45:51,1
2025-09-26,01868,1868.HK,同方友友,0.43,13.16,849800,900620129.0,900620129.0,36472,23.3,0.09,10,0,0,2026-09-08 12:45:50,1
2025-09-29,08147,8147.HK,雲晶數智,0.62,47.62,1704500,128482350.0,128482350.0,88554,19.25,1.33,10,0,0,2026-09-08 12:45:52,1
2025-09-29,01752,1752.HK,澳洲成峰高教,0.086,56.36,1142580,191938756.0,191938756.0,30764,37.14,0.6,10,0,0,2026-09-08 12:45:51,1
2025-09-29,06080,6080.HK,榮智控股,0.181,10.37,9153100,202783350.0,202783350.0,496460,18.44,4.51,10,0,0,2026-09-08 12:45:52,1
2025-09-29,01449,1449.HK,立德教育,0.28,5.66,836020,224000000.0,224000000.0,12447,67.17,0.37,10,0,0,2026-09-08 12:45:51,1
2025-09-29,08637,8637.HK,元續科技,1.69,0.0,3805700,252996380.0,252996380.0,334220,11.39,1.5,10,0,0,2026-09-08 12:45:52,1
2025-09-29,02212,2212.HK,高鵬礦業,0.227,26.11,4255400,286905118.0,286905118.0,373838,11.38,1.48,10,0,0,2026-09-08 12:45:52,1
2025-09-29,03300,3300.HK,中國玻璃,0.315,18.87,5194100,578408751.0,578408751.0,409558,12.68,0.9,10,0,0,2026-09-08 12:45:52,1
2025-09-30,01063,1063.HK,新確科技(新),0.128,0.0,1352710,39386536.0,39386536.0,54284,24.92,3.43,10,0,0,2026-09-08 12:45:52,1
2025-09-30,08072,8072.HK,蘭谷股份,0.295,0.0,866910,49662995.0,49662995.0,67412,12.86,1.75,10,0,0,2026-09-08 12:45:53,1
2025-09-30,02330,2330.HK,中國上城,0.14,9.38,611200,63398405.0,63398405.0,14944,40.9,0.96,10,0,0,2026-09-08 12:45:53,1
2025-09-30,08619,8619.HK,NIU HOLDINGS,0.153,-7.83,716360,66346155.0,66346155.0,17378,41.22,1.08,10,0,0,2026-09-08 12:45:53,1
2025-09-30,00572,572.HK,未來世界控股,0.5,6.38,678090,150753946.0,150753946.0,30179,22.47,0.45,10,0,0,2026-09-08 12:45:52,1
2025-09-30,01987,1987.HK,BENG SOON MACH,0.265,41.71,7039120,265000000.0,265000000.0,339664,20.72,2.66,10,0,0,2026-09-08 12:45:52,1
2025-09-30,01170,1170.HK,信星集團,0.48,-2.04,1172900,320159734.0,320159734.0,39406,29.76,0.37,10,0,0,2026-09-08 12:45:52,1
2025-09-30,01289,1289.HK,盛力達科技,2.686,8.05,3340310,343808000.0,85952000.0,333317,10.02,0.97,10,0,0,2026-09-08 12:45:52,1
2025-09-30,01046,1046.HK,寰宇娛樂文化,0.39,11.43,960730,353586588.0,353586588.0,32629,29.44,0.27,10,0,0,2026-09-08 12:45:52,1
2025-09-30,00510,510.HK,時富金融服務集團,0.93,40.91,4223020,400992544.0,400992544.0,315006,13.41,1.05,10,0,0,2026-09-08 12:45:52,1
2025-09-30,02699,2699.HK,新明中國,16.457,-12.69,99440320,432830752.0,432830752.0,9286378,10.71,22.97,10,0,0,2026-09-08 12:45:53,1
2025-09-30,01334,1334.HK,瑞昌國際控股,1.11,30.59,5192030,555000000.0,555000000.0,64680,80.27,0.94,10,0,0,2026-09-08 12:45:52,1
2025-09-30,08368,8368.HK,中國創意控股,0.82,12.33,32187320,567618530.0,567618530.0,642526,50.09,5.67,10,0,0,2026-09-08 12:45:53,1
2025-09-30,01851,1851.HK,銀杏教育,1.5,-1.32,5255900,750000000.0,750000000.0,23240,226.16,0.7,10,0,0,2026-09-08 12:45:52,1
2025-09-30,00156,156.HK,力寶華潤,1.05,20.69,6081500,964625835.0,964625835.0,168767,36.03,0.63,10,0,0,2026-09-08 12:45:52,1
2025-10-02,01010,1010.HK,天璽曜11,0.103,13.19,548400,45762300.0,45762300.0,14490,37.85,1.2,10,0,0,2026-09-08 12:45:53,1
2025-10-02,08208,8208.HK,永通萬國集團,0.105,43.84,1086400,75600000.0,75600000.0,66760,16.27,1.44,10,0,0,2026-09-08 12:45:54,1
2025-10-02,00261,261.HK,GBA集團,0.285,20.25,3406730,94438078.0,94438078.0,95319,35.74,3.61,10,0,0,2026-09-08 12:45:53,1
2025-10-02,01049,1049.HK,時富投資,1.36,43.16,3423050,109749526.0,109749526.0,2020,1694.58,3.12,10,0,0,2026-09-08 12:45:53,1
2025-10-02,02340,2340.HK,升柏控股,0.19,15.85,1661860,145297370.0,145297370.0,91660,18.13,1.14,10,0,0,2026-09-08 12:45:54,1
2025-10-02,01362,1362.HK,新龍移動,0.53,26.19,732560,148400000.0,148400000.0,21340,34.33,0.49,10,0,0,2026-09-08 12:45:53,1
2025-10-02,03313,3313.HK,雅高控股,1.62,2.53,1745890,230380948.0,230380948.0,33037,52.85,0.76,10,0,0,2026-09-08 12:45:54,1
2025-10-02,01240,1240.HK,青建國際,0.196,6.52,1433070,297590726.0,297590726.0,53185,26.95,0.48,10,0,0,2026-09-08 12:45:53,1
2025-10-02,08148,8148.HK,悟喜生活,0.77,0.0,15558400,352775808.0,352775808.0,22484,691.98,4.41,10,0,0,2026-09-08 12:45:54,1
2025-10-02,01746,1746.HK,萬順集團控股,0.365,40.38,2570400,365000000.0,365000000.0,198433,12.95,0.7,10,0,0,2026-09-08 12:45:53,1
2025-10-02,08269,8269.HK,倍升教育科技,0.52,20.93,6810160,463175856.0,463175856.0,313812,21.7,1.47,10,0,0,2026-09-08 12:45:54,1
2025-10-02,01909,1909.HK,火岩控股,1.913,-8.34,4197320,464516651.0,464516651.0,299234,14.03,0.9,10,0,0,2026-09-08 12:45:53,1
2025-10-02,00510,510.HK,時富金融服務集團,1.32,41.94,13375770,569150708.0,569150708.0,707597,18.9,2.35,10,0,0,2026-09-08 12:45:53,1
2025-10-02,02237,2237.HK,中國石墨,0.37,7.25,3275150,592000000.0,592000000.0,215640,15.19,0.55,10,0,0,2026-09-08 12:45:54,1
2025-10-02,01489,1489.HK,GC CONSTRUCTION,0.63,88.06,8604100,630000000.0,630000000.0,488300,17.62,1.37,4,1,0,2026-09-08 12:45:53,1
2025-10-02,01942,1942.HK,馬可數字科技,0.322,4.55,27632050,662801451.0,662801451.0,1394880,19.81,4.17,10,0,0,2026-09-08 12:45:53,1
2025-10-02,00334,334.HK,華顯光電,0.405,26.56,13452630,856294711.0,856294711.0,1284463,10.47,1.57,10,0,0,2026-09-08 12:45:53,1
2025-10-03,02110,2110.HK,天成控股,0.122,4.27,936420,5270400.0,5270400.0,6231,150.28,17.77,10,0,0,2026-09-08 12:45:55,1
2025-10-03,08293,8293.HK,星亞控股,0.21,6.06,2000680,45158420.0,45158420.0,13912,143.81,4.43,10,0,0,2026-09-08 12:45:55,1
2025-10-03,08221,8221.HK,高裕金融,1.18,12.38,5721000,56168000.0,56168000.0,55842,102.45,10.19,10,0,0,2026-09-08 12:45:55,1
2025-10-03,00130,130.HK,慕詩國際,0.25,98.41,3014870,71982500.0,71982500.0,79,38162.91,4.19,10,0,0,2026-09-08 12:45:54,1
2025-10-03,01421,1421.HK,恆昌集團國際,0.395,-1.25,5178400,79077104.0,79077104.0,37652,137.53,6.55,10,0,0,2026-09-08 12:45:54,1
2025-10-03,00784,784.HK,愛生命國際,0.122,45.24,562300,97600000.0,97600000.0,23930,23.5,0.58,10,0,0,2026-09-08 12:45:54,1
2025-10-03,01850,1850.HK,美好生活集團控股,0.74,19.35,7684630,127872000.0,127872000.0,595377,12.91,6.01,10,0,0,2026-09-08 12:45:54,1
2025-10-03,00397,397.HK,嬴集團,0.044,-8.33,7306930,150604920.0,150604920.0,102303,71.42,4.85,10,0,0,2026-09-08 12:45:54,1
2025-10-03,01957,1957.HK,大人國際,0.265,-3.64,4096100,166420000.0,166420000.0,374580,10.94,2.46,10,0,0,2026-09-08 12:45:54,1
2025-10-03,08350,8350.HK,立橋證券控股,0.219,30.36,1105320,208064016.0,208064016.0,80215,13.78,0.53,10,0,0,2026-09-08 12:45:55,1
2025-10-03,02258,2258.HK,華滋國際海洋,0.289,29.02,996890,238540600.0,238540600.0,6443,154.72,0.42,10,0,0,2026-09-08 12:45:55,1
2025-10-03,01953,1953.HK,賽孚迅國際,0.198,27.74,2945070,249480000.0,249480000.0,61444,47.93,1.18,10,0,0,2026-09-08 12:45:54,1
2025-10-03,00556,556.HK,泛亞環保,0.31,10.71,747130,311494461.0,311494461.0,63832,11.7,0.24,10,0,0,2026-09-08 12:45:54,1
2025-10-03,03773,3773.HK,銀盛數惠,1.64,-1.2,1412520,680600000.0,680600000.0,127896,11.04,0.21,10,0,0,2026-09-08 12:45:55,1
2025-10-03,00776,776.HK,帝國科技集團,1.177,54.26,18818190,790752796.0,790752796.0,932053,20.19,2.38,10,0,0,2026-09-08 12:45:54,1
2025-10-06,08176,8176.HK,超人智能,0.081,-34.68,2314600,57955559.0,57955559.0,6557,353.0,3.99,10,0,0,2026-09-08 12:45:56,0
2025-10-06,02528,2528.HK,尚晉國際控股,0.202,-8.18,1255860,80800000.0,80800000.0,44196,28.42,1.55,10,0,0,2026-09-08 12:45:56,1
2025-10-06,00810,810.HK,中國鑄晨81,0.12,8.11,1975950,85530138.0,85530138.0,14485,136.41,2.31,10,0,0,2026-09-08 12:45:55,1
2025-10-06,01722,1722.HK,建鵬控股,0.082,43.86,720600,90200000.0,90200000.0,27260,26.43,0.8,10,0,0,2026-09-08 12:45:55,1
2025-10-06,01069,1069.HK,中國健康科技集團,0.333,3.42,2487750,102821296.0,102821296.0,218314,11.4,2.42,10,0,0,2026-09-08 12:45:55,1
2025-10-06,00784,784.HK,愛生命國際,0.149,22.13,1021300,119200000.0,119200000.0,80160,12.74,0.86,10,0,0,2026-09-08 12:45:55,1
2025-10-06,08317,8317.HK,財華社集團,0.125,-0.79,2516870,124976020.0,124976020.0,8570,293.68,2.01,10,0,0,2026-09-08 12:45:56,1
2025-10-06,08637,8637.HK,元續科技,1.5,-6.25,14544900,224553000.0,224553000.0,1024110,14.2,6.48,10,0,0,2026-09-08 12:45:56,1
2025-10-06,00893,893.HK,中國鐵鈦,0.106,26.19,3780320,238395633.0,238395633.0,166051,22.77,1.59,10,0,0,2026-09-08 12:45:55,1
2025-10-06,00731,731.HK,建發新勝,0.19,0.53,619370,268774158.0,268774158.0,50226,12.33,0.23,10,0,0,2026-09-08 12:45:55,1
2025-10-06,08029,8029.HK,中投金融科技集團,1.06,58.21,1593800,296886518.0,296886518.0,19679,80.99,0.54,10,0,0,2026-09-08 12:45:56,1
2025-10-06,06909,6909.HK,百得利控股,0.517,0.0,2207600,321832500.0,321832500.0,11845,186.37,0.69,10,0,0,2026-09-08 12:45:56,1
2025-10-06,00471,471.HK,中播數據,0.679,22.56,5864700,325758490.0,325758490.0,223085,26.29,1.8,10,0,0,2026-09-08 12:45:55,1
2025-10-06,00166,166.HK,新時代集團控股,0.051,2.0,775850,445830626.0,445830626.0,34778,22.31,0.17,10,0,0,2026-09-08 12:45:55,1
2025-10-06,06829,6829.HK,龍升集團控股,1.88,62.07,6358500,541440000.0,541440000.0,372311,17.08,1.17,10,0,0,2026-09-08 12:45:56,1
2025-10-06,00265,265.HK,港譽智慧城市服務,2.44,22.61,670040,630597284.0,630597284.0,59405,11.28,0.11,10,0,0,2026-09-08 12:45:55,1
2025-10-06,08246,8246.HK,中華燃氣,1.264,113.51,4470090,748544592.0,748544592.0,23027,194.12,0.6,10,0,0,2026-09-08 12:45:56,1
2025-10-06,06898,6898.HK,中國鋁罐,0.828,6.43,1724620,779480028.0,779480028.0,22432,76.88,0.22,10,0,0,2026-09-08 12:45:56,1
2025-10-08,08250,8250.HK,都都控股,0.166,0.0,3494130,57138547.0,57138547.0,10002,349.34,6.12,10,0,0,2026-09-08 12:45:57,1
2025-10-08,02330,2330.HK,中國上城,0.135,-6.9,1287980,61134176.0,61134176.0,63783,20.19,2.11,10,0,0,2026-09-08 12:45:57,1
2025-10-08,08187,8187.HK,積木集團,0.415,6.41,6351030,62948794.0,62948794.0,261120,24.32,10.09,10,0,0,2026-09-08 12:45:57,1
2025-10-08,08377,8377.HK,維港育馬,0.165,0.61,801490,88974907.0,88974907.0,42471,18.87,0.9,10,0,0,2026-09-08 12:45:57,1
2025-10-08,02112,2112.HK,恩典生命科技,0.066,13.79,5066880,99000000.0,99000000.0,104176,48.64,5.12,10,0,0,2026-09-08 12:45:57,1
2025-10-08,01715,1715.HK,智慧健康科技,0.31,-6.06,1255500,111835562.0,111835562.0,66005,19.02,1.12,10,0,0,2026-09-08 12:45:56,1
2025-10-08,08168,8168.HK,寶積資本,0.085,19.72,833440,126191000.0,126191000.0,48338,17.24,0.66,10,0,0,2026-09-08 12:45:57,1
2025-10-08,01722,1722.HK,建鵬控股,0.117,42.68,8347900,128700000.0,128700000.0,96430,86.57,6.49,10,0,0,2026-09-08 12:45:56,1
2025-10-08,01711,1711.HK,歐化,0.184,106.74,2150000,147200000.0,147200000.0,429,5011.66,1.46,10,0,0,2026-09-08 12:45:56,1
2025-10-08,08029,8029.HK,中投金融科技集團,1.32,24.53,1869120,369707740.0,369707740.0,178804,10.45,0.51,10,0,0,2026-09-08 12:45:57,1
2025-10-08,00595,595.HK,先思行,0.44,10.0,2346690,377300573.0,377300573.0,84472,27.78,0.62,10,0,0,2026-09-08 12:45:56,1
2025-10-08,00166,166.HK,新時代集團控股,0.058,13.73,3125920,507023065.0,507023065.0,107622,29.05,0.62,10,0,0,2026-09-08 12:45:56,1
2025-10-08,01636,1636.HK,中國金屬利用,1.22,23.23,8876240,546749986.0,546749986.0,161420,54.99,1.62,10,0,0,2026-09-08 12:45:56,1
2025-10-08,00365,365.HK,芯成科技,0.41,41.38,7762900,596550000.0,596550000.0,216774,35.81,1.3,10,0,0,2026-09-08 12:45:56,1
2025-10-08,01900,1900.HK,中國智能交通,0.395,16.18,9659870,679473415.0,679473415.0,280891,34.39,1.42,10,0,0,2026-09-08 12:45:56,1
2025-10-08,06885,6885.HK,金馬能源,1.28,15.32,6108940,685338880.0,685338880.0,566691,10.78,0.89,10,0,0,2026-09-08 12:45:57,1
2025-10-08,01036,1036.HK,萬科海外,1.79,15.48,4182230,697254998.0,697254998.0,135105,30.96,0.6,10,0,0,2026-09-08 12:45:56,1
2025-10-09,08178,8178.HK,中國信息科技,0.587,-47.91,15166050,101026902.0,101026902.0,559414,27.11,15.01,10,0,0,2026-09-08 12:45:58,1
2025-10-09,08473,8473.HK,彌明生活百貨,0.135,12.5,705780,151200000.0,151200000.0,45461,15.52,0.47,10,0,0,2026-09-08 12:45:58,1
2025-10-09,01711,1711.HK,歐化,0.197,7.07,4540270,157600000.0,157600000.0,215429,21.08,2.88,10,0,0,2026-09-08 12:45:57,1
2025-10-09,08406,8406.HK,中國口腔產業,0.107,13.83,1951770,210749096.0,210749096.0,81408,23.98,0.93,10,0,0,2026-09-08 12:45:58,1
2025-10-09,02102,2102.HK,德利機械,0.25,22.55,2646250,250000000.0,250000000.0,32251,82.05,1.06,10,0,0,2026-09-08 12:45:57,1
2025-10-09,01959,1959.HK,中聚投資,0.51,14.61,1329170,270301020.0,270301020.0,64880,20.49,0.49,10,0,0,2026-09-08 12:45:57,1
2025-10-09,00295,295.HK,江山控股,0.019,-5.0,564430,284324408.0,284324408.0,45963,12.28,0.2,10,0,0,2026-09-08 12:45:57,1
2025-10-09,00970,970.HK,新耀萊,0.53,1.92,2626710,357941950.0,357941950.0,165562,15.87,0.73,10,0,0,2026-09-08 12:45:57,1
2025-10-09,06939,6939.HK,美佳音控股,0.59,-3.28,2532640,367275000.0,367275000.0,190874,13.27,0.69,10,0,0,2026-09-08 12:45:58,1
2025-10-09,00979,979.HK,綠色能源科技集團,0.3,0.0,627120,406892453.0,406892453.0,48400,12.96,0.15,10,0,0,2026-09-08 12:45:57,1
2025-10-09,06118,6118.HK,奧星生命科技,1.5,47.06,9094480,768873000.0,768873000.0,294299,30.9,1.18,10,0,0,2026-09-08 12:45:58,1
2025-10-09,06885,6885.HK,金馬能源,1.55,21.09,29046390,829902550.0,829902550.0,1155075,25.15,3.5,10,0,0,2026-09-08 12:45:58,1
2025-10-10,08377,8377.HK,維港育馬,0.139,-15.76,1380790,74954619.0,74954619.0,95927,14.39,1.84,10,0,0,2026-09-08 12:45:59,1
2025-10-10,06816,6816.HK,瑞港建設,0.219,1.86,521900,175200000.0,175200000.0,9750,53.53,0.3,10,0,0,2026-09-08 12:45:59,1
2025-10-10,08622,8622.HK,愉悅集團,0.42,6.33,7366400,216498240.0,216498240.0,243900,30.2,3.4,10,0,0,2026-09-08 12:45:59,1
2025-10-10,08403,8403.HK,德豐宿來,1.46,0.69,641840,247032000.0,247032000.0,52146,12.31,0.26,10,0,0,2026-09-08 12:45:59,1
2025-10-10,01822,1822.HK,中木國際,0.155,-15.3,703680,305938591.0,305938591.0,56994,12.35,0.23,10,0,0,2026-09-08 12:45:58,1
2025-10-10,02237,2237.HK,中國石墨,0.4,1.27,37098150,640000000.0,640000000.0,1260237,29.44,5.8,10,0,0,2026-09-08 12:45:59,1
2025-10-10,00090,90.HK,普星能量,1.646,23.2,2732720,754855600.0,754855600.0,55318,49.4,0.36,10,0,0,2026-09-08 12:45:58,1
2025-10-10,02458,2458.HK,望塵科技控股,6.35,1.76,39503700,906209313.0,906209313.0,176517,223.8,4.36,10,0,0,2026-09-08 12:45:59,1
2025-10-13,02110,2110.HK,天成控股,0.16,37.93,2209130,6912000.0,6912000.0,105689,20.9,31.96,10,0,0,2026-09-08 12:46:00,1
2025-10-13,08456,8456.HK,民信國際控股,0.385,-1.28,1111400,50898136.0,50898136.0,53401,20.81,2.18,10,0,0,2026-09-08 12:46:00,1
2025-10-13,00145,145.HK,信能低碳,0.18,2.27,1703530,65916327.0,65916327.0,119306,14.28,2.58,9,1,0,2026-09-08 12:45:59,1
2025-10-13,01591,1591.HK,汛和集團,0.165,0.61,3538690,88000000.0,88000000.0,23984,147.54,4.02,10,0,0,2026-09-08 12:45:59,1
2025-10-13,00197,197.HK,亨泰,0.47,-11.32,9276530,98328913.0,98328913.0,793496,11.69,9.43,10,0,0,2026-09-08 12:45:59,1
2025-10-13,02370,2370.HK,力高健康生活,0.52,33.33,3084900,104000000.0,104000000.0,31730,97.22,2.97,10,0,0,2026-09-08 12:46:00,1
2025-10-13,08360,8360.HK,簡樸新生活,0.31,-10.14,1886340,112238511.0,112238511.0,155227,12.15,1.68,10,0,0,2026-09-08 12:46:00,1
2025-10-13,08268,8268.HK,智城發展控股,0.395,-4.82,2131360,113760000.0,113760000.0,87099,24.47,1.87,10,0,0,2026-09-08 12:46:00,1
2025-10-13,01163,1163.HK,虎視傳媒,0.133,1.53,528000,119221200.0,119221200.0,9670,54.6,0.44,10,0,0,2026-09-08 12:45:59,1
2025-10-13,08413,8413.HK,亞洲富思,0.114,-1.72,1133200,132468000.0,132468000.0,73730,15.37,0.86,10,0,0,2026-09-08 12:46:00,1
2025-10-13,00298,298.HK,莊士中國,0.12,-2.44,515800,281644238.0,281644238.0,40121,12.86,0.18,10,0,0,2026-09-08 12:45:59,1
2025-10-13,02680,2680.HK,南強控股,8.0,41.34,26930790,480000000.0,480000000.0,678420,39.7,5.61,1,1,0,2026-09-08 12:46:00,1
2025-10-13,00848,848.HK,茂業國際,0.124,-3.88,547650,637400424.0,637400424.0,52724,10.39,0.09,10,0,0,2026-09-08 12:45:59,1
2025-10-13,01727,1727.HK,河北建設,0.45,-4.26,789140,792622575.0,207622575.0,32019,24.65,0.1,10,0,0,2026-09-08 12:45:59,1
2025-10-13,02623,2623.HK,香港黃金產業集團,1.493,0.88,719570,819104279.0,819104279.0,21858,32.92,0.09,10,0,0,2026-09-08 12:46:00,1
2025-10-13,01082,1082.HK,源宇宙教育,1.52,-0.65,2073800,924231258.0,924231258.0,136877,15.15,0.22,10,0,0,2026-09-08 12:45:59,1
2025-10-14,08103,8103.HK,HMVOD視頻,0.239,74.45,3747340,30938047.0,30938047.0,37031,101.19,12.11,10,0,0,2026-09-08 12:46:01,1
2025-10-14,00601,601.HK,稀鎂科技,0.128,28.0,7928400,75852173.0,75852173.0,627537,12.63,10.45,10,0,0,2026-09-08 12:46:00,1
2025-10-14,02227,2227.HK,守益控股,0.13,16.07,538400,119028000.0,119028000.0,22810,23.6,0.45,10,0,0,2026-09-08 12:46:01,1
2025-10-14,00164,164.HK,中國寶力科技,0.405,0.0,1806350,141451403.0,141451403.0,100404,17.99,1.28,10,0,0,2026-09-08 12:46:00,1
2025-10-14,01742,1742.HK,HPC HOLDINGS,0.115,26.37,1136100,184000000.0,184000000.0,26510,42.86,0.62,10,0,0,2026-09-08 12:46:01,1
2025-10-14,06839,6839.HK,雲南水務,0.18,-9.55,700380,214778422.0,65468502.0,21302,32.88,0.33,10,0,0,2026-09-08 12:46:01,1
2025-10-14,00913,913.HK,港灣數字,0.305,3.39,691080,270548737.0,270548737.0,15795,43.75,0.26,10,0,0,2026-09-08 12:46:00,1
2025-10-14,00989,989.HK,中國長白山國際,0.79,33.9,510450,284543733.0,284543733.0,39518,12.92,0.18,10,0,0,2026-09-08 12:46:00,1
2025-10-14,01355,1355.HK,生物系統工程,0.162,36.13,1224800,289914834.0,289914834.0,35018,34.98,0.42,10,0,0,2026-09-08 12:46:00,1
2025-10-14,01937,1937.HK,佳辰控股,0.29,19.34,1185900,290000000.0,290000000.0,62760,18.9,0.41,10,0,0,2026-09-08 12:46:01,1
2025-10-14,01959,1959.HK,中聚投資,0.72,65.52,17715750,381601440.0,381601440.0,210077,84.33,4.64,10,0,0,2026-09-08 12:46:01,1
2025-10-14,01945,1945.HK,清科控股,1.3,2.36,912900,382239520.0,382239520.0,50190,18.19,0.24,10,0,0,2026-09-08 12:46:01,1
2025-10-14,00938,938.HK,民生國際,0.61,8.93,641020,394791143.0,394791143.0,59625,10.75,0.16,10,0,0,2026-09-08 12:46:00,1
2025-10-14,00244,244.HK,先施,0.335,11.67,5546670,440177458.0,440177458.0,96541,57.45,1.26,10,0,0,2026-09-08 12:46:00,1
2025-10-14,01596,1596.HK,翼辰實業,0.657,-1.5,771760,589880880.0,147470220.0,69931,11.04,0.13,10,0,0,2026-09-08 12:46:01,1
2025-10-14,00672,672.HK,眾安集團,0.136,-0.73,2394820,766470133.0,766470133.0,197632,12.12,0.31,10,0,0,2026-09-08 12:46:00,1
2025-10-15,00065,65.HK,弘海高新資源,0.395,0.0,3096400,96987082.0,96987082.0,46442,66.67,3.19,10,0,0,2026-09-08 12:46:01,1
2025-10-15,01162,1162.HK,瑩嵐集團,0.22,-1.79,3177000,132000000.0,132000000.0,82280,38.61,2.41,10,0,0,2026-09-08 12:46:01,1
2025-10-15,01826,1826.HK,豐展控股,0.07,-11.39,681040,167832000.0,167832000.0,30427,22.38,0.41,10,0,0,2026-09-08 12:46:02,1
2025-10-15,00684,684.HK,亞倫國際,0.55,-5.17,610900,183179986.0,183179986.0,30376,20.11,0.33,10,0,0,2026-09-08 12:46:01,1
2025-10-15,00092,92.HK,冠軍科技集團,0.168,-1.18,934400,184399294.0,184399294.0,88692,10.54,0.51,10,0,0,2026-09-08 12:46:01,1
2025-10-15,00471,471.HK,中播數據,0.586,-17.58,26907500,281140612.0,281140612.0,1973251,13.64,9.57,10,0,0,2026-09-08 12:46:01,1
2025-10-15,01959,1959.HK,中聚投資,0.65,-9.72,34088080,344501300.0,344501300.0,1976967,17.24,9.89,10,0,0,2026-09-08 12:46:02,1
2025-10-15,00146,146.HK,太平地氈,1.68,5.66,1166530,356474980.0,356474980.0,9722,119.99,0.33,10,0,0,2026-09-08 12:46:01,1
2025-10-15,00096,96.HK,友成控股,0.575,-4.96,1117600,366016020.0,366016020.0,31750,35.2,0.31,10,0,0,2026-09-08 12:46:01,1
2025-10-15,01751,1751.HK,智算能建(二千),0.913,19.19,1478380,372203960.0,372203960.0,40856,36.19,0.4,10,0,0,2026-09-08 12:46:02,1
2025-10-15,00970,970.HK,新耀萊,0.64,0.0,5256660,432231789.0,432231789.0,412393,12.75,1.22,10,0,0,2026-09-08 12:46:01,1
2025-10-15,01823,1823.HK,華昱高速,1.14,7.55,1890180,537063120.0,537063120.0,133772,14.13,0.35,10,0,0,2026-09-08 12:46:02,1
2025-10-15,00677,677.HK,金源發展國際實業,0.339,0.0,1536470,575420789.0,575420789.0,150231,10.23,0.27,10,0,0,2026-09-08 12:46:01,0
2025-10-15,00848,848.HK,茂業國際,0.121,-2.42,1365030,621979446.0,621979446.0,129851,10.51,0.22,10,0,0,2026-09-08 12:46:01,1
2025-10-15,00391,391.HK,美亞娛樂資訊,0.112,10.89,1021680,663458715.0,663458715.0,36329,28.12,0.15,10,0,0,2026-09-08 12:46:01,1
2025-10-15,02325,2325.HK,雲康集團,1.4,17.65,45523170,869750700.0,869750700.0,489503,93.0,5.23,10,0,0,2026-09-08 12:46:02,1
2025-10-16,08120,8120.HK,國農金融投資,0.47,-9.62,529650,76434577.0,76434577.0,16803,31.52,0.69,10,0,0,2026-09-08 12:46:03,1
2025-10-16,02330,2330.HK,中國上城,0.195,18.9,3027010,88304921.0,88304921.0,248553,12.18,3.43,10,0,0,2026-09-08 12:46:03,1
2025-10-16,01971,1971.HK,弘陽服務,0.275,-21.43,1849520,114125000.0,114125000.0,2189,844.92,1.62,10,0,0,2026-09-08 12:46:03,1
2025-10-16,08321,8321.HK,泰錦控股,0.275,0.0,1045150,147510000.0,147510000.0,6878,151.96,0.71,10,0,0,2026-09-08 12:46:03,1
2025-10-16,01751,1751.HK,智算能建(二千),1.063,16.43,7225400,433354665.0,433354665.0,187454,38.54,1.67,10,0,0,2026-09-08 12:46:03,1
2025-10-16,06830,6830.HK,華眾車載,0.292,11.45,10221230,516604590.0,516604590.0,284166,35.97,1.98,10,0,0,2026-09-08 12:46:03,1
2025-10-16,06188,6188.HK,迪信通,0.63,50.0,1743400,558470052.0,345719052.0,37180,46.89,0.31,10,0,0,2026-09-08 12:46:03,1
2025-10-17,01025,1025.HK,嘉藝控股,0.23,7.48,2357150,102894511.0,102894511.0,167103,14.11,2.29,10,0,0,2026-09-08 12:46:04,1
2025-10-17,01273,1273.HK,香港信貸,0.524,-1.87,661000,217460000.0,217460000.0,56356,11.73,0.3,10,0,0,2026-09-08 12:46:04,1
2025-10-17,00844,844.HK,廣泰國際控股,0.45,9.76,1621340,222450898.0,222450898.0,4048,400.53,0.73,10,0,0,2026-09-08 12:46:04,1
2025-10-17,01130,1130.HK,中國環境資源,0.49,1.03,3821800,275805882.0,275805882.0,52339,73.02,1.39,10,0,0,2026-09-08 12:46:04,1
2025-10-20,08612,8612.HK,維亮控股,0.102,7.37,694140,42301440.0,42301440.0,8867,78.28,1.64,10,0,0,2026-09-08 12:46:05,1
2025-10-20,01400,1400.HK,滿地科技股份,0.02,0.0,1076070,76035347.0,76035347.0,12536,85.84,1.42,10,0,0,2026-09-08 12:46:05,1
2025-10-20,08321,8321.HK,泰錦控股,0.275,0.0,1295500,147510000.0,147510000.0,110657,11.71,0.88,10,0,0,2026-09-08 12:46:05,1
2025-10-20,01792,1792.HK,CMON,0.896,13.27,3564770,221921280.0,221921280.0,209879,16.98,1.61,10,0,0,2026-09-08 12:46:05,1
2025-10-20,00280,280.HK,景福集團,0.556,3.73,6178360,505575507.0,505575507.0,524310,11.78,1.22,10,0,0,2026-09-08 12:46:04,1
2025-10-20,00610,610.HK,惠記集團,0.75,2.74,4202040,594843026.0,594843026.0,205742,20.42,0.71,10,0,0,2026-09-08 12:46:04,1
2025-10-20,01028,1028.HK,千百度,0.285,29.55,892620,710334000.0,710334000.0,70041,12.74,0.13,10,0,0,2026-09-08 12:46:05,1
2025-10-21,01225,1225.HK,隆成金融,0.207,0.98,729150,47676739.0,47676739.0,8115,89.85,1.53,10,0,0,2026-09-08 12:46:06,1
2025-10-21,08118,8118.HK,中資國際控股,0.108,0.0,1555400,54000000.0,54000000.0,101290,15.36,2.88,10,0,0,2026-09-08 12:46:06,1
2025-10-21,02147,2147.HK,正味集團,1.02,13.33,4876720,68544000.0,68544000.0,290490,16.79,7.11,10,0,0,2026-09-08 12:46:06,1
2025-10-21,08275,8275.HK,中國新消費集團,0.127,8.55,1512120,121918164.0,121918164.0,45764,33.04,1.24,10,0,0,2026-09-08 12:46:06,1
2025-10-21,08481,8481.HK,盛龍錦秀國際,0.405,-6.9,1827000,164093850.0,164093850.0,30700,59.51,1.11,10,0,0,2026-09-08 12:46:06,1
2025-10-21,01715,1715.HK,智慧健康科技,0.46,22.67,2275250,165949544.0,165949544.0,214045,10.63,1.37,10,0,0,2026-09-08 12:46:06,1
2025-10-21,01327,1327.HK,勵時集團,0.73,-1.35,598600,188913254.0,188913254.0,18790,31.86,0.32,10,0,0,2026-09-08 12:46:06,1
2025-10-21,01792,1792.HK,CMON,1.053,17.52,6231390,260807040.0,260807040.0,540271,11.53,2.39,10,0,0,2026-09-08 12:46:06,1
2025-10-21,01753,1753.HK,兌吧,0.255,4.51,1589100,274589916.0,274589916.0,105363,15.08,0.58,10,0,0,2026-09-08 12:46:06,1
2025-10-21,01867,1867.HK,標準發展集團,0.211,17.22,1291920,315234000.0,315234000.0,39419,32.77,0.41,10,0,0,2026-09-08 12:46:06,1
2025-10-21,02107,2107.HK,第一服務控股,0.255,0.0,542830,322320000.0,322320000.0,33353,16.28,0.17,10,0,0,2026-09-08 12:46:06,1
2025-10-21,02393,2393.HK,巨星醫療控股,0.152,16.92,8147130,354401680.0,354401680.0,170486,47.79,2.3,10,0,0,2026-09-08 12:46:06,1
2025-10-21,01265,1265.HK,天津津燃公用,0.218,-2.24,2201820,400969100.0,109013080.0,11568,190.34,0.55,10,0,0,2026-09-08 12:46:06,1
2025-10-21,01218,1218.HK,永義國際,2.89,0.0,3323540,427652969.0,427652969.0,13173,252.3,0.78,10,0,0,2026-09-08 12:46:06,1
2025-10-21,01442,1442.HK,鷹輝物流,0.335,0.0,11922650,691440000.0,691440000.0,43170,276.18,1.72,10,0,0,2026-09-08 12:46:06,1
2025-10-21,02505,2505.HK,EDA集團控股,2.12,-3.64,10335530,982229390.0,982229390.0,511818,20.19,1.05,10,0,0,2026-09-08 12:46:06,1
2025-10-22,08460,8460.HK,基地錦標集團,0.119,83.08,3894320,31607354.0,31607354.0,42561,91.5,12.32,10,0,0,2026-09-08 12:46:07,1
2025-10-22,08153,8153.HK,嘉鼎國際集團,0.853,2.4,947030,35480684.0,35480684.0,84962,11.15,2.67,10,0,0,2026-09-08 12:46:07,1
2025-10-22,02358,2358.HK,久融控股,0.012,20.0,3576080,65664000.0,65664000.0,67319,53.12,5.45,10,0,0,2026-09-08 12:46:07,1
2025-10-22,01253,1253.HK,綠博生態,0.23,15.0,622470,138946790.0,138946790.0,58343,10.67,0.45,10,0,0,2026-09-08 12:46:07,1
2025-10-22,00465,465.HK,富通科技,0.46,9.52,836510,144939560.0,144939560.0,22519,37.15,0.58,10,0,0,2026-09-08 12:46:06,1
2025-10-22,01540,1540.HK,澳獅環球,0.4,0.0,941700,199468729.0,199468729.0,68252,13.8,0.47,10,0,0,2026-09-08 12:46:07,1
2025-10-22,00422,422.HK,越南制造加工出口,0.3,-25.0,1718030,272304000.0,272304000.0,10059,170.8,0.63,10,0,0,2026-09-08 12:46:06,1
2025-10-22,01867,1867.HK,標準發展集團,0.295,39.81,2337270,440730000.0,440730000.0,163670,14.28,0.53,10,0,0,2026-09-08 12:46:07,1
2025-10-22,02389,2389.HK,北京健康,0.074,1.37,1083680,448349130.0,448349130.0,80037,13.54,0.24,10,0,0,2026-09-08 12:46:07,1
2025-10-22,02377,2377.HK,博奇環保,1.096,5.79,1680280,936929496.0,936929496.0,52452,32.03,0.18,10,0,0,2026-09-08 12:46:07,1
2025-10-23,08460,8460.HK,基地錦標集團,0.25,110.08,29335860,66402004.0,66402004.0,431877,67.93,44.18,10,0,0,2026-09-08 12:46:08,1
2025-10-23,00571,571.HK,豐德麗控股,0.047,-20.34,727040,82526213.0,82526213.0,10414,69.81,0.88,10,0,0,2026-09-08 12:46:07,1
2025-10-23,01850,1850.HK,美好生活集團控股,0.63,10.53,11790110,108864000.0,108864000.0,665308,17.72,10.83,10,0,0,2026-09-08 12:46:08,1
2025-10-23,01679,1679.HK,瑞斯康集團,0.53,-14.52,2041450,114381335.0,114381335.0,74560,27.38,1.78,10,0,0,2026-09-08 12:46:08,1
2025-10-23,01894,1894.HK,恆益控股,0.508,4.1,992150,118545356.0,118545356.0,33579,29.55,0.84,10,0,0,2026-09-08 12:46:08,1
2025-10-23,01690,1690.HK,立基工程控股,0.085,88.89,4569550,122844550.0,122844550.0,2069,2208.58,3.72,10,0,0,2026-09-08 12:46:08,1
2025-10-23,00726,726.HK,築友智造科技,0.044,-2.22,1129740,136448212.0,136448212.0,46794,24.14,0.83,10,0,0,2026-09-08 12:46:08,1
2025-10-23,00138,138.HK,中建富通,0.87,22.54,978190,139171764.0,139171764.0,2791,350.48,0.7,10,0,0,2026-09-08 12:46:07,1
2025-10-23,01449,1449.HK,立德教育,0.25,-1.96,507500,200000000.0,200000000.0,23569,21.53,0.25,10,0,0,2026-09-08 12:46:08,1
2025-10-23,08368,8368.HK,中國創意控股,0.53,-3.64,1984100,366875391.0,366875391.0,51245,38.72,0.54,10,0,0,2026-09-08 12:46:08,1
2025-10-23,00897,897.HK,位元堂,0.475,7.95,2743340,529331872.0,529331872.0,146099,18.78,0.52,10,0,0,2026-09-08 12:46:08,1
2025-10-24,01259,1259.HK,未來發展控股,0.035,12.9,557500,77117635.0,77117635.0,44870,12.42,0.72,10,0,0,2026-09-08 12:46:09,1
2025-10-24,01703,1703.HK,誼和股份,0.73,35.19,1494850,100740000.0,100740000.0,103504,14.44,1.48,10,0,0,2026-09-08 12:46:09,1
2025-10-24,00726,726.HK,築友智造科技,0.041,-6.82,1830930,127144925.0,127144925.0,155906,11.74,1.44,10,0,0,2026-09-08 12:46:09,1
2025-10-24,01459,1459.HK,巨匠建設,0.26,4.0,562440,138673600.0,34673600.0,41813,13.45,0.41,10,0,0,2026-09-08 12:46:09,1
2025-10-24,01429,1429.HK,天任集團,0.088,31.34,1864500,140800000.0,140800000.0,108420,17.2,1.32,10,0,0,2026-09-08 12:46:09,1
2025-10-24,00834,834.HK,盛融控股,0.6,163.16,75168100,271768800.0,271768800.0,733,102501.95,27.66,6,1,0,2026-09-08 12:46:09,1
2025-10-24,01265,1265.HK,天津津燃公用,0.213,1.43,4258460,391772561.0,106512780.0,231539,18.39,1.09,10,0,0,2026-09-08 12:46:09,1
2025-10-24,01757,1757.HK,環球華商俱樂部,0.54,27.06,10547300,648000000.0,648000000.0,626050,16.85,1.63,4,1,0,2026-09-08 12:46:09,1
2025-10-27,08385,8385.HK,萬里印刷,0.275,63.69,2062680,28706700.0,28706700.0,142255,14.5,7.19,10,0,0,2026-09-08 12:46:10,1
2025-10-27,01010,1010.HK,天璽曜11,0.089,-1.11,759000,39542181.0,39542181.0,16420,46.22,1.92,10,0,0,2026-09-08 12:46:10,1
2025-10-27,02288,2288.HK,宏基資本,0.163,31.45,578330,61197861.0,61197861.0,13299,43.49,0.95,10,0,0,2026-09-08 12:46:10,1
2025-10-27,03919,3919.HK,金力集團,1.36,18.26,846890,61705920.0,61705920.0,63911,13.25,1.37,10,0,0,2026-09-08 12:46:10,1
2025-10-27,08392,8392.HK,舍圖控股,0.064,72.97,552700,64000000.0,64000000.0,1270,435.2,0.86,10,0,0,2026-09-08 12:46:10,1
2025-10-27,01703,1703.HK,誼和股份,0.95,30.14,2522800,131100000.0,131100000.0,251645,10.03,1.92,10,0,0,2026-09-08 12:46:10,1
2025-10-27,09929,9929.HK,澳達控股,0.085,26.87,891400,170000000.0,170000000.0,9610,92.76,0.52,10,0,0,2026-09-08 12:46:10,1
2025-10-27,01399,1399.HK,銳信控股,0.208,4.52,584210,226720259.0,226720259.0,16201,36.06,0.26,10,0,0,2026-09-08 12:46:10,1
2025-10-27,08123,8123.HK,華億金控,0.659,10.02,794930,227123231.0,227123231.0,5832,136.3,0.35,10,0,0,2026-09-08 12:46:10,1
2025-10-27,02326,2326.HK,新源萬恆控股,0.012,0.0,530840,253008866.0,253008866.0,40375,13.15,0.21,10,0,0,2026-09-08 12:46:10,1
2025-10-27,01416,1416.HK,CTR HOLDINGS,0.23,41.98,3940800,322000000.0,322000000.0,144410,27.29,1.22,10,0,0,2026-09-08 12:46:10,1
2025-10-27,02107,2107.HK,第一服務控股,0.26,4.0,882350,328640000.0,328640000.0,73199,12.05,0.27,10,0,0,2026-09-08 12:46:10,1
2025-10-27,00894,894.HK,萬裕科技,0.82,24.24,8943970,393044425.0,393044425.0,516408,17.32,2.28,10,0,0,2026-09-08 12:46:10,1
2025-10-27,01942,1942.HK,馬可數字科技,0.288,1.05,18674190,592816205.0,592816205.0,940470,19.86,3.15,10,0,0,2026-09-08 12:46:10,1
2025-10-28,00915,915.HK,道和環球,0.059,-13.24,830280,89065969.0,89065969.0,17932,46.3,0.93,10,0,0,2026-09-08 12:46:11,1
2025-10-28,01163,1163.HK,虎視傳媒,0.122,-5.43,1425900,109360800.0,109360800.0,2100,679.0,1.3,10,0,0,2026-09-08 12:46:11,1
2025-10-28,01443,1443.HK,富臨集團控股,0.112,69.7,2992530,145600000.0,145600000.0,32918,90.91,2.06,10,0,0,2026-09-08 12:46:11,1
2025-10-28,01777,1777.HK,花樣年控股(新),0.089,-7.29,2496190,322924691.0,322924691.0,162724,15.34,0.77,10,0,0,2026-09-08 12:46:11,1
2025-10-28,00205,205.HK,BFB HEALTH,0.315,0.0,3298200,394132440.0,394132440.0,76853,42.92,0.84,10,0,0,2026-09-08 12:46:11,1
2025-10-28,01985,1985.HK,美高域,1.38,0.73,4274740,422796120.0,422796120.0,246608,17.33,1.01,10,0,0,2026-09-08 12:46:11,1
2025-10-28,01577,1577.HK,匯鑫小貸,0.823,-2.37,24175920,559640000.0,148140000.0,5424,4457.21,4.32,10,0,0,2026-09-08 12:46:11,1
2025-10-28,01622,1622.HK,力高集團,0.168,58.49,1723720,596670366.0,596670366.0,84402,20.42,0.29,10,0,0,2026-09-08 12:46:11,1
2025-10-28,00040,40.HK,金山科技工業,0.702,4.46,1144250,633546653.0,633546653.0,24562,46.59,0.18,10,0,0,2026-09-08 12:46:11,1
2025-10-28,00472,472.HK,新絲路控股集團,0.185,6.94,554700,712085290.0,712085290.0,38639,14.36,0.08,10,0,0,2026-09-08 12:46:11,1
2025-10-28,01980,1980.HK,天鴿互動,0.66,1.54,16720590,729958787.0,729958787.0,678609,24.64,2.29,10,0,0,2026-09-08 12:46:11,1
2025-10-28,08050,8050.HK,城市酷選,2.8,13.13,2632670,759500000.0,759500000.0,238885,11.02,0.35,10,0,0,2026-09-08 12:46:11,1
2025-10-28,01079,1079.HK,松景科技,0.445,28.99,13359990,952323411.0,952323411.0,694163,19.25,1.4,10,0,0,2026-09-08 12:46:11,1
2025-10-30,08072,8072.HK,蘭谷股份,0.295,1.72,1380600,49662995.0,49662995.0,16247,84.98,2.78,10,0,0,2026-09-08 12:46:12,1
2025-10-30,02433,2433.HK,中天湖南集團,0.094,11.9,2508500,54144000.0,54144000.0,125580,19.98,4.63,10,0,0,2026-09-08 12:46:12,1
2025-10-30,08007,8007.HK,環球戰略集團,0.26,-1.89,929160,58842532.0,58842532.0,75200,12.36,1.58,10,0,0,2026-09-08 12:46:12,1
2025-10-30,01010,1010.HK,天璽曜11,0.147,27.83,1549900,65311243.0,65311243.0,125180,12.38,2.37,10,0,0,2026-09-08 12:46:12,1
2025-10-30,08535,8535.HK,熒德控股,0.121,-23.42,8585100,145200000.0,145200000.0,72148,118.99,5.91,10,0,0,2026-09-08 12:46:12,1
2025-10-30,02223,2223.HK,卡撒天嬌,0.68,23.64,906040,175543360.0,175543360.0,88005,10.3,0.52,10,0,0,2026-09-08 12:46:12,1
2025-10-30,08326,8326.HK,同景新能源,0.163,-2.98,1529180,200001000.0,200001000.0,31576,48.43,0.76,10,0,0,2026-09-08 12:46:12,1
2025-10-30,01869,1869.HK,貓屎咖啡控股,0.131,42.39,523890,221691300.0,221691300.0,10937,47.9,0.24,10,0,0,2026-09-08 12:46:12,1
2025-10-30,00865,865.HK,建德國際控股,0.04,0.0,512000,233519588.0,233519588.0,43681,11.72,0.22,10,0,0,2026-09-08 12:46:12,1
2025-10-30,01226,1226.HK,中國投融資,0.8,0.0,6919500,330077280.0,330077280.0,8120,852.16,2.1,10,0,0,2026-09-08 12:46:12,1
2025-10-30,02497,2497.HK,富景中國控股,0.7,7.69,1164300,350000000.0,350000000.0,75210,15.48,0.33,10,0,0,2026-09-08 12:46:12,1
2025-10-30,00381,381.HK,權識國際,0.305,8.93,5762350,405779480.0,405779480.0,434989,13.25,1.42,10,0,0,2026-09-08 12:46:12,1
2025-10-30,08021,8021.HK,匯隆控股,0.6,-16.67,957000,431013031.0,431013031.0,35538,26.93,0.22,10,0,0,2026-09-08 12:46:12,1
2025-10-30,03860,3860.HK,EPS創健科技,0.76,26.67,677050,442646677.0,442646677.0,28628,23.65,0.15,10,0,0,2026-09-08 12:46:12,1
2025-10-30,00367,367.HK,莊士機構國際,0.34,0.0,720800,568668055.0,568668055.0,29733,24.24,0.13,10,0,0,2026-09-08 12:46:12,1
2025-10-30,02516,2516.HK,泛遠國際,0.67,-8.22,1678300,627120000.0,627120000.0,118410,14.17,0.27,10,0,0,2026-09-08 12:46:12,1
2025-10-30,00351,351.HK,亞洲能源物流,0.32,8.47,1912200,638392078.0,638392078.0,160078,11.95,0.3,10,0,0,2026-09-08 12:46:12,1
2025-10-30,01282,1282.HK,中澤豐,0.155,-1.9,2566700,775000000.0,775000000.0,143927,17.83,0.33,10,0,0,2026-09-08 12:46:12,1
2025-10-30,01116,1116.HK,慧源同創科技,0.375,27.12,1268950,809250000.0,809250000.0,110651,11.47,0.16,10,0,0,2026-09-08 12:46:12,1
2025-10-31,01134,1134.HK,恆發光學,0.194,8.38,508560,97000000.0,97000000.0,33856,15.02,0.52,10,0,0,2026-09-08 12:46:13,1
2025-10-31,00065,65.HK,弘海高新資源,0.405,1.25,1645240,99442451.0,99442451.0,161339,10.2,1.65,10,0,0,2026-09-08 12:46:13,1
2025-10-31,02227,2227.HK,守益控股,0.133,19.82,588800,121774800.0,121774800.0,13800,42.67,0.48,10,0,0,2026-09-08 12:46:13,1
2025-10-31,01393,1393.HK,恆鼎實業,0.052,-10.34,913430,239473489.0,239473489.0,66965,13.64,0.38,10,0,0,2026-09-08 12:46:13,1
2025-10-31,01613,1613.HK,協同通信,0.175,2.94,2411500,268776286.0,268776286.0,120535,20.01,0.9,10,0,0,2026-09-08 12:46:13,1
2025-10-31,00432,432.HK,盈大地產,0.198,-1.0,683570,403570875.0,403570875.0,47123,14.51,0.17,10,0,0,2026-09-08 12:46:13,1
2025-10-31,01319,1319.HK,靄華押業信貸,0.239,5.29,1252880,459909709.0,459909709.0,81671,15.34,0.27,10,0,0,2026-09-08 12:46:13,1
2025-10-31,03626,3626.HK,啟明東方控股,3.2,-61.4,100465090,588800000.0,588800000.0,969646,103.61,17.06,10,0,0,2026-09-08 12:46:13,1
2025-10-31,01652,1652.HK,福森藥業,0.94,36.23,18776010,694942940.0,694942940.0,227346,82.59,2.7,10,0,0,2026-09-08 12:46:13,1
2025-10-31,01282,1282.HK,中澤豐,0.155,0.0,13852040,775000000.0,775000000.0,385362,35.95,1.79,10,0,0,2026-09-08 12:46:13,1
2025-10-31,00727,727.HK,中國豐匯,0.72,-3.1,768800,915727680.0,915727680.0,53112,14.48,0.08,10,0,0,2026-09-08 12:46:13,1
2025-11-03,08282,8282.HK,智傲控股,0.62,-1.59,532360,35340000.0,35340000.0,22701,23.45,1.51,10,0,0,2026-09-08 12:46:14,1
2025-11-03,08456,8456.HK,民信國際控股,0.355,-1.39,1012000,46932047.0,46932047.0,11290,89.64,2.16,10,0,0,2026-09-08 12:46:14,1
2025-11-03,08500,8500.HK,天泓文創,0.21,-0.47,3354230,90720000.0,90720000.0,176101,19.05,3.7,10,0,0,2026-09-08 12:46:14,1
2025-11-03,00164,164.HK,中國寶力科技,0.395,1.28,1032000,137958776.0,137958776.0,77269,13.36,0.75,10,0,0,2026-09-08 12:46:14,1
2025-11-03,00348,348.HK,中國智能健康,0.172,7.5,547020,159026184.0,159026184.0,35313,15.49,0.34,10,0,0,2026-09-08 12:46:14,1
2025-11-03,01134,1134.HK,恆發光學,0.325,67.53,3602130,162500000.0,162500000.0,84712,42.52,2.22,10,0,0,2026-09-08 12:46:14,1
2025-11-03,01327,1327.HK,勵時集團,0.64,0.0,990120,165622579.0,165622579.0,63065,15.7,0.6,10,0,0,2026-09-08 12:46:14,1
2025-11-03,01284,1284.HK,新傳企劃,0.365,15.87,724680,219000000.0,219000000.0,26958,26.88,0.33,10,0,0,2026-09-08 12:46:14,1
2025-11-03,08502,8502.HK,遠航港口,0.29,16.0,535880,232000000.0,232000000.0,10216,52.45,0.23,10,0,0,2026-09-08 12:46:14,1
2025-11-03,01075,1075.HK,首都信息,3.181,16.05,6775530,246367814.0,246367814.0,122691,55.22,0.73,10,0,0,2026-09-08 12:46:14,0
2025-11-03,01393,1393.HK,恆鼎實業,0.065,25.0,7489360,299341861.0,299341861.0,150166,49.87,2.5,10,0,0,2026-09-08 12:46:14,1
2025-11-03,01738,1738.HK,飛尚無煙煤,0.23,91.67,13890730,317525534.0,317525534.0,74483,186.5,4.37,10,0,0,2026-09-08 12:46:14,1
2025-11-03,00582,582.HK,神話世界,0.104,-3.7,611210,379754064.0,379754064.0,41386,14.77,0.16,10,0,0,2026-09-08 12:46:14,1
2025-11-03,01653,1653.HK,MOS HOUSE,1.33,41.49,3748440,384259610.0,384259610.0,332562,11.27,0.98,10,0,0,2026-09-08 12:46:14,0
2025-11-03,00320,320.HK,金寶通,0.51,-16.39,1048420,429695400.0,429695400.0,45456,23.06,0.24,10,0,0,2026-09-08 12:46:14,1
2025-11-03,00616,616.HK,財富鏈,0.234,36.05,6965720,436953897.0,436953897.0,209479,33.25,1.59,10,0,0,2026-09-08 12:46:14,1
2025-11-03,01692,1692.HK,登輝控股,1.715,4.26,779320,615685000.0,615685000.0,22946,33.96,0.13,10,0,0,2026-09-08 12:46:14,1
2025-11-03,00149,149.HK,中國農產品交易,0.08,0.0,2629690,796245426.0,796245426.0,124543,21.11,0.33,10,0,0,2026-09-08 12:46:14,1
2025-11-03,02415,2415.HK,梅斯健康,1.47,2.8,9775120,892541296.0,892541296.0,184148,53.08,1.1,10,0,0,2026-09-08 12:46:14,1
2025-11-03,01622,1622.HK,力高集團,0.255,19.16,6745400,905660377.0,905660377.0,517604,13.03,0.74,10,0,0,2026-09-08 12:46:14,1
2025-11-04,02110,2110.HK,天成控股,0.199,32.67,8384950,8596800.0,8596800.0,15069,556.44,97.54,9,1,0,2026-09-08 12:46:15,1
2025-11-04,08282,8282.HK,智傲控股,0.71,14.52,1474130,40470000.0,40470000.0,75169,19.61,3.64,10,0,0,2026-09-08 12:46:15,1
2025-11-04,08340,8340.HK,紫荊國際金融,0.56,1.82,922250,44794400.0,44794400.0,13704,67.3,2.06,10,0,0,2026-09-08 12:46:15,1
2025-11-04,08217,8217.HK,菊福堂生物,0.25,-5.66,2890550,75465000.0,75465000.0,89042,32.46,3.83,10,0,0,2026-09-08 12:46:15,1
2025-11-04,00065,65.HK,弘海高新資源,0.5,16.28,6036960,122768458.0,122768458.0,482485,12.51,4.92,10,0,0,2026-09-08 12:46:15,1
2025-11-04,01722,1722.HK,建鵬控股,0.14,25.0,3661100,154000000.0,154000000.0,165280,22.15,2.38,10,0,0,2026-09-08 12:46:15,1
2025-11-04,00209,209.HK,萬維智能科技,1.515,7.22,17445260,225079278.0,225079278.0,264719,65.9,7.75,10,0,0,2026-09-08 12:46:15,1
2025-11-04,03708,3708.HK,中國供應鏈產業,0.32,45.45,15310540,232729600.0,232729600.0,427277,35.83,6.58,10,0,0,2026-09-08 12:46:15,1
2025-11-04,01170,1170.HK,信星集團,0.48,2.13,875980,320159734.0,320159734.0,15960,54.89,0.27,10,0,0,2026-09-08 12:46:15,1
2025-11-04,00713,713.HK,世界(集團),0.45,-2.17,840830,356452839.0,356452839.0,42706,19.69,0.24,10,0,0,2026-09-08 12:46:15,1
2025-11-04,02187,2187.HK,智欣集團控股,0.49,13.95,2324100,439824000.0,439824000.0,171080,13.58,0.53,10,0,0,2026-09-08 12:46:15,1
2025-11-04,08227,8227.HK,海天天線,0.265,120.83,853120,502871685.0,171127647.0,12299,69.36,0.17,10,0,0,2026-09-08 12:46:15,1
2025-11-04,00413,413.HK,南華集團控股,0.039,14.71,560820,515630785.0,515630785.0,39825,14.08,0.11,10,0,0,2026-09-08 12:46:15,1
2025-11-04,01290,1290.HK,中國匯融,0.57,-10.94,1198980,621490950.0,621490950.0,1440,832.62,0.19,10,0,0,2026-09-08 12:46:15,1
2025-11-04,02405,2405.HK,力盟科技,1.15,4.55,4893600,920000000.0,920000000.0,370590,13.2,0.53,10,0,0,2026-09-08 12:46:15,1
2025-11-05,00704,704.HK,和嘉控股,0.118,122.64,4350150,34264042.0,34264042.0,9254,470.08,12.7,10,0,0,2026-09-08 12:46:16,1
2025-11-05,08431,8431.HK,浩柏國際,0.227,1.79,719600,53699937.0,53699937.0,41862,17.19,1.34,10,0,0,2026-09-08 12:46:17,1
2025-11-05,00379,379.HK,恆嘉融資租賃,0.069,-19.77,1009750,116423890.0,116423890.0,78998,12.78,0.87,10,0,0,2026-09-08 12:46:16,1
2025-11-05,01402,1402.HK,超智能控股,0.26,14.54,735350,273130000.0,273130000.0,22795,32.26,0.27,10,0,0,2026-09-08 12:46:16,1
2025-11-05,00969,969.HK,華聯國際,0.138,12.2,557080,302382840.0,302382840.0,35343,15.76,0.18,10,0,0,2026-09-08 12:46:16,1
2025-11-05,01130,1130.HK,中國環境資源,0.55,14.58,2734350,309578031.0,309578031.0,176050,15.53,0.88,10,0,0,2026-09-08 12:46:16,1
2025-11-05,02122,2122.HK,凱知樂國際,0.27,22.17,4317950,366096857.0,366096857.0,233938,18.46,1.18,10,0,0,2026-09-08 12:46:16,1
2025-11-05,08021,8021.HK,匯隆控股,0.64,6.67,5580880,459747233.0,459747233.0,213574,26.13,1.21,10,0,0,2026-09-08 12:46:16,1
2025-11-05,08227,8227.HK,海天天線,0.246,-7.17,1806120,466816734.0,158858118.0,90969,19.85,0.39,10,0,0,2026-09-08 12:46:16,1
2025-11-06,08320,8320.HK,沛然環保,0.105,0.96,564980,76984950.0,76984950.0,12734,44.37,0.73,10,0,0,2026-09-08 12:46:17,1
2025-11-06,01889,1889.HK,三愛健康集團,0.62,10.71,1766690,94797191.0,94797191.0,166392,10.62,1.86,10,0,0,2026-09-08 12:46:17,1
2025-11-06,00456,456.HK,新城市建設發展,0.52,0.0,715550,111399020.0,111399020.0,4064,176.07,0.64,10,0,0,2026-09-08 12:46:17,1
2025-11-06,01720,1720.HK,普天通信集團,0.117,23.16,3911900,128700000.0,128700000.0,156210,25.04,3.04,10,0,0,2026-09-08 12:46:17,1
2025-11-06,00928,928.HK,帝王國際投資,0.087,2.35,1990890,160986980.0,160986980.0,123579,16.11,1.24,10,0,0,2026-09-08 12:46:17,1
2025-11-06,01343,1343.HK,偉源控股,0.156,100.0,12735200,165984000.0,165984000.0,30900,412.14,7.67,10,0,0,2026-09-08 12:46:17,1
2025-11-06,00969,969.HK,華聯國際,0.126,-8.7,1108740,276088680.0,276088680.0,90997,12.18,0.4,10,0,0,2026-09-08 12:46:17,1
2025-11-06,00936,936.HK,佳兆業資本,0.485,25.97,2639200,514100000.0,514100000.0,155160,17.01,0.51,10,0,0,2026-09-08 12:46:17,1
2025-11-06,00869,869.HK,彩星玩具,0.54,-1.82,1207520,612900000.0,612900000.0,103406,11.68,0.2,10,0,0,2026-09-08 12:46:17,1
2025-11-06,01292,1292.HK,長安民生物流,4.33,3.34,2604550,874937120.0,562227984.0,210325,12.38,0.3,10,0,0,2026-09-08 12:46:17,1
2025-11-07,08035,8035.HK,駿高控股,0.065,10.17,4818900,39000000.0,39000000.0,105440,45.7,12.36,10,0,0,2026-09-08 12:46:18,1
2025-11-07,00704,704.HK,和嘉控股,0.23,139.58,15156000,66785844.0,66785844.0,498287,30.42,22.69,10,0,0,2026-09-08 12:46:18,1
2025-11-07,02370,2370.HK,力高健康生活,0.42,5.0,1481700,84000000.0,84000000.0,107430,13.79,1.76,10,0,0,2026-09-08 12:46:18,1
2025-11-07,03822,3822.HK,三和建築集團,1.0,51.52,7085110,84000000.0,84000000.0,16735,423.37,8.43,10,0,0,2026-09-08 12:46:18,1
2025-11-07,00401,401.HK,萬嘉集團,0.121,4.31,510210,136562500.0,136562500.0,30378,16.8,0.37,10,0,0,2026-09-08 12:46:18,1
2025-11-07,00204,204.HK,資本界金控,0.61,3.39,3504750,151923628.0,151923628.0,130179,26.92,2.31,10,0,0,2026-09-08 12:46:18,1
2025-11-07,01710,1710.HK,致豐工業電子,0.214,8.63,689960,214000000.0,214000000.0,32857,21.0,0.32,10,0,0,2026-09-08 12:46:18,1
2025-11-07,00582,582.HK,神話世界,0.118,20.41,1742270,430874804.0,430874804.0,103361,16.86,0.4,10,0,0,2026-09-08 12:46:18,1
2025-11-10,00559,559.HK,德泰新能源集團,0.116,-31.76,696380,60689389.0,60689389.0,6216,112.03,1.15,10,0,0,2026-09-08 12:46:19,1
2025-11-10,08537,8537.HK,創輝珠寶,0.203,0.0,2250120,73080000.0,73080000.0,127337,17.67,3.08,10,0,0,2026-09-08 12:46:20,1
2025-11-10,08483,8483.HK,名仕快相,0.155,26.02,1032150,124000000.0,124000000.0,38037,27.14,0.83,10,0,0,2026-09-08 12:46:20,1
2025-11-10,00986,986.HK,杜甫酒業集團,0.96,-3.03,684640,124291728.0,124291728.0,62268,11.0,0.55,10,0,0,2026-09-08 12:46:19,1
2025-11-10,08426,8426.HK,雅居投資控股,0.225,-0.44,535720,180000000.0,180000000.0,5451,98.28,0.3,10,0,0,2026-09-08 12:46:20,1
2025-11-10,01655,1655.HK,OKURA HOLDINGS,0.28,78.34,21464800,201599882.0,201599882.0,39730,540.27,10.65,10,0,0,2026-09-08 12:46:19,1
2025-11-10,03366,3366.HK,華僑城(亞洲),0.275,32.21,3735950,205800650.0,205800650.0,72363,51.63,1.82,10,0,0,2026-09-08 12:46:19,1
2025-11-10,06663,6663.HK,國際永勝集團,0.28,3.7,646350,224000000.0,224000000.0,52365,12.34,0.29,10,0,0,2026-09-08 12:46:19,1
2025-11-10,02863,2863.HK,高豐集團控股,0.365,-1.35,6705000,251671515.0,251671515.0,16817,398.7,2.66,10,0,0,2026-09-08 12:46:19,1
2025-11-10,01710,1710.HK,致豐工業電子,0.28,30.84,7784300,280000000.0,280000000.0,95423,81.58,2.78,10,0,0,2026-09-08 12:46:19,1
2025-11-10,00630,630.HK,雋泰控股,0.315,0.0,1934450,304778814.0,304778814.0,56880,34.01,0.63,10,0,0,2026-09-08 12:46:19,1
2025-11-10,00922,922.HK,安賢園中國,0.143,-5.3,1226740,317654930.0,317654930.0,70917,17.3,0.39,10,0,0,2026-09-08 12:46:19,1
2025-11-10,08321,8321.HK,泰錦控股,0.62,133.96,4138760,332568000.0,332568000.0,5253,787.89,1.24,10,0,0,2026-09-08 12:46:20,1
2025-11-10,01746,1746.HK,萬順集團控股,0.4,15.94,899680,400000000.0,400000000.0,82574,10.9,0.22,10,0,0,2026-09-08 12:46:19,1
2025-11-10,08418,8418.HK,傲迪瑪汽車,0.475,17.28,579200,403750000.0,403750000.0,51690,11.21,0.14,10,0,0,2026-09-08 12:46:20,1
2025-11-10,00420,420.HK,福田實業,0.553,-8.29,2858560,677439909.0,677439909.0,58122,49.18,0.42,10,0,0,2026-09-08 12:46:19,1
2025-11-11,08186,8186.HK,浩盟控股,0.51,30.77,2910980,58073006.0,58073006.0,94792,30.71,5.01,10,0,0,2026-09-08 12:46:21,1
2025-11-11,08118,8118.HK,中資國際控股,0.124,7.83,1176600,62000000.0,62000000.0,12620,93.23,1.9,10,0,0,2026-09-08 12:46:21,1
2025-11-11,01707,1707.HK,致浩達控股,0.047,20.51,879700,78960000.0,78960000.0,84490,10.41,1.11,10,0,0,2026-09-08 12:46:20,1
2025-11-11,08320,8320.HK,沛然環保,0.108,-0.92,2531380,79184520.0,79184520.0,64029,39.53,3.2,10,0,0,2026-09-08 12:46:21,1
2025-11-11,00261,261.HK,GBA集團,0.265,3.92,1414420,87810845.0,87810845.0,56920,24.85,1.61,10,0,0,2026-09-08 12:46:20,1
2025-11-11,08513,8513.HK,加和國際控股,1.08,-11.48,873280,88393180.0,88393180.0,64759,13.49,0.99,10,0,0,2026-09-08 12:46:21,1
2025-11-11,00619,619.HK,南華金融,0.35,16.67,695440,105446974.0,105446974.0,67527,10.3,0.66,10,0,0,2026-09-08 12:46:20,1
2025-11-11,01413,1413.HK,鑄帝控股,0.47,4.44,16596740,154160000.0,154160000.0,1578503,10.51,10.77,10,0,0,2026-09-08 12:46:20,1
2025-11-11,02372,2372.HK,偉立控股,0.218,4.31,839900,174400000.0,174400000.0,7300,115.05,0.48,10,0,0,2026-09-08 12:46:20,1
2025-11-11,08023,8023.HK,鄺文記,0.31,-1.59,935520,185207640.0,185207640.0,18345,51.0,0.51,10,0,0,2026-09-08 12:46:21,1
2025-11-11,01920,1920.HK,巨美集團,0.435,14.47,4434990,255606000.0,255606000.0,413492,10.73,1.74,10,0,0,2026-09-08 12:46:20,1
2025-11-11,00827,827.HK,玖源集團,0.039,25.81,1020320,274093661.0,274093661.0,29747,34.3,0.37,10,0,0,2026-09-08 12:46:20,1
2025-11-11,01460,1460.HK,揚科集團,0.32,3.23,1152820,280828900.0,280828900.0,14032,82.16,0.41,10,0,0,2026-09-08 12:46:20,1
2025-11-11,01262,1262.HK,蠟筆小新食品,1.81,-2.16,597530,433043528.0,433043528.0,29850,20.02,0.14,10,0,0,2026-09-08 12:46:20,1
2025-11-11,00620,620.HK,大唐西市,0.72,0.0,6178120,576738166.0,576738166.0,404033,15.29,1.07,10,0,0,2026-09-08 12:46:20,1
2025-11-11,01868,1868.HK,同方友友,0.365,0.0,2411670,764479877.0,764479877.0,95294,25.31,0.32,10,0,0,2026-09-08 12:46:20,1
2025-11-11,02573,2573.HK,新琪安,9.15,-1.72,1614800,880515791.0,880515791.0,142780,11.31,0.18,10,0,0,2026-09-08 12:46:20,1
2025-11-11,01986,1986.HK,彩客新能源,0.915,10.91,12270660,885614318.0,885614318.0,795178,15.43,1.39,10,0,0,2026-09-08 12:46:20,1
2025-11-12,00426,426.HK,萬華媒體,0.141,101.43,10565900,56526900.0,56526900.0,2556,4133.76,18.69,10,0,0,2026-09-08 12:46:21,1
2025-11-12,00261,261.HK,GBA集團,0.275,3.77,2781150,91124461.0,91124461.0,197771,14.06,3.05,10,0,0,2026-09-08 12:46:21,1
2025-11-12,00571,571.HK,豐德麗控股,0.054,25.58,584400,94817351.0,94817351.0,10932,53.46,0.62,10,0,0,2026-09-08 12:46:21,1
2025-11-12,01421,1421.HK,恆昌集團國際,0.58,16.0,2505760,116113216.0,116113216.0,181890,13.78,2.16,10,0,0,2026-09-08 12:46:21,1
2025-11-12,00619,619.HK,南華金融,0.39,11.43,1852030,117498057.0,117498057.0,133251,13.9,1.58,10,0,0,2026-09-08 12:46:21,1
2025-11-12,01621,1621.HK,域高國際控股,0.118,18.0,709080,118000000.0,118000000.0,4618,153.55,0.6,10,0,0,2026-09-08 12:46:21,1
2025-11-12,08483,8483.HK,名仕快相,0.175,19.86,1730690,140000000.0,140000000.0,147960,11.7,1.24,10,0,0,2026-09-08 12:46:22,1
2025-11-12,00262,262.HK,迪臣發展國際,0.102,10.87,1118480,149615701.0,149615701.0,92754,12.06,0.75,10,0,0,2026-09-08 12:46:21,1
2025-11-12,00204,204.HK,資本界金控,0.66,-9.59,13029490,164376384.0,164376384.0,674824,19.31,7.93,10,0,0,2026-09-08 12:46:21,1
2025-11-12,00932,932.HK,順騰國際控股,0.055,37.5,9106840,170934139.0,170934139.0,549415,16.58,5.33,10,0,0,2026-09-08 12:46:21,1
2025-11-12,02455,2455.HK,潤華服務,0.73,4.29,2086040,219000000.0,219000000.0,77314,26.98,0.95,10,0,0,2026-09-08 12:46:21,1
2025-11-12,01552,1552.HK,BHCC HOLDING,0.28,42.13,4476600,224000000.0,224000000.0,22200,201.65,2.0,10,0,0,2026-09-08 12:46:21,1
2025-11-12,08395,8395.HK,中顯智能齊家控股,0.198,-1.98,705500,339372000.0,339372000.0,66772,10.57,0.21,10,0,0,2026-09-08 12:46:22,1
2025-11-12,00685,685.HK,世界華文媒體,0.25,13.64,779020,405380360.0,405380360.0,88,8852.5,0.19,10,0,0,2026-09-08 12:46:21,1
2025-11-12,00897,897.HK,位元堂,0.455,4.6,1506430,507044214.0,507044214.0,58668,25.68,0.3,10,0,0,2026-09-08 12:46:21,1
2025-11-12,01260,1260.HK,皓天財經集團,0.45,5.88,660630,518154300.0,518154300.0,22593,29.24,0.13,10,0,0,2026-09-08 12:46:21,1
2025-11-12,02000,2000.HK,晨訊科技,0.395,3.95,3862420,837023684.0,837023684.0,276034,13.99,0.46,10,0,0,2026-09-08 12:46:21,1
2025-11-13,08221,8221.HK,高裕金融,1.19,-1.65,2810700,56644000.0,56644000.0,90283,31.13,4.96,10,0,0,2026-09-08 12:46:23,1
2025-11-13,01380,1380.HK,中國金石,0.171,28.57,5471020,88398050.0,88398050.0,213260,25.65,6.19,10,0,0,2026-09-08 12:46:22,1
2025-11-13,01718,1718.HK,宏基集團控股,0.295,27.16,2562420,89715400.0,89715400.0,69684,36.77,2.86,10,0,0,2026-09-08 12:46:22,1
2025-11-13,06193,6193.HK,泰林科建,0.243,14.62,732490,97200000.0,97200000.0,54461,13.45,0.75,10,0,0,2026-09-08 12:46:23,1
2025-11-13,08659,8659.HK,易和國際控股,0.161,3.21,1317400,132556297.0,132556297.0,98360,13.39,0.99,10,0,0,2026-09-08 12:46:23,1
2025-11-13,01217,1217.HK,中國創新投資,0.016,14.29,3278440,204825258.0,204825258.0,200296,16.37,1.6,10,0,0,2026-09-08 12:46:22,1
2025-11-13,00532,532.HK,王氏港建,0.35,25.0,1098130,255464287.0,255464287.0,16894,65.0,0.43,10,0,0,2026-09-08 12:46:22,1
2025-11-13,00442,442.HK,域能控股,1.01,24.69,7892990,261741500.0,261741500.0,33818,233.4,3.02,10,0,0,2026-09-08 12:46:22,1
2025-11-13,00681,681.HK,中民控股,0.037,12.12,1439130,330578765.0,330578765.0,127353,11.3,0.44,10,0,0,2026-09-08 12:46:22,1
2025-11-13,00822,822.HK,嘉瑞國際,0.4,12.68,1345010,357504560.0,357504560.0,57637,23.34,0.38,10,0,0,2026-09-08 12:46:22,1
2025-11-13,00591,591.HK,中國高精密,0.365,17.74,7578550,378687500.0,378687500.0,643321,11.78,2.0,10,0,0,2026-09-08 12:46:22,1
2025-11-13,02683,2683.HK,華新手袋國際控股,1.02,25.93,6200560,416798520.0,416798520.0,199100,31.14,1.49,10,0,0,2026-09-08 12:46:22,1
2025-11-13,02516,2516.HK,泛遠國際,0.66,29.41,11212500,617760000.0,617760000.0,1060930,10.57,1.82,10,0,0,2026-09-08 12:46:22,1
2025-11-13,01085,1085.HK,亨鑫科技,1.67,3.09,1190060,777552000.0,777552000.0,61688,19.29,0.15,10,0,0,2026-09-08 12:46:22,1
2025-11-13,01412,1412.HK,雋思集團,1.66,0.61,4046140,883120000.0,883120000.0,175932,23.0,0.46,10,0,0,2026-09-08 12:46:22,1
2025-11-14,00428,428.HK,中國天弓控股,0.242,2.11,724140,37330493.0,37330493.0,47763,15.16,1.94,10,0,0,2026-09-08 12:46:23,1
2025-11-14,08208,8208.HK,永通萬國集團,0.143,52.13,17828200,102960000.0,102960000.0,121580,146.64,17.32,5,1,0,2026-09-08 12:46:24,1
2025-11-14,00948,948.HK,阿爾法企業-一萬,0.29,11.54,6778000,119561311.0,119561311.0,9089,745.74,5.67,10,0,0,2026-09-08 12:46:23,1
2025-11-14,01718,1718.HK,宏基集團控股,0.405,37.29,4073200,123168600.0,123168600.0,324968,12.53,3.31,10,0,0,2026-09-08 12:46:23,1
2025-11-14,08093,8093.HK,瓦普思瑞元宇宙,3.0,17.65,985600,148435200.0,148435200.0,45041,21.88,0.66,10,0,0,2026-09-08 12:46:24,1
2025-11-14,08403,8403.HK,德豐宿來,1.5,0.0,814270,253800000.0,253800000.0,72472,11.24,0.32,10,0,0,2026-09-08 12:46:24,1
2025-11-14,00022,22.HK,茂盛控股,7.25,83.54,7693400,285126238.0,285126238.0,193638,39.73,2.7,10,0,0,2026-09-08 12:46:23,1
2025-11-14,02483,2483.HK,K CASH集團,1.662,1.84,2472900,831000000.0,831000000.0,1694,1459.8,0.3,10,0,0,2026-09-08 12:46:23,1
2025-11-14,00237,237.HK,安全貨倉,2.1,-1.41,1110380,850500000.0,850500000.0,38458,28.87,0.13,10,0,0,2026-09-08 12:46:23,1
2025-11-14,01959,1959.HK,中聚投資,1.77,3.51,37604280,938103540.0,938103540.0,2387274,15.75,4.01,10,0,0,2026-09-08 12:46:23,1
2025-11-17,00193,193.HK,冠中地產,0.185,-6.09,513630,43142473.0,43142473.0,42782,12.01,1.19,10,0,0,2026-09-08 12:46:24,1
2025-11-17,08118,8118.HK,中資國際控股,0.126,0.0,2381500,63000000.0,63000000.0,145200,16.4,3.78,10,0,0,2026-09-08 12:46:25,1
2025-11-17,08071,8071.HK,中彩網通控股,1.45,16.0,1234740,135895402.0,135895402.0,69230,17.84,0.91,10,0,0,2026-09-08 12:46:25,1
2025-11-17,08093,8093.HK,瓦普思瑞元宇宙,2.85,-5.0,1897680,141013440.0,141013440.0,143293,13.24,1.35,10,0,0,2026-09-08 12:46:25,1
2025-11-17,00399,399.HK,星太鏈集團,0.064,-73.11,23710640,209734907.0,209734907.0,1638577,14.47,11.31,10,0,0,2026-09-08 12:46:24,1
2025-11-17,01917,1917.HK,豆盟科技,0.099,33.78,2523300,227700000.0,227700000.0,44580,56.6,1.11,10,0,0,2026-09-08 12:46:24,1
2025-11-17,08247,8247.HK,中生北控生物科技,1.7,65.05,1172200,246002199.0,109286443.0,48828,24.01,0.48,10,0,0,2026-09-08 12:46:25,1
2025-11-17,06663,6663.HK,國際永勝集團,0.31,21.57,1181300,248000000.0,248000000.0,111079,10.63,0.48,10,0,0,2026-09-08 12:46:25,1
2025-11-17,00733,733.HK,合富輝煌,0.47,70.91,2702830,316850495.0,316850495.0,20307,133.1,0.85,10,0,0,2026-09-08 12:46:24,1
2025-11-17,01822,1822.HK,中木國際,0.163,0.62,787160,321728970.0,321728970.0,46265,17.01,0.24,10,0,0,2026-09-08 12:46:24,1
2025-11-17,08107,8107.HK,細葉榕科技,0.325,-9.72,560300,446272125.0,446272125.0,48022,11.67,0.13,10,0,0,2026-09-08 12:46:25,1
2025-11-17,06939,6939.HK,美佳音控股,0.74,27.59,1202820,460650000.0,460650000.0,56448,21.31,0.26,10,0,0,2026-09-08 12:46:25,1
2025-11-17,02298,2298.HK,都市麗人,0.309,-6.08,4166530,695082279.0,695082279.0,305145,13.65,0.6,10,0,0,2026-09-08 12:46:24,1
2025-11-17,03623,3623.HK,中國金融發展,1.26,0.8,819420,794635803.0,794635803.0,73794,11.1,0.1,10,0,0,2026-09-08 12:46:25,1
2025-11-17,00526,526.HK,利時集團控股,0.097,15.48,1710250,857869978.0,857869978.0,9402,181.9,0.2,10,0,0,2026-09-08 12:46:24,1
2025-11-18,08187,8187.HK,積木集團,0.42,2.44,2755080,63707213.0,63707213.0,230760,11.94,4.32,10,0,0,2026-09-08 12:46:26,1
2025-11-18,08500,8500.HK,天泓文創,0.197,5.35,2955960,85104000.0,85104000.0,192953,15.32,3.47,10,0,0,2026-09-08 12:46:26,1
2025-11-18,08659,8659.HK,易和國際控股,0.245,47.59,3810000,201716104.0,201716104.0,273250,13.94,1.89,10,0,0,2026-09-08 12:46:26,1
2025-11-18,09929,9929.HK,澳達控股,0.105,19.32,2509600,210000000.0,210000000.0,144050,17.42,1.2,10,0,0,2026-09-08 12:46:26,1
2025-11-18,06068,6068.HK,光正教育,0.1,-13.79,879630,217815400.0,217815400.0,61669,14.26,0.4,10,0,0,2026-09-08 12:46:26,1
2025-11-18,08247,8247.HK,中生北控生物科技,1.8,5.88,2528440,260472917.0,115715057.0,161960,15.61,0.97,10,0,0,2026-09-08 12:46:26,1
2025-11-18,01182,1182.HK,勝龍國際,0.8,56.86,15134260,272651654.0,272651654.0,17657,857.13,5.55,10,0,0,2026-09-08 12:46:25,1
2025-11-18,02012,2012.HK,陽光油砂,0.385,1.32,19532700,273871461.0,273871461.0,1235513,15.81,7.13,10,0,0,2026-09-08 12:46:25,1
2025-11-18,01201,1201.HK,天臣控股,0.74,8.82,599410,325367069.0,325367069.0,23009,26.05,0.18,10,0,0,2026-09-08 12:46:25,1
2025-11-18,00936,936.HK,佳兆業資本,0.495,17.86,14556300,524700000.0,524700000.0,511183,28.48,2.77,10,0,0,2026-09-08 12:46:25,1
2025-11-18,00360,360.HK,新焦點,0.049,8.89,3944100,843630469.0,843630469.0,147625,26.72,0.47,10,0,0,2026-09-08 12:46:25,1
2025-11-18,01903,1903.HK,JBB BUILDERS,1.89,-9.13,2672940,945000000.0,945000000.0,193158,13.84,0.28,10,0,0,2026-09-08 12:46:25,1
2025-11-19,01862,1862.HK,景瑞控股,0.015,25.0,2537325,23082198.0,23082198.0,26821,94.6,10.99,10,0,0,2026-09-08 12:46:26,1
2025-11-19,08072,8072.HK,蘭谷股份,0.33,0.0,650800,55555214.0,55555214.0,38884,16.74,1.17,10,0,0,2026-09-08 12:46:27,1
2025-11-19,00915,915.HK,道和環球,0.047,-28.79,2765320,70950857.0,70950857.0,184561,14.98,3.9,10,0,0,2026-09-08 12:46:26,1
2025-11-19,08275,8275.HK,中國新消費集團,0.109,-7.63,1179900,104638424.0,104638424.0,43036,27.42,1.13,10,0,0,2026-09-08 12:46:27,1
2025-11-19,00120,120.HK,COSMOPOL INT'L,0.09,-4.26,760570,147565850.0,147565850.0,68907,11.04,0.52,10,0,0,2026-09-08 12:46:26,1
2025-11-19,01716,1716.HK,毛記葵湧,0.56,3.7,553840,151200000.0,151200000.0,49683,11.15,0.37,10,0,0,2026-09-08 12:46:26,1
2025-11-19,00834,834.HK,盛融控股,0.475,-20.83,7636800,215150300.0,215150300.0,616860,12.38,3.55,10,0,0,2026-09-08 12:46:26,1
2025-11-19,06928,6928.HK,萬馬控股,0.3,42.86,9974260,229500000.0,229500000.0,100393,99.35,4.35,10,0,0,2026-09-08 12:46:27,1
2025-11-19,00365,365.HK,芯成科技,0.315,6.78,1052690,458325000.0,458325000.0,89980,11.7,0.23,10,0,0,2026-09-08 12:46:26,1
2025-11-19,00266,266.HK,天德地產,1.97,0.0,657280,935221693.0,935221693.0,55802,11.78,0.07,10,0,0,2026-09-08 12:46:26,1
2025-11-19,02458,2458.HK,望塵科技控股,6.7,1.82,20698900,956157858.0,956157858.0,307413,67.33,2.16,10,0,0,2026-09-08 12:46:26,1
2025-11-20,00997,997.HK,普匯中金國際,0.033,0.0,711860,38586496.0,38586496.0,34674,20.53,1.84,10,0,0,2026-09-08 12:46:27,1
2025-11-20,01633,1633.HK,上諭集團,0.126,80.0,4388700,86278500.0,86278500.0,5160,850.52,5.09,10,0,0,2026-09-08 12:46:27,1
2025-11-20,01850,1850.HK,美好生活集團控股,0.57,0.0,3645100,98496000.0,98496000.0,357846,10.19,3.7,10,0,0,2026-09-08 12:46:27,1
2025-11-20,03639,3639.HK,億達中國,0.072,35.85,897100,186045840.0,186045840.0,67572,13.28,0.48,10,0,0,2026-09-08 12:46:28,0
2025-11-20,01420,1420.HK,川控股,0.171,-5.0,753200,229593355.0,229593355.0,3000,251.07,0.33,10,0,0,2026-09-08 12:46:27,1
2025-11-20,00111,111.HK,信達國際控股,0.45,34.33,22454920,288542520.0,288542520.0,174031,129.03,7.78,10,0,0,2026-09-08 12:46:27,1
2025-11-20,08059,8059.HK,朝威控股,0.64,77.78,1277490,646787200.0,646787200.0,16976,75.25,0.2,10,0,0,2026-09-08 12:46:28,1
2025-11-21,03321,3321.HK,中科集團控股,0.48,-9.43,981110,37281408.0,37281408.0,17729,55.34,2.63,10,0,0,2026-09-08 12:46:29,1
2025-11-21,08360,8360.HK,簡樸新生活,0.235,-2.08,509030,85084033.0,85084033.0,34790,14.63,0.6,10,0,0,2026-09-08 12:46:29,1
2025-11-21,01555,1555.HK,MI能源,0.029,-3.33,681100,98209240.0,98209240.0,58488,11.65,0.69,10,0,0,2026-09-08 12:46:28,1
2025-11-21,01163,1163.HK,虎視傳媒,0.117,1.74,3230200,104878800.0,104878800.0,66620,48.49,3.08,10,0,0,2026-09-08 12:46:28,1
2025-11-21,01172,1172.HK,融太集團,0.034,47.83,4713300,196492686.0,196492686.0,6276,751.0,2.4,10,0,0,2026-09-08 12:46:28,1
2025-11-21,00487,487.HK,實德環球,0.059,-48.25,2798320,290662981.0,290662981.0,51389,54.45,0.96,10,0,0,2026-09-08 12:46:28,1
2025-11-21,01895,1895.HK,鑫苑服務,0.53,1.92,907920,314309875.0,314309875.0,86530,10.49,0.29,10,0,0,2026-09-08 12:46:28,1
2025-11-21,01543,1543.HK,中盈盛達融資擔保,0.35,18.64,1109750,546277440.0,194027167.0,30006,36.98,0.2,10,0,0,2026-09-08 12:46:28,1
2025-11-21,01756,1756.HK,中國科教產業,0.62,-8.82,1472100,744000000.0,744000000.0,113041,13.02,0.2,10,0,0,2026-09-08 12:46:28,1
2025-11-21,03882,3882.HK,天彩控股,0.75,4.17,18686510,756440591.0,756440591.0,692948,26.97,2.47,10,0,0,2026-09-08 12:46:29,1
2025-11-24,01862,1862.HK,景瑞控股,0.02,66.67,3867185,30776264.0,30776264.0,329922,11.72,12.57,10,0,0,2026-09-08 12:46:29,1
2025-11-24,08366,8366.HK,浙江聯合投資,0.04,48.15,1177100,63088000.0,63088000.0,3070,383.42,1.87,10,0,0,2026-09-08 12:46:30,1
2025-11-24,00841,841.HK,木薯資源,0.182,-9.0,796720,106420262.0,106420262.0,63817,12.48,0.75,10,0,0,2026-09-08 12:46:29,1
2025-11-24,00747,747.HK,沈陽公用發展股份,0.077,14.93,1809380,113141952.0,46613952.0,12807,141.28,1.6,10,0,0,2026-09-08 12:46:29,1
2025-11-24,02048,2048.HK,易居企業控股,0.071,-7.79,754080,124183227.0,124183227.0,43820,17.21,0.61,10,0,0,2026-09-08 12:46:29,1
2025-11-24,01451,1451.HK,萬成集團股份,0.89,12.66,1686780,181916000.0,181916000.0,57896,29.13,0.93,10,0,0,2026-09-08 12:46:29,1
2025-11-24,01460,1460.HK,揚科集團,0.31,0.0,2601200,272052997.0,272052997.0,117896,22.06,0.96,10,0,0,2026-09-08 12:46:29,1
2025-11-24,01410,1410.HK,安領國際,0.38,7.04,603200,383692460.0,383692460.0,54285,11.11,0.16,10,0,0,2026-09-08 12:46:29,1
2025-11-24,01985,1985.HK,美高域,1.26,-0.79,596980,386031240.0,386031240.0,55340,10.79,0.15,10,0,0,2026-09-08 12:46:29,1
2025-11-24,00618,618.HK,北大資源,0.22,38.36,1437240,602231801.0,602231801.0,121105,11.87,0.24,10,0,0,2026-09-08 12:46:29,1
2025-11-24,00860,860.HK,APOLLO出行,0.74,-11.9,4908220,756604187.0,756604187.0,282890,17.35,0.65,10,0,0,2026-09-08 12:46:29,1
2025-11-24,06136,6136.HK,康達環保,0.405,-5.81,4139270,934338443.0,934338443.0,198749,20.83,0.44,10,0,0,2026-09-08 12:46:30,1
2025-11-25,01500,1500.HK,現恆建築,0.121,72.86,3054980,100430000.0,100430000.0,5265,580.24,3.04,10,0,0,2026-09-08 12:46:30,1
2025-11-25,00269,269.HK,中國資源交通,0.01,0.0,1246100,106440932.0,106440932.0,3125,398.75,1.17,10,0,0,2026-09-08 12:46:30,1
2025-11-25,08275,8275.HK,中國新消費集團,0.119,13.33,2542140,114238280.0,114238280.0,182750,13.91,2.23,10,0,0,2026-09-08 12:46:31,1
2025-11-25,01835,1835.HK,瑞威資管,1.17,-41.5,695290,179407800.0,44857800.0,805,863.71,0.39,10,0,0,2026-09-08 12:46:30,1
2025-11-25,01949,1949.HK,佰達國際控股,0.9,21.62,1334790,207360000.0,207360000.0,92519,14.43,0.64,10,0,0,2026-09-08 12:46:30,1
2025-11-25,08512,8512.HK,凱富善集團控股,0.335,9.84,1707600,307697500.0,307697500.0,113850,15.0,0.55,10,0,0,2026-09-08 12:46:31,1
2025-11-25,01410,1410.HK,安領國際,0.37,-2.63,3262400,373595290.0,373595290.0,114605,28.47,0.87,10,0,0,2026-09-08 12:46:30,1
2025-11-25,00450,450.HK,鴻興印刷集團,0.85,0.0,1358700,771685228.0,771685228.0,86094,15.78,0.18,10,0,0,2026-09-08 12:46:30,1
2025-11-25,02415,2415.HK,梅斯健康,1.35,2.27,18515270,819680782.0,819680782.0,360100,51.42,2.26,10,0,0,2026-09-08 12:46:31,1
2025-11-26,00907,907.HK,高雅光學,0.072,26.32,3074940,62846185.0,62846185.0,15610,196.99,4.89,10,0,0,2026-09-08 12:46:31,1
2025-11-26,01259,1259.HK,未來發展控股,0.034,3.03,2128830,74914274.0,74914274.0,34442,61.81,2.84,10,0,0,2026-09-08 12:46:31,1
2025-11-26,01750,1750.HK,全達電器集團控股,0.061,32.61,2077400,109800000.0,109800000.0,41300,50.3,1.89,10,0,0,2026-09-08 12:46:31,1
2025-11-26,02266,2266.HK,黎氏企業,0.345,2.99,618680,138000000.0,138000000.0,21690,28.52,0.45,10,0,0,2026-09-08 12:46:31,1
2025-11-26,00841,841.HK,木薯資源,0.245,28.95,1860770,143258045.0,143258045.0,159950,11.63,1.3,10,0,0,2026-09-08 12:46:31,1
2025-11-27,08293,8293.HK,星亞控股,0.249,19.14,543170,53544983.0,53544983.0,400,1357.92,1.01,10,0,0,2026-09-08 12:46:33,1
2025-11-27,08072,8072.HK,蘭谷股份,0.335,-1.47,1556180,56396960.0,56396960.0,83884,18.55,2.76,10,0,0,2026-09-08 12:46:33,1
2025-11-27,08131,8131.HK,諾亞智能,0.099,-23.85,700860,71201903.0,71201903.0,2044,342.89,0.98,10,0,0,2026-09-08 12:46:33,1
2025-11-27,00261,261.HK,GBA集團,0.285,11.76,4011110,94438078.0,94438078.0,15354,261.24,4.25,10,0,0,2026-09-08 12:46:32,1
2025-11-27,00784,784.HK,愛生命國際,0.119,-17.93,549000,95200000.0,95200000.0,16520,33.23,0.58,10,0,0,2026-09-08 12:46:32,1
2025-11-27,09958,9958.HK,力天影業,0.206,63.49,7357900,103000000.0,103000000.0,351200,20.95,7.14,3,1,0,2026-09-08 12:46:33,1
2025-11-27,08426,8426.HK,雅居投資控股,0.229,15.08,1424990,183200000.0,183200000.0,210,6785.67,0.78,10,0,0,2026-09-08 12:46:33,1
2025-11-27,01870,1870.HK,綠色電能集團,0.5,19.05,4732110,508585000.0,508585000.0,435269,10.87,0.93,10,0,0,2026-09-08 12:46:32,1
2025-11-27,01260,1260.HK,皓天財經集團,0.445,7.23,1234960,512397030.0,512397030.0,67229,18.37,0.24,10,0,0,2026-09-08 12:46:32,1
2025-11-27,01410,1410.HK,安領國際,0.57,42.5,10018050,575538690.0,575538690.0,855335,11.71,1.74,10,0,0,2026-09-08 12:46:32,1
2025-11-27,02325,2325.HK,雲康集團,1.02,3.03,5044260,633675510.0,633675510.0,189873,26.57,0.8,10,0,0,2026-09-08 12:46:32,1
2025-11-27,02482,2482.HK,維天運通,0.69,-8.0,511100,961774512.0,363928028.0,10560,48.4,0.05,10,0,0,2026-09-08 12:46:33,1
2025-11-28,08131,8131.HK,諾亞智能,0.076,-23.23,3041750,54660047.0,54660047.0,71281,42.67,5.56,10,0,0,2026-09-08 12:46:34,1
2025-11-28,08357,8357.HK,REPUBLIC HC,0.1,-18.03,2021400,62400000.0,62400000.0,80730,25.04,3.24,10,0,0,2026-09-08 12:46:34,1
2025-11-28,08163,8163.HK,聲揚集團,0.115,12.75,630400,117904395.0,117904395.0,51420,12.26,0.53,10,0,0,2026-09-08 12:46:34,1
2025-11-28,03666,3666.HK,上海小南國,0.047,4.44,27565660,124814939.0,124814939.0,61899,445.33,22.09,10,0,0,2026-09-08 12:46:34,1
2025-11-28,01059,1059.HK,看通集團,0.365,1.39,1317680,136887230.0,136887230.0,3486,377.99,0.96,10,0,0,2026-09-08 12:46:33,1
2025-11-28,06933,6933.HK,新娛科控股,0.43,7.5,552700,184041211.0,184041211.0,47730,11.58,0.3,10,0,0,2026-09-08 12:46:34,1
2025-11-28,08146,8146.HK,怡園酒業,0.248,37.78,1886200,201624000.0,201624000.0,72002,26.2,0.94,10,0,0,2026-09-08 12:46:34,1
2025-11-28,01920,1920.HK,巨美集團,0.415,6.41,1456150,243854000.0,243854000.0,112635,12.93,0.6,10,0,0,2026-09-08 12:46:33,1
2025-11-28,01778,1778.HK,彩生活,0.177,4.12,7064960,329115073.0,329115073.0,223436,31.62,2.15,10,0,0,2026-09-08 12:46:33,1
2025-11-28,00078,78.HK,富豪酒店,0.55,-5.17,2529540,494330283.0,494330283.0,107518,23.53,0.51,10,0,0,2026-09-08 12:46:33,1
2025-11-28,02369,2369.HK,酷派集團,1.27,2.42,9783620,505371351.0,505371351.0,859372,11.38,1.94,10,0,0,2026-09-08 12:46:34,1
2025-11-28,00191,191.HK,麗新國際,0.67,21.82,3223160,591860514.0,591860514.0,6877,468.69,0.54,10,0,0,2026-09-08 12:46:33,1
2025-11-28,00488,488.HK,麗新發展,0.64,-1.54,812260,930130451.0,930130451.0,16645,48.8,0.09,10,0,0,2026-09-08 12:46:33,1
2025-11-28,02250,2250.HK,小黃鴨德盈,0.99,2.06,6570650,998271450.0,998271450.0,249405,26.35,0.66,10,0,0,2026-09-08 12:46:33,1
2025-12-01,08532,8532.HK,寶發控股,0.13,-40.91,1471850,11033672.0,11033672.0,97695,15.07,13.34,10,0,0,2026-09-08 12:46:35,1
2025-12-01,00193,193.HK,冠中地產,0.18,2.86,1265610,41976461.0,41976461.0,89336,14.17,3.02,10,0,0,2026-09-08 12:46:34,1
2025-12-01,08072,8072.HK,蘭谷股份,0.36,7.46,2367750,60605688.0,60605688.0,221380,10.7,3.91,10,0,0,2026-09-08 12:46:35,1
2025-12-01,08019,8019.HK,皓文控股,0.181,6.47,563920,64449042.0,64449042.0,12308,45.82,0.87,10,0,0,2026-09-08 12:46:35,1
2025-12-01,01124,1124.HK,沿海家園,0.33,17.86,2156800,136818669.0,136818669.0,87758,24.58,1.58,10,0,0,2026-09-08 12:46:34,1
2025-12-01,02223,2223.HK,卡撒天嬌,0.58,-4.92,713640,149728160.0,149728160.0,63816,11.18,0.48,10,0,0,2026-09-08 12:46:35,1
2025-12-01,08146,8146.HK,怡園酒業,0.275,10.89,2922910,223575000.0,223575000.0,260622,11.22,1.31,10,0,0,2026-09-08 12:46:35,1
2025-12-01,01170,1170.HK,信星集團,0.47,0.0,700230,313489739.0,313489739.0,40746,17.19,0.22,10,0,0,2026-09-08 12:46:34,1
2025-12-01,00204,204.HK,資本界金控,1.32,-2.22,124369900,328752769.0,328752769.0,2740808,45.38,37.83,10,0,0,2026-09-08 12:46:34,1
2025-12-01,00150,150.HK,HYPEBEAST,0.204,9.09,612970,410719408.0,410719408.0,38567,15.89,0.15,10,0,0,2026-09-08 12:46:34,1
2025-12-01,03389,3389.HK,亨得利,0.139,11.2,13551360,612158635.0,612158635.0,122830,110.33,2.21,7,1,0,2026-09-08 12:46:35,1
2025-12-01,00205,205.HK,BFB HEALTH,0.68,44.68,4193670,850825585.0,850825585.0,138802,30.21,0.49,10,0,0,2026-09-08 12:46:34,1
2025-12-01,02482,2482.HK,維天運通,0.68,-1.45,4430700,947835751.0,358653708.0,56770,78.05,0.47,10,0,0,2026-09-08 12:46:35,1
2025-12-02,02110,2110.HK,天成控股,0.195,5.98,2824420,8424000.0,8424000.0,138662,20.37,33.53,10,0,0,2026-09-08 12:46:36,1
2025-12-02,08432,8432.HK,太平洋酒吧,0.05,25.0,536370,43963200.0,43963200.0,48682,11.02,1.22,10,0,0,2026-09-08 12:46:36,1
2025-12-02,00682,682.HK,超大現代,0.31,16.98,2036830,61296028.0,61296028.0,6866,296.65,3.32,10,0,0,2026-09-08 12:46:35,1
2025-12-02,08007,8007.HK,環球戰略集團,0.315,8.62,1034180,71289990.0,71289990.0,66563,15.54,1.45,10,0,0,2026-09-08 12:46:36,1
2025-12-02,08401,8401.HK,華夏水務集團,0.11,29.41,656500,89453167.0,89453167.0,48784,13.46,0.73,10,0,0,2026-09-08 12:46:36,1
2025-12-02,01663,1663.HK,漢港控股,0.062,-3.12,1058190,152768000.0,152768000.0,7496,141.17,0.69,10,0,0,2026-09-08 12:46:36,1
2025-12-02,01732,1732.HK,象興科技,0.27,18.42,13288200,345600000.0,345600000.0,32100,413.96,3.84,1,1,0,2026-09-08 12:46:36,1
2025-12-02,02187,2187.HK,智欣集團控股,0.47,1.08,552500,421872000.0,421872000.0,39740,13.9,0.13,10,0,0,2026-09-08 12:46:36,1
2025-12-02,00205,205.HK,BFB HEALTH,0.79,16.18,5605170,988459135.0,988459135.0,545274,10.28,0.57,10,0,0,2026-09-08 12:46:35,1
2025-12-03,08627,8627.HK,旅橙文化,0.061,7.02,742000,48800000.0,48800000.0,7170,103.49,1.52,10,0,0,2026-09-08 12:46:37,1
2025-12-03,08436,8436.HK,德寶集團控股,0.22,10.55,1936200,88000000.0,88000000.0,21940,88.25,2.2,10,0,0,2026-09-08 12:46:37,1
2025-12-03,06933,6933.HK,新娛科控股,0.55,26.44,1440200,235401549.0,235401549.0,118060,12.2,0.61,10,0,0,2026-09-08 12:46:37,1
2025-12-03,01215,1215.HK,開源控股,0.024,4.35,544620,306693115.0,306693115.0,29448,18.49,0.18,10,0,0,2026-09-08 12:46:36,1
2025-12-03,00575,575.HK,勵晶太平洋,1.07,33.75,1123300,312242887.0,312242887.0,53287,21.08,0.36,10,0,0,2026-09-08 12:46:36,1
2025-12-03,06860,6860.HK,指尖悅動,0.181,-7.18,661700,347173928.0,347173928.0,20280,32.63,0.19,10,0,0,2026-09-08 12:46:37,1
2025-12-03,08162,8162.HK,港銀控股,0.46,-11.54,2382300,457831008.0,457831008.0,223470,10.66,0.52,10,0,0,2026-09-08 12:46:37,1
2025-12-03,00970,970.HK,新耀萊,0.68,6.25,7266160,459246276.0,459246276.0,168051,43.24,1.58,10,0,0,2026-09-08 12:46:36,1
2025-12-03,08321,8321.HK,泰錦控股,0.93,24.0,1038800,498852000.0,498852000.0,53900,19.27,0.21,10,0,0,2026-09-08 12:46:37,1
2025-12-03,00854,854.HK,威雅利,5.75,19.79,749720,592187032.0,592187032.0,13322,56.28,0.13,10,0,0,2026-09-08 12:46:36,1
2025-12-03,01085,1085.HK,亨鑫科技,1.36,-9.33,909000,633216000.0,633216000.0,77326,11.76,0.14,10,0,0,2026-09-08 12:46:36,1
2025-12-03,01483,1483.HK,網譽科技,1.12,13.13,1479800,917784000.0,917784000.0,106570,13.89,0.16,10,0,0,2026-09-08 12:46:37,1
2025-12-04,08487,8487.HK,ISP GLOBAL,0.06,3.45,741600,62797680.0,62797680.0,70510,10.52,1.18,10,0,0,2026-09-08 12:46:38,1
2025-12-04,01166,1166.HK,星凱控股,0.46,35.29,1009080,65534644.0,65534644.0,45613,22.12,1.54,10,0,0,2026-09-08 12:46:38,1
2025-12-04,08217,8217.HK,菊福堂生物,0.315,14.55,888370,95085900.0,95085900.0,81900,10.85,0.93,10,0,0,2026-09-08 12:46:38,1
2025-12-04,01025,1025.HK,嘉藝控股,0.235,8.8,622250,105131348.0,105131348.0,39978,15.56,0.59,10,0,0,2026-09-08 12:46:38,1
2025-12-04,08163,8163.HK,聲揚集團,0.105,-3.67,6908120,107651839.0,107651839.0,121463,56.87,6.42,10,0,0,2026-09-08 12:46:38,1
2025-12-04,01750,1750.HK,全達電器集團控股,0.07,29.63,4718800,126000000.0,126000000.0,331460,14.24,3.75,10,0,0,2026-09-08 12:46:38,1
2025-12-04,08283,8283.HK,中食民安,0.373,1.36,816740,128908800.0,128908800.0,19840,41.17,0.63,10,0,0,2026-09-08 12:46:38,1
2025-12-04,01239,1239.HK,TEAMWAY INTL GP,0.305,5.17,1452680,132375467.0,132375467.0,88667,16.38,1.1,10,0,0,2026-09-08 12:46:38,1
2025-12-04,08326,8326.HK,同景新能源,0.156,4.0,2074820,191412000.0,191412000.0,49759,41.7,1.08,10,0,0,2026-09-08 12:46:38,1
2025-12-04,01433,1433.HK,常達控股,0.103,11.96,2333470,205121410.0,205121410.0,39378,59.26,1.14,10,0,0,2026-09-08 12:46:38,1
2025-12-04,02885,2885.HK,彼岸控股,0.636,6.71,5757020,254400000.0,254400000.0,41828,137.64,2.26,10,0,0,2026-09-08 12:46:38,1
2025-12-04,01226,1226.HK,中國投融資,0.75,-2.6,3021900,309447450.0,309447450.0,18460,163.7,0.98,10,0,0,2026-09-08 12:46:38,1
2025-12-04,00689,689.HK,長盈集團(控股),0.184,10.18,2148860,341822635.0,341822635.0,88341,24.32,0.63,10,0,0,2026-09-08 12:46:37,1
2025-12-04,06933,6933.HK,新娛科控股,0.82,49.09,6653400,350962309.0,350962309.0,262080,25.39,1.9,10,0,0,2026-09-08 12:46:38,1
2025-12-04,01966,1966.HK,中駿集團控股,0.084,-2.33,577790,354730835.0,354730835.0,42663,13.54,0.16,10,0,0,2026-09-08 12:46:38,1
2025-12-04,00970,970.HK,新耀萊,0.66,-2.94,12182940,445739032.0,445739032.0,885747,13.75,2.73,10,0,0,2026-09-08 12:46:37,1
2025-12-04,01813,1813.HK,合景泰富集團,0.167,-24.43,3568140,570953619.0,570953619.0,225978,15.79,0.62,10,0,0,2026-09-08 12:46:38,1
2025-12-04,09929,9929.HK,澳達控股,0.485,370.87,118463000,970000000.0,970000000.0,418950,282.76,12.21,4,1,0,2026-09-08 12:46:38,1
2025-12-05,02110,2110.HK,天成控股,0.115,-58.93,47558230,4968000.0,4968000.0,890835,53.39,957.29,10,0,0,2026-09-08 12:46:39,1
2025-12-05,08482,8482.HK,萬勵達,0.171,14.0,759410,30726566.0,30726566.0,4746,160.01,2.47,10,0,0,2026-09-08 12:46:39,1
2025-12-05,00145,145.HK,信能低碳,0.21,10.53,3394900,76902381.0,76902381.0,208795,16.26,4.41,10,0,0,2026-09-08 12:46:38,1
2025-12-05,08125,8125.HK,榮記萬通,0.375,44.23,2718550,81274752.0,81274752.0,4184,649.75,3.34,10,0,0,2026-09-08 12:46:39,1
2025-12-05,08217,8217.HK,菊福堂生物,0.315,0.0,1926870,95085900.0,95085900.0,147293,13.08,2.03,10,0,0,2026-09-08 12:46:39,1
2025-12-05,01581,1581.HK,進升集團控股,0.238,14.42,1163090,98770000.0,98770000.0,71047,16.37,1.18,10,0,0,2026-09-08 12:46:39,1
2025-12-05,00243,243.HK,品質國際,0.33,1.54,1753080,114341876.0,114341876.0,30214,58.02,1.53,10,0,0,2026-09-08 12:46:38,1
2025-12-05,01620,1620.HK,富盈環球集團,0.101,7.45,1330500,121200000.0,121200000.0,6171,215.61,1.1,10,0,0,2026-09-08 12:46:39,1
2025-12-05,08535,8535.HK,熒德控股,0.157,3.97,1371080,188400000.0,188400000.0,84806,16.17,0.73,10,0,0,2026-09-08 12:46:39,1
2025-12-05,01792,1792.HK,CMON,1.123,30.43,2590090,278144640.0,278144640.0,117940,21.96,0.93,10,0,0,2026-09-08 12:46:39,1
2025-12-05,00681,681.HK,中民控股,0.034,-5.56,953640,303775081.0,303775081.0,91664,10.4,0.31,10,0,0,2026-09-08 12:46:38,1
2025-12-05,01226,1226.HK,中國投融資,0.84,12.0,3939000,346581144.0,346581144.0,320650,12.28,1.14,10,0,0,2026-09-08 12:46:39,1
2025-12-05,02177,2177.HK,優趣匯控股,2.64,8.64,559850,437962008.0,437962008.0,30681,18.25,0.13,10,0,0,2026-09-08 12:46:39,1
2025-12-05,01657,1657.HK,樺欣控股,15.4,-2.47,516000,492800000.0,492800000.0,24800,20.81,0.1,10,0,0,2026-09-08 12:46:39,1
2025-12-05,03689,3689.HK,康華醫療,1.88,16.77,505070,628660720.0,158660720.0,221,2285.38,0.08,10,0,0,2026-09-08 12:46:39,1
2025-12-05,00519,519.HK,諾科達科技,0.224,0.45,787070,684343686.0,684343686.0,71282,11.04,0.12,10,0,0,2026-09-08 12:46:38,1
2025-12-05,02789,2789.HK,遠大中國,0.119,-4.03,1102990,738839346.0,738839346.0,109269,10.09,0.15,10,0,0,2026-09-08 12:46:39,1
2025-12-08,01010,1010.HK,天璽曜11,0.104,4.0,2086700,46206594.0,46206594.0,6880,303.3,4.52,10,0,0,2026-09-08 12:46:40,1
2025-12-08,08450,8450.HK,鉅京控股,0.092,-4.17,557220,92000000.0,92000000.0,14533,38.34,0.61,10,0,0,2026-09-08 12:46:40,1
2025-12-08,00145,145.HK,信能低碳,0.345,64.29,11243090,126339627.0,126339627.0,532650,21.11,8.9,10,0,0,2026-09-08 12:46:39,1
2025-12-08,00164,164.HK,中國寶力科技,0.375,7.14,2035730,130973521.0,130973521.0,74287,27.4,1.55,10,0,0,2026-09-08 12:46:39,1
2025-12-08,08481,8481.HK,盛龍錦秀國際,0.375,-8.54,920900,151938750.0,151938750.0,14950,61.6,0.61,10,0,0,2026-09-08 12:46:40,1
2025-12-08,02129,2129.HK,LEGION CONSO,0.16,25.0,1943900,200000000.0,200000000.0,63010,30.85,0.97,10,0,0,2026-09-08 12:46:40,1
2025-12-08,03313,3313.HK,雅高控股,1.72,30.3,3714210,244601995.0,244601995.0,20799,178.58,1.52,10,0,0,2026-09-08 12:46:40,1
2025-12-08,00913,913.HK,港灣數字,0.3,0.0,1371000,266113512.0,266113512.0,19684,69.65,0.52,10,0,0,2026-09-08 12:46:40,1
2025-12-08,06877,6877.HK,TE HEALTHCARE,0.145,-12.12,580940,294827050.0,294827050.0,42751,13.59,0.2,10,0,0,2026-09-08 12:46:40,1
2025-12-08,01348,1348.HK,滉達富控股,0.201,21.08,4541060,296320632.0,296320632.0,195403,23.24,1.53,10,0,0,2026-09-08 12:46:40,1
2025-12-08,00423,423.HK,經濟日報集團,0.75,-6.25,2163500,323700000.0,323700000.0,8650,250.12,0.67,10,0,0,2026-09-08 12:46:39,1
2025-12-08,00979,979.HK,綠色能源科技集團,0.29,9.43,927400,393329371.0,393329371.0,37422,24.78,0.24,10,0,0,2026-09-08 12:46:40,1
2025-12-08,02177,2177.HK,優趣匯控股,2.93,10.98,1189460,486071471.0,486071471.0,86250,13.79,0.24,10,0,0,2026-09-08 12:46:40,1
2025-12-08,00227,227.HK,第一上海,0.27,-1.82,1746050,591483574.0,591483574.0,154088,11.33,0.3,10,0,0,2026-09-08 12:46:39,1
2025-12-09,02608,2608.HK,陽光100中國,0.011,0.0,769960,28058926.0,28058926.0,59466,12.95,2.74,10,0,0,2026-09-08 12:46:41,1
2025-12-09,00339,339.HK,全球數字控股,0.145,3.57,4859040,62640000.0,62640000.0,49250,98.66,7.76,10,0,0,2026-09-08 12:46:40,1
2025-12-09,01889,1889.HK,三愛健康集團,0.5,-13.79,1140550,76449348.0,76449348.0,105188,10.84,1.49,10,0,0,2026-09-08 12:46:41,1
2025-12-09,01633,1633.HK,上諭集團,0.188,39.26,2437300,128733000.0,128733000.0,218950,11.13,1.89,10,0,0,2026-09-08 12:46:41,1
2025-12-09,02227,2227.HK,守益控股,0.161,23.85,1142300,147411600.0,147411600.0,35180,32.47,0.77,10,0,0,2026-09-08 12:46:41,1
2025-12-09,08481,8481.HK,盛龍錦秀國際,0.37,-1.33,1095000,149912900.0,149912900.0,107040,10.23,0.73,10,0,0,2026-09-08 12:46:41,1
2025-12-09,02129,2129.HK,LEGION CONSO,0.178,11.25,4173100,222500000.0,222500000.0,252980,16.5,1.88,10,0,0,2026-09-08 12:46:41,1
2025-12-09,01153,1153.HK,佳源服務,0.39,-2.5,619210,262161510.0,262161510.0,53804,11.51,0.24,10,0,0,2026-09-08 12:46:41,1
2025-12-09,02189,2189.HK,嘉濤(香港)控股,0.44,1.15,731530,440000000.0,440000000.0,66635,10.98,0.17,10,0,0,2026-09-08 12:46:41,1
2025-12-09,01823,1823.HK,華昱高速,1.15,-6.5,2914080,541774200.0,541774200.0,150714,19.34,0.54,10,0,0,2026-09-08 12:46:41,1
2025-12-09,02427,2427.HK,GUANZE MEDICAL,0.61,0.0,1717100,579500000.0,579500000.0,118910,14.44,0.3,10,0,0,2026-09-08 12:46:41,1
2025-12-09,00672,672.HK,眾安集團,0.12,-1.64,1138350,676297176.0,676297176.0,96986,11.74,0.17,10,0,0,2026-09-08 12:46:40,1
2025-12-10,08186,8186.HK,浩盟控股,0.475,53.23,507350,54087604.0,54087604.0,48105,10.55,0.94,10,0,0,2026-09-08 12:46:42,1
2025-12-10,08096,8096.HK,賞之味股權,0.124,-0.8,1909140,59675000.0,59675000.0,272,7018.9,3.2,10,0,0,2026-09-08 12:46:42,1
2025-12-10,08117,8117.HK,中國基礎能源,0.072,-16.28,603190,73727096.0,73727096.0,16251,37.12,0.82,10,0,0,2026-09-08 12:46:42,1
2025-12-10,01025,1025.HK,嘉藝控股,0.24,6.67,11022300,107368186.0,107368186.0,153914,71.61,10.27,10,0,0,2026-09-08 12:46:42,1
2025-12-10,08637,8637.HK,元續科技,1.58,-2.47,3186200,236529160.0,236529160.0,156630,20.34,1.35,10,0,0,2026-09-08 12:46:42,1
2025-12-10,01545,1545.HK,設計都會,0.124,49.4,1792180,248000000.0,248000000.0,39312,45.59,0.72,10,0,0,2026-09-08 12:46:42,1
2025-12-10,02263,2263.HK,富石金融,0.3,9.09,735600,300000000.0,300000000.0,51750,14.21,0.25,10,0,0,2026-09-08 12:46:42,1
2025-12-10,00254,254.HK,國家聯合資源,0.6,33.33,1215830,405457704.0,405457704.0,64434,18.87,0.3,10,0,0,2026-09-08 12:46:41,1
2025-12-10,02389,2389.HK,北京健康,0.067,-6.94,1924710,405937726.0,405937726.0,24469,78.66,0.47,10,0,0,2026-09-08 12:46:42,1
2025-12-10,00301,301.HK,三和精化,1.36,0.74,7860300,639825246.0,639825246.0,206649,38.04,1.23,10,0,0,2026-09-08 12:46:41,1
2025-12-10,03623,3623.HK,中國金融發展,1.08,-10.0,816540,681116403.0,681116403.0,78316,10.43,0.12,10,0,0,2026-09-08 12:46:42,1
2025-12-10,00848,848.HK,茂業國際,0.141,7.63,1319260,724785966.0,724785966.0,72586,18.18,0.18,10,0,0,2026-09-08 12:46:42,1
2025-12-10,06828,6828.HK,北京燃氣藍天,0.034,-5.56,703500,773027900.0,773027900.0,56925,12.36,0.09,10,0,0,2026-09-08 12:46:42,1
2025-12-11,08280,8280.HK,中國數字視頻,0.053,-32.91,897800,33407596.0,33407596.0,36310,24.73,2.69,10,0,0,2026-09-08 12:46:43,1
2025-12-11,08186,8186.HK,浩盟控股,0.78,64.21,3283100,88817539.0,88817539.0,95052,34.54,3.7,10,0,0,2026-09-08 12:46:43,1
2025-12-11,02135,2135.HK,瑞麗醫美,0.16,16.79,2602000,89132373.0,89132373.0,65287,39.85,2.92,10,0,0,2026-09-08 12:46:43,1
2025-12-12,01894,1894.HK,恆益控股,0.472,-4.84,2051040,110144504.0,110144504.0,59255,34.61,1.86,10,0,0,2026-09-08 12:46:44,1
2025-12-12,08275,8275.HK,中國新消費集團,0.129,9.32,4703180,123838135.0,123838135.0,89627,52.48,3.8,10,0,0,2026-09-08 12:46:44,1
2025-12-12,08360,8360.HK,簡樸新生活,0.36,10.77,1120470,130341497.0,130341497.0,53493,20.95,0.86,10,0,0,2026-09-08 12:46:44,1
2025-12-12,00653,653.HK,卓悅控股,0.083,29.69,5713640,155614879.0,155614879.0,82434,69.31,3.67,10,0,0,2026-09-08 12:46:43,1
2025-12-12,01831,1831.HK,十方控股,0.2,-24.53,3639770,215089910.0,215089910.0,93209,39.05,1.69,10,0,0,2026-09-08 12:46:44,1
2025-12-12,08311,8311.HK,圓美光電,0.154,71.11,1533460,228487821.0,228487821.0,31537,48.62,0.67,10,0,0,2026-09-08 12:46:44,1
2025-12-12,00343,343.HK,文化傳信,0.188,1.08,1042800,326006248.0,326006248.0,100224,10.4,0.32,10,0,0,2026-09-08 12:46:43,1
2025-12-12,00721,721.HK,中國金融國際,0.28,9.8,1257020,614411506.0,614411506.0,119832,10.49,0.2,10,0,0,2026-09-08 12:46:43,1
2025-12-12,01020,1020.HK,中細軟科技,0.158,26.4,12164640,945342757.0,945342757.0,398583,30.52,1.29,10,0,0,2026-09-08 12:46:44,1
2025-12-15,00428,428.HK,中國天弓控股,0.237,1.28,608210,36559202.0,36559202.0,7963,76.38,1.66,10,0,0,2026-09-08 12:46:44,1
2025-12-15,08113,8113.HK,時騰科技,0.41,2.5,548480,80408139.0,80408139.0,35966,15.25,0.68,10,0,0,2026-09-08 12:46:45,1
2025-12-15,01591,1591.HK,汛和集團,0.154,4.05,720370,82133333.0,82133333.0,37631,19.14,0.88,10,0,0,2026-09-08 12:46:45,1
2025-12-15,00745,745.HK,中國國家文化產業,0.74,10.45,525350,173431177.0,173431177.0,23677,22.19,0.3,10,0,0,2026-09-08 12:46:45,1
2025-12-15,01949,1949.HK,佰達國際控股,0.8,2.56,4307800,184320000.0,184320000.0,67137,64.16,2.34,10,0,0,2026-09-08 12:46:45,1
2025-12-15,01792,1792.HK,CMON,0.943,-1.57,6857220,233562240.0,233562240.0,432118,15.87,2.94,10,0,0,2026-09-08 12:46:45,1
2025-12-15,00556,556.HK,泛亞環保,0.42,64.71,6466050,422024754.0,422024754.0,146554,44.12,1.53,10,0,0,2026-09-08 12:46:44,1
2025-12-15,02205,2205.HK,康橋悅生活,0.82,18.84,1691830,574000000.0,574000000.0,135067,12.53,0.29,10,0,0,2026-09-08 12:46:45,1
2025-12-15,00334,334.HK,華顯光電,0.33,-1.49,2128400,697721617.0,697721617.0,162304,13.11,0.31,10,0,0,2026-09-08 12:46:44,1
2025-12-16,02728,2728.HK,金泰能源控股,0.022,-21.43,1001300,98010460.0,98010460.0,16800,59.6,1.02,10,0,0,2026-09-08 12:46:46,1
2025-12-16,08646,8646.HK,中國宏光,0.243,21.5,1139600,190266570.0,190266570.0,34060,33.46,0.6,10,0,0,2026-09-08 12:46:46,1
2025-12-16,03601,3601.HK,魯大師,0.9,1.12,848520,242100000.0,242100000.0,38208,22.21,0.35,10,0,0,2026-09-08 12:46:46,1
2025-12-16,01650,1650.HK,HYGIEIA GROUP,0.134,26.42,6300890,268000000.0,268000000.0,130120,48.42,2.35,10,0,0,2026-09-08 12:46:46,1
2025-12-16,01460,1460.HK,揚科集團,0.315,-10.0,4719390,276440948.0,276440948.0,345252,13.67,1.71,10,0,0,2026-09-08 12:46:46,1
2025-12-16,00037,37.HK,遠東酒店實業,0.435,1.16,663900,327350467.0,327350467.0,62070,10.7,0.2,10,0,0,2026-09-08 12:46:45,1
2025-12-16,01909,1909.HK,火岩控股,1.52,-5.0,1048820,369087982.0,369087982.0,37720,27.81,0.28,10,0,0,2026-09-08 12:46:46,1
2025-12-16,02205,2205.HK,康橋悅生活,0.7,-14.63,3567050,490000000.0,490000000.0,298496,11.95,0.73,10,0,0,2026-09-08 12:46:46,1
2025-12-16,01790,1790.HK,達力環保,0.57,0.0,4004850,570000000.0,570000000.0,14585,274.59,0.7,10,0,0,2026-09-08 12:46:46,1
2025-12-16,01596,1596.HK,翼辰實業,0.647,1.57,2003350,580902480.0,145225620.0,23113,86.68,0.34,10,0,0,2026-09-08 12:46:46,1
2025-12-16,09919,9919.HK,艾德韋宣集團,0.985,0.0,16039160,733054730.0,733054730.0,67870,236.32,2.19,10,0,0,2026-09-08 12:46:46,1
2025-12-16,00279,279.HK,裕承科金,0.63,-1.56,6055870,879182199.0,879182199.0,143726,42.13,0.69,10,0,0,2026-09-08 12:46:45,1
2025-12-17,08446,8446.HK,耀星科技集團-新,0.122,-4.69,776800,6863143.0,6863143.0,45750,16.98,11.32,10,0,0,2026-09-08 12:46:47,1
2025-12-17,01803,1803.HK,北京體育文化-新,0.096,6.67,708210,16220342.0,16220342.0,1034,684.92,4.37,10,0,0,2026-09-08 12:46:47,1
2025-12-17,00907,907.HK,高雅光學,0.05,-33.33,1060760,43643184.0,43643184.0,87220,12.16,2.43,10,0,0,2026-09-08 12:46:47,1
2025-12-17,00076,76.HK,誼礫控股,0.204,-8.93,4720120,90658431.0,90658431.0,135318,34.88,5.21,10,0,0,2026-09-08 12:46:46,1
2025-12-17,09958,9958.HK,力天影業,0.345,-8.0,35084800,172500000.0,172500000.0,1424660,24.63,20.34,10,0,0,2026-09-08 12:46:47,1
2025-12-17,02203,2203.HK,腦洞科技,0.22,11.11,823200,176000000.0,176000000.0,75650,10.88,0.47,10,0,0,2026-09-08 12:46:47,1
2025-12-17,02168,2168.HK,佳兆業美好,1.36,-4.9,739740,209589600.0,209589600.0,57843,12.79,0.35,10,0,0,2026-09-08 12:46:47,1
2025-12-17,06909,6909.HK,百得利控股,0.407,2.52,923440,253357500.0,253357500.0,49716,18.57,0.36,10,0,0,2026-09-08 12:46:47,1
2025-12-17,00736,736.HK,中國置業投資,0.81,14.08,5630370,259685681.0,259685681.0,387109,14.54,2.17,10,0,0,2026-09-08 12:46:47,1
2025-12-17,06038,6038.HK,信越控股,0.275,41.03,11976800,275825000.0,275825000.0,70221,170.56,4.34,10,0,0,2026-09-08 12:46:47,1
2025-12-17,01529,1529.HK,樂氏國際控股,0.56,3.7,855620,373564800.0,373564800.0,43199,19.81,0.23,10,0,0,2026-09-08 12:46:47,1
2025-12-17,00582,582.HK,神話世界,0.122,4.27,716120,445480729.0,445480729.0,37750,18.97,0.16,10,0,0,2026-09-08 12:46:47,1
2025-12-17,01233,1233.HK,時代中國控股,0.149,39.25,3582950,446417823.0,446417823.0,353428,10.14,0.8,10,0,0,2026-09-08 12:46:47,1
2025-12-17,00367,367.HK,莊士機構國際,0.315,5.0,553020,526854228.0,526854228.0,11971,46.2,0.1,10,0,0,2026-09-08 12:46:46,1
2025-12-17,02540,2540.HK,樂思集團,1.34,-7.59,1270400,804000000.0,804000000.0,11480,110.66,0.16,10,0,0,2026-09-08 12:46:47,1
2025-12-18,08429,8429.HK,華美樂樂,0.062,16.98,1574640,29760000.0,29760000.0,8446,186.44,5.29,10,0,0,2026-09-08 12:46:48,1
2025-12-18,01842,1842.HK,植華集團,0.068,33.33,2607800,97920000.0,97920000.0,35680,73.09,2.66,10,0,0,2026-09-08 12:46:48,1
2025-12-18,00465,465.HK,富通科技,0.7,22.81,619940,220560200.0,220560200.0,54420,11.39,0.28,10,0,0,2026-09-08 12:46:48,1
2025-12-18,09963,9963.HK,高科橋光導,0.78,44.44,2740800,302127540.0,302127540.0,27420,99.96,0.91,10,0,0,2026-09-08 12:46:49,1
2025-12-18,02101,2101.HK,福祿控股,0.928,1.09,1251850,376787383.0,376787383.0,60711,20.62,0.33,10,0,0,2026-09-08 12:46:48,1
2025-12-18,01473,1473.HK,環聯連訊,0.38,1.33,4106700,449327690.0,449327690.0,228832,17.95,0.91,10,0,0,2026-09-08 12:46:48,1
2025-12-18,02120,2120.HK,康寧醫院,9.632,-3.02,967420,678084131.0,259346021.0,44488,21.75,0.14,10,0,0,2026-09-08 12:46:48,1
2025-12-19,08221,8221.HK,高裕金融,1.15,-8.73,3434500,54740000.0,54740000.0,31365,109.5,6.27,10,0,0,2026-09-08 12:46:50,1
2025-12-19,08007,8007.HK,環球戰略集團,0.295,1.72,2745000,66763642.0,66763642.0,78367,35.03,4.11,10,0,0,2026-09-08 12:46:49,1
2025-12-19,08081,8081.HK,白居易控股,0.018,28.57,2611230,92808632.0,92808632.0,57843,45.14,2.81,10,0,0,2026-09-08 12:46:50,1
2025-12-19,01850,1850.HK,美好生活集團控股,0.62,5.08,3461410,107136000.0,107136000.0,34060,101.63,3.23,10,0,0,2026-09-08 12:46:49,1
2025-12-19,02370,2370.HK,力高健康生活,0.67,57.65,2984400,134000000.0,134000000.0,63290,47.15,2.23,10,0,0,2026-09-08 12:46:49,1
2025-12-19,08368,8368.HK,中國創意控股,0.228,0.44,2121600,157825640.0,157825640.0,151173,14.03,1.34,10,0,0,2026-09-08 12:46:50,1
2025-12-19,00328,328.HK,ALCO HOLDINGS,0.962,1.69,1898720,275509248.0,275509248.0,181731,10.45,0.69,10,0,0,2026-09-08 12:46:49,1
2025-12-19,00244,244.HK,先施,0.33,3.12,642630,433607645.0,433607645.0,7457,86.18,0.15,10,0,0,2026-09-08 12:46:49,1
2025-12-19,02298,2298.HK,都市麗人,0.269,-5.28,2329370,605103990.0,605103990.0,206965,11.25,0.38,10,0,0,2026-09-08 12:46:49,1
2025-12-19,00711,711.HK,亞洲聯合基建控股,0.43,0.0,797000,792452033.0,792452033.0,40257,19.8,0.1,10,0,0,2026-09-08 12:46:49,1
2025-12-19,00805,805.HK,新吉奧房車,1.01,1.0,23297900,969600000.0,969600000.0,648104,35.95,2.4,10,0,0,2026-09-08 12:46:49,1
2025-12-22,08019,8019.HK,皓文控股,0.138,6.15,750850,49137944.0,49137944.0,12253,61.28,1.53,10,0,0,2026-09-08 12:46:51,1
2025-12-22,01546,1546.HK,德萊建業,0.112,30.23,789570,89600000.0,89600000.0,21307,37.06,0.88,10,0,0,2026-09-08 12:46:50,1
2025-12-22,08489,8489.HK,裕程物流,0.33,107.55,2805300,101499750.0,101499750.0,7560,371.07,2.76,10,0,0,2026-09-08 12:46:51,1
2025-12-22,08081,8081.HK,白居易控股,0.02,11.11,4568800,103120702.0,103120702.0,308943,14.79,4.43,10,0,0,2026-09-08 12:46:51,1
2025-12-22,02324,2324.HK,首都創投,0.137,12.3,1050970,123335140.0,123335140.0,15177,69.25,0.85,10,0,0,2026-09-08 12:46:50,1
2025-12-22,00747,747.HK,沈陽公用發展股份,0.09,23.29,1242750,132243840.0,54483840.0,4572,271.82,0.94,10,0,0,2026-09-08 12:46:50,1
2025-12-22,08426,8426.HK,雅居投資控股,0.334,52.51,860750,267200000.0,267200000.0,7238,118.92,0.32,10,0,0,2026-09-08 12:46:51,1
2025-12-22,02250,2250.HK,小黃鴨德盈,0.95,-2.06,1726130,957937250.0,957937250.0,46695,36.97,0.18,10,0,0,2026-09-08 12:46:50,1
2025-12-23,00339,339.HK,全球數字控股,0.18,-0.55,13119070,77760000.0,77760000.0,866770,15.14,16.87,10,0,0,2026-09-08 12:46:51,1
2025-12-23,01749,1749.HK,杉杉品牌,0.72,-6.49,1156960,96048000.0,24048000.0,26534,43.6,1.2,10,0,0,2026-09-08 12:46:51,1
2025-12-23,01166,1166.HK,星凱控股,0.74,27.59,1606570,105425297.0,105425297.0,37657,42.66,1.52,10,0,0,2026-09-08 12:46:51,1
2025-12-23,00310,310.HK,嘉進投資國際,0.175,23.24,1887540,108698104.0,108698104.0,658,2868.6,1.74,10,0,0,2026-09-08 12:46:51,1
2025-12-23,06918,6918.HK,九泰數智,0.157,0.0,5402270,137278728.0,137278728.0,404845,13.34,3.94,10,0,0,2026-09-08 12:46:52,1
2025-12-23,00841,841.HK,木薯資源,0.285,0.0,3949810,166647114.0,166647114.0,225271,17.53,2.37,10,0,0,2026-09-08 12:46:51,1
2025-12-23,01985,1985.HK,美高域,1.17,-2.5,1052060,358457580.0,358457580.0,34242,30.72,0.29,10,0,0,2026-09-08 12:46:51,1
2025-12-23,08107,8107.HK,細葉榕科技,0.38,16.92,1979650,521795100.0,521795100.0,196331,10.08,0.38,10,0,0,2026-09-08 12:46:52,1
2025-12-23,01290,1290.HK,中國匯融,0.5,-9.09,2209180,545167500.0,545167500.0,46104,47.92,0.41,10,0,0,2026-09-08 12:46:51,1
2025-12-23,00128,128.HK,安寧控股,0.345,13.11,4881700,569477243.0,569477243.0,184890,26.4,0.86,10,0,0,2026-09-08 12:46:51,1
2025-12-23,01608,1608.HK,偉能集團,0.128,-30.81,524730,855443267.0,855443267.0,33971,15.45,0.06,10,0,0,2026-09-08 12:46:51,0
2025-12-24,08293,8293.HK,星亞控股,0.42,0.0,3267600,90316839.0,90316839.0,142154,22.99,3.62,10,0,0,2026-09-08 12:46:53,1
2025-12-24,01722,1722.HK,建鵬控股,0.085,13.33,695800,93500000.0,93500000.0,34870,19.95,0.74,10,0,0,2026-09-08 12:46:52,1
2025-12-24,00869,869.HK,彩星玩具,0.435,-14.71,2173760,493725000.0,493725000.0,79444,27.36,0.44,10,0,0,2026-09-08 12:46:52,1
2025-12-24,00228,228.HK,中能控股,1.55,7.64,13281620,707110620.0,707110620.0,505854,26.26,1.88,5,1,0,2026-09-08 12:46:52,1
2025-12-24,02415,2415.HK,梅斯健康,1.26,1.61,9813310,765035397.0,765035397.0,149630,65.58,1.28,10,0,0,2026-09-08 12:46:53,1
2025-12-24,00698,698.HK,通達集團,4.08,-0.49,6187350,794425580.0,794425580.0,582198,10.63,0.78,10,0,0,2026-09-08 12:46:52,1
2025-12-29,08487,8487.HK,ISP GLOBAL,0.046,-16.36,689200,48144888.0,48144888.0,54030,12.76,1.43,10,0,0,2026-09-08 12:46:54,1
2025-12-29,00197,197.HK,亨泰,0.25,-3.85,1671270,52302613.0,52302613.0,28045,59.59,3.2,10,0,0,2026-09-08 12:46:53,1
2025-12-29,00204,204.HK,資本界金控,0.265,41.71,7519000,65999609.0,65999609.0,361273,20.81,11.39,10,0,0,2026-09-08 12:46:53,1
2025-12-29,01162,1162.HK,瑩嵐集團,0.198,0.0,4187100,118800000.0,118800000.0,396980,10.55,3.52,10,0,0,2026-09-08 12:46:53,1
2025-12-29,08509,8509.HK,威揚酒業控股,0.48,-27.27,958400,192000000.0,192000000.0,93590,10.24,0.5,10,0,0,2026-09-08 12:46:54,0
2025-12-29,02221,2221.HK,創業集團控股,1.02,9.68,1529640,233889277.0,233889277.0,149829,10.21,0.65,10,0,0,2026-09-08 12:46:54,1
2025-12-29,00630,630.HK,雋泰控股,0.25,0.0,809680,241887948.0,241887948.0,41986,19.28,0.33,10,0,0,2026-09-08 12:46:53,1
2025-12-29,02381,2381.HK,蜆殼電業,0.164,17.99,2853870,328000000.0,328000000.0,105160,27.14,0.87,10,0,0,2026-09-08 12:46:54,1
2025-12-29,00583,583.HK,長城環亞控股,0.23,2.22,689700,360581487.0,360581487.0,12568,54.88,0.19,10,0,0,2026-09-08 12:46:53,1
2025-12-29,08375,8375.HK,數盟資本,1.23,28.12,49414460,425088000.0,425088000.0,732604,67.45,11.62,10,0,0,2026-09-08 12:46:54,1
2025-12-29,00021,21.HK,大中華控股,0.107,13.83,634020,425349974.0,425349974.0,4457,142.25,0.15,10,0,0,2026-09-08 12:46:53,1
2025-12-29,06908,6908.HK,宏光半導體,0.48,2.13,2566700,562490151.0,562490151.0,163374,15.71,0.46,10,0,0,2026-09-08 12:46:54,1
2025-12-29,02298,2298.HK,都市麗人,0.294,20.49,7864500,661340421.0,661340421.0,589967,13.33,1.19,10,0,0,2026-09-08 12:46:54,1
2025-12-29,01569,1569.HK,民生教育,0.166,-7.78,587590,700141520.0,700141520.0,21681,27.1,0.08,10,0,0,2026-09-08 12:46:53,1
2025-12-29,01116,1116.HK,慧源同創科技,0.34,4.62,1122650,733720000.0,733720000.0,16920,66.35,0.15,10,0,0,2026-09-08 12:46:53,1
2025-12-29,06828,6828.HK,北京燃氣藍天,0.033,0.0,1008060,750291786.0,750291786.0,64363,15.66,0.13,10,0,0,2026-09-08 12:46:54,1
2025-12-29,00210,210.HK,達芙妮國際,0.38,-2.56,1476900,751867403.0,751867403.0,63927,23.1,0.2,10,0,0,2026-09-08 12:46:53,1
2025-12-30,08072,8072.HK,蘭谷股份,0.315,5.0,1660590,53029977.0,53029977.0,39322,42.23,3.13,10,0,0,2026-09-08 12:46:55,1
2025-12-30,08500,8500.HK,天泓文創,0.155,-8.82,1239700,66960000.0,66960000.0,7710,160.79,1.85,10,0,0,2026-09-08 12:46:55,1
2025-12-30,00310,310.HK,嘉進投資國際,0.184,5.14,2037450,114288292.0,114288292.0,189412,10.76,1.78,10,0,0,2026-09-08 12:46:54,1
2025-12-30,00928,928.HK,帝王國際投資,0.101,12.22,1380250,186892931.0,186892931.0,84632,16.31,0.74,10,0,0,2026-09-08 12:46:54,1
2025-12-30,00021,21.HK,大中華控股,0.103,-3.74,861870,409449041.0,409449041.0,66910,12.88,0.21,10,0,0,2026-09-08 12:46:54,1
2025-12-30,00776,776.HK,帝國科技集團,0.897,-4.88,21690970,602638282.0,602638282.0,617182,35.15,3.6,10,0,0,2026-09-08 12:46:54,1
2025-12-30,02392,2392.HK,玄武雲,1.15,5.5,1505100,638087850.0,638087850.0,88930,16.92,0.24,10,0,0,2026-09-08 12:46:55,1
2025-12-30,00640,640.HK,星謙發展,2.318,4.98,980140,719149157.0,719149157.0,81222,12.07,0.14,10,0,0,2026-09-08 12:46:54,1
2025-12-30,06828,6828.HK,北京燃氣藍天,0.032,-3.03,2474630,727555671.0,727555671.0,143267,17.27,0.34,10,0,0,2026-09-08 12:46:55,1
2025-12-30,01483,1483.HK,網譽科技,1.12,2.75,581700,917784000.0,917784000.0,35330,16.46,0.06,10,0,0,2026-09-08 12:46:54,1
2025-12-31,00426,426.HK,萬華媒體,0.09,1.12,720640,36081000.0,36081000.0,23292,30.94,2.0,10,0,0,2026-09-08 12:46:55,1
2025-12-31,01107,1107.HK,當代置業,0.014,-22.22,3918510,39129925.0,39129925.0,95151,41.18,10.01,10,0,0,2026-09-08 12:46:55,1
2025-12-31,00092,92.HK,冠軍科技集團,0.174,7.41,1513560,190984984.0,190984984.0,71272,21.24,0.79,10,0,0,2026-09-08 12:46:55,1
2025-12-31,06928,6928.HK,萬馬控股,0.275,26.73,1708580,210375000.0,210375000.0,32757,52.16,0.81,10,0,0,2026-09-08 12:46:56,1
2025-12-31,00679,679.HK,亞洲聯網科技,0.93,2.2,1691800,352222062.0,352222062.0,33050,51.19,0.48,10,0,0,2026-09-08 12:46:55,1
2026-01-02,00893,893.HK,中國鐵鈦,0.082,2.5,839920,184419264.0,184419264.0,22671,37.05,0.46,10,0,0,2026-09-08 12:46:56,1
2026-01-02,02515,2515.HK,天津建發,0.91,-1.09,2272800,282775902.0,282775902.0,140050,16.23,0.8,10,0,0,2026-09-08 12:46:57,1
2026-01-02,01945,1945.HK,清科控股,1.55,5.44,850300,455747120.0,455747120.0,53160,16.0,0.19,10,0,0,2026-09-08 12:46:57,1
2026-01-02,00854,854.HK,威雅利,5.81,5.64,1007100,598366375.0,598366375.0,47410,21.24,0.17,10,0,0,2026-09-08 12:46:56,1
2026-01-02,02530,2530.HK,紐曼思,0.605,1.68,1386800,605000000.0,605000000.0,35992,38.53,0.23,10,0,0,2026-09-08 12:46:57,1
2026-01-02,00191,191.HK,麗新國際,0.72,44.0,18893990,636029209.0,636029209.0,275637,68.55,2.97,10,0,0,2026-09-08 12:46:56,1
2026-01-02,01278,1278.HK,中國新城鎮,0.073,-6.41,849400,710015988.0,710015988.0,75128,11.31,0.12,10,0,0,2026-09-08 12:46:56,1
2026-01-02,01725,1725.HK,中國技術集團,1.0,42.86,44536100,818410000.0,818410000.0,3396600,13.11,5.44,10,0,0,2026-09-08 12:46:57,1
2026-01-02,00488,488.HK,麗新發展,0.61,1.67,504440,886530586.0,886530586.0,32308,15.61,0.06,10,0,0,2026-09-08 12:46:56,1
2026-01-02,02516,2516.HK,泛遠國際,0.98,13.95,15517400,917280000.0,917280000.0,1351820,11.48,1.69,10,0,0,2026-09-08 12:46:57,1
2026-01-05,08341,8341.HK,艾碩控股,0.218,62.69,3832190,52320000.0,52320000.0,45750,83.76,7.32,10,0,0,2026-09-08 12:46:58,1
2026-01-05,00048,48.HK,中國汽車內飾,0.162,14.08,776460,70921617.0,70921617.0,40828,19.02,1.09,10,0,0,2026-09-08 12:46:57,1
2026-01-05,02178,2178.HK,百勤油服,0.072,44.0,763210,124320577.0,124320577.0,13958,54.68,0.61,10,0,0,2026-09-08 12:46:58,1
2026-01-05,00312,312.HK,歲寶百貨,0.087,7.41,520300,217065000.0,217065000.0,49316,10.55,0.24,10,0,0,2026-09-08 12:46:57,1
2026-01-05,00865,865.HK,建德國際控股,0.04,8.11,715510,233519588.0,233519588.0,28837,24.81,0.31,10,0,0,2026-09-08 12:46:57,1
2026-01-05,03313,3313.HK,雅高控股,1.65,3.12,783800,234647262.0,234647262.0,54631,14.35,0.33,10,0,0,2026-09-08 12:46:58,1
2026-01-05,01538,1538.HK,中奧到家,0.375,2.74,559770,320456250.0,320456250.0,20148,27.78,0.17,10,0,0,2026-09-08 12:46:58,1
2026-01-05,00970,970.HK,新耀萊,0.53,1.92,755740,357941950.0,357941950.0,61496,12.29,0.21,10,0,0,2026-09-08 12:46:57,1
2026-01-05,00248,248.HK,香港通訊國際控股,0.291,-15.41,753140,362391395.0,67948387.0,4611,163.34,1.11,10,0,0,2026-09-08 12:46:57,1
2026-01-05,00022,22.HK,茂盛控股,9.75,20.37,8972360,383445631.0,383445631.0,408191,21.98,2.34,10,0,0,2026-09-08 12:46:57,1
2026-01-05,00943,943.HK,中證國際,0.212,8.72,787030,436847461.0,436847461.0,37846,20.8,0.18,9,1,0,2026-09-08 12:46:57,1
2026-01-05,01667,1667.HK,迪米生活控股,0.48,17.07,1821200,460800000.0,460800000.0,67145,27.12,0.4,10,0,0,2026-09-08 12:46:58,1
2026-01-05,01612,1612.HK,永勝醫療,0.844,4.98,2024040,557123414.0,557123414.0,167579,12.08,0.36,10,0,0,2026-09-08 12:46:58,1
2026-01-05,02187,2187.HK,智欣集團控股,0.63,21.15,2481100,565488000.0,565488000.0,185170,13.4,0.44,10,0,0,2026-09-08 12:46:58,1
2026-01-06,08456,8456.HK,民信國際控股,0.345,4.55,542300,45610018.0,45610018.0,10879,49.85,1.19,10,0,0,2026-09-08 12:46:59,1
2026-01-06,01421,1421.HK,恆昌集團國際,0.42,5.0,6304700,84081984.0,84081984.0,366633,17.2,7.5,10,0,0,2026-09-08 12:46:59,1
2026-01-06,00048,48.HK,中國汽車內飾,0.203,25.31,1785970,88870915.0,88870915.0,116143,15.38,2.01,10,0,0,2026-09-08 12:46:58,1
2026-01-06,08158,8158.HK,中國再生醫學,0.415,-4.6,626870,126264779.0,126264779.0,10240,61.22,0.5,10,0,0,2026-09-08 12:46:59,1
2026-01-06,00164,164.HK,中國寶力科技,0.38,10.14,3603110,132719835.0,132719835.0,53266,67.64,2.71,10,0,0,2026-09-08 12:46:58,1
2026-01-06,01429,1429.HK,天任集團,0.108,8.0,1765300,172800000.0,172800000.0,104810,16.84,1.02,10,0,0,2026-09-08 12:46:59,1
2026-01-06,00605,605.HK,中國金融投資管理,0.95,11.76,1327360,198702064.0,198702064.0,46766,28.38,0.67,10,0,0,2026-09-08 12:46:58,1
2026-01-06,01182,1182.HK,勝龍國際,0.62,-4.62,619060,211305032.0,211305032.0,24751,25.01,0.29,10,0,0,2026-09-08 12:46:58,1
2026-01-06,03366,3366.HK,華僑城(亞洲),0.325,20.37,533820,243218950.0,243218950.0,21526,24.8,0.22,10,0,0,2026-09-08 12:46:59,1
2026-01-06,00042,42.HK,東北電氣,0.3,3.45,684100,262011000.0,77385000.0,37590,18.2,0.26,10,0,0,2026-09-08 12:46:58,1
2026-01-06,01613,1613.HK,協同通信,0.175,8.02,559410,268776286.0,268776286.0,24709,22.64,0.21,10,0,0,2026-09-08 12:46:59,1
2026-01-06,02393,2393.HK,巨星醫療控股,0.124,22.77,638070,289117160.0,289117160.0,55315,11.54,0.22,10,0,0,2026-09-08 12:46:59,1
2026-01-06,01159,1159.HK,智數科技集團,2.32,16.0,819100,329107031.0,329107031.0,43540,18.81,0.25,10,0,0,2026-09-08 12:46:58,1
2026-01-06,01680,1680.HK,澳門勵駿,0.355,14.52,752580,330213214.0,330213214.0,32099,23.45,0.23,10,0,0,2026-09-08 12:46:59,1
2026-01-06,01778,1778.HK,彩生活,0.2,6.95,3954770,371881438.0,371881438.0,130170,30.38,1.06,10,0,0,2026-09-08 12:46:59,1
2026-01-06,01148,1148.HK,新晨動力,0.355,7.58,1017910,455185187.0,455185187.0,65690,15.5,0.22,10,0,0,2026-09-08 12:46:58,1
2026-01-06,08321,8321.HK,泰錦控股,1.14,5.56,1065800,611496000.0,611496000.0,77156,13.81,0.17,10,0,0,2026-09-08 12:46:59,1
2026-01-06,02187,2187.HK,智欣集團控股,0.75,19.05,4643400,673200000.0,673200000.0,427100,10.87,0.69,10,0,0,2026-09-08 12:46:59,1
2026-01-06,00160,160.HK,漢國置業,0.95,0.0,1470480,684407836.0,684407836.0,36303,40.51,0.21,10,0,0,2026-09-08 12:46:58,1
2026-01-06,01903,1903.HK,JBB BUILDERS,1.76,-10.2,9645040,880000000.0,880000000.0,428988,22.48,1.1,10,0,0,2026-09-08 12:46:59,1
2026-01-06,00554,554.HK,漢思集團控股,0.219,-17.36,2624540,960825944.0,960825944.0,50686,51.78,0.27,10,0,0,2026-09-08 12:46:58,1
2026-01-07,01421,1421.HK,恆昌集團國際,0.44,4.76,10300550,88085888.0,88085888.0,970903,10.61,11.69,10,0,0,2026-09-08 12:47:00,1
2026-01-07,00309,309.HK,新華通訊頻媒,1.72,7.5,1078070,89615000.0,89615000.0,35161,30.66,1.2,10,0,0,2026-09-08 12:46:59,1
2026-01-07,01617,1617.HK,南方通信,0.113,10.78,1044860,183765120.0,183765120.0,77397,13.5,0.57,10,0,0,2026-09-08 12:47:00,1
2026-01-07,01738,1738.HK,飛尚無煙煤,0.141,34.29,2509600,194656958.0,194656958.0,64610,38.84,1.29,10,0,0,2026-09-08 12:47:00,1
2026-01-07,01079,1079.HK,松景科技,0.33,10.0,2204800,706217361.0,706217361.0,208516,10.57,0.31,10,0,0,2026-09-08 12:46:59,1
2026-01-08,08315,8315.HK,新都酒店,0.12,13.21,895780,69773070.0,69773070.0,10019,89.41,1.28,10,0,0,2026-09-08 12:47:01,1
2026-01-08,01707,1707.HK,致浩達控股,0.068,94.29,1107600,114240000.0,114240000.0,2580,429.3,0.97,10,0,0,2026-09-08 12:47:01,1
2026-01-08,01663,1663.HK,漢港控股,0.061,0.0,633180,150304000.0,150304000.0,27122,23.35,0.42,10,0,0,2026-09-08 12:47:01,1
2026-01-08,08028,8028.HK,天時資源,0.365,28.07,1187480,184665279.0,184665279.0,99225,11.97,0.64,10,0,0,2026-09-08 12:47:01,1
2026-01-08,02371,2371.HK,創聯控股,0.34,6.25,2260930,234048843.0,234048843.0,89672,25.21,0.97,10,0,0,2026-09-08 12:47:01,1
2026-01-08,01420,1420.HK,川控股,0.185,6.94,569200,248390472.0,248390472.0,56230,10.12,0.23,10,0,0,2026-09-08 12:47:01,1
2026-01-08,01831,1831.HK,十方控股,0.25,-1.96,934420,268862387.0,268862387.0,58430,15.99,0.35,10,0,0,2026-09-08 12:47:01,1
2026-01-08,00851,851.HK,盛源控股,0.315,8.62,3220400,277820720.0,277820720.0,44922,71.69,1.16,10,0,0,2026-09-08 12:47:00,1
2026-01-08,01955,1955.HK,莊臣控股,0.6,3.45,580860,300000000.0,300000000.0,12586,46.15,0.19,10,0,0,2026-09-08 12:47:01,1
2026-01-08,01826,1826.HK,豐展控股,0.162,8.72,4416660,388411200.0,388411200.0,396289,11.15,1.14,10,0,0,2026-09-08 12:47:01,1
2026-01-08,01643,1643.HK,現代中藥集團,0.67,19.64,1320240,482400000.0,482400000.0,108258,12.2,0.27,10,0,0,2026-09-08 12:47:01,1
2026-01-08,00582,582.HK,神話世界,0.145,16.0,1014730,529464801.0,529464801.0,30661,33.1,0.19,10,0,0,2026-09-08 12:47:00,1
2026-01-08,00301,301.HK,三和精化,1.35,3.85,2045960,635120649.0,635120649.0,154972,13.2,0.32,10,0,0,2026-09-08 12:47:00,1
2026-01-08,00212,212.HK,南洋集團,28.3,-1.39,674720,961286985.0,961286985.0,32448,20.79,0.07,10,0,0,2026-09-08 12:47:00,1
2026-01-09,08136,8136.HK,英馬斯集團,0.048,20.0,1288630,48000000.0,48000000.0,15049,85.63,2.68,10,0,0,2026-09-08 12:47:02,1
2026-01-09,00076,76.HK,誼礫控股,0.179,29.71,5057920,79548329.0,79548329.0,197946,25.55,6.36,10,0,0,2026-09-08 12:47:01,1
2026-01-09,01718,1718.HK,宏基集團控股,0.3,7.14,2038860,91236000.0,91236000.0,110787,18.4,2.23,10,0,0,2026-09-08 12:47:02,1
2026-01-09,01707,1707.HK,致浩達控股,0.063,-7.35,3521800,105840000.0,105840000.0,112720,31.24,3.33,10,0,0,2026-09-08 12:47:02,1
2026-01-09,08275,8275.HK,中國新消費集團,0.125,6.84,6075460,119998193.0,119998193.0,80329,75.63,5.06,10,0,0,2026-09-08 12:47:02,1
2026-01-09,02324,2324.HK,首都創投,0.142,3.65,922090,127836423.0,127836423.0,68791,13.4,0.72,10,0,0,2026-09-08 12:47:02,1
2026-01-09,08368,8368.HK,中國創意控股,0.3,25.0,8334500,207665316.0,207665316.0,10433,798.86,4.01,10,0,0,2026-09-08 12:47:02,1
2026-01-09,00924,924.HK,坤集團,0.225,61.87,2539600,225000000.0,225000000.0,8200,309.71,1.13,10,0,0,2026-09-08 12:47:02,1
2026-01-09,02129,2129.HK,LEGION CONSO,0.18,19.21,1709400,225000000.0,225000000.0,113560,15.05,0.76,10,0,0,2026-09-08 12:47:02,1
2026-01-09,08637,8637.HK,元續科技,1.52,0.0,2318500,227547040.0,227547040.0,83090,27.9,1.02,10,0,0,2026-09-08 12:47:02,1
2026-01-09,02321,2321.HK,雙財莊,0.435,2.35,1208230,435065250.0,435065250.0,19556,61.78,0.28,10,0,0,2026-09-08 12:47:02,1
2026-01-09,00149,149.HK,中國農產品交易,0.074,1.37,2177820,736527019.0,736527019.0,152314,14.3,0.3,10,0,0,2026-09-08 12:47:01,1
2026-01-09,00627,627.HK,共生智築,0.59,40.48,17752280,838197225.0,838197225.0,17755,999.85,2.12,10,0,0,2026-09-08 12:47:01,1
2026-01-12,00704,704.HK,和嘉控股,0.13,54.76,811120,37748521.0,37748521.0,28690,28.27,2.15,10,0,0,2026-09-08 12:47:03,1
2026-01-12,00899,899.HK,中加國信,0.18,9.09,1045510,80128621.0,80128621.0,50233,20.81,1.3,10,0,0,2026-09-08 12:47:03,1
2026-01-12,08360,8360.HK,簡樸新生活,0.315,14.55,787920,114048810.0,114048810.0,50850,15.49,0.69,10,0,0,2026-09-08 12:47:03,1
2026-01-12,01156,1156.HK,CHINANEWENERGY,0.227,25.41,1084900,160650324.0,160650324.0,96080,11.29,0.68,10,0,0,2026-09-08 12:47:03,1
2026-01-12,01710,1710.HK,致豐工業電子,0.223,-5.51,1217460,223000000.0,223000000.0,67120,18.14,0.55,10,0,0,2026-09-08 12:47:03,1
2026-01-12,01419,1419.HK,盈健醫療,0.8,-2.44,1453260,303641786.0,303641786.0,125094,11.62,0.48,10,0,0,2026-09-08 12:47:03,1
2026-01-12,01831,1831.HK,十方控股,0.29,7.41,1766550,311880369.0,311880369.0,166422,10.61,0.57,10,0,0,2026-09-08 12:47:03,1
2026-01-12,00381,381.HK,權識國際,0.242,14.15,3515690,321962735.0,321962735.0,347719,10.11,1.09,10,0,0,2026-09-08 12:47:02,1
2026-01-12,06830,6830.HK,華眾車載,0.225,-8.91,1179500,398068605.0,398068605.0,50464,23.37,0.3,10,0,0,2026-09-08 12:47:03,1
2026-01-12,02189,2189.HK,嘉濤(香港)控股,0.455,1.11,2414620,455000000.0,455000000.0,79232,30.48,0.53,10,0,0,2026-09-08 12:47:03,1
2026-01-12,01960,1960.HK,TBKS HLDGS,0.46,76.92,2658100,460000000.0,460000000.0,57640,46.12,0.58,10,0,0,2026-09-08 12:47:03,1
2026-01-12,00994,994.HK,中天宏信,0.36,33.33,1995900,464762160.0,464762160.0,139000,14.36,0.43,10,0,0,2026-09-08 12:47:03,1
2026-01-12,02321,2321.HK,雙財莊,0.465,6.9,1477580,465069750.0,465069750.0,140379,10.53,0.32,10,0,0,2026-09-08 12:47:03,1
2026-01-12,01473,1473.HK,環聯連訊,0.52,-1.89,7831200,614869470.0,614869470.0,771614,10.15,1.27,10,0,0,2026-09-08 12:47:03,1
2026-01-12,02136,2136.HK,利福中國,0.5,100.0,39097560,732224250.0,732224250.0,286721,136.36,5.34,10,0,0,2026-09-08 12:47:03,1
2026-01-12,00210,210.HK,達芙妮國際,0.385,0.0,6413200,761760395.0,761760395.0,313543,20.45,0.84,10,0,0,2026-09-08 12:47:02,1
2026-01-12,00202,202.HK,潤中國際控股,0.123,0.82,819920,897207432.0,897207432.0,22832,35.91,0.09,10,0,0,2026-09-08 12:47:02,1
2026-01-13,01315,1315.HK,綠色經濟,0.1,-24.81,1905560,62187632.0,62187632.0,23430,81.33,3.06,10,0,0,2026-09-08 12:47:04,1
2026-01-13,00704,704.HK,和嘉控股,0.219,68.46,4924080,63591738.0,63591738.0,106799,46.11,7.74,10,0,0,2026-09-08 12:47:04,1
2026-01-13,01889,1889.HK,三愛健康集團,0.51,2.0,875300,77978334.0,77978334.0,28603,30.6,1.12,10,0,0,2026-09-08 12:47:04,1
2026-01-13,08187,8187.HK,積木集團,0.54,8.0,882900,81909274.0,81909274.0,73309,12.04,1.08,10,0,0,2026-09-08 12:47:04,1
2026-01-13,01173,1173.HK,威高國際,0.034,-22.73,564700,85612045.0,85612045.0,34734,16.26,0.66,10,0,0,2026-09-08 12:47:04,1
2026-01-13,08163,8163.HK,聲揚集團,0.1,0.0,1110000,102525561.0,102525561.0,57335,19.36,1.08,10,0,0,2026-09-08 12:47:04,1
2026-01-13,08627,8627.HK,旅橙文化,0.14,2.94,2253900,112000000.0,112000000.0,220670,10.21,2.01,10,0,0,2026-09-08 12:47:04,1
2026-01-13,08275,8275.HK,中國新消費集團,0.126,3.28,8596880,120958178.0,120958178.0,803099,10.7,7.11,10,0,0,2026-09-08 12:47:04,1
2026-01-13,01741,1741.HK,成志控股,0.183,5.17,993600,146400000.0,146400000.0,67780,14.66,0.68,10,0,0,2026-09-08 12:47:04,1
2026-01-13,02227,2227.HK,守益控股,0.18,20.0,2090600,164808000.0,164808000.0,15700,133.16,1.27,10,0,0,2026-09-08 12:47:04,1
2026-01-13,01953,1953.HK,賽孚迅國際,0.153,6.99,655510,192780000.0,192780000.0,36436,17.99,0.34,10,0,0,2026-09-08 12:47:04,1
2026-01-13,01962,1962.HK,訓修實業,0.458,-12.43,662330,282190288.0,282190288.0,52939,12.51,0.23,10,0,0,2026-09-08 12:47:04,1
2026-01-13,00858,858.HK,精優藥業,0.099,11.24,1434390,287100000.0,287100000.0,101927,14.07,0.5,10,0,0,2026-09-08 12:47:04,1
2026-01-13,01073,1073.HK,大禹金融,0.107,0.94,784100,365724991.0,365724991.0,7037,111.43,0.21,10,0,0,2026-09-08 12:47:04,1
2026-01-13,08395,8395.HK,中顯智能齊家控股,0.238,16.1,962920,407932000.0,407932000.0,11844,81.3,0.24,10,0,0,2026-09-08 12:47:04,1
2026-01-13,08403,8403.HK,德豐宿來,2.63,32.83,5443090,444996000.0,444996000.0,309738,17.57,1.22,10,0,0,2026-09-08 12:47:04,1
2026-01-13,03389,3389.HK,亨得利,0.14,0.0,8732100,616562654.0,616562654.0,279602,31.23,1.42,10,0,0,2026-09-08 12:47:04,1
2026-01-13,00994,994.HK,中天宏信,0.485,34.72,6443000,626137910.0,626137910.0,334490,19.26,1.03,10,0,0,2026-09-08 12:47:04,1
2026-01-13,00488,488.HK,麗新發展,0.57,0.0,26993970,828397433.0,828397433.0,131916,204.63,3.26,10,0,0,2026-09-08 12:47:03,1
2026-01-13,01141,1141.HK,民銀資本,0.87,3.57,45842120,954362763.0,954362763.0,392910,116.67,4.8,10,0,0,2026-09-08 12:47:04,1
2026-01-14,08069,8069.HK,飛道旅遊科技,1.1,37.5,4844530,44919270.0,44919270.0,97531,49.67,10.78,10,0,0,2026-09-08 12:47:05,1
2026-01-14,08226,8226.HK,樹熊金融集團,0.12,8.11,931190,50100479.0,50100479.0,4345,214.31,1.86,10,0,0,2026-09-08 12:47:05,1
2026-01-14,01591,1591.HK,汛和集團,0.151,8.63,2325390,80533333.0,80533333.0,159174,14.61,2.89,10,0,0,2026-09-08 12:47:05,1
2026-01-14,08163,8163.HK,聲揚集團,0.103,3.0,1752550,105601328.0,105601328.0,164415,10.66,1.66,10,0,0,2026-09-08 12:47:05,1
2026-01-14,02211,2211.HK,大健康國際,1.41,-0.7,766350,155870167.0,155870167.0,23536,32.56,0.49,10,0,0,2026-09-08 12:47:05,1
2026-01-14,03639,3639.HK,億達中國,0.063,18.87,1058310,162790110.0,162790110.0,21762,48.63,0.65,10,0,0,2026-09-08 12:47:05,0
2026-01-14,01552,1552.HK,BHCC HOLDING,0.247,1.65,671900,197600000.0,197600000.0,9830,68.35,0.34,10,0,0,2026-09-08 12:47:05,1
2026-01-14,02371,2371.HK,創聯控股,0.335,6.35,6264600,230606948.0,230606948.0,306578,20.43,2.72,10,0,0,2026-09-08 12:47:05,1
2026-01-14,00328,328.HK,ALCO HOLDINGS,1.02,0.0,12387570,292119993.0,292119993.0,441829,28.04,4.24,10,0,0,2026-09-08 12:47:05,1
2026-01-14,08229,8229.HK,未來數據集團,0.6,-3.23,1085600,333288000.0,333288000.0,88883,12.21,0.33,10,0,0,2026-09-08 12:47:05,1
2026-01-14,06866,6866.HK,佐力科創,0.345,4.55,1386150,407100000.0,103500000.0,94917,14.6,0.34,10,0,0,2026-09-08 12:47:05,1
2026-01-14,06919,6919.HK,人瑞人才,4.49,-0.44,608710,711421099.0,711421099.0,36679,16.6,0.09,10,0,0,2026-09-08 12:47:05,1
2026-01-14,01085,1085.HK,亨鑫科技,1.68,0.0,2947120,782208000.0,782208000.0,292812,10.06,0.38,10,0,0,2026-09-08 12:47:05,1
2026-01-15,01259,1259.HK,未來發展控股,0.034,13.33,813650,74914274.0,74914274.0,12116,67.16,1.09,10,0,0,2026-09-08 12:47:06,1
2026-01-15,03878,3878.HK,VICON HOLDINGS,0.243,-2.41,774300,116542800.0,116542800.0,52280,14.81,0.66,10,0,0,2026-09-08 12:47:06,1
2026-01-15,01637,1637.HK,順興集團控股,0.32,45.45,860820,128000000.0,128000000.0,22157,38.85,0.67,10,0,0,2026-09-08 12:47:06,1
2026-01-15,01745,1745.HK,驢跡科技,5.4,0.93,3444230,273326508.0,273326508.0,244411,14.09,1.26,10,0,0,2026-09-08 12:47:06,1
2026-01-15,01546,1546.HK,德萊建業,0.355,84.9,9992400,284000000.0,284000000.0,921406,10.84,3.52,10,0,0,2026-09-08 12:47:06,1
2026-01-15,01953,1953.HK,賽孚迅國際,0.228,35.71,2377970,287280000.0,287280000.0,107613,22.1,0.83,10,0,0,2026-09-08 12:47:06,1
2026-01-15,01580,1580.HK,大森控股,0.275,38.19,567450,301311875.0,301311875.0,45715,12.41,0.19,10,0,0,2026-09-08 12:47:06,1
2026-01-15,01556,1556.HK,建業建榮,0.335,3.08,1446400,502500000.0,502500000.0,89040,16.24,0.29,10,0,0,2026-09-08 12:47:06,1
2026-01-16,00997,997.HK,普匯中金國際,0.03,-9.09,684470,35078633.0,35078633.0,3300,207.42,1.95,10,0,0,2026-09-08 12:47:07,1
2026-01-16,08200,8200.HK,修身堂,0.65,-2.99,1985240,51247320.0,51247320.0,15469,128.34,3.87,10,0,0,2026-09-08 12:47:07,1
2026-01-16,01630,1630.HK,建成控股,0.08,73.91,3454000,120000000.0,120000000.0,15770,219.02,2.88,10,0,0,2026-09-08 12:47:07,1
2026-01-16,03789,3789.HK,禦佳控股,0.11,66.67,1358000,132000000.0,132000000.0,5766,235.52,1.03,10,0,0,2026-09-08 12:47:07,1
2026-01-16,01408,1408.HK,濠江機電,0.278,16.32,589660,139000000.0,139000000.0,28050,21.02,0.42,10,0,0,2026-09-08 12:47:07,1
2026-01-16,00120,120.HK,COSMOPOL INT'L,0.096,4.35,505950,157403573.0,157403573.0,50437,10.03,0.32,10,0,0,2026-09-08 12:47:06,1
2026-01-16,01835,1835.HK,瑞威資管,1.4,-2.78,698440,214676000.0,53676000.0,46435,15.04,0.33,10,0,0,2026-09-08 12:47:07,1
2026-01-16,01793,1793.HK,偉工控股,0.3,36.99,1520400,240000000.0,240000000.0,88035,17.27,0.63,10,0,0,2026-09-08 12:47:07,1
2026-01-16,00417,417.HK,謝瑞麟,1.03,14.44,605660,256657491.0,256657491.0,44317,13.67,0.24,10,0,0,2026-09-08 12:47:07,1
2026-01-16,01429,1429.HK,天任集團,0.184,67.27,8106900,294400000.0,294400000.0,440910,18.39,2.75,10,0,0,2026-09-08 12:47:07,1
2026-01-16,03390,3390.HK,滿貫集團,0.345,9.52,2293440,308430000.0,308430000.0,206859,11.09,0.74,10,0,0,2026-09-08 12:47:07,1
2026-01-16,02439,2439.HK,中寶新材,0.27,11.57,1139200,324000000.0,324000000.0,61660,18.48,0.35,10,0,0,2026-09-08 12:47:07,1
2026-01-16,01745,1745.HK,驢跡科技,6.7,24.07,9111310,339127334.0,339127334.0,584598,15.59,2.69,10,0,0,2026-09-08 12:47:07,1
2026-01-16,01410,1410.HK,安領國際,0.64,12.28,6167700,646218880.0,646218880.0,486900,12.67,0.95,10,0,0,2026-09-08 12:47:07,1
2026-01-16,02427,2427.HK,GUANZE MEDICAL,0.72,22.03,2210400,684000000.0,684000000.0,105490,20.95,0.32,10,0,0,2026-09-08 12:47:07,1
2026-01-16,00279,279.HK,裕承科金,0.61,1.67,8971100,851271653.0,851271653.0,113457,79.07,1.05,10,0,0,2026-09-08 12:47:07,1
2026-01-19,01536,1536.HK,煜榮集團,0.226,29.89,835000,103056000.0,103056000.0,43230,19.32,0.81,10,0,0,2026-09-08 12:47:08,1
2026-01-19,02211,2211.HK,大健康國際,1.29,-5.84,8594550,142604621.0,142604621.0,111109,77.35,6.03,10,0,0,2026-09-08 12:47:08,1
2026-01-19,08379,8379.HK,盈證國際,0.182,18.18,880700,145600000.0,145600000.0,74890,11.76,0.6,10,0,0,2026-09-08 12:47:08,1
2026-01-19,00834,834.HK,盛融控股,0.485,22.78,3100100,219679780.0,219679780.0,109540,28.3,1.41,10,0,0,2026-09-08 12:47:08,1
2026-01-19,00510,510.HK,時富金融服務集團,0.64,25.49,566530,275951859.0,275951859.0,18416,30.76,0.21,10,0,0,2026-09-08 12:47:08,1
2026-01-19,00927,927.HK,富士高實業,0.65,1.56,790520,332153250.0,332153250.0,49668,15.92,0.24,10,0,0,2026-09-08 12:47:08,1
2026-01-19,01938,1938.HK,珠江鋼管,0.36,10.77,1070470,364011120.0,364011120.0,79872,13.4,0.29,10,0,0,2026-09-08 12:47:08,1
2026-01-19,00607,607.HK,豐盛控股,0.56,250.0,13842120,396907803.0,396907803.0,282705,48.96,3.49,10,0,0,2026-09-08 12:47:08,1
2026-01-19,00508,508.HK,鼎億集團投資,0.475,21.79,1551830,411313046.0,411313046.0,107791,14.4,0.38,10,0,0,2026-09-08 12:47:08,1
2026-01-19,01831,1831.HK,十方控股,0.445,48.33,11498490,478575049.0,478575049.0,964333,11.92,2.4,10,0,0,2026-09-08 12:47:08,1
2026-01-19,00825,825.HK,新世界百貨中國,0.395,29.51,7358000,666027275.0,666027275.0,289944,25.38,1.1,10,0,0,2026-09-08 12:47:08,1
2026-01-19,01332,1332.HK,透雲生物,0.25,-12.28,6242490,701488037.0,701488037.0,449453,13.89,0.89,10,0,0,2026-09-08 12:47:08,1
2026-01-19,01082,1082.HK,源宇宙教育,1.5,0.0,521920,912070320.0,912070320.0,48536,10.75,0.06,10,0,0,2026-09-08 12:47:08,1
2026-01-20,08036,8036.HK,電子交易集團,0.023,-20.69,636700,28290000.0,28290000.0,11970,53.19,2.25,10,0,0,2026-09-08 12:47:09,1
2026-01-20,00261,261.HK,GBA集團,0.265,8.61,14150390,87810845.0,87810845.0,34026,415.87,16.11,10,0,0,2026-09-08 12:47:09,1
2026-01-20,00919,919.HK,現代健康科技,0.106,39.47,1722280,95875298.0,95875298.0,7117,242.0,1.8,10,0,0,2026-09-08 12:47:09,1
2026-01-20,01633,1633.HK,上諭集團,0.151,14.39,2514500,103397250.0,103397250.0,160890,15.63,2.43,10,0,0,2026-09-08 12:47:09,1
2026-01-20,01470,1470.HK,富一國際控股,0.144,48.45,1102600,115200000.0,115200000.0,4270,258.22,0.96,10,0,0,2026-09-08 12:47:09,1
2026-01-20,08028,8028.HK,天時資源,0.255,-12.07,4071950,129012729.0,129012729.0,250395,16.26,3.16,10,0,0,2026-09-08 12:47:09,1
2026-01-20,01536,1536.HK,煜榮集團,0.285,26.11,2507500,129960000.0,129960000.0,126730,19.79,1.93,10,0,0,2026-09-08 12:47:09,1
2026-01-20,01102,1102.HK,環能國際,0.06,25.0,1742150,167963145.0,167963145.0,35219,49.47,1.04,10,0,0,2026-09-08 12:47:09,1
2026-01-20,01792,1792.HK,CMON,0.92,8.49,1092240,227865600.0,227865600.0,55442,19.7,0.48,10,0,0,2026-09-08 12:47:09,1
2026-01-20,08031,8031.HK,易通訊集團,0.69,112.31,8427260,244774050.0,244774050.0,25562,329.68,3.44,5,1,0,2026-09-08 12:47:09,1
2026-01-20,01795,1795.HK,亞東集團,0.58,3.57,5072610,348000000.0,348000000.0,248667,20.4,1.46,10,0,0,2026-09-08 12:47:09,1
2026-01-20,01251,1251.HK,華油能源,0.199,20.61,1362790,388874656.0,388874656.0,108804,12.53,0.35,10,0,0,2026-09-08 12:47:09,1
2026-01-20,02211,2211.HK,大健康國際,3.63,181.4,12299660,401282771.0,401282771.0,970564,12.67,3.07,10,0,0,2026-09-08 12:47:09,1
2026-01-20,01202,1202.HK,四威科技,1.089,15.97,1412740,435600000.0,174240000.0,82724,17.08,0.32,10,0,0,2026-09-08 12:47:09,1
2026-01-21,08532,8532.HK,寶發控股,0.072,2.86,635290,6110957.0,6110957.0,55111,11.53,10.4,10,0,0,2026-09-08 12:47:10,1
2026-01-21,08007,8007.HK,環球戰略集團,0.295,1.72,2049750,66763642.0,66763642.0,83962,24.41,3.07,10,0,0,2026-09-08 12:47:10,1
2026-01-21,00550,550.HK,律齊文化,0.248,106.67,32582950,112972432.0,112972432.0,7777,4189.66,28.84,10,0,0,2026-09-08 12:47:10,1
2026-01-21,08489,8489.HK,裕程物流,0.405,12.5,1649300,124567875.0,124567875.0,108450,15.21,1.32,10,0,0,2026-09-08 12:47:10,1
2026-01-21,02699,2699.HK,新明中國,4.918,1.7,1233760,129346882.0,129346882.0,112099,11.01,0.95,10,0,0,2026-09-08 12:47:10,1
2026-01-21,00784,784.HK,愛生命國際,0.164,25.19,5023200,131200000.0,131200000.0,93600,53.67,3.83,10,0,0,2026-09-08 12:47:10,1
2026-01-21,06918,6918.HK,九泰數智,0.158,-7.06,3588940,138153114.0,138153114.0,247670,14.49,2.6,10,0,0,2026-09-08 12:47:10,1
2026-01-21,02108,2108.HK,K2 F&B,0.291,-3.32,864180,232800000.0,232800000.0,34200,25.27,0.37,10,0,0,2026-09-08 12:47:10,1
2026-01-21,01239,1239.HK,TEAMWAY INTL GP,0.63,6.78,1385250,273431293.0,273431293.0,59093,23.44,0.51,10,0,0,2026-09-08 12:47:10,1
2026-01-21,01962,1962.HK,訓修實業,0.473,-5.96,3234560,291432328.0,291432328.0,210169,15.39,1.11,10,0,0,2026-09-08 12:47:10,1
2026-01-21,00936,936.HK,佳兆業資本,0.365,-1.35,1901700,386900000.0,386900000.0,79330,23.97,0.49,10,0,0,2026-09-08 12:47:10,1
2026-01-21,01098,1098.HK,路勁,0.66,-2.94,1845120,494562134.0,494562134.0,44764,41.22,0.37,10,0,0,2026-09-08 12:47:10,1
2026-01-21,01026,1026.HK,環球實業科技,0.101,4.12,501140,556813000.0,556813000.0,12828,39.07,0.09,10,0,0,2026-09-08 12:47:10,1
2026-01-21,00334,334.HK,華顯光電,0.375,15.38,2659980,792865473.0,792865473.0,192878,13.79,0.34,10,0,0,2026-09-08 12:47:10,1
2026-01-22,08620,8620.HK,亞洲速運,0.109,18.48,595100,68528845.0,68528845.0,2340,254.32,0.87,10,0,0,2026-09-08 12:47:12,1
2026-01-22,01722,1722.HK,建鵬控股,0.095,21.79,1420000,104500000.0,104500000.0,55760,25.47,1.36,10,0,0,2026-09-08 12:47:11,1
2026-01-22,01718,1718.HK,宏基集團控股,0.35,50.21,10637670,106442000.0,106442000.0,570303,18.65,9.99,10,0,0,2026-09-08 12:47:11,1
2026-01-22,00048,48.HK,中國汽車內飾,0.315,43.18,2723830,137903144.0,137903144.0,252830,10.77,1.98,10,0,0,2026-09-08 12:47:11,1
2026-01-22,08186,8186.HK,浩盟控股,1.68,5.0,6647930,191299315.0,191299315.0,652261,10.19,3.48,10,0,0,2026-09-08 12:47:11,1
2026-01-22,00844,844.HK,廣泰國際控股,0.405,-12.9,541700,200205809.0,200205809.0,44300,12.23,0.27,10,0,0,2026-09-08 12:47:11,1
2026-01-22,01661,1661.HK,中國前沿科技集團,1.09,36.25,2462270,207420678.0,207420678.0,104619,23.54,1.19,10,0,0,2026-09-08 12:47:11,1
2026-01-22,01580,1580.HK,大森控股,0.205,-18.0,21024280,224614307.0,224614307.0,187793,111.95,9.36,10,0,0,2026-09-08 12:47:11,1
2026-01-22,01486,1486.HK,思城控股,0.63,3.28,3387300,272406437.0,272406437.0,13308,254.53,1.24,10,0,0,2026-09-08 12:47:11,1
2026-01-22,00343,343.HK,文化傳信,0.173,8.12,2714090,299995111.0,299995111.0,84333,32.18,0.9,10,0,0,2026-09-08 12:47:11,1
2026-01-22,02211,2211.HK,大健康國際,3.57,1.13,43940710,394649998.0,394649998.0,2594875,16.93,11.13,10,0,0,2026-09-08 12:47:11,1
2026-01-22,00953,953.HK,邵氏兄弟控股,0.32,-15.79,14678510,454275200.0,454275200.0,1442679,10.17,3.23,10,0,0,2026-09-08 12:47:11,1
2026-01-22,01831,1831.HK,十方控股,0.61,15.09,48307840,656024225.0,656024225.0,4096001,11.79,7.36,10,0,0,2026-09-08 12:47:11,1
2026-01-22,00131,131.HK,卓能(集團),1.12,-7.44,537180,730997995.0,730997995.0,18650,28.8,0.07,10,0,0,2026-09-08 12:47:11,1
2026-01-22,01986,1986.HK,彩客新能源,0.875,4.79,6387120,846898938.0,846898938.0,623982,10.24,0.75,10,0,0,2026-09-08 12:47:11,1
2026-01-23,01825,1825.HK,STERLING GP,1.13,2.73,553400,46863360.0,46863360.0,27626,20.03,1.18,10,0,0,2026-09-08 12:47:12,1
2026-01-23,01695,1695.HK,椰豐集團,0.091,7.06,523400,98280000.0,98280000.0,14790,35.39,0.53,10,0,0,2026-09-08 12:47:12,1
2026-01-23,00379,379.HK,恆嘉融資租賃,0.064,-8.57,503180,107987377.0,107987377.0,16875,29.82,0.47,10,0,0,2026-09-08 12:47:12,1
2026-01-23,01413,1413.HK,鑄帝控股,0.335,1.21,5497920,109880000.0,109880000.0,455414,12.07,5.0,10,0,0,2026-09-08 12:47:12,1
2026-01-23,00164,164.HK,中國寶力科技,0.39,1.3,3301650,136212462.0,136212462.0,108240,30.5,2.42,10,0,0,2026-09-08 12:47:12,1
2026-01-23,00747,747.HK,沈陽公用發展股份,0.095,10.47,734710,139590720.0,57510720.0,56529,13.0,0.53,10,0,0,2026-09-08 12:47:12,1
2026-01-23,01679,1679.HK,瑞斯康集團,0.65,38.3,2419740,140278996.0,140278996.0,150439,16.08,1.72,10,0,0,2026-09-08 12:47:12,1
2026-01-23,08326,8326.HK,同景新能源,0.162,0.62,4030950,198774000.0,198774000.0,271255,14.86,2.03,10,0,0,2026-09-08 12:47:12,1
2026-01-23,01460,1460.HK,揚科集團,0.285,5.56,1280120,250113239.0,250113239.0,1816,704.91,0.51,10,0,0,2026-09-08 12:47:12,1
2026-01-23,02372,2372.HK,偉立控股,0.325,14.04,3414500,260000000.0,260000000.0,37170,91.86,1.31,10,0,0,2026-09-08 12:47:12,1
2026-01-23,01182,1182.HK,勝龍國際,0.83,18.57,637130,282876091.0,282876091.0,45972,13.86,0.23,10,0,0,2026-09-08 12:47:12,1
2026-01-23,01332,1332.HK,透雲生物,0.101,-61.15,94912980,283401167.0,283401167.0,1154337,82.22,33.49,10,0,0,2026-09-08 12:47:12,1
2026-01-23,01793,1793.HK,偉工控股,0.365,30.36,2890020,292000000.0,292000000.0,259410,11.14,0.99,10,0,0,2026-09-08 12:47:12,1
2026-01-23,03816,3816.HK,KFM金德,0.51,13.33,590120,306000000.0,306000000.0,36308,16.25,0.19,10,0,0,2026-09-08 12:47:12,1
2026-01-23,00471,471.HK,中播數據,0.68,33.6,6061600,326238252.0,326238252.0,333891,18.15,1.86,10,0,0,2026-09-08 12:47:12,1
2026-01-23,08029,8029.HK,中投金融科技集團,1.3,8.33,14110550,364106107.0,364106107.0,374015,37.73,3.88,10,0,0,2026-09-08 12:47:12,1
2026-01-23,00851,851.HK,盛源控股,0.42,37.7,2199670,370427627.0,370427627.0,42657,51.57,0.59,10,0,0,2026-09-08 12:47:12,1
2026-01-23,01985,1985.HK,美高域,1.31,5.65,1951380,401349940.0,401349940.0,41794,46.69,0.49,10,0,0,2026-09-08 12:47:12,1
2026-01-23,03860,3860.HK,EPS創健科技,0.75,11.94,633700,436822378.0,436822378.0,53990,11.74,0.15,10,0,0,2026-09-08 12:47:12,1
2026-01-23,03348,3348.HK,中國鵬飛集團,1.231,6.95,4059780,615500000.0,615500000.0,88860,45.69,0.66,10,0,0,2026-09-08 12:47:12,1
2026-01-23,00419,419.HK,弘毅文化集團,0.405,5.19,1780770,711647532.0,711647532.0,145044,12.28,0.25,10,0,0,2026-09-08 12:47:12,1
2026-01-23,01483,1483.HK,網譽科技,1.03,1.98,3503100,844033500.0,844033500.0,68650,51.03,0.42,10,0,0,2026-09-08 12:47:12,1
2026-01-26,08076,8076.HK,新利軟件,0.034,-37.04,599040,44786160.0,44786160.0,51965,11.53,1.34,10,0,0,2026-09-08 12:47:13,1
2026-01-26,00145,145.HK,信能低碳,0.255,20.85,11264420,93381463.0,93381463.0,295969,38.06,12.06,10,0,0,2026-09-08 12:47:13,1
2026-01-26,08368,8368.HK,中國創意控股,0.232,0.0,770240,160594511.0,160594511.0,23278,33.09,0.48,10,0,0,2026-09-08 12:47:14,1
2026-01-26,01655,1655.HK,OKURA HOLDINGS,0.233,37.06,4250700,167759902.0,167759902.0,99300,42.81,2.53,10,0,0,2026-09-08 12:47:13,1
2026-01-26,01869,1869.HK,貓屎咖啡控股,0.13,11.11,1110660,219999000.0,219999000.0,49095,22.62,0.5,10,0,0,2026-09-08 12:47:13,1
2026-01-26,01680,1680.HK,澳門勵駿,0.305,-6.15,6203380,283704311.0,283704311.0,89917,68.99,2.19,10,0,0,2026-09-08 12:47:13,1
2026-01-26,01182,1182.HK,勝龍國際,0.95,14.46,1494170,323773839.0,323773839.0,99512,15.01,0.46,10,0,0,2026-09-08 12:47:13,1
2026-01-26,01170,1170.HK,信星集團,0.5,2.04,543300,333499722.0,333499722.0,49238,11.03,0.16,10,0,0,2026-09-08 12:47:13,1
2026-01-26,01429,1429.HK,天任集團,0.212,15.22,22067900,339200000.0,339200000.0,1944100,11.35,6.51,5,1,0,2026-09-08 12:47:13,1
2026-01-26,02501,2501.HK,邁越科技,0.87,0.0,545100,435000000.0,435000000.0,21610,25.22,0.13,10,0,0,2026-09-08 12:47:13,1
2026-01-26,09928,9928.HK,時代鄰里,0.445,-6.32,2609350,438624372.0,438624372.0,172376,15.14,0.59,10,0,0,2026-09-08 12:47:14,1
2026-01-26,03816,3816.HK,KFM金德,0.81,58.82,3559640,486000000.0,486000000.0,87754,40.56,0.73,10,0,0,2026-09-08 12:47:13,1
2026-01-26,01319,1319.HK,靄華押業信貸,0.254,-1.93,727000,488774335.0,488774335.0,47060,15.45,0.15,10,0,0,2026-09-08 12:47:13,1
2026-01-26,09689,9689.HK,金泰豐國際控股,0.53,6.0,806600,591480000.0,591480000.0,37960,21.25,0.14,10,0,0,2026-09-08 12:47:14,1
2026-01-26,00301,301.HK,三和精化,1.33,0.0,2872420,625711454.0,625711454.0,230206,12.48,0.46,10,0,0,2026-09-08 12:47:13,1
2026-01-26,01577,1577.HK,匯鑫小貸,0.943,0.0,2000000,641240000.0,169740000.0,200000,10.0,0.31,10,0,0,2026-09-08 12:47:13,1
2026-01-27,06108,6108.HK,新銳醫藥,0.249,-2.35,1061150,49953550.0,49953550.0,11526,92.07,2.12,10,0,0,2026-09-08 12:47:14,1
2026-01-27,03321,3321.HK,中科集團控股,0.78,41.82,800080,60582288.0,60582288.0,29701,26.94,1.32,10,0,0,2026-09-08 12:47:14,1
2026-01-27,08201,8201.HK,寶聯控股,0.149,86.25,954220,80460000.0,80460000.0,5022,190.01,1.19,10,0,0,2026-09-08 12:47:14,1
2026-01-27,08159,8159.HK,新華聯合投資,0.101,26.25,647940,81284800.0,81284800.0,6822,94.98,0.8,10,0,0,2026-09-08 12:47:14,1
2026-01-27,01069,1069.HK,中國健康科技集團,0.3,-2.28,722350,92631798.0,92631798.0,51817,13.94,0.78,10,0,0,2026-09-08 12:47:14,1
2026-01-27,01552,1552.HK,BHCC HOLDING,0.25,0.0,1665500,200000000.0,200000000.0,155210,10.73,0.83,10,0,0,2026-09-08 12:47:14,1
2026-01-27,01130,1130.HK,中國環境資源,0.53,3.92,4827520,298320648.0,298320648.0,359998,13.41,1.62,10,0,0,2026-09-08 12:47:14,1
2026-01-27,02023,2023.HK,中國綠島科技,0.75,1.35,1179600,368850000.0,368850000.0,5980,197.26,0.32,10,0,0,2026-09-08 12:47:14,1
2026-01-27,02211,2211.HK,大健康國際,5.01,14.38,114175790,553836552.0,553836552.0,11166680,10.22,20.62,10,0,0,2026-09-08 12:47:14,1
2026-01-27,00918,918.HK,龍翼航空科技,0.6,0.0,594250,668441495.0,668441495.0,29866,19.9,0.09,10,0,0,2026-09-08 12:47:14,1
2026-01-27,00627,627.HK,共生智築,0.495,0.0,4106620,703233265.0,703233265.0,36122,113.69,0.58,10,0,0,2026-09-08 12:47:14,1
2026-01-28,01472,1472.HK,生興控股,0.09,26.76,718960,90000000.0,90000000.0,29863,24.08,0.8,10,0,0,2026-09-08 12:47:15,1
2026-01-28,01850,1850.HK,美好生活集團控股,0.7,11.11,1952590,120960000.0,120960000.0,97859,19.95,1.61,10,0,0,2026-09-08 12:47:15,1
2026-01-28,01720,1720.HK,普天通信集團,0.135,8.0,1871600,148500000.0,148500000.0,66790,28.02,1.26,10,0,0,2026-09-08 12:47:15,1
2026-01-28,01572,1572.HK,中國藝術金融,0.09,-9.09,1447070,152145000.0,152145000.0,107004,13.52,0.95,10,0,0,2026-09-08 12:47:15,1
2026-01-28,01000,1000.HK,北青傳媒,0.85,26.87,535080,167713500.0,46665850.0,7168,74.65,0.32,10,0,0,2026-09-08 12:47:15,1
2026-01-28,00637,637.HK,利記,0.232,36.47,10553510,192270000.0,192270000.0,24380,432.88,5.49,10,0,0,2026-09-08 12:47:15,1
2026-01-28,01775,1775.HK,精英匯集團,0.44,17.33,4349450,234525280.0,234525280.0,78534,55.38,1.85,10,0,0,2026-09-08 12:47:15,1
2026-01-28,01945,1945.HK,清科控股,1.78,9.2,1916800,523374112.0,523374112.0,182570,10.5,0.37,10,0,0,2026-09-08 12:47:15,1
2026-01-28,01612,1612.HK,永勝醫療,0.944,13.19,9643200,623133297.0,623133297.0,237666,40.57,1.55,10,0,0,2026-09-08 12:47:15,1
2026-01-28,01183,1183.HK,澳能建設,0.17,12.58,1477620,676722262.0,676722262.0,55442,26.65,0.22,10,0,0,2026-09-08 12:47:15,1
2026-01-28,00627,627.HK,共生智築,0.5,1.01,5929830,710336631.0,710336631.0,446784,13.27,0.83,10,0,0,2026-09-08 12:47:15,1
2026-01-29,08430,8430.HK,春能控股,0.16,23.08,1298050,26693632.0,26693632.0,4466,290.65,4.86,10,0,0,2026-09-08 12:47:17,1
2026-01-29,02608,2608.HK,陽光100中國,0.011,10.0,559590,28058926.0,28058926.0,26166,21.39,1.99,10,0,0,2026-09-08 12:47:16,1
2026-01-29,08219,8219.HK,恆偉集團控股,0.15,25.0,1099770,37125000.0,37125000.0,69893,15.74,2.96,10,0,0,2026-09-08 12:47:17,1
2026-01-29,01107,1107.HK,當代置業,0.016,23.08,2998840,44719914.0,44719914.0,23267,128.89,6.71,10,0,0,2026-09-08 12:47:16,1
2026-01-29,08422,8422.HK,WT集團,0.129,19.44,1239440,46440000.0,46440000.0,27229,45.52,2.67,10,0,0,2026-09-08 12:47:17,1
2026-01-29,08612,8612.HK,維亮控股,0.122,7.96,1679100,50595840.0,50595840.0,89588,18.74,3.32,10,0,0,2026-09-08 12:47:17,1
2026-01-29,08221,8221.HK,高裕金融,1.27,19.81,4116000,60452000.0,60452000.0,40114,102.61,6.81,10,0,0,2026-09-08 12:47:17,1
2026-01-29,08007,8007.HK,環球戰略集團,0.295,5.36,5267750,66763642.0,66763642.0,255900,20.59,7.89,10,0,0,2026-09-08 12:47:16,1
2026-01-29,01421,1421.HK,恆昌集團國際,0.465,1.09,8544580,93090768.0,93090768.0,549402,15.55,9.18,10,0,0,2026-09-08 12:47:16,1
2026-01-29,03830,3830.HK,童園國際,0.1,36.99,782820,100000000.0,100000000.0,9872,79.3,0.78,10,0,0,2026-09-08 12:47:16,1
2026-01-29,09968,9968.HK,匯景控股,0.023,9.52,502020,120842000.0,120842000.0,43845,11.45,0.42,10,0,0,2026-09-08 12:47:17,1
2026-01-29,08093,8093.HK,瓦普思瑞元宇宙,2.58,0.0,2371060,127654272.0,127654272.0,83044,28.55,1.86,10,0,0,2026-09-08 12:47:17,1
2026-01-29,06158,6158.HK,正榮地產,0.033,13.79,572770,144135948.0,144135948.0,43148,13.27,0.4,10,0,0,2026-09-08 12:47:16,1
2026-01-29,01850,1850.HK,美好生活集團控股,0.85,21.43,12954140,146880000.0,146880000.0,290108,44.65,8.82,10,0,0,2026-09-08 12:47:16,1
2026-01-29,01703,1703.HK,誼和股份,1.1,83.33,30828750,151800000.0,151800000.0,46755,659.37,20.31,10,0,0,2026-09-08 12:47:16,1
2026-01-29,01628,1628.HK,禹洲集團,0.114,10.68,999810,169630517.0,169630517.0,81310,12.3,0.59,10,0,0,2026-09-08 12:47:16,1
2026-01-29,08368,8368.HK,中國創意控股,0.355,36.54,19012500,245737290.0,245737290.0,100138,189.86,7.74,10,0,0,2026-09-08 12:47:17,1
2026-01-29,03301,3301.HK,融信中國,0.153,18.6,2433520,257565007.0,257565007.0,115571,21.06,0.94,10,0,0,2026-09-08 12:47:16,1
2026-01-29,01265,1265.HK,天津津燃公用,0.176,-4.35,901760,323718173.0,88010560.0,56039,16.09,0.28,10,0,0,2026-09-08 12:47:16,1
2026-01-29,01708,1708.HK,三寶科技,0.53,10.42,1285490,419791005.0,121635000.0,63748,20.17,0.31,10,0,0,2026-09-08 12:47:16,1
2026-01-29,01073,1073.HK,大禹金融,0.124,16.98,877330,423830831.0,423830831.0,4877,179.89,0.21,10,0,0,2026-09-08 12:47:16,1
2026-01-29,01176,1176.HK,珠光控股,0.048,17.07,1445430,424830372.0,424830372.0,121861,11.86,0.34,10,0,0,2026-09-08 12:47:16,1
2026-01-29,00124,124.HK,粵海置地,0.25,2.04,2725470,427884212.0,427884212.0,224337,12.15,0.64,10,0,0,2026-09-08 12:47:16,1
2026-01-29,03883,3883.HK,中國奧園,0.097,32.88,8678530,456884245.0,456884245.0,202268,42.91,1.9,10,0,0,2026-09-08 12:47:16,1
2026-01-29,02683,2683.HK,華新手袋國際控股,1.22,5.17,1285900,498523720.0,498523720.0,118458,10.86,0.26,10,0,0,2026-09-08 12:47:16,1
2026-01-29,01260,1260.HK,皓天財經集團,0.44,0.0,731970,506639760.0,506639760.0,31178,23.48,0.14,10,0,0,2026-09-08 12:47:16,1
2026-01-29,02671,2671.HK,美聯股份,4.576,0.0,6801190,551636823.0,551636823.0,536589,12.67,1.23,10,0,0,2026-09-08 12:47:16,1
2026-01-29,01909,1909.HK,火岩控股,2.5,24.38,4530980,607052602.0,607052602.0,208437,21.74,0.75,10,0,0,2026-09-08 12:47:16,1
2026-01-29,09689,9689.HK,金泰豐國際控股,0.55,7.84,24273600,613800000.0,613800000.0,134400,180.61,3.95,10,0,0,2026-09-08 12:47:17,1
2026-01-29,00519,519.HK,諾科達科技,0.216,1.89,2331020,659902840.0,659902840.0,112861,20.65,0.35,10,0,0,2026-09-08 12:47:16,1
2026-01-29,00337,337.HK,綠地香港,0.244,16.19,4154000,681219863.0,681219863.0,267128,15.55,0.61,10,0,0,2026-09-08 12:47:16,1
2026-01-29,00606,606.HK,中駿商管,0.36,28.57,2533520,696600000.0,696600000.0,57237,44.26,0.36,10,0,0,2026-09-08 12:47:16,1
2026-01-29,01085,1085.HK,亨鑫科技,1.54,-1.28,3816920,717024000.0,717024000.0,111948,34.1,0.53,10,0,0,2026-09-08 12:47:16,1
2026-01-29,00210,210.HK,達芙妮國際,0.385,0.0,2005130,761760395.0,761760395.0,190335,10.53,0.26,10,0,0,2026-09-08 12:47:16,1
2026-01-29,02138,2138.HK,醫思健康,0.66,8.2,3408980,782239435.0,782239435.0,217432,15.68,0.44,10,0,0,2026-09-08 12:47:16,1
2026-01-29,01813,1813.HK,合景泰富集團,0.265,40.96,5050220,906004245.0,906004245.0,324519,15.56,0.56,10,0,0,2026-09-08 12:47:16,1
2026-01-30,08018,8018.HK,匯財金融投資,0.049,40.0,4752040,24707414.0,24707414.0,38916,122.11,19.23,10,0,0,2026-09-08 12:47:17,1
2026-01-30,08191,8191.HK,鴻偉亞洲,0.136,0.74,4133590,48149499.0,48149499.0,57648,71.7,8.58,10,0,0,2026-09-08 12:47:18,1
2026-01-30,00602,602.HK,佳華百貨控股,0.056,12.0,509580,58100000.0,58100000.0,8912,57.18,0.88,10,0,0,2026-09-08 12:47:17,1
2026-01-30,03830,3830.HK,童園國際,0.106,6.0,982350,106000000.0,106000000.0,87898,11.18,0.93,10,0,0,2026-09-08 12:47:17,1
2026-01-30,01025,1025.HK,嘉藝控股,0.27,5.88,2308970,120789209.0,120789209.0,216300,10.67,1.91,10,0,0,2026-09-08 12:47:17,1
2026-01-30,08125,8125.HK,榮記萬通,0.8,0.0,6067680,173386138.0,173386138.0,153516,39.52,3.5,10,0,0,2026-09-08 12:47:18,1
2026-01-30,06812,6812.HK,永順控股香港,0.305,29.79,539020,183000000.0,183000000.0,28096,19.18,0.29,10,0,0,2026-09-08 12:47:17,1
2026-01-30,01746,1746.HK,萬順集團控股,0.44,57.14,18643120,440000000.0,440000000.0,241513,77.19,4.24,9,1,0,2026-09-08 12:47:17,1
2026-01-30,02415,2415.HK,梅斯健康,1.35,2.27,9336610,819680782.0,819680782.0,125178,74.59,1.14,10,0,0,2026-09-08 12:47:17,1
2026-02-02,08103,8103.HK,HMVOD視頻,0.159,11.19,750170,20582216.0,20582216.0,11794,63.61,3.64,10,0,0,2026-09-08 12:47:19,1
2026-02-02,08160,8160.HK,GOLDWAY EDU,0.415,25.76,1537170,89138655.0,89138655.0,11538,133.23,1.72,10,0,0,2026-09-08 12:47:19,1
2026-02-02,00310,310.HK,嘉進投資國際,0.156,-9.3,1049510,96896595.0,96896595.0,2406,436.21,1.08,10,0,0,2026-09-08 12:47:18,1
2026-02-02,01389,1389.HK,美捷匯控股,0.27,-1.82,614030,149670000.0,149670000.0,27412,22.4,0.41,10,0,0,2026-09-08 12:47:18,1
2026-02-02,03830,3830.HK,童園國際,0.154,45.28,1924660,154000000.0,154000000.0,184781,10.42,1.25,10,0,0,2026-09-08 12:47:18,1
2026-02-02,00399,399.HK,星太鏈集團,0.065,-23.53,3122320,213012015.0,213012015.0,287345,10.87,1.47,10,0,0,2026-09-08 12:47:18,1
2026-02-02,01292,1292.HK,長安民生物流,3.505,-4.88,908650,708234320.0,455106024.0,52871,17.19,0.13,10,0,0,2026-09-08 12:47:18,1
2026-02-03,08103,8103.HK,HMVOD視頻,0.165,3.77,916110,21358903.0,21358903.0,86526,10.59,4.29,10,0,0,2026-09-08 12:47:20,1
2026-02-03,08245,8245.HK,烽翼集團,0.103,25.61,4524870,25562671.0,29822751.0,14952,302.63,15.17,10,0,0,2026-09-08 12:47:20,1
2026-02-03,08420,8420.HK,NEXION TECH,0.039,44.44,1105400,34622640.0,34622640.0,7130,155.04,3.19,10,0,0,2026-09-08 12:47:20,1
2026-02-03,08052,8052.HK,陸慶娛樂,0.065,44.44,1598776,35636640.0,35636640.0,27961,57.18,4.49,10,0,0,2026-09-08 12:47:20,1
2026-02-03,08092,8092.HK,ITE HOLDINGS,0.045,55.17,6475510,41647860.0,41647860.0,4785,1353.29,15.55,10,0,0,2026-09-08 12:47:20,1
2026-02-03,08290,8290.HK,亞勢備份,0.024,4.35,937600,48000000.0,48000000.0,5070,184.93,1.95,10,0,0,2026-09-08 12:47:20,1
2026-02-03,02370,2370.HK,力高健康生活,0.56,9.8,2774700,112000000.0,112000000.0,40730,68.12,2.48,10,0,0,2026-09-08 12:47:19,1
2026-02-03,01163,1163.HK,虎視傳媒,0.157,-7.1,3550900,140734800.0,140734800.0,6900,514.62,2.52,10,0,0,2026-09-08 12:47:19,1
2026-02-03,00243,243.HK,品質國際,0.425,14.86,781960,147258476.0,147258476.0,36761,21.27,0.53,10,0,0,2026-09-08 12:47:19,1
2026-02-03,06128,6128.HK,烯石電車新材料,0.236,-3.67,17817310,222149947.0,222149947.0,891931,19.98,8.02,10,0,0,2026-09-08 12:47:19,1
2026-02-03,00865,865.HK,建德國際控股,0.039,8.33,588140,227681598.0,227681598.0,12938,45.46,0.26,10,0,0,2026-09-08 12:47:19,1
2026-02-03,00146,146.HK,太平地氈,1.9,2.15,630850,403156227.0,403156227.0,26598,23.72,0.16,10,0,0,2026-09-08 12:47:19,1
2026-02-03,09689,9689.HK,金泰豐國際控股,0.6,11.11,34244800,669600000.0,669600000.0,2635310,12.99,5.11,10,0,0,2026-09-08 12:47:20,1
2026-02-03,08321,8321.HK,泰錦控股,1.32,13.79,1761210,708048000.0,708048000.0,38410,45.85,0.25,10,0,0,2026-09-08 12:47:20,1
2026-02-04,00079,79.HK,世紀建業,0.125,31.58,858650,40759678.0,40759678.0,4120,208.41,2.11,10,0,0,2026-09-08 12:47:20,1
2026-02-04,08309,8309.HK,萬成環球控股,0.071,9.23,1517130,42600000.0,42600000.0,34285,44.25,3.56,10,0,0,2026-09-08 12:47:21,1
2026-02-04,08621,8621.HK,METROPOLIS CAP,0.048,17.07,3933200,46080000.0,46080000.0,11020,356.91,8.54,10,0,0,2026-09-08 12:47:21,1
2026-02-04,02433,2433.HK,中天湖南集團,0.081,9.46,1492400,46656000.0,46656000.0,114160,13.07,3.2,10,0,0,2026-09-08 12:47:20,1
2026-02-04,08290,8290.HK,亞勢備份,0.032,33.33,3040300,64000000.0,64000000.0,98370,30.91,4.75,10,0,0,2026-09-08 12:47:21,1
2026-02-04,01102,1102.HK,環能國際,0.043,-17.31,5613010,120373587.0,120373587.0,243582,23.04,4.66,10,0,0,2026-09-08 12:47:20,1
2026-02-04,08160,8160.HK,GOLDWAY EDU,0.6,1.69,2979600,128875164.0,128875164.0,255516,11.66,2.31,10,0,0,2026-09-08 12:47:21,1
2026-02-04,02168,2168.HK,佳兆業美好,1.12,8.74,2538240,172603200.0,172603200.0,178118,14.25,1.47,10,0,0,2026-09-08 12:47:20,1
2026-02-04,01592,1592.HK,基石控股,0.12,1.69,1614370,173733169.0,173733169.0,81268,19.86,0.93,10,0,0,2026-09-08 12:47:20,1
2026-02-04,01738,1738.HK,飛尚無煙煤,0.126,20.0,1254140,173948771.0,173948771.0,36352,34.5,0.72,10,0,0,2026-09-08 12:47:20,1
2026-02-04,00731,731.HK,建發新勝,0.137,-23.89,1408780,193800314.0,193800314.0,90254,15.61,0.73,10,0,0,2026-09-08 12:47:20,1
2026-02-04,01379,1379.HK,溫嶺工量刃具,3.264,0.31,2223760,261120000.0,65280000.0,1187,1873.43,0.85,10,0,0,2026-09-08 12:47:20,1
2026-02-04,01613,1613.HK,協同通信,0.194,7.78,1094890,297957711.0,297957711.0,45882,23.86,0.37,10,0,0,2026-09-08 12:47:20,1
2026-02-04,01780,1780.HK,榮尊國際控股,0.61,-3.17,2051180,378200000.0,378200000.0,162867,12.59,0.54,10,0,0,2026-09-08 12:47:20,1
2026-02-04,00679,679.HK,亞洲聯網科技,1.48,46.53,7113430,560525432.0,560525432.0,159079,44.72,1.27,10,0,0,2026-09-08 12:47:20,1
2026-02-04,01251,1251.HK,華油能源,0.33,34.69,6479690,644867520.0,644867520.0,585138,11.07,1.0,10,0,0,2026-09-08 12:47:20,1
2026-02-04,02573,2573.HK,新琪安,7.18,-7.47,749200,690940260.0,690940260.0,74890,10.0,0.11,10,0,0,2026-09-08 12:47:20,1
2026-02-04,06989,6989.HK,卓越商企服務,0.78,-3.7,5943050,951871440.0,951871440.0,560712,10.6,0.62,10,0,0,2026-09-08 12:47:21,1
2026-02-05,08448,8448.HK,環球印館,0.6,37.93,963980,59880000.0,59880000.0,36592,26.34,1.61,10,0,0,2026-09-08 12:47:22,1
2026-02-05,02358,2358.HK,久融控股,0.016,45.45,14404180,87552000.0,87552000.0,212178,67.89,16.45,10,0,0,2026-09-08 12:47:21,1
2026-02-05,01107,1107.HK,當代置業,0.033,83.33,14134829,92234823.0,92234823.0,713377,19.81,15.32,10,0,0,2026-09-08 12:47:21,1
2026-02-05,01850,1850.HK,美好生活集團控股,0.79,5.33,70700700,136512000.0,136512000.0,2271177,31.13,51.79,10,0,0,2026-09-08 12:47:21,1
2026-02-05,01408,1408.HK,濠江機電,0.328,32.26,7361600,164000000.0,164000000.0,118278,62.24,4.49,10,0,0,2026-09-08 12:47:21,1
2026-02-05,01987,1987.HK,BENG SOON MACH,0.24,17.07,820880,240000000.0,240000000.0,49194,16.69,0.34,10,0,0,2026-09-08 12:47:21,1
2026-02-05,09600,9600.HK,新紐科技,0.255,26.24,4479370,254455442.0,254455442.0,52698,85.0,1.76,10,0,0,2026-09-08 12:47:22,1
2026-02-05,00573,573.HK,稻香控股,0.31,6.9,708580,314447880.0,314447880.0,55203,12.84,0.23,10,0,0,2026-09-08 12:47:21,1
2026-02-05,00757,757.HK,陽光能源,0.096,15.66,2729460,319082029.0,319082029.0,236722,11.53,0.86,10,0,0,2026-09-08 12:47:21,1
2026-02-05,00296,296.HK,英皇娛樂酒店,0.27,9.76,942990,320892565.0,320892565.0,46499,20.28,0.29,10,0,0,2026-09-08 12:47:21,1
2026-02-05,02116,2116.HK,江蘇創新,0.68,17.24,3468160,326400000.0,326400000.0,242394,14.31,1.06,10,0,0,2026-09-08 12:47:21,1
2026-02-05,06038,6038.HK,信越控股,0.36,10.77,6049300,361080000.0,361080000.0,122265,49.48,1.68,10,0,0,2026-09-08 12:47:22,1
2026-02-05,01596,1596.HK,翼辰實業,0.577,-13.49,15591960,518053680.0,129513420.0,38040,409.88,3.01,10,0,0,2026-09-08 12:47:21,1
2026-02-05,01808,1808.HK,企展控股,2.55,-3.41,1113900,624464872.0,624464872.0,89725,12.41,0.18,10,0,0,2026-09-08 12:47:21,1
2026-02-06,01063,1063.HK,新確科技(新),0.102,5.15,1023200,31386146.0,31386146.0,18083,56.58,3.26,10,0,0,2026-09-08 12:47:22,1
2026-02-06,08193,8193.HK,亞太金融投資,0.46,16.46,2501760,128713678.0,128713678.0,246329,10.16,1.94,10,0,0,2026-09-08 12:47:23,1
2026-02-06,00332,332.HK,元亨燃氣,0.46,27.78,2413620,150549286.0,150549286.0,30041,80.34,1.6,10,0,0,2026-09-08 12:47:22,1
2026-02-06,01720,1720.HK,普天通信集團,0.217,32.32,6436700,238700000.0,238700000.0,349310,18.43,2.7,10,0,0,2026-09-08 12:47:22,1
2026-02-06,01575,1575.HK,皇庭智家,0.062,24.0,1268300,239320000.0,239320000.0,8848,143.34,0.53,10,0,0,2026-09-08 12:47:22,1
2026-02-06,01792,1792.HK,CMON,0.985,10.06,28998810,243964800.0,243964800.0,66400,436.73,11.89,10,0,0,2026-09-08 12:47:22,1
2026-02-06,01617,1617.HK,南方通信,0.3,61.29,41384230,487872000.0,487872000.0,2565363,16.13,8.48,10,0,0,2026-09-08 12:47:22,1
2026-02-06,06063,6063.HK,智中國際,0.335,37.86,2600590,670000000.0,670000000.0,96405,26.98,0.39,10,0,0,2026-09-08 12:47:23,1
2026-02-06,01731,1731.HK,其利工業集團,0.645,-1.53,1002840,722400000.0,722400000.0,80940,12.39,0.14,10,0,0,2026-09-08 12:47:22,1
2026-02-06,00698,698.HK,通達集團,3.89,6.28,4089940,757430271.0,757430271.0,359571,11.37,0.54,10,0,0,2026-09-08 12:47:22,1
2026-02-06,01943,1943.HK,金石控股集團,0.8,42.86,22414900,938736000.0,938736000.0,1108760,20.22,2.39,10,0,0,2026-09-08 12:47:22,1
2026-02-09,08367,8367.HK,倩碧控股,0.38,2.7,2226650,36726994.0,36726994.0,33529,66.41,6.06,10,0,0,2026-09-08 12:47:24,1
2026-02-09,01166,1166.HK,星凱控股,0.71,-7.79,10738600,101151298.0,101151298.0,744773,14.42,10.62,10,0,0,2026-09-08 12:47:23,1
2026-02-09,00094,94.HK,綠心集團,0.082,-1.2,581680,228163900.0,228163900.0,41604,13.98,0.25,10,0,0,2026-09-08 12:47:23,1
2026-02-09,02545,2545.HK,中贛通信,0.45,12.5,1374400,288000000.0,288000000.0,115920,11.86,0.48,10,0,0,2026-09-08 12:47:23,1
2026-02-09,00822,822.HK,嘉瑞國際,0.325,-9.72,549950,290472455.0,290472455.0,34015,16.17,0.19,10,0,0,2026-09-08 12:47:23,1
2026-02-09,01720,1720.HK,普天通信集團,0.275,26.73,19278500,302500000.0,302500000.0,992980,19.41,6.37,10,0,0,2026-09-08 12:47:23,1
2026-02-09,08395,8395.HK,中顯智能齊家控股,0.191,2.14,1284480,327374000.0,327374000.0,50000,25.69,0.39,10,0,0,2026-09-08 12:47:24,1
2026-02-09,01936,1936.HK,利特米,0.72,1.41,907200,336068640.0,336068640.0,23570,38.49,0.27,10,0,0,2026-09-08 12:47:23,1
2026-02-09,01260,1260.HK,皓天財經集團,0.51,10.87,2878830,587241540.0,587241540.0,180432,15.96,0.49,10,0,0,2026-09-08 12:47:23,1
2026-02-09,01617,1617.HK,南方通信,0.45,50.0,81348740,731808000.0,731808000.0,6680227,12.18,11.12,10,0,0,2026-09-08 12:47:23,1
2026-02-10,08431,8431.HK,浩柏國際,0.31,3.33,3906130,73334716.0,73334716.0,113299,34.48,5.33,10,0,0,2026-09-08 12:47:25,1
2026-02-10,08448,8448.HK,環球印館,0.86,75.51,5906550,85828000.0,85828000.0,142836,41.35,6.88,10,0,0,2026-09-08 12:47:25,1
2026-02-10,08489,8489.HK,裕程物流,0.465,22.37,1807900,143022375.0,143022375.0,156000,11.59,1.26,10,0,0,2026-09-08 12:47:25,1
2026-02-10,01718,1718.HK,宏基集團控股,0.485,36.62,4099340,147498200.0,147498200.0,404502,10.13,2.78,10,0,0,2026-09-08 12:47:24,1
2026-02-10,06080,6080.HK,榮智控股,0.132,41.94,2566200,147886200.0,147886200.0,45800,56.03,1.74,10,0,0,2026-09-08 12:47:25,1
2026-02-10,01281,1281.HK,鑫達投資控股,0.1,-6.54,1869570,148460400.0,148460400.0,4623,404.41,1.26,10,0,0,2026-09-08 12:47:24,1
2026-02-10,01620,1620.HK,富盈環球集團,0.131,37.89,785030,157200000.0,157200000.0,33494,23.44,0.5,10,0,0,2026-09-08 12:47:24,1
2026-02-10,01621,1621.HK,域高國際控股,0.161,26.77,1254480,161000000.0,161000000.0,35499,35.34,0.78,10,0,0,2026-09-08 12:47:24,1
2026-02-10,00605,605.HK,中國金融投資管理,0.81,-1.22,500040,169419654.0,169419654.0,41108,12.16,0.3,10,0,0,2026-09-08 12:47:24,1
2026-02-10,01613,1613.HK,協同通信,0.187,-2.6,2527960,287206660.0,287206660.0,136187,18.56,0.88,10,0,0,2026-09-08 12:47:24,1
2026-02-10,00202,202.HK,潤中國際控股,0.115,15.0,1549790,838852477.0,838852477.0,25339,61.16,0.18,10,0,0,2026-09-08 12:47:24,1
2026-02-10,06063,6063.HK,智中國際,0.465,29.17,8458220,930000000.0,930000000.0,648470,13.04,0.91,10,0,0,2026-09-08 12:47:25,1
2026-02-11,01010,1010.HK,天璽曜11,0.094,0.0,888700,41763652.0,41763652.0,30110,29.52,2.13,10,0,0,2026-09-08 12:47:25,1
2026-02-11,00907,907.HK,高雅光學,0.075,33.93,4215770,65464776.0,65464776.0,33398,126.23,6.44,10,0,0,2026-09-08 12:47:25,1
2026-02-11,08613,8613.HK,東方支付集團控股,0.034,-30.61,1205500,65542367.0,65542367.0,4680,257.59,1.84,10,0,0,2026-09-08 12:47:26,1
2026-02-11,08431,8431.HK,浩柏國際,0.36,16.13,8380790,85162896.0,85162896.0,490392,17.09,9.84,10,0,0,2026-09-08 12:47:26,1
2026-02-11,02310,2310.HK,時代環球集團,0.078,69.57,646940,85244421.0,85244421.0,31170,20.76,0.76,10,0,0,2026-09-08 12:47:26,1
2026-02-11,00396,396.HK,興利(香港)控股,0.128,42.22,671110,103436291.0,103436291.0,7227,92.86,0.65,10,0,0,2026-09-08 12:47:25,1
2026-02-11,00500,500.HK,先豐服務集團,0.064,-9.86,630000,153816696.0,153816696.0,45204,13.94,0.41,10,0,0,2026-09-08 12:47:25,1
2026-02-11,00831,831.HK,利亞零售,0.31,6.9,2061650,242462462.0,242462462.0,183501,11.24,0.85,10,0,0,2026-09-08 12:47:25,1
2026-02-11,00620,620.HK,大唐西市,0.37,-11.9,2341180,296379335.0,296379335.0,138033,16.96,0.79,10,0,0,2026-09-08 12:47:25,1
2026-02-11,02297,2297.HK,潤邁德-B,0.285,7.55,2559500,399387258.0,399387258.0,197320,12.97,0.64,10,0,0,2026-09-08 12:47:26,1
2026-02-11,01370,1370.HK,奧威控股,0.248,0.0,1026700,405561813.0,405561813.0,10280,99.87,0.25,10,0,0,2026-09-08 12:47:25,1
2026-02-11,01538,1538.HK,中奧到家,0.495,2.06,627920,423002250.0,423002250.0,53036,11.84,0.15,10,0,0,2026-09-08 12:47:25,1
2026-02-11,00097,97.HK,恆基發展,0.198,11.24,1070640,603370824.0,603370824.0,67196,15.93,0.18,10,0,0,2026-09-08 12:47:25,1
2026-02-12,00899,899.HK,中加國信,0.221,10.5,939270,98380141.0,98380141.0,66312,14.16,0.95,10,0,0,2026-09-08 12:47:26,1
2026-02-12,01452,1452.HK,迪諾斯環保,0.139,-24.46,702400,107126983.0,107126983.0,26990,26.02,0.66,10,0,0,2026-09-08 12:47:26,1
2026-02-12,08143,8143.HK,金威醫療,0.103,-23.13,565340,139334277.0,139334277.0,38065,14.85,0.41,10,0,0,2026-09-08 12:47:27,1
2026-02-12,08283,8283.HK,中食民安,0.485,-1.02,885600,167616000.0,167616000.0,11554,76.65,0.53,10,0,0,2026-09-08 12:47:27,1
2026-02-12,01955,1955.HK,莊臣控股,0.49,6.52,1829070,245000000.0,245000000.0,13599,134.5,0.75,10,0,0,2026-09-08 12:47:27,1
2026-02-12,01636,1636.HK,中國金屬利用,0.59,11.32,1561920,264411878.0,264411878.0,59716,26.16,0.59,10,0,0,2026-09-08 12:47:26,1
2026-02-12,01447,1447.HK,新福港,0.69,53.33,1648780,276000000.0,276000000.0,4300,383.44,0.6,10,0,0,2026-09-08 12:47:26,1
2026-02-12,00042,42.HK,東北電氣,0.325,12.07,2080400,283845250.0,83833750.0,37890,54.91,0.73,10,0,0,2026-09-08 12:47:26,1
2026-02-12,02515,2515.HK,天津建發,0.97,21.25,2505600,301420467.0,301420467.0,160490,15.61,0.83,10,0,0,2026-09-08 12:47:27,1
2026-02-12,01226,1226.HK,中國投融資,0.83,3.75,820500,342455178.0,342455178.0,65924,12.45,0.24,10,0,0,2026-09-08 12:47:26,1
2026-02-12,00851,851.HK,盛源控股,0.39,-2.5,3811050,343968511.0,343968511.0,32265,118.12,1.11,10,0,0,2026-09-08 12:47:26,1
2026-02-12,01543,1543.HK,中盈盛達融資擔保,0.245,-0.41,741080,382394208.0,135819017.0,72697,10.19,0.19,10,0,0,2026-09-08 12:47:26,1
2026-02-12,01985,1985.HK,美高域,1.45,0.0,10708700,444242300.0,444242300.0,133882,79.99,2.41,10,0,0,2026-09-08 12:47:27,1
2026-02-12,03913,3913.HK,合景悠活,0.226,1.35,1074210,457844115.0,457844115.0,84529,12.71,0.23,10,0,0,2026-09-08 12:47:27,1
2026-02-12,00776,776.HK,帝國科技集團,0.77,5.48,4762590,517314914.0,517314914.0,458480,10.39,0.92,10,0,0,2026-09-08 12:47:26,1
2026-02-12,01685,1685.HK,博耳電力,0.68,122.95,33273420,526162920.0,526162920.0,68209,487.82,6.32,10,0,0,2026-09-08 12:47:26,1
2026-02-12,01823,1823.HK,華昱高速,1.55,42.2,6174080,730217400.0,730217400.0,581568,10.62,0.85,10,0,0,2026-09-08 12:47:26,1
2026-02-12,00351,351.HK,亞洲能源物流,0.37,29.82,2482250,738140840.0,738140840.0,39148,63.41,0.34,10,0,0,2026-09-08 12:47:26,1
2026-02-13,08179,8179.HK,百利達集團控股,0.013,0.0,1381600,24801378.0,24801378.0,94454,14.63,5.57,10,0,0,2026-09-08 12:47:28,1
2026-02-13,02608,2608.HK,陽光100中國,0.012,0.0,690650,30609738.0,30609738.0,35732,19.33,2.26,10,0,0,2026-09-08 12:47:28,1
2026-02-13,00810,810.HK,中國鑄晨81,0.115,4.55,913280,81966383.0,81966383.0,44867,20.36,1.11,10,0,0,2026-09-08 12:47:27,1
2026-02-13,01146,1146.HK,匯成國際控股,0.028,-20.0,1497930,99272600.0,99272600.0,63945,23.43,1.51,10,0,0,2026-09-08 12:47:27,1
2026-02-13,01470,1470.HK,富一國際控股,0.156,11.43,627300,124800000.0,124800000.0,19700,31.84,0.5,10,0,0,2026-09-08 12:47:27,1
2026-02-13,01715,1715.HK,智慧健康科技,0.45,0.0,7545200,162341946.0,162341946.0,57247,131.8,4.65,10,0,0,2026-09-08 12:47:27,1
2026-02-13,00396,396.HK,興利(香港)控股,0.204,23.64,2329440,164851589.0,164851589.0,100220,23.24,1.41,10,0,0,2026-09-08 12:47:27,1
2026-02-13,08125,8125.HK,榮記萬通,0.78,-2.5,11189460,169051484.0,169051484.0,702549,15.93,6.62,10,0,0,2026-09-08 12:47:28,1
2026-02-13,08646,8646.HK,中國宏光,0.218,6.34,1104200,170691820.0,170691820.0,57870,19.08,0.65,10,0,0,2026-09-08 12:47:28,1
2026-02-13,00399,399.HK,星太鏈集團,0.076,38.18,10702780,249060203.0,249060203.0,866900,12.35,4.3,10,0,0,2026-09-08 12:47:27,1
2026-02-13,01636,1636.HK,中國金屬利用,0.62,5.08,2063920,277856550.0,277856550.0,200412,10.3,0.74,10,0,0,2026-09-08 12:47:27,1
2026-02-13,02497,2497.HK,富景中國控股,0.56,0.0,506400,280000000.0,280000000.0,44090,11.49,0.18,10,0,0,2026-09-08 12:47:28,1
2026-02-13,00591,591.HK,中國高精密,0.27,-25.0,10677240,280125000.0,280125000.0,398260,26.81,3.81,10,0,0,2026-09-08 12:47:27,1
2026-02-13,03913,3913.HK,合景悠活,0.216,-4.42,5632360,437585526.0,437585526.0,159463,35.32,1.29,10,0,0,2026-09-08 12:47:28,1
2026-02-13,01900,1900.HK,中國智能交通,0.325,14.04,910460,559060405.0,559060405.0,57583,15.81,0.16,10,0,0,2026-09-08 12:47:27,1
2026-02-13,00432,432.HK,盈大地產,0.285,39.02,5618990,580897472.0,580897472.0,101981,55.1,0.97,10,0,0,2026-09-08 12:47:27,1
2026-02-13,02405,2405.HK,力盟科技,1.02,6.25,1382300,816000000.0,816000000.0,72890,18.96,0.17,10,0,0,2026-09-08 12:47:28,1
2026-02-16,00145,145.HK,信能低碳,0.222,-2.63,8686460,81296803.0,81296803.0,285939,30.38,10.68,10,0,0,2026-09-08 12:47:28,1
2026-02-16,08620,8620.HK,亞洲速運,0.149,55.21,8224600,93677045.0,93677045.0,27690,297.02,8.78,10,0,0,2026-09-08 12:47:29,1
2026-02-16,01941,1941.HK,燁星集團,0.24,0.84,697900,97274400.0,97274400.0,20330,34.33,0.72,10,0,0,2026-09-08 12:47:29,1
2026-02-16,01129,1129.HK,中國水業集團,0.45,50.0,1573810,284487268.0,284487268.0,63057,24.96,0.55,10,0,0,2026-09-08 12:47:28,1
2026-02-16,00648,648.HK,京玖康療,3.7,-1.07,2988210,396332652.0,396332652.0,69769,42.83,0.75,10,0,0,2026-09-08 12:47:28,1
2026-02-16,01334,1334.HK,瑞昌國際控股,1.0,2.04,677550,500000000.0,500000000.0,7533,89.94,0.14,10,0,0,2026-09-08 12:47:28,1
2026-02-16,01945,1945.HK,清科控股,1.87,13.33,2863900,549836848.0,549836848.0,218360,13.12,0.52,10,0,0,2026-09-08 12:47:29,1
2026-02-16,01692,1692.HK,登輝控股,1.695,-0.59,2166480,608505000.0,608505000.0,7204,300.73,0.36,10,0,0,2026-09-08 12:47:29,1
2026-02-16,01319,1319.HK,靄華押業信貸,0.324,22.73,3314490,623475924.0,623475924.0,34008,97.46,0.53,10,0,0,2026-09-08 12:47:28,1
2026-02-16,00554,554.HK,漢思集團控股,0.227,3.18,3308280,995924609.0,995924609.0,44600,74.18,0.33,10,0,0,2026-09-08 12:47:28,1
2026-02-20,08178,8178.HK,中國信息科技,0.28,24.44,1859650,48190004.0,48190004.0,30262,61.45,3.86,10,0,0,2026-09-08 12:47:30,1
2026-02-20,00188,188.HK,新華匯富金融,0.27,16.88,1396570,206437978.0,206437978.0,28186,49.55,0.68,10,0,0,2026-09-08 12:47:29,1
2026-02-20,00567,567.HK,金安智能,0.173,66.35,5819030,279098750.0,279098750.0,33106,175.77,2.08,10,0,0,2026-09-08 12:47:29,1
2026-02-20,00648,648.HK,京玖康療,4.72,27.57,3784440,505591924.0,505591924.0,354170,10.69,0.75,10,0,0,2026-09-08 12:47:29,1
2026-02-20,00399,399.HK,星太鏈集團,0.3,122.22,67778070,983132378.0,983132378.0,2759195,24.56,6.89,10,0,0,2026-09-08 12:47:29,1
2026-02-23,08178,8178.HK,中國信息科技,0.373,33.21,16038150,64195970.0,64195970.0,214480,74.78,24.98,10,0,0,2026-09-08 12:47:31,1
2026-02-23,08072,8072.HK,蘭谷股份,0.51,12.09,753040,85858058.0,85858058.0,55528,13.56,0.88,10,0,0,2026-09-08 12:47:31,1
2026-02-23,01707,1707.HK,致浩達控股,0.062,44.19,663352,104160000.0,104160000.0,31754,20.89,0.64,10,0,0,2026-09-08 12:47:31,1
2026-02-23,02193,2193.HK,萬景控股,0.31,21.57,548760,130074140.0,130074140.0,8314,66.0,0.42,10,0,0,2026-09-08 12:47:31,1
2026-02-23,00397,397.HK,嬴集團,0.049,13.95,1093320,167719116.0,167719116.0,48008,22.77,0.65,10,0,0,2026-09-08 12:47:30,1
2026-02-23,01750,1750.HK,全達電器集團控股,0.097,12.79,874600,174600000.0,174600000.0,83870,10.43,0.5,10,0,0,2026-09-08 12:47:31,1
2026-02-23,01239,1239.HK,TEAMWAY INTL GP,0.45,-16.67,1976000,195308067.0,195308067.0,26804,73.72,1.01,10,0,0,2026-09-08 12:47:31,1
2026-02-23,02459,2459.HK,升能集團,1.28,26.73,34708010,248064000.0,248064000.0,261297,132.83,13.99,10,0,0,2026-09-08 12:47:31,1
2026-02-23,08229,8229.HK,未來數據集團,0.63,-5.97,541950,349952400.0,349952400.0,37640,14.4,0.15,10,0,0,2026-09-08 12:47:31,1
2026-02-23,00827,827.HK,玖源集團,0.062,82.35,13100910,435738641.0,435738641.0,24960,524.88,3.01,10,0,0,2026-09-08 12:47:30,1
2026-02-23,02501,2501.HK,邁越科技,1.15,21.05,1404000,575000000.0,575000000.0,49460,28.39,0.24,10,0,0,2026-09-08 12:47:31,1
2026-02-23,00508,508.HK,鼎億集團投資,0.67,-1.47,4810400,580167876.0,580167876.0,264075,18.22,0.83,10,0,0,2026-09-08 12:47:30,1
2026-02-23,01116,1116.HK,慧源同創科技,0.27,-10.0,825450,582660000.0,582660000.0,21394,38.58,0.14,10,0,0,2026-09-08 12:47:30,1
2026-02-23,01900,1900.HK,中國智能交通,0.345,9.52,2573900,593464122.0,593464122.0,159187,16.17,0.43,10,0,0,2026-09-08 12:47:31,1
2026-02-23,00040,40.HK,金山科技工業,0.69,-8.0,587230,622716796.0,622716796.0,21051,27.9,0.09,10,0,0,2026-09-08 12:47:30,1
2026-02-23,00201,201.HK,華大酒店,0.07,-1.41,582780,626293593.0,626293593.0,35302,16.51,0.09,10,0,0,2026-09-08 12:47:30,1
2026-02-23,00648,648.HK,京玖康療,6.2,31.36,14187370,664124985.0,664124985.0,721390,19.67,2.14,10,0,0,2026-09-08 12:47:30,1
2026-02-23,00526,526.HK,利時集團控股,0.092,2.22,967720,813649876.0,813649876.0,51974,18.62,0.12,10,0,0,2026-09-08 12:47:30,1
2026-02-24,08153,8153.HK,嘉鼎國際集團,0.88,14.29,3216440,36603754.0,36603754.0,31888,100.87,8.79,10,0,0,2026-09-08 12:47:32,1
2026-02-24,00559,559.HK,德泰新能源集團,0.104,-2.8,1183848,54411177.0,54411177.0,6423,184.31,2.18,10,0,0,2026-09-08 12:47:31,1
2026-02-24,01421,1421.HK,恆昌集團國際,0.38,0.0,3012700,76074176.0,76074176.0,51706,58.27,3.96,10,0,0,2026-09-08 12:47:32,1
2026-02-24,08143,8143.HK,金威醫療,0.11,-1.79,2116290,148803597.0,148803597.0,136432,15.51,1.42,10,0,0,2026-09-08 12:47:32,1
2026-02-24,01682,1682.HK,杭品生活科技,0.104,-1.89,736160,163472816.0,163472816.0,46690,15.77,0.45,10,0,0,2026-09-08 12:47:32,1
2026-02-24,00947,947.HK,摩比發展,0.265,41.71,7354460,211163950.0,211163950.0,146893,50.07,3.48,10,0,0,2026-09-08 12:47:31,1
2026-02-24,01094,1094.HK,承輝國際,0.305,10.91,505580,216859640.0,216859640.0,23591,21.43,0.23,10,0,0,2026-09-08 12:47:32,1
2026-02-24,00356,356.HK,鼎立資本,1.139,11.67,1480500,229393081.0,229393081.0,127653,11.6,0.65,10,0,0,2026-09-08 12:47:31,1
2026-02-24,00223,223.HK,易生活控股,0.165,26.92,2552270,268903264.0,268903264.0,56706,45.01,0.95,10,0,0,2026-09-08 12:47:31,1
2026-02-24,03322,3322.HK,永嘉集團,0.237,-0.84,520240,304402800.0,304402800.0,41028,12.68,0.17,10,0,0,2026-09-08 12:47:32,1
2026-02-24,00367,367.HK,莊士機構國際,0.305,-4.69,517480,510128697.0,510128697.0,26353,19.64,0.1,10,0,0,2026-09-08 12:47:31,1
2026-02-24,01334,1334.HK,瑞昌國際控股,1.12,0.9,6165050,560000000.0,560000000.0,212696,28.99,1.1,10,0,0,2026-09-08 12:47:32,1
2026-02-24,01202,1202.HK,四威科技,1.509,21.79,3127800,603600000.0,241440000.0,241122,12.97,0.52,10,0,0,2026-09-08 12:47:32,1
2026-02-24,01641,1641.HK,紅星冷鏈,7.749,-7.3,10093600,761439987.0,190365530.0,666662,15.14,1.33,10,0,0,2026-09-08 12:47:32,1
2026-02-25,00248,248.HK,香港通訊國際控股,0.325,4.84,1189170,50591582.0,75887373.0,18498,64.29,1.57,10,0,0,2026-09-08 12:47:33,1
2026-02-25,00197,197.HK,亨泰,0.3,0.0,1663600,62763136.0,62763136.0,66868,24.88,2.65,10,0,0,2026-09-08 12:47:33,1
2026-02-25,01894,1894.HK,恆益控股,0.53,6.0,3652760,123679210.0,123679210.0,251945,14.5,2.95,10,0,0,2026-09-08 12:47:33,1
2026-02-25,01671,1671.HK,天保能源,0.97,73.21,11308140,155123280.0,155123280.0,9420,1200.44,7.29,10,0,0,2026-09-08 12:47:33,1
2026-02-25,01376,1376.HK,RAFFLESINTERIOR,0.162,4.52,2086096,162000000.0,162000000.0,174008,11.99,1.29,8,1,0,2026-09-08 12:47:33,1
2026-02-25,01682,1682.HK,杭品生活科技,0.104,0.0,2319340,163472816.0,163472816.0,117244,19.78,1.42,10,0,0,2026-09-08 12:47:33,1
2026-02-25,08601,8601.HK,寶燵控股,0.238,0.0,1190000,190400000.0,190400000.0,2101,566.4,0.62,10,0,0,2026-09-08 12:47:34,1
2026-02-25,01460,1460.HK,揚科集團,0.235,1.29,1250140,206233723.0,206233723.0,83201,15.03,0.61,10,0,0,2026-09-08 12:47:33,1
2026-02-25,00947,947.HK,摩比發展,0.28,5.66,9411290,223116626.0,223116626.0,877456,10.73,4.22,10,0,0,2026-09-08 12:47:33,1
2026-02-25,00442,442.HK,域能控股,0.89,11.25,1061330,230643500.0,230643500.0,61535,17.25,0.46,10,0,0,2026-09-08 12:47:33,1
2026-02-25,00295,295.HK,江山控股,0.019,18.75,2070580,284324408.0,284324408.0,15872,130.45,0.73,10,0,0,2026-09-08 12:47:33,1
2026-02-25,01094,1094.HK,承輝國際,0.46,50.82,926510,327066998.0,327066998.0,66917,13.85,0.28,10,0,0,2026-09-08 12:47:33,1
2026-02-25,00042,42.HK,東北電氣,0.415,31.75,10414900,362448550.0,107049250.0,451210,23.08,2.87,10,0,0,2026-09-08 12:47:33,1
2026-02-25,08645,8645.HK,比特元宇宙,0.63,14.55,649700,476597520.0,476597520.0,28260,22.99,0.14,10,0,0,2026-09-08 12:47:34,1
2026-02-25,00672,672.HK,眾安集團,0.124,0.81,1011140,698840415.0,698840415.0,70397,14.36,0.14,10,0,0,2026-09-08 12:47:33,1
2026-02-25,00154,154.HK,北京控股環境集團,0.63,10.53,1469800,945226894.0,945226894.0,143931,10.21,0.16,10,0,0,2026-09-08 12:47:33,1
2026-02-25,02008,2008.HK,鳳凰衛視,1.93,-1.53,51778850,963776284.0,963776284.0,592919,87.33,5.37,10,0,0,2026-09-08 12:47:33,1
2026-02-26,08221,8221.HK,高裕金融,1.1,0.0,1149650,52360000.0,52360000.0,44828,25.65,2.2,10,0,0,2026-09-08 12:47:35,1
2026-02-26,08187,8187.HK,積木集團,0.435,8.75,1161280,65982470.0,65982470.0,8056,144.15,1.76,10,0,0,2026-09-08 12:47:35,1
2026-02-26,08471,8471.HK,新達控股,0.96,-28.36,3227530,70617600.0,70617600.0,75276,42.88,4.57,10,0,0,2026-09-08 12:47:36,1
2026-02-26,08447,8447.HK,MS CONCEPT,0.072,44.0,1112460,72000000.0,72000000.0,20723,53.68,1.55,10,0,0,2026-09-08 12:47:36,1
2026-02-26,01443,1443.HK,富臨集團控股,0.064,30.61,8252670,83200000.0,83200000.0,86142,95.8,9.92,10,0,0,2026-09-08 12:47:35,1
2026-02-26,08072,8072.HK,蘭谷股份,0.52,0.0,1537000,87541550.0,87541550.0,115663,13.29,1.76,10,0,0,2026-09-08 12:47:35,1
2026-02-26,08601,8601.HK,寶燵控股,0.238,0.0,1904000,190400000.0,190400000.0,121101,15.72,1.0,10,0,0,2026-09-08 12:47:36,1
2026-02-26,00747,747.HK,沈陽公用發展股份,0.13,22.64,536830,191018880.0,78698880.0,35997,14.91,0.28,10,0,0,2026-09-08 12:47:34,1
2026-02-26,08070,8070.HK,僑洋國際控股,1.15,66.67,3118190,230000000.0,230000000.0,35385,88.12,1.36,10,0,0,2026-09-08 12:47:35,1
2026-02-26,02132,2132.HK,譽燊豐控股,0.175,16.67,880140,280000000.0,280000000.0,19704,44.67,0.31,10,0,0,2026-09-08 12:47:35,1
2026-02-26,01147,1147.HK,伊登軟件,0.137,-5.52,7368280,280157787.0,280157787.0,476539,15.46,2.63,10,0,0,2026-09-08 12:47:35,1
2026-02-26,01575,1575.HK,皇庭智家,0.073,15.87,1441340,281780000.0,281780000.0,53426,26.98,0.51,10,0,0,2026-09-08 12:47:35,1
2026-02-26,01094,1094.HK,承輝國際,0.41,-10.87,1952410,291516237.0,291516237.0,159568,12.24,0.67,10,0,0,2026-09-08 12:47:35,1
2026-02-26,00987,987.HK,中國再生能源投資,0.122,10.91,1071310,305751211.0,305751211.0,82932,12.92,0.35,10,0,0,2026-09-08 12:47:34,1
2026-02-26,01215,1215.HK,開源控股,0.024,4.35,614940,306693115.0,306693115.0,18758,32.78,0.2,10,0,0,2026-09-08 12:47:35,1
2026-02-26,01985,1985.HK,美高域,1.45,11.54,16425670,444242300.0,444242300.0,1162476,14.13,3.7,10,0,0,2026-09-08 12:47:35,1
2026-02-26,01746,1746.HK,萬順集團控股,0.49,30.67,6032720,490000000.0,490000000.0,301274,20.02,1.23,10,0,0,2026-09-08 12:47:35,1
2026-02-26,01202,1202.HK,四威科技,1.849,29.39,13524980,739600000.0,295840000.0,701000,19.29,1.83,10,0,0,2026-09-08 12:47:35,1
2026-02-26,01183,1183.HK,澳能建設,0.195,2.63,3693070,776240242.0,776240242.0,231153,15.98,0.48,10,0,0,2026-09-08 12:47:35,1
2026-02-26,02415,2415.HK,梅斯健康,1.3,3.17,1197480,789322235.0,789322235.0,48414,24.73,0.15,10,0,0,2026-09-08 12:47:35,1
2026-02-26,01328,1328.HK,金湧投資,3.4,29.28,2025390,873576606.0,873576606.0,105878,19.13,0.23,10,0,0,2026-09-08 12:47:35,1
2026-02-27,01933,1933.HK,元力控股,0.224,56.64,2868200,112879688.0,112879688.0,45890,62.5,2.54,10,0,0,2026-09-08 12:47:36,1
2026-02-27,08286,8286.HK,長城微光,0.395,154.84,7535630,121999700.0,43450000.0,58807,128.14,6.18,10,0,0,2026-09-08 12:47:37,1
2026-02-27,01703,1703.HK,誼和股份,1.07,24.42,1472810,147660000.0,147660000.0,80930,18.2,1.0,10,0,0,2026-09-08 12:47:36,1
2026-02-27,01871,1871.HK,向中國際,0.39,11.43,2073960,170023695.0,170023695.0,58620,35.38,1.22,10,0,0,2026-09-08 12:47:36,1
2026-02-27,03789,3789.HK,禦佳控股,0.148,49.49,986450,177600000.0,177600000.0,21604,45.66,0.56,10,0,0,2026-09-08 12:47:37,1
2026-02-27,01217,1217.HK,中國創新投資,0.014,16.67,1729680,179222101.0,179222101.0,66621,25.96,0.97,10,0,0,2026-09-08 12:47:36,1
2026-02-27,06933,6933.HK,新娛科控股,0.55,-19.12,661400,235401549.0,235401549.0,53500,12.36,0.28,10,0,0,2026-09-08 12:47:37,1
2026-02-27,01419,1419.HK,盈健醫療,0.83,-1.19,680220,315028353.0,315028353.0,33342,20.4,0.22,10,0,0,2026-09-08 12:47:36,1
2026-02-27,06877,6877.HK,TE HEALTHCARE,0.187,27.21,931490,380225230.0,380225230.0,9186,101.4,0.24,10,0,0,2026-09-08 12:47:37,1
2026-02-27,01161,1161.HK,奧思集團,0.9,1.12,2432760,612497488.0,612497488.0,148530,16.38,0.4,10,0,0,2026-09-08 12:47:36,1
2026-02-27,01100,1100.HK,飛達控股,1.48,22.31,7680110,635163383.0,635163383.0,56149,136.78,1.21,10,0,0,2026-09-08 12:47:36,1
2026-03-02,08480,8480.HK,飛霓控股,0.117,-1.68,788840,108028627.0,108028627.0,12335,63.95,0.73,10,0,0,2026-09-08 12:47:39,1
2026-03-02,02728,2728.HK,金泰能源控股,0.029,20.83,1974610,129195606.0,129195606.0,42316,46.66,1.53,10,0,0,2026-09-08 12:47:38,1
2026-03-02,01894,1894.HK,恆益控股,0.59,11.32,7829230,137680630.0,137680630.0,634839,12.33,5.69,10,0,0,2026-09-08 12:47:38,1
2026-03-02,06068,6068.HK,光正教育,0.076,-9.52,698460,165539704.0,165539704.0,44793,15.59,0.42,10,0,0,2026-09-08 12:47:38,1
2026-03-02,01555,1555.HK,MI能源,0.06,81.82,13282640,203191531.0,203191531.0,56016,237.12,6.54,10,0,0,2026-09-08 12:47:38,1
2026-03-02,06933,6933.HK,新娛科控股,0.48,-12.73,2231300,205441352.0,205441352.0,119640,18.65,1.09,10,0,0,2026-09-08 12:47:38,1
2026-03-02,00332,332.HK,元亨燃氣,0.66,57.14,5232920,216005497.0,216005497.0,77368,67.64,2.42,10,0,0,2026-09-08 12:47:37,1
2026-03-02,08413,8413.HK,亞洲富思,0.189,-0.53,1170400,219618000.0,219618000.0,99460,11.77,0.53,10,0,0,2026-09-08 12:47:39,1
2026-03-02,02178,2178.HK,百勤油服,0.146,105.63,25622200,252094504.0,252094504.0,32080,798.7,10.16,10,0,0,2026-09-08 12:47:38,1
2026-03-02,02012,2012.HK,陽光油砂,0.42,13.51,8668650,298768866.0,298768866.0,273432,31.7,2.9,10,0,0,2026-09-08 12:47:38,1
2026-03-02,01301,1301.HK,德基科技控股,0.52,65.08,4885090,326031680.0,326031680.0,4240,1152.14,1.5,10,0,0,2026-09-08 12:47:38,1
2026-03-02,08132,8132.HK,百能國際能源,0.127,32.29,1130160,342197113.0,342197113.0,21976,51.43,0.33,10,0,0,2026-09-08 12:47:38,1
2026-03-02,02372,2372.HK,偉立控股,0.48,12.94,771400,384000000.0,384000000.0,46460,16.6,0.2,10,0,0,2026-09-08 12:47:38,1
2026-03-02,00365,365.HK,芯成科技,0.27,-6.9,541620,392850000.0,392850000.0,52277,10.36,0.14,10,0,0,2026-09-08 12:47:37,1
2026-03-02,06877,6877.HK,TE HEALTHCARE,0.2,6.95,3634440,406658000.0,406658000.0,99700,36.45,0.89,10,0,0,2026-09-08 12:47:38,1
2026-03-02,03395,3395.HK,吉星新能源,0.49,53.12,10362600,425953373.0,425953373.0,26600,389.57,2.43,10,0,0,2026-09-08 12:47:38,1
2026-03-02,01080,1080.HK,勝利管道,0.111,18.09,5791420,430054582.0,430054582.0,217697,26.6,1.35,10,0,0,2026-09-08 12:47:38,1
2026-03-02,02159,2159.HK,麥迪衛康,1.54,14.93,2367400,518179200.0,518179200.0,169720,13.95,0.46,10,0,0,2026-09-08 12:47:38,1
2026-03-02,00632,632.HK,中港石油,0.6,154.24,86541440,573812204.0,573812204.0,4586566,18.87,15.08,10,0,0,2026-09-08 12:47:37,1
2026-03-02,00672,672.HK,眾安集團,0.104,-13.33,2718810,586124219.0,586124219.0,189411,14.35,0.46,10,0,0,2026-09-08 12:47:37,1
2026-03-02,01251,1251.HK,華油能源,0.305,7.02,4043000,596013920.0,596013920.0,336492,12.02,0.68,10,0,0,2026-09-08 12:47:38,1
2026-03-02,00346,346.HK,延長石油國際,0.62,49.4,19501730,682063738.0,682063738.0,131048,148.81,2.86,10,0,0,2026-09-08 12:47:37,1
2026-03-02,00184,184.HK,激成投資,2.19,-0.45,786360,745038000.0,745038000.0,76058,10.34,0.11,10,0,0,2026-09-08 12:47:37,1
2026-03-02,00918,918.HK,龍翼航空科技,0.69,13.11,577920,768707720.0,768707720.0,15369,37.6,0.08,10,0,0,2026-09-08 12:47:38,1
2026-03-03,08219,8219.HK,恆偉集團控股,0.152,1.33,823170,37620000.0,37620000.0,29623,27.79,2.19,10,0,0,2026-09-08 12:47:40,1
2026-03-03,01400,1400.HK,滿地科技股份,0.018,0.0,1049840,68431813.0,68431813.0,8022,130.87,1.53,10,0,0,2026-09-08 12:47:39,1
2026-03-03,01421,1421.HK,恆昌集團國際,0.39,11.43,6601030,78076128.0,78076128.0,437455,15.09,8.45,10,0,0,2026-09-08 12:47:39,1
2026-03-03,00048,48.HK,中國汽車內飾,0.26,9.7,2515750,113824818.0,113824818.0,88191,28.53,2.21,10,0,0,2026-09-08 12:47:39,1
2026-03-03,00332,332.HK,元亨燃氣,0.56,-15.15,7699040,183277391.0,183277391.0,597630,12.88,4.2,10,0,0,2026-09-08 12:47:39,1
2026-03-03,08326,8326.HK,同景新能源,0.156,-2.5,1159850,191412000.0,191412000.0,71696,16.18,0.61,10,0,0,2026-09-08 12:47:40,1
2026-03-03,01555,1555.HK,MI能源,0.057,-5.0,18660790,193031954.0,193031954.0,1371560,13.61,9.67,10,0,0,2026-09-08 12:47:39,1
2026-03-03,02012,2012.HK,陽光油砂,0.425,1.19,15648850,302325639.0,302325639.0,1117125,14.01,5.18,10,0,0,2026-09-08 12:47:40,1
2026-03-03,01407,1407.HK,交運燃氣,0.739,29.88,6058200,325160000.0,325160000.0,36186,167.42,1.86,10,0,0,2026-09-08 12:47:39,1
2026-03-03,01265,1265.HK,天津津燃公用,0.198,16.47,5744750,364182944.0,99011880.0,35219,163.12,1.58,10,0,0,2026-09-08 12:47:39,1
2026-03-03,01120,1120.HK,雅視光學,0.99,-1.0,612840,382400740.0,382400740.0,6482,94.54,0.16,10,0,0,2026-09-08 12:47:39,1
2026-03-03,03395,3395.HK,吉星新能源,0.445,-9.18,10958000,386835206.0,386835206.0,1059630,10.34,2.83,10,0,0,2026-09-08 12:47:40,1
2026-03-03,00166,166.HK,新時代集團控股,0.045,2.27,1212300,393379964.0,393379964.0,95493,12.7,0.31,10,0,0,2026-09-08 12:47:39,1
2026-03-03,00681,681.HK,中民控股,0.045,25.0,9308380,402055254.0,402055254.0,119627,77.81,2.32,10,0,0,2026-09-08 12:47:39,1
2026-03-03,02178,2178.HK,百勤油服,0.25,71.23,100378140,431668670.0,431668670.0,2592879,38.71,23.25,10,0,0,2026-09-08 12:47:40,1
2026-03-03,01251,1251.HK,華油能源,0.305,0.0,8735530,596013920.0,596013920.0,711533,12.28,1.47,10,0,0,2026-09-08 12:47:39,1
2026-03-03,00346,346.HK,延長石油國際,0.6,-3.23,21430530,660061682.0,660061682.0,2076231,10.32,3.25,10,0,0,2026-09-08 12:47:39,1
2026-03-03,01341,1341.HK,昊天國際建投,0.067,34.0,730933130,743390248.0,743390248.0,24530988,29.8,98.32,10,0,0,2026-09-08 12:47:39,1
2026-03-03,01855,1855.HK,中慶股份,1.01,14.77,154773300,833250000.0,833250000.0,9976427,15.51,18.57,10,0,0,2026-09-08 12:47:40,1
2026-03-03,00632,632.HK,中港石油,0.89,48.33,224411760,851154770.0,851154770.0,12767532,17.58,26.37,10,0,0,2026-09-08 12:47:39,1
2026-03-03,00918,918.HK,龍翼航空科技,0.85,23.19,6078100,946958785.0,946958785.0,73161,83.08,0.64,10,0,0,2026-09-08 12:47:39,1
2026-03-04,00197,197.HK,亨泰,0.28,-1.75,2431200,58578927.0,58578927.0,198899,12.22,4.15,10,0,0,2026-09-08 12:47:41,1
2026-03-04,08117,8117.HK,中國基礎能源,0.071,-24.47,1329410,72703108.0,72703108.0,106336,12.5,1.83,10,0,0,2026-09-08 12:47:42,1
2026-03-04,01637,1637.HK,順興集團控股,0.345,23.21,5008660,138000000.0,138000000.0,76854,65.17,3.63,10,0,0,2026-09-08 12:47:41,1
2026-03-04,03390,3390.HK,滿貫集團,0.275,-8.33,3246080,245850000.0,245850000.0,106179,30.57,1.32,10,0,0,2026-09-08 12:47:42,1
2026-03-04,00557,557.HK,天元醫療,0.62,-22.5,757280,247367305.0,247367305.0,6090,124.35,0.31,10,0,0,2026-09-08 12:47:41,1
2026-03-04,06911,6911.HK,瀾滄古茶,2.51,0.4,8216000,376500000.0,139305000.0,2591,3170.98,2.18,10,0,0,2026-09-08 12:47:42,1
2026-03-04,00042,42.HK,東北電氣,0.475,31.94,56708800,414850750.0,122526250.0,3323820,17.06,13.67,10,0,0,2026-09-08 12:47:41,1
2026-03-04,02440,2440.HK,迷策略,2.05,17.82,10311390,854909641.0,854909641.0,734834,14.03,1.21,10,0,0,2026-09-08 12:47:41,1
2026-03-04,02458,2458.HK,望塵科技控股,6.3,0.64,1750900,899073806.0,899073806.0,146768,11.93,0.19,10,0,0,2026-09-08 12:47:41,1
2026-03-05,08547,8547.HK,PACIFIC LEGEND,0.078,2.63,2684490,46110441.0,69165199.0,231885,11.58,3.88,10,0,0,2026-09-08 12:47:44,1
2026-03-05,01950,1950.HK,帝王實業控股,0.141,31.78,570080,101520000.0,101520000.0,30534,18.67,0.56,10,0,0,2026-09-08 12:47:43,1
2026-03-05,01245,1245.HK,NIRAKU,0.168,-5.08,532070,200902877.0,200902877.0,25735,20.67,0.26,10,0,0,2026-09-08 12:47:43,1
2026-03-05,06083,6083.HK,環宇物流(亞洲),0.518,4.02,1039600,259954733.0,259954733.0,67232,15.46,0.4,10,0,0,2026-09-08 12:47:43,1
2026-03-05,01795,1795.HK,亞東集團,0.54,0.0,1755630,324000000.0,324000000.0,127695,13.75,0.54,10,0,0,2026-09-08 12:47:43,1
2026-03-05,01961,1961.HK,多牛科技,0.465,52.46,6648330,341450046.0,341450046.0,56696,117.26,1.95,10,0,0,2026-09-08 12:47:43,1
2026-03-06,00821,821.HK,匯盈控股,0.315,-10.0,686160,116891844.0,116891844.0,41940,16.36,0.59,10,0,0,2026-09-08 12:47:44,1
2026-03-06,01967,1967.HK,信懇智能,0.405,3.85,3704700,121500000.0,121500000.0,32420,114.27,3.05,10,0,0,2026-09-08 12:47:44,1
2026-03-06,01843,1843.HK,快餐帝國,0.155,10.71,808960,124000000.0,124000000.0,66588,12.15,0.65,10,0,0,2026-09-08 12:47:44,1
2026-03-06,00310,310.HK,嘉進投資國際,0.216,8.54,872960,134164516.0,134164516.0,6946,125.68,0.65,10,0,0,2026-09-08 12:47:44,1
2026-03-06,01105,1105.HK,星島,0.186,0.0,800370,163781001.0,163781001.0,26607,30.08,0.49,10,0,0,2026-09-08 12:47:44,1
2026-03-06,08646,8646.HK,中國宏光,0.21,0.0,505100,164427900.0,164427900.0,24260,20.82,0.31,10,0,0,2026-09-08 12:47:45,1
2026-03-06,01500,1500.HK,現恆建築,0.212,25.44,7710380,175960000.0,175960000.0,33385,230.95,4.38,10,0,0,2026-09-08 12:47:44,1
2026-03-06,03366,3366.HK,華僑城(亞洲),0.243,-17.63,515990,181852938.0,181852938.0,33612,15.35,0.28,10,0,0,2026-09-08 12:47:45,1
2026-03-06,01552,1552.HK,BHCC HOLDING,0.26,-1.89,1010000,208000000.0,208000000.0,69930,14.44,0.49,10,0,0,2026-09-08 12:47:44,1
2026-03-06,01529,1529.HK,樂氏國際控股,0.51,2.0,664600,340210800.0,340210800.0,24462,27.17,0.2,10,0,0,2026-09-08 12:47:44,1
2026-03-06,01795,1795.HK,亞東集團,0.58,7.41,4681950,348000000.0,348000000.0,303258,15.44,1.35,10,0,0,2026-09-08 12:47:44,1
2026-03-06,01397,1397.HK,碧瑤綠色集團,1.11,-4.31,3125640,460650000.0,460650000.0,210016,14.88,0.68,10,0,0,2026-09-08 12:47:44,1
2026-03-06,00279,279.HK,裕承科金,0.57,-3.39,4066880,795450561.0,795450561.0,168238,24.17,0.51,10,0,0,2026-09-08 12:47:44,1
2026-03-09,00058,58.HK,新威國際,0.29,38.1,892370,149500800.0,149500800.0,10328,86.4,0.6,10,0,0,2026-09-08 12:47:45,1
2026-03-09,03366,3366.HK,華僑城(亞洲),0.25,2.88,939550,187091500.0,187091500.0,85153,11.03,0.5,10,0,0,2026-09-08 12:47:46,1
2026-03-09,01075,1075.HK,首都信息,3.001,0.67,2093240,232426850.0,232426850.0,206290,10.15,0.24,10,0,0,2026-09-08 12:47:46,0
2026-03-09,01393,1393.HK,恆鼎實業,0.067,24.07,1107640,308552380.0,308552380.0,30519,36.29,0.36,10,0,0,2026-09-08 12:47:46,1
2026-03-09,00776,776.HK,帝國科技集團,0.663,3.11,2190760,445428296.0,445428296.0,162469,13.48,0.49,10,0,0,2026-09-08 12:47:45,1
2026-03-09,01429,1429.HK,天任集團,0.295,28.82,13229200,472000000.0,472000000.0,1321780,10.01,2.8,10,0,0,2026-09-08 12:47:46,1
2026-03-09,01813,1813.HK,合景泰富集團,0.146,-13.61,3073030,499157056.0,499157056.0,258003,11.91,0.62,10,0,0,2026-09-08 12:47:46,1
2026-03-09,02502,2502.HK,金源氫化,0.56,31.76,668590,535158400.0,535158400.0,32934,20.3,0.12,10,0,0,2026-09-08 12:47:46,1
2026-03-10,08516,8516.HK,中盈國際,0.87,-3.33,1622180,50067108.0,50067108.0,111637,14.53,3.24,10,0,0,2026-09-08 12:47:48,1
2026-03-10,00204,204.HK,資本界金控,0.227,2.25,2131000,56535514.0,56535514.0,101040,21.09,3.77,10,0,0,2026-09-08 12:47:47,1
2026-03-10,08500,8500.HK,天泓文創,0.146,-9.88,1943440,63072000.0,63072000.0,25121,77.36,3.08,10,0,0,2026-09-08 12:47:48,1
2026-03-10,09918,9918.HK,麗年國際,1.05,-6.25,1021620,105000000.0,105000000.0,74104,13.79,0.97,10,0,0,2026-09-08 12:47:48,1
2026-03-10,01025,1025.HK,嘉藝控股,0.275,3.77,1563520,123026046.0,123026046.0,100677,15.53,1.27,10,0,0,2026-09-08 12:47:47,1
2026-03-10,08646,8646.HK,中國宏光,0.217,0.0,648800,169908830.0,169908830.0,64110,10.12,0.38,10,0,0,2026-09-08 12:47:48,1
2026-03-10,00550,550.HK,律齊文化,0.38,7.04,5451440,173102920.0,173102920.0,409660,13.31,3.15,10,0,0,2026-09-08 12:47:47,1
2026-03-10,00058,58.HK,新威國際,0.365,25.86,1214980,188164800.0,188164800.0,99461,12.22,0.65,10,0,0,2026-09-08 12:47:47,1
2026-03-10,01831,1831.HK,十方控股,0.265,15.22,5518660,284994130.0,284994130.0,350321,15.75,1.94,10,0,0,2026-09-08 12:47:47,1
2026-03-10,00343,343.HK,文化傳信,0.17,6.92,1674380,294792884.0,294792884.0,77676,21.56,0.57,10,0,0,2026-09-08 12:47:47,1
2026-03-10,08223,8223.HK,紫元元,0.65,18.18,849720,335400000.0,335400000.0,78252,10.86,0.25,10,0,0,2026-09-08 12:47:48,1
2026-03-10,01410,1410.HK,安領國際,0.495,-4.81,1152350,499809915.0,499809915.0,88940,12.96,0.23,10,0,0,2026-09-08 12:47:47,1
2026-03-10,02405,2405.HK,力盟科技,0.92,8.24,8832900,736000000.0,736000000.0,255950,34.51,1.2,10,0,0,2026-09-08 12:47:48,1
2026-03-10,06939,6939.HK,美佳音控股,1.6,18.52,19548900,996000000.0,996000000.0,1464296,13.35,1.96,10,0,0,2026-09-08 12:47:48,1
2026-03-11,00938,938.HK,民生國際,0.42,9.09,684180,271823410.0,271823410.0,9812,69.73,0.25,10,0,0,2026-09-08 12:47:49,1
2026-03-11,00913,913.HK,港灣數字,0.325,35.42,2650600,288289638.0,288289638.0,10115,262.05,0.92,10,0,0,2026-09-08 12:47:49,1
2026-03-11,08637,8637.HK,元續科技,3.0,22.45,15532700,449106000.0,449106000.0,1406860,11.04,3.46,10,0,0,2026-09-08 12:47:50,1
2026-03-11,02671,2671.HK,美聯股份,3.916,9.51,2540150,472073820.0,472073820.0,86804,29.26,0.54,10,0,0,2026-09-08 12:47:49,1
2026-03-11,01410,1410.HK,安領國際,0.49,-1.01,3630200,494761330.0,494761330.0,200925,18.07,0.73,10,0,0,2026-09-08 12:47:49,1
2026-03-11,00052,52.HK,大快活集團,4.44,1.6,2685970,575214343.0,575214343.0,257676,10.42,0.47,10,0,0,2026-09-08 12:47:48,1
2026-03-11,02250,2250.HK,小黃鴨德盈,0.72,4.35,1206620,726015600.0,726015600.0,99822,12.09,0.17,10,0,0,2026-09-08 12:47:49,1
2026-03-11,00279,279.HK,裕承科金,0.58,0.0,11375640,809405834.0,809405834.0,592025,19.21,1.41,10,0,0,2026-09-08 12:47:48,1
2026-03-12,00426,426.HK,萬華媒體,0.166,66.0,4435070,66549400.0,66549400.0,5141,862.69,6.66,10,0,0,2026-09-08 12:47:50,1
2026-03-12,00261,261.HK,GBA集團,0.244,-9.63,500770,80852249.0,80852249.0,40650,12.32,0.62,10,0,0,2026-09-08 12:47:50,1
2026-03-12,08120,8120.HK,國農金融投資,0.64,10.34,882210,104081126.0,104081126.0,51088,17.27,0.85,10,0,0,2026-09-08 12:47:51,1
2026-03-12,01633,1633.HK,上諭集團,0.18,0.0,2286100,123255000.0,123255000.0,109280,20.92,1.85,10,0,0,2026-09-08 12:47:51,1
2026-03-12,01229,1229.HK,南南資源,0.23,12.2,1293730,176035924.0,176035924.0,98327,13.16,0.73,10,0,0,2026-09-08 12:47:50,1
2026-03-12,00381,381.HK,權識國際,0.157,24.6,3478380,208876651.0,208876651.0,269892,12.89,1.67,10,0,0,2026-09-08 12:47:50,1
2026-03-12,00764,764.HK,永恆策略,0.56,-6.67,1075000,225599755.0,225599755.0,79420,13.54,0.48,10,0,0,2026-09-08 12:47:50,1
2026-03-12,08395,8395.HK,中顯智能齊家控股,0.219,18.38,874140,375366000.0,375366000.0,13824,63.23,0.23,10,0,0,2026-09-08 12:47:51,1
2026-03-12,01332,1332.HK,透雲生物,0.189,45.38,18367160,530324956.0,530324956.0,433789,42.34,3.46,10,0,0,2026-09-08 12:47:50,1
2026-03-12,09689,9689.HK,金泰豐國際控股,0.61,27.08,751400,680760000.0,680760000.0,37340,20.12,0.11,10,0,0,2026-09-08 12:47:51,1
2026-03-12,02167,2167.HK,天潤雲,3.94,17.26,1341570,683118776.0,683118776.0,131809,10.18,0.2,10,0,0,2026-09-08 12:47:51,1
2026-03-12,00721,721.HK,中國金融國際,0.395,38.6,10653770,866759088.0,866759088.0,489327,21.77,1.23,10,0,0,2026-09-08 12:47:50,1
2026-03-13,02110,2110.HK,天成控股,0.111,23.33,739780,4795200.0,4795200.0,21255,34.8,15.43,10,0,0,2026-09-08 12:47:52,1
2026-03-13,08131,8131.HK,諾亞智能,0.088,12.82,1143580,63290580.0,63290580.0,9338,122.47,1.81,10,0,0,2026-09-08 12:47:52,1
2026-03-13,08187,8187.HK,積木集團,0.56,0.0,3980900,84942950.0,84942950.0,261856,15.2,4.69,10,0,0,2026-09-08 12:47:52,1
2026-03-13,00484,484.HK,雲遊控股,0.92,5.75,848500,157987083.0,157987083.0,38570,22.0,0.54,10,0,0,2026-09-08 12:47:52,1
2026-03-13,03313,3313.HK,雅高控股,1.18,0.0,543780,167808345.0,167808345.0,51074,10.65,0.32,10,0,0,2026-09-08 12:47:52,1
2026-03-13,02376,2376.HK,魯商服務,2.296,-11.9,639310,306148640.0,76548640.0,50276,12.72,0.21,10,0,0,2026-09-08 12:47:52,1
2026-03-13,00381,381.HK,權識國際,0.25,59.24,9762160,332606132.0,332606132.0,605312,16.13,2.94,10,0,0,2026-09-08 12:47:52,1
2026-03-13,01716,1716.HK,毛記葵湧,1.66,37.19,140198330,448200000.0,448200000.0,1576336,88.94,31.28,5,1,0,2026-09-08 12:47:52,1
2026-03-13,01159,1159.HK,智數科技集團,3.25,25.48,3449520,461033557.0,461033557.0,246415,14.0,0.75,10,0,0,2026-09-08 12:47:52,1
2026-03-13,00827,827.HK,玖源集團,0.079,51.92,11760960,555215365.0,555215365.0,1112058,10.58,2.12,10,0,0,2026-09-08 12:47:52,1
2026-03-13,01945,1945.HK,清科控股,1.91,15.06,2659200,561598064.0,561598064.0,201550,13.19,0.47,10,0,0,2026-09-08 12:47:52,1
2026-03-13,08403,8403.HK,德豐宿來,3.33,16.03,6595490,563436000.0,563436000.0,509808,12.94,1.17,10,0,0,2026-09-08 12:47:53,1
2026-03-13,06908,6908.HK,宏光半導體,0.495,-1.0,10513100,580067968.0,580067968.0,910466,11.55,1.81,10,0,0,2026-09-08 12:47:52,1
2026-03-13,00149,149.HK,中國農產品交易,0.063,8.62,822480,627043273.0,627043273.0,46864,17.55,0.13,10,0,0,2026-09-08 12:47:51,1
2026-03-13,00721,721.HK,中國金融國際,0.37,-6.33,13565820,811900918.0,811900918.0,1291789,10.5,1.67,10,0,0,2026-09-08 12:47:52,1
2026-03-16,01647,1647.HK,雄岸科技,0.079,8.22,535600,94408160.0,94408160.0,47860,11.19,0.57,10,0,0,2026-09-08 12:47:53,1
2026-03-16,01718,1718.HK,宏基集團控股,0.445,17.11,7096350,135333400.0,135333400.0,559204,12.69,5.24,10,0,0,2026-09-08 12:47:53,1
2026-03-16,01703,1703.HK,誼和股份,1.09,49.32,1650940,150420000.0,150420000.0,120269,13.73,1.1,10,0,0,2026-09-08 12:47:53,1
2026-03-16,08646,8646.HK,中國宏光,0.227,10.73,1852200,177738730.0,177738730.0,163390,11.34,1.04,10,0,0,2026-09-08 12:47:54,1
2026-03-16,00738,738.HK,萊爾斯丹,0.325,6.56,1575060,225794094.0,225794094.0,142763,11.03,0.7,10,0,0,2026-09-08 12:47:53,1
2026-03-16,08292,8292.HK,VSING,0.31,0.0,762550,334279200.0,334279200.0,44390,17.18,0.23,10,0,0,2026-09-08 12:47:54,1
2026-03-16,00938,938.HK,民生國際,0.52,30.0,1480920,336543269.0,336543269.0,128516,11.52,0.44,10,0,0,2026-09-08 12:47:53,1
2026-03-16,01780,1780.HK,榮尊國際控股,0.77,22.22,29948950,477400000.0,477400000.0,128002,233.97,6.27,10,0,0,2026-09-08 12:47:53,1
2026-03-16,06162,6162.HK,天瑞汽車內飾,0.209,0.48,15168220,501600000.0,501600000.0,963263,15.75,3.02,10,0,0,2026-09-08 12:47:54,1
2026-03-16,02881,2881.HK,武漢有機,5.612,8.3,694150,523599600.0,523599600.0,58529,11.86,0.13,10,0,0,2026-09-08 12:47:54,1
2026-03-16,06919,6919.HK,人瑞人才,3.9,-4.88,1461260,617938148.0,617938148.0,19983,73.13,0.24,10,0,0,2026-09-08 12:47:54,1
2026-03-16,01808,1808.HK,企展控股,2.79,16.25,702190,683238036.0,683238036.0,57980,12.11,0.1,10,0,0,2026-09-08 12:47:53,1
2026-03-16,00635,635.HK,彩星集團,0.47,2.17,549770,971960000.0,971960000.0,17947,30.63,0.06,10,0,0,2026-09-08 12:47:53,1
2026-03-17,08153,8153.HK,嘉鼎國際集團,0.86,10.26,2424020,35771850.0,35771850.0,53550,45.27,6.78,10,0,0,2026-09-08 12:47:55,1
2026-03-17,02433,2433.HK,中天湖南集團,0.074,21.31,1522400,42624000.0,42624000.0,89320,17.04,3.57,10,0,0,2026-09-08 12:47:55,1
2026-03-17,08416,8416.HK,HM INTL HLDGS,0.12,18.81,1935070,50569800.0,50569800.0,10996,175.98,3.83,10,0,0,2026-09-08 12:47:55,1
2026-03-17,08238,8238.HK,玖方數智,0.184,-30.57,10627160,64099123.0,64099123.0,358417,29.65,16.58,10,0,0,2026-09-08 12:47:55,1
2026-03-17,06163,6163.HK,彭順國際,0.3,0.0,598200,82951200.0,82951200.0,3163,189.12,0.72,10,0,0,2026-09-08 12:47:55,1
2026-03-17,01025,1025.HK,嘉藝控股,0.28,-8.2,3032300,125262883.0,125262883.0,298916,10.14,2.42,10,0,0,2026-09-08 12:47:54,1
2026-03-17,01630,1630.HK,建成控股,0.119,43.37,5189000,178500000.0,178500000.0,123320,42.08,2.91,10,0,0,2026-09-08 12:47:55,1
2026-03-17,01705,1705.HK,賓仕國際,0.48,11.63,722020,192000000.0,192000000.0,43506,16.6,0.38,10,0,0,2026-09-08 12:47:55,1
2026-03-17,08271,8271.HK,環球數碼創意,0.131,35.05,1113380,196933550.0,196933550.0,47997,23.2,0.57,10,0,0,2026-09-08 12:47:55,1
2026-03-17,00318,318.HK,黃河實業,0.72,18.03,527450,207546391.0,207546391.0,10048,52.49,0.25,10,0,0,2026-09-08 12:47:54,1
2026-03-17,01710,1710.HK,致豐工業電子,0.248,20.98,5957300,248000000.0,248000000.0,214425,27.78,2.4,10,0,0,2026-09-08 12:47:55,1
2026-03-17,00129,129.HK,泛海集團,0.209,-1.42,1732400,296912783.0,296912783.0,41277,41.97,0.58,10,0,0,2026-09-08 12:47:54,1
2026-03-17,00936,936.HK,佳兆業資本,0.3,38.89,1772640,318000000.0,318000000.0,102270,17.33,0.56,10,0,0,2026-09-08 12:47:54,1
2026-03-17,02671,2671.HK,美聯股份,3.616,-3.98,9080110,435908818.0,435908818.0,337218,26.93,2.08,10,0,0,2026-09-08 12:47:55,1
2026-03-17,00994,994.HK,中天宏信,0.4,3.9,4760700,516402400.0,516402400.0,325980,14.6,0.92,10,0,0,2026-09-08 12:47:54,1
2026-03-17,00097,97.HK,恆基發展,0.193,1.58,843130,588134187.0,588134187.0,70311,11.99,0.14,10,0,0,2026-09-08 12:47:54,1
2026-03-17,02881,2881.HK,武漢有機,6.402,14.08,2740880,597306600.0,597306600.0,109889,24.94,0.46,10,0,0,2026-09-08 12:47:55,1
2026-03-17,01292,1292.HK,長安民生物流,3.045,-12.63,1012720,615284880.0,395377416.0,56501,17.92,0.16,10,0,0,2026-09-08 12:47:55,1
2026-03-17,00690,690.HK,聯康生物科技集團,0.115,9.52,3357060,686691237.0,686691237.0,289500,11.6,0.49,10,0,0,2026-09-08 12:47:54,1
2026-03-17,00353,353.HK,能源國際投資,0.325,0.0,2034560,687557939.0,687557939.0,183899,11.06,0.3,10,0,0,2026-09-08 12:47:54,1
2026-03-17,00210,210.HK,達芙妮國際,0.385,10.0,2591240,761760395.0,761760395.0,158354,16.36,0.34,10,0,0,2026-09-08 12:47:54,1
2026-03-17,00829,829.HK,神冠控股,0.241,-3.6,707170,778545680.0,778545680.0,70167,10.08,0.09,10,0,0,2026-09-08 12:47:54,1
2026-03-18,02433,2433.HK,中天湖南集團,0.089,20.27,4332000,51264000.0,51264000.0,213650,20.28,8.45,10,0,0,2026-09-08 12:47:56,1
2026-03-18,00248,248.HK,香港通訊國際控股,0.27,-6.9,913060,63044895.0,63044895.0,84917,10.75,1.45,10,0,0,2026-09-08 12:47:56,1
2026-03-18,01259,1259.HK,未來發展控股,0.034,0.0,527820,74914274.0,74914274.0,47426,11.13,0.7,10,0,0,2026-09-08 12:47:56,1
2026-03-18,00653,653.HK,卓悅控股,0.083,-4.6,8208080,155614879.0,155614879.0,438457,18.72,5.27,10,0,0,2026-09-08 12:47:56,1
2026-03-18,01156,1156.HK,CHINANEWENERGY,0.22,5.26,807200,155696349.0,155696349.0,73600,10.97,0.52,10,0,0,2026-09-08 12:47:56,1
2026-03-18,01750,1750.HK,全達電器集團控股,0.12,26.32,4283500,216000000.0,216000000.0,66520,64.39,1.98,10,0,0,2026-09-08 12:47:56,1
2026-03-18,01633,1633.HK,上諭集團,0.39,84.83,7676700,267052500.0,267052500.0,754190,10.18,2.87,10,0,0,2026-09-08 12:47:56,1
2026-03-18,02439,2439.HK,中寶新材,0.236,2.16,1433800,283200000.0,283200000.0,83390,17.19,0.51,10,0,0,2026-09-08 12:47:56,1
2026-03-18,00713,713.HK,世界(集團),0.39,-2.5,1538320,308925794.0,308925794.0,72851,21.12,0.5,10,0,0,2026-09-08 12:47:56,1
2026-03-18,00244,244.HK,先施,0.325,-5.8,3061790,427037832.0,427037832.0,27650,110.73,0.72,10,0,0,2026-09-08 12:47:56,1
2026-03-18,00620,620.HK,大唐西市,0.56,17.89,1877420,448574129.0,448574129.0,145663,12.89,0.42,10,0,0,2026-09-08 12:47:56,1
2026-03-18,00595,595.HK,先思行,0.59,45.68,34053280,505925768.0,505925768.0,316298,107.66,6.73,10,0,0,2026-09-08 12:47:56,1
2026-03-18,00458,458.HK,聯亞集團,1.92,26.32,1089790,526032486.0,526032486.0,510,2136.84,0.21,10,0,0,2026-09-08 12:47:56,1
2026-03-18,08059,8059.HK,朝威控股,0.86,38.71,526160,869120300.0,869120300.0,5750,91.51,0.06,10,0,0,2026-09-08 12:47:57,1
2026-03-19,00888,888.HK,鏈信控股,0.063,-30.0,659740,89575819.0,89575819.0,22977,28.71,0.74,10,0,0,2026-09-08 12:47:57,1
2026-03-19,01690,1690.HK,立基工程控股,0.065,12.07,544010,93939950.0,93939950.0,9555,56.93,0.58,10,0,0,2026-09-08 12:47:58,1
2026-03-19,08081,8081.HK,白居易控股,0.023,21.05,638470,118588807.0,118588807.0,43853,14.56,0.54,10,0,0,2026-09-08 12:47:58,1
2026-03-19,01705,1705.HK,賓仕國際,0.64,28.0,2447740,256000000.0,256000000.0,157538,15.54,0.96,10,0,0,2026-09-08 12:47:58,1
2026-03-19,01147,1147.HK,伊登軟件,0.142,18.33,11675170,290382524.0,290382524.0,299757,38.95,4.02,10,0,0,2026-09-08 12:47:57,1
2026-03-19,02102,2102.HK,德利機械,0.32,4.92,2065250,320000000.0,320000000.0,60535,34.12,0.65,10,0,0,2026-09-08 12:47:58,1
2026-03-19,01490,1490.HK,AI X TECH,0.265,26.79,5127100,327169000.0,327169000.0,46470,110.33,1.57,10,0,0,2026-09-08 12:47:57,1
2026-03-19,00022,22.HK,茂盛控股,17.25,64.29,32058370,678403808.0,678403808.0,400555,80.03,4.73,10,0,0,2026-09-08 12:47:57,1
2026-03-20,08176,8176.HK,超人智能,0.056,-30.86,825780,40068041.0,40068041.0,17397,47.47,2.06,10,0,0,2026-09-08 12:48:00,0
2026-03-20,08619,8619.HK,NIU HOLDINGS,0.158,14.49,2183200,68514330.0,68514330.0,95301,22.91,3.19,10,0,0,2026-09-08 12:48:00,1
2026-03-20,01690,1690.HK,立基工程控股,0.073,12.31,1726440,105501790.0,105501790.0,63956,26.99,1.64,10,0,0,2026-09-08 12:47:59,1
2026-03-20,01376,1376.HK,RAFFLESINTERIOR,0.112,-11.81,616488,112000000.0,112000000.0,46258,13.33,0.55,10,0,0,2026-09-08 12:47:59,1
2026-03-20,08507,8507.HK,愛世紀集團,0.155,6.9,1949650,124000000.0,124000000.0,183170,10.64,1.57,10,0,0,2026-09-08 12:48:00,1
2026-03-20,08125,8125.HK,榮記萬通,0.69,-6.76,7277360,149545544.0,149545544.0,133059,54.69,4.87,10,0,0,2026-09-08 12:48:00,1
2026-03-20,01949,1949.HK,佰達國際控股,0.76,1.33,1293200,175104000.0,175104000.0,36792,35.15,0.74,10,0,0,2026-09-08 12:47:59,1
2026-03-20,01132,1132.HK,橙天嘉禾,0.065,-17.72,1175220,181978488.0,181978488.0,74518,15.77,0.65,10,0,0,2026-09-08 12:47:59,1
2026-03-20,01176,1176.HK,珠光控股,0.026,-33.33,1318850,230116452.0,230116452.0,79557,16.58,0.57,10,0,0,2026-09-08 12:47:59,1
2026-03-20,01546,1546.HK,德萊建業,0.295,41.15,13967800,236000000.0,236000000.0,838083,16.67,5.92,10,0,0,2026-09-08 12:47:59,1
2026-03-20,00831,831.HK,利亞零售,0.325,4.84,4018220,254194517.0,254194517.0,148562,27.05,1.58,10,0,0,2026-09-08 12:47:59,1
2026-03-20,00296,296.HK,英皇娛樂酒店,0.228,-8.06,719140,270975944.0,270975944.0,63122,11.39,0.27,10,0,0,2026-09-08 12:47:58,1
2026-03-20,00620,620.HK,大唐西市,0.355,-42.74,17297580,284363957.0,284363957.0,454629,38.05,6.08,10,0,0,2026-09-08 12:47:59,1
2026-03-20,01746,1746.HK,萬順集團控股,0.44,-6.38,15120760,440000000.0,440000000.0,1176922,12.85,3.44,10,0,0,2026-09-08 12:47:59,1
2026-03-20,02651,2651.HK,大眾口腔,8.874,10.73,22971630,448838419.0,161738766.0,47962,478.95,5.12,10,0,0,2026-09-08 12:48:00,1
2026-03-20,01466,1466.HK,佰金生命科學,0.64,6.67,1499600,596642614.0,596642614.0,133442,11.24,0.25,10,0,0,2026-09-08 12:47:59,1
2026-03-23,00428,428.HK,中國天弓控股,0.202,-17.89,1182230,31160164.0,31160164.0,26342,44.88,3.79,10,0,0,2026-09-08 12:48:00,1
2026-03-23,08422,8422.HK,WT集團,0.112,7.69,1452170,40320000.0,40320000.0,1789,811.72,3.6,10,0,0,2026-09-08 12:48:01,1
2026-03-23,00932,932.HK,順騰國際控股,0.026,-18.75,1471210,80805229.0,80805229.0,86091,17.09,1.82,10,0,0,2026-09-08 12:48:00,1
2026-03-23,08217,8217.HK,菊福堂生物,0.33,-12.0,786320,99613800.0,99613800.0,66547,11.82,0.79,10,0,0,2026-09-08 12:48:01,1
2026-03-23,00269,269.HK,中國資源交通,0.01,0.0,893210,106440932.0,106440932.0,6070,147.15,0.84,10,0,0,2026-09-08 12:48:00,1
2026-03-23,03789,3789.HK,禦佳控股,0.11,3.77,759600,132000000.0,132000000.0,24159,31.44,0.58,10,0,0,2026-09-08 12:48:01,1
2026-03-23,06918,6918.HK,九泰數智,0.162,8.72,5308380,141650662.0,141650662.0,265160,20.02,3.75,10,0,0,2026-09-08 12:48:01,1
2026-03-23,01433,1433.HK,常達控股,0.075,-17.58,1111000,149360250.0,149360250.0,49378,22.5,0.74,10,0,0,2026-09-08 12:48:00,1
2026-03-23,00573,573.HK,稻香控股,0.25,-10.71,547730,253587000.0,253587000.0,32319,16.95,0.22,10,0,0,2026-09-08 12:48:00,1
2026-03-23,00423,423.HK,經濟日報集團,0.74,-5.13,557480,319384000.0,319384000.0,31638,17.62,0.17,10,0,0,2026-09-08 12:48:00,1
2026-03-23,00169,169.HK,萬達酒店發展,0.1,12.36,4211900,469734649.0,469734649.0,97679,43.12,0.9,10,0,0,2026-09-08 12:48:00,1
2026-03-23,00640,640.HK,星謙發展,2.351,-2.89,9289680,729387260.0,729387260.0,163766,56.73,1.27,10,0,0,2026-09-08 12:48:00,1
2026-03-23,01569,1569.HK,民生教育,0.174,-3.33,2040730,733883280.0,733883280.0,42772,47.71,0.28,10,0,0,2026-09-08 12:48:00,1
2026-03-23,01731,1731.HK,其利工業集團,0.715,7.52,3035440,800800000.0,800800000.0,165664,18.32,0.38,10,0,0,2026-09-08 12:48:01,1
2026-03-23,01346,1346.HK,利華控股集團,1.43,0.7,690560,913913000.0,913913000.0,62580,11.03,0.08,10,0,0,2026-09-08 12:48:00,1
2026-03-24,01166,1166.HK,星凱控股,0.57,3.64,1425000,81205972.0,81205972.0,8459,168.46,1.75,10,0,0,2026-09-08 12:48:02,1
2026-03-24,09958,9958.HK,力天影業,0.188,1.62,17022700,94000000.0,94000000.0,1659550,10.26,18.11,10,0,0,2026-09-08 12:48:03,1
2026-03-24,08360,8360.HK,簡樸新生活,0.35,37.25,1681680,126720900.0,126720900.0,58017,28.99,1.33,10,0,0,2026-09-08 12:48:03,1
2026-03-24,06610,6610.HK,飛天雲動,1.17,-7.14,1544490,152133649.0,152133649.0,113000,13.67,1.02,10,0,0,2026-09-08 12:48:03,1
2026-03-24,00118,118.HK,大同機械,0.2,-9.09,725130,172386138.0,172386138.0,18696,38.79,0.42,10,0,0,2026-09-08 12:48:01,1
2026-03-24,00897,897.HK,位元堂,0.36,1.41,1421850,401177840.0,401177840.0,74016,19.21,0.35,10,0,0,2026-09-08 12:48:02,1
2026-03-24,02529,2529.HK,泓盈城市服務,2.756,4.16,608300,440960000.0,110240000.0,11206,54.28,0.14,10,0,0,2026-09-08 12:48:03,1
2026-03-24,01692,1692.HK,登輝控股,1.455,-4.59,832680,522345000.0,522345000.0,27562,30.21,0.16,10,0,0,2026-09-08 12:48:02,1
2026-03-24,00567,567.HK,金安智能,0.36,46.94,8678450,580783525.0,580783525.0,846063,10.26,1.49,10,0,0,2026-09-08 12:48:02,1
2026-03-24,01463,1463.HK,C-LINK SQ,0.295,15.69,512100,847904192.0,847904192.0,37147,13.79,0.06,10,0,0,2026-09-08 12:48:02,1
2026-03-24,02008,2008.HK,鳳凰衛視,1.96,2.62,43761760,978757262.0,978757262.0,409913,106.76,4.47,10,0,0,2026-09-08 12:48:02,1
2026-03-25,00747,747.HK,沈陽公用發展股份,0.088,-17.76,1198690,129305088.0,53273088.0,58961,20.33,0.93,10,0,0,2026-09-08 12:48:04,1
2026-03-25,00164,164.HK,中國寶力科技,0.415,2.47,10115580,144944030.0,144944030.0,144735,69.89,6.98,10,0,0,2026-09-08 12:48:03,1
2026-03-25,00784,784.HK,愛生命國際,0.34,23.64,6795900,272000000.0,272000000.0,439350,15.47,2.5,10,0,0,2026-09-08 12:48:04,1
2026-03-25,03662,3662.HK,星悅康旅,0.385,0.0,1676730,279606250.0,279606250.0,153497,10.92,0.6,10,0,0,2026-09-08 12:48:05,1
2026-03-25,02545,2545.HK,中贛通信,0.455,-1.09,591900,291200000.0,291200000.0,25790,22.95,0.2,10,0,0,2026-09-08 12:48:04,1
2026-03-25,02529,2529.HK,泓盈城市服務,2.756,0.0,848400,440960000.0,110240000.0,71732,11.83,0.19,10,0,0,2026-09-08 12:48:04,1
2026-03-25,00367,367.HK,莊士機構國際,0.31,1.64,659720,518491462.0,518491462.0,24909,26.49,0.13,10,0,0,2026-09-08 12:48:03,1
2026-03-25,01727,1727.HK,河北建設,0.34,-10.53,525390,598870390.0,156870390.0,26961,19.49,0.09,10,0,0,2026-09-08 12:48:04,1
2026-03-25,01553,1553.HK,邁科管業,1.45,-3.33,573380,629010000.0,629010000.0,16340,35.09,0.09,10,0,0,2026-09-08 12:48:04,1
2026-03-25,00536,536.HK,貿易通,1.005,-0.99,9136880,800039013.0,800039013.0,654908,13.95,1.14,10,0,0,2026-09-08 12:48:03,1
2026-03-25,00156,156.HK,力寶華潤,1.0,2.04,1310650,918691271.0,918691271.0,95815,13.68,0.14,10,0,0,2026-09-08 12:48:03,1
2026-03-26,00559,559.HK,德泰新能源集團,0.121,18.63,1167066,63305311.0,63305311.0,64868,17.99,1.84,10,0,0,2026-09-08 12:48:05,1
2026-03-26,01400,1400.HK,滿地科技股份,0.017,0.0,5516790,64630045.0,64630045.0,352079,15.67,8.54,10,0,0,2026-09-08 12:48:06,1
2026-03-26,01850,1850.HK,美好生活集團控股,1.1,10.0,95556140,190080000.0,190080000.0,8021059,11.91,50.27,10,0,0,2026-09-08 12:48:06,1
2026-03-26,02605,2605.HK,MetaLight,1.79,15.48,1849200,277291517.0,277291517.0,171930,10.76,0.67,10,0,0,2026-09-08 12:48:06,1
2026-03-26,00731,731.HK,建發新勝,0.211,7.65,1118470,298480776.0,298480776.0,82300,13.59,0.37,10,0,0,2026-09-08 12:48:05,1
2026-03-26,01285,1285.HK,嘉士利集團,1.04,28.4,2818830,431600000.0,431600000.0,38522,73.17,0.65,10,0,0,2026-09-08 12:48:05,1
2026-03-26,01226,1226.HK,中國投融資,1.1,32.53,829240,453856260.0,453856260.0,14659,56.57,0.18,10,0,0,2026-09-08 12:48:05,1
2026-03-26,02651,2651.HK,大眾口腔,10.964,-1.26,63519340,554548616.0,199831399.0,4972823,12.77,11.45,10,0,0,2026-09-08 12:48:06,1
2026-03-26,00606,606.HK,中駿商管,0.31,5.08,2013450,599850000.0,599850000.0,19559,102.94,0.34,10,0,0,2026-09-08 12:48:05,1
2026-03-26,00771,771.HK,自動系統,0.73,7.35,1465930,612783529.0,612783529.0,126925,11.55,0.24,10,0,0,2026-09-08 12:48:05,1
2026-03-26,01953,1953.HK,賽孚迅國際,0.52,22.35,7580550,655200000.0,655200000.0,598813,12.66,1.16,10,0,0,2026-09-08 12:48:06,1
2026-03-26,00528,528.HK,金達控股,1.22,0.83,633880,768207160.0,768207160.0,34126,18.57,0.08,10,0,0,2026-09-08 12:48:05,1
2026-03-26,02483,2483.HK,K CASH集團,1.672,0.0,915800,836000000.0,836000000.0,7158,127.94,0.11,10,0,0,2026-09-08 12:48:06,1
2026-03-27,08516,8516.HK,中盈國際,1.18,12.38,796950,67907112.0,67907112.0,70749,11.26,1.17,10,0,0,2026-09-08 12:48:08,1
2026-03-27,06968,6968.HK,港龍中國地產,0.062,-10.14,676740,100551538.0,100551538.0,43734,15.47,0.67,10,0,0,2026-09-08 12:48:08,1
2026-03-27,00524,524.HK,長城天下,0.44,-2.22,689110,103962100.0,103962100.0,31104,22.16,0.66,10,0,0,2026-09-08 12:48:07,1
2026-03-27,08268,8268.HK,智城發展控股,0.38,28.81,5619320,109440000.0,109440000.0,478279,11.75,5.13,10,0,0,2026-09-08 12:48:08,1
2026-03-27,00396,396.HK,興利(香港)控股,0.29,7.41,16479220,234347847.0,234347847.0,95793,172.03,7.03,9,1,0,2026-09-08 12:48:07,1
2026-03-27,03366,3366.HK,華僑城(亞洲),0.315,48.58,1416610,235735290.0,235735290.0,21357,66.33,0.6,10,0,0,2026-09-08 12:48:08,1
2026-03-27,02605,2605.HK,MetaLight,1.98,10.61,3560400,306724695.0,306724695.0,352100,10.11,1.16,10,0,0,2026-09-08 12:48:08,1
2026-03-27,02108,2108.HK,K2 F&B,0.426,11.81,1440700,340800000.0,340800000.0,81964,17.58,0.42,10,0,0,2026-09-08 12:48:07,1
2026-03-27,06038,6038.HK,信越控股,0.37,-5.13,1440450,371110000.0,371110000.0,139310,10.34,0.39,10,0,0,2026-09-08 12:48:08,1
2026-03-27,06118,6118.HK,奧星生命科技,0.81,12.5,1652510,415191420.0,415191420.0,59508,27.77,0.4,10,0,0,2026-09-08 12:48:08,1
2026-03-27,00229,229.HK,利民實業,0.85,-4.49,903100,426126131.0,426126131.0,47330,19.08,0.21,10,0,0,2026-09-08 12:48:07,1
2026-03-27,01556,1556.HK,建業建榮,0.3,-15.49,3708300,450000000.0,450000000.0,145806,25.43,0.82,10,0,0,2026-09-08 12:48:07,1
2026-03-27,01657,1657.HK,樺欣控股,16.1,3.87,922400,515200000.0,515200000.0,54570,16.9,0.18,10,0,0,2026-09-08 12:48:07,1
2026-03-27,00368,368.HK,德合集團,0.78,64.21,1949800,624000000.0,624000000.0,6712,290.49,0.31,10,0,0,2026-09-08 12:48:07,1
2026-03-27,01346,1346.HK,利華控股集團,1.44,2.13,1494080,920304000.0,920304000.0,129616,11.53,0.16,10,0,0,2026-09-08 12:48:07,1
2026-03-30,08131,8131.HK,諾亞智能,0.041,-38.81,2492370,29487657.0,29487657.0,125017,19.94,8.45,10,0,0,2026-09-08 12:48:09,1
2026-03-30,00145,145.HK,信能低碳,0.209,4.5,11496020,76536180.0,76536180.0,112856,101.86,15.02,10,0,0,2026-09-08 12:48:08,1
2026-03-30,08081,8081.HK,白居易控股,0.021,-4.55,1217070,108276737.0,108276737.0,118185,10.3,1.12,10,0,0,2026-09-08 12:48:09,1
2026-03-30,00524,524.HK,長城天下,0.59,34.09,22948880,139403725.0,139403725.0,99810,229.93,16.46,10,0,0,2026-09-08 12:48:08,1
2026-03-30,02505,2505.HK,EDA集團控股,0.33,-37.74,8403720,152894198.0,152894198.0,403362,20.83,5.5,10,0,0,2026-09-08 12:48:09,1
2026-03-30,01102,1102.HK,環能國際,0.058,11.54,2722610,162364373.0,162364373.0,53266,51.11,1.68,10,0,0,2026-09-08 12:48:08,1
2026-03-30,01715,1715.HK,智慧健康科技,0.57,9.62,2483700,205633131.0,205633131.0,200482,12.39,1.21,10,0,0,2026-09-08 12:48:09,1
2026-03-30,01962,1962.HK,訓修實業,0.433,0.0,540560,266786888.0,266786888.0,12431,43.48,0.2,10,0,0,2026-09-08 12:48:09,1
2026-03-30,01073,1073.HK,大禹金融,0.096,-20.66,580580,328127095.0,328127095.0,47617,12.19,0.18,10,0,0,2026-09-08 12:48:08,1
2026-03-30,08269,8269.HK,倍升教育科技,0.375,-2.6,2736000,334021050.0,334021050.0,236850,11.55,0.82,10,0,0,2026-09-08 12:48:09,1
2026-03-30,00583,583.HK,長城環亞控股,0.228,-2.56,518160,357445996.0,357445996.0,33648,15.4,0.14,10,0,0,2026-09-08 12:48:08,1
2026-03-30,03913,3913.HK,合景悠活,0.185,-3.65,2048860,374783899.0,374783899.0,169996,12.05,0.55,10,0,0,2026-09-08 12:48:09,1
2026-03-30,08368,8368.HK,中國創意控股,0.68,102.99,1483890,470708049.0,470708049.0,27961,53.07,0.32,10,0,0,2026-09-08 12:48:09,1
2026-03-30,01780,1780.HK,榮尊國際控股,0.76,16.92,67015800,471200000.0,471200000.0,3386574,19.79,14.22,10,0,0,2026-09-08 12:48:09,1
2026-03-30,02281,2281.HK,興瀘水務,0.624,-14.99,1087770,536459040.0,134122560.0,23947,45.42,0.2,10,0,0,2026-09-08 12:48:09,1
2026-03-30,00351,351.HK,亞洲能源物流,0.28,12.0,5028950,558593068.0,558593068.0,9384,535.91,0.9,10,0,0,2026-09-08 12:48:08,1
2026-03-30,06989,6989.HK,卓越商企服務,0.62,-8.82,4859630,756615760.0,756615760.0,342111,14.2,0.64,10,0,0,2026-09-08 12:48:09,1
2026-03-30,01525,1525.HK,建橋教育,2.05,-12.02,1687050,850750000.0,850750000.0,162256,10.4,0.2,10,0,0,2026-09-08 12:48:09,1
2026-03-30,01321,1321.HK,中國新城市,0.52,8.33,3460800,958892021.0,958892021.0,46700,74.11,0.36,10,0,0,2026-09-08 12:48:09,1
2026-03-31,08007,8007.HK,環球戰略集團,0.255,2.0,3335600,57710944.0,57710944.0,20685,161.26,5.78,10,0,0,2026-09-08 12:48:10,1
2026-03-31,01961,1961.HK,多牛科技,0.099,-60.4,14670248,72695816.0,72695816.0,1076879,13.62,20.18,10,0,0,2026-09-08 12:48:10,1
2026-03-31,08072,8072.HK,蘭谷股份,0.475,-1.04,2260100,79965839.0,79965839.0,58804,38.43,2.83,10,0,0,2026-09-08 12:48:11,1
2026-03-31,02135,2135.HK,瑞麗醫美,0.148,8.82,1133060,82447445.0,82447445.0,10626,106.63,1.37,10,0,0,2026-09-08 12:48:10,1
2026-03-31,06918,6918.HK,九泰數智,0.159,6.0,7105500,139027501.0,139027501.0,686258,10.35,5.11,10,0,0,2026-09-08 12:48:10,1
2026-03-31,01894,1894.HK,恆益控股,0.6,-7.69,38197490,140014200.0,140014200.0,335472,113.86,27.28,10,0,0,2026-09-08 12:48:10,1
2026-03-31,01460,1460.HK,揚科集團,0.209,-5.0,3190120,183416375.0,183416375.0,51722,61.68,1.74,10,0,0,2026-09-08 12:48:10,1
2026-03-31,00954,954.HK,常茂生物,0.35,1.45,689620,185395000.0,64295000.0,18474,37.33,0.37,10,0,0,2026-09-08 12:48:10,1
2026-03-31,01792,1792.HK,CMON,0.965,11.56,8098970,239011200.0,239011200.0,99803,81.15,3.39,10,0,0,2026-09-08 12:48:10,1
2026-03-31,09982,9982.HK,中原建業,0.064,-20.0,9133190,296871490.0,296871490.0,454935,20.08,3.08,10,0,0,2026-09-08 12:48:11,1
2026-03-31,00987,987.HK,中國再生能源投資,0.145,29.46,7681080,363392832.0,363392832.0,72436,106.04,2.11,10,0,0,2026-09-08 12:48:10,1
2026-03-31,02189,2189.HK,嘉濤(香港)控股,0.46,2.22,956920,460000000.0,460000000.0,73353,13.05,0.21,10,0,0,2026-09-08 12:48:10,1
2026-03-31,00829,829.HK,神冠控股,0.198,-17.5,1605310,639635040.0,639635040.0,115654,13.88,0.25,10,0,0,2026-09-08 12:48:10,1
2026-03-31,08368,8368.HK,中國創意控股,0.95,39.71,2174200,657606833.0,657606833.0,176350,12.33,0.33,10,0,0,2026-09-08 12:48:11,1
2026-04-01,08471,8471.HK,新達控股,0.9,-22.41,723800,66204000.0,66204000.0,10215,70.86,1.09,10,0,0,2026-09-08 12:48:12,1
2026-04-01,01894,1894.HK,恆益控股,0.68,13.33,49207030,158682760.0,158682760.0,4042070,12.17,31.01,10,0,0,2026-09-08 12:48:11,1
2026-04-01,06909,6909.HK,百得利控股,0.322,-9.8,580980,200445000.0,200445000.0,7890,73.63,0.29,10,0,0,2026-09-08 12:48:12,1
2026-04-01,00608,608.HK,達利國際,1.095,-4.37,691460,334648885.0,334648885.0,24760,27.93,0.21,10,0,0,2026-09-08 12:48:11,1
2026-04-01,08368,8368.HK,中國創意控股,0.5,-47.37,81893950,346108860.0,346108860.0,390759,209.58,23.66,10,0,0,2026-09-08 12:48:12,1
2026-04-01,00627,627.HK,共生智築,0.445,3.49,1584400,632199602.0,632199602.0,878,1804.56,0.25,10,0,0,2026-09-08 12:48:11,1
2026-04-01,01036,1036.HK,萬科海外,1.68,14.29,1305930,654406926.0,654406926.0,41190,31.71,0.2,10,0,0,2026-09-08 12:48:11,1
2026-04-01,02779,2779.HK,中國新華教育,0.5,-13.79,3267710,804291500.0,804291500.0,265957,12.29,0.41,10,0,0,2026-09-08 12:48:12,1
2026-04-02,08069,8069.HK,飛道旅遊科技,0.44,-18.52,965750,17967708.0,17967708.0,70946,13.61,5.37,10,0,0,2026-09-08 12:48:13,1
2026-04-02,01340,1340.HK,惠生國際,0.384,-4.0,572490,53155469.0,53155469.0,32886,17.41,1.08,10,0,0,2026-09-08 12:48:13,1
2026-04-02,00401,401.HK,萬嘉集團,0.113,0.89,610200,127533574.0,127533574.0,26270,23.23,0.48,10,0,0,2026-09-08 12:48:12,1
2026-04-02,08031,8031.HK,易通訊集團,0.445,8.54,4594730,157861525.0,157861525.0,38181,120.34,2.91,10,0,0,2026-09-08 12:48:13,1
2026-04-02,01529,1529.HK,樂氏國際控股,0.455,0.0,1189040,303521400.0,303521400.0,58042,20.49,0.39,10,0,0,2026-09-08 12:48:13,1
2026-04-02,06933,6933.HK,新娛科控股,0.74,13.85,2181400,316722084.0,316722084.0,89800,24.29,0.69,10,0,0,2026-09-08 12:48:13,1
2026-04-02,01901,1901.HK,飛揚集團,0.345,-2.82,3276070,344448000.0,344448000.0,221032,14.82,0.95,10,0,0,2026-09-08 12:48:13,1
2026-04-02,00022,22.HK,茂盛控股,12.25,-10.91,233826870,481765023.0,481765023.0,6022245,38.83,48.54,10,0,0,2026-09-08 12:48:12,1
2026-04-02,01371,1371.HK,中國生態旅遊,1.81,0.56,652260,619217066.0,619217066.0,4984,130.87,0.11,10,0,0,2026-09-08 12:48:13,1
2026-04-02,02298,2298.HK,都市麗人,0.324,1.57,7775570,728824137.0,728824137.0,517894,15.01,1.07,10,0,0,2026-09-08 12:48:13,1
2026-04-08,08237,8237.HK,華星控股,0.22,11.11,856220,44225280.0,44225280.0,119,7195.13,1.94,10,0,0,2026-09-08 12:48:15,1
2026-04-08,01421,1421.HK,恆昌集團國際,0.37,-1.33,7152800,74072224.0,74072224.0,63691,112.3,9.66,10,0,0,2026-09-08 12:48:14,1
2026-04-08,01013,1013.HK,偉俊集團控股,0.315,-7.35,993000,84227702.0,84227702.0,1843,538.8,1.18,10,0,0,2026-09-08 12:48:14,1
2026-04-08,08007,8007.HK,環球戰略集團,0.485,83.02,8783240,109763953.0,109763953.0,465431,18.87,8.0,10,0,0,2026-09-08 12:48:15,1
2026-04-08,08620,8620.HK,亞洲速運,0.182,1.11,1104800,114424310.0,114424310.0,89860,12.29,0.97,10,0,0,2026-09-08 12:48:15,1
2026-04-08,01703,1703.HK,誼和股份,0.9,-2.17,2742650,124200000.0,124200000.0,123405,22.22,2.21,10,0,0,2026-09-08 12:48:14,1
2026-04-08,08082,8082.HK,擎華控股,0.05,25.0,3123410,133640784.0,133640784.0,104114,30.0,2.34,10,0,0,2026-09-08 12:48:15,1
2026-04-08,01025,1025.HK,嘉藝控股,0.345,39.68,11294890,154341767.0,154341767.0,361449,31.25,7.32,10,0,0,2026-09-08 12:48:14,1
2026-04-08,08168,8168.HK,寶積資本,0.13,-5.11,4919360,192998000.0,192998000.0,348105,14.13,2.55,10,0,0,2026-09-08 12:48:15,1
2026-04-08,06909,6909.HK,百得利控股,0.317,0.0,1523870,197332500.0,197332500.0,65803,23.16,0.77,10,0,0,2026-09-08 12:48:15,1
2026-04-08,01661,1661.HK,中國前沿科技集團,1.27,7.63,1492380,241673634.0,241673634.0,129234,11.55,0.62,10,0,0,2026-09-08 12:48:14,1
2026-04-08,02227,2227.HK,守益控股,0.31,6.9,2199800,283836000.0,283836000.0,70910,31.02,0.78,10,0,0,2026-09-08 12:48:14,1
2026-04-08,01419,1419.HK,盈健醫療,0.82,0.0,560940,311232831.0,311232831.0,35496,15.8,0.18,10,0,0,2026-09-08 12:48:14,1
2026-04-08,01795,1795.HK,亞東集團,0.63,14.55,2474670,378000000.0,378000000.0,102933,24.04,0.65,10,0,0,2026-09-08 12:48:14,1
2026-04-08,00082,82.HK,瘋狂體育,0.085,6.25,1438620,384721513.0,384721513.0,79051,18.2,0.37,10,0,0,2026-09-08 12:48:14,1
2026-04-08,08512,8512.HK,凱富善集團控股,0.42,29.23,6680100,385770000.0,385770000.0,144940,46.09,1.73,10,0,0,2026-09-08 12:48:15,1
2026-04-08,02260,2260.HK,環龍控股,1.31,10.08,17415480,633309020.0,633309020.0,4878,3570.21,2.75,10,0,0,2026-09-08 12:48:14,1
2026-04-08,00301,301.HK,三和精化,1.5,0.0,5096320,705689610.0,705689610.0,183596,27.76,0.72,10,0,0,2026-09-08 12:48:14,1
2026-04-08,08321,8321.HK,泰錦控股,1.66,10.67,843160,890424000.0,890424000.0,27922,30.2,0.09,10,0,0,2026-09-08 12:48:15,1
2026-04-08,00918,918.HK,龍翼航空科技,0.8,8.11,3192300,891255327.0,891255327.0,149488,21.35,0.36,10,0,0,2026-09-08 12:48:14,1
2026-04-09,00261,261.HK,GBA集團,0.31,21.57,901490,102722120.0,102722120.0,82055,10.99,0.88,10,0,0,2026-09-08 12:48:15,1
2026-04-09,03313,3313.HK,雅高控股,1.18,0.85,1242110,167808345.0,167808345.0,20565,60.4,0.74,10,0,0,2026-09-08 12:48:16,1
2026-04-09,09968,9968.HK,匯景控股,0.035,20.69,1487940,183890000.0,183890000.0,56833,26.18,0.81,10,0,0,2026-09-08 12:48:16,1
2026-04-09,03830,3830.HK,童園國際,0.197,3.14,1381150,197000000.0,197000000.0,97265,14.2,0.7,10,0,0,2026-09-08 12:48:16,1
2026-04-09,00442,442.HK,域能控股,0.8,6.67,597050,207320000.0,207320000.0,11350,52.6,0.29,10,0,0,2026-09-08 12:48:15,1
2026-04-09,00417,417.HK,謝瑞麟,0.94,30.56,3755110,234231108.0,234231108.0,113766,33.01,1.6,10,0,0,2026-09-08 12:48:15,1
2026-04-09,00471,471.HK,中播數據,0.61,-6.15,24804280,292654903.0,292654903.0,588114,42.18,8.48,10,0,0,2026-09-08 12:48:15,1
2026-04-09,01796,1796.HK,中國數智科技,0.66,-51.47,70900590,316800000.0,316800000.0,5004970,14.17,22.38,10,0,0,2026-09-08 12:48:16,1
2026-04-09,00184,184.HK,激成投資,2.11,-5.38,2862320,717822000.0,717822000.0,166404,17.2,0.4,10,0,0,2026-09-08 12:48:15,1
2026-04-09,00905,905.HK,胡桃資本,0.69,-17.86,80653440,724845612.0,724845612.0,1030069,78.3,11.13,10,0,0,2026-09-08 12:48:15,1
2026-04-09,00918,918.HK,龍翼航空科技,0.76,-5.0,38734200,846692561.0,846692561.0,456520,84.85,4.57,10,0,0,2026-09-08 12:48:15,1
2026-04-09,00526,526.HK,利時集團控股,0.1,-13.04,4055060,884402039.0,884402039.0,182094,22.27,0.46,10,0,0,2026-09-08 12:48:15,1
2026-04-10,08221,8221.HK,高裕金融,1.19,-3.25,1483290,56644000.0,56644000.0,114614,12.94,2.62,10,0,0,2026-09-08 12:48:17,1
2026-04-10,08619,8619.HK,NIU HOLDINGS,0.168,-1.18,1691450,72850680.0,72850680.0,167109,10.12,2.32,10,0,0,2026-09-08 12:48:17,1
2026-04-10,08439,8439.HK,新百利融資,0.65,62.5,1063930,98469731.0,98469731.0,22560,47.16,1.08,10,0,0,2026-09-08 12:48:17,1
2026-04-10,00110,110.HK,中國長遠,0.385,40.0,1344960,107244017.0,107244017.0,89256,15.07,1.25,10,0,0,2026-09-08 12:48:16,1
2026-04-10,01468,1468.HK,嘉高達資本,0.365,5.8,3029210,152143297.0,152143297.0,160232,18.91,1.99,10,0,0,2026-09-08 12:48:17,1
2026-04-10,00401,401.HK,萬嘉集團,0.172,37.6,1858460,194121901.0,194121901.0,134132,13.86,0.96,10,0,0,2026-09-08 12:48:16,1
2026-04-10,01942,1942.HK,馬可數字科技,0.168,21.74,17468100,345809453.0,345809453.0,1137374,15.36,5.05,10,0,0,2026-09-08 12:48:17,1
2026-04-10,00677,677.HK,金源發展國際實業,0.355,0.0,1932000,602579293.0,602579293.0,45677,42.3,0.32,10,0,0,2026-09-08 12:48:17,0
2026-04-10,01661,1661.HK,中國前沿科技集團,3.24,89.47,21013490,616553208.0,616553208.0,485153,43.31,3.41,10,0,0,2026-09-08 12:48:17,1
2026-04-13,08178,8178.HK,中國信息科技,0.253,18.78,1795460,43543111.0,43543111.0,73798,24.33,4.12,10,0,0,2026-09-08 12:48:19,1
2026-04-13,02433,2433.HK,中天湖南集團,0.088,23.94,1739100,50688000.0,50688000.0,120840,14.39,3.43,10,0,0,2026-09-08 12:48:19,1
2026-04-13,00193,193.HK,冠中地產,0.25,15.74,1341170,58300640.0,58300640.0,31909,42.03,2.3,10,0,0,2026-09-08 12:48:18,1
2026-04-13,00110,110.HK,中國長遠,0.395,2.6,4088700,110029576.0,110029576.0,223748,18.27,3.72,10,0,0,2026-09-08 12:48:18,1
2026-04-13,06928,6928.HK,萬馬控股,0.228,26.67,1089480,174420000.0,174420000.0,17751,61.38,0.62,10,0,0,2026-09-08 12:48:19,1
2026-04-13,03708,3708.HK,中國供應鏈產業,0.27,8.0,3715780,196365600.0,196365600.0,200580,18.53,1.89,10,0,0,2026-09-08 12:48:19,1
2026-04-13,00510,510.HK,時富金融服務集團,0.51,-17.74,949310,219899137.0,219899137.0,42907,22.12,0.43,10,0,0,2026-09-08 12:48:18,1
2026-04-13,06988,6988.HK,樂享集團,0.159,98.75,24339100,377136425.0,377136425.0,77920,312.36,6.45,10,0,0,2026-09-08 12:48:19,1
2026-04-14,08532,8532.HK,寶發控股,0.062,3.33,896320,5262213.0,5262213.0,61190,14.65,17.03,10,0,0,2026-09-08 12:48:21,1
2026-04-14,08472,8472.HK,立高控股,0.38,5.56,736290,43776000.0,43776000.0,48755,15.1,1.68,10,0,0,2026-09-08 12:48:20,1
2026-04-14,00986,986.HK,杜甫酒業集團,0.49,-20.97,541050,63440570.0,63440570.0,48414,11.18,0.85,10,0,0,2026-09-08 12:48:20,1
2026-04-14,08237,8237.HK,華星控股,0.43,53.57,2575420,86440320.0,86440320.0,169359,15.21,2.98,10,0,0,2026-09-08 12:48:20,1
2026-04-14,01581,1581.HK,進升集團控股,0.355,42.0,1886400,147325000.0,147325000.0,44666,42.23,1.28,10,0,0,2026-09-08 12:48:20,1
2026-04-14,00164,164.HK,中國寶力科技,0.43,10.26,1376130,150182971.0,150182971.0,89539,15.37,0.92,10,0,0,2026-09-08 12:48:19,1
2026-04-14,08439,8439.HK,新百利融資,1.06,63.08,5193680,160581408.0,160581408.0,143281,36.25,3.23,9,1,0,2026-09-08 12:48:20,1
2026-04-14,00482,482.HK,聖馬丁國際,0.78,-4.88,753200,191405092.0,191405092.0,9581,78.61,0.39,10,0,0,2026-09-08 12:48:19,1
2026-04-14,02376,2376.HK,魯商服務,1.816,-18.42,721680,242145440.0,60545440.0,47287,15.26,0.3,10,0,0,2026-09-08 12:48:20,1
2026-04-14,00438,438.HK,彩虹新能源,1.7,-7.61,1181900,299747519.0,163622739.0,102993,11.48,0.39,10,0,0,2026-09-08 12:48:19,1
2026-04-14,01013,1013.HK,偉俊集團控股,1.41,340.62,7037760,377019239.0,377019239.0,113048,62.25,1.87,9,1,0,2026-09-08 12:48:20,1
2026-04-14,01251,1251.HK,華油能源,0.255,-5.56,3577020,498306720.0,498306720.0,234243,15.27,0.72,10,0,0,2026-09-08 12:48:20,1
2026-04-14,01255,1255.HK,TATA健康,2.38,53.55,1840920,577971100.0,577971100.0,36146,50.93,0.32,10,0,0,2026-09-08 12:48:20,1
2026-04-14,00679,679.HK,亞洲聯網科技,1.7,32.81,7295660,643846780.0,643846780.0,269221,27.1,1.13,10,0,0,2026-09-08 12:48:19,1
2026-04-14,00450,450.HK,鴻興印刷集團,0.77,-3.75,3461860,699056030.0,699056030.0,97834,35.39,0.5,10,0,0,2026-09-08 12:48:19,1
2026-04-14,00660,660.HK,瑋俊生物科技,2.3,801.96,51359070,883912505.0,883912505.0,606,84813.14,5.81,9,1,0,2026-09-08 12:48:19,1
2026-04-15,08612,8612.HK,維亮控股,0.118,-1.67,1816020,48936960.0,48936960.0,106726,17.02,3.71,10,0,0,2026-09-08 12:48:22,1
2026-04-15,00060,60.HK,香港食品投資,0.495,-14.66,563850,126548730.0,126548730.0,7783,72.45,0.45,10,0,0,2026-09-08 12:48:21,1
2026-04-15,02193,2193.HK,萬景控股,0.34,17.24,743520,142661960.0,142661960.0,29444,25.25,0.52,10,0,0,2026-09-08 12:48:21,1
2026-04-15,01389,1389.HK,美捷匯控股,0.37,8.82,1518060,205103333.0,205103333.0,30737,49.39,0.74,10,0,0,2026-09-08 12:48:21,1
2026-04-15,01615,1615.HK,奧邦建築,0.365,28.07,680100,219000000.0,219000000.0,21678,31.37,0.31,10,0,0,2026-09-08 12:48:21,1
2026-04-15,02376,2376.HK,魯商服務,1.646,-9.36,2867610,219477640.0,54877640.0,108210,26.5,1.31,10,0,0,2026-09-08 12:48:21,1
2026-04-15,02125,2125.HK,稻草熊娛樂,0.35,-9.09,714700,247114490.0,247114490.0,24520,29.15,0.29,10,0,0,2026-09-08 12:48:21,1
2026-04-15,06610,6610.HK,飛天雲動,1.93,109.78,24476370,250955507.0,250955507.0,466148,52.51,9.75,10,0,0,2026-09-08 12:48:22,1
2026-04-15,06913,6913.HK,華南職業教育,0.208,5.05,2077900,277472000.0,277472000.0,64983,31.98,0.75,10,0,0,2026-09-08 12:48:22,1
2026-04-15,01348,1348.HK,滉達富控股,0.248,28.5,5209260,365609536.0,365609536.0,368061,14.15,1.42,10,0,0,2026-09-08 12:48:21,1
2026-04-15,02297,2297.HK,潤邁德-B,0.27,1.89,1433000,378366876.0,378366876.0,111410,12.86,0.38,10,0,0,2026-09-08 12:48:21,1
2026-04-15,00078,78.HK,富豪酒店,0.53,-1.85,1048620,476354636.0,476354636.0,61145,17.15,0.22,10,0,0,2026-09-08 12:48:21,1
2026-04-15,00367,367.HK,莊士機構國際,0.295,-3.28,3268740,493403166.0,493403166.0,16033,203.88,0.66,10,0,0,2026-09-08 12:48:21,1
2026-04-15,00784,784.HK,愛生命國際,0.91,152.78,246487900,728000000.0,728000000.0,1807100,136.4,33.86,4,1,0,2026-09-08 12:48:21,1
2026-04-15,01657,1657.HK,樺欣控股,23.1,3.13,2632800,739200000.0,739200000.0,258440,10.19,0.36,10,0,0,2026-09-08 12:48:21,1
2026-04-15,00191,191.HK,麗新國際,0.84,20.0,566140,742034077.0,742034077.0,53999,10.48,0.08,10,0,0,2026-09-08 12:48:21,1
2026-04-15,00679,679.HK,亞洲聯網科技,2.18,28.24,16366040,825638812.0,825638812.0,983617,16.64,1.98,10,0,0,2026-09-08 12:48:21,1
2026-04-15,02625,2625.HK,江蘇宏信,4.19,0.0,11627400,987329777.0,987329777.0,302100,38.49,1.18,10,0,0,2026-09-08 12:48:21,1
2026-04-16,02110,2110.HK,天成控股,0.124,18.1,17994110,5356800.0,5356800.0,49495,363.55,335.91,10,0,0,2026-09-08 12:48:23,1
2026-04-16,03603,3603.HK,信基沙溪,0.08,31.15,707530,119435520.0,119435520.0,13779,51.35,0.59,10,0,0,2026-09-08 12:48:23,1
2026-04-16,08372,8372.HK,君百延集團,0.161,28.8,744410,128800000.0,128800000.0,4576,162.68,0.58,10,0,0,2026-09-08 12:48:23,1
2026-04-16,08021,8021.HK,匯隆控股,0.219,-45.25,4266460,157319756.0,157319756.0,3720,1146.9,2.71,10,0,0,2026-09-08 12:48:23,1
2026-04-16,00164,164.HK,中國寶力科技,0.58,34.88,3490940,202572379.0,202572379.0,239714,14.56,1.72,10,0,0,2026-09-08 12:48:22,1
2026-04-16,00862,862.HK,遠見控股,0.53,35.9,929310,207982094.0,207982094.0,55933,16.61,0.45,10,0,0,2026-09-08 12:48:22,1
2026-04-16,01153,1153.HK,佳源服務,0.33,24.53,839130,221828970.0,221828970.0,63094,13.3,0.38,10,0,0,2026-09-08 12:48:22,1
2026-04-16,03390,3390.HK,滿貫集團,0.25,-12.28,3684040,223500000.0,223500000.0,88284,41.73,1.65,10,0,0,2026-09-08 12:48:23,1
2026-04-16,02125,2125.HK,稻草熊娛樂,0.365,4.29,1002000,257705111.0,257705111.0,95580,10.48,0.39,10,0,0,2026-09-08 12:48:23,1
2026-04-16,00150,150.HK,HYPEBEAST,0.179,6.55,1350480,360386147.0,360386147.0,66606,20.28,0.37,10,0,0,2026-09-08 12:48:22,1
2026-04-16,02263,2263.HK,富石金融,0.4,29.03,9123200,400000000.0,400000000.0,68310,133.56,2.28,10,0,0,2026-09-08 12:48:23,1
2026-04-16,00789,789.HK,雅天妮集團,2.025,24.62,1160000,536207091.0,536207091.0,101243,11.46,0.22,10,0,0,2026-09-08 12:48:22,1
2026-04-17,08471,8471.HK,新達控股,0.76,-11.63,914930,55905600.0,55905600.0,88884,10.29,1.64,10,0,0,2026-09-08 12:48:24,1
2026-04-17,08217,8217.HK,菊福堂生物,0.247,-14.83,1544160,74559420.0,74559420.0,97520,15.83,2.07,10,0,0,2026-09-08 12:48:24,1
2026-04-17,00261,261.HK,GBA集團,0.29,5.45,8086380,96094887.0,96094887.0,387299,20.88,8.41,10,0,0,2026-09-08 12:48:23,1
2026-04-17,01927,1927.HK,久久王,0.178,21.09,1232800,140976000.0,140976000.0,56580,21.79,0.87,10,0,0,2026-09-08 12:48:24,1
2026-04-17,01679,1679.HK,瑞斯康集團,0.74,19.35,3572650,159702242.0,159702242.0,217406,16.43,2.24,10,0,0,2026-09-08 12:48:24,1
2026-04-17,00532,532.HK,王氏港建,0.25,-1.96,875440,182474491.0,182474491.0,30589,28.62,0.48,10,0,0,2026-09-08 12:48:24,1
2026-04-17,00356,356.HK,鼎立資本,0.945,3.28,1416120,190321739.0,190321739.0,40785,34.72,0.74,10,0,0,2026-09-08 12:48:23,1
2026-04-17,00476,476.HK,科軒動力控股,0.55,10.0,2067370,195607010.0,195607010.0,143798,14.38,1.06,10,0,0,2026-09-08 12:48:23,1
2026-04-17,01650,1650.HK,HYGIEIA GROUP,0.143,17.21,2175080,286000000.0,286000000.0,88671,24.53,0.76,10,0,0,2026-09-08 12:48:24,1
2026-04-17,02457,2457.HK,步陽國際,0.325,3.17,756550,325000000.0,325000000.0,16254,46.55,0.23,10,0,0,2026-09-08 12:48:24,1
2026-04-17,02312,2312.HK,LONG投資集團,0.77,20.31,8416210,351796373.0,351796373.0,360226,23.36,2.39,10,0,0,2026-09-08 12:48:24,1
2026-04-17,00519,519.HK,諾科達科技,0.15,-6.25,888290,458265861.0,458265861.0,41521,21.39,0.19,10,0,0,2026-09-08 12:48:24,1
2026-04-17,00672,672.HK,眾安集團,0.095,-5.94,3081510,535401931.0,535401931.0,211166,14.59,0.58,10,0,0,2026-09-08 12:48:24,1
2026-04-17,01201,1201.HK,天臣控股,1.9,-15.18,3780440,835401933.0,835401933.0,367079,10.3,0.45,10,0,0,2026-09-08 12:48:24,1
2026-04-20,01010,1010.HK,天璽曜11,0.075,0.0,583800,33322063.0,33322063.0,37620,15.52,1.75,10,0,0,2026-09-08 12:48:25,1
2026-04-20,08191,8191.HK,鴻偉亞洲,0.138,2.22,1355030,48857579.0,48857579.0,2088,648.96,2.77,10,0,0,2026-09-08 12:48:26,1
2026-04-20,08487,8487.HK,ISP GLOBAL,0.047,9.3,1034700,49191516.0,49191516.0,67170,15.4,2.1,10,0,0,2026-09-08 12:48:26,1
2026-04-20,08120,8120.HK,國農金融投資,0.68,0.0,616600,110586197.0,110586197.0,29034,21.24,0.56,10,0,0,2026-09-08 12:48:26,1
2026-04-20,00048,48.HK,中國汽車內飾,0.33,39.24,978900,144469961.0,144469961.0,39067,25.06,0.68,10,0,0,2026-09-08 12:48:25,1
2026-04-20,03997,3997.HK,電訊首科,1.25,23.76,1584300,160427500.0,160427500.0,61880,25.6,0.99,10,0,0,2026-09-08 12:48:26,1
2026-04-20,02370,2370.HK,力高健康生活,0.86,0.0,566700,172000000.0,172000000.0,38620,14.67,0.33,10,0,0,2026-09-08 12:48:25,1
2026-04-20,01682,1682.HK,杭品生活科技,0.117,5.41,2574040,183906918.0,183906918.0,180475,14.26,1.4,10,0,0,2026-09-08 12:48:25,1
2026-04-20,01679,1679.HK,瑞斯康集團,0.97,31.08,6490620,209339425.0,209339425.0,574386,11.3,3.1,10,0,0,2026-09-08 12:48:25,1
2026-04-20,01582,1582.HK,華營建築,0.47,20.51,1466340,235000000.0,235000000.0,57768,25.38,0.62,10,0,0,2026-09-08 12:48:25,1
2026-04-20,03302,3302.HK,精技集團,0.4,9.59,2417430,368157358.0,368157358.0,223279,10.83,0.66,10,0,0,2026-09-08 12:48:26,1
2026-04-20,00244,244.HK,先施,0.32,1.59,1690720,420468019.0,420468019.0,15780,107.14,0.4,10,0,0,2026-09-08 12:48:25,1
2026-04-20,00280,280.HK,景福集團,0.51,0.0,1394200,463747317.0,463747317.0,91294,15.27,0.3,10,0,0,2026-09-08 12:48:25,1
2026-04-20,06162,6162.HK,天瑞汽車內飾,0.194,16.17,7659670,465600000.0,465600000.0,525652,14.57,1.65,10,0,0,2026-09-08 12:48:26,1
2026-04-20,01522,1522.HK,京投交通科技,0.285,-1.72,2805580,597686817.0,597686817.0,260244,10.78,0.47,10,0,0,2026-09-08 12:48:25,1
2026-04-20,02250,2250.HK,小黃鴨德盈,0.62,1.64,2156170,625180100.0,625180100.0,114407,18.85,0.34,10,0,0,2026-09-08 12:48:25,1
2026-04-20,01202,1202.HK,四威科技,1.669,34.71,17294320,667600000.0,267040000.0,453087,38.17,2.59,10,0,0,2026-09-08 12:48:25,1
2026-04-20,01082,1082.HK,源宇宙教育,1.43,2.88,1083040,869507038.0,869507038.0,75097,14.42,0.12,10,0,0,2026-09-08 12:48:25,1
2026-04-21,00426,426.HK,萬華媒體,0.123,17.14,541460,49310700.0,49310700.0,35516,15.25,1.1,10,0,0,2026-09-08 12:48:26,1
2026-04-21,08489,8489.HK,裕程物流,0.31,8.77,826300,95348250.0,95348250.0,70030,11.8,0.87,10,0,0,2026-09-08 12:48:27,1
2026-04-21,01413,1413.HK,鑄帝控股,0.295,-13.24,3942580,96760000.0,96760000.0,257365,15.32,4.07,10,0,0,2026-09-08 12:48:26,1
2026-04-21,08483,8483.HK,名仕快相,0.145,30.63,699690,116000000.0,116000000.0,15455,45.27,0.6,10,0,0,2026-09-08 12:48:27,1
2026-04-21,01239,1239.HK,TEAMWAY INTL GP,0.365,23.73,874350,158416543.0,158416543.0,4832,180.95,0.55,10,0,0,2026-09-08 12:48:26,1
2026-04-21,00387,387.HK,力豐(集團),0.79,9.72,570840,181760089.0,181760089.0,6132,93.09,0.31,10,0,0,2026-09-08 12:48:26,1
2026-04-21,03997,3997.HK,電訊首科,1.72,37.6,9734890,220748240.0,220748240.0,204318,47.65,4.41,10,0,0,2026-09-08 12:48:27,1
2026-04-21,01793,1793.HK,偉工控股,0.28,3.7,3662100,224000000.0,224000000.0,167464,21.87,1.63,10,0,0,2026-09-08 12:48:27,1
2026-04-21,01792,1792.HK,CMON,0.905,-0.33,1083940,224150400.0,224150400.0,79433,13.65,0.48,10,0,0,2026-09-08 12:48:27,1
2026-04-21,08507,8507.HK,愛世紀集團,0.283,23.04,5112500,226400000.0,226400000.0,448787,11.39,2.26,10,0,0,2026-09-08 12:48:27,1
2026-04-21,00723,723.HK,信保環球控股,0.226,-3.0,2309700,247208183.0,247208183.0,166498,13.87,0.93,10,0,0,2026-09-08 12:48:26,1
2026-04-21,01895,1895.HK,鑫苑服務,0.43,-6.52,2356030,255006125.0,255006125.0,140857,16.73,0.92,10,0,0,2026-09-08 12:48:27,1
2026-04-21,00641,641.HK,中國恆天立信國際,0.355,1.43,627950,390576882.0,390576882.0,29328,21.41,0.16,10,0,0,2026-09-08 12:48:26,1
2026-04-22,08071,8071.HK,中彩網通控股,0.6,-29.41,520210,56232580.0,56232580.0,45718,11.38,0.93,10,0,0,2026-09-08 12:48:28,1
2026-04-22,00810,810.HK,中國鑄晨81,0.13,-4.41,3681530,92657650.0,92657650.0,175565,20.97,3.97,10,0,0,2026-09-08 12:48:28,1
2026-04-22,08193,8193.HK,亞太金融投資,0.35,22.81,1094100,97934320.0,97934320.0,101277,10.8,1.12,10,0,0,2026-09-08 12:48:28,1
2026-04-22,00381,381.HK,權識國際,0.147,-60.27,115922100,195572405.0,195572405.0,11437873,10.13,59.27,10,0,0,2026-09-08 12:48:28,1
2026-04-22,08023,8023.HK,鄺文記,0.335,9.84,1294860,200143740.0,200143740.0,4944,261.91,0.65,10,0,0,2026-09-08 12:48:28,1
2026-04-22,00092,92.HK,冠軍科技集團,0.185,-0.54,600550,203058747.0,203058747.0,38363,15.65,0.3,10,0,0,2026-09-08 12:48:27,1
2026-04-22,08227,8227.HK,海天天線,0.143,12.6,584300,271360947.0,92344353.0,11970,48.81,0.22,10,0,0,2026-09-08 12:48:28,1
2026-04-22,01932,1932.HK,中漆集團,0.34,36.55,13121740,340000000.0,340000000.0,647,20291.35,3.86,3,1,0,2026-09-08 12:48:28,1
2026-04-22,00701,701.HK,北海集團,0.195,9.55,4188830,371218710.0,371218710.0,18593,225.29,1.13,3,1,0,2026-09-08 12:48:28,1
2026-04-22,08395,8395.HK,中顯智能齊家控股,0.25,-20.63,31194740,428500000.0,428500000.0,2388240,13.06,7.28,10,0,0,2026-09-08 12:48:28,1
2026-04-22,02230,2230.HK,羚邦集團,0.246,2.93,2064270,490032000.0,490032000.0,149215,13.83,0.42,10,0,0,2026-09-08 12:48:28,1
2026-04-22,01473,1473.HK,環聯連訊,0.51,10.87,925500,603045057.0,603045057.0,47658,19.42,0.15,10,0,0,2026-09-08 12:48:28,1
2026-04-22,01693,1693.HK,璋利國際,8.68,5.85,10051960,696815123.0,696815123.0,842410,11.93,1.44,10,0,0,2026-09-08 12:48:28,1
2026-04-23,00204,204.HK,資本界金控,0.221,-3.07,1903420,55041183.0,55041183.0,153658,12.39,3.46,10,0,0,2026-09-08 12:48:29,1
2026-04-23,08193,8193.HK,亞太金融投資,0.415,18.57,4637960,116122123.0,116122123.0,184830,25.09,3.99,10,0,0,2026-09-08 12:48:30,1
2026-04-23,02699,2699.HK,新明中國,4.914,-3.65,1140940,129241679.0,129241679.0,94340,12.09,0.88,10,0,0,2026-09-08 12:48:30,1
2026-04-23,00947,947.HK,摩比發展,0.23,26.37,1951770,183274372.0,183274372.0,126818,15.39,1.06,10,0,0,2026-09-08 12:48:29,1
2026-04-23,00379,379.HK,恆嘉融資租賃,0.113,56.94,5654320,190665212.0,190665212.0,2326,2430.92,2.97,10,0,0,2026-09-08 12:48:29,1
2026-04-23,03398,3398.HK,華鼎控股,0.127,135.19,1410210,266676886.0,266676886.0,32683,43.15,0.53,10,0,0,2026-09-08 12:48:30,1
2026-04-23,02515,2515.HK,天津建發,1.07,0.94,21079600,332494741.0,332494741.0,654450,32.21,6.34,10,0,0,2026-09-08 12:48:30,1
2026-04-23,02540,2540.HK,樂思集團,1.01,1.0,794800,606000000.0,606000000.0,76850,10.34,0.13,10,0,0,2026-09-08 12:48:30,1
2026-04-23,02392,2392.HK,玄武雲,1.47,0.68,6557600,815642730.0,815642730.0,245480,26.71,0.8,10,0,0,2026-09-08 12:48:30,1
2026-04-23,03816,3816.HK,KFM金德,1.47,-40.49,20754280,882000000.0,882000000.0,1161016,17.88,2.35,10,0,0,2026-09-08 12:48:30,1
2026-04-23,00595,595.HK,先思行,1.06,6.0,112870580,908951380.0,908951380.0,7069903,15.96,12.42,10,0,0,2026-09-08 12:48:29,1
2026-04-24,03321,3321.HK,中科集團控股,0.38,-19.15,1428260,29514448.0,29514448.0,66620,21.44,4.84,10,0,0,2026-09-08 12:48:31,1
2026-04-24,00911,911.HK,前海健康,0.41,38.98,2074090,69472450.0,69472450.0,10988,188.76,2.99,10,0,0,2026-09-08 12:48:31,0
2026-04-24,00889,889.HK,連達科技控股,0.39,30.0,981090,124800000.0,124800000.0,12627,77.7,0.79,10,0,0,2026-09-08 12:48:31,1
2026-04-24,00499,499.HK,青島控股,0.206,66.13,2499970,205701992.0,205701992.0,41991,59.54,1.22,10,0,0,2026-09-08 12:48:30,1
2026-04-24,01399,1399.HK,銳信控股,0.205,7.33,901780,223450255.0,223450255.0,39659,22.74,0.4,10,0,0,2026-09-08 12:48:31,1
2026-04-24,02885,2885.HK,彼岸控股,0.866,-2.26,1947600,346400000.0,346400000.0,113364,17.18,0.56,10,0,0,2026-09-08 12:48:31,1
2026-04-24,01685,1685.HK,博耳電力,0.57,-1.72,5756800,441048330.0,441048330.0,483922,11.9,1.31,10,0,0,2026-09-08 12:48:31,1
2026-04-24,02322,2322.HK,新質數字,0.101,10.99,2171100,446480600.0,446480600.0,207521,10.46,0.49,10,0,0,2026-09-08 12:48:31,1
2026-04-24,03315,3315.HK,金邦達寶嘉,0.76,-1.3,2763770,612409520.0,612409520.0,145062,19.05,0.45,10,0,0,2026-09-08 12:48:31,1
2026-04-24,00528,528.HK,金達控股,1.11,-7.5,738500,698942580.0,698942580.0,41518,17.79,0.11,10,0,0,2026-09-08 12:48:30,1
2026-04-27,00130,130.HK,慕詩國際,0.19,5.56,2114790,54706700.0,54706700.0,9719,217.59,3.87,10,0,0,2026-09-08 12:48:32,1
2026-04-27,00498,498.HK,藍河控股,0.075,-46.43,1161386,78070959.0,78070959.0,33934,34.23,1.49,10,0,0,2026-09-08 12:48:32,1
2026-04-27,01145,1145.HK,勇利投資,0.135,-8.16,581540,148189982.0,148189982.0,37518,15.5,0.39,10,0,0,2026-09-08 12:48:32,1
2026-04-27,02203,2203.HK,腦洞科技,0.209,19.43,1486600,167200000.0,167200000.0,106020,14.02,0.89,10,0,0,2026-09-08 12:48:33,1
2026-04-27,00911,911.HK,前海健康,0.99,141.46,11104960,167750550.0,167750550.0,218372,50.85,6.62,10,0,0,2026-09-08 12:48:32,0
2026-04-27,00524,524.HK,長城天下,0.83,50.91,3147620,196110325.0,196110325.0,103758,30.34,1.61,10,0,0,2026-09-08 12:48:32,1
2026-04-27,00582,582.HK,神話世界,0.08,-32.2,1422790,292118511.0,292118511.0,5958,238.8,0.49,10,0,0,2026-09-08 12:48:32,1
2026-04-27,08029,8029.HK,中投金融科技集團,1.05,8.25,9247400,294085702.0,294085702.0,118124,78.29,3.14,10,0,0,2026-09-08 12:48:33,1
2026-04-27,02159,2159.HK,麥迪衛康,1.47,-3.29,5115700,494625600.0,494625600.0,409670,12.49,1.03,10,0,0,2026-09-08 12:48:33,1
2026-04-27,00655,655.HK,香港華人有限公司,0.315,27.53,4555530,629458231.0,629458231.0,64215,70.94,0.72,10,0,0,2026-09-08 12:48:32,1
2026-04-28,08153,8153.HK,嘉鼎國際集團,0.82,1.23,602650,34108044.0,34108044.0,31828,18.93,1.77,10,0,0,2026-09-08 12:48:35,1
2026-04-28,01771,1771.HK,新豐泰集團,0.174,-3.87,636880,104400000.0,104400000.0,4756,133.91,0.61,10,0,0,2026-09-08 12:48:34,1
2026-04-28,01968,1968.HK,興紡控股,0.205,6.22,941160,131200000.0,131200000.0,28409,33.13,0.72,10,0,0,2026-09-08 12:48:34,1
2026-04-28,01957,1957.HK,大人國際,0.209,-12.18,534000,131252000.0,131252000.0,45560,11.72,0.41,10,0,0,2026-09-08 12:48:34,1
2026-04-28,01912,1912.HK,康特隆,0.49,16.67,1385330,225992818.0,225992818.0,10167,136.26,0.61,10,0,0,2026-09-08 12:48:34,1
2026-04-28,00544,544.HK,大同集團,1.9,7.95,1593340,235011864.0,235011864.0,87716,18.16,0.68,10,0,0,2026-09-08 12:48:34,1
2026-04-28,00532,532.HK,王氏港建,0.38,49.02,7830340,277361226.0,277361226.0,101435,77.2,2.82,10,0,0,2026-09-08 12:48:34,1
2026-04-28,02863,2863.HK,高豐集團控股,0.49,4.26,2123760,337860390.0,337860390.0,24425,86.95,0.63,10,0,0,2026-09-08 12:48:34,1
2026-04-28,01218,1218.HK,永義國際,2.91,-1.36,1126870,430612505.0,430612505.0,10755,104.78,0.26,10,0,0,2026-09-08 12:48:34,1
2026-04-28,00776,776.HK,帝國科技集團,0.65,-2.99,3432850,436694408.0,436694408.0,14994,228.95,0.79,10,0,0,2026-09-08 12:48:34,1
2026-04-28,01429,1429.HK,天任集團,0.29,1.75,19786800,464000000.0,464000000.0,1138890,17.37,4.26,10,0,0,2026-09-08 12:48:34,1
2026-04-28,01673,1673.HK,華章科技,0.305,3.39,526860,486820890.0,486820890.0,25647,20.54,0.11,10,0,0,2026-09-08 12:48:34,1
2026-04-28,01466,1466.HK,佰金生命科學,0.55,1.85,7094160,512739747.0,512739747.0,132660,53.48,1.38,10,0,0,2026-09-08 12:48:34,1
2026-04-28,06036,6036.HK,光麗科技,0.8,37.93,6639100,860088000.0,860088000.0,228232,29.09,0.77,10,0,0,2026-09-08 12:48:35,1
2026-04-28,00334,334.HK,華顯光電,0.425,11.84,6504960,898580870.0,898580870.0,115250,56.44,0.72,10,0,0,2026-09-08 12:48:34,1
2026-04-29,08176,8176.HK,超人智能,0.034,-19.05,1239230,24327025.0,24327025.0,80587,15.38,5.09,10,0,0,2026-09-08 12:48:36,0
2026-04-29,08221,8221.HK,高裕金融,1.17,-2.5,1147850,55692000.0,55692000.0,105397,10.89,2.06,10,0,0,2026-09-08 12:48:36,1
2026-04-29,01965,1965.HK,朗詩綠色生活,0.141,2.17,1215200,57917865.0,57917865.0,1320,920.61,2.1,10,0,0,2026-09-08 12:48:36,1
2026-04-29,01421,1421.HK,恆昌集團國際,0.39,0.0,2069000,78076128.0,78076128.0,53914,38.38,2.65,10,0,0,2026-09-08 12:48:35,1
2026-04-29,00276,276.HK,蒙古能源,0.51,-8.93,1012980,95944183.0,95944183.0,83906,12.07,1.06,10,0,0,2026-09-08 12:48:35,1
2026-04-29,01305,1305.HK,偉志控股,0.53,-7.02,792880,114811780.0,114811780.0,77659,10.21,0.69,10,0,0,2026-09-08 12:48:35,1
2026-04-29,08121,8121.HK,國恩控股,0.81,9.46,782700,121532400.0,121532400.0,15729,49.76,0.64,10,0,0,2026-09-08 12:48:36,1
2026-04-29,01472,1472.HK,生興控股,0.125,45.35,2197720,125000000.0,125000000.0,8554,256.92,1.76,10,0,0,2026-09-08 12:48:35,1
2026-04-29,08368,8368.HK,中國創意控股,0.25,-1.96,1025460,173054430.0,173054430.0,48825,21.0,0.59,10,0,0,2026-09-08 12:48:36,1
2026-04-29,00399,399.HK,星太鏈集團,0.069,-39.47,11018235,226120447.0,226120447.0,689974,15.97,4.87,10,0,0,2026-09-08 12:48:35,1
2026-04-29,02863,2863.HK,高豐集團控股,0.495,1.02,2385150,341307945.0,341307945.0,236801,10.07,0.7,10,0,0,2026-09-08 12:48:36,1
2026-04-29,01399,1399.HK,銳信控股,0.395,86.32,2426060,430550492.0,430550492.0,129946,18.67,0.56,10,0,0,2026-09-08 12:48:35,1
2026-04-29,00745,745.HK,中國國家文化產業,1.94,97.96,10156680,454670925.0,454670925.0,129388,78.5,2.23,10,0,0,2026-09-08 12:48:35,1
2026-04-29,01260,1260.HK,皓天財經集團,0.56,15.46,1273450,644814240.0,644814240.0,99973,12.74,0.2,10,0,0,2026-09-08 12:48:35,1
2026-04-29,06978,6978.HK,永泰生物-B,1.05,-53.95,36728910,648375840.0,648375840.0,2554327,14.38,5.66,10,0,0,2026-09-08 12:48:36,1
2026-04-29,02881,2881.HK,武漢有機,8.082,8.02,2455120,754050600.0,754050600.0,154724,15.87,0.33,10,0,0,2026-09-08 12:48:36,1
2026-04-29,02136,2136.HK,利福中國,0.64,0.0,1872110,937247040.0,937247040.0,157393,11.89,0.2,10,0,0,2026-09-08 12:48:36,1
2026-04-30,08356,8356.HK,進業控股,0.435,8.75,7267540,32585060.0,32585060.0,6913,1051.29,22.3,10,0,0,2026-09-08 12:48:38,1
2026-04-30,01166,1166.HK,星凱控股,0.38,-50.65,22648830,54137314.0,54137314.0,774454,29.24,41.84,10,0,0,2026-09-08 12:48:37,1
2026-04-30,08072,8072.HK,蘭谷股份,0.465,-1.06,2071700,78282347.0,78282347.0,188498,10.99,2.65,10,0,0,2026-09-08 12:48:37,1
2026-04-30,09916,9916.HK,興業物聯,0.33,4.76,505580,132000000.0,132000000.0,47773,10.58,0.38,10,0,0,2026-09-08 12:48:38,1
2026-04-30,08436,8436.HK,德寶集團控股,0.345,18.97,2014600,138000000.0,138000000.0,30540,65.97,1.46,10,0,0,2026-09-08 12:48:38,1
2026-04-30,08360,8360.HK,簡樸新生活,0.405,1.25,1511130,146634184.0,146634184.0,116780,12.94,1.03,8,1,0,2026-09-08 12:48:38,1
2026-04-30,01912,1912.HK,康特隆,0.47,10.59,4509350,216768622.0,216768622.0,231445,19.48,2.08,10,0,0,2026-09-08 12:48:37,1
2026-04-30,00343,343.HK,文化傳信,0.129,2.38,1046730,223695777.0,223695777.0,56078,18.67,0.47,10,0,0,2026-09-08 12:48:36,1
2026-04-30,08281,8281.HK,中國金典集團,0.26,85.71,3010080,260000000.0,260000000.0,25391,118.55,1.16,10,0,0,2026-09-08 12:48:37,1
2026-04-30,00970,970.HK,新耀萊,0.455,-3.19,576350,307289787.0,307289787.0,44825,12.86,0.19,10,0,0,2026-09-08 12:48:37,1
2026-04-30,00423,423.HK,經濟日報集團,0.78,1.3,600220,336648000.0,336648000.0,37852,15.86,0.18,10,0,0,2026-09-08 12:48:36,1
2026-04-30,09982,9982.HK,中原建業,0.083,40.68,23094800,385005213.0,385005213.0,249355,92.62,6.0,10,0,0,2026-09-08 12:48:38,1
2026-04-30,00648,648.HK,京玖康療,6.2,3.33,56587530,664124985.0,664124985.0,636691,88.88,8.52,10,0,0,2026-09-08 12:48:37,1
2026-04-30,02440,2440.HK,迷策略,1.69,11.92,2959050,704779167.0,704779167.0,286839,10.32,0.42,10,0,0,2026-09-08 12:48:37,1
2026-04-30,00854,854.HK,威雅利,7.68,13.95,3721640,790955896.0,790955896.0,290523,12.81,0.47,10,0,0,2026-09-08 12:48:37,1
2026-04-30,00279,279.HK,裕承科金,0.6,-1.64,37260680,837316380.0,837316380.0,529088,70.42,4.45,10,0,0,2026-09-08 12:48:36,1
2026-04-30,06828,6828.HK,北京燃氣藍天,0.038,-2.56,8172530,863972359.0,863972359.0,527918,15.48,0.95,10,0,0,2026-09-08 12:48:37,1
2026-04-30,01204,1204.HK,博維智慧,1.78,4.71,1656900,890000000.0,890000000.0,21410,77.39,0.19,10,0,0,2026-09-08 12:48:37,1
2026-05-04,08056,8056.HK,生活概念,0.325,25.0,952330,36859727.0,36859727.0,78418,12.14,2.58,10,0,0,2026-09-08 12:48:39,1
2026-05-04,00397,397.HK,嬴集團,0.041,-2.38,805910,140336403.0,140336403.0,78723,10.24,0.57,10,0,0,2026-09-08 12:48:38,1
2026-05-04,08368,8368.HK,中國創意控股,0.28,16.67,2489870,193820961.0,193820961.0,131991,18.86,1.28,10,0,0,2026-09-08 12:48:39,1
2026-05-04,01912,1912.HK,康特隆,0.56,19.15,10215110,258277506.0,258277506.0,677361,15.08,3.96,10,0,0,2026-09-08 12:48:39,1
2026-05-04,08269,8269.HK,倍升教育科技,0.32,-9.86,1674600,285031296.0,285031296.0,99278,16.87,0.59,10,0,0,2026-09-08 12:48:39,1
2026-05-04,00318,318.HK,黃河實業,1.0,58.73,20363290,288258877.0,288258877.0,9784,2081.19,7.06,9,1,0,2026-09-08 12:48:38,1
2026-05-04,00117,117.HK,天利控股集團,0.42,7.69,7342440,312795000.0,312795000.0,20637,355.79,2.35,10,0,0,2026-09-08 12:48:38,1
2026-05-04,00465,465.HK,富通科技,1.26,63.64,3193540,397008360.0,397008360.0,70442,45.34,0.8,10,0,0,2026-09-08 12:48:38,1
2026-05-04,00550,550.HK,律齊文化,1.18,31.11,23144140,537530120.0,537530120.0,1481687,15.62,4.31,10,0,0,2026-09-08 12:48:38,1
2026-05-04,09982,9982.HK,中原建業,0.141,69.88,60652460,654045001.0,654045001.0,2493517,24.32,9.27,10,0,0,2026-09-08 12:48:39,1
2026-05-05,08238,8238.HK,玖方數智,0.142,2.16,4145920,49467802.0,49467802.0,45994,90.14,8.38,10,0,0,2026-09-08 12:48:41,1
2026-05-05,01967,1967.HK,信懇智能,0.41,7.89,1826900,123000000.0,123000000.0,51630,35.38,1.49,10,0,0,2026-09-08 12:48:40,1
2026-05-05,08490,8490.HK,駿碼半導體,0.186,73.83,4277920,131223000.0,131223000.0,27405,156.1,3.26,10,0,0,2026-09-08 12:48:41,1
2026-05-05,00814,814.HK,北京京客隆,0.325,12.07,995340,133971500.0,59202000.0,18742,53.11,0.74,10,0,0,2026-09-08 12:48:40,1
2026-05-05,02593,2593.HK,草姬集團,1.1,18.28,701220,146666960.0,146666960.0,49719,14.1,0.48,10,0,0,2026-09-08 12:48:41,0
2026-05-05,01927,1927.HK,久久王,0.198,12.5,1023400,156816000.0,156816000.0,95580,10.71,0.65,10,0,0,2026-09-08 12:48:40,1
2026-05-05,01871,1871.HK,向中國際,0.36,5.88,1150760,156944949.0,156944949.0,81446,14.13,0.73,10,0,0,2026-09-08 12:48:40,1
2026-05-05,02203,2203.HK,腦洞科技,0.21,0.48,3397900,168000000.0,168000000.0,277830,12.23,2.02,10,0,0,2026-09-08 12:48:40,1
2026-05-05,01843,1843.HK,快餐帝國,0.22,12.24,3620360,176000000.0,176000000.0,188729,19.18,2.06,10,0,0,2026-09-08 12:48:40,1
2026-05-05,01655,1655.HK,OKURA HOLDINGS,0.255,5.37,1714000,183599893.0,183599893.0,79000,21.7,0.93,10,0,0,2026-09-08 12:48:40,1
2026-05-05,08529,8529.HK,優博控股,0.361,46.75,2627220,185581075.0,185581075.0,251854,10.43,1.42,10,0,0,2026-09-08 12:48:41,1
2026-05-05,06080,6080.HK,榮智控股,0.189,22.73,1335200,211746150.0,211746150.0,98240,13.59,0.63,10,0,0,2026-09-08 12:48:41,1
2026-05-05,00243,243.HK,品質國際,0.62,16.98,26935840,214824130.0,214824130.0,156803,171.78,12.54,10,0,0,2026-09-08 12:48:39,1
2026-05-05,02528,2528.HK,尚晉國際控股,0.54,14.89,768740,216000000.0,216000000.0,37576,20.46,0.36,10,0,0,2026-09-08 12:48:41,1
2026-05-05,00725,725.HK,恆都集團,1.18,45.68,1824940,234770440.0,234770440.0,23116,78.95,0.78,10,0,0,2026-09-08 12:48:40,1
2026-05-05,03601,3601.HK,魯大師,0.9,8.43,702140,242100000.0,242100000.0,38972,18.02,0.29,10,0,0,2026-09-08 12:48:41,1
2026-05-05,01962,1962.HK,訓修實業,0.418,-3.46,617380,257544848.0,257544848.0,19495,31.67,0.24,10,0,0,2026-09-08 12:48:40,1
2026-05-05,01284,1284.HK,新傳企劃,0.445,28.99,1794500,267000000.0,267000000.0,47737,37.59,0.67,10,0,0,2026-09-08 12:48:40,1
2026-05-05,00118,118.HK,大同機械,0.315,61.54,16472950,271508168.0,271508168.0,35077,469.62,6.07,10,0,0,2026-09-08 12:48:39,1
2026-05-05,01633,1633.HK,上諭集團,0.435,24.29,5810800,297866250.0,297866250.0,406020,14.31,1.95,10,0,0,2026-09-08 12:48:40,1
2026-05-05,02381,2381.HK,蜆殼電業,0.163,16.43,1392080,326000000.0,326000000.0,67108,20.74,0.43,10,0,0,2026-09-08 12:48:40,1
2026-05-05,08439,8439.HK,新百利融資,2.19,160.71,40189930,331767248.0,331767248.0,247686,162.26,12.11,7,1,0,2026-09-08 12:48:41,1
2026-05-05,01708,1708.HK,三寶科技,0.42,44.83,912900,332664570.0,96390000.0,5313,171.82,0.27,10,0,0,2026-09-08 12:48:40,1
2026-05-05,00822,822.HK,嘉瑞國際,0.395,11.27,1028880,353035753.0,353035753.0,96055,10.71,0.29,10,0,0,2026-09-08 12:48:40,1
2026-05-05,02540,2540.HK,樂思集團,0.98,2.08,5002600,588000000.0,588000000.0,464990,10.76,0.85,10,0,0,2026-09-08 12:48:41,1
2026-05-05,06898,6898.HK,中國鋁罐,0.648,3.18,947540,610027848.0,610027848.0,7110,133.27,0.16,10,0,0,2026-09-08 12:48:41,1
2026-05-05,00117,117.HK,天利控股集團,0.85,102.38,34317910,633037500.0,633037500.0,754881,45.46,5.42,10,0,0,2026-09-08 12:48:39,1
2026-05-05,00465,465.HK,富通科技,2.24,77.78,14030360,705792640.0,705792640.0,388142,36.15,1.99,10,0,0,2026-09-08 12:48:40,1
2026-05-05,01401,1401.HK,未來機器有限公司,0.475,-28.03,26702130,712500000.0,712500000.0,1552370,17.2,3.75,10,0,0,2026-09-08 12:48:40,1
2026-05-05,01082,1082.HK,源宇宙教育,1.5,2.04,8819840,912070320.0,912070320.0,344960,25.57,0.97,10,0,0,2026-09-08 12:48:40,1
2026-05-05,01846,1846.HK,德視佳,2.937,9.3,1465470,941913522.0,941913522.0,143354,10.22,0.16,10,0,0,2026-09-08 12:48:40,1
2026-05-06,08136,8136.HK,英馬斯集團,0.038,-11.63,791090,38000000.0,38000000.0,24470,32.33,2.08,10,0,0,2026-09-08 12:48:42,1
2026-05-06,01340,1340.HK,惠生國際,0.464,11.54,579200,64229525.0,64229525.0,56101,10.32,0.9,10,0,0,2026-09-08 12:48:42,1
2026-05-06,08423,8423.HK,潪澔發展,0.098,12.64,608600,78400000.0,78400000.0,33727,18.04,0.78,10,0,0,2026-09-08 12:48:43,1
2026-05-06,01718,1718.HK,宏基集團控股,0.36,16.13,1901650,109483200.0,109483200.0,103266,18.42,1.74,10,0,0,2026-09-08 12:48:42,1
2026-05-06,06893,6893.HK,衍生集團,0.12,22.45,3378430,131015520.0,131015520.0,76975,43.89,2.58,10,0,0,2026-09-08 12:48:42,1
2026-05-06,00637,637.HK,利記,0.188,3.87,1436460,155805000.0,155805000.0,57671,24.91,0.92,10,0,0,2026-09-08 12:48:41,1
2026-05-06,01102,1102.HK,環能國際,0.06,7.14,1751000,167963145.0,167963145.0,118193,14.81,1.04,10,0,0,2026-09-08 12:48:42,1
2026-05-06,01715,1715.HK,智慧健康科技,0.52,-1.89,3958500,187595137.0,187595137.0,263890,15.0,2.11,10,0,0,2026-09-08 12:48:42,1
2026-05-06,00591,591.HK,中國高精密,0.23,12.2,1982070,238625000.0,238625000.0,160595,12.34,0.83,10,0,0,2026-09-08 12:48:41,1
2026-05-06,01480,1480.HK,恩達集團控股,1.11,14.43,4021910,266400000.0,266400000.0,116520,34.52,1.51,10,0,0,2026-09-08 12:48:42,1
2026-05-06,01008,1008.HK,力圖控股,0.193,11.56,520790,302601734.0,302601734.0,26816,19.42,0.17,10,0,0,2026-09-08 12:48:42,1
2026-05-06,01335,1335.HK,順泰控股,0.137,9.6,887260,333476655.0,333476655.0,40365,21.98,0.27,10,0,0,2026-09-08 12:48:42,1
2026-05-06,00776,776.HK,帝國科技集團,0.663,0.91,17677590,445428296.0,445428296.0,608615,29.05,3.97,10,0,0,2026-09-08 12:48:41,1
2026-05-06,03302,3302.HK,精技集團,0.49,20.99,25924580,450992763.0,450992763.0,462897,56.01,5.75,10,0,0,2026-09-08 12:48:42,1
2026-05-06,00256,256.HK,冠城鐘表珠寶,0.087,14.47,2203150,451751592.0,451751592.0,166980,13.19,0.49,10,0,0,2026-09-08 12:48:41,1
2026-05-06,01371,1371.HK,中國生態旅遊,1.82,1.11,500170,622638154.0,622638154.0,28681,17.44,0.08,10,0,0,2026-09-08 12:48:42,1
2026-05-06,03389,3389.HK,亨得利,0.178,-3.26,13814310,783915375.0,783915375.0,385949,35.79,1.76,10,0,0,2026-09-08 12:48:42,1
2026-05-06,01586,1586.HK,力鴻檢驗,1.37,-2.84,566560,803686961.0,803686961.0,31873,17.78,0.07,10,0,0,2026-09-08 12:48:42,1
2026-05-06,00465,465.HK,富通科技,2.63,17.41,29649560,828676180.0,828676180.0,1788064,16.58,3.58,10,0,0,2026-09-08 12:48:41,1
2026-05-06,01346,1346.HK,利華控股集團,1.41,-0.7,3439280,901131000.0,901131000.0,170612,20.16,0.38,10,0,0,2026-09-08 12:48:42,1
2026-05-07,08532,8532.HK,寶發控股,0.087,35.94,1077020,7384073.0,7384073.0,90854,11.85,14.59,10,0,0,2026-09-08 12:48:44,1
2026-05-07,08285,8285.HK,森浩集團,0.034,21.43,677800,19040000.0,19040000.0,11490,58.99,3.56,10,0,0,2026-09-08 12:48:44,1
2026-05-07,08245,8245.HK,烽翼集團,0.082,-7.87,2045820,23742384.0,23742384.0,20182,101.37,8.62,10,0,0,2026-09-08 12:48:44,1
2026-05-07,08425,8425.HK,興銘控股,0.077,-18.95,842600,28952000.0,28952000.0,16350,51.54,2.91,10,0,0,2026-09-08 12:48:44,0
2026-05-07,01703,1703.HK,誼和股份,0.445,4.71,1634070,61410000.0,61410000.0,56750,28.79,2.66,10,0,0,2026-09-08 12:48:43,1
2026-05-07,00309,309.HK,新華通訊頻媒,1.48,15.62,10705090,77110581.0,77110581.0,14255,750.97,13.88,10,0,0,2026-09-08 12:48:43,1
2026-05-07,01241,1241.HK,雙樺控股,0.13,-12.16,964170,84500000.0,84500000.0,29391,32.8,1.14,10,0,0,2026-09-08 12:48:43,0
2026-05-07,08400,8400.HK,亞洲先鋒娛樂,0.085,51.79,640500,85000000.0,85000000.0,28920,22.15,0.75,10,0,0,2026-09-08 12:48:44,1
2026-05-07,03822,3822.HK,三和建築集團,1.06,0.95,886280,89040000.0,89040000.0,48756,18.18,1.0,10,0,0,2026-09-08 12:48:44,1
2026-05-07,03919,3919.HK,金力集團,2.2,57.14,6657480,99818400.0,99818400.0,24243,274.61,6.67,10,0,0,2026-09-08 12:48:44,1
2026-05-07,01323,1323.HK,華盛國際控股,0.142,4.41,1363080,107302974.0,128762014.0,11763,115.88,1.06,10,0,0,2026-09-08 12:48:43,1
2026-05-07,08186,8186.HK,浩盟控股,0.97,-1.02,3904400,110452581.0,110452581.0,101132,38.61,3.53,10,0,0,2026-09-08 12:48:44,1
2026-05-07,02370,2370.HK,力高健康生活,1.05,17.98,1277700,210000000.0,210000000.0,111780,11.43,0.61,10,0,0,2026-09-08 12:48:44,1
2026-05-07,00938,938.HK,民生國際,0.45,7.14,1310300,291239368.0,291239368.0,119447,10.97,0.45,10,0,0,2026-09-08 12:48:43,1
2026-05-07,08529,8529.HK,優博控股,0.651,96.68,29089350,334662825.0,334662825.0,596426,48.77,8.69,10,0,0,2026-09-08 12:48:44,1
2026-05-07,08371,8371.HK,嘗高美集團,1.9,1.6,1124760,727147100.0,727147100.0,106695,10.54,0.15,10,0,0,2026-09-08 12:48:44,1
2026-05-07,00673,673.HK,中國衛生集團,0.55,-3.51,1723560,762926005.0,762926005.0,19365,89.0,0.23,10,0,0,2026-09-08 12:48:43,1
2026-05-07,02030,2030.HK,卡賓,1.3,-0.76,672270,869170900.0,869170900.0,62881,10.69,0.08,10,0,0,2026-09-08 12:48:44,1
2026-05-08,08482,8482.HK,萬勵達,0.121,6.14,591690,21742190.0,21742190.0,43182,13.7,2.72,10,0,0,2026-09-08 12:48:45,1
2026-05-08,00197,197.HK,亨泰,0.295,5.36,1028810,61717084.0,61717084.0,24401,42.16,1.67,10,0,0,2026-09-08 12:48:44,1
2026-05-08,00518,518.HK,同得仕(集團),0.26,13.04,676740,117277565.0,117277565.0,27969,24.2,0.58,10,0,0,2026-09-08 12:48:44,1
2026-05-08,02080,2080.HK,奧克斯國際,0.248,-9.82,557500,122260032.0,122260032.0,15450,36.08,0.46,10,0,0,2026-09-08 12:48:45,1
2026-05-08,00821,821.HK,匯盈控股,0.33,43.48,8804540,122458122.0,122458122.0,26432,333.1,7.19,10,0,0,2026-09-08 12:48:45,1
2026-05-08,08160,8160.HK,GOLDWAY EDU,0.62,21.57,2215560,133171003.0,133171003.0,31670,69.96,1.66,10,0,0,2026-09-08 12:48:45,1
2026-05-08,08400,8400.HK,亞洲先鋒娛樂,0.134,57.65,3706200,134000000.0,134000000.0,91550,40.48,2.77,10,0,0,2026-09-08 12:48:45,1
2026-05-08,01354,1354.HK,經發物業,2.4,-4.76,965900,160000320.0,40000320.0,89390,10.81,0.6,10,0,0,2026-09-08 12:48:45,1
2026-05-08,06928,6928.HK,萬馬控股,0.285,27.8,3350390,218025000.0,218025000.0,16613,201.67,1.54,10,0,0,2026-09-08 12:48:45,1
2026-05-08,02023,2023.HK,中國綠島科技,0.76,-3.8,799700,373768000.0,373768000.0,21690,36.87,0.21,10,0,0,2026-09-08 12:48:45,1
2026-05-08,00169,169.HK,萬達酒店發展,0.1,19.05,3285350,469734649.0,469734649.0,83772,39.22,0.7,10,0,0,2026-09-08 12:48:44,1
2026-05-08,00301,301.HK,三和精化,1.94,-9.77,22041060,912691896.0,912691896.0,181273,121.59,2.41,10,0,0,2026-09-08 12:48:44,1
2026-05-08,00554,554.HK,漢思集團控股,0.214,1.9,2682820,938889279.0,938889279.0,12881,208.28,0.29,10,0,0,2026-09-08 12:48:44,1
2026-05-11,00048,48.HK,中國汽車內飾,0.41,46.43,1765700,179492982.0,179492982.0,15651,112.82,0.98,10,0,0,2026-09-08 12:48:46,1
2026-05-11,00482,482.HK,聖馬丁國際,0.82,32.26,717010,201220737.0,201220737.0,26886,26.67,0.36,10,0,0,2026-09-08 12:48:46,1
2026-05-11,01895,1895.HK,鑫苑服務,0.355,-8.97,3003505,210528312.0,210528312.0,239698,12.53,1.43,10,0,0,2026-09-08 12:48:46,1
2026-05-11,01500,1500.HK,現恆建築,0.285,29.55,3199450,236550000.0,236550000.0,40902,78.22,1.35,10,0,0,2026-09-08 12:48:46,1
2026-05-11,03860,3860.HK,EPS創健科技,0.5,-9.09,1029400,291214919.0,291214919.0,50025,20.58,0.35,10,0,0,2026-09-08 12:48:47,1
2026-05-11,01420,1420.HK,川控股,0.228,2.7,1201800,306124474.0,306124474.0,45670,26.31,0.39,10,0,0,2026-09-08 12:48:46,1
2026-05-11,08305,8305.HK,聖唐控股,0.215,18.13,5713300,348730000.0,348730000.0,222200,25.71,1.64,10,0,0,2026-09-08 12:48:47,1
2026-05-11,09998,9998.HK,光榮控股,0.44,2.33,657230,352000000.0,352000000.0,59354,11.07,0.19,10,0,0,2026-09-08 12:48:47,1
2026-05-11,06083,6083.HK,環宇物流(亞洲),0.758,16.98,3128520,380397080.0,380397080.0,295568,10.58,0.82,10,0,0,2026-09-08 12:48:47,1
2026-05-11,00894,894.HK,萬裕科技,0.95,13.1,6636200,455356346.0,455356346.0,236578,28.05,1.46,10,0,0,2026-09-08 12:48:46,1
2026-05-11,00227,227.HK,第一上海,0.208,-3.7,985920,455661420.0,455661420.0,62203,15.85,0.22,10,0,0,2026-09-08 12:48:46,1
2026-05-11,01282,1282.HK,中澤豐,0.106,17.78,13443480,530000000.0,530000000.0,112646,119.34,2.54,10,0,0,2026-09-08 12:48:46,1
2026-05-11,00201,201.HK,華大酒店,0.076,8.57,3697120,679975901.0,679975901.0,71747,51.53,0.54,10,0,0,2026-09-08 12:48:46,1
2026-05-11,01244,1244.HK,思路迪醫藥股份,2.71,-9.67,3290700,699659670.0,699659670.0,269090,12.23,0.47,10,0,0,2026-09-08 12:48:46,1
2026-05-11,00929,929.HK,國際精密,0.742,12.08,2150750,780772568.0,780772568.0,195525,11.0,0.28,10,0,0,2026-09-08 12:48:46,1
2026-05-11,06959,6959.HK,長久股份,3.92,-0.51,1882490,792467200.0,792467200.0,37302,50.47,0.24,10,0,0,2026-09-08 12:48:47,1
2026-05-11,00169,169.HK,萬達酒店發展,0.182,82.0,27372580,854917061.0,854917061.0,400902,68.28,3.2,10,0,0,2026-09-08 12:48:46,1
2026-05-11,00353,353.HK,能源國際投資,0.405,12.5,1226380,856802970.0,856802970.0,110577,11.09,0.14,10,0,0,2026-09-08 12:48:46,1
2026-05-11,00640,640.HK,星謙發展,2.771,5.72,2374560,859690386.0,859690386.0,105534,22.5,0.28,10,0,0,2026-09-08 12:48:46,1
2026-05-12,01803,1803.HK,北京體育文化-新,0.106,17.78,5590130,17909961.0,17909961.0,17011,328.62,31.21,10,0,0,2026-09-08 12:48:47,1
2026-05-12,08315,8315.HK,新都酒店,0.092,15.0,627340,53492687.0,53492687.0,12,52278.33,1.17,10,0,0,2026-09-08 12:48:48,1
2026-05-12,01738,1738.HK,飛尚無煙煤,0.09,0.0,1556950,124249122.0,124249122.0,59830,26.02,1.25,10,0,0,2026-09-08 12:48:47,1
2026-05-12,08326,8326.HK,同景新能源,0.158,0.0,878700,193866000.0,193866000.0,19392,45.31,0.45,10,0,0,2026-09-08 12:48:48,1
2026-05-12,01001,1001.HK,滬港聯合,0.375,7.14,964280,238690618.0,238690618.0,45132,21.37,0.4,10,0,0,2026-09-08 12:48:47,1
2026-05-12,06890,6890.HK,康利國際控股,0.52,33.33,775620,315251040.0,315251040.0,11706,66.26,0.25,10,0,0,2026-09-08 12:48:48,1
2026-05-12,00660,660.HK,瑋俊生物科技,0.96,43.28,17446400,368937394.0,368937394.0,437879,39.84,4.73,10,0,0,2026-09-08 12:48:47,1
2026-05-12,00090,90.HK,普星能量,0.836,-13.46,704140,383389600.0,383389600.0,66626,10.57,0.18,10,0,0,2026-09-08 12:48:47,1
2026-05-12,06083,6083.HK,環宇物流(亞洲),0.848,11.87,8543880,425562961.0,425562961.0,506948,16.85,2.01,10,0,0,2026-09-08 12:48:48,1
2026-05-12,00610,610.HK,惠記集團,0.8,-6.98,1767460,634499227.0,634499227.0,77934,22.68,0.28,10,0,0,2026-09-08 12:48:47,1
2026-05-12,09983,9983.HK,建業新生活,0.51,39.73,3243140,662560380.0,662560380.0,162387,19.97,0.49,10,0,0,2026-09-08 12:48:48,1
2026-05-12,02440,2440.HK,迷策略,1.79,7.19,6429600,746482076.0,746482076.0,597313,10.76,0.86,10,0,0,2026-09-08 12:48:48,1
2026-05-12,01723,1723.HK,恆月控股,1.82,59.65,6431580,870455040.0,870455040.0,313675,20.5,0.74,10,0,0,2026-09-08 12:48:47,1
2026-05-13,08621,8621.HK,METROPOLIS CAP,0.038,11.76,652000,36480000.0,36480000.0,4860,134.16,1.79,10,0,0,2026-09-08 12:48:49,1
2026-05-13,08200,8200.HK,修身堂,0.71,0.0,2007120,55977842.0,55977842.0,26603,75.45,3.59,10,0,0,2026-09-08 12:48:49,1
2026-05-13,00076,76.HK,誼礫控股,0.153,-4.97,1385620,67993823.0,67993823.0,58124,23.84,2.04,10,0,0,2026-09-08 12:48:48,1
2026-05-13,01400,1400.HK,滿地科技股份,0.019,5.56,1839340,72233580.0,72233580.0,129274,14.23,2.55,10,0,0,2026-09-08 12:48:49,1
2026-05-13,08221,8221.HK,高裕金融,1.62,9.46,4414050,77112000.0,77112000.0,176739,24.97,5.72,10,0,0,2026-09-08 12:48:49,1
2026-05-13,02231,2231.HK,景業名邦集團,0.067,97.06,1439510,110293591.0,110293591.0,51044,28.2,1.31,10,0,0,2026-09-08 12:48:49,1
2026-05-13,01722,1722.HK,建鵬控股,0.106,35.9,1979800,116600000.0,116600000.0,37430,52.89,1.7,10,0,0,2026-09-08 12:48:49,1
2026-05-13,03603,3603.HK,信基沙溪,0.08,-6.98,14221240,119435520.0,119435520.0,140802,101.0,11.91,10,0,0,2026-09-08 12:48:49,1
2026-05-13,08120,8120.HK,國農金融投資,0.99,37.5,3366910,161000492.0,161000492.0,188588,17.85,2.09,10,0,0,2026-09-08 12:48:49,1
2026-05-13,08535,8535.HK,熒德控股,0.153,21.43,638280,183600000.0,183600000.0,9274,68.82,0.35,10,0,0,2026-09-08 12:48:49,1
2026-05-13,01792,1792.HK,CMON,0.905,3.08,7172540,224150400.0,224150400.0,47595,150.7,3.2,10,0,0,2026-09-08 12:48:49,1
2026-05-13,01741,1741.HK,成志控股,0.3,49.25,1835900,240000000.0,240000000.0,126680,14.49,0.76,10,0,0,2026-09-08 12:48:49,1
2026-05-13,08029,8029.HK,中投金融科技集團,0.89,0.0,13941250,249272643.0,249272643.0,577162,24.15,5.59,10,0,0,2026-09-08 12:48:49,1
2026-05-13,01613,1613.HK,協同通信,0.171,8.92,4249540,262632828.0,262632828.0,56913,74.67,1.62,10,0,0,2026-09-08 12:48:49,1
2026-05-13,06968,6968.HK,港龍中國地產,0.162,78.02,13845750,262731438.0,262731438.0,233246,59.36,5.27,10,0,0,2026-09-08 12:48:49,1
2026-05-13,02210,2210.HK,京城佳業,2.369,-0.42,594280,347454597.0,86864597.0,4774,124.48,0.17,10,0,0,2026-09-08 12:48:49,1
2026-05-13,01631,1631.HK,REF HOLDINGS,1.32,131.58,20883950,405504000.0,405504000.0,16930,1233.55,5.15,10,0,0,2026-09-08 12:48:49,1
2026-05-13,01037,1037.HK,雲智匯科技,0.72,14.29,7210700,508444883.0,508444883.0,514045,14.03,1.42,10,0,0,2026-09-08 12:48:49,1
2026-05-13,00829,829.HK,神冠控股,0.168,-7.69,2043410,542720640.0,542720640.0,63756,32.05,0.38,10,0,0,2026-09-08 12:48:48,1
2026-05-13,02350,2350.HK,數科集團,0.657,4.45,6490300,574875000.0,574875000.0,421140,15.41,1.13,10,0,0,2026-09-08 12:48:49,1
2026-05-13,00209,209.HK,萬維智能科技,4.5,13.92,27035300,668552310.0,668552310.0,756453,35.74,4.04,10,0,0,2026-09-08 12:48:48,1
2026-05-13,06890,6890.HK,康利國際控股,1.14,119.23,11047400,691127280.0,691127280.0,89268,123.76,1.6,10,0,0,2026-09-08 12:48:49,1
2026-05-13,00351,351.HK,亞洲能源物流,0.355,18.33,1339540,708216212.0,708216212.0,56323,23.78,0.19,10,0,0,2026-09-08 12:48:48,1
2026-05-13,01085,1085.HK,亨鑫科技,1.63,13.99,910820,758928000.0,758928000.0,78204,11.65,0.12,10,0,0,2026-09-08 12:48:49,1
2026-05-13,01769,1769.HK,思考樂教育,1.26,-15.44,13416970,848964123.0,848964123.0,1007505,13.32,1.58,10,0,0,2026-09-08 12:48:49,1
2026-05-14,02231,2231.HK,景業名邦集團,0.043,-35.82,5997490,70785439.0,70785439.0,191040,31.39,8.47,10,0,0,2026-09-08 12:48:50,1
2026-05-14,08489,8489.HK,裕程物流,0.28,-16.42,696400,86121000.0,86121000.0,52290,13.32,0.81,10,0,0,2026-09-08 12:48:51,1
2026-05-14,01025,1025.HK,嘉藝控股,0.25,-1.96,4976380,111841860.0,111841860.0,409477,12.15,4.45,10,0,0,2026-09-08 12:48:50,1
2026-05-14,00726,726.HK,築友智造科技,0.046,39.39,1021370,142650404.0,142650404.0,4539,225.02,0.72,10,0,0,2026-09-08 12:48:50,1
2026-05-14,01737,1737.HK,亞洲實業集團,0.15,42.86,1836040,150000000.0,150000000.0,82975,22.13,1.22,10,0,0,2026-09-08 12:48:50,1
2026-05-14,01740,1740.HK,新石文化,0.158,26.4,3686300,163925000.0,163925000.0,39060,94.38,2.25,10,0,0,2026-09-08 12:48:50,1
2026-05-14,08480,8480.HK,飛霓控股,0.191,6.11,2394310,176354426.0,176354426.0,47930,49.95,1.36,10,0,0,2026-09-08 12:48:51,1
2026-05-14,06909,6909.HK,百得利控股,0.287,-3.37,897370,178657500.0,178657500.0,19517,45.98,0.5,10,0,0,2026-09-08 12:48:51,1
2026-05-14,01581,1581.HK,進升集團控股,0.44,29.41,5120810,182600000.0,182600000.0,82594,62.0,2.8,10,0,0,2026-09-08 12:48:50,1
2026-05-14,01891,1891.HK,興合控股,0.187,11.98,963790,187000000.0,187000000.0,59959,16.07,0.52,10,0,0,2026-09-08 12:48:50,1
2026-05-14,01835,1835.HK,瑞威資管,1.22,-0.81,735680,187074800.0,46774800.0,18914,38.9,0.39,10,0,0,2026-09-08 12:48:50,1
2026-05-14,00442,442.HK,域能控股,0.73,1.39,538010,189179500.0,189179500.0,49983,10.76,0.28,10,0,0,2026-09-08 12:48:50,1
2026-05-14,01741,1741.HK,成志控股,0.27,-10.0,5312100,216000000.0,216000000.0,309880,17.14,2.46,10,0,0,2026-09-08 12:48:50,1
2026-05-14,01417,1417.HK,浦江中國,0.54,151.16,4086080,218700000.0,218700000.0,823,4964.86,1.87,10,0,0,2026-09-08 12:48:50,1
2026-05-14,01962,1962.HK,訓修實業,0.438,4.78,1013030,269867568.0,269867568.0,72257,14.02,0.38,10,0,0,2026-09-08 12:48:50,1
2026-05-14,01218,1218.HK,永義國際,2.69,-7.56,604980,398057608.0,398057608.0,2,302490.0,0.15,10,0,0,2026-09-08 12:48:50,1
2026-05-15,00428,428.HK,中國天弓控股,0.25,0.0,576080,38564559.0,38564559.0,50716,11.36,1.49,10,0,0,2026-09-08 12:48:51,1
2026-05-15,08619,8619.HK,NIU HOLDINGS,0.136,-11.11,986520,58974360.0,58974360.0,86165,11.45,1.67,10,0,0,2026-09-08 12:48:52,1
2026-05-15,01591,1591.HK,汛和集團,0.166,13.7,1240160,88533333.0,88533333.0,42499,29.18,1.4,10,0,0,2026-09-08 12:48:51,1
2026-05-15,08471,8471.HK,新達控股,1.34,52.27,4221280,98570400.0,98570400.0,283470,14.89,4.28,10,0,0,2026-09-08 12:48:52,1
2026-05-15,08549,8549.HK,金葉國際集團,0.29,28.32,1936200,116000000.0,116000000.0,123040,15.74,1.67,10,0,0,2026-09-08 12:48:52,1
2026-05-15,03878,3878.HK,VICON HOLDINGS,0.25,2.04,1239800,119900000.0,119900000.0,73590,16.85,1.03,10,0,0,2026-09-08 12:48:52,1
2026-05-15,02699,2699.HK,新明中國,4.939,-1.08,1324900,129899197.0,129899197.0,111663,11.87,1.02,10,0,0,2026-09-08 12:48:52,1
2026-05-15,01146,1146.HK,匯成國際控股,0.041,-8.89,875650,145363450.0,145363450.0,72803,12.03,0.6,10,0,0,2026-09-08 12:48:51,1
2026-05-15,01559,1559.HK,均安控股,0.06,13.21,811570,165276028.0,165276028.0,7619,106.52,0.49,10,0,0,2026-09-08 12:48:51,1
2026-05-15,00936,936.HK,佳兆業資本,0.3,9.09,980900,318000000.0,318000000.0,43680,22.46,0.31,10,0,0,2026-09-08 12:48:51,1
2026-05-15,01592,1592.HK,基石控股,0.3,88.68,13642050,434332922.0,434332922.0,166145,82.11,3.14,10,0,0,2026-09-08 12:48:51,1
2026-05-15,08059,8059.HK,朝威控股,0.54,12.5,618190,545726700.0,545726700.0,6138,100.72,0.11,10,0,0,2026-09-08 12:48:52,1
2026-05-15,00894,894.HK,萬裕科技,1.23,23.0,19676120,589566638.0,589566638.0,1769712,11.12,3.34,10,0,0,2026-09-08 12:48:51,1
2026-05-15,00254,254.HK,國家聯合資源,0.9,32.35,19515500,608186556.0,608186556.0,209670,93.08,3.21,10,0,0,2026-09-08 12:48:51,1
2026-05-15,00209,209.HK,萬維智能科技,4.6,5.75,56797360,683409028.0,683409028.0,3823609,14.85,8.31,10,0,0,2026-09-08 12:48:51,1
2026-05-18,09978,9978.HK,方圓生活服務,0.148,28.7,879790,59200000.0,59200000.0,65543,13.42,1.49,10,0,0,2026-09-08 12:48:53,1
2026-05-18,01413,1413.HK,鑄帝控股,0.225,-28.57,9736460,73800000.0,73800000.0,483325,20.14,13.19,10,0,0,2026-09-08 12:48:53,1
2026-05-18,08187,8187.HK,積木集團,0.58,16.0,4507040,87976627.0,87976627.0,125284,35.97,5.12,10,0,0,2026-09-08 12:48:53,1
2026-05-18,01536,1536.HK,煜榮集團,0.335,28.85,1006800,152760000.0,152760000.0,47860,21.04,0.66,10,0,0,2026-09-08 12:48:53,1
2026-05-18,01129,1129.HK,中國水業集團,0.3,-13.04,599960,189658178.0,189658178.0,14895,40.28,0.32,10,0,0,2026-09-08 12:48:53,1
2026-05-18,01559,1559.HK,均安控股,0.084,40.0,1775400,231386439.0,231386439.0,88776,20.0,0.77,10,0,0,2026-09-08 12:48:53,1
2026-05-18,01778,1778.HK,彩生活,0.165,-16.67,2625390,306802187.0,306802187.0,34307,76.53,0.86,10,0,0,2026-09-08 12:48:53,1
2026-05-18,01473,1473.HK,環聯連訊,0.59,21.65,9023480,697640361.0,697640361.0,850962,10.6,1.29,10,0,0,2026-09-08 12:48:53,1
2026-05-18,01463,1463.HK,C-LINK SQ,0.275,-11.29,839930,790419162.0,790419162.0,3540,237.27,0.11,10,0,0,2026-09-08 12:48:53,1
2026-05-19,08187,8187.HK,積木集團,0.51,-12.07,14469880,77358758.0,77358758.0,566695,25.53,18.7,10,0,0,2026-09-08 12:48:54,1
2026-05-19,01841,1841.HK,優越集團控股,0.235,2.17,677390,94000000.0,94000000.0,48624,13.93,0.72,10,0,0,2026-09-08 12:48:54,1
2026-05-19,01536,1536.HK,煜榮集團,0.29,-13.43,2066200,132240000.0,132240000.0,147180,14.04,1.56,10,0,0,2026-09-08 12:48:54,1
2026-05-19,01547,1547.HK,IBI GROUP HLDGS,0.3,21.46,532520,240000000.0,240000000.0,14921,35.69,0.22,10,0,0,2026-09-08 12:48:54,1
2026-05-19,06033,6033.HK,電訊數碼控股,0.62,8.77,538760,250326860.0,250326860.0,12539,42.97,0.22,10,0,0,2026-09-08 12:48:54,1
2026-05-19,02515,2515.HK,天津建發,0.98,-3.92,16321300,304527894.0,304527894.0,286580,56.95,5.36,10,0,0,2026-09-08 12:48:54,1
2026-05-19,06893,6893.HK,衍生集團,0.285,109.56,30075140,311161860.0,311161860.0,506915,59.33,9.67,10,0,0,2026-09-08 12:48:54,1
2026-05-19,01938,1938.HK,珠江鋼管,0.31,-3.12,928620,313454020.0,313454020.0,42137,22.04,0.3,10,0,0,2026-09-08 12:48:54,1
2026-05-19,00520,520.HK,呷哺呷哺,0.38,-6.17,4446430,412746303.0,412746303.0,410889,10.82,1.08,10,0,0,2026-09-08 12:48:54,1
2026-05-19,01417,1417.HK,浦江中國,1.33,58.33,25001340,538650000.0,538650000.0,885350,28.24,4.64,9,1,0,2026-09-08 12:48:54,1
2026-05-19,00528,528.HK,金達控股,1.09,0.93,618960,686349020.0,686349020.0,16336,37.89,0.09,10,0,0,2026-09-08 12:48:54,1
2026-05-19,02621,2621.HK,手回集團,3.06,2.68,35049100,692718516.0,692718516.0,126303,277.5,5.06,10,0,0,2026-09-08 12:48:54,1
2026-05-19,02392,2392.HK,玄武雲,1.25,-2.34,3302600,693573750.0,693573750.0,287820,11.47,0.48,10,0,0,2026-09-08 12:48:54,1
2026-05-19,01161,1161.HK,奧思集團,1.04,8.33,1203240,707774875.0,707774875.0,82070,14.66,0.17,10,0,0,2026-09-08 12:48:54,1
2026-05-19,01463,1463.HK,C-LINK SQ,0.275,0.0,1636530,790419162.0,790419162.0,87533,18.7,0.21,10,0,0,2026-09-08 12:48:54,1
2026-05-19,09689,9689.HK,金泰豐國際控股,0.72,20.0,631200,803520000.0,803520000.0,28570,22.09,0.08,10,0,0,2026-09-08 12:48:55,1
2026-05-19,00727,727.HK,中國豐匯,0.68,-2.86,580800,864853920.0,864853920.0,41003,14.16,0.07,10,0,0,2026-09-08 12:48:54,1
2026-05-20,00204,204.HK,資本界金控,0.214,4.9,2300335,53297797.0,53297797.0,77798,29.57,4.32,10,0,0,2026-09-08 12:48:55,1
2026-05-20,01340,1340.HK,惠生國際,0.456,11.76,1565020,63122119.0,63122119.0,109579,14.28,2.48,10,0,0,2026-09-08 12:48:55,1
2026-05-20,01835,1835.HK,瑞威資管,1.25,-13.79,2309320,191675000.0,47925000.0,143204,16.13,1.2,10,0,0,2026-09-08 12:48:55,1
2026-05-20,01449,1449.HK,立德教育,0.31,16.98,1018220,248000000.0,248000000.0,51456,19.79,0.41,10,0,0,2026-09-08 12:48:55,1
2026-05-20,01850,1850.HK,美好生活集團控股,1.58,-1.25,14141830,273024000.0,273024000.0,1067599,13.25,5.18,10,0,0,2026-09-08 12:48:55,1
2026-05-20,00833,833.HK,華訊,0.68,15.25,12354540,321679562.0,321679562.0,237061,52.12,3.84,10,0,0,2026-09-08 12:48:55,1
2026-05-20,02540,2540.HK,樂思集團,0.77,-8.33,4636700,462000000.0,462000000.0,381700,12.15,1.0,10,0,0,2026-09-08 12:48:55,1
2026-05-20,00097,97.HK,恆基發展,0.165,-1.79,545840,502809020.0,502809020.0,52761,10.35,0.11,10,0,0,2026-09-08 12:48:55,1
2026-05-20,02295,2295.HK,豐城控股,1.83,-8.5,1767600,732000000.0,732000000.0,49285,35.86,0.24,10,0,0,2026-09-08 12:48:55,1
2026-05-20,09689,9689.HK,金泰豐國際控股,0.7,-2.78,1380700,781200000.0,781200000.0,91690,15.06,0.18,10,0,0,2026-09-08 12:48:56,1
2026-05-21,08042,8042.HK,高奧士人才集團,0.083,45.61,2229100,66400000.0,66400000.0,60880,36.61,3.36,10,0,0,2026-09-08 12:48:57,1
2026-05-21,01340,1340.HK,惠生國際,0.544,19.3,5272780,75303581.0,75303581.0,208161,25.33,7.0,10,0,0,2026-09-08 12:48:56,1
2026-05-21,01703,1703.HK,誼和股份,0.69,15.0,13810810,95220000.0,95220000.0,717650,19.24,14.5,10,0,0,2026-09-08 12:48:56,1
2026-05-21,01129,1129.HK,中國水業集團,0.187,-35.52,1194211,118220265.0,118220265.0,86396,13.82,1.01,10,0,0,2026-09-08 12:48:56,1
2026-05-21,02022,2022.HK,遊萊互動,0.067,21.82,1519500,134000000.0,134000000.0,21620,70.28,1.13,10,0,0,2026-09-08 12:48:56,1
2026-05-21,06909,6909.HK,百得利控股,0.277,-8.28,1366410,172432500.0,172432500.0,121035,11.29,0.79,10,0,0,2026-09-08 12:48:57,1
2026-05-21,00442,442.HK,域能控股,0.75,-5.06,1373210,194362500.0,194362500.0,120005,11.44,0.71,10,0,0,2026-09-08 12:48:56,1
2026-05-21,01752,1752.HK,澳洲成峰高教,0.118,19.19,607250,263357828.0,263357828.0,20098,30.21,0.23,10,0,0,2026-09-08 12:48:56,1
2026-05-21,01985,1985.HK,美高域,1.52,4.11,11183300,465688480.0,465688480.0,76656,145.89,2.4,10,0,0,2026-09-08 12:48:56,1
2026-05-21,00391,391.HK,美亞娛樂資訊,0.1,0.0,2100000,592373852.0,592373852.0,91403,22.98,0.35,10,0,0,2026-09-08 12:48:56,1
2026-05-21,01204,1204.HK,博維智慧,1.6,3.9,646900,800000000.0,800000000.0,47660,13.57,0.08,10,0,0,2026-09-08 12:48:56,1
2026-05-22,00162,162.HK,世紀金花,0.081,88.37,3314580,93125272.0,93125272.0,15948,207.84,3.56,10,0,0,2026-09-08 12:48:57,1
2026-05-22,01927,1927.HK,久久王,0.236,13.46,1204500,186912000.0,186912000.0,110920,10.86,0.64,10,0,0,2026-09-08 12:48:58,1
2026-05-22,02129,2129.HK,LEGION CONSO,0.2,29.03,3953200,250000000.0,250000000.0,110050,35.92,1.58,10,0,0,2026-09-08 12:48:58,1
2026-05-22,00524,524.HK,長城天下,1.07,40.79,2136350,252816925.0,252816925.0,206422,10.35,0.85,10,0,0,2026-09-08 12:48:57,1
2026-05-22,00021,21.HK,大中華控股,0.082,9.33,646470,325969139.0,325969139.0,40308,16.04,0.2,10,0,0,2026-09-08 12:48:57,1
2026-05-22,01416,1416.HK,CTR HOLDINGS,0.241,20.5,1610200,337400000.0,337400000.0,128650,12.52,0.48,10,0,0,2026-09-08 12:48:58,1
2026-05-22,01767,1767.HK,TS WONDERS,0.338,3.05,1126100,338000000.0,338000000.0,70665,15.94,0.33,10,0,0,2026-09-08 12:48:58,1
2026-05-22,03913,3913.HK,合景悠活,0.189,-0.53,1854480,382887335.0,382887335.0,161983,11.45,0.48,10,0,0,2026-09-08 12:48:58,1
2026-05-22,00229,229.HK,利民實業,0.89,2.3,894030,446179125.0,446179125.0,15990,55.91,0.2,10,0,0,2026-09-08 12:48:57,1
2026-05-22,03882,3882.HK,天彩控股,0.465,-3.12,772690,468993167.0,468993167.0,33155,23.31,0.16,10,0,0,2026-09-08 12:48:58,1
2026-05-22,00159,159.HK,布萊克萬礦業,0.058,-17.14,841100,538253464.0,538253464.0,50900,16.52,0.16,10,0,0,2026-09-08 12:48:57,1
2026-05-22,01203,1203.HK,廣南(集團),0.638,-7.27,1046800,579044516.0,579044516.0,78195,13.39,0.18,10,0,0,2026-09-08 12:48:57,1
2026-05-22,00368,368.HK,德合集團,0.99,19.28,5261440,792000000.0,792000000.0,175052,30.06,0.66,10,0,0,2026-09-08 12:48:57,1
2026-05-22,06989,6989.HK,卓越商企服務,0.75,-5.06,7383550,915261000.0,915261000.0,233051,31.68,0.81,10,0,0,2026-09-08 12:48:58,1
2026-05-26,03728,3728.HK,正利控股,0.06,-7.69,893160,60780000.0,60780000.0,7406,120.6,1.47,10,0,0,2026-09-08 12:48:59,1
2026-05-26,01259,1259.HK,未來發展控股,0.035,12.9,754080,77117635.0,77117635.0,43610,17.29,0.98,10,0,0,2026-09-08 12:48:59,1
2026-05-26,08007,8007.HK,環球戰略集團,0.47,5.62,2853450,106369192.0,106369192.0,214894,13.28,2.68,10,0,0,2026-09-08 12:48:59,1
2026-05-26,00310,310.HK,嘉進投資國際,0.187,2.75,1314860,116151688.0,116151688.0,9776,134.5,1.13,10,0,0,2026-09-08 12:48:59,1
2026-05-26,08490,8490.HK,駿碼半導體,0.204,37.84,8808110,143922000.0,143922000.0,208037,42.34,6.12,10,0,0,2026-09-08 12:49:00,1
2026-05-26,01452,1452.HK,迪諾斯環保,0.189,26.0,908900,145661869.0,145661869.0,68990,13.17,0.62,10,0,0,2026-09-08 12:48:59,1
2026-05-26,00356,356.HK,鼎立資本,0.87,1.75,784830,175216839.0,175216839.0,15231,51.53,0.45,10,0,0,2026-09-08 12:48:59,1
2026-05-26,01793,1793.HK,偉工控股,0.275,0.0,1462720,220000000.0,220000000.0,110008,13.3,0.66,10,0,0,2026-09-08 12:48:59,1
2026-05-26,06663,6663.HK,國際永勝集團,0.33,3.12,577250,264000000.0,264000000.0,19140,30.16,0.22,10,0,0,2026-09-08 12:48:59,1
2026-05-26,00243,243.HK,品質國際,0.8,45.45,17199220,277192426.0,277192426.0,808452,21.27,6.2,10,0,0,2026-09-08 12:48:58,1
2026-05-26,00524,524.HK,長城天下,1.41,31.78,5927760,333151275.0,333151275.0,383919,15.44,1.78,10,0,0,2026-09-08 12:48:59,1
2026-05-26,00021,21.HK,大中華控股,0.091,10.98,1696460,361746240.0,361746240.0,104920,16.17,0.47,10,0,0,2026-09-08 12:48:58,1
2026-05-26,01909,1909.HK,火岩控股,2.15,7.5,1026700,522065238.0,522065238.0,48705,21.08,0.2,10,0,0,2026-09-08 12:48:59,1
2026-05-26,00225,225.HK,博富臨置業,5.21,-4.4,637860,574034596.0,574034596.0,10714,59.54,0.11,10,0,0,2026-09-08 12:48:58,1
2026-05-26,02250,2250.HK,小黃鴨德盈,0.6,-1.64,627770,605013000.0,605013000.0,37538,16.72,0.1,10,0,0,2026-09-08 12:48:59,1
2026-05-26,09919,9919.HK,艾德韋宣集團,0.835,-3.47,2593660,621422030.0,621422030.0,33791,76.76,0.42,10,0,0,2026-09-08 12:49:00,1
2026-05-26,01693,1693.HK,璋利國際,7.95,-0.5,4093140,638212008.0,638212008.0,138472,29.56,0.64,10,0,0,2026-09-08 12:48:59,1
2026-05-26,02298,2298.HK,都市麗人,0.344,-10.42,7014310,773813281.0,773813281.0,611146,11.48,0.91,10,0,0,2026-09-08 12:48:59,1
2026-05-26,01410,1410.HK,安領國際,0.87,7.41,10933400,878453790.0,878453790.0,1051070,10.4,1.24,10,0,0,2026-09-08 12:48:59,1
2026-05-27,08069,8069.HK,飛道旅遊科技,0.52,22.35,598770,21234564.0,21234564.0,34368,17.42,2.82,10,0,0,2026-09-08 12:49:01,1
2026-05-27,00197,197.HK,亨泰,0.28,0.0,709980,58578927.0,58578927.0,27217,26.09,1.21,10,0,0,2026-09-08 12:49:00,1
2026-05-27,08291,8291.HK,港娛國際,0.305,0.0,585600,65066666.0,65066666.0,6349,92.23,0.9,10,0,0,2026-09-08 12:49:01,1
2026-05-27,00145,145.HK,信能低碳,0.208,9.47,8179330,76169978.0,76169978.0,216408,37.8,10.74,10,0,0,2026-09-08 12:49:00,1
2026-05-27,08275,8275.HK,中國新消費集團,0.1,9.89,951800,95998554.0,95998554.0,56008,16.99,0.99,10,0,0,2026-09-08 12:49:01,1
2026-05-27,01162,1162.HK,瑩嵐集團,0.206,8.99,2871900,123600000.0,123600000.0,232290,12.36,2.32,10,0,0,2026-09-08 12:49:00,1
2026-05-27,02028,2028.HK,映美控股,0.189,42.11,4176470,162225145.0,162225145.0,33810,123.53,2.57,10,0,0,2026-09-08 12:49:00,1
2026-05-27,00396,396.HK,興利(香港)控股,0.21,-38.24,6961840,169700165.0,169700165.0,489249,14.23,4.1,10,0,0,2026-09-08 12:49:00,1
2026-05-27,08283,8283.HK,中食民安,0.55,-6.78,5726730,190080000.0,190080000.0,102814,55.7,3.01,10,0,0,2026-09-08 12:49:01,1
2026-05-27,06988,6988.HK,樂享集團,0.088,-10.2,1583000,208729594.0,208729594.0,146930,10.77,0.76,10,0,0,2026-09-08 12:49:01,1
2026-05-27,01245,1245.HK,NIRAKU,0.188,15.34,827210,224819886.0,224819886.0,21876,37.81,0.37,10,0,0,2026-09-08 12:49:00,1
2026-05-27,01446,1446.HK,鴻福堂,0.365,-1.35,836620,239419560.0,239419560.0,37984,22.03,0.35,10,0,0,2026-09-08 12:49:00,1
2026-05-27,01289,1289.HK,盛力達科技,1.966,6.5,1156580,251648000.0,62912000.0,80814,14.31,0.46,10,0,0,2026-09-08 12:49:00,1
2026-05-27,00828,828.HK,王朝酒業,0.189,-7.35,810500,266188712.0,266188712.0,33742,24.02,0.3,10,0,0,2026-09-08 12:49:00,1
2026-05-27,02239,2239.HK,國微控股,1.52,33.33,4115870,493896625.0,493896625.0,124344,33.1,0.83,10,0,0,2026-09-08 12:49:00,1
2026-05-27,02501,2501.HK,邁越科技,1.05,0.0,750100,525000000.0,525000000.0,48940,15.33,0.14,10,0,0,2026-09-08 12:49:00,1
2026-05-27,02372,2372.HK,偉立控股,0.67,36.73,9219000,536000001.0,536000000.0,380060,24.26,1.72,10,0,0,2026-09-08 12:49:00,1
2026-05-27,06188,6188.HK,迪信通,0.76,31.03,1138900,673709904.0,417057904.0,59650,19.09,0.17,10,0,0,2026-09-08 12:49:01,1
2026-05-27,00618,618.HK,北大資源,0.325,4.84,1476640,889660616.0,889660616.0,107452,13.74,0.17,10,0,0,2026-09-08 12:49:00,1
2026-05-28,01259,1259.HK,未來發展控股,0.046,35.29,10317840,101354606.0,101354606.0,127799,80.73,10.18,10,0,0,2026-09-08 12:49:02,1
2026-05-28,01068,1068.HK,雨潤食品,0.094,-8.74,933950,171339031.0,171339031.0,79544,11.74,0.55,10,0,0,2026-09-08 12:49:01,1
2026-05-28,01679,1679.HK,瑞斯康集團,0.9,73.08,7697960,194232456.0,194232456.0,255170,30.17,3.96,10,0,0,2026-09-08 12:49:02,1
2026-05-28,08070,8070.HK,僑洋國際控股,1.1,30.95,807850,220000000.0,220000000.0,38850,20.79,0.37,10,0,0,2026-09-08 12:49:02,1
2026-05-28,00681,681.HK,中民控股,0.026,-10.34,1080710,232298591.0,232298591.0,88351,12.23,0.47,10,0,0,2026-09-08 12:49:01,1
2026-05-28,02028,2028.HK,映美控股,0.41,116.93,20690360,351916981.0,351916981.0,451457,45.83,5.88,10,0,0,2026-09-08 12:49:02,1
2026-05-28,00021,21.HK,大中華控股,0.097,6.59,2848700,385597640.0,385597640.0,242541,11.75,0.74,10,0,0,2026-09-08 12:49:01,1
2026-05-28,00689,689.HK,長盈集團(控股),0.244,-2.4,29045080,453286538.0,453286538.0,2057920,14.11,6.41,10,0,0,2026-09-08 12:49:01,1
2026-05-28,08521,8521.HK,智雲國際控股,0.78,1.3,883950,498420000.0,498420000.0,16130,54.8,0.18,10,0,0,2026-09-08 12:49:02,1
2026-05-28,00994,994.HK,中天宏信,0.39,13.04,5921100,503492340.0,503492340.0,368010,16.09,1.18,10,0,0,2026-09-08 12:49:01,1
2026-05-28,01685,1685.HK,博耳電力,0.69,25.45,10189440,533900610.0,533900610.0,291059,35.01,1.91,10,0,0,2026-09-08 12:49:02,1
2026-05-28,00532,532.HK,王氏港建,0.75,56.25,11063730,547423473.0,547423473.0,749341,14.76,2.02,10,0,0,2026-09-08 12:49:01,1
2026-05-28,02239,2239.HK,國微控股,2.18,43.42,10964690,708351738.0,708351738.0,527268,20.8,1.55,10,0,0,2026-09-08 12:49:02,1
2026-05-28,01082,1082.HK,源宇宙教育,1.47,3.52,791480,893828914.0,893828914.0,67796,11.67,0.09,10,0,0,2026-09-08 12:49:02,1
2026-05-29,06128,6128.HK,烯石電車新材料,0.065,16.07,3722790,61185367.0,61185367.0,174800,21.3,6.08,10,0,0,2026-09-08 12:49:04,1
2026-05-29,01323,1323.HK,華盛國際控股,0.134,3.08,1065620,101257736.0,121507816.0,64310,16.57,0.88,10,0,0,2026-09-08 12:49:03,1
2026-05-29,06918,6918.HK,九泰數智,0.152,-1.94,5177120,132906794.0,132906794.0,442360,11.7,3.9,10,0,0,2026-09-08 12:49:04,1
2026-05-29,01472,1472.HK,生興控股,0.14,32.08,3293880,140000000.0,140000000.0,139804,23.56,2.35,10,0,0,2026-09-08 12:49:03,1
2026-05-29,02310,2310.HK,時代環球集團,0.204,78.95,2877030,222946948.0,222946948.0,41159,69.9,1.29,10,0,0,2026-09-08 12:49:03,1
2026-05-29,08070,8070.HK,僑洋國際控股,1.51,37.27,2053600,302000000.0,302000000.0,119185,17.23,0.68,10,0,0,2026-09-08 12:49:04,1
2026-05-29,03997,3997.HK,電訊首科,2.79,30.37,5154610,358074180.0,358074180.0,494720,10.42,1.44,10,0,0,2026-09-08 12:49:04,1
2026-05-29,06911,6911.HK,瀾滄古茶,2.4,-13.04,970240,360000000.0,133200000.0,11832,82.0,0.27,10,0,0,2026-09-08 12:49:04,1
2026-05-29,02369,2369.HK,酷派集團,1.0,13.64,11312470,397930198.0,397930198.0,574194,19.7,2.84,10,0,0,2026-09-08 12:49:03,1
2026-05-29,02497,2497.HK,富景中國控股,0.85,49.12,3130200,425000000.0,425000000.0,75650,41.38,0.74,10,0,0,2026-09-08 12:49:03,1
2026-05-29,02651,2651.HK,大眾口腔,12.084,-0.33,4205600,611197144.0,220244676.0,245976,17.1,0.69,10,0,0,2026-09-08 12:49:03,1
2026-05-29,00254,254.HK,國家聯合資源,0.98,13.95,38687480,662247583.0,662247583.0,2443522,15.83,5.84,10,0,0,2026-09-08 12:49:03,1
2026-05-29,02028,2028.HK,映美控股,0.96,134.15,61465230,824000736.0,824000736.0,2519373,24.4,7.46,10,0,0,2026-09-08 12:49:03,1
2026-05-29,02496,2496.HK,友芝友生物-B,4.3,0.0,2806400,833551560.0,771760186.0,600,4677.33,0.34,10,0,0,2026-09-08 12:49:03,1
2026-06-01,08081,8081.HK,白居易控股,0.013,-13.33,683070,67028456.0,67028456.0,34350,19.89,1.02,10,0,0,2026-09-08 12:49:05,1
2026-06-01,00171,171.HK,銀建國際,0.045,-10.0,843490,103718232.0,103718232.0,27299,30.9,0.81,10,0,0,2026-09-08 12:49:04,1
2026-06-01,02112,2112.HK,恩典生命科技,0.072,4.35,5952000,108000000.0,108000000.0,107347,55.45,5.51,10,0,0,2026-09-08 12:49:05,1
2026-06-01,01949,1949.HK,佰達國際控股,0.58,-3.33,780120,133632000.0,133632000.0,15517,50.28,0.58,10,0,0,2026-09-08 12:49:05,1
2026-06-01,01468,1468.HK,嘉高達資本,0.325,6.56,5812400,135470059.0,135470059.0,176433,32.94,4.29,10,0,0,2026-09-08 12:49:04,1
2026-06-01,01314,1314.HK,翠華控股,0.131,-7.75,754310,184870665.0,184870665.0,6977,108.11,0.41,10,0,0,2026-09-08 12:49:04,1
2026-06-01,00380,380.HK,中國管業,0.147,15.75,1417840,195843102.0,195843102.0,21290,66.6,0.72,10,0,0,2026-09-08 12:49:04,1
2026-06-01,00889,889.HK,連達科技控股,1.35,213.95,33639620,432000000.0,432000000.0,116440,288.9,7.79,10,0,0,2026-09-08 12:49:04,1
2026-06-01,01831,1831.HK,十方控股,0.475,15.85,4604800,510838536.0,510838536.0,248853,18.5,0.9,10,0,0,2026-09-08 12:49:04,1
2026-06-01,02000,2000.HK,晨訊科技,0.315,18.87,773930,667499900.0,667499900.0,20947,36.95,0.12,10,0,0,2026-09-08 12:49:05,1
2026-06-01,01846,1846.HK,德視佳,2.587,-0.77,684000,829666422.0,829666422.0,51110,13.38,0.08,10,0,0,2026-09-08 12:49:04,1
2026-06-01,00301,301.HK,三和精化,1.95,9.55,15714270,917396493.0,917396493.0,150684,104.29,1.71,10,0,0,2026-09-08 12:49:04,1
2026-06-01,00314,314.HK,思派健康,1.32,-8.97,8544000,957995430.0,957995430.0,779110,10.97,0.89,10,0,0,2026-09-08 12:49:04,1
2026-06-02,08471,8471.HK,新達控股,0.42,-30.0,3123690,30895200.0,30895200.0,244902,12.75,10.11,10,0,0,2026-09-08 12:49:07,1
2026-06-02,08311,8311.HK,圓美光電,0.085,11.84,1185540,126113408.0,126113408.0,3802,311.82,0.94,10,0,0,2026-09-08 12:49:07,1
2026-06-02,01949,1949.HK,佰達國際控股,0.56,-3.45,1947520,129024000.0,129024000.0,93529,20.82,1.51,10,0,0,2026-09-08 12:49:06,1
2026-06-02,08160,8160.HK,GOLDWAY EDU,0.68,13.33,647210,146058519.0,146058519.0,64213,10.08,0.44,10,0,0,2026-09-08 12:49:07,1
2026-06-02,08031,8031.HK,易通訊集團,0.54,74.19,7822920,191562300.0,191562300.0,41132,190.19,4.08,10,0,0,2026-09-08 12:49:06,1
2026-06-02,00889,889.HK,連達科技控股,0.73,-45.93,36965620,233600000.0,233600000.0,3464377,10.67,15.82,10,0,0,2026-09-08 12:49:06,1
2026-06-02,00989,989.HK,中國長白山國際,0.85,41.67,1253760,306154649.0,306154649.0,95158,13.18,0.41,10,0,0,2026-09-08 12:49:06,1
2026-06-02,01633,1633.HK,上諭集團,0.47,14.63,3760100,321832500.0,321832500.0,274290,13.71,1.17,10,0,0,2026-09-08 12:49:06,1
2026-06-02,01399,1399.HK,銳信控股,0.56,38.27,5400650,610400698.0,610400698.0,461224,11.71,0.88,10,0,0,2026-09-08 12:49:06,1
2026-06-02,06162,6162.HK,天瑞汽車內飾,0.295,21.9,17415200,708000000.0,708000000.0,1126980,15.45,2.46,10,0,0,2026-09-08 12:49:06,1
2026-06-02,02350,2350.HK,數科集團,0.836,10.44,8775600,731500000.0,731500000.0,550440,15.94,1.2,10,0,0,2026-09-08 12:49:06,1
2026-06-03,08315,8315.HK,新都酒店,0.1,38.89,700600,58144225.0,58144225.0,5593,125.26,1.2,10,0,0,2026-09-08 12:49:08,1
2026-06-03,08379,8379.HK,盈證國際,0.131,-9.03,599800,104800000.0,104800000.0,37050,16.19,0.57,10,0,0,2026-09-08 12:49:08,1
2026-06-03,01771,1771.HK,新豐泰集團,0.242,44.05,4027390,145200000.0,145200000.0,4270,943.18,2.77,10,0,0,2026-09-08 12:49:07,1
2026-06-03,00385,385.HK,建聯集團,0.29,11.54,1777570,172520781.0,172520781.0,21559,82.45,1.03,10,0,0,2026-09-08 12:49:07,1
2026-06-03,00605,605.HK,中國金融投資管理,0.92,22.67,5991460,192427262.0,192427262.0,52818,113.44,3.11,10,0,0,2026-09-08 12:49:07,1
2026-06-03,01745,1745.HK,驢跡科技,3.9,-12.36,2066400,197402478.0,197402478.0,192112,10.76,1.05,10,0,0,2026-09-08 12:49:07,1
2026-06-03,09968,9968.HK,匯景控股,0.043,22.86,1301040,225922000.0,225922000.0,75038,17.34,0.58,10,0,0,2026-09-08 12:49:08,1
2026-06-03,00865,865.HK,建德國際控股,0.052,40.54,1878960,303575464.0,303575464.0,42150,44.58,0.62,10,0,0,2026-09-08 12:49:07,1
2026-06-03,00423,423.HK,經濟日報集團,0.71,-4.05,870600,306436000.0,306436000.0,26488,32.87,0.28,10,0,0,2026-09-08 12:49:07,1
2026-06-03,02258,2258.HK,華滋國際海洋,0.439,118.41,22125270,362350600.0,362350600.0,3700,5979.8,6.11,10,0,0,2026-09-08 12:49:08,1
2026-06-03,02322,2322.HK,新質數字,0.095,2.15,1638150,419957000.0,419957000.0,116227,14.09,0.39,10,0,0,2026-09-08 12:49:08,1
2026-06-03,02165,2165.HK,領悅服務集團,1.62,-1.22,658500,462809700.0,462809700.0,49970,13.18,0.14,10,0,0,2026-09-08 12:49:08,1
2026-06-03,02439,2439.HK,中寶新材,0.415,9.21,39636200,498000000.0,498000000.0,964340,41.1,7.96,10,0,0,2026-09-08 12:49:08,1
2026-06-03,00353,353.HK,能源國際投資,0.385,-1.28,650450,814491713.0,814491713.0,46577,13.97,0.08,10,0,0,2026-09-08 12:49:07,1
2026-06-03,01085,1085.HK,亨鑫科技,1.75,9.38,1232180,814800000.0,814800000.0,70384,17.51,0.15,10,0,0,2026-09-08 12:49:07,1
2026-06-03,02581,2581.HK,明基醫院,2.94,-5.47,6862500,917118303.0,917118303.0,654090,10.49,0.75,10,0,0,2026-09-08 12:49:08,1
2026-06-04,09978,9978.HK,方圓生活服務,0.233,45.63,14861590,93200000.0,93200000.0,109496,135.73,15.95,10,0,0,2026-09-08 12:49:10,1
2026-06-04,00110,110.HK,中國長遠,0.395,-2.47,587520,110029576.0,110029576.0,53574,10.97,0.53,10,0,0,2026-09-08 12:49:08,1
2026-06-04,03662,3662.HK,星悅康旅,0.27,-5.26,3035530,196087500.0,196087500.0,170829,17.77,1.55,10,0,0,2026-09-08 12:49:10,1
2026-06-04,01975,1975.HK,新興印刷,0.415,0.0,592080,199200000.0,199200000.0,48682,12.16,0.3,10,0,0,2026-09-08 12:49:09,1
2026-06-04,08426,8426.HK,雅居投資控股,0.26,4.0,11224950,208000000.0,208000000.0,6925,1620.93,5.4,10,0,0,2026-09-08 12:49:10,1
2026-06-04,00757,757.HK,陽光能源,0.065,-5.8,580830,216045124.0,216045124.0,52964,10.97,0.27,10,0,0,2026-09-08 12:49:09,1
2026-06-04,01732,1732.HK,象興科技,0.184,-4.17,2572000,235520000.0,235520000.0,248860,10.34,1.09,10,0,0,2026-09-08 12:49:09,1
2026-06-04,01540,1540.HK,澳獅環球,0.51,24.39,4728450,254322630.0,254322630.0,3026,1562.61,1.86,10,0,0,2026-09-08 12:49:09,1
2026-06-04,01592,1592.HK,基石控股,0.179,-48.86,19537720,259151976.0,259151976.0,907432,21.53,7.54,10,0,0,2026-09-08 12:49:09,1
2026-06-04,01080,1080.HK,勝利管道,0.081,14.08,597980,313823614.0,313823614.0,34831,17.17,0.19,10,0,0,2026-09-08 12:49:09,1
2026-06-04,01130,1130.HK,中國環境資源,0.61,1.67,3601000,343350180.0,343350180.0,292981,12.29,1.05,10,0,0,2026-09-08 12:49:09,1
2026-06-04,08229,8229.HK,未來數據集團,0.62,8.77,5553200,344397600.0,344397600.0,115270,48.18,1.61,10,0,0,2026-09-08 12:49:10,1
2026-06-04,01490,1490.HK,AI X TECH,0.31,21.57,6352700,382726000.0,382726000.0,53440,118.88,1.66,10,0,0,2026-09-08 12:49:09,1
2026-06-04,00672,672.HK,眾安集團,0.097,-2.02,1296770,546673551.0,546673551.0,97825,13.26,0.24,10,0,0,2026-09-08 12:49:09,1
2026-06-04,01622,1622.HK,力高集團,0.202,17.44,3152760,717425083.0,717425083.0,140261,22.48,0.44,10,0,0,2026-09-08 12:49:09,1
2026-06-04,00532,532.HK,王氏港建,1.03,77.59,40322200,751794903.0,751794903.0,3554553,11.34,5.36,10,0,0,2026-09-08 12:49:09,1
2026-06-05,08317,8317.HK,財華社集團,0.106,10.42,1966960,105979665.0,105979665.0,124068,15.85,1.86,10,0,0,2026-09-08 12:49:11,1
2026-06-05,00110,110.HK,中國長遠,0.4,1.27,4360440,111422355.0,111422355.0,104652,41.67,3.91,10,0,0,2026-09-08 12:49:10,1
2026-06-05,01759,1759.HK,中油潔能控股,0.62,-15.07,1045500,133920000.0,133920000.0,27730,37.7,0.78,10,0,0,2026-09-08 12:49:11,1
2026-06-05,03708,3708.HK,中國供應鏈產業,0.199,-3.4,3117710,144728720.0,144728720.0,141966,21.96,2.15,10,0,0,2026-09-08 12:49:11,1
2026-06-05,01933,1933.HK,元力控股,0.355,62.1,28560000,178894148.0,178894148.0,50980,560.22,15.96,10,0,0,2026-09-08 12:49:11,1
2026-06-05,01962,1962.HK,訓修實業,0.46,4.55,553570,283422560.0,283422560.0,28632,19.33,0.2,10,0,0,2026-09-08 12:49:11,1
2026-06-05,00725,725.HK,恆都集團,1.49,35.45,1741460,296447420.0,296447420.0,48122,36.19,0.59,10,0,0,2026-09-08 12:49:10,1
2026-06-05,00987,987.HK,中國再生能源投資,0.176,6.67,1941320,441083714.0,441083714.0,171019,11.35,0.44,10,0,0,2026-09-08 12:49:10,1
2026-06-05,01480,1480.HK,恩達集團控股,1.86,35.77,32984770,446400000.0,446400000.0,379211,86.98,7.39,10,0,0,2026-09-08 12:49:10,1
2026-06-05,01720,1720.HK,普天通信集團,0.79,69.89,50158300,869000000.0,869000000.0,2395080,20.94,5.77,10,0,0,2026-09-08 12:49:11,1
2026-06-05,02543,2543.HK,大行科工,28.5,-7.11,13976320,934481968.0,257668500.0,1292519,10.81,1.5,10,0,0,2026-09-08 12:49:11,1
2026-06-08,01647,1647.HK,雄岸科技,0.049,-16.95,505800,58556960.0,58556960.0,45650,11.08,0.86,10,0,0,2026-09-08 12:49:12,1
2026-06-08,08072,8072.HK,蘭谷股份,0.415,-6.74,2838600,69864891.0,69864891.0,130,21835.38,4.06,10,0,0,2026-09-08 12:49:12,1
2026-06-08,02358,2358.HK,久融控股,0.013,18.18,758620,71136000.0,71136000.0,29187,25.99,1.07,10,0,0,2026-09-08 12:49:12,1
2026-06-08,08223,8223.HK,紫元元,0.285,1.79,963580,147060000.0,147060000.0,48240,19.97,0.66,10,0,0,2026-09-08 12:49:12,1
2026-06-08,01305,1305.HK,偉志控股,0.74,19.35,740310,160303240.0,160303240.0,44760,16.54,0.46,10,0,0,2026-09-08 12:49:12,1
2026-06-08,01059,1059.HK,看通集團,0.43,7.5,4152150,161264408.0,161264408.0,7990,519.67,2.57,10,0,0,2026-09-08 12:49:12,1
2026-06-08,01669,1669.HK,環球信貸集團,1.35,22.73,9057980,540000000.0,540000000.0,52456,172.68,1.68,10,0,0,2026-09-08 12:49:12,1
2026-06-08,01011,1011.HK,泰凌醫藥,0.43,-20.37,623130,772522342.0,772522342.0,57595,10.82,0.08,10,0,0,2026-09-08 12:49:12,1
2026-06-08,00929,929.HK,國際精密,0.742,4.21,13109330,780772568.0,780772568.0,166115,78.92,1.68,10,0,0,2026-09-08 12:49:12,1
2026-06-09,01825,1825.HK,STERLING GP,1.1,22.22,2279120,45619200.0,45619200.0,7494,304.13,5.0,10,0,0,2026-09-08 12:49:13,1
2026-06-09,00401,401.HK,萬嘉集團,0.092,-48.31,2022120,103832645.0,103832645.0,50792,39.81,1.95,10,0,0,2026-09-08 12:49:13,1
2026-06-09,02324,2324.HK,首都創投,0.116,0.0,1652950,104429754.0,104429754.0,81908,20.18,1.58,10,0,0,2026-09-08 12:49:13,1
2026-06-09,00776,776.HK,帝國科技集團,0.457,1.56,8336130,307029760.0,307029760.0,248539,33.54,2.72,10,0,0,2026-09-08 12:49:13,1
2026-06-09,01613,1613.HK,協同通信,0.201,12.92,3628160,308708763.0,308708763.0,183059,19.82,1.18,10,0,0,2026-09-08 12:49:13,1
2026-06-09,01251,1251.HK,華油能源,0.249,4.18,1496870,486581856.0,486581856.0,124757,12.0,0.31,10,0,0,2026-09-08 12:49:13,1
2026-06-10,00130,130.HK,慕詩國際,0.206,3.52,951730,59313580.0,59313580.0,19183,49.61,1.6,10,0,0,2026-09-08 12:49:14,1
2026-06-10,08131,8131.HK,諾亞智能,0.107,13.83,827400,76955592.0,76955592.0,61595,13.43,1.08,10,0,0,2026-09-08 12:49:15,1
2026-06-10,00657,657.HK,環科國際,0.047,30.56,663020,91476763.0,91476763.0,31887,20.79,0.72,10,0,0,2026-09-08 12:49:14,1
2026-06-10,01312,1312.HK,華控康泰,0.022,-18.52,905130,122948579.0,122948579.0,29015,31.2,0.74,10,0,0,2026-09-08 12:49:15,1
2026-06-10,06193,6193.HK,泰林科建,0.41,51.85,2204860,164000000.0,164000000.0,10386,212.29,1.34,10,0,0,2026-09-08 12:49:15,1
2026-06-10,01795,1795.HK,亞東集團,0.56,3.7,818610,336000000.0,336000000.0,78795,10.39,0.24,10,0,0,2026-09-08 12:49:15,1
2026-06-10,01218,1218.HK,永義國際,2.45,1.24,867220,362543175.0,362543175.0,8211,105.62,0.24,10,0,0,2026-09-08 12:49:14,1
2026-06-10,01596,1596.HK,翼辰實業,0.49,-9.26,1380610,439941600.0,109985400.0,117168,11.78,0.31,10,0,0,2026-09-08 12:49:15,1
2026-06-10,02439,2439.HK,中寶新材,0.44,4.76,65304900,528000000.0,528000000.0,6498060,10.05,12.37,10,0,0,2026-09-08 12:49:15,1
2026-06-10,08227,8227.HK,海天天線,0.285,39.02,3887020,540824265.0,184042941.0,57379,67.74,0.72,10,0,0,2026-09-08 12:49:15,1
2026-06-10,00149,149.HK,中國農產品交易,0.064,4.92,2436340,636996341.0,636996341.0,98577,24.72,0.38,10,0,0,2026-09-08 12:49:14,1
2026-06-10,01613,1613.HK,協同通信,0.465,131.34,36212730,714176988.0,714176988.0,529357,68.41,5.07,10,0,0,2026-09-08 12:49:15,1
2026-06-11,08131,8131.HK,諾亞智能,0.12,12.15,5333590,86305337.0,86305337.0,133563,39.93,6.18,10,0,0,2026-09-08 12:49:16,1
2026-06-11,08082,8082.HK,擎華控股,0.034,-22.73,2955370,90875733.0,90875733.0,62599,47.21,3.25,10,0,0,2026-09-08 12:49:16,1
2026-06-11,00356,356.HK,鼎立資本,0.525,-22.22,509040,105734300.0,105734300.0,36087,14.11,0.48,10,0,0,2026-09-08 12:49:16,1
2026-06-11,01536,1536.HK,煜榮集團,0.31,6.9,629300,141360000.0,141360000.0,45830,13.73,0.45,10,0,0,2026-09-08 12:49:16,1
2026-06-11,01737,1737.HK,亞洲實業集團,0.169,19.86,783350,169000000.0,169000000.0,54609,14.34,0.46,10,0,0,2026-09-08 12:49:16,1
2026-06-11,00827,827.HK,玖源集團,0.034,3.03,1589470,238953448.0,238953448.0,122377,12.99,0.67,10,0,0,2026-09-08 12:49:16,1
2026-06-11,01793,1793.HK,偉工控股,0.305,8.93,6565780,244000000.0,244000000.0,352816,18.61,2.69,10,0,0,2026-09-08 12:49:16,1
2026-06-11,00464,464.HK,中國智能科技,0.84,23.53,11984160,635243280.0,635243280.0,1168584,10.26,1.89,10,0,0,2026-09-08 12:49:16,1
2026-06-11,02496,2496.HK,友芝友生物-B,4.2,0.0,5086800,814166640.0,753812275.0,281240,18.09,0.62,10,0,0,2026-09-08 12:49:16,1
2026-06-11,02562,2562.HK,獅騰控股,1.92,15.66,1013747700,895916294.0,895916294.0,37075560,27.34,113.15,10,0,0,2026-09-08 12:49:16,1
2026-06-12,08413,8413.HK,亞洲富思,0.05,-23.08,852200,58100000.0,58100000.0,54500,15.64,1.47,10,0,0,2026-09-08 12:49:18,1
2026-06-12,01842,1842.HK,植華集團,0.041,7.89,548500,59040000.0,59040000.0,50450,10.87,0.93,10,0,0,2026-09-08 12:49:17,1
2026-06-12,08620,8620.HK,亞洲速運,0.123,-16.33,535300,77330715.0,77330715.0,38220,14.01,0.69,10,0,0,2026-09-08 12:49:18,1
2026-06-12,00426,426.HK,萬華媒體,0.255,82.14,2208090,102229500.0,102229500.0,18846,117.16,2.16,10,0,0,2026-09-08 12:49:17,1
2026-06-12,01323,1323.HK,華盛國際控股,0.15,11.11,33733690,113348211.0,136016211.0,1314316,25.67,24.8,10,0,0,2026-09-08 12:49:17,1
2026-06-12,02330,2330.HK,中國上城,0.33,1.54,786400,149439097.0,149439097.0,74186,10.6,0.53,10,0,0,2026-09-08 12:49:17,1
2026-06-12,00355,355.HK,世紀城市國際,0.073,7.35,1630720,225757551.0,225757551.0,117932,13.83,0.72,10,0,0,2026-09-08 12:49:17,1
2026-06-12,02370,2370.HK,力高健康生活,1.24,20.39,1877800,248000000.0,248000000.0,156330,12.01,0.76,10,0,0,2026-09-08 12:49:17,1
2026-06-12,00366,366.HK,陸氏集團(越南),0.81,-7.95,685720,406313349.0,406313349.0,31976,21.44,0.17,10,0,0,2026-09-08 12:49:17,1
2026-06-12,00128,128.HK,安寧控股,0.4,2.56,653700,660263470.0,660263470.0,51840,12.61,0.1,10,0,0,2026-09-08 12:49:17,1
2026-06-12,01204,1204.HK,博維智慧,1.63,-1.21,906200,815000000.0,815000000.0,37990,23.85,0.11,10,0,0,2026-09-08 12:49:17,1
2026-06-15,01025,1025.HK,嘉藝控股,0.232,0.43,6953620,103789246.0,103789246.0,278932,24.93,6.7,10,0,0,2026-09-08 12:49:18,1
2026-06-15,01718,1718.HK,宏基集團控股,0.37,10.45,2943430,112524400.0,112524400.0,172184,17.09,2.62,10,0,0,2026-09-08 12:49:19,1
2026-06-15,01671,1671.HK,天保能源,0.86,21.13,6483740,137531980.0,137531980.0,35744,181.39,4.71,10,0,0,2026-09-08 12:49:19,1
2026-06-15,01792,1792.HK,CMON,0.88,2.56,1415880,217958400.0,217958400.0,82140,17.24,0.65,10,0,0,2026-09-08 12:49:19,1
2026-06-15,00723,723.HK,信保環球控股,0.21,-5.41,5420430,229706719.0,229706719.0,158125,34.28,2.36,10,0,0,2026-09-08 12:49:18,1
2026-06-15,00583,583.HK,長城環亞控股,0.199,3.11,537550,311981374.0,311981374.0,15988,33.62,0.17,10,0,0,2026-09-08 12:49:18,1
2026-06-15,02863,2863.HK,高豐集團控股,0.5,3.09,5869550,344755500.0,344755500.0,23216,252.82,1.7,10,0,0,2026-09-08 12:49:19,1
2026-06-15,01098,1098.HK,路勁,0.6,1.69,597840,449601940.0,449601940.0,44613,13.4,0.13,10,0,0,2026-09-08 12:49:18,1
2026-06-15,00254,254.HK,國家聯合資源,1.05,1.94,85403810,709550982.0,709550982.0,3717858,22.97,12.04,10,0,0,2026-09-08 12:49:18,1
2026-06-15,02377,2377.HK,博奇環保,0.85,0.0,508210,726633277.0,726633277.0,30469,16.68,0.07,10,0,0,2026-09-08 12:49:19,1
2026-06-15,01082,1082.HK,源宇宙教育,1.42,-1.39,1517120,863426570.0,863426570.0,45308,33.48,0.18,10,0,0,2026-09-08 12:49:18,1
2026-06-15,01180,1180.HK,匯彩控股,0.87,40.32,5211320,915401224.0,915401224.0,295362,17.64,0.57,10,0,0,2026-09-08 12:49:18,1
2026-06-16,08027,8027.HK,吉輝控股,0.128,-1.54,577680,90931200.0,90931200.0,11435,50.52,0.64,10,0,0,2026-09-08 12:49:20,1
2026-06-16,08275,8275.HK,中國新消費集團,0.099,3.12,518800,95038569.0,95038569.0,11012,47.11,0.55,10,0,0,2026-09-08 12:49:21,1
2026-06-16,02863,2863.HK,高豐集團控股,0.63,26.0,8367810,434391930.0,434391930.0,602767,13.88,1.93,10,0,0,2026-09-08 12:49:20,1
2026-06-16,01861,1861.HK,保寶龍科技,2.15,-2.27,4884200,502922088.0,502922088.0,151506,32.24,0.97,10,0,0,2026-09-08 12:49:20,1
2026-06-16,06113,6113.HK,比特策略,1.48,-12.94,844120,592000000.0,592000000.0,75182,11.23,0.14,10,0,0,2026-09-08 12:49:20,1
2026-06-16,00528,528.HK,金達控股,1.01,0.0,13230750,635974780.0,635974780.0,1070,12365.19,2.08,10,0,0,2026-09-08 12:49:20,1
2026-06-16,00554,554.HK,漢思集團控股,0.193,0.0,1337850,846755284.0,846755284.0,11530,116.03,0.16,10,0,0,2026-09-08 12:49:20,1
2026-06-16,00128,128.HK,安寧控股,0.54,35.0,18460000,891355685.0,891355685.0,93390,197.67,2.07,10,0,0,2026-09-08 12:49:19,1
2026-06-17,08356,8356.HK,進業控股,0.355,18.33,605400,26592405.0,26592405.0,39638,15.27,2.28,10,0,0,2026-09-08 12:49:22,1
2026-06-17,01703,1703.HK,誼和股份,0.73,12.31,11571800,100740000.0,100740000.0,98587,117.38,11.49,10,0,0,2026-09-08 12:49:21,1
2026-06-17,01546,1546.HK,德萊建業,0.172,-14.43,2023230,137600000.0,137600000.0,139774,14.48,1.47,10,0,0,2026-09-08 12:49:21,1
2026-06-17,01869,1869.HK,貓屎咖啡控股,0.112,23.08,5203360,189537600.0,189537600.0,21879,237.82,2.75,10,0,0,2026-09-08 12:49:21,1
2026-06-17,08029,8029.HK,中投金融科技集團,0.7,-1.41,2520000,196057135.0,196057135.0,7263,346.96,1.29,10,0,0,2026-09-08 12:49:22,1
2026-06-17,00487,487.HK,實德環球,0.051,30.77,807230,251251051.0,251251051.0,1459,553.28,0.32,10,0,0,2026-09-08 12:49:21,1
2026-06-17,00575,575.HK,勵晶太平洋,1.02,78.95,4608460,297652098.0,297652098.0,16548,278.49,1.55,10,0,0,2026-09-08 12:49:21,1
2026-06-17,01273,1273.HK,香港信貸,0.75,22.95,1540040,311250000.0,311250000.0,10800,142.6,0.49,10,0,0,2026-09-08 12:49:21,1
2026-06-17,01380,1380.HK,中國金石,0.63,10.53,3245900,325677026.0,325677026.0,281303,11.54,1.0,10,0,0,2026-09-08 12:49:21,1
2026-06-17,01856,1856.HK,依波路,1.14,-35.59,845600,410693564.0,410693564.0,64718,13.07,0.21,10,0,0,2026-09-08 12:49:21,1
2026-06-18,08226,8226.HK,樹熊金融集團,0.098,30.67,2542330,40915391.0,40915391.0,1181,2152.69,6.21,10,0,0,2026-09-08 12:49:23,1
2026-06-18,08096,8096.HK,賞之味股權,0.145,11.54,1759200,69781250.0,69781250.0,27775,63.34,2.52,10,0,0,2026-09-08 12:49:23,1
2026-06-18,00171,171.HK,銀建國際,0.038,-9.52,643000,87584285.0,87584285.0,50624,12.7,0.73,10,0,0,2026-09-08 12:49:22,1
2026-06-18,00899,899.HK,中加國信,0.199,-12.72,3578790,88586643.0,88586643.0,90028,39.75,4.04,10,0,0,2026-09-08 12:49:22,1
2026-06-18,01134,1134.HK,恆發光學,0.385,22.22,20439050,192500000.0,192500000.0,81964,249.37,10.62,10,0,0,2026-09-08 12:49:22,1
2026-06-18,01557,1557.HK,劍虹集團控股,0.52,4.0,1081100,249600000.0,249600000.0,37590,28.76,0.43,10,0,0,2026-09-08 12:49:22,1
2026-06-18,00869,869.HK,彩星玩具,0.47,-2.08,3349610,533450000.0,533450000.0,66816,50.13,0.63,10,0,0,2026-09-08 12:49:22,1
2026-06-18,01303,1303.HK,匯力資源,0.27,23.85,911050,567848148.0,567848148.0,77057,11.82,0.16,10,0,0,2026-09-08 12:49:22,1
2026-06-18,01466,1466.HK,佰金生命科學,0.62,12.73,3942560,577997533.0,577997533.0,152336,25.88,0.68,10,0,0,2026-09-08 12:49:22,1
2026-06-18,01693,1693.HK,璋利國際,7.35,2.8,3000760,590045064.0,590045064.0,81982,36.6,0.51,10,0,0,2026-09-08 12:49:22,1
2026-06-18,00351,351.HK,亞洲能源物流,0.35,-7.89,574750,698241335.0,698241335.0,42352,13.57,0.08,10,0,0,2026-09-08 12:49:22,1
2026-06-18,01425,1425.HK,捷隆控股,0.582,0.0,7035300,727500000.0,727500000.0,307805,22.86,0.97,10,0,0,2026-09-08 12:49:22,1
2026-06-18,00554,554.HK,漢思集團控股,0.205,6.22,6568230,899403281.0,899403281.0,142891,45.97,0.73,10,0,0,2026-09-08 12:49:22,1
2026-06-22,09600,9600.HK,新紐科技,0.153,-8.38,1355260,152673265.0,152673265.0,59103,22.93,0.89,10,0,0,2026-09-08 12:49:24,1
2026-06-22,00442,442.HK,域能控股,0.68,-6.85,511250,176222000.0,176222000.0,48536,10.53,0.29,10,0,0,2026-09-08 12:49:23,1
2026-06-22,00417,417.HK,謝瑞麟,0.73,10.61,1909140,181902882.0,181902882.0,9348,204.23,1.05,10,0,0,2026-09-08 12:49:23,1
2026-06-22,01987,1987.HK,BENG SOON MACH,0.219,4.29,528210,219000000.0,219000000.0,46607,11.33,0.24,10,0,0,2026-09-08 12:49:24,1
2026-06-22,08646,8646.HK,中國宏光,0.385,79.91,22283900,301451150.0,301451150.0,344960,64.6,7.39,10,0,0,2026-09-08 12:49:24,1
2026-06-22,01332,1332.HK,透雲生物,0.135,6.3,1204700,378803540.0,378803540.0,19965,60.34,0.32,10,0,0,2026-09-08 12:49:24,1
2026-06-22,02028,2028.HK,映美控股,0.73,-9.88,24953520,626583893.0,626583893.0,2048334,12.18,3.98,10,0,0,2026-09-08 12:49:24,1
2026-06-22,00610,610.HK,惠記集團,0.85,2.41,1324460,674155429.0,674155429.0,74680,17.74,0.2,10,0,0,2026-09-08 12:49:23,1
2026-06-22,09689,9689.HK,金泰豐國際控股,0.62,-11.43,1520400,691920000.0,691920000.0,112580,13.51,0.22,10,0,0,2026-09-08 12:49:24,1
2026-06-22,01202,1202.HK,四威科技,1.749,14.39,6132700,699600000.0,279840000.0,477776,12.84,0.88,10,0,0,2026-09-08 12:49:24,1
2026-06-22,00210,210.HK,達芙妮國際,0.37,4.23,6492570,732081419.0,732081419.0,106383,61.03,0.89,10,0,0,2026-09-08 12:49:23,1
2026-06-22,01466,1466.HK,佰金生命科學,0.9,45.16,13799020,839028676.0,839028676.0,514496,26.82,1.64,10,0,0,2026-09-08 12:49:24,1
2026-06-23,08031,8031.HK,易通訊集團,0.375,-14.77,656170,133029375.0,133029375.0,64144,10.23,0.49,10,0,0,2026-09-08 12:49:26,1
2026-06-23,06918,6918.HK,九泰數智,0.155,10.71,8582610,135529954.0,135529954.0,251897,34.07,6.33,10,0,0,2026-09-08 12:49:26,1
2026-06-23,01408,1408.HK,濠江機電,0.295,-20.27,735800,147500000.0,147500000.0,47629,15.45,0.5,10,0,0,2026-09-08 12:49:25,1
2026-06-23,01752,1752.HK,澳洲成峰高教,0.128,39.13,51778160,285676288.0,285676288.0,32973,1570.32,18.12,10,0,0,2026-09-08 12:49:25,1
2026-06-23,01182,1182.HK,勝龍國際,0.97,12.79,1226860,330590130.0,330590130.0,89758,13.67,0.37,10,0,0,2026-09-08 12:49:25,1
2026-06-23,00809,809.HK,大成生化科技,0.38,-30.91,1748550,637952038.0,637952038.0,165682,10.55,0.27,10,0,0,2026-09-08 12:49:25,1
2026-06-23,02458,2458.HK,望塵科技控股,4.66,1.08,2413910,665029196.0,665029196.0,135040,17.88,0.36,10,0,0,2026-09-08 12:49:25,1
2026-06-23,00184,184.HK,激成投資,2.23,-4.7,754300,758646000.0,758646000.0,33036,22.83,0.1,10,0,0,2026-09-08 12:49:25,1
2026-06-23,01204,1204.HK,博維智慧,1.7,9.68,4253800,850000000.0,850000000.0,131280,32.4,0.5,10,0,0,2026-09-08 12:49:25,1
2026-06-24,00197,197.HK,亨泰,0.31,-1.59,1030790,64855240.0,64855240.0,43702,23.59,1.59,10,0,0,2026-09-08 12:49:26,1
2026-06-24,08123,8123.HK,華億金控,0.27,91.49,4957260,93055042.0,93055042.0,187360,26.46,5.33,5,1,0,2026-09-08 12:49:27,1
2026-06-24,08160,8160.HK,GOLDWAY EDU,0.62,0.0,1342680,133171003.0,133171003.0,24821,54.09,1.01,10,0,0,2026-09-08 12:49:27,1
2026-06-24,00841,841.HK,木薯資源,0.235,25.67,559660,137410778.0,137410778.0,9010,62.12,0.41,10,0,0,2026-09-08 12:49:26,1
2026-06-24,01222,1222.HK,宏安集團,0.021,5.0,1139950,284312636.0,284312636.0,81305,14.02,0.4,10,0,0,2026-09-08 12:49:26,1
2026-06-24,02263,2263.HK,富石金融,0.36,5.88,1044700,360000000.0,360000000.0,39330,26.56,0.29,10,0,0,2026-09-08 12:49:27,1
2026-06-24,08512,8512.HK,凱富善集團控股,0.405,10.96,1757400,371992500.0,371992500.0,92750,18.95,0.47,10,0,0,2026-09-08 12:49:27,1
2026-06-24,08611,8611.HK,九福來,0.675,0.0,3895450,402309582.0,402309582.0,252365,15.44,0.97,10,0,0,2026-09-08 12:49:27,1
2026-06-24,01097,1097.HK,周大福媒體娛樂,0.069,25.45,13254560,492289023.0,492289023.0,54961,241.16,2.69,10,0,0,2026-09-08 12:49:26,1
2026-06-24,02146,2146.HK,榮萬家,1.39,0.72,582490,522640000.0,130660000.0,23726,24.55,0.11,10,0,0,2026-09-08 12:49:27,1
2026-06-24,08403,8403.HK,德豐宿來,3.25,3.17,1248200,549900000.0,549900000.0,100428,12.43,0.23,10,0,0,2026-09-08 12:49:27,1
2026-06-24,02536,2536.HK,百樂皇宮,1.19,0.85,4998000,959846860.0,959846860.0,358843,13.93,0.52,10,0,0,2026-09-08 12:49:27,1
2026-06-25,08315,8315.HK,新都酒店,0.077,1.32,638920,44771053.0,44771053.0,1674,381.67,1.43,10,0,0,2026-09-08 12:49:29,1
2026-06-25,08406,8406.HK,中國口腔產業,0.061,15.09,630800,120146681.0,120146681.0,19879,31.73,0.53,10,0,0,2026-09-08 12:49:29,1
2026-06-25,08050,8050.HK,城市酷選,1.45,4.32,664800,393312500.0,393312500.0,35650,18.65,0.17,10,0,0,2026-09-08 12:49:29,1
2026-06-25,01319,1319.HK,靄華押業信貸,0.269,-1.82,662840,517638961.0,517638961.0,16184,40.96,0.13,10,0,0,2026-09-08 12:49:28,1
2026-06-25,01499,1499.HK,歐科雲鏈,0.118,7.27,10382380,633720180.0,633720180.0,197418,52.59,1.64,10,0,0,2026-09-08 12:49:28,1
2026-06-26,08245,8245.HK,烽翼集團,0.081,-10.0,640180,23452843.0,23452843.0,42050,15.22,2.73,10,0,0,2026-09-08 12:49:30,1
2026-06-26,02112,2112.HK,恩典生命科技,0.038,-44.12,856750,57000000.0,57000000.0,58192,14.72,1.5,10,0,0,2026-09-08 12:49:30,1
2026-06-26,08406,8406.HK,中國口腔產業,0.08,31.15,1242510,157569418.0,157569418.0,81627,15.22,0.79,10,0,0,2026-09-08 12:49:30,1
2026-06-26,01156,1156.HK,CHINANEWENERGY,0.238,16.1,2917300,168435141.0,168435141.0,113950,25.6,1.73,10,0,0,2026-09-08 12:49:29,1
2026-06-26,01540,1540.HK,澳獅環球,0.495,25.32,2664300,246842552.0,246842552.0,208878,12.76,1.08,10,0,0,2026-09-08 12:49:30,1
2026-06-26,01087,1087.HK,威訊控股,1.03,25.61,1862850,247061568.0,247061568.0,127562,14.6,0.75,10,0,0,2026-09-08 12:49:29,1
2026-06-26,01419,1419.HK,盈健醫療,0.73,-1.35,740880,277073130.0,277073130.0,24380,30.39,0.27,10,0,0,2026-09-08 12:49:29,1
2026-06-26,01962,1962.HK,訓修實業,0.46,3.37,2374670,283422560.0,283422560.0,4630,512.89,0.84,10,0,0,2026-09-08 12:49:30,1
2026-06-26,01429,1429.HK,天任集團,0.19,3.83,11395200,304000000.0,304000000.0,306960,37.12,3.75,10,0,0,2026-09-08 12:49:29,1
2026-06-26,01831,1831.HK,十方控股,0.7,16.67,26397810,752814684.0,752814684.0,2198646,12.01,3.51,10,0,0,2026-09-08 12:49:30,1
2026-06-26,01082,1082.HK,源宇宙教育,1.46,4.29,3985600,887748445.0,887748445.0,228868,17.41,0.45,10,0,0,2026-09-08 12:49:29,1
2026-06-26,02153,2153.HK,達豐設備,0.78,0.0,7268040,910159575.0,910159575.0,10358,701.68,0.8,10,0,0,2026-09-08 12:49:30,1
2026-06-29,03822,3822.HK,三和建築集團,1.08,-6.09,1118960,90720000.0,90720000.0,19924,56.16,1.23,10,0,0,2026-09-08 12:49:31,1
2026-06-29,02349,2349.HK,中國智能基礎設施,0.06,9.09,1348640,187696713.0,187696713.0,67988,19.84,0.72,10,0,0,2026-09-08 12:49:31,1
2026-06-29,01314,1314.HK,翠華控股,0.148,8.03,733300,208861515.0,208861515.0,30079,24.38,0.35,10,0,0,2026-09-08 12:49:31,1
2026-06-29,01087,1087.HK,威訊控股,1.6,55.34,4980790,383784960.0,383784960.0,313671,15.88,1.3,10,0,0,2026-09-08 12:49:31,1
2026-06-29,00280,280.HK,景福集團,0.54,11.34,2531120,491026571.0,491026571.0,126766,19.97,0.52,10,0,0,2026-09-08 12:49:30,1
2026-06-29,01260,1260.HK,皓天財經集團,0.43,-10.42,1312690,495125220.0,495125220.0,75684,17.34,0.27,10,0,0,2026-09-08 12:49:31,1
2026-06-30,01745,1745.HK,驢跡科技,0.041,-30.51,2091732,2075257.0,2075257.0,140407,14.9,100.79,10,0,0,2026-09-08 12:49:32,1
2026-06-30,00204,204.HK,資本界金控,0.09,-37.06,936275,22414962.0,22414962.0,74972,12.49,4.18,10,0,0,2026-09-08 12:49:32,1
2026-06-30,08112,8112.HK,基石金融,0.11,2.8,1108510,25236029.0,25236029.0,3014,367.79,4.39,10,0,0,2026-09-08 12:49:33,1
2026-06-30,08340,8340.HK,紫荊國際金融,0.53,1.92,522600,42394700.0,42394700.0,7290,71.69,1.23,10,0,0,2026-09-08 12:49:33,1
2026-06-30,01162,1162.HK,瑩嵐集團,0.189,5.59,4577700,113400000.0,113400000.0,287030,15.95,4.04,10,0,0,2026-09-08 12:49:32,1
2026-06-30,00139,139.HK,小魚盈通,0.14,23.89,5476940,206393847.0,206393847.0,285148,19.21,2.65,10,0,0,2026-09-08 12:49:32,1
2026-06-30,01966,1966.HK,中駿集團控股,0.064,39.13,1230790,270271112.0,270271112.0,37454,32.86,0.46,10,0,0,2026-09-08 12:49:32,1
2026-06-30,01327,1327.HK,勵時集團,1.25,56.25,933260,323481600.0,323481600.0,31630,29.51,0.29,10,0,0,2026-09-08 12:49:32,1
2026-06-30,01662,1662.HK,義合控股,0.63,-23.17,1157370,324450000.0,324450000.0,98611,11.74,0.36,10,0,0,2026-09-08 12:49:32,1
2026-06-30,01087,1087.HK,威訊控股,1.8,12.5,75454410,431758080.0,431758080.0,806206,93.59,17.48,10,0,0,2026-09-08 12:49:32,1
2026-06-30,00616,616.HK,財富鏈,0.235,23.68,7223020,438821222.0,438821222.0,567353,12.73,1.65,10,0,0,2026-09-08 12:49:32,1
2026-06-30,02189,2189.HK,嘉濤(香港)控股,0.465,0.0,1640560,465000000.0,465000000.0,157078,10.44,0.35,10,0,0,2026-09-08 12:49:32,1
2026-07-02,08340,8340.HK,紫荊國際金融,0.53,0.0,1592200,42394700.0,42394700.0,55440,28.72,3.76,10,0,0,2026-09-08 12:49:34,1
2026-07-02,01894,1894.HK,恆益控股,0.5,31.58,3188400,116678500.0,116678500.0,107961,29.53,2.73,10,0,0,2026-09-08 12:49:33,1
2026-07-02,01949,1949.HK,佰達國際控股,0.72,24.14,628340,165888000.0,165888000.0,60065,10.46,0.38,10,0,0,2026-09-08 12:49:33,1
2026-07-02,00617,617.HK,百利保控股,0.159,-1.24,776870,177219090.0,177219090.0,75120,10.34,0.44,10,0,0,2026-09-08 12:49:33,1
2026-07-02,00969,969.HK,華聯國際,0.085,6.25,644210,186250300.0,186250300.0,6411,100.49,0.35,10,0,0,2026-09-08 12:49:33,1
2026-07-02,01552,1552.HK,BHCC HOLDING,0.275,10.0,865200,220000000.0,220000000.0,22680,38.15,0.39,10,0,0,2026-09-08 12:49:33,1
2026-07-02,00139,139.HK,小魚盈通,0.166,18.57,7844790,244724132.0,244724132.0,759170,10.33,3.21,10,0,0,2026-09-08 12:49:33,1
2026-07-02,01314,1314.HK,翠華控股,0.18,11.11,1465820,254020761.0,254020761.0,122307,11.98,0.58,10,0,0,2026-09-08 12:49:33,1
2026-07-02,01098,1098.HK,路勁,0.51,-10.53,993450,382161649.0,382161649.0,45625,21.77,0.26,10,0,0,2026-09-08 12:49:33,1
2026-07-02,02515,2515.HK,天津建發,1.25,6.84,4305500,388428436.0,388428436.0,97420,44.2,1.11,10,0,0,2026-09-08 12:49:34,1
2026-07-02,02336,2336.HK,碩奧國際,0.26,18.18,885150,472136799.0,472136799.0,54278,16.31,0.19,10,0,0,2026-09-08 12:49:34,1
2026-07-02,00635,635.HK,彩星集團,0.475,-1.04,619120,982300000.0,982300000.0,43246,14.32,0.06,10,0,0,2026-09-08 12:49:33,1
2026-07-03,08462,8462.HK,中安控股集團,0.083,-14.43,1081900,49800000.0,49800000.0,12210,88.61,2.17,10,0,0,2026-09-08 12:49:35,1
2026-07-03,01160,1160.HK,金石資本集團,0.35,40.0,3026000,83044938.0,83044938.0,68150,44.4,3.64,10,0,0,2026-09-08 12:49:35,1
2026-07-03,08027,8027.HK,吉輝控股,0.128,-4.48,665050,90931200.0,90931200.0,14688,45.28,0.73,10,0,0,2026-09-08 12:49:35,1
2026-07-03,00653,653.HK,卓悅控股,0.049,113.04,11717230,91869025.0,91869025.0,468546,25.01,12.75,10,0,0,2026-09-08 12:49:34,1
2026-07-03,03313,3313.HK,雅高控股,0.72,-6.49,2715500,102391533.0,102391533.0,95249,28.51,2.65,10,0,0,2026-09-08 12:49:35,1
2026-07-03,08360,8360.HK,簡樸新生活,0.39,-1.27,730080,141203288.0,141203288.0,9478,77.03,0.52,10,0,0,2026-09-08 12:49:35,1
2026-07-03,08368,8368.HK,中國創意控股,0.22,4.27,5724040,152287898.0,152287898.0,30255,189.19,3.76,10,0,0,2026-09-08 12:49:35,1
2026-07-03,06163,6163.HK,彭順國際,0.67,42.55,1017220,185257680.0,185257680.0,13491,75.4,0.55,10,0,0,2026-09-08 12:49:35,1
2026-07-03,02322,2322.HK,新質數字,0.088,2.33,6680190,389012800.0,389012800.0,255414,26.15,1.72,10,0,0,2026-09-08 12:49:35,1
2026-07-03,00519,519.HK,諾科達科技,0.158,3.95,677790,482706707.0,482706707.0,38063,17.81,0.14,10,0,0,2026-09-08 12:49:34,1
2026-07-03,06919,6919.HK,人瑞人才,3.28,-12.53,1427740,519701827.0,519701827.0,1644,868.45,0.27,10,0,0,2026-09-08 12:49:35,1
2026-07-03,00225,225.HK,博富臨置業,5.3,0.0,657180,583950740.0,583950740.0,33920,19.37,0.11,10,0,0,2026-09-08 12:49:34,1
2026-07-03,02438,2438.HK,出門問問,0.395,29.51,10349200,611793521.0,611793521.0,567530,18.24,1.69,10,0,0,2026-09-08 12:49:35,1
2026-07-03,02289,2289.HK,創美藥業,7.3,0.0,1551250,788400000.0,788400000.0,20089,77.22,0.2,10,0,0,2026-09-08 12:49:35,1
2026-07-06,01738,1738.HK,飛尚無煙煤,0.062,44.19,1351230,85593840.0,85593840.0,14157,95.45,1.58,10,0,0,2026-09-08 12:49:36,1
2026-07-06,06988,6988.HK,樂享集團,0.05,-32.43,3478200,118596360.0,118596360.0,65580,53.04,2.93,10,0,0,2026-09-08 12:49:37,1
2026-07-06,01130,1130.HK,中國環境資源,0.62,-1.59,2384000,348978871.0,348978871.0,176466,13.51,0.68,10,0,0,2026-09-08 12:49:36,1
2026-07-06,00037,37.HK,遠東酒店實業,0.55,10.0,3881200,413891396.0,413891396.0,133970,28.97,0.94,10,0,0,2026-09-08 12:49:36,1
2026-07-06,02503,2503.HK,中深建業,0.176,-4.86,1674540,604181793.0,604181793.0,66286,25.26,0.28,10,0,0,2026-09-08 12:49:36,1
2026-07-07,01063,1063.HK,新確科技(新),0.048,11.63,2972649,14769951.0,14769951.0,79723,37.29,20.13,10,0,0,2026-09-08 12:49:37,1
2026-07-07,08072,8072.HK,蘭谷股份,0.34,-1.45,578000,57238706.0,57238706.0,47076,12.28,1.01,10,0,0,2026-09-08 12:49:38,1
2026-07-07,01232,1232.HK,金輪天地控股,0.32,-8.57,746370,67334885.0,67334885.0,24647,30.28,1.11,10,0,0,2026-09-08 12:49:37,1
2026-07-07,08320,8320.HK,沛然環保,0.103,0.0,735180,75518570.0,75518570.0,36490,20.15,0.97,10,0,0,2026-09-08 12:49:38,1
2026-07-07,01871,1871.HK,向中國際,0.305,-11.59,1208340,132967249.0,132967249.0,49130,24.59,0.91,10,0,0,2026-09-08 12:49:37,1
2026-07-07,01486,1486.HK,思城控股,0.36,-28.0,513250,155660821.0,155660821.0,37938,13.53,0.33,10,0,0,2026-09-08 12:49:37,1
2026-07-07,01120,1120.HK,雅視光學,0.95,25.0,503580,366950205.0,366950205.0,1292,389.77,0.14,10,0,0,2026-09-08 12:49:37,1
2026-07-07,02505,2505.HK,EDA集團控股,0.86,17.81,1078280,398451545.0,398451545.0,34435,31.31,0.27,10,0,0,2026-09-08 12:49:38,1
2026-07-07,02415,2415.HK,梅斯健康,0.79,-20.2,869800,479665050.0,479665050.0,24171,35.99,0.18,10,0,0,2026-09-08 12:49:38,1
2026-07-07,02625,2625.HK,江蘇宏信,2.42,3.86,4596600,570247747.0,570247747.0,53790,85.45,0.81,10,0,0,2026-09-08 12:49:38,1
2026-07-07,08037,8037.HK,中國生物科技服務,0.59,34.09,632080,575681378.0,575681378.0,57989,10.9,0.11,10,0,0,2026-09-08 12:49:38,1
2026-07-07,06898,6898.HK,中國鋁罐,0.85,-1.16,8515460,800190850.0,800190850.0,50324,169.21,1.06,10,0,0,2026-09-08 12:49:38,1
2026-07-08,08489,8489.HK,裕程物流,0.179,-12.68,528400,55055925.0,55055925.0,34370,15.37,0.96,10,0,0,2026-09-08 12:49:39,1
2026-07-08,01421,1421.HK,恆昌集團國際,0.395,1.28,891580,79077104.0,79077104.0,40918,21.79,1.13,10,0,0,2026-09-08 12:49:39,1
2026-07-08,02223,2223.HK,卡撒天嬌,0.65,-20.73,1135160,167798800.0,167798800.0,25118,45.19,0.68,10,0,0,2026-09-08 12:49:39,1
2026-07-08,08329,8329.HK,海王英特龍,0.126,15.6,568830,211428000.0,53676000.0,53515,10.63,0.27,10,0,0,2026-09-08 12:49:39,1
2026-07-09,08283,8283.HK,中食民安,0.39,5.41,8729600,134784000.0,134784000.0,142611,61.21,6.48,10,0,0,2026-09-08 12:49:41,1
2026-07-09,01841,1841.HK,優越集團控股,0.44,79.59,3108300,176000000.0,176000000.0,14909,208.48,1.77,10,0,0,2026-09-08 12:49:40,1
2026-07-09,00689,689.HK,長盈集團(控股),0.181,-4.74,19410220,336249440.0,336249440.0,296937,65.37,5.77,10,0,0,2026-09-08 12:49:40,1
2026-07-09,01327,1327.HK,勵時集團,1.37,7.03,2255810,354535834.0,354535834.0,220578,10.23,0.64,10,0,0,2026-09-08 12:49:40,1
2026-07-09,01710,1710.HK,致豐工業電子,0.45,47.54,4977640,450000000.0,450000000.0,314252,15.84,1.11,10,0,0,2026-09-08 12:49:40,1
2026-07-09,02625,2625.HK,江蘇宏信,2.43,0.41,21762400,572604143.0,572604143.0,514660,42.29,3.8,10,0,0,2026-09-08 12:49:40,1
2026-07-09,00201,201.HK,華大酒店,0.067,0.0,851160,599452439.0,599452439.0,66497,12.8,0.14,10,0,0,2026-09-08 12:49:39,1
2026-07-09,06162,6162.HK,天瑞汽車內飾,0.35,32.08,44523640,840000000.0,840000000.0,402084,110.73,5.3,10,0,0,2026-09-08 12:49:40,1
2026-07-09,02098,2098.HK,卓爾智聯,0.07,-15.66,694390,867965406.0,867965406.0,66598,10.43,0.08,10,0,0,2026-09-08 12:49:40,1
2026-07-10,02231,2231.HK,景業名邦集團,0.015,0.0,931860,24692595.0,24692595.0,51710,18.02,3.77,10,0,0,2026-09-08 12:49:41,1
2026-07-10,08245,8245.HK,烽翼集團,0.096,-12.73,3495390,27795962.0,27795962.0,249916,13.99,12.58,10,0,0,2026-09-08 12:49:42,1
2026-07-10,00261,261.HK,GBA集團,0.197,23.12,3074360,65278251.0,65278251.0,16833,182.64,4.71,10,0,0,2026-09-08 12:49:41,1
2026-07-10,01870,1870.HK,綠色電能集團,0.167,-44.33,6428610,169867390.0,169867390.0,511187,12.58,3.78,10,0,0,2026-09-08 12:49:41,1
2026-07-10,01563,1563.HK,友聯國際教育租賃,0.126,-0.79,624200,213055164.0,213055164.0,38000,16.43,0.29,10,0,0,2026-09-08 12:49:41,1
2026-07-10,03789,3789.HK,禦佳控股,0.215,11.98,3565400,258000000.0,258000000.0,97984,36.39,1.38,10,0,0,2026-09-08 12:49:42,1
2026-07-10,02439,2439.HK,中寶新材,0.33,-2.94,9012000,396000000.0,396000000.0,509090,17.7,2.28,10,0,0,2026-09-08 12:49:41,1
2026-07-10,02239,2239.HK,國微控股,1.34,31.37,1113060,435408867.0,435408867.0,73909,15.06,0.26,10,0,0,2026-09-08 12:49:41,1
2026-07-10,06676,6676.HK,找鋼網-W,0.63,43.18,14246100,675188878.0,675188878.0,312240,45.63,2.11,10,0,0,2026-09-08 12:49:42,1
2026-07-13,08057,8057.HK,麥迪森控股,0.52,-8.77,649760,81006539.0,81006539.0,3664,177.34,0.8,10,0,0,2026-09-08 12:49:43,1
2026-07-13,08121,8121.HK,國恩控股,0.54,13.68,1782590,81021600.0,81021600.0,92234,19.33,2.2,10,0,0,2026-09-08 12:49:43,1
2026-07-13,01452,1452.HK,迪諾斯環保,0.205,25.0,1417300,157993033.0,157993033.0,48030,29.51,0.9,10,0,0,2026-09-08 12:49:42,1
2026-07-13,00114,114.HK,興利集團,0.65,-2.99,666250,392918996.0,392918996.0,18975,35.11,0.17,10,0,0,2026-09-08 12:49:42,1
2026-07-13,01746,1746.HK,萬順集團控股,0.51,20.0,11307760,510000000.0,510000000.0,77300,146.28,2.22,9,1,0,2026-09-08 12:49:43,1
2026-07-13,01959,1959.HK,中聚投資,1.58,-3.07,2711980,837403160.0,837403160.0,200080,13.55,0.32,10,0,0,2026-09-08 12:49:43,1
2026-07-13,02536,2536.HK,百樂皇宮,1.19,5.31,1001910,959846860.0,959846860.0,73629,13.61,0.1,10,0,0,2026-09-08 12:49:43,1
2026-07-14,01340,1340.HK,惠生國際,0.5,-9.09,1362870,69212850.0,69212850.0,81994,16.62,1.97,10,0,0,2026-09-08 12:49:44,1
2026-07-14,08123,8123.HK,華億金控,0.275,19.57,1207979,94778283.0,94778283.0,52379,23.06,1.27,10,0,0,2026-09-08 12:49:44,1
2026-07-14,01421,1421.HK,恆昌集團國際,0.51,10.87,6462550,102099552.0,102099552.0,326843,19.77,6.33,10,0,0,2026-09-08 12:49:44,1
2026-07-14,00544,544.HK,大同集團,1.18,-21.33,525500,145954737.0,145954737.0,9104,57.72,0.36,10,0,0,2026-09-08 12:49:43,1
2026-07-14,00110,110.HK,中國長遠,0.59,28.26,1522380,164347974.0,164347974.0,123585,12.32,0.93,10,0,0,2026-09-08 12:49:43,1
2026-07-14,09968,9968.HK,匯景控股,0.034,17.24,530186,178636000.0,178636000.0,29151,18.19,0.3,10,0,0,2026-09-08 12:49:45,1
2026-07-14,01529,1529.HK,樂氏國際控股,0.29,-30.95,2693900,193453200.0,193453200.0,68060,39.58,1.39,10,0,0,2026-09-08 12:49:44,1
2026-07-14,06033,6033.HK,電訊數碼控股,0.52,-10.34,858590,209951560.0,209951560.0,46037,18.65,0.41,10,0,0,2026-09-08 12:49:44,1
2026-07-14,01402,1402.HK,超智能控股,0.305,-1.61,705200,320402500.0,320402500.0,53084,13.28,0.22,10,0,0,2026-09-08 12:49:44,1
2026-07-14,02515,2515.HK,天津建發,1.15,-3.36,12283820,357354161.0,357354161.0,852350,14.41,3.44,10,0,0,2026-09-08 12:49:44,1
2026-07-14,02863,2863.HK,高豐集團控股,0.88,14.29,152287212,606769680.0,606769680.0,1061351,143.48,25.1,10,0,0,2026-09-08 12:49:44,1
2026-07-14,01846,1846.HK,德視佳,2.38,3.03,901760,763280280.0,763280280.0,58835,15.33,0.12,10,0,0,2026-09-08 12:49:44,1
2026-07-15,08309,8309.HK,萬成環球控股,0.085,16.44,518620,51000000.0,51000000.0,18651,27.81,1.02,10,0,0,2026-09-08 12:49:46,1
2026-07-15,01676,1676.HK,高地股份,0.205,0.49,752450,80902090.0,80902090.0,4510,166.84,0.93,1,1,0,2026-09-08 12:49:45,1
2026-07-15,08427,8427.HK,萬順瑞強集團,5.01,43.14,618520,83003836.0,83003836.0,35728,17.31,0.75,1,1,0,2026-09-08 12:49:46,1
2026-07-15,00643,643.HK,恆富控股,0.201,21.82,981950,180868956.0,180868956.0,38970,25.2,0.54,10,0,0,2026-09-08 12:49:45,1
2026-07-15,00730,730.HK,首惠產業金融,0.112,-9.68,1495544,442841135.0,442841135.0,67651,22.11,0.34,10,0,0,2026-09-08 12:49:45,1
2026-07-15,02539,2539.HK,樂摩科技,9.01,18.24,927093,500555956.0,209266440.0,74115,12.51,0.19,1,1,0,2026-09-08 12:49:46,1
2026-07-15,02405,2405.HK,力盟科技,0.65,14.04,740320,520000000.0,520000000.0,10590,69.91,0.14,10,0,0,2026-09-08 12:49:46,1
2026-07-15,06182,6182.HK,乙德投資控股,0.72,1.41,5813760,576000000.0,576000000.0,301696,19.27,1.01,10,0,0,2026-09-08 12:49:46,1
2026-07-16,08401,8401.HK,華夏水務集團,0.044,37.5,512074,35781267.0,35781267.0,24180,21.18,1.43,10,0,0,2026-09-08 12:49:48,1
2026-07-16,08163,8163.HK,聲揚集團,0.039,0.0,4017940,39984969.0,39984969.0,7460,538.6,10.05,10,0,0,2026-09-08 12:49:48,1
2026-07-16,01400,1400.HK,滿地科技股份,0.016,-11.11,1375440,60828278.0,60828278.0,92488,14.87,2.26,10,0,0,2026-09-08 12:49:47,1
2026-07-16,09958,9958.HK,力天影業,0.165,-15.82,40568617,82500000.0,82500000.0,1244602,32.6,49.17,10,0,0,2026-09-08 12:49:48,1
2026-07-16,01156,1156.HK,CHINANEWENERGY,0.32,30.61,5381865,226467417.0,226467417.0,136920,39.31,2.38,10,0,0,2026-09-08 12:49:47,1
2026-07-16,01132,1132.HK,橙天嘉禾,0.081,10.96,647265,226773193.0,226773193.0,37510,17.26,0.29,10,0,0,2026-09-08 12:49:47,1
2026-07-16,00329,329.HK,東建國際,0.171,-10.0,969152,256457236.0,256457236.0,9724,99.67,0.38,2,1,0,2026-09-08 12:49:46,1
2026-07-16,03450,3450.HK,GX35美債,55.44,0.33,717536,379209600.0,,1383,518.83,0.19,2,1,0,2026-09-08 12:49:47,1
2026-07-16,01641,1641.HK,紅星冷鏈,4.6,5.26,6876760,452009800.0,113005734.0,102081,67.37,1.52,10,0,0,2026-09-08 12:49:47,1
2026-07-16,02405,2405.HK,力盟科技,0.65,0.0,1482120,520000000.0,520000000.0,84622,17.51,0.29,10,0,0,2026-09-08 12:49:47,1
2026-07-16,00587,587.HK,海螺環保,0.285,-10.94,2196905,520628042.0,520628042.0,151131,14.54,0.42,2,1,0,2026-09-08 12:49:46,1
2026-07-16,01461,1461.HK,中泰期貨,0.65,20.37,768750,651235000.0,180108500.0,6165,124.7,0.12,2,1,0,2026-09-08 12:49:47,1
2026-07-16,09689,9689.HK,金泰豐國際控股,0.69,0.0,1192560,770040000.0,770040000.0,28008,42.58,0.15,10,0,0,2026-09-08 12:49:48,1
2026-07-17,03401,3401.HK,GXAI基礎設施,96.36,-3.74,506596,16518898.0,,46670,10.85,3.07,3,1,0,2026-09-08 12:49:49,1
2026-07-17,03410,3410.HK,恆生日本東證一百,6.735,-2.88,589872,44921103.0,,53738,10.98,1.31,3,1,0,2026-09-08 12:49:49,1
2026-07-17,00209,209.HK,萬維智能科技,0.48,4.35,124305160,71312246.0,71312246.0,9759918,12.74,174.31,10,0,0,2026-09-08 12:49:48,1
2026-07-17,08491,8491.HK,COOL LINK,0.27,-11.48,2886775,107623665.0,107623665.0,59118,48.83,2.68,10,0,0,2026-09-08 12:49:49,1
2026-07-17,00989,989.HK,中國長白山國際,0.45,-40.0,1393800,162081873.0,162081873.0,21877,63.71,0.86,10,0,0,2026-09-08 12:49:48,1
2026-07-17,02017,2017.HK,滄海控股,0.265,15.22,707176,163903030.0,163903030.0,23806,29.71,0.43,10,0,0,2026-09-08 12:49:49,1
2026-07-17,00776,776.HK,帝國科技集團,0.415,3.75,1632375,278812583.0,278812583.0,80934,20.17,0.59,10,0,0,2026-09-08 12:49:48,1
2026-07-17,01260,1260.HK,皓天財經集團,0.375,0.0,2973750,431795250.0,431795250.0,78967,37.66,0.69,10,0,0,2026-09-08 12:49:48,1
2026-07-17,01243,1243.HK,宏安地產,0.032,-5.88,512076,486400000.0,486400000.0,32608,15.7,0.11,10,0,0,2026-09-08 12:49:48,1
2026-07-17,02671,2671.HK,美聯股份,4.6,6.24,554946,554530023.0,554530023.0,25338,21.9,0.1,10,0,0,2026-09-08 12:49:49,1
2026-07-17,01268,1268.HK,美東汽車,0.455,-12.5,6308351,612542476.0,612542476.0,515992,12.23,1.03,10,0,0,2026-09-08 12:49:48,1
2026-07-17,02878,2878.HK,晶門半導體,0.29,-9.38,4408710,724348182.0,724348182.0,345238,12.77,0.61,10,0,0,2026-09-08 12:49:49,1
2026-07-17,00420,420.HK,福田實業,0.62,-3.12,537760,759516715.0,759516715.0,42384,12.69,0.07,10,0,0,2026-09-08 12:49:48,1
2026-07-20,03435,3435.HK,恆生招商七十美債,74.22,-0.08,1484880,111330000.0,,4060,365.72,1.33,4,1,0,2026-09-08 12:49:50,1
2026-07-20,00328,328.HK,ALCO HOLDINGS,0.46,5.75,40672110,131740389.0,131740389.0,818174,49.71,30.87,10,0,0,2026-09-08 12:49:50,1
2026-07-20,00294,294.HK,長江制衣,0.93,0.0,717960,192275350.0,192275350.0,65755,10.92,0.37,4,1,0,2026-09-08 12:49:50,1
2026-07-20,02017,2017.HK,滄海控股,0.38,43.4,1193260,235030760.0,235030760.0,94524,12.62,0.51,10,0,0,2026-09-08 12:49:50,1
2026-07-20,03404,3404.HK,華夏印度,6.36,0.0,5717625,289380000.0,,125363,45.61,1.98,4,1,0,2026-09-08 12:49:50,1
2026-07-20,03860,3860.HK,EPS創健科技,0.59,-3.28,817950,343633604.0,343633604.0,32955,24.82,0.24,10,0,0,2026-09-08 12:49:51,1
2026-07-20,02779,2779.HK,中國新華教育,0.31,-3.12,1106600,498660730.0,498660730.0,52362,21.13,0.22,10,0,0,2026-09-08 12:49:50,1
2026-07-20,01319,1319.HK,靄華押業信貸,0.285,-3.39,573080,548427896.0,548427896.0,1188,482.39,0.1,10,0,0,2026-09-08 12:49:50,1
2026-07-20,01622,1622.HK,力高集團,0.159,-15.87,601248,564705882.0,564705882.0,38724,15.53,0.11,10,0,0,2026-09-08 12:49:50,1
2026-07-20,00528,528.HK,金達控股,1.1,6.8,6763820,692645800.0,692645800.0,32962,205.2,0.98,10,0,0,2026-09-08 12:49:50,1
2026-07-20,01959,1959.HK,中聚投資,1.67,4.37,7803800,885103340.0,885103340.0,526502,14.82,0.88,10,0,0,2026-09-08 12:49:50,1
2026-07-21,08191,8191.HK,鴻偉亞洲,0.095,-20.83,1340862,33633841.0,33633841.0,104974,12.77,3.99,10,0,0,2026-09-08 12:49:52,1
2026-07-21,02320,2320.HK,合豐集團,0.086,36.51,1016198,70317384.0,70317384.0,43953,23.12,1.45,10,0,0,2026-09-08 12:49:52,1
2026-07-21,01160,1160.HK,金石資本集團,0.4,0.0,8161000,94908500.0,94908500.0,314200,25.97,8.6,10,0,0,2026-09-08 12:49:52,1
2026-07-21,01869,1869.HK,貓屎咖啡控股,0.12,26.32,6598550,203076000.0,203076000.0,133152,49.56,3.25,10,0,0,2026-09-08 12:49:52,1
2026-07-21,00776,776.HK,帝國科技集團,0.365,-6.41,5706675,245220706.0,245220706.0,369719,15.44,2.33,10,0,0,2026-09-08 12:49:51,1
2026-07-21,01962,1962.HK,訓修實業,0.455,0.0,1368820,280341880.0,280341880.0,33634,40.7,0.49,10,0,0,2026-09-08 12:49:52,1
2026-07-21,09938,9938.HK,華和控股,0.345,44.35,8984450,345000000.0,345000000.0,15282,587.91,2.6,10,0,0,2026-09-08 12:49:53,1
2026-07-21,00875,875.HK,從玉智農,0.495,1.02,2237380,346028053.0,346028053.0,170232,13.14,0.65,10,0,0,2026-09-08 12:49:51,1
2026-07-21,01669,1669.HK,環球信貸集團,1.27,0.79,506760,508000000.0,508000000.0,49478,10.24,0.1,10,0,0,2026-09-08 12:49:52,1
2026-07-21,00750,750.HK,水發興業能源,0.21,2.44,966174,529427174.0,529427174.0,57846,16.7,0.18,10,0,0,2026-09-08 12:49:51,1
2026-07-21,02501,2501.HK,邁越科技,1.26,18.87,3359900,630000000.0,630000000.0,173526,19.36,0.53,10,0,0,2026-09-08 12:49:52,1
2026-07-21,02503,2503.HK,中深建業,0.26,12.07,7970524,892541284.0,892541284.0,773426,10.31,0.89,10,0,0,2026-09-08 12:49:52,1
2026-07-21,02458,2458.HK,望塵科技控股,6.91,16.92,20425906,986126984.0,986126984.0,129684,157.5,2.07,10,0,0,2026-09-08 12:49:52,1
2026-07-22,01340,1340.HK,惠生國際,0.51,-7.27,2391000,70597107.0,70597107.0,178630,13.39,3.39,10,0,0,2026-09-08 12:49:53,1
2026-07-22,08221,8221.HK,高裕金融,2.16,-10.0,1911118,102816000.0,102816000.0,43111,44.33,1.86,10,0,0,2026-09-08 12:49:54,1
2026-07-22,00185,185.HK,正商實業,0.064,18.52,1000438,122456747.0,122456747.0,638,1569.07,0.82,10,0,0,2026-09-08 12:49:53,1
2026-07-22,02320,2320.HK,合豐集團,0.15,74.42,1921146,122646600.0,122646600.0,145573,13.2,1.57,10,0,0,2026-09-08 12:49:54,1
2026-07-22,01718,1718.HK,宏基集團控股,0.445,8.54,2063585,135333400.0,135333400.0,187198,11.02,1.52,10,0,0,2026-09-08 12:49:53,1
2026-07-22,01869,1869.HK,貓屎咖啡控股,0.1,-16.67,8348230,169230000.0,169230000.0,784669,10.64,4.93,10,0,0,2026-09-08 12:49:53,1
2026-07-22,00243,243.HK,品質國際,0.5,19.05,1581786,173245266.0,173245266.0,54427,29.06,0.91,10,0,0,2026-09-08 12:49:53,1
2026-07-22,01416,1416.HK,CTR HOLDINGS,0.16,-11.11,2607640,224000000.0,224000000.0,48309,53.98,1.16,10,0,0,2026-09-08 12:49:53,1
2026-07-22,01449,1449.HK,立德教育,0.32,3.23,4636630,256000000.0,256000000.0,60938,76.09,1.81,10,0,0,2026-09-08 12:49:53,1
2026-07-22,00804,804.HK,鼎石資本,3.8,14.46,564601,261440049.0,261440049.0,51097,11.05,0.22,10,0,0,2026-09-08 12:49:53,1
2026-07-22,01102,1102.HK,環能國際,0.115,53.33,19292903,321929360.0,321929360.0,830023,23.24,5.99,10,0,0,2026-09-08 12:49:53,1
2026-07-22,02322,2322.HK,新質數字,0.08,3.9,2816328,353648000.0,353648000.0,140413,20.06,0.8,10,0,0,2026-09-08 12:49:54,1
2026-07-22,08350,8350.HK,立橋證券控股,0.39,1.3,834200,370524960.0,370524960.0,26968,30.93,0.23,10,0,0,2026-09-08 12:49:54,1
2026-07-22,01692,1692.HK,登輝控股,1.37,-5.52,830140,491830000.0,491830000.0,53646,15.47,0.17,10,0,0,2026-09-08 12:49:53,1
2026-07-22,02101,2101.HK,福祿控股,1.45,21.85,2054573,588730286.0,588730286.0,76568,26.83,0.35,10,0,0,2026-09-08 12:49:54,1
2026-07-22,02501,2501.HK,邁越科技,1.26,0.0,11444740,630000000.0,630000000.0,501626,22.82,1.82,10,0,0,2026-09-08 12:49:54,1
2026-07-22,02562,2562.HK,獅騰控股,1.54,13.24,350058610,718599528.0,718599528.0,18004190,19.44,48.71,10,0,0,2026-09-08 12:49:54,1
2026-07-23,01010,1010.HK,天璽曜11,0.04,-20.0,522234,17771767.0,17771767.0,24648,21.19,2.94,10,0,0,2026-09-08 12:49:55,1
2026-07-23,08035,8035.HK,駿高控股,0.051,-1.92,1608640,30600000.0,30600000.0,7192,223.67,5.26,10,0,0,2026-09-08 12:49:56,1
2026-07-23,00065,65.HK,弘海高新資源,0.19,0.0,1520000,46652014.0,46652014.0,11255,135.05,3.26,10,0,0,2026-09-08 12:49:54,1
2026-07-23,00171,171.HK,銀建國際,0.046,27.78,1920540,106023082.0,106023082.0,1641,1170.2,1.81,10,0,0,2026-09-08 12:49:54,1
2026-07-23,01718,1718.HK,宏基集團控股,0.55,23.6,12177150,167266000.0,167266000.0,384287,31.69,7.28,10,0,0,2026-09-08 12:49:55,1
2026-07-23,01942,1942.HK,馬可數字科技,0.082,13.89,1129582,168787947.0,168787947.0,99001,11.41,0.67,10,0,0,2026-09-08 12:49:55,1
2026-07-23,02320,2320.HK,合豐集團,0.213,42.0,8982443,174158172.0,174158172.0,337688,26.6,5.16,10,0,0,2026-09-08 12:49:55,1
2026-07-23,00738,738.HK,萊爾斯丹,0.28,0.0,2006946,194530297.0,194530297.0,26300,76.31,1.03,10,0,0,2026-09-08 12:49:55,1
2026-07-23,09600,9600.HK,新紐科技,0.2,47.06,1905462,199572896.0,199572896.0,42692,44.63,0.95,10,0,0,2026-09-08 12:49:56,1
2026-07-23,00236,236.HK,香港生力啤,1.11,-3.48,787686,414663322.0,414663322.0,12128,64.95,0.19,10,0,0,2026-09-08 12:49:54,1
2026-07-23,01986,1986.HK,彩客新能源,0.95,20.25,6323230,919490275.0,919490275.0,365692,17.29,0.69,10,0,0,2026-09-08 12:49:55,1
2026-07-24,01232,1232.HK,金輪天地控股,0.28,0.0,582131,58918024.0,58918024.0,19451,29.93,0.99,10,0,0,2026-09-08 12:49:56,1
2026-07-24,03313,3313.HK,雅高控股,0.73,4.29,1037295,103813637.0,103813637.0,13104,79.16,1.0,10,0,0,2026-09-08 12:49:57,1
2026-07-24,00456,456.HK,新城市建設發展,0.65,10.17,578340,139248775.0,139248775.0,45460,12.72,0.42,10,0,0,2026-09-08 12:49:56,1
2026-07-24,01869,1869.HK,貓屎咖啡控股,0.084,-6.67,50989630,142153200.0,142153200.0,2621909,19.45,35.87,10,0,0,2026-09-08 12:49:57,1
2026-07-24,08326,8326.HK,同景新能源,0.145,6.62,945975,177915000.0,177915000.0,3272,289.07,0.53,10,0,0,2026-09-08 12:49:57,1
2026-07-24,01942,1942.HK,馬可數字科技,0.095,15.85,15625182,195547012.0,195547012.0,195651,79.86,7.99,10,0,0,2026-09-08 12:49:57,1
2026-07-24,02370,2370.HK,力高健康生活,1.08,1.89,1267270,216000000.0,216000000.0,31490,40.24,0.59,10,0,0,2026-09-08 12:49:57,1
2026-07-24,01718,1718.HK,宏基集團控股,0.92,67.27,19550180,279790400.0,279790400.0,1564869,12.49,6.99,10,0,0,2026-09-08 12:49:56,1
2026-07-24,02540,2540.HK,樂思集團,0.8,-8.05,637800,480000000.0,480000000.0,35465,17.98,0.13,10,0,0,2026-09-08 12:49:57,1
2026-07-24,06113,6113.HK,比特策略,1.26,-6.67,1129580,504000000.0,504000000.0,34764,32.49,0.22,10,0,0,2026-09-08 12:49:57,1
2026-07-24,06828,6828.HK,北京燃氣藍天,0.031,6.9,8225176,704819556.0,704819556.0,161118,51.05,1.17,10,0,0,2026-09-08 12:49:57,1
2026-07-24,00353,353.HK,能源國際投資,0.365,5.8,847820,772180455.0,772180455.0,63976,13.25,0.11,10,0,0,2026-09-08 12:49:56,1
2026-07-24,02535,2535.HK,泓基集團,0.445,-7.29,26221900,890000000.0,890000000.0,1832495,14.31,2.95,10,0,0,2026-09-08 12:49:57,1
2026-07-27,08401,8401.HK,華夏水務集團,0.041,-6.82,1053738,33341635.0,33341635.0,61345,17.18,3.16,10,0,0,2026-09-08 12:49:59,1
2026-07-27,08340,8340.HK,紫荊國際金融,0.62,0.0,1447000,49593800.0,49593800.0,25235,57.34,2.92,10,0,0,2026-09-08 12:49:59,1
2026-07-27,08232,8232.HK,一木集團,0.95,26.67,914400,52962500.0,52962500.0,46038,19.86,1.73,10,0,0,2026-09-08 12:49:59,1
2026-07-27,00810,810.HK,中國鑄晨81,0.097,27.63,2030454,69136862.0,69136862.0,37794,53.72,2.94,10,0,0,2026-09-08 12:49:58,1
2026-07-27,00544,544.HK,大同集團,0.69,-30.3,1360955,85346414.0,85346414.0,96687,14.08,1.59,10,0,0,2026-09-08 12:49:58,1
2026-07-27,03313,3313.HK,雅高控股,0.74,1.37,1856235,105235742.0,105235742.0,115051,16.13,1.76,10,0,0,2026-09-08 12:49:58,1
2026-07-27,01933,1933.HK,元力控股,0.24,11.63,633120,120942522.0,120942522.0,33292,19.02,0.52,10,0,0,2026-09-08 12:49:58,1
2026-07-27,00164,164.HK,中國寶力科技,0.475,1.06,1519675,165899793.0,165899793.0,54275,28.0,0.92,10,0,0,2026-09-08 12:49:57,1
2026-07-27,02349,2349.HK,中國智能基礎設施,0.099,30.26,3778968,309699576.0,309699576.0,75846,49.82,1.22,10,0,0,2026-09-08 12:49:58,1
2026-07-27,01822,1822.HK,中木國際,0.183,4.57,723420,361204917.0,361204917.0,71649,10.1,0.2,10,0,0,2026-09-08 12:49:58,1
2026-07-27,01633,1633.HK,上諭集團,0.6,39.53,22452690,410850000.0,410850000.0,335090,67.0,5.46,3,1,0,2026-09-08 12:49:58,1
2026-07-28,00145,145.HK,信能低碳,0.189,10.53,1576929,69212143.0,69212143.0,148079,10.65,2.28,10,0,0,2026-09-08 12:49:59,1
2026-07-28,08320,8320.HK,沛然環保,0.129,17.27,727100,94581510.0,94581510.0,12418,58.55,0.77,10,0,0,2026-09-08 12:50:00,1
2026-07-28,08483,8483.HK,名仕快相,0.218,94.64,4749504,174400000.0,174400000.0,10605,447.84,2.72,9,1,0,2026-09-08 12:50:00,1
2026-07-28,06978,6978.HK,永泰生物-B,0.365,-29.81,1708690,225387792.0,225387792.0,72234,23.65,0.76,10,0,0,2026-09-08 12:50:00,1
2026-07-28,03662,3662.HK,星悅康旅,0.345,-2.82,1223305,250556250.0,250556250.0,101310,12.07,0.49,10,0,0,2026-09-08 12:50:00,1
2026-07-28,01795,1795.HK,亞東集團,0.42,-13.4,583770,252000000.0,252000000.0,9867,59.16,0.23,10,0,0,2026-09-08 12:50:00,1
2026-07-28,02885,2885.HK,彼岸控股,0.85,1.19,506420,340000000.0,340000000.0,44272,11.44,0.15,10,0,0,2026-09-08 12:50:00,1
2026-07-28,00235,235.HK,中策資本控股,0.02,0.0,1574375,407705077.0,407705077.0,142187,11.07,0.39,10,0,0,2026-09-08 12:49:59,1
2026-07-28,02439,2439.HK,中寶新材,0.34,-10.53,57887450,408000000.0,408000000.0,5136148,11.27,14.19,10,0,0,2026-09-08 12:50:00,1
2026-07-28,00672,672.HK,眾安集團,0.083,3.75,518618,467772213.0,467772213.0,42517,12.2,0.11,10,0,0,2026-09-08 12:49:59,1
2026-07-28,01037,1037.HK,雲智匯科技,0.68,61.9,18616260,480197945.0,480197945.0,108576,171.46,3.88,10,0,0,2026-09-08 12:49:59,1
2026-07-28,01243,1243.HK,宏安地產,0.033,0.0,934728,501600000.0,501600000.0,89194,10.48,0.19,10,0,0,2026-09-08 12:49:59,1
2026-07-28,03406,3406.HK,平安科技精選,14.59,-1.15,551424,543477500.0,,35780,15.41,0.1,10,0,0,2026-09-08 12:50:00,1
2026-07-28,03477,3477.HK,平安東西精選,17.12,-0.47,511512,633440000.0,,23348,21.91,0.08,10,0,0,2026-09-08 12:50:00,1
2026-07-28,01553,1553.HK,邁科管業,1.5,0.67,620940,650700000.0,650700000.0,27128,22.89,0.1,10,0,0,2026-09-08 12:49:59,1
2026-07-28,00993,993.HK,信控國際資本,0.098,-5.77,1484788,853539429.0,853539429.0,28083,52.87,0.17,10,0,0,2026-09-08 12:49:59,1
2026-07-29,01166,1166.HK,星凱控股,0.189,1.61,922990,26926191.0,26926191.0,11267,81.92,3.43,10,0,0,2026-09-08 12:50:01,1
2026-07-29,08456,8456.HK,民信國際控股,0.29,0.0,1271533,38338856.0,38338856.0,3170,401.11,3.32,10,0,0,2026-09-08 12:50:02,1
2026-07-29,08203,8203.HK,凱順控股,0.089,11.25,1193240,51924010.0,51924010.0,3373,353.8,2.3,10,0,0,2026-09-08 12:50:02,1
2026-07-29,01884,1884.HK,EPRINT集團,0.131,19.09,603592,72050000.0,72050000.0,25145,24.0,0.84,10,0,0,2026-09-08 12:50:01,1
2026-07-29,01933,1933.HK,元力控股,0.315,21.15,2446480,158737061.0,158737061.0,175206,13.96,1.54,10,0,0,2026-09-08 12:50:01,1
2026-07-29,01134,1134.HK,恆發光學,0.335,11.67,4553240,167500000.0,167500000.0,18598,244.82,2.72,10,0,0,2026-09-08 12:50:01,1
2026-07-29,00928,928.HK,帝王國際投資,0.102,37.84,2576964,188743356.0,188743356.0,181179,14.22,1.37,10,0,0,2026-09-08 12:50:01,1
2026-07-29,01987,1987.HK,BENG SOON MACH,0.217,0.0,614412,217000000.0,217000000.0,27995,21.95,0.28,10,0,0,2026-09-08 12:50:01,1
2026-07-29,01545,1545.HK,設計都會,0.149,4.2,537800,298000000.0,298000000.0,38798,13.86,0.18,10,0,0,2026-09-08 12:50:01,1
2026-07-29,00114,114.HK,興利集團,0.69,4.55,728200,417098626.0,417098626.0,20185,36.08,0.17,10,0,0,2026-09-08 12:50:01,1
2026-07-29,00804,804.HK,鼎石資本,6.52,59.02,11779110,448576085.0,448576085.0,96052,122.63,2.63,10,0,0,2026-09-08 12:50:01,1
2026-07-29,03477,3477.HK,平安東西精選,17.38,1.52,2115988,643060000.0,,73821,28.66,0.33,10,0,0,2026-09-08 12:50:02,1
2026-07-29,01710,1710.HK,致豐工業電子,0.66,45.05,9829260,660000000.0,660000000.0,500852,19.63,1.49,10,0,0,2026-09-08 12:50:01,1
2026-07-29,00391,391.HK,美亞娛樂資訊,0.16,49.53,1802200,947798164.0,947798164.0,140972,12.78,0.19,10,0,0,2026-09-08 12:50:01,1
2026-07-29,02651,2651.HK,大眾口腔,19.11,0.53,4866048,966565493.0,348301535.0,237128,20.52,0.5,10,0,0,2026-09-08 12:50:01,1
2026-07-30,01063,1063.HK,新確科技(新),0.063,16.67,581392,19385561.0,19385561.0,31002,18.75,3.0,10,0,0,2026-09-08 12:50:02,1
2026-07-30,01166,1166.HK,星凱控股,0.202,6.88,1453191,28778257.0,28778257.0,103220,14.08,5.05,10,0,0,2026-09-08 12:50:02,1
2026-07-30,08245,8245.HK,烽翼集團,0.111,-1.77,767900,32139081.0,32139081.0,61891,12.41,2.39,10,0,0,2026-09-08 12:50:03,1
2026-07-30,03919,3919.HK,金力集團,0.74,-15.91,1136185,33575280.0,33575280.0,20524,55.36,3.38,10,0,0,2026-09-08 12:50:03,1
2026-07-30,01850,1850.HK,美好生活集團控股,0.435,10.13,15718748,75168000.0,75168000.0,571539,27.5,20.91,10,0,0,2026-09-08 12:50:03,1
2026-07-30,01884,1884.HK,EPRINT集團,0.141,7.63,1924716,77550000.0,77550000.0,85504,22.51,2.48,10,0,0,2026-09-08 12:50:03,1
2026-07-30,08221,8221.HK,高裕金融,2.18,0.0,7881250,103768000.0,103768000.0,594987,13.25,7.6,10,0,0,2026-09-08 12:50:03,1
2026-07-30,01542,1542.HK,台州水務,0.68,-22.73,1627590,136000000.0,34000000.0,4768,341.36,1.2,10,0,0,2026-09-08 12:50:02,1
2026-07-30,01094,1094.HK,承輝國際,0.26,8.33,4603600,184863955.0,184863955.0,22057,208.72,2.49,10,0,0,2026-09-08 12:50:02,1
2026-07-30,08237,8237.HK,華星控股,1.0,-3.85,1998000,201024000.0,201024000.0,105804,18.88,0.99,10,0,0,2026-09-08 12:50:03,1
2026-07-30,00110,110.HK,中國長遠,0.75,-6.25,6259200,208916916.0,208916916.0,579739,10.8,3.0,10,0,0,2026-09-08 12:50:02,1
2026-07-30,01661,1661.HK,中國前沿科技集團,1.54,-4.35,4622160,293053068.0,293053068.0,403854,11.45,1.58,10,0,0,2026-09-08 12:50:03,1
2026-07-30,00582,582.HK,神話世界,0.088,20.55,874537,321330362.0,321330362.0,68544,12.76,0.27,10,0,0,2026-09-08 12:50:02,1
2026-07-30,01500,1500.HK,現恆建築,0.4,65.29,15296525,332000000.0,332000000.0,54612,280.09,4.61,10,0,0,2026-09-08 12:50:02,1
2026-07-30,06828,6828.HK,北京燃氣藍天,0.037,8.82,11797125,841236244.0,841236244.0,1157342,10.19,1.4,10,0,0,2026-09-08 12:50:03,1
2026-07-30,00419,419.HK,弘毅文化集團,0.51,25.93,3963350,896148743.0,896148743.0,354110,11.19,0.44,10,0,0,2026-09-08 12:50:02,1
2026-07-31,02211,2211.HK,大健康國際,0.68,4.62,15667542,75171428.0,75171428.0,278649,56.23,20.84,10,0,0,2026-09-08 12:50:04,1
2026-07-31,00910,910.HK,中國三迪,0.016,14.29,594937,81411321.0,81411321.0,56447,10.54,0.73,10,0,0,2026-09-08 12:50:04,1
2026-07-31,08125,8125.HK,榮記萬通,0.5,4.17,4502880,108366336.0,108366336.0,55369,81.33,4.16,10,0,0,2026-09-08 12:50:05,1
2026-07-31,08368,8368.HK,中國創意控股,0.196,3.16,5161360,135674673.0,135674673.0,3953,1305.68,3.8,10,0,0,2026-09-08 12:50:05,1
2026-07-31,01759,1759.HK,中油潔能控股,0.68,-5.56,526570,146880000.0,146880000.0,38530,13.67,0.36,10,0,0,2026-09-08 12:50:04,1
2026-07-31,00380,380.HK,中國管業,0.13,10.17,713788,173194580.0,173194580.0,8980,79.49,0.41,10,0,0,2026-09-08 12:50:04,1
2026-07-31,01843,1843.HK,快餐帝國,0.265,10.42,645892,212000000.0,212000000.0,62776,10.29,0.3,10,0,0,2026-09-08 12:50:04,1
2026-07-31,02680,2680.HK,南強控股,5.5,-9.09,763760,330000000.0,330000000.0,49342,15.48,0.23,10,0,0,2026-09-08 12:50:04,1
2026-07-31,00698,698.HK,通達集團,1.92,2.13,734650,373847332.0,373847332.0,71753,10.24,0.2,10,0,0,2026-09-08 12:50:04,1
2026-07-31,02683,2683.HK,華新手袋國際控股,1.09,-0.91,799180,445402340.0,445402340.0,75988,10.52,0.18,10,0,0,2026-09-08 12:50:04,1
2026-07-31,00018,18.HK,東方傳媒集團,0.225,-3.85,1931227,539531527.0,539531527.0,81619,23.66,0.36,10,0,0,2026-09-08 12:50:03,1
2026-07-31,02262,2262.HK,梁志天設計集團,0.49,0.0,3120765,559286490.0,559286490.0,294,10614.85,0.56,10,0,0,2026-09-08 12:50:04,1
2026-07-31,01553,1553.HK,邁科管業,1.55,3.33,2715600,672390000.0,672390000.0,100022,27.15,0.4,10,0,0,2026-09-08 12:50:04,1
2026-07-31,02100,2100.HK,百奧家庭互動,0.35,-1.41,1990060,999803700.0,999803700.0,159487,12.48,0.2,10,0,0,2026-09-08 12:50:04,1
2026-08-03,08079,8079.HK,曌生命,0.89,36.92,2541050,32607109.0,32607109.0,117160,21.69,7.79,10,0,0,2026-09-08 12:50:06,1
2026-08-03,01825,1825.HK,STERLING GP,1.96,113.04,7337710,81285120.0,81285120.0,67580,108.58,9.03,1,1,0,2026-09-08 12:50:06,1
2026-08-03,02223,2223.HK,卡撒天嬌,0.53,6.0,673210,136820560.0,136820560.0,23375,28.8,0.49,10,0,0,2026-09-08 12:50:06,1
2026-08-03,02215,2215.HK,德信服務集團,0.151,86.42,4307281,138600031.0,138600031.0,87840,49.04,3.11,10,0,0,2026-09-08 12:50:06,1
2026-08-03,06663,6663.HK,國際永勝集團,0.285,0.0,559250,228000000.0,228000000.0,18620,30.03,0.25,10,0,0,2026-09-08 12:50:06,1
2026-08-03,01843,1843.HK,快餐帝國,0.32,20.75,1854620,256000000.0,256000000.0,124397,14.91,0.72,10,0,0,2026-09-08 12:50:06,1
2026-08-03,01732,1732.HK,象興科技,0.208,-0.95,637640,266240000.0,266240000.0,16284,39.16,0.24,10,0,0,2026-09-08 12:50:06,1
2026-08-03,02129,2129.HK,LEGION CONSO,0.244,20.2,1425795,305000000.0,305000000.0,40426,35.27,0.47,10,0,0,2026-09-08 12:50:06,1
2026-08-03,00377,377.HK,中國華君,2.3,27.78,523020,431231257.0,431231257.0,34915,14.98,0.12,10,0,0,2026-09-08 12:50:05,1
2026-08-03,01522,1522.HK,京投交通科技,0.225,-13.46,1931180,471858014.0,471858014.0,86986,22.2,0.41,10,0,0,2026-09-08 12:50:06,1
2026-08-03,02262,2262.HK,梁志天設計集團,0.49,0.0,4148340,559286490.0,559286490.0,312370,13.28,0.74,10,0,0,2026-09-08 12:50:06,1
2026-08-03,02381,2381.HK,蜆殼電業,0.305,-4.69,10496800,610000000.0,610000000.0,978840,10.72,1.72,10,0,0,2026-09-08 12:50:06,1
2026-08-04,08455,8455.HK,禮建德集團,0.016,-27.27,938430,15360000.0,15360000.0,87968,10.67,6.11,10,0,0,2026-09-08 12:50:08,1
2026-08-04,03460,3460.HK,華夏SOL,2.952,1.3,507812,48117600.0,,37050,13.71,1.06,10,0,0,2026-09-08 12:50:08,1
2026-08-04,00261,261.HK,GBA集團,0.246,12.33,5307746,81514973.0,81514973.0,11377,466.55,6.51,10,0,0,2026-09-08 12:50:07,1
2026-08-04,03301,3301.HK,融信中國,0.073,37.74,1508548,122890493.0,122890493.0,11527,130.87,1.23,10,0,0,2026-09-08 12:50:08,1
2026-08-04,02699,2699.HK,新明中國,5.3,5.47,42266544,139393752.0,139393752.0,86308,489.72,30.32,10,0,0,2026-09-08 12:50:08,1
2026-08-04,01596,1596.HK,翼辰實業,0.295,-18.06,789805,264862800.0,66215700.0,33481,23.59,0.3,10,0,0,2026-09-08 12:50:07,1
2026-08-04,02215,2215.HK,德信服務集團,0.335,121.85,6136460,307490135.0,307490135.0,516068,11.89,2.0,10,0,0,2026-09-08 12:50:07,1
2026-08-04,01046,1046.HK,寰宇娛樂文化,0.39,-1.27,7970350,353586588.0,353586588.0,72320,110.21,2.25,10,0,0,2026-09-08 12:50:07,1
2026-08-04,01251,1251.HK,華油能源,0.183,-17.94,3771964,357608352.0,357608352.0,64586,58.4,1.05,10,0,0,2026-09-08 12:50:07,1
2026-08-04,00229,229.HK,利民實業,0.785,-5.42,553875,393540015.0,393540015.0,3285,168.61,0.14,10,0,0,2026-09-08 12:50:07,1
2026-08-04,06829,6829.HK,龍升集團控股,1.735,2.06,860055,499680000.0,499680000.0,46812,18.37,0.17,10,0,0,2026-09-08 12:50:08,1
2026-08-04,00377,377.HK,中國華君,4.74,106.09,2632176,888711374.0,888711374.0,84125,31.29,0.3,10,0,0,2026-09-08 12:50:07,1
2026-08-05,01400,1400.HK,滿地科技股份,0.018,0.0,1068510,68431813.0,68431813.0,26197,40.79,1.56,10,0,0,2026-09-08 12:50:09,1
2026-08-05,06158,6158.HK,正榮地產,0.017,54.55,992819,74251852.0,74251852.0,5530,179.55,1.34,10,0,0,2026-09-08 12:50:09,1
2026-08-05,08121,8121.HK,國恩控股,0.5,-9.09,718300,75020000.0,75020000.0,6899,104.11,0.96,10,0,0,2026-09-08 12:50:10,1
2026-08-05,01338,1338.HK,霸王集團,0.029,-12.12,581984,91710781.0,91710781.0,33369,17.44,0.63,10,0,0,2026-09-08 12:50:09,1
2026-08-05,01777,1777.HK,花樣年控股(新),0.028,-26.32,1774634,101594285.0,101594285.0,65018,27.29,1.75,10,0,0,2026-09-08 12:50:09,1
2026-08-05,01233,1233.HK,時代中國控股,0.04,53.85,946091,119843711.0,119843711.0,33504,28.24,0.79,10,0,0,2026-09-08 12:50:09,1
2026-08-05,08029,8029.HK,中投金融科技集團,0.475,7.95,4488850,133038770.0,133038770.0,3910,1148.04,3.37,10,0,0,2026-09-08 12:50:10,1
2026-08-05,03418,3418.HK,華夏數字黃金,33.7,2.43,675045,136933884.0,,66766,10.11,0.49,10,0,0,2026-09-08 12:50:09,1
2026-08-05,02699,2699.HK,新明中國,5.43,2.45,52257075,142812844.0,142812844.0,4306425,12.13,36.59,10,0,0,2026-09-08 12:50:09,1
2026-08-05,01451,1451.HK,萬成集團股份,1.0,2.04,1469200,204400000.0,204400000.0,114294,12.85,0.72,10,0,0,2026-09-08 12:50:09,1
2026-08-05,01637,1637.HK,順興集團控股,0.55,22.22,3742340,220000000.0,220000000.0,47747,78.38,1.7,10,0,0,2026-09-08 12:50:09,1
2026-08-05,02286,2286.HK,辰興發展,0.385,263.21,2234675,230999996.0,230999996.0,123,18153.33,0.97,10,0,0,2026-09-08 12:50:09,1
2026-08-05,01120,1120.HK,雅視光學,0.63,-20.25,556070,243345926.0,243345926.0,3716,149.64,0.23,10,0,0,2026-09-08 12:50:09,1
2026-08-05,09608,9608.HK,宋都服務,0.069,64.29,1641780,264960000.0,264960000.0,40868,40.17,0.62,10,0,0,2026-09-08 12:50:10,1
2026-08-05,03301,3301.HK,融信中國,0.177,142.47,11676530,297967361.0,297967361.0,160553,72.73,3.92,10,0,0,2026-09-08 12:50:09,1
2026-08-05,08090,8090.HK,寶蓋新材,5.69,3.45,2741120,329280300.0,82334300.0,188403,14.55,0.83,10,0,0,2026-09-08 12:50:10,1
2026-08-05,01826,1826.HK,豐展控股,0.19,32.87,3542200,455544000.0,455544000.0,67258,52.67,0.78,10,0,0,2026-09-08 12:50:09,1
2026-08-05,01638,1638.HK,佳兆業集團,0.042,13.51,5170458,479935234.0,479935234.0,503365,10.27,1.08,10,0,0,2026-09-08 12:50:09,1
2026-08-05,08037,8037.HK,中國生物科技服務,0.65,3.17,6071575,634225248.0,634225248.0,234158,25.93,0.96,10,0,0,2026-09-08 12:50:10,1
2026-08-05,01085,1085.HK,亨鑫科技,1.88,7.43,2206440,875328000.0,875328000.0,55427,39.81,0.25,10,0,0,2026-09-08 12:50:09,1
2026-08-05,00420,420.HK,福田實業,0.735,18.55,2096210,900394816.0,900394816.0,23980,87.41,0.23,10,0,0,2026-09-08 12:50:08,1
2026-08-06,02608,2608.HK,陽光100中國,0.01,0.0,699599,25508115.0,25508115.0,36,19433.31,2.74,10,0,0,2026-09-08 12:50:11,1
2026-08-06,02048,2048.HK,易居企業控股,0.022,29.41,558724,38479310.0,38479310.0,40843,13.68,1.45,10,0,0,2026-09-08 12:50:11,1
2026-08-06,03639,3639.HK,億達中國,0.03,25.0,999272,77519100.0,77519100.0,15685,63.71,1.29,10,0,0,2026-09-08 12:50:11,0
2026-08-06,01233,1233.HK,時代中國控股,0.03,-25.0,2105626,89882783.0,89882783.0,127240,16.55,2.34,10,0,0,2026-09-08 12:50:10,1
2026-08-06,00348,348.HK,中國智能健康,0.108,80.0,3866097,99853650.0,99853650.0,29881,129.38,3.87,10,0,0,2026-09-08 12:50:10,1
2026-08-06,01663,1663.HK,漢港控股,0.055,19.57,559658,135520000.0,135520000.0,16816,33.28,0.41,10,0,0,2026-09-08 12:50:11,1
2026-08-06,00077,77.HK,進智公共交通,0.51,2.0,569140,138675630.0,138675630.0,52889,10.76,0.41,10,0,0,2026-09-08 12:50:10,1
2026-08-06,02221,2221.HK,創業集團控股,0.615,18.27,770956,141021476.0,141021476.0,49534,15.56,0.55,10,0,0,2026-09-08 12:50:11,1
2026-08-06,01825,1825.HK,STERLING GP,4.23,11.32,61231119,175426560.0,175426560.0,3565940,17.17,34.9,4,1,0,2026-09-08 12:50:11,1
2026-08-06,01939,1939.HK,上善黃金,0.5,35.14,10309510,255940000.0,255940000.0,119778,86.07,4.03,10,0,0,2026-09-08 12:50:11,1
2026-08-06,01451,1451.HK,萬成集團股份,1.28,28.0,2716920,261632000.0,261632000.0,255374,10.64,1.04,10,0,0,2026-09-08 12:50:11,1
2026-08-06,08375,8375.HK,數盟資本,0.9,-18.92,1442400,311040000.0,311040000.0,65805,21.92,0.46,10,0,0,2026-09-08 12:50:11,1
2026-08-06,00037,37.HK,遠東酒店實業,0.485,-1.02,1795110,364976958.0,364976958.0,139709,12.85,0.49,10,0,0,2026-09-08 12:50:10,1
2026-08-06,00825,825.HK,新世界百貨中國,0.275,0.0,3094575,463689875.0,463689875.0,73711,41.98,0.67,10,0,0,2026-09-08 12:50:10,1
2026-08-06,02167,2167.HK,天潤雲,3.0,-3.54,1215978,520141200.0,520141200.0,115638,10.52,0.23,10,0,0,2026-09-08 12:50:11,1
2026-08-06,02281,2281.HK,興瀘水務,0.61,-6.15,647125,524423100.0,131113400.0,27448,23.58,0.12,10,0,0,2026-09-08 12:50:11,1
2026-08-06,00711,711.HK,亞洲聯合基建控股,0.45,1.12,2005750,829310267.0,829310267.0,49271,40.71,0.24,10,0,0,2026-09-08 12:50:10,1
2026-08-07,03919,3919.HK,金力集團,0.71,3.65,6849660,32214120.0,32214120.0,176082,38.9,21.26,10,0,0,2026-09-08 12:50:13,1
2026-08-07,08529,8529.HK,優博控股,0.27,29.81,2058400,138800250.0,138800250.0,170541,12.07,1.48,10,0,0,2026-09-08 12:50:13,1
2026-08-07,01715,1715.HK,智慧健康科技,0.53,11.58,1756700,191202736.0,191202736.0,18420,95.37,0.92,10,0,0,2026-09-08 12:50:12,1
2026-08-07,01460,1460.HK,揚科集團,0.237,1.28,949912,207988904.0,207988904.0,49258,19.28,0.46,10,0,0,2026-09-08 12:50:12,1
2026-08-07,00021,21.HK,大中華控股,0.082,17.14,932125,325969139.0,325969139.0,71707,13.0,0.29,10,0,0,2026-09-08 12:50:12,1
2026-08-07,00606,606.HK,中駿商管,0.236,-10.94,1602229,456660000.0,456660000.0,50406,31.79,0.35,10,0,0,2026-09-08 12:50:12,1
2026-08-10,02231,2231.HK,景業名邦集團,0.011,10.0,815838,18107903.0,18107903.0,39768,20.52,4.51,10,0,0,2026-09-08 12:50:14,1
2026-08-10,07777,7777.HK,南方東英 Berkshire 每日槓桿最多 (2x) 產品,62.08,0.94,2461484,27284781.0,,193848,12.7,9.02,10,0,0,2026-09-08 12:50:14,1
2026-08-10,02048,2048.HK,易居企業控股,0.029,52.63,1865778,50722726.0,50722726.0,102753,18.16,3.68,10,0,0,2026-09-08 12:50:14,1
2026-08-10,08072,8072.HK,蘭谷股份,0.375,11.94,1061800,63130925.0,63130925.0,5990,177.26,1.68,10,0,0,2026-09-08 12:50:14,1
2026-08-10,08491,8491.HK,COOL LINK,0.325,20.37,710350,129547005.0,129547005.0,21842,32.52,0.55,10,0,0,2026-09-08 12:50:15,1
2026-08-10,01957,1957.HK,大人國際,0.31,14.81,835700,194680000.0,194680000.0,44285,18.87,0.43,10,0,0,2026-09-08 12:50:14,1
2026-08-10,01182,1182.HK,勝龍國際,0.645,0.0,1032350,219825396.0,219825396.0,27968,36.91,0.47,10,0,0,2026-09-08 12:50:14,1
2026-08-10,06893,6893.HK,衍生集團,0.213,3.9,731038,232552548.0,232552548.0,43308,16.88,0.31,10,0,0,2026-09-08 12:50:14,1
2026-08-10,02176,2176.HK,賽迪顧問,0.49,-40.96,3286500,343000000.0,102410000.0,37900,86.72,0.96,10,0,0,2026-09-08 12:50:14,1
2026-08-10,06885,6885.HK,金馬能源,0.72,20.0,34687085,385503120.0,385503120.0,77641,446.76,9.0,10,0,0,2026-09-08 12:50:14,1
2026-08-10,02415,2415.HK,梅斯健康,0.75,0.0,4878660,455378212.0,455378212.0,24182,201.75,1.07,10,0,0,2026-09-08 12:50:14,1
2026-08-10,06123,6123.HK,圓通國際快遞,1.3,8.33,911310,546247000.0,546247000.0,59357,15.35,0.17,10,0,0,2026-09-08 12:50:14,1
2026-08-10,01669,1669.HK,環球信貸集團,1.43,5.15,2937820,572000000.0,572000000.0,209286,14.04,0.51,10,0,0,2026-09-08 12:50:14,1
2026-08-10,00206,206.HK,華商能源,0.196,-19.67,1550825,635713047.0,635713047.0,137827,11.25,0.24,10,0,0,2026-09-08 12:50:13,1
2026-08-10,02167,2167.HK,天潤雲,4.5,50.75,7594592,780211800.0,780211800.0,203561,37.31,0.97,10,0,0,2026-09-08 12:50:14,1
2026-08-11,08620,8620.HK,亞洲速運,0.155,8.39,1047840,97449275.0,97449275.0,27826,37.66,1.08,10,0,0,2026-09-08 12:50:16,1
2026-08-11,01402,1402.HK,超智能控股,0.335,11.67,726750,351917500.0,351917500.0,55165,13.17,0.21,10,0,0,2026-09-08 12:50:15,1
2026-08-11,01631,1631.HK,REF HOLDINGS,1.34,-2.19,767875,411648000.0,411648000.0,16530,46.45,0.19,10,0,0,2026-09-08 12:50:15,1
2026-08-11,06182,6182.HK,乙德投資控股,0.63,-3.08,735840,504000000.0,504000000.0,71876,10.24,0.15,10,0,0,2026-09-08 12:50:16,1
2026-08-11,02671,2671.HK,美聯股份,4.68,14.29,3570987,564174023.0,564174023.0,6903,517.29,0.63,10,0,0,2026-09-08 12:50:16,1
2026-08-11,02536,2536.HK,百樂皇宮,0.84,0.0,747600,677538960.0,677538960.0,29164,25.63,0.11,10,0,0,2026-09-08 12:50:15,1
2026-08-12,08191,8191.HK,鴻偉亞洲,0.134,25.23,6154148,47441418.0,47441418.0,47362,129.94,12.97,10,0,0,2026-09-08 12:50:18,1
2026-08-12,08283,8283.HK,中食民安,0.158,-15.51,811475,54604800.0,54604800.0,55414,14.64,1.49,10,0,0,2026-09-08 12:50:18,1
2026-08-12,08620,8620.HK,亞洲速運,0.156,0.65,1609585,98077980.0,98077980.0,130428,12.34,1.64,10,0,0,2026-09-08 12:50:18,1
2026-08-12,02113,2113.HK,世紀集團國際,0.165,28.91,1125975,132783750.0,132783750.0,56222,20.03,0.85,10,0,0,2026-09-08 12:50:17,1
2026-08-12,00295,295.HK,江山控股,0.017,13.33,571250,254395523.0,254395523.0,29936,19.08,0.22,10,0,0,2026-09-08 12:50:16,1
2026-08-12,01265,1265.HK,天津津燃公用,0.15,4.9,504030,275896170.0,75009000.0,26819,18.79,0.18,10,0,0,2026-09-08 12:50:17,1
2026-08-12,06182,6182.HK,乙德投資控股,0.47,-25.4,9226440,376000000.0,376000000.0,145460,63.43,2.45,10,0,0,2026-09-08 12:50:18,1
2026-08-12,01402,1402.HK,超智能控股,0.405,20.9,2478600,425452500.0,425452500.0,127840,19.39,0.58,10,0,0,2026-09-08 12:50:17,1
2026-08-12,03828,3828.HK,明輝國際,0.765,-1.92,1068075,561710963.0,561710963.0,101075,10.57,0.19,10,0,0,2026-09-08 12:50:17,1
2026-08-12,00210,210.HK,達芙妮國際,0.32,-4.48,504910,633151497.0,633151497.0,29155,17.32,0.08,10,0,0,2026-09-08 12:50:16,1
2026-08-12,02260,2260.HK,環龍控股,1.35,11.57,3005700,652646700.0,652646700.0,13868,216.74,0.46,10,0,0,2026-09-08 12:50:17,1
2026-08-13,01075,1075.HK,首都信息,1.75,-5.91,963555,135537150.0,135537150.0,95741,10.06,0.19,10,0,0,2026-09-08 12:50:18,0
2026-08-13,01351,1351.HK,輝煌明天,0.245,6.52,1466512,147000000.0,147000000.0,9564,153.34,1.0,10,0,0,2026-09-08 12:50:18,1
2026-08-13,01002,1002.HK,威鋮國際,0.057,16.33,695440,158393583.0,158393583.0,27388,25.39,0.44,10,0,0,2026-09-08 12:50:18,1
2026-08-13,02695,2695.HK,印象大紅袍,1.35,-14.01,1906969,194629500.0,48735000.0,69997,27.24,0.98,10,0,0,2026-09-08 12:50:19,1
2026-08-13,08509,8509.HK,威揚酒業控股,0.6,0.0,535200,240000000.0,240000000.0,3080,173.77,0.22,10,0,0,2026-09-08 12:50:19,0
2026-08-13,00936,936.HK,佳兆業資本,0.345,32.69,926000,365700000.0,365700000.0,44576,20.77,0.25,10,0,0,2026-09-08 12:50:18,1
2026-08-13,06890,6890.HK,康利國際控股,0.645,-25.86,741110,391032540.0,391032540.0,40160,18.45,0.19,10,0,0,2026-09-08 12:50:19,1
2026-08-13,00366,366.HK,陸氏集團(越南),0.805,-2.42,808210,403805241.0,403805241.0,48107,16.8,0.2,10,0,0,2026-09-08 12:50:18,1
2026-08-13,08189,8189.HK,泰達生物,0.219,46.0,1045580,467324100.0,314571600.0,80968,12.91,0.22,10,0,0,2026-09-08 12:50:19,1
2026-08-13,01630,1630.HK,建成控股,0.35,18.64,3018180,525000000.0,525000000.0,257193,11.74,0.57,10,0,0,2026-09-08 12:50:18,1
2026-08-14,08472,8472.HK,立高控股,0.212,-3.64,1418394,24422400.0,24422400.0,37618,37.7,5.81,10,0,0,2026-09-08 12:50:21,1
2026-08-14,08178,8178.HK,中國信息科技,0.165,0.0,567074,28397681.0,28397681.0,23435,24.2,2.0,10,0,0,2026-09-08 12:50:21,1
2026-08-14,02113,2113.HK,世紀集團國際,0.163,-6.32,8327745,131174250.0,131174250.0,299562,27.8,6.35,10,0,0,2026-09-08 12:50:20,1
2026-08-14,00905,905.HK,胡桃資本,0.142,29.09,648817,149171126.0,149171126.0,48374,13.41,0.43,10,0,0,2026-09-08 12:50:20,1
2026-08-14,01792,1792.HK,CMON,0.85,1.19,4301311,210528000.0,210528000.0,66201,64.97,2.04,10,0,0,2026-09-08 12:50:20,1
2026-08-14,02370,2370.HK,力高健康生活,1.1,-3.51,1553250,220000000.0,220000000.0,76678,20.26,0.71,10,0,0,2026-09-08 12:50:20,1
2026-08-14,00520,520.HK,呷哺呷哺,0.28,14.75,1555170,304128855.0,304128855.0,143389,10.85,0.51,10,0,0,2026-09-08 12:50:19,1
2026-08-14,02227,2227.HK,守益控股,0.34,6.25,819500,311304000.0,311304000.0,42762,19.16,0.26,10,0,0,2026-09-08 12:50:20,1
2026-08-14,08350,8350.HK,立橋證券控股,0.38,0.0,5016040,361024320.0,361024320.0,26128,191.98,1.39,10,0,0,2026-09-08 12:50:21,1
2026-08-14,01622,1622.HK,力高集團,0.126,-13.7,863610,447502775.0,447502775.0,75221,11.48,0.19,10,0,0,2026-09-08 12:50:20,1
2026-08-14,02573,2573.HK,新琪安,5.52,15.0,1751030,531196412.0,531196412.0,107052,16.36,0.33,10,0,0,2026-09-08 12:50:20,1
2026-08-14,03477,3477.HK,平安東西精選,17.51,0.23,546354,647870000.0,,30314,18.02,0.08,10,0,0,2026-09-08 12:50:20,1
2026-08-14,08148,8148.HK,悟喜生活,1.5,-14.29,770284,687225600.0,687225600.0,51918,14.84,0.11,10,0,0,2026-09-08 12:50:21,1
2026-08-17,08226,8226.HK,樹熊金融集團,0.127,36.56,800085,53023007.0,53023007.0,11766,68.0,1.51,10,0,0,2026-09-08 12:50:22,1
2026-08-17,08491,8491.HK,COOL LINK,0.247,3.35,7064470,98455723.0,98455723.0,386414,18.28,7.18,10,0,0,2026-09-08 12:50:23,1
2026-08-17,00397,397.HK,嬴集團,0.036,0.0,598930,123222208.0,123222208.0,51980,11.52,0.49,10,0,0,2026-09-08 12:50:21,1
2026-08-17,00889,889.HK,連達科技控股,0.495,17.86,1862170,158400000.0,158400000.0,126442,14.73,1.18,10,0,0,2026-09-08 12:50:21,1
2026-08-17,00092,92.HK,冠軍科技集團,0.2,26.58,530250,219522970.0,219522970.0,36023,14.72,0.24,10,0,0,2026-09-08 12:50:21,1
2026-08-17,01397,1397.HK,碧瑤綠色集團,0.74,-20.0,2885580,307100000.0,307100000.0,103598,27.85,0.94,10,0,0,2026-09-08 12:50:22,1
2026-08-17,00831,831.HK,利亞零售,0.425,13.33,7489730,332408214.0,332408214.0,232822,32.17,2.25,10,0,0,2026-09-08 12:50:21,1
2026-08-17,08350,8350.HK,立橋證券控股,0.385,1.32,8545440,365774640.0,365774640.0,527732,16.19,2.34,10,0,0,2026-09-08 12:50:23,1
2026-08-17,01673,1673.HK,華章科技,0.26,-11.86,894400,414994857.0,414994857.0,66620,13.43,0.22,10,0,0,2026-09-08 12:50:22,1
2026-08-17,01720,1720.HK,普天通信集團,0.39,27.87,10978760,429000000.0,429000000.0,1002709,10.95,2.56,10,0,0,2026-09-08 12:50:22,1
2026-08-17,00727,727.HK,中國豐匯,0.41,-26.79,712295,521456040.0,521456040.0,7520,94.72,0.14,10,0,0,2026-09-08 12:50:21,1
2026-08-17,00279,279.HK,裕承科金,0.375,-2.6,2514496,523322738.0,523322738.0,56132,44.8,0.48,10,0,0,2026-09-08 12:50:21,1
2026-08-18,08226,8226.HK,樹熊金融集團,0.116,-8.66,3657815,48430463.0,48430463.0,83466,43.82,7.55,10,0,0,2026-09-08 12:50:24,1
2026-08-18,01176,1176.HK,珠光控股,0.022,46.67,1091660,194713921.0,194713921.0,78012,13.99,0.56,10,0,0,2026-09-08 12:50:23,1
2026-08-18,06158,6158.HK,正榮地產,0.054,125.0,11711353,235858824.0,235858824.0,344162,34.03,4.97,10,0,0,2026-09-08 12:50:24,1
2026-08-18,00767,767.HK,中基長壽科學,0.415,3.75,1494590,264211534.0,264211534.0,143772,10.4,0.57,10,0,0,2026-09-08 12:50:23,1
2026-08-18,00833,833.HK,華訊,0.61,-25.15,4438579,288565490.0,288565490.0,254230,17.46,1.54,10,0,0,2026-09-08 12:50:23,1
2026-08-18,01527,1527.HK,天潔環境,2.25,25.0,4284647,303750000.0,78750000.0,828,5174.69,1.41,10,0,0,2026-09-08 12:50:23,1
2026-08-18,02683,2683.HK,華新手袋國際控股,1.1,-0.9,734910,449488600.0,449488600.0,71952,10.21,0.16,10,0,0,2026-09-08 12:50:24,1
2026-08-18,03686,3686.HK,祈福生活服務,0.495,-8.33,2522600,502796250.0,502796250.0,151960,16.6,0.5,10,0,0,2026-09-08 12:50:24,1
2026-08-18,00279,279.HK,裕承科金,0.385,2.67,5447726,537278010.0,537278010.0,296951,18.35,1.01,10,0,0,2026-09-08 12:50:23,1
2026-08-18,02863,2863.HK,高豐集團控股,0.91,17.42,3705945,627455010.0,627455010.0,360657,10.28,0.59,10,0,0,2026-09-08 12:50:24,1
2026-08-18,00334,334.HK,華顯光電,0.33,-4.35,683942,697721617.0,697721617.0,26585,25.73,0.1,10,0,0,2026-09-08 12:50:23,1
2026-08-18,09639,9639.HK,榮利營造,0.96,-6.8,2031100,960000000.0,960000000.0,67852,29.93,0.21,10,0,0,2026-09-08 12:50:24,1
2026-08-19,01340,1340.HK,惠生國際,0.515,-0.96,538535,71289236.0,71289236.0,33152,16.24,0.76,10,0,0,2026-09-08 12:50:25,1
2026-08-19,01949,1949.HK,佰達國際控股,0.595,5.31,6735540,137088000.0,137088000.0,80380,83.8,4.91,10,0,0,2026-09-08 12:50:25,1
2026-08-19,01796,1796.HK,中國數智科技,0.31,41.55,5812590,148800000.0,148800000.0,447042,13.0,3.91,10,0,0,2026-09-08 12:50:25,1
2026-08-19,00767,767.HK,中基長壽科學,0.39,-6.02,4755750,248295177.0,248295177.0,289136,16.45,1.92,10,0,0,2026-09-08 12:50:24,1
2026-08-19,01176,1176.HK,珠光控股,0.034,54.55,3373264,300921514.0,300921514.0,185487,18.19,1.12,10,0,0,2026-09-08 12:50:25,1
2026-08-19,01732,1732.HK,象興科技,0.239,-3.63,5024660,305920000.0,305920000.0,205038,24.51,1.64,10,0,0,2026-09-08 12:50:25,1
2026-08-19,01132,1132.HK,橙天嘉禾,0.11,19.57,1383420,307963596.0,307963596.0,70864,19.52,0.45,10,0,0,2026-09-08 12:50:25,1
2026-08-19,01556,1556.HK,建業建榮,0.26,0.0,530400,390000000.0,390000000.0,23208,22.85,0.14,10,0,0,2026-09-08 12:50:25,1
2026-08-19,00210,210.HK,達芙妮國際,0.31,-8.82,736280,613365513.0,613365513.0,70079,10.51,0.12,10,0,0,2026-09-08 12:50:24,1
2026-08-19,03428,3428.HK,GX國壽港美,11.2,-0.18,2566256,915040000.0,,1068,2403.54,0.28,10,0,0,2026-09-08 12:50:25,1
2026-08-20,08275,8275.HK,中國新消費集團,0.084,3.7,599020,80638786.0,80638786.0,8122,73.75,0.74,10,0,0,2026-09-08 12:50:27,1
2026-08-20,01025,1025.HK,嘉藝控股,0.206,8.42,968624,92157693.0,92157693.0,67609,14.33,1.05,10,0,0,2026-09-08 12:50:26,1
2026-08-20,03444,3444.HK,恆生香港股票,7.61,1.33,557813,95886000.0,,1817,307.07,0.58,10,0,0,2026-09-08 12:50:27,1
2026-08-20,02122,2122.HK,凱知樂國際,0.09,-35.25,1334612,122032286.0,122032286.0,23495,56.8,1.09,10,0,0,2026-09-08 12:50:26,1
2026-08-20,02459,2459.HK,升能集團,0.63,16.67,2533145,122094000.0,122094000.0,177565,14.27,2.07,10,0,0,2026-09-08 12:50:27,1
2026-08-20,00821,821.HK,匯盈控股,0.35,16.67,3323722,129879827.0,129879827.0,260472,12.76,2.56,10,0,0,2026-09-08 12:50:26,1
2026-08-20,08326,8326.HK,同景新能源,0.142,-5.96,7977550,174234000.0,174234000.0,5940,1343.02,4.58,10,0,0,2026-09-08 12:50:27,1
2026-08-20,01978,1978.HK,敘福樓集團,0.235,-16.07,644444,188000000.0,188000000.0,6034,106.8,0.34,10,0,0,2026-09-08 12:50:26,1
2026-08-20,01560,1560.HK,星星集團,0.445,256.0,7007278,285466610.0,285466610.0,8361,838.11,2.45,10,0,0,2026-09-08 12:50:26,1
2026-08-20,01808,1808.HK,企展控股,2.02,-3.81,594108,494674134.0,494674134.0,56090,10.59,0.12,10,0,0,2026-09-08 12:50:26,1
2026-08-20,00980,980.HK,聯華超市,0.335,13.56,766270,495666000.0,124821000.0,75192,10.19,0.15,10,0,0,2026-09-08 12:50:26,1
2026-08-20,01244,1244.HK,思路迪醫藥股份,3.42,56.88,13940300,882965340.0,882965340.0,360404,38.68,1.58,10,0,0,2026-09-08 12:50:26,1
2026-08-21,02231,2231.HK,景業名邦集團,0.015,15.38,3382402,24692595.0,24692595.0,259204,13.05,13.7,10,0,0,2026-09-08 12:50:28,1
2026-08-21,02608,2608.HK,陽光100中國,0.01,0.0,1111751,25508115.0,25508115.0,79280,14.02,4.36,10,0,0,2026-09-08 12:50:28,1
2026-08-21,00471,471.HK,中播數據,0.1,-24.81,1433642,47976214.0,47976214.0,36841,38.91,2.99,10,0,0,2026-09-08 12:50:27,1
2026-08-21,08238,8238.HK,玖方數智,0.148,2.78,2712240,51557990.0,51557990.0,48049,56.45,5.26,10,0,0,2026-09-08 12:50:29,1
2026-08-21,01225,1225.HK,隆成金融,0.231,-3.75,512226,53204477.0,53204477.0,9573,53.51,0.96,10,0,0,2026-09-08 12:50:28,1
2026-08-21,00910,910.HK,中國三迪,0.013,30.0,831570,66146698.0,66146698.0,50947,16.32,1.26,10,0,0,2026-09-08 12:50:28,1
2026-08-21,08275,8275.HK,中國新消費集團,0.095,13.1,2372768,91198627.0,91198627.0,68024,34.88,2.6,10,0,0,2026-09-08 12:50:29,1
2026-08-21,01025,1025.HK,嘉藝控股,0.205,-0.49,5854088,91710325.0,91710325.0,163504,35.8,6.38,10,0,0,2026-09-08 12:50:28,1
2026-08-21,06158,6158.HK,正榮地產,0.035,-14.63,38459856,152871460.0,152871460.0,2851823,13.49,25.16,10,0,0,2026-09-08 12:50:28,1
2026-08-21,00970,970.HK,新耀萊,0.295,0.0,1818860,199231840.0,199231840.0,11999,151.59,0.91,10,0,0,2026-09-08 12:50:28,1
2026-08-21,01354,1354.HK,經發物業,3.01,46.83,4161474,200667068.0,50167068.0,247013,16.85,2.07,10,0,0,2026-09-08 12:50:28,1
2026-08-21,01751,1751.HK,智算能建(二千),0.805,18.38,4333000,328175452.0,328175452.0,44820,96.68,1.32,10,0,0,2026-09-08 12:50:28,1
2026-08-21,08090,8090.HK,寶蓋新材,6.1,10.81,1321322,353007000.0,88267000.0,84154,15.7,0.37,10,0,0,2026-09-08 12:50:29,1
2026-08-21,03448,3448.HK,GX中國科技,120.5,1.56,8725638,361500000.0,,705166,12.37,2.41,10,0,0,2026-09-08 12:50:28,1
2026-08-21,00337,337.HK,綠地香港,0.14,7.69,979713,390863856.0,390863856.0,42608,22.99,0.25,10,0,0,2026-09-08 12:50:27,1
2026-08-21,01011,1011.HK,泰凌醫藥,0.36,18.03,1185500,646762891.0,646762891.0,26043,45.52,0.18,10,0,0,2026-09-08 12:50:28,1
2026-08-21,06959,6959.HK,長久股份,3.52,0.0,3532997,711603200.0,711603200.0,33732,104.74,0.5,10,0,0,2026-09-08 12:50:29,1
2026-08-21,06820,6820.HK,友誼時光,0.365,-7.59,1447540,796010250.0,796010250.0,124188,11.66,0.18,10,0,0,2026-09-08 12:50:28,1
2026-08-21,01793,1793.HK,偉工控股,1.05,28.05,18373040,840000000.0,840000000.0,1818226,10.1,2.19,10,0,0,2026-09-08 12:50:28,1
2026-08-24,00601,601.HK,稀鎂科技,0.07,12.9,739350,41481657.0,41481657.0,4048,182.62,1.78,10,0,0,2026-09-08 12:50:29,1
2026-08-24,08007,8007.HK,環球戰略集團,0.46,5.75,1309850,104106017.0,104106017.0,39226,33.39,1.26,10,0,0,2026-09-08 12:50:30,1
2026-08-24,02012,2012.HK,陽光油砂,0.215,41.45,3823142,152941205.0,152941205.0,110417,34.62,2.5,10,0,0,2026-09-08 12:50:29,1
2026-08-24,08029,8029.HK,中投金融科技集團,0.7,0.0,3335275,196057135.0,196057135.0,4102,812.99,1.7,10,0,0,2026-09-08 12:50:30,1
2026-08-24,01753,1753.HK,兌吧,0.248,78.42,4820145,267052154.0,267052154.0,12468,386.6,1.8,10,0,0,2026-09-08 12:50:29,1
2026-08-24,02170,2170.HK,貝康醫療-B,1.34,-3.6,508312,366524840.0,110836539.0,38356,13.25,0.14,10,0,0,2026-09-08 12:50:29,1
2026-08-24,06989,6989.HK,卓越商企服務,0.5,-5.66,973920,610174000.0,610174000.0,66508,14.64,0.16,10,0,0,2026-09-08 12:50:30,1
2026-08-24,00377,377.HK,中國華君,4.0,14.94,597918,749967404.0,749967404.0,56569,10.57,0.08,10,0,0,2026-09-08 12:50:29,1
2026-08-25,08430,8430.HK,春能控股,0.079,3.95,504280,13179981.0,13179981.0,713,706.97,3.83,10,0,0,2026-09-08 12:50:32,1
2026-08-25,03460,3460.HK,華夏SOL,4.014,6.25,1724055,65428200.0,,165599,10.41,2.64,10,0,0,2026-09-08 12:50:31,1
2026-08-25,00076,76.HK,誼礫控股,0.162,20.0,4583315,71993460.0,71993460.0,71760,63.87,6.37,10,0,0,2026-09-08 12:50:30,1
2026-08-25,00065,65.HK,弘海高新資源,0.295,9.26,768660,72433390.0,72433390.0,11474,66.99,1.06,10,0,0,2026-09-08 12:50:30,1
2026-08-25,00254,254.HK,國家聯合資源,0.2,49.25,2830726,135152568.0,135152568.0,205892,13.75,2.09,10,0,0,2026-09-08 12:50:30,1
2026-08-25,02497,2497.HK,富景中國控股,0.595,-4.03,1690010,297500000.0,297500000.0,67961,24.87,0.57,10,0,0,2026-09-08 12:50:31,1
2026-08-25,00124,124.HK,粵海置地,0.201,1.01,784432,344018907.0,344018907.0,69589,11.27,0.23,10,0,0,2026-09-08 12:50:30,1
2026-08-25,00114,114.HK,興利集團,0.67,-6.94,1038425,405008811.0,405008811.0,59224,17.53,0.26,10,0,0,2026-09-08 12:50:30,1
2026-08-25,09919,9919.HK,艾德韋宣集團,0.75,-2.6,774640,558163500.0,558163500.0,47452,16.32,0.14,10,0,0,2026-09-08 12:50:32,1
2026-08-25,02251,2251.HK,鷹瞳科技-B,9.57,0.0,6374300,966773965.0,966773965.0,70730,90.12,0.66,10,0,0,2026-09-08 12:50:31,1
2026-08-26,08121,8121.HK,國恩控股,0.37,-11.9,1149450,55514800.0,55514800.0,16112,71.34,2.07,10,0,0,2026-09-08 12:50:33,1
2026-08-26,00736,736.HK,中國置業投資,0.23,15.0,1132741,73737909.0,73737909.0,19163,59.11,1.54,10,0,0,2026-09-08 12:50:32,1
2026-08-26,03444,3444.HK,恆生香港股票,7.59,0.93,940478,95634000.0,,57592,16.33,0.98,10,0,0,2026-09-08 12:50:33,1
2026-08-26,00254,254.HK,國家聯合資源,0.192,-4.0,6272722,129746465.0,129746465.0,479155,13.09,4.83,10,0,0,2026-09-08 12:50:32,1
2026-08-26,00660,660.HK,瑋俊生物科技,0.48,11.63,1453990,184468697.0,184468697.0,17434,83.4,0.79,10,0,0,2026-09-08 12:50:32,1
2026-08-26,01962,1962.HK,訓修實業,0.495,2.06,3713400,304987320.0,304987320.0,54522,68.11,1.22,10,0,0,2026-09-08 12:50:32,1
2026-08-26,01087,1087.HK,威訊控股,1.33,2.31,1887240,319021248.0,319021248.0,90344,20.89,0.59,10,0,0,2026-09-08 12:50:32,1
2026-08-26,03860,3860.HK,EPS創健科技,0.55,-1.79,1680225,320336411.0,320336411.0,19458,86.35,0.52,10,0,0,2026-09-08 12:50:33,1
2026-08-26,06038,6038.HK,信越控股,0.425,21.43,4555850,426275000.0,426275000.0,48235,94.45,1.07,10,0,0,2026-09-08 12:50:33,1
2026-08-26,06829,6829.HK,龍升集團控股,1.62,0.62,1005040,466560000.0,466560000.0,45188,22.24,0.22,10,0,0,2026-09-08 12:50:33,1
2026-08-26,00160,160.HK,漢國置業,0.69,-2.82,1231040,497096218.0,497096218.0,16404,75.04,0.25,10,0,0,2026-09-08 12:50:32,1
2026-08-26,01282,1282.HK,中澤豐,0.103,25.61,1111892,515000000.0,515000000.0,45492,24.44,0.22,10,0,0,2026-09-08 12:50:32,1
2026-08-26,01285,1285.HK,嘉士利集團,1.57,25.6,3840880,651550000.0,651550000.0,137626,27.91,0.59,10,0,0,2026-09-08 12:50:32,1
2026-08-26,00239,239.HK,白花油,2.6,1.56,805138,810264000.0,810264000.0,50655,15.89,0.1,10,0,0,2026-09-08 12:50:32,1
2026-08-26,01985,1985.HK,美高域,2.805,6.65,3808060,859379070.0,859379070.0,303858,12.53,0.44,10,0,0,2026-09-08 12:50:32,1
2026-08-26,02098,2098.HK,卓爾智聯,0.07,7.69,777812,867965406.0,867965406.0,57856,13.44,0.09,10,0,0,2026-09-08 12:50:32,1
2026-08-26,01483,1483.HK,網譽科技,1.16,5.94,8993290,950562000.0,950562000.0,29981,299.97,0.95,10,0,0,2026-09-08 12:50:32,1
2026-08-27,02358,2358.HK,久融控股,0.015,25.0,1096530,82080000.0,82080000.0,63350,17.31,1.34,10,0,0,2026-09-08 12:50:34,1
2026-08-27,00197,197.HK,亨泰,0.51,36.0,12079535,106697331.0,106697331.0,207485,58.22,11.32,10,0,0,2026-09-08 12:50:33,1
2026-08-27,08007,8007.HK,環球戰略集團,0.485,4.3,2647588,109763953.0,109763953.0,244386,10.83,2.41,10,0,0,2026-09-08 12:50:34,1
2026-08-27,08021,8021.HK,匯隆控股,0.17,1.8,530630,122120359.0,122120359.0,17054,31.11,0.43,10,0,0,2026-09-08 12:50:34,1
2026-08-27,00254,254.HK,國家聯合資源,0.247,28.65,12319790,166913421.0,166913421.0,1094433,11.26,7.38,10,0,0,2026-09-08 12:50:33,1
2026-08-27,09938,9938.HK,華和控股,0.305,17.31,1348200,305000000.0,305000000.0,100766,13.38,0.44,10,0,0,2026-09-08 12:50:35,1
2026-08-27,00862,862.HK,遠見控股,1.15,-2.95,654300,451281903.0,451281903.0,42771,15.3,0.14,10,0,0,2026-09-08 12:50:34,1
2026-08-27,01909,1909.HK,火岩控股,1.915,-2.79,1047630,465002294.0,465002294.0,42206,24.82,0.23,10,0,0,2026-09-08 12:50:34,1
2026-08-27,06182,6182.HK,乙德投資控股,0.735,23.53,24417400,588000000.0,588000000.0,290548,84.04,4.15,10,0,0,2026-09-08 12:50:34,1
2026-08-27,00450,450.HK,鴻興印刷集團,0.675,-10.0,887580,612808857.0,612808857.0,72516,12.24,0.14,10,0,0,2026-09-08 12:50:33,1
2026-08-27,01085,1085.HK,亨鑫科技,1.68,1.2,1127930,782208000.0,782208000.0,67361,16.74,0.14,10,0,0,2026-09-08 12:50:34,1
2026-08-27,00420,420.HK,福田實業,0.655,-5.76,3265420,802392659.0,802392659.0,294099,11.1,0.41,10,0,0,2026-09-08 12:50:33,1
2026-08-27,00950,950.HK,李氏大藥廠,1.375,22.77,12242348,809648597.0,809648597.0,578923,21.15,1.51,10,0,0,2026-09-08 12:50:34,1
2026-08-28,02048,2048.HK,易居企業控股,0.03,57.89,3609125,52471786.0,52471786.0,156923,23.0,6.88,10,0,0,2026-09-08 12:50:36,1
2026-08-28,09958,9958.HK,力天影業,0.139,13.93,850074,69500000.0,69500000.0,5600,151.8,1.22,10,0,0,2026-09-08 12:50:36,1
2026-08-28,08413,8413.HK,亞洲富思,0.068,17.24,785140,79016000.0,79016000.0,54206,14.48,0.99,10,0,0,2026-09-08 12:50:36,1
2026-08-28,01470,1470.HK,富一國際控股,0.114,-14.29,861880,91200000.0,91200000.0,10932,78.84,0.95,10,0,0,2026-09-08 12:50:35,1
2026-08-28,08021,8021.HK,匯隆控股,0.165,-2.94,784760,118528584.0,118528584.0,70117,11.19,0.66,10,0,0,2026-09-08 12:50:36,1
2026-08-28,01841,1841.HK,優越集團控股,0.485,15.48,2317000,194000000.0,194000000.0,212305,10.91,1.19,10,0,0,2026-09-08 12:50:35,1
2026-08-28,02605,2605.HK,MetaLight,1.3,13.04,1067930,201384901.0,201384901.0,92830,11.5,0.53,10,0,0,2026-09-08 12:50:36,1
2026-08-28,01447,1447.HK,新福港,0.55,0.0,530200,220000000.0,220000000.0,39334,13.48,0.24,10,0,0,2026-09-08 12:50:35,1
2026-08-28,09919,9919.HK,艾德韋宣集團,0.775,1.31,1393031,576768950.0,576768950.0,132179,10.54,0.24,10,0,0,2026-09-08 12:50:36,1
2026-08-28,02536,2536.HK,百樂皇宮,0.81,-2.41,1101240,653341140.0,653341140.0,2174,506.55,0.17,10,0,0,2026-09-08 12:50:36,1
2026-08-28,00993,993.HK,信控國際資本,0.095,-2.06,2024528,827410671.0,827410671.0,12551,161.3,0.24,10,0,0,2026-09-08 12:50:35,1
2026-08-28,00370,370.HK,港仔機器人,0.28,3.7,15219166,881002916.0,881002916.0,1137264,13.38,1.73,10,0,0,2026-09-08 12:50:35,1
2026-08-28,00505,505.HK,興業合金,1.02,15.91,601850,917549336.0,917549336.0,17962,33.51,0.07,10,0,0,2026-09-08 12:50:35,1
2026-08-31,08139,8139.HK,長安仁恆,1.29,-24.12,517092,49536000.0,49536000.0,48467,10.67,1.04,10,0,0,2026-09-08 12:50:38,1
2026-08-31,08072,8072.HK,蘭谷股份,0.3,-7.69,974400,50504740.0,50504740.0,26083,37.36,1.93,10,0,0,2026-09-08 12:50:38,1
2026-08-31,02246,2246.HK,快狗打車,1.2,-1.64,603720,79225530.0,79225530.0,41701,14.48,0.76,10,0,0,2026-09-08 12:50:37,1
2026-08-31,00261,261.HK,GBA集團,0.265,1.92,664410,87810845.0,87810845.0,46476,14.3,0.76,10,0,0,2026-09-08 12:50:36,1
2026-08-31,01850,1850.HK,美好生活集團控股,0.61,7.02,27041150,105408000.0,105408000.0,1617658,16.72,25.65,10,0,0,2026-09-08 12:50:37,1
2026-08-31,00913,913.HK,港灣數字,0.183,3.98,512552,162329242.0,162329242.0,16449,31.16,0.32,10,0,0,2026-09-08 12:50:37,1
2026-08-31,01312,1312.HK,華控康泰,0.036,9.09,607596,201188584.0,201188584.0,48917,12.42,0.3,10,0,0,2026-09-08 12:50:37,1
2026-08-31,01690,1690.HK,立基工程控股,0.156,20.0,719510,225455880.0,225455880.0,7484,96.14,0.32,10,0,0,2026-09-08 12:50:37,1
2026-08-31,01939,1939.HK,上善黃金,0.48,20.0,927660,245702400.0,245702400.0,92261,10.05,0.38,10,0,0,2026-09-08 12:50:37,1
2026-08-31,00970,970.HK,新耀萊,0.365,2.82,2045460,246507192.0,246507192.0,190518,10.74,0.83,10,0,0,2026-09-08 12:50:37,1
2026-08-31,01813,1813.HK,合景泰富集團,0.093,-7.0,782833,317956207.0,317956207.0,63257,12.38,0.25,10,0,0,2026-09-08 12:50:37,1
2026-08-31,00897,897.HK,位元堂,0.34,15.25,562675,378890182.0,378890182.0,33532,16.78,0.15,10,0,0,2026-09-08 12:50:37,1
2026-08-31,00236,236.HK,香港生力啤,1.08,-0.92,654470,403456205.0,403456205.0,13056,50.13,0.16,10,0,0,2026-09-08 12:50:36,1
2026-08-31,02226,2226.HK,老恆和釀造,0.715,19.17,799395,413806250.0,413806250.0,20448,39.09,0.19,10,0,0,2026-09-08 12:50:37,1
2026-08-31,00021,21.HK,大中華控股,0.109,32.93,2484693,433300441.0,433300441.0,172947,14.37,0.57,10,0,0,2026-09-08 12:50:36,1
2026-08-31,08229,8229.HK,未來數據集團,0.83,-1.78,963575,461048400.0,461048400.0,92692,10.4,0.21,10,0,0,2026-09-08 12:50:38,1
2026-08-31,01861,1861.HK,保寶龍科技,2.1,-4.11,1237840,491226225.0,491226225.0,49583,24.97,0.25,10,0,0,2026-09-08 12:50:37,1
2026-08-31,01746,1746.HK,萬順集團控股,0.54,17.39,8769320,540000000.0,540000000.0,72940,120.23,1.62,10,0,0,2026-09-08 12:50:37,1
2026-08-31,09689,9689.HK,金泰豐國際控股,0.495,-10.0,1230680,552420000.0,552420000.0,122662,10.03,0.22,10,0,0,2026-09-08 12:50:38,1
2026-08-31,03406,3406.HK,平安科技精選,15.03,-0.2,2457138,559867500.0,,150292,16.35,0.44,10,0,0,2026-09-08 12:50:37,1
2026-08-31,01669,1669.HK,環球信貸集團,1.47,-4.85,1848410,588000000.0,588000000.0,131169,14.09,0.31,10,0,0,2026-09-08 12:50:37,1
2026-08-31,03477,3477.HK,平安東西精選,17.7,-0.78,1719706,654900000.0,,68458,25.12,0.26,10,0,0,2026-09-08 12:50:38,1
2026-08-31,02515,2515.HK,天津建發,2.58,19.17,1785420,801716292.0,801716292.0,86915,20.54,0.22,10,0,0,2026-09-08 12:50:37,1
2026-09-01,00646,646.HK,中國環保科技,0.118,-16.9,750736,40438357.0,40438357.0,32926,22.8,1.86,10,0,0,2026-09-08 12:50:38,1
2026-09-01,08051,8051.HK,訊智海,2.46,0.0,2190876,64055406.0,64055406.0,2028,1080.42,3.42,10,0,0,2026-09-08 12:50:39,1
2026-09-01,01340,1340.HK,惠生國際,0.525,0.0,2342780,72673492.0,72673492.0,71142,32.93,3.22,10,0,0,2026-09-08 12:50:39,1
2026-09-01,08187,8187.HK,積木集團,0.525,0.0,4920900,79634016.0,79634016.0,76542,64.29,6.18,10,0,0,2026-09-08 12:50:39,1
2026-09-01,01891,1891.HK,興合控股,0.159,-0.62,599268,159000000.0,159000000.0,36889,16.25,0.38,10,0,0,2026-09-08 12:50:39,1
2026-09-01,01901,1901.HK,飛揚集團,0.167,-1.18,1379304,166732800.0,166732800.0,24921,55.35,0.83,10,0,0,2026-09-08 12:50:39,1
2026-09-01,02048,2048.HK,易居企業控股,0.109,289.29,36344772,190647489.0,190647489.0,697582,52.1,19.06,10,0,0,2026-09-08 12:50:39,1
2026-09-01,00910,910.HK,中國三迪,0.042,180.0,5891988,213704717.0,213704717.0,134341,43.86,2.76,10,0,0,2026-09-08 12:50:39,1
2026-09-01,01792,1792.HK,CMON,0.925,0.54,2176089,229104000.0,229104000.0,162905,13.36,0.95,10,0,0,2026-09-08 12:50:39,1
2026-09-01,01455,1455.HK,科利實業控股,0.285,14.0,959000,364390312.0,364390312.0,69544,13.79,0.26,10,0,0,2026-09-08 12:50:39,1
2026-09-01,01420,1420.HK,川控股,0.28,21.74,1526980,375942336.0,375942336.0,25764,59.27,0.41,10,0,0,2026-09-08 12:50:39,1
2026-09-01,00244,244.HK,先施,0.3,-1.64,1060140,394188768.0,394188768.0,71529,14.82,0.27,10,0,0,2026-09-08 12:50:38,1
2026-09-01,03411,3411.HK,PP亞洲美債,77.18,-0.05,970054,401336000.0,,14677,66.09,0.24,10,0,0,2026-09-08 12:50:39,1
2026-09-02,00997,997.HK,普匯中金國際,0.028,64.71,1214508,32740057.0,32740057.0,8246,147.28,3.71,10,0,0,2026-09-08 12:50:40,1
2026-09-02,01195,1195.HK,京維集團,0.019,26.67,3000296,54987743.0,54987743.0,10919,274.79,5.46,10,0,0,2026-09-08 12:50:40,1
2026-09-02,08082,8082.HK,擎華控股,0.022,10.0,2374570,58801945.0,58801945.0,61811,38.42,4.04,10,0,0,2026-09-08 12:50:41,1
2026-09-02,00646,646.HK,中國環保科技,0.185,56.78,2390804,63399119.0,63399119.0,108000,22.14,3.77,10,0,0,2026-09-08 12:50:40,1
2026-09-02,08187,8187.HK,積木集團,0.53,0.95,9750670,80392435.0,80392435.0,568632,17.15,12.13,10,0,0,2026-09-08 12:50:41,1
2026-09-02,03639,3639.HK,億達中國,0.035,2.94,10438674,90438950.0,90438950.0,302812,34.47,11.54,10,0,0,2026-09-08 12:50:41,0
2026-09-02,00653,653.HK,卓悅控股,0.06,36.36,3114072,112492684.0,112492684.0,221968,14.03,2.77,10,0,0,2026-09-08 12:50:40,1
2026-09-02,00328,328.HK,ALCO HOLDINGS,0.475,7.95,5706150,136036271.0,136036271.0,392775,14.53,4.19,10,0,0,2026-09-08 12:50:40,1
2026-09-02,01894,1894.HK,恆益控股,0.625,14.68,2003784,145848125.0,145848125.0,198250,10.11,1.37,10,0,0,2026-09-08 12:50:40,1
2026-09-02,02320,2320.HK,合豐集團,0.2,-3.85,2477876,163528800.0,163528800.0,206975,11.97,1.52,10,0,0,2026-09-08 12:50:41,1
2026-09-02,01094,1094.HK,承輝國際,0.425,6.25,8160341,302181466.0,302181466.0,98367,82.96,2.7,10,0,0,2026-09-08 12:50:40,1
2026-09-02,00672,672.HK,眾安集團,0.08,0.0,634097,450864784.0,450864784.0,42404,14.95,0.14,10,0,0,2026-09-08 12:50:40,1
2026-09-02,08229,8229.HK,未來數據集團,0.815,-1.81,2659100,452716200.0,452716200.0,217592,12.22,0.59,10,0,0,2026-09-08 12:50:41,1
2026-09-02,00149,149.HK,中國農產品交易,0.063,0.0,821431,627043273.0,627043273.0,76110,10.79,0.13,10,0,0,2026-09-08 12:50:40,1
2026-09-02,02120,2120.HK,康寧醫院,10.18,0.79,3462166,716662838.0,274101173.0,130584,26.51,0.48,10,0,0,2026-09-08 12:50:41,1
2026-09-02,06676,6676.HK,找鋼網-W,0.75,4.17,2093645,803796283.0,803796283.0,116128,18.03,0.26,10,0,0,2026-09-08 12:50:41,1
2026-09-03,03410,3410.HK,恆生日本東證一百,7.31,1.67,2224160,48756238.0,,218004,10.2,4.56,10,0,0,2026-09-08 12:50:42,1
2026-09-03,00923,923.HK,綜合環保集團,0.017,6.25,531466,81991153.0,81991153.0,3971,133.84,0.65,10,0,0,2026-09-08 12:50:42,1
2026-09-03,08237,8237.HK,華星控股,0.58,9.43,2184930,116593920.0,116593920.0,72576,30.11,1.87,10,0,0,2026-09-08 12:50:43,1
2026-09-03,01996,1996.HK,弘陽地產,0.037,32.14,1918645,123539226.0,123539226.0,22475,85.37,1.55,10,0,0,2026-09-08 12:50:42,1
2026-09-03,03708,3708.HK,中國供應鏈產業,0.189,-1.05,1556240,137455920.0,137455920.0,46155,33.72,1.13,10,0,0,2026-09-08 12:50:43,1
2026-09-03,02320,2320.HK,合豐集團,0.217,8.5,5883974,177428748.0,177428748.0,441826,13.32,3.32,10,0,0,2026-09-08 12:50:42,1
2026-09-03,01792,1792.HK,CMON,1.0,-1.96,5686171,247680000.0,247680000.0,407234,13.96,2.3,10,0,0,2026-09-08 12:50:42,1
2026-09-03,01314,1314.HK,翠華控股,0.185,-1.6,593880,261076893.0,261076893.0,39080,15.2,0.23,10,0,0,2026-09-08 12:50:42,1
2026-09-03,01939,1939.HK,上善黃金,0.53,0.0,3290350,271296400.0,271296400.0,327811,10.04,1.21,10,0,0,2026-09-08 12:50:42,1
2026-09-03,01265,1265.HK,天津津燃公用,0.151,0.67,651250,277735478.0,75509060.0,4901,132.88,0.23,10,0,0,2026-09-08 12:50:42,1
2026-09-03,01407,1407.HK,交運燃氣,0.665,14.66,1161340,292600000.0,292600000.0,115967,10.01,0.4,10,0,0,2026-09-08 12:50:42,1
2026-09-03,09982,9982.HK,中原建業,0.103,9.57,2855582,477777554.0,477777554.0,171109,16.69,0.6,10,0,0,2026-09-08 12:50:43,1
2026-09-03,02863,2863.HK,高豐集團控股,0.71,4.41,48197910,489552810.0,489552810.0,899912,53.56,9.85,10,0,0,2026-09-08 12:50:42,1
2026-09-03,06182,6182.HK,乙德投資控股,0.65,28.71,132050520,520000000.0,520000000.0,5633008,23.44,25.39,10,0,0,2026-09-08 12:50:43,1
2026-09-03,02779,2779.HK,中國新華教育,0.34,4.62,1369525,546918220.0,546918220.0,126538,10.82,0.25,10,0,0,2026-09-08 12:50:42,1
2026-09-03,02392,2392.HK,玄武雲,1.045,-0.48,6365928,579827655.0,579827655.0,118707,53.63,1.1,10,0,0,2026-09-08 12:50:42,1
2026-09-03,08037,8037.HK,中國生物科技服務,0.61,0.0,5957650,595196002.0,595196002.0,66944,88.99,1.0,10,0,0,2026-09-08 12:50:43,1
2026-09-03,06898,6898.HK,中國鋁罐,0.685,3.01,1873240,644859685.0,644859685.0,111641,16.78,0.29,10,0,0,2026-09-08 12:50:43,1
2026-09-03,03428,3428.HK,GX國壽港美,11.54,0.52,1035899,942818000.0,,71832,14.42,0.11,10,0,0,2026-09-08 12:50:42,1
2026-09-04,01393,1393.HK,恆鼎實業,0.028,27.27,5553779,128947263.0,128947263.0,197320,28.15,4.31,10,0,0,2026-09-08 12:50:43,1
2026-09-04,08483,8483.HK,名仕快相,0.166,-8.29,1032352,132800000.0,132800000.0,57727,17.88,0.78,10,0,0,2026-09-08 12:50:44,1
2026-09-04,01663,1663.HK,漢港控股,0.065,30.0,909850,160160000.0,160160000.0,64870,14.03,0.57,10,0,0,2026-09-08 12:50:44,1
2026-09-04,03997,3997.HK,電訊首科,1.28,-9.22,1534370,164277760.0,164277760.0,129610,11.84,0.93,10,0,0,2026-09-08 12:50:44,1
2026-09-04,00328,328.HK,ALCO HOLDINGS,0.615,3.36,12628011,176131172.0,176131172.0,1171719,10.78,7.17,10,0,0,2026-09-08 12:50:43,1
2026-09-04,02322,2322.HK,新質數字,0.06,17.65,3749944,265236000.0,265236000.0,282663,13.27,1.41,10,0,0,2026-09-08 12:50:44,1
2026-09-04,01094,1094.HK,承輝國際,0.375,-11.76,27613965,266630705.0,266630705.0,931140,29.66,10.36,10,0,0,2026-09-08 12:50:43,1
2026-09-04,03789,3789.HK,禦佳控股,0.228,3.64,894564,273600000.0,273600000.0,31594,28.31,0.33,10,0,0,2026-09-08 12:50:44,1
2026-09-04,08375,8375.HK,數盟資本,0.9,-0.55,555000,311040000.0,311040000.0,36580,15.17,0.18,10,0,0,2026-09-08 12:50:44,1
2026-09-04,01587,1587.HK,欣融國際,0.5,0.0,3408280,340000000.0,340000000.0,117786,28.94,1.0,10,0,0,2026-09-08 12:50:44,1
2026-09-04,00756,756.HK,森美控股,1.08,22.73,595240,367802926.0,367802926.0,38050,15.64,0.16,10,0,0,2026-09-08 12:50:43,1
2026-09-04,02170,2170.HK,貝康醫療-B,1.375,0.0,921342,376098250.0,113731523.0,68120,13.53,0.24,10,0,0,2026-09-08 12:50:44,1
2026-09-04,00529,529.HK,新龍國際,1.7,-6.85,680000,472543332.0,472543332.0,18250,37.26,0.14,10,0,0,2026-09-08 12:50:43,1
2026-09-04,00201,201.HK,華大酒店,0.062,-6.06,1430718,554717182.0,554717182.0,52363,27.32,0.26,10,0,0,2026-09-08 12:50:43,1
2026-09-04,02167,2167.HK,天潤雲,5.12,-0.58,6321754,887707648.0,887707648.0,581998,10.86,0.71,10,0,0,2026-09-08 12:50:44,1
2026-09-07,08385,8385.HK,萬里印刷,0.095,-3.06,1112877,9916860.0,9916860.0,55358,20.1,11.22,10,0,0,2026-09-08 12:50:46,1
2026-09-07,08471,8471.HK,新達控股,0.39,44.44,1561875,28688400.0,28688400.0,23865,65.45,5.44,10,0,0,2026-09-08 12:50:46,1
2026-09-07,01842,1842.HK,植華集團,0.043,16.22,680924,61920000.0,61920000.0,9098,74.85,1.1,10,0,0,2026-09-08 12:50:45,1
2026-09-07,00261,261.HK,GBA集團,0.265,0.0,3545790,87810845.0,87810845.0,219666,16.14,4.04,10,0,0,2026-09-08 12:50:45,1
2026-09-07,01160,1160.HK,金石資本集團,0.4,0.0,640000,94908500.0,94908500.0,8000,80.0,0.67,10,0,0,2026-09-08 12:50:45,1
2026-09-07,06988,6988.HK,樂享集團,0.06,39.53,1100497,142315632.0,142315632.0,43975,25.03,0.77,10,0,0,2026-09-08 12:50:46,1
2026-09-07,02370,2370.HK,力高健康生活,1.225,4.7,968745,245000000.0,245000000.0,73800,13.13,0.4,10,0,0,2026-09-08 12:50:45,1
2026-09-07,02545,2545.HK,中贛通信,0.42,1.2,500470,268800000.0,268800000.0,10438,47.95,0.19,10,0,0,2026-09-08 12:50:45,1
2026-09-07,00979,979.HK,綠色能源科技集團,0.445,39.06,2320787,603557138.0,603557138.0,136522,17.0,0.38,10,0,0,2026-09-08 12:50:45,1
2026-09-07,00360,360.HK,新焦點,0.042,50.0,9812460,723111831.0,723111831.0,52708,186.17,1.36,10,0,0,2026-09-08 12:50:45,1
2026-09-07,00538,538.HK,味千(中國),0.795,1.27,15731792,867773362.0,867773362.0,391920,40.14,1.81,10,0,0,2026-09-08 12:50:45,1
