code5,symbol_lb,name_seed,name_hk,industry,board,lot_size,total_shares,hk_shares,has_domestic_shares,delisted_suspect,static_missing,in_scan
00001,1.HK,長和,長和,,SecurityBoard.HKEquity,500,3830044500.0,3830044500.0,0,0,0,1
00002,2.HK,中電控股,中電控股,,SecurityBoard.HKEquity,500,2526450570.0,2526450570.0,0,0,0,1
00003,3.HK,香港中華煤氣,香港中華煤氣,,SecurityBoard.HKEquity,1000,18659870098.0,18659870098.0,0,0,0,1
00004,4.HK,九龍倉集團,九龍倉集團,,SecurityBoard.HKEquity,1000,3056027327.0,3056027327.0,0,0,0,1
00005,5.HK,匯豐控股,匯豐控股,,SecurityBoard.HKEquity,400,17166691783.0,17166691783.0,0,0,0,1
00006,6.HK,電能實業,電能實業,,SecurityBoard.HKEquity,500,2131105154.0,2131105154.0,0,0,0,1
00007,7.HK,智富資源投資,智富資源投資,,SecurityBoard.HKEquity,10000,3355140697.0,3355140697.0,0,0,0,1
00008,8.HK,電訊盈科,電訊盈科,,SecurityBoard.HKEquity,1000,7747762518.0,7747762518.0,0,0,0,1
00010,10.HK,恒隆集團,恆隆集團,,SecurityBoard.HKEquity,1000,1361618242.0,1361618242.0,0,0,0,1
00012,12.HK,恒基地產,恆基地產,,SecurityBoard.HKEquity,1000,4841387003.0,4841387003.0,0,0,0,1
00013,13.HK,和黃醫藥,和黃醫藥,,SecurityBoard.HKEquity,500,872335120.0,872335120.0,0,0,0,1
00014,14.HK,希慎興業,希慎興業,,SecurityBoard.HKEquity,1000,1027008223.0,1027008223.0,0,0,0,1
00016,16.HK,新鴻基地產,新鴻基地產,,SecurityBoard.HKEquity,500,2897780274.0,2897780274.0,0,0,0,1
00017,17.HK,新世界發展,新世界發展,,SecurityBoard.HKEquity,1000,2516633171.0,2516633171.0,0,0,0,1
00018,18.HK,東方傳媒集團,東方傳媒集團,,SecurityBoard.HKEquity,2000,2397917898.0,2397917898.0,0,0,0,1
00019,19.HK,太古股份公司Ａ,太古股份公司A,,SecurityBoard.HKEquity,500,1348774500.0,1348774500.0,0,0,0,1
00020,20.HK,商湯－Ｗ,商湯-W,,SecurityBoard.HKEquity,1000,42216590703.0,42216590703.0,0,0,0,1
00021,21.HK,大中華控股,大中華控股,,SecurityBoard.HKEquity,5000,3975233406.0,3975233406.0,0,0,0,1
00022,22.HK,茂盛控股,茂盛控股,,SecurityBoard.HKEquity,2000,39327757.0,39327757.0,0,0,0,1
00023,23.HK,東亞銀行,東亞銀行,,SecurityBoard.HKEquity,200,2646773166.0,2646773166.0,0,0,0,1
00025,25.HK,CHEVALIER INT'L,其士國際,,SecurityBoard.HKEquity,2000,301268440.0,301268440.0,0,0,0,1
00026,26.HK,中華汽車,中華汽車,,SecurityBoard.HKEquity,200,45218856.0,45218856.0,0,0,0,1
00027,27.HK,銀河娛樂,銀河娛樂,,SecurityBoard.HKEquity,1000,4379240712.0,4379240712.0,0,0,0,1
00028,28.HK,天安,天安,,SecurityBoard.HKEquity,1000,1466069491.0,1466069491.0,0,0,0,1
00029,29.HK,達力集團,達力集團,,SecurityBoard.HKEquity,2000,237703681.0,237703681.0,0,0,0,1
00030,30.HK,雲白國際,雲白國際,,SecurityBoard.HKEquity,2000,9427962656.0,9427962656.0,0,0,0,1
00031,31.HK,航天控股,航天控股,,SecurityBoard.HKEquity,2000,3085021882.0,3085021882.0,0,0,0,1
00032,32.HK,港通控股,港通控股,,SecurityBoard.HKEquity,1000,372688206.0,372688206.0,0,0,0,1
00033,33.HK,INTL GENIUS,INTL GENIUS,,SecurityBoard.HKEquity,2000,558245104.0,558245104.0,0,0,0,1
00034,34.HK,九龍建業,九龍建業,,SecurityBoard.HKEquity,1000,1306206058.0,1306206058.0,0,0,0,1
00035,35.HK,遠東發展,遠東發展,,SecurityBoard.HKEquity,1000,3059040482.0,3059040482.0,0,0,0,1
00036,36.HK,遠東控股國際,遠東控股國際,,SecurityBoard.HKEquity,6000,326735577.0,326735577.0,0,0,0,1
00037,37.HK,遠東酒店實業,遠東酒店實業,,SecurityBoard.HKEquity,2000,752529810.0,752529810.0,0,0,0,1
00038,38.HK,第一拖拉機股份,第一拖拉機股份,,SecurityBoard.HKEquity,2000,1123645275.0,391940000.0,0,0,0,1
00039,39.HK,中國北大荒,中國北大荒,,SecurityBoard.HKEquity,8000,8037572616.0,8037572616.0,0,0,0,1
00040,40.HK,金山科技工業,金山科技工業,,SecurityBoard.HKEquity,1000,902488110.0,902488110.0,0,0,0,1
00041,41.HK,鷹君,鷹君,,SecurityBoard.HKEquity,1000,749758345.0,749758345.0,0,0,0,1
00042,42.HK,東北電氣,東北電氣,,SecurityBoard.HKEquity,2000,873370000.0,257950000.0,0,0,0,1
00045,45.HK,大酒店,大酒店,,SecurityBoard.HKEquity,500,1666939850.0,1666939850.0,0,0,0,1
00046,46.HK,科聯系統,科聯系統,,SecurityBoard.HKEquity,2000,244334384.0,244334384.0,0,0,0,1
00048,48.HK,中國汽車內飾,中國汽車內飾,,SecurityBoard.HKEquity,10000,437787760.0,437787760.0,0,0,0,1
00050,50.HK,香港小輪（集團）,香港小輪(集團),,SecurityBoard.HKEquity,1000,356273883.0,356273883.0,0,0,0,1
00051,51.HK,海港企業,海港企業,,SecurityBoard.HKEquity,1000,708750000.0,708750000.0,0,0,0,1
00052,52.HK,大快活集團,大快活集團,,SecurityBoard.HKEquity,500,129552780.0,129552780.0,0,0,0,1
00053,53.HK,國浩集團,國浩集團,,SecurityBoard.HKEquity,1000,329051373.0,329051373.0,0,0,0,1
00055,55.HK,中星集團控股,中星集團控股,,SecurityBoard.HKEquity,10000,253359456.0,253359456.0,0,0,0,1
00057,57.HK,震雄集團,震雄集團,,SecurityBoard.HKEquity,2000,630561600.0,630561600.0,0,0,0,1
00058,58.HK,新威國際,新威國際,,SecurityBoard.HKEquity,20000,515520000.0,515520000.0,0,0,0,1
00059,59.HK,天譽置業,天譽置業,,SecurityBoard.HKEquity,2000,8446331365.0,8446331365.0,0,0,0,1
00060,60.HK,香港食品投資,香港食品投資,,SecurityBoard.HKEquity,2000,255654000.0,255654000.0,0,0,0,1
00061,61.HK,綠領控股,綠領控股,,SecurityBoard.HKEquity,10000,131565101.0,131565101.0,0,0,0,1
00062,62.HK,載通,載通,,SecurityBoard.HKEquity,400,536397661.0,536397661.0,0,0,0,1
00063,63.HK,中亞烯谷集團,中亞烯谷集團,,SecurityBoard.HKEquity,1000,6352702084.0,6352702084.0,0,0,0,1
00064,64.HK,結好控股,結好控股,,SecurityBoard.HKEquity,2000,618197262.0,618197262.0,0,0,0,1
00065,65.HK,弘海高新資源,弘海高新資源,,SecurityBoard.HKEquity,4000,245536916.0,245536916.0,0,0,0,1
00066,66.HK,港鐵公司,港鐵公司,,SecurityBoard.HKEquity,500,6224823171.0,6224823171.0,0,0,0,1
00068,68.HK,MANYCORE TECH,群核科技,,SecurityBoard.HKEquity,500,1726199340.0,1726199340.0,0,0,0,1
00069,69.HK,香格里拉（亞洲）,香格里拉(亞洲),,SecurityBoard.HKEquity,2000,3591116156.0,3591116156.0,0,0,0,1
00070,70.HK,金粵控股,金粵控股,,SecurityBoard.HKEquity,10000,1938822690.0,1938822690.0,0,0,0,1
00071,71.HK,美麗華酒店,美麗華酒店,,SecurityBoard.HKEquity,1000,690959695.0,690959695.0,0,0,0,1
00072,72.HK,超媒體控股,超媒體控股,,SecurityBoard.HKEquity,2000,438352659.0,438352659.0,0,0,0,1
00073,73.HK,亞洲果業,亞洲果業,,SecurityBoard.HKEquity,1000,14900529.0,14900529.0,0,0,0,1
00075,75.HK,渝太地產,渝太地產,,SecurityBoard.HKEquity,2000,799557415.0,799557415.0,0,0,0,1
00076,76.HK,誼礫控股,誼礫控股,,SecurityBoard.HKEquity,4000,444404073.0,444404073.0,0,0,0,1
00077,77.HK,進智公共交通,進智公共交通,,SecurityBoard.HKEquity,2000,271913000.0,271913000.0,0,0,0,1
00078,78.HK,REGAL INT'L,富豪酒店,,SecurityBoard.HKEquity,2000,898782333.0,898782333.0,0,0,0,1
00079,79.HK,世紀建業,世紀建業,,SecurityBoard.HKEquity,4000,326077423.0,326077423.0,0,0,0,1
00080,80.HK,ＣＡＩ控股,CAI控股,,SecurityBoard.HKEquity,10000,2608328188.0,2608328188.0,0,0,0,1
00081,81.HK,中國海外宏洋集團,中國海外宏洋集團,,SecurityBoard.HKEquity,1000,3559374732.0,3559374732.0,0,0,0,1
00082,82.HK,瘋狂體育,瘋狂體育,,SecurityBoard.HKEquity,2000,4526135442.0,4526135442.0,0,0,0,1
00083,83.HK,信和置業,信和置業,,SecurityBoard.HKEquity,2000,9586141247.0,9586141247.0,0,0,0,1
00084,84.HK,寶光實業,寶光實業,,SecurityBoard.HKEquity,1000,1036919025.0,1036919025.0,0,0,0,1
00085,85.HK,中電華大科技,中電華大科技,,SecurityBoard.HKEquity,2000,2029872000.0,2029872000.0,0,0,0,1
00086,86.HK,新鴻基公司,新鴻基公司,,SecurityBoard.HKEquity,1000,1959860493.0,1959860493.0,0,0,0,1
00087,87.HK,太古股份公司Ｂ,太古股份公司B,,SecurityBoard.HKEquity,2500,6743872500.0,6743872500.0,0,0,0,1
00088,88.HK,TAI CHEUNG HOLD,大昌集團,,SecurityBoard.HKEquity,1000,617531425.0,617531425.0,0,0,0,1
00089,89.HK,大生地產,大生地產,,SecurityBoard.HKEquity,1000,287669676.0,287669676.0,0,0,0,1
00090,90.HK,普星能量,普星能量,,SecurityBoard.HKEquity,2000,458600000.0,458600000.0,0,0,0,1
00092,92.HK,冠軍科技集團,冠軍科技集團,,SecurityBoard.HKEquity,12000,1097614848.0,1097614848.0,0,0,0,1
00093,93.HK,零在科技金融,零在科技金融,,SecurityBoard.HKEquity,2000,2667643050.0,2667643050.0,0,0,0,1
00094,94.HK,綠心集團,綠心集團,,SecurityBoard.HKEquity,80000,2782486584.0,2782486584.0,0,0,0,1
00095,95.HK,綠景中國地產,綠景中國地產,,SecurityBoard.HKEquity,2000,6363766467.0,6363766467.0,0,0,0,1
00096,96.HK,YUSEI,友成控股,,SecurityBoard.HKEquity,2000,636549600.0,636549600.0,0,0,0,1
00097,97.HK,恒基發展,恆基發展,,SecurityBoard.HKEquity,1000,3047327395.0,3047327395.0,0,0,0,1
00098,98.HK,興發鋁業,興發鋁業,,SecurityBoard.HKEquity,1000,420649134.0,420649134.0,0,0,0,1
00099,99.HK,王氏國際,王氏國際,,SecurityBoard.HKEquity,1000,478483794.0,478483794.0,0,0,0,1
00100,100.HK,MINIMAX-W,MINIMAX-W,,SecurityBoard.HKEquity,20,349235308.0,349235308.0,0,0,0,1
00101,101.HK,恒隆地產,恆隆地產,,SecurityBoard.HKEquity,1000,5203082528.0,5203082528.0,0,0,0,1
00103,103.HK,首佳科技,首佳科技,,SecurityBoard.HKEquity,1000,518305941.0,518305941.0,0,0,0,1
00104,104.HK,ASIA COMM HOLD,冠亞商業,,SecurityBoard.HKEquity,5000,747123220.0,747123220.0,0,0,0,1
00105,105.HK,凱聯國際酒店,凱聯國際酒店,,SecurityBoard.HKEquity,2000,360000000.0,360000000.0,0,0,0,1
00106,106.HK,朗詩綠色管理,朗詩綠色管理,,SecurityBoard.HKEquity,4000,4722307545.0,4722307545.0,0,0,0,1
00107,107.HK,四川成渝高速公路,四川成渝高速公路,,SecurityBoard.HKEquity,2000,3058060000.0,895320000.0,0,0,0,1
00108,108.HK,春雨醫療,春雨醫療,,SecurityBoard.HKEquity,2000,3321373986.0,3321373986.0,0,0,0,1
00110,110.HK,中國長遠,中國長遠,,SecurityBoard.HKEquity,4000,278555888.0,278555888.0,0,0,0,1
00111,111.HK,信達國際控股,信達國際控股,,SecurityBoard.HKEquity,2000,641205600.0,641205600.0,0,0,0,1
00113,113.HK,迪生創建,迪生創建,,SecurityBoard.HKEquity,500,386059308.0,386059308.0,0,0,0,1
00114,114.HK,HERALD HOLD,興利集團,,SecurityBoard.HKEquity,5000,604490763.0,604490763.0,0,0,0,1
00115,115.HK,鈞濠集團,鈞濠集團,,SecurityBoard.HKEquity,2000,20709308.0,20709308.0,0,0,0,1
00116,116.HK,周生生,周生生,,SecurityBoard.HKEquity,1000,671712000.0,671712000.0,0,0,0,1
00117,117.HK,天利控股集團,天利控股集團,,SecurityBoard.HKEquity,2000,744750000.0,744750000.0,0,0,0,1
00118,118.HK,大同機械,大同機械,,SecurityBoard.HKEquity,2000,861930692.0,861930692.0,0,0,0,1
00119,119.HK,保利置業集團,保利置業集團,,SecurityBoard.HKEquity,1000,3821183118.0,3821183118.0,0,0,0,1
00120,120.HK,COSMOPOL INT'L,COSMOPOL INT'L,,SecurityBoard.HKEquity,600,1639620550.0,1639620550.0,0,0,0,1
00122,122.HK,鱷魚恤,鱷魚卹,,SecurityBoard.HKEquity,2000,103517513.0,103517513.0,0,0,0,1
00123,123.HK,越秀地產,越秀地產,,SecurityBoard.HKEquity,1000,4025392913.0,4025392913.0,0,0,0,1
00124,124.HK,粵海置地,粵海置地,,SecurityBoard.HKEquity,2000,1711536850.0,1711536850.0,0,0,0,1
00125,125.HK,新興光學,新興光學,,SecurityBoard.HKEquity,2000,262778286.0,262778286.0,0,0,0,1
00126,126.HK,佳寧娜,佳寧娜,,SecurityBoard.HKEquity,2000,1571359420.0,1571359420.0,0,0,0,1
00127,127.HK,華人置業,華人置業,,SecurityBoard.HKEquity,500,1907619079.0,1907619079.0,0,0,0,1
00128,128.HK,安寧控股,安寧控股,,SecurityBoard.HKEquity,4000,1650658676.0,1650658676.0,0,0,0,1
00129,129.HK,泛海集團,泛海集團,,SecurityBoard.HKEquity,2000,1420635324.0,1420635324.0,0,0,0,1
00130,130.HK,慕詩國際,慕詩國際,,SecurityBoard.HKEquity,2000,287930000.0,287930000.0,0,0,0,1
00131,131.HK,卓能（集團）,卓能(集團),,SecurityBoard.HKEquity,1000,652676781.0,652676781.0,0,0,0,1
00132,132.HK,興業控股,興業控股,,SecurityBoard.HKEquity,1000,1712329142.0,1712329142.0,0,0,0,1
00133,133.HK,招商局中國基金,招商局中國基金,,SecurityBoard.HKEquity,2000,152333013.0,152333013.0,0,0,0,1
00135,135.HK,昆侖能源,昆崙能源,,SecurityBoard.HKEquity,2000,8637715708.0,8637715708.0,0,0,0,1
00136,136.HK,中國儒意,中國儒意,,SecurityBoard.HKEquity,4000,16800614615.0,16800614615.0,0,0,0,1
00137,137.HK,金輝集團,金輝集團,,SecurityBoard.HKEquity,1000,530289480.0,530289480.0,0,0,0,1
00138,138.HK,中建富通,中建富通,,SecurityBoard.HKEquity,5000,159967545.0,159967545.0,0,0,0,1
00139,139.HK,小魚盈通,小魚盈通,,SecurityBoard.HKEquity,10000,1474241762.0,1474241762.0,0,0,0,1
00142,142.HK,第一太平,第一太平,,SecurityBoard.HKEquity,2000,4262120029.0,4262120029.0,0,0,0,1
00144,144.HK,招商局港口,招商局港口,,SecurityBoard.HKEquity,2000,4198009186.0,4198009186.0,0,0,0,1
00145,145.HK,信能低碳,信能低碳,,SecurityBoard.HKEquity,8000,366201816.0,366201816.0,0,0,0,1
00146,146.HK,TAI PING CARPET,太平地氈,,SecurityBoard.HKEquity,1000,212187488.0,212187488.0,0,0,0,1
00147,147.HK,國際商業結算,國際商業結算,,SecurityBoard.HKEquity,5000,23101402320.0,23101402320.0,0,0,0,1
00148,148.HK,建滔集團,建滔集團,,SecurityBoard.HKEquity,500,1121781736.0,1121781736.0,0,0,0,1
00149,149.HK,中國農產品交易,中國農產品交易,,SecurityBoard.HKEquity,5000,9953067822.0,9953067822.0,0,0,0,1
00150,150.HK,HYPEBEAST,HYPEBEAST,,SecurityBoard.HKEquity,2800,2013330431.0,2013330431.0,0,0,0,1
00151,151.HK,中國旺旺,中國旺旺,,SecurityBoard.HKEquity,1000,11733723135.0,11733723135.0,0,0,0,1
00152,152.HK,深圳國際,深圳國際,,SecurityBoard.HKEquity,500,2451065736.0,2451065736.0,0,0,0,1
00154,154.HK,北京控股環境集團,北京控股環境集團,,SecurityBoard.HKEquity,1000,1500360150.0,1500360150.0,0,0,0,1
00156,156.HK,力寶華潤,力寶華潤,,SecurityBoard.HKEquity,2000,918691271.0,918691271.0,0,0,0,1
00157,157.HK,自然美,自然美,,SecurityBoard.HKEquity,10000,2002100932.0,2002100932.0,0,0,0,1
00158,158.HK,萬邦投資,萬邦投資,,SecurityBoard.HKEquity,500,25000000.0,25000000.0,0,0,0,1
00159,159.HK,布萊克萬礦業,布萊克萬礦業,,SecurityBoard.HKEquity,4000,9280232131.0,9280232131.0,0,0,0,1
00160,160.HK,漢國置業,漢國置業,,SecurityBoard.HKEquity,2000,720429301.0,720429301.0,0,0,0,1
00162,162.HK,世紀金花,世紀金花,,SecurityBoard.HKEquity,2000,1149694715.0,1149694715.0,0,0,0,1
00163,163.HK,英皇國際,英皇國際,,SecurityBoard.HKEquity,10000,5516318500.0,5516318500.0,0,0,0,1
00164,164.HK,中國寶力科技,中國寶力科技,,SecurityBoard.HKEquity,5000,349262723.0,349262723.0,0,0,0,1
00165,165.HK,中國光大控股,中國光大控股,,SecurityBoard.HKEquity,2000,1685253712.0,1685253712.0,0,0,0,1
00166,166.HK,新時代集團控股,新時代集團控股,,SecurityBoard.HKEquity,2000,8741776988.0,8741776988.0,0,0,0,1
00167,167.HK,IDT INT'L,IDT INT'L,,SecurityBoard.HKEquity,18000,519984181.0,519984181.0,0,0,0,1
00168,168.HK,青島啤酒股份,青島啤酒股份,,SecurityBoard.HKEquity,2000,1364195121.0,655069178.0,0,0,0,1
00169,169.HK,萬達酒店發展,萬達酒店發展,,SecurityBoard.HKEquity,1000,4697346488.0,4697346488.0,0,0,0,1
00171,171.HK,銀建國際,銀建國際,,SecurityBoard.HKEquity,2000,2304849611.0,2304849611.0,0,0,0,1
00173,173.HK,嘉華國際,嘉華國際,,SecurityBoard.HKEquity,1000,3152728607.0,3152728607.0,0,0,0,1
00174,174.HK,盛洋投資,盛洋投資,,SecurityBoard.HKEquity,2000,730905500.0,730905500.0,0,0,0,1
00175,175.HK,吉利汽車,吉利汽車,,SecurityBoard.HKEquity,1000,10785514097.0,10785514097.0,0,0,0,1
00176,176.HK,先機企業集團,先機企業集團,,SecurityBoard.HKEquity,2000,2032571385.0,2032571385.0,0,0,0,1
00177,177.HK,江蘇寧滬高速公路,江蘇寧滬高速公路,,SecurityBoard.HKEquity,2000,5037747500.0,1222000000.0,0,0,0,1
00178,178.HK,莎莎國際,莎莎國際,,SecurityBoard.HKEquity,2000,3103189458.0,3103189458.0,0,0,0,1
00179,179.HK,德昌電機控股,德昌電機控股,,SecurityBoard.HKEquity,500,934412034.0,934412034.0,0,0,0,1
00180,180.HK,開達集團,開達集團,,SecurityBoard.HKEquity,2000,950587991.0,950587991.0,0,0,0,1
00181,181.HK,閩港控股,閩港控股,,SecurityBoard.HKEquity,20000,1145546000.0,1145546000.0,0,0,0,1
00182,182.HK,協合新能源,協合新能源,,SecurityBoard.HKEquity,10000,7863599158.0,7863599158.0,0,0,0,1
00183,183.HK,宏輝集團,宏輝集團,,SecurityBoard.HKEquity,8000,566912566.0,566912566.0,0,0,0,1
00184,184.HK,激成投資,激成投資,,SecurityBoard.HKEquity,2000,340200000.0,340200000.0,0,0,0,1
00185,185.HK,正商實業,正商實業,,SecurityBoard.HKEquity,1000,1913386669.0,1913386669.0,0,0,0,1
00186,186.HK,敏捷控股,敏捷控股,,SecurityBoard.HKEquity,30000,5492232889.0,5492232889.0,0,0,0,1
00187,187.HK,京城機電股份,京城機電股份,,SecurityBoard.HKEquity,2000,547485988.0,100000000.0,0,0,0,1
00188,188.HK,新華匯富金融,新華匯富金融,,SecurityBoard.HKEquity,5000,764585103.0,764585103.0,0,0,0,1
00189,189.HK,東岳集團,東岳集團,,SecurityBoard.HKEquity,1000,1732711637.0,1732711637.0,0,0,0,1
00191,191.HK,麗新國際,麗新國際,,SecurityBoard.HKEquity,1000,883373901.0,883373901.0,0,0,0,1
00193,193.HK,冠中地產,冠中地產,,SecurityBoard.HKEquity,3000,233202559.0,233202559.0,0,0,0,1
00194,194.HK,廖創興企業,廖創興企業,,SecurityBoard.HKEquity,2000,378583440.0,378583440.0,0,0,0,1
00196,196.HK,宏華集團,宏華集團,,SecurityBoard.HKEquity,1000,9040489151.0,9040489151.0,0,0,0,1
00197,197.HK,亨泰,亨泰,,SecurityBoard.HKEquity,5000,209210453.0,209210453.0,0,0,0,1
00199,199.HK,德祥地產,德祥地產,,SecurityBoard.HKEquity,1000,1088638092.0,1088638092.0,0,0,0,1
00200,200.HK,新濠國際發展,新濠國際發展,,SecurityBoard.HKEquity,1000,2275025632.0,2275025632.0,0,0,0,1
00201,201.HK,華大酒店,華大酒店,,SecurityBoard.HKEquity,2000,8947051324.0,8947051324.0,0,0,0,1
00202,202.HK,潤中國際控股,潤中國際控股,,SecurityBoard.HKEquity,5000,7294369363.0,7294369363.0,0,0,0,1
00204,204.HK,資本界金控,資本界金控,,SecurityBoard.HKEquity,5000,249055128.0,249055128.0,0,0,0,1
00205,205.HK,BFB HEALTH,BFB HEALTH,,SecurityBoard.HKEquity,10000,1251214095.0,1251214095.0,0,0,0,1
00206,206.HK,華商能源,華商能源,,SecurityBoard.HKEquity,1000,3243433914.0,3243433914.0,0,0,0,1
00209,209.HK,萬維智能科技,萬維智能科技,,SecurityBoard.HKEquity,1000,148567180.0,148567180.0,0,0,0,1
00210,210.HK,達芙妮國際,達芙妮國際,,SecurityBoard.HKEquity,2000,1978598429.0,1978598429.0,0,0,0,1
00211,211.HK,STYLAND HOLD,大凌集團,,SecurityBoard.HKEquity,10000,733046541.0,733046541.0,0,0,0,1
00212,212.HK,NANYANG HOLD,南洋集團,,SecurityBoard.HKEquity,500,33967738.0,33967738.0,0,0,0,1
00213,213.HK,NATIONAL ELEC H,樂聲電子,,SecurityBoard.HKEquity,2000,912528962.0,912528962.0,0,0,0,1
00214,214.HK,匯漢控股,匯漢控股,,SecurityBoard.HKEquity,2000,840873996.0,840873996.0,0,0,0,1
00215,215.HK,和記電訊香港,和記電訊香港,,SecurityBoard.HKEquity,2000,4819096208.0,4819096208.0,0,0,0,1
00216,216.HK,建業實業,建業實業,,SecurityBoard.HKEquity,4000,551368153.0,551368153.0,0,0,0,1
00217,217.HK,中國誠通發展集團,中國誠通發展集團,,SecurityBoard.HKEquity,2000,5964635045.0,5964635045.0,0,0,0,1
00218,218.HK,申萬宏源香港,申萬宏源香港,,SecurityBoard.HKEquity,5000,1561138689.0,1561138689.0,0,0,0,1
00219,219.HK,順豪物業,順豪物業,,SecurityBoard.HKEquity,2000,579753289.0,579753289.0,0,0,0,1
00220,220.HK,統一企業中國,統一企業中國,,SecurityBoard.HKEquity,1000,4319334000.0,4319334000.0,0,0,0,1
00222,222.HK,閩信集團,閩信集團,,SecurityBoard.HKEquity,2000,597257252.0,597257252.0,0,0,0,1
00223,223.HK,易生活控股,易生活控股,,SecurityBoard.HKEquity,20000,1629716754.0,1629716754.0,0,0,0,1
00224,224.HK,建生國際,建生國際,,SecurityBoard.HKEquity,4000,1154038656.0,1154038656.0,0,0,0,1
00225,225.HK,博富臨置業,博富臨置業,,SecurityBoard.HKEquity,2000,110179385.0,110179385.0,0,0,0,1
00227,227.HK,第一上海,第一上海,,SecurityBoard.HKEquity,8000,2190679905.0,2190679905.0,0,0,0,1
00228,228.HK,中能控股,中能控股,,SecurityBoard.HKEquity,2000,456200400.0,456200400.0,0,0,0,1
00229,229.HK,利民實業,利民實業,,SecurityBoard.HKEquity,5000,501324860.0,501324860.0,0,0,0,1
00232,232.HK,大陸航空科技控股,大陸航空科技控股,,SecurityBoard.HKEquity,2000,9303374783.0,9303374783.0,0,0,0,1
00234,234.HK,新世紀集團,新世紀集團,,SecurityBoard.HKEquity,24000,5780368705.0,5780368705.0,0,0,0,1
00235,235.HK,中策資本控股,中策資本控股,,SecurityBoard.HKEquity,5000,20385253835.0,20385253835.0,0,0,0,1
00236,236.HK,香港生力啤,香港生力啤,,SecurityBoard.HKEquity,2000,373570560.0,373570560.0,0,0,0,1
00237,237.HK,安全貨倉,安全貨倉,,SecurityBoard.HKEquity,2000,405000000.0,405000000.0,0,0,0,1
00239,239.HK,白花油,白花油,,SecurityBoard.HKEquity,2500,311640000.0,311640000.0,0,0,0,1
00240,240.HK,利基控股,利基控股,,SecurityBoard.HKEquity,10000,1241877992.0,1241877992.0,0,0,0,1
00241,241.HK,阿里健康,阿里健康,,SecurityBoard.HKEquity,2000,16175300965.0,16175300965.0,0,0,0,1
00242,242.HK,信德集團,信德集團,,SecurityBoard.HKEquity,2000,3017661785.0,3017661785.0,0,0,0,1
00243,243.HK,QPL INT'L,品質國際,,SecurityBoard.HKEquity,9000,346490532.0,346490532.0,0,0,0,1
00244,244.HK,先施,先施,,SecurityBoard.HKEquity,1000,1313962560.0,1313962560.0,0,0,0,1
00245,245.HK,中薇金融,中薇金融,,SecurityBoard.HKEquity,5000,1859097962.0,1859097962.0,0,0,0,1
00247,247.HK,TST PROPERTIES,尖沙咀置業,,SecurityBoard.HKEquity,2000,2249048488.0,2249048488.0,0,0,0,1
00248,248.HK,香港通訊國際控股,香港通訊國際控股,,SecurityBoard.HKEquity,10000,233499610.0,233499610.0,0,0,0,1
00251,251.HK,爪哇控股,爪哇控股,,SecurityBoard.HKEquity,2000,602122726.0,602122726.0,0,0,0,1
00252,252.HK,華信地產財務,華信地產財務,,SecurityBoard.HKEquity,2000,225420034.0,225420034.0,0,0,0,1
00253,253.HK,順豪控股,順豪控股,,SecurityBoard.HKEquity,2000,304368750.0,304368750.0,0,0,0,1
00254,254.HK,國家聯合資源,國家聯合資源,,SecurityBoard.HKEquity,20000,675762840.0,675762840.0,0,0,0,1
00255,255.HK,龍記集團,龍記集團,,SecurityBoard.HKEquity,2000,634007303.0,634007303.0,0,0,0,1
00256,256.HK,冠城鐘錶珠寶,冠城鐘表珠寶,,SecurityBoard.HKEquity,2000,5192547029.0,5192547029.0,0,0,0,1
00257,257.HK,光大環境,光大環境,,SecurityBoard.HKEquity,1000,6142975292.0,6142975292.0,0,0,0,1
00258,258.HK,湯臣集團,湯臣集團,,SecurityBoard.HKEquity,2000,2259023210.0,2259023210.0,0,0,0,1
00259,259.HK,億都（國際控股）,億都(國際控股),,SecurityBoard.HKEquity,2000,933566000.0,933566000.0,0,0,0,1
00261,261.HK,ＧＢＡ集團,GBA集團,,SecurityBoard.HKEquity,16000,331361678.0,331361678.0,0,0,0,1
00262,262.HK,迪臣發展國際,迪臣發展國際,,SecurityBoard.HKEquity,5000,1466820600.0,1466820600.0,0,0,0,1
00264,264.HK,中聯發展控股,中聯發展控股,,SecurityBoard.HKEquity,4000,474656000.0,474656000.0,0,0,0,1
00265,265.HK,港譽智慧城市服務,港譽智慧城市服務,,SecurityBoard.HKEquity,2000,258441510.0,258441510.0,0,0,0,1
00266,266.HK,天德地產,天德地產,,SecurityBoard.HKEquity,2000,474731824.0,474731824.0,0,0,0,1
00267,267.HK,中信股份,中信股份,,SecurityBoard.HKEquity,1000,29090262630.0,29090262630.0,0,0,0,1
00268,268.HK,金蝶國際,金蝶國際,,SecurityBoard.HKEquity,1000,3514546771.0,3514546771.0,0,0,0,1
00269,269.HK,中國資源交通,中國資源交通,,SecurityBoard.HKEquity,5000,10644093185.0,10644093185.0,0,0,0,1
00270,270.HK,粵海投資,粵海投資,,SecurityBoard.HKEquity,2000,6537821440.0,6537821440.0,0,0,0,1
00271,271.HK,亞證地產,亞證地產,,SecurityBoard.HKEquity,1000,1240668945.0,1240668945.0,0,0,0,1
00272,272.HK,瑞安房地產,瑞安房地產,,SecurityBoard.HKEquity,500,8027265324.0,8027265324.0,0,0,0,1
00274,274.HK,復興亞洲,复興亞洲,,SecurityBoard.HKEquity,10000,68539374.0,68539374.0,0,0,0,1
00276,276.HK,蒙古能源,蒙古能源,,SecurityBoard.HKEquity,6000,188125849.0,188125849.0,0,0,0,1
00277,277.HK,太興置業,太興置業,,SecurityBoard.HKEquity,2000,277232883.0,277232883.0,0,0,0,1
00279,279.HK,裕承科金,裕承科金,,SecurityBoard.HKEquity,6000,1395527300.0,1395527300.0,0,0,0,1
00280,280.HK,景福集團,景福集團,,SecurityBoard.HKEquity,2000,909308465.0,909308465.0,0,0,0,1
00285,285.HK,比亞迪電子,比亞迪電子,,SecurityBoard.HKEquity,500,2253204500.0,2253204500.0,0,0,0,1
00286,286.HK,愛帝宮,愛帝宮,,SecurityBoard.HKEquity,2000,192183832.0,192183832.0,0,0,0,1
00287,287.HK,永發置業,永發置業,,SecurityBoard.HKEquity,2000,40000000.0,40000000.0,0,0,0,1
00288,288.HK,萬洲國際,萬洲國際,,SecurityBoard.HKEquity,500,12830219550.0,12830219550.0,0,0,0,1
00289,289.HK,WING ON CO,永安國際,,SecurityBoard.HKEquity,1000,288259000.0,288259000.0,0,0,0,1
00290,290.HK,國富量子,國富量子,,SecurityBoard.HKEquity,500,10303852614.0,10303852614.0,0,0,0,1
00291,291.HK,華潤啤酒,華潤啤酒,,SecurityBoard.HKEquity,500,3244176905.0,3244176905.0,0,0,0,1
00293,293.HK,國泰航空,國泰航空,,SecurityBoard.HKEquity,1000,6081128038.0,6081128038.0,0,0,0,1
00294,294.HK,長江製衣,長江制衣,,SecurityBoard.HKEquity,1000,206747688.0,206747688.0,0,0,0,1
00295,295.HK,江山控股,江山控股,,SecurityBoard.HKEquity,25000,14964442519.0,14964442519.0,0,0,0,1
00296,296.HK,英皇娛樂酒店,英皇娛樂酒店,,SecurityBoard.HKEquity,5000,1188490983.0,1188490983.0,0,0,0,1
00297,297.HK,中化化肥,中化化肥,,SecurityBoard.HKEquity,2000,7024455733.0,7024455733.0,0,0,0,1
00298,298.HK,莊士中國,莊士中國,,SecurityBoard.HKEquity,10000,2347035316.0,2347035316.0,0,0,0,1
00299,299.HK,寶新置地,寶新置地,,SecurityBoard.HKEquity,5000,109202495.0,109202495.0,0,0,0,1
00300,300.HK,美的集團,美的集團,,SecurityBoard.HKEquity,100,7629079168.0,650848500.0,0,0,0,1
00301,301.HK,三和精化,三和精化,,SecurityBoard.HKEquity,2000,470459740.0,470459740.0,0,0,0,1
00302,302.HK,中手游,中手遊,,SecurityBoard.HKEquity,2000,3118364595.0,3118364595.0,0,0,0,1
00303,303.HK,VTECH HOLDINGS,偉易達,,SecurityBoard.HKEquity,100,253557466.0,253557466.0,0,0,0,1
00305,305.HK,五菱汽車,五菱汽車,,SecurityBoard.HKEquity,10000,3298161332.0,3298161332.0,0,0,0,1
00306,306.HK,冠忠巴士集團,冠忠巴士集團,,SecurityBoard.HKEquity,2000,476776842.0,476776842.0,0,0,0,1
00308,308.HK,香港中旅,香港中旅,,SecurityBoard.HKEquity,2000,5536633709.0,5536633709.0,0,0,0,1
00309,309.HK,新華通訊頻媒,新華通訊頻媒,,SecurityBoard.HKEquity,2000,52101744.0,52101744.0,0,0,0,1
00310,310.HK,嘉進投資國際,嘉進投資國際,,SecurityBoard.HKEquity,15000,621132020.0,621132020.0,0,0,0,1
00311,311.HK,聯泰控股,聯泰控股,,SecurityBoard.HKEquity,1000,1034112666.0,1034112666.0,0,0,0,1
00312,312.HK,歲寶百貨,歲寶百貨,,SecurityBoard.HKEquity,2000,2495000000.0,2495000000.0,0,0,0,1
00313,313.HK,裕田中國,裕田中國,,SecurityBoard.HKEquity,25000,1166834362.0,1166834362.0,0,0,0,1
00314,314.HK,思派健康,思派健康,,SecurityBoard.HKEquity,200,725754114.0,725754114.0,0,0,0,1
00315,315.HK,數碼通電訊,數碼通電訊,,SecurityBoard.HKEquity,500,1100951601.0,1100951601.0,0,0,0,1
00316,316.HK,東方海外國際,東方海外國際,,SecurityBoard.HKEquity,500,660373297.0,660373297.0,0,0,0,1
00317,317.HK,中船防務,中船防務,,SecurityBoard.HKEquity,2000,1413506378.0,592071197.0,0,0,0,1
00318,318.HK,黃河實業,黃河實業,,SecurityBoard.HKEquity,5000,288258877.0,288258877.0,0,0,0,1
00320,320.HK,金寶通,金寶通,,SecurityBoard.HKEquity,2000,842540000.0,842540000.0,0,0,0,1
00321,321.HK,德永佳集團,德永佳集團,,SecurityBoard.HKEquity,2000,1381696104.0,1381696104.0,0,0,0,1
00322,322.HK,康師傅控股,康師傅控股,,SecurityBoard.HKEquity,2000,5637386360.0,5637386360.0,0,0,0,1
00323,323.HK,馬鞍山鋼鐵股份,馬鞍山鋼鐵股份,,SecurityBoard.HKEquity,2000,7700681186.0,1732930000.0,0,0,0,1
00325,325.HK,布魯可,布魯可,,SecurityBoard.HKEquity,300,246349645.0,246349645.0,0,0,0,1
00326,326.HK,中國星集團,中國星集團,,SecurityBoard.HKEquity,2000,2428906151.0,2428906151.0,0,0,0,1
00327,327.HK,百富環球,百富環球,,SecurityBoard.HKEquity,1000,1061882000.0,1061882000.0,0,0,0,1
00328,328.HK,ALCO HOLDINGS,ALCO HOLDINGS,,SecurityBoard.HKEquity,2000,286392150.0,286392150.0,0,0,0,1
00329,329.HK,東建國際,東建國際,,SecurityBoard.HKEquity,4000,1499749920.0,1499749920.0,0,0,0,1
00330,330.HK,思捷環球,思捷環球,,SecurityBoard.HKEquity,10000,283081734.0,283081734.0,0,0,0,1
00331,331.HK,豐盛生活服務,豐盛生活服務,,SecurityBoard.HKEquity,1000,450000000.0,450000000.0,0,0,0,1
00332,332.HK,元亨燃氣,元亨燃氣,,SecurityBoard.HKEquity,10000,327281056.0,327281056.0,0,0,0,1
00333,333.HK,黛麗斯國際,黛麗斯國際,,SecurityBoard.HKEquity,2000,301052675.0,301052675.0,0,0,0,1
00334,334.HK,華顯光電,華顯光電,,SecurityBoard.HKEquity,8000,2114307929.0,2114307929.0,0,0,0,1
00335,335.HK,美建集團,美建集團,,SecurityBoard.HKEquity,2000,2682316758.0,2682316758.0,0,0,0,1
00336,336.HK,華寶國際,華寶國際,,SecurityBoard.HKEquity,1000,3221640876.0,3221640876.0,0,0,0,1
00337,337.HK,綠地香港,綠地香港,,SecurityBoard.HKEquity,1000,2791884683.0,2791884683.0,0,0,0,1
00338,338.HK,上海石油化工股份,上海石油化工股份,,SecurityBoard.HKEquity,2000,10542617500.0,3213804000.0,0,0,0,1
00339,339.HK,全球數字控股,全球數字控股,,SecurityBoard.HKEquity,10000,432000000.0,432000000.0,0,0,0,1
00340,340.HK,潼關黃金,潼關黃金,,SecurityBoard.HKEquity,2000,5302592221.0,5302592221.0,0,0,0,1
00341,341.HK,大家樂集團,大家樂集團,,SecurityBoard.HKEquity,2000,573742033.0,573742033.0,0,0,0,1
00343,343.HK,文化傳信,文化傳信,,SecurityBoard.HKEquity,5000,1734075788.0,1734075788.0,0,0,0,1
00345,345.HK,VITASOY INT'L,維他奶國際,,SecurityBoard.HKEquity,2000,1017555089.0,1017555089.0,0,0,0,1
00346,346.HK,延長石油國際,延長石油國際,,SecurityBoard.HKEquity,5000,1100102803.0,1100102803.0,0,0,0,1
00347,347.HK,鞍鋼股份,鞍鋼股份,,SecurityBoard.HKEquity,2000,9369221258.0,1411540000.0,0,0,0,1
00348,348.HK,中國智能健康,中國智能健康,,SecurityBoard.HKEquity,10000,924570836.0,924570836.0,0,0,0,1
00351,351.HK,亞洲能源物流,亞洲能源物流,,SecurityBoard.HKEquity,10000,1994975244.0,1994975244.0,0,0,0,1
00352,352.HK,富陽,富陽,,SecurityBoard.HKEquity,2000,246183390.0,246183390.0,0,0,0,1
00353,353.HK,能源國際投資,能源國際投資,,SecurityBoard.HKEquity,4000,2115562890.0,2115562890.0,0,0,0,1
00354,354.HK,中國軟件國際,中國軟件國際,,SecurityBoard.HKEquity,2000,2732079358.0,2732079358.0,0,0,0,1
00355,355.HK,世紀城市國際,世紀城市國際,,SecurityBoard.HKEquity,4000,3092569188.0,3092569188.0,0,0,0,1
00356,356.HK,鼎立資本,鼎立資本,,SecurityBoard.HKEquity,5000,201398666.0,201398666.0,0,0,0,1
00357,357.HK,美蘭空港,美蘭空港,,SecurityBoard.HKEquity,1000,473213000.0,226913000.0,0,0,0,1
00358,358.HK,江西銅業股份,江西銅業股份,,SecurityBoard.HKEquity,1000,3462729405.0,1387482000.0,0,0,0,1
00360,360.HK,新焦點,新焦點,,SecurityBoard.HKEquity,4000,17216948349.0,17216948349.0,0,0,0,1
00361,361.HK,漢成發展控股,漢成發展控股,,SecurityBoard.HKEquity,20000,5851250000.0,5851250000.0,0,0,0,1
00362,362.HK,中國天化工,中國天化工,,SecurityBoard.HKEquity,10000,1351548168.0,1351548168.0,0,0,0,1
00363,363.HK,上海實業控股,上海實業控股,,SecurityBoard.HKEquity,1000,1087211600.0,1087211600.0,0,0,0,1
00365,365.HK,芯成科技,芯成科技,,SecurityBoard.HKEquity,2000,1455000000.0,1455000000.0,0,0,0,1
00366,366.HK,陸氏集團（越南）,陸氏集團(越南),,SecurityBoard.HKEquity,2000,501621418.0,501621418.0,0,0,0,1
00367,367.HK,莊士機構國際,莊士機構國際,,SecurityBoard.HKEquity,4000,1672553104.0,1672553104.0,0,0,0,1
00368,368.HK,德合集團,德合集團,,SecurityBoard.HKEquity,4000,800000000.0,800000000.0,0,0,0,1
00369,369.HK,永泰地產,永泰地產,,SecurityBoard.HKEquity,2000,1374552529.0,1374552529.0,0,0,0,1
00370,370.HK,港仔機器人,港仔機器人,,SecurityBoard.HKEquity,6000,3146438986.0,3146438986.0,0,0,0,1
00371,371.HK,北控水務集團,北控水務集團,,SecurityBoard.HKEquity,2000,10046609871.0,10046609871.0,0,0,0,1
00372,372.HK,保德國際發展,保德國際發展,,SecurityBoard.HKEquity,30000,302742424.0,302742424.0,0,0,0,1
00373,373.HK,聯合集團,聯合集團,,SecurityBoard.HKEquity,2000,3513684360.0,3513684360.0,0,0,0,1
00374,374.HK,四洲集團,四洲集團,,SecurityBoard.HKEquity,2000,380027640.0,380027640.0,0,0,0,1
00375,375.HK,YGM TRADING,YGM貿易,,SecurityBoard.HKEquity,1000,165863792.0,165863792.0,0,0,0,1
00376,376.HK,雲鋒金融,雲鋒金融,,SecurityBoard.HKEquity,2000,4059291673.0,4059291673.0,0,0,0,1
00377,377.HK,中國華君,中國華君,,SecurityBoard.HKEquity,80,187491851.0,187491851.0,0,0,0,1
00379,379.HK,恒嘉融資租賃,恆嘉融資租賃,,SecurityBoard.HKEquity,10000,1687302760.0,1687302760.0,0,0,0,1
00380,380.HK,中國管業,中國管業,,SecurityBoard.HKEquity,4000,1332266000.0,1332266000.0,0,0,0,1
00381,381.HK,權識國際,權識國際,,SecurityBoard.HKEquity,20000,1330424526.0,1330424526.0,0,0,0,1
00382,382.HK,中滙集團,中匯集團,,SecurityBoard.HKEquity,2000,1199066722.0,1199066722.0,0,0,0,1
00383,383.HK,天安卓健,天安卓健,,SecurityBoard.HKEquity,5000,1010530457.0,1010530457.0,0,0,0,1
00384,384.HK,中國燃氣,中國燃氣,,SecurityBoard.HKEquity,200,5448152741.0,5448152741.0,0,0,0,1
00385,385.HK,建聯集團,建聯集團,,SecurityBoard.HKEquity,2000,594899245.0,594899245.0,0,0,0,1
00386,386.HK,中國石油化工股份,中國石油化工股份,,SecurityBoard.HKEquity,2000,120925514222.0,23782600600.0,0,0,0,1
00387,387.HK,力豐（集團）,力豐(集團),,SecurityBoard.HKEquity,4000,230076062.0,230076062.0,0,0,0,1
00388,388.HK,香港交易所,香港交易所,,SecurityBoard.HKEquity,100,1267836895.0,1267836895.0,0,0,0,1
00389,389.HK,通天酒業,通天酒業,,SecurityBoard.HKEquity,2000,301561800.0,301561800.0,0,0,0,1
00390,390.HK,中國中鐵,中國中鐵,,SecurityBoard.HKEquity,1000,24531310329.0,4207390000.0,0,0,0,1
00391,391.HK,美亞娛樂資訊,美亞娛樂資訊,,SecurityBoard.HKEquity,20000,5923738525.0,5923738525.0,0,0,0,1
00392,392.HK,北京控股,北京控股,,SecurityBoard.HKEquity,500,1258003268.0,1258003268.0,0,0,0,1
00393,393.HK,旭日企業,旭日企業,,SecurityBoard.HKEquity,4000,1500000000.0,1500000000.0,0,0,0,1
00396,396.HK,興利（香港）控股,興利(香港)控股,,SecurityBoard.HKEquity,2000,808096025.0,808096025.0,0,0,0,1
00397,397.HK,嬴集團,嬴集團,,SecurityBoard.HKEquity,10000,3422839101.0,3422839101.0,0,0,0,1
00398,398.HK,東方表行集團,東方表行集團,,SecurityBoard.HKEquity,2000,487358224.0,487358224.0,0,0,0,1
00399,399.HK,星太鏈集團,星太鏈集團,,SecurityBoard.HKEquity,5000,3277107928.0,3277107928.0,0,0,0,1
00400,400.HK,硬蛋創新,硬蛋創新,,SecurityBoard.HKEquity,1000,1644262732.0,1644262732.0,0,0,0,1
00401,401.HK,萬嘉集團,萬嘉集團,,SecurityBoard.HKEquity,20000,1128615702.0,1128615702.0,0,0,0,1
00403,403.HK,星光集團,星光集團,,SecurityBoard.HKEquity,2000,500633288.0,500633288.0,0,0,0,1
00405,405.HK,越秀房產信託基金,,,,,,,0,0,,0
00406,406.HK,有利集團,有利集團,,SecurityBoard.HKEquity,2000,438053600.0,438053600.0,0,0,0,1
00408,408.HK,葉氏化工集團,葉氏化工集團,,SecurityBoard.HKEquity,2000,558460096.0,558460096.0,0,0,0,1
00410,410.HK,ＳＯＨＯ中國,SOHO中國,,SecurityBoard.HKEquity,500,5199524031.0,5199524031.0,0,0,0,1
00411,411.HK,南順（香港）,南順(香港),,SecurityBoard.HKEquity,1000,243354165.0,243354165.0,0,0,0,1
00412,412.HK,山高控股,山高控股,,SecurityBoard.HKEquity,1000,6015731109.0,6015731109.0,0,0,0,1
00413,413.HK,南華集團控股,南華集團控股,,SecurityBoard.HKEquity,8000,13221302172.0,13221302172.0,0,0,0,1
00417,417.HK,謝瑞麟,謝瑞麟,,SecurityBoard.HKEquity,2000,249182030.0,249182030.0,0,0,0,1
00418,418.HK,方正控股,方正控股,,SecurityBoard.HKEquity,2000,1153368993.0,1153368993.0,0,0,0,1
00419,419.HK,弘毅文化集團,弘毅文化集團,,SecurityBoard.HKEquity,10000,1757154399.0,1757154399.0,0,0,0,1
00420,420.HK,福田實業,福田實業,,SecurityBoard.HKEquity,2000,1225026960.0,1225026960.0,0,0,0,1
00422,422.HK,越南製造加工出口,越南制造加工出口,,SecurityBoard.HKEquity,1000,907680000.0,907680000.0,0,0,0,1
00423,423.HK,經濟日報集團,經濟日報集團,,SecurityBoard.HKEquity,2000,431600000.0,431600000.0,0,0,0,1
00425,425.HK,敏實集團,敏實集團,,SecurityBoard.HKEquity,100,1171493199.0,1171493199.0,0,0,0,1
00426,426.HK,萬華媒體,萬華媒體,,SecurityBoard.HKEquity,2000,400900000.0,400900000.0,0,0,0,1
00428,428.HK,中國天弓控股,中國天弓控股,,SecurityBoard.HKEquity,4000,154258237.0,154258237.0,0,0,0,1
00430,430.HK,東方興業控股,東方興業控股,,SecurityBoard.HKEquity,4000,388183600.0,388183600.0,0,0,0,1
00432,432.HK,盈大地產,盈大地產,,SecurityBoard.HKEquity,1000,2038236743.0,2038236743.0,0,0,0,1
00433,433.HK,北方礦業,北方礦業,,SecurityBoard.HKEquity,10000,15002140397.0,15002140397.0,0,0,0,1
00434,434.HK,博雅互動,博雅互動,,SecurityBoard.HKEquity,1000,757597730.0,757597730.0,0,0,0,1
00435,435.HK,陽光房地產基金,,,,,,,0,0,,0
00436,436.HK,新宇環保,新宇環保,,SecurityBoard.HKEquity,20000,3035697018.0,3035697018.0,0,0,0,1
00438,438.HK,彩虹新能源,彩虹新能源,,SecurityBoard.HKEquity,200,176322070.0,96248670.0,0,0,0,1
00439,439.HK,瀚源控股,瀚源控股,,SecurityBoard.HKEquity,2000,615692886.0,615692886.0,0,0,0,1
00440,440.HK,大新金融,大新金融,,SecurityBoard.HKEquity,400,319575100.0,319575100.0,0,0,0,1
00442,442.HK,域能控股,域能控股,,SecurityBoard.HKEquity,1000,259150000.0,259150000.0,0,0,0,1
00444,444.HK,SINCEREWATCH HK,SINCEREWATCH HK,,SecurityBoard.HKEquity,10000,6043950000.0,6043950000.0,0,0,0,1
00450,450.HK,鴻興印刷集團,鴻興印刷集團,,SecurityBoard.HKEquity,2000,907864974.0,907864974.0,0,0,0,1
00451,451.HK,時代數字,時代數字,,SecurityBoard.HKEquity,2000,1773062926.0,1773062926.0,0,0,0,1
00455,455.HK,天大藥業,天大藥業,,SecurityBoard.HKEquity,2000,2150041884.0,2150041884.0,0,0,0,1
00456,456.HK,新城市建設發展,新城市建設發展,,SecurityBoard.HKEquity,2000,214228885.0,214228885.0,0,0,0,1
00458,458.HK,聯亞集團,聯亞集團,,SecurityBoard.HKEquity,1000,273975253.0,273975253.0,0,0,0,1
00460,460.HK,四環醫藥,四環醫藥,,SecurityBoard.HKEquity,1000,9115988206.0,9115988206.0,0,0,0,1
00464,464.HK,中國智能科技,中國智能科技,,SecurityBoard.HKEquity,4000,756242000.0,756242000.0,0,0,0,1
00465,465.HK,富通科技,富通科技,,SecurityBoard.HKEquity,2000,315086000.0,315086000.0,0,0,0,1
00467,467.HK,聯合能源集團,聯合能源集團,,SecurityBoard.HKEquity,2000,25849594786.0,25849594786.0,0,0,0,1
00468,468.HK,紛美包裝,紛美包裝,,SecurityBoard.HKEquity,1000,1407129000.0,1407129000.0,0,0,0,1
00470,470.HK,先導智能,先導智能,,SecurityBoard.HKEquity,100,1673846434.0,107683400.0,0,0,0,1
00471,471.HK,中播數據,中播數據,,SecurityBoard.HKEquity,4000,479762136.0,479762136.0,0,0,0,1
00472,472.HK,新絲路控股集團,新絲路控股集團,,SecurityBoard.HKEquity,10000,3849109674.0,3849109674.0,0,0,0,1
00474,474.HK,信銘生命科技,信銘生命科技,,SecurityBoard.HKEquity,6000,8858126805.0,8858126805.0,0,0,0,1
00475,475.HK,中發展控股,中發展控股,,SecurityBoard.HKEquity,2000,499581000.0,499581000.0,0,0,0,1
00476,476.HK,科軒動力控股,科軒動力控股,,SecurityBoard.HKEquity,10000,355649109.0,355649109.0,0,0,0,1
00480,480.HK,香港興業國際,香港興業國際,,SecurityBoard.HKEquity,800,1485301803.0,1485301803.0,0,0,0,1
00482,482.HK,聖馬丁國際,聖馬丁國際,,SecurityBoard.HKEquity,10000,245391143.0,245391143.0,0,0,0,1
00483,483.HK,包浩斯國際,包浩斯國際,,SecurityBoard.HKEquity,2000,367380000.0,367380000.0,0,0,0,1
00484,484.HK,雲遊控股,雲遊控股,,SecurityBoard.HKEquity,3000,171725090.0,171725090.0,0,0,0,1
00485,485.HK,中國華星,中國華星,,SecurityBoard.HKEquity,20000,254839878.0,254839878.0,0,0,0,1
00486,486.HK,俄鋁,俄鋁,,SecurityBoard.HKEquity,1000,15193014862.0,15193014862.0,0,0,0,1
00487,487.HK,實德環球,實德環球,,SecurityBoard.HKEquity,4000,4926491196.0,4926491196.0,0,0,0,1
00488,488.HK,麗新發展,麗新發展,,SecurityBoard.HKEquity,300,1453328830.0,1453328830.0,0,0,0,1
00491,491.HK,英皇文化產業,英皇文化產業,,SecurityBoard.HKEquity,20000,3213340890.0,3213340890.0,0,0,0,1
00493,493.HK,國美零售,國美零售,,SecurityBoard.HKEquity,1000,76428371905.0,76428371905.0,0,0,0,1
00496,496.HK,卡森國際,卡森國際,,SecurityBoard.HKEquity,1000,1836541352.0,1836541352.0,0,0,0,1
00497,497.HK,資本策略地產,資本策略地產,,SecurityBoard.HKEquity,20000,12893782542.0,12893782542.0,0,0,0,1
00498,498.HK,藍河控股,藍河控股,,SecurityBoard.HKEquity,10000,1040946114.0,1040946114.0,0,0,0,1
00499,499.HK,青島控股,青島控股,,SecurityBoard.HKEquity,2000,998553360.0,998553360.0,0,0,0,1
00500,500.HK,先豐服務集團,先豐服務集團,,SecurityBoard.HKEquity,1000,2403385881.0,2403385881.0,0,0,0,1
00501,501.HK,豪威集團,豪威集團,,SecurityBoard.HKEquity,100,1257798165.0,50741100.0,0,0,0,1
00505,505.HK,興業合金,興業合金,,SecurityBoard.HKEquity,1000,899558173.0,899558173.0,0,0,0,1
00506,506.HK,中國食品,中國食品,,SecurityBoard.HKEquity,2000,2797223396.0,2797223396.0,0,0,0,1
00508,508.HK,鼎億集團投資,鼎億集團投資,,SecurityBoard.HKEquity,5000,865922203.0,865922203.0,0,0,0,1
00509,509.HK,世紀陽光,世紀陽光,,SecurityBoard.HKEquity,10000,114527921.0,114527921.0,0,0,0,1
00510,510.HK,時富金融服務集團,時富金融服務集團,,SecurityBoard.HKEquity,6000,431174779.0,431174779.0,0,0,0,1
00511,511.HK,無綫集團,無線集團,,SecurityBoard.HKEquity,100,466961836.0,466961836.0,0,0,0,1
00512,512.HK,遠大醫藥,遠大醫藥,,SecurityBoard.HKEquity,500,3549571148.0,3549571148.0,0,0,0,1
00513,513.HK,恆和集團,恆和集團,,SecurityBoard.HKEquity,10000,683118258.0,683118258.0,0,0,0,1
00515,515.HK,中華銀科技,中華銀科技,,SecurityBoard.HKEquity,10000,285567614.0,285567614.0,0,0,0,1
00517,517.HK,中遠海運國際,中遠海運國際,,SecurityBoard.HKEquity,2000,1465971429.0,1465971429.0,0,0,0,1
00518,518.HK,同得仕（集團）,同得仕(集團),,SecurityBoard.HKEquity,2000,451067557.0,451067557.0,0,0,0,1
00519,519.HK,諾科達科技,諾科達科技,,SecurityBoard.HKEquity,5000,3055105739.0,3055105739.0,0,0,0,1
00520,520.HK,呷哺呷哺,呷哺呷哺,,SecurityBoard.HKEquity,500,1086174481.0,1086174481.0,0,0,0,1
00521,521.HK,CWT INT'L,CWT INT'L,,SecurityBoard.HKEquity,10000,11399996101.0,11399996101.0,0,0,0,1
00522,522.HK,ASMPT,ASMPT,,SecurityBoard.HKEquity,100,419408233.0,419408233.0,0,0,0,1
00524,524.HK,長城天下,長城天下,,SecurityBoard.HKEquity,10000,236277500.0,236277500.0,0,0,0,1
00525,525.HK,廣深鐵路股份,廣深鐵路股份,,SecurityBoard.HKEquity,2000,7083537000.0,1431300000.0,0,0,0,1
00526,526.HK,利時集團控股,利時集團控股,,SecurityBoard.HKEquity,2000,8844020391.0,8844020391.0,0,0,0,1
00527,527.HK,瑞風綠能智算,瑞風綠能智算,,SecurityBoard.HKEquity,12000,1934915002.0,1934915002.0,0,0,0,1
00528,528.HK,金達控股,金達控股,,SecurityBoard.HKEquity,2000,629678000.0,629678000.0,0,0,0,1
00529,529.HK,SIS INT'L,新龍國際,,SecurityBoard.HKEquity,2000,277966666.0,277966666.0,0,0,0,1
00532,532.HK,WKK INTL (HOLD),王氏港建,,SecurityBoard.HKEquity,2000,729897964.0,729897964.0,0,0,0,1
00533,533.HK,金利來集團,金利來集團,,SecurityBoard.HKEquity,1000,973844035.0,973844035.0,0,0,0,1
00535,535.HK,金地商置,金地商置,,SecurityBoard.HKEquity,2000,16613686827.0,16613686827.0,0,0,0,1
00536,536.HK,貿易通,貿易通,,SecurityBoard.HKEquity,2000,796058719.0,796058719.0,0,0,0,1
00537,537.HK,普源精電,普源精電,,SecurityBoard.HKEquity,100,218676617.0,24802200.0,0,0,0,1
00538,538.HK,味千（中國）,味千(中國),,SecurityBoard.HKEquity,1000,1091538820.0,1091538820.0,0,0,0,1
00540,540.HK,迅捷環球控股,迅捷環球控股,,SecurityBoard.HKEquity,4000,600000000.0,600000000.0,0,0,0,1
00542,542.HK,中國文旅農業,中國文旅農業,,SecurityBoard.HKEquity,4000,1530930808.0,1530930808.0,0,0,0,1
00543,543.HK,太平洋網絡,太平洋網絡,,SecurityBoard.HKEquity,1000,1135597667.0,1135597667.0,0,0,0,1
00544,544.HK,大同集團,大同集團,,SecurityBoard.HKEquity,5000,123690455.0,123690455.0,0,0,0,1
00546,546.HK,阜豐集團,阜豐集團,,SecurityBoard.HKEquity,1000,2507346037.0,2507346037.0,0,0,0,1
00547,547.HK,數字王國,數字王國,,SecurityBoard.HKEquity,5000,7979248625.0,7979248625.0,0,0,0,1
00548,548.HK,深圳高速公路股份,深圳高速公路股份,,SecurityBoard.HKEquity,2000,2537856127.0,747500000.0,0,0,0,1
00550,550.HK,律齊文化,律齊文化,,SecurityBoard.HKEquity,2000,455534000.0,455534000.0,0,0,0,1
00551,551.HK,裕元集團,裕元集團,,SecurityBoard.HKEquity,500,1604556486.0,1604556486.0,0,0,0,1
00552,552.HK,中國通信服務,中國通信服務,,SecurityBoard.HKEquity,2000,6926018400.0,2391420240.0,0,0,0,1
00553,553.HK,南京熊貓電子股份,南京熊貓電子股份,,SecurityBoard.HKEquity,2000,913838529.0,242000000.0,0,0,0,1
00554,554.HK,漢思集團控股,漢思集團控股,,SecurityBoard.HKEquity,2000,4387333078.0,4387333078.0,0,0,0,1
00556,556.HK,泛亞環保,泛亞環保,,SecurityBoard.HKEquity,2000,1004820842.0,1004820842.0,0,0,0,1
00557,557.HK,天元醫療,天元醫療,,SecurityBoard.HKEquity,2000,398979524.0,398979524.0,0,0,0,1
00558,558.HK,力勁科技,力勁科技,,SecurityBoard.HKEquity,2500,1364391500.0,1364391500.0,0,0,0,1
00559,559.HK,德泰新能源集團,德泰新能源集團,,SecurityBoard.HKEquity,10000,523184390.0,523184390.0,0,0,0,1
00560,560.HK,珠江船務,珠江船務,,SecurityBoard.HKEquity,2000,1121166885.0,1121166885.0,0,0,0,1
00563,563.HK,上實城市開發,上實城市開發,,SecurityBoard.HKEquity,2000,4780415189.0,4780415189.0,0,0,0,1
00564,564.HK,中創智領,中創智領,,SecurityBoard.HKEquity,200,1785399930.0,243234200.0,0,0,0,1
00565,565.HK,錦藝集團控股,錦藝集團控股,,SecurityBoard.HKEquity,5000,2688805163.0,2688805163.0,0,0,0,1
00567,567.HK,金安智能,金安智能,,SecurityBoard.HKEquity,20000,1613287570.0,1613287570.0,0,0,0,1
00568,568.HK,山東墨龍,山東墨龍,,SecurityBoard.HKEquity,400,823526800.0,281804800.0,0,0,0,1
00570,570.HK,中國中藥,中國中藥,,SecurityBoard.HKEquity,2000,5035801852.0,5035801852.0,0,0,0,1
00571,571.HK,豐德麗控股,豐德麗控股,,SecurityBoard.HKEquity,2000,1755876866.0,1755876866.0,0,0,0,1
00572,572.HK,未來世界控股,未來世界控股,,SecurityBoard.HKEquity,4000,301507892.0,301507892.0,0,0,0,1
00573,573.HK,稻香控股,稻香控股,,SecurityBoard.HKEquity,1000,1014348000.0,1014348000.0,0,0,0,1
00574,574.HK,百信國際,百信國際,,SecurityBoard.HKEquity,2000,1990576062.0,1990576062.0,0,0,0,1
00575,575.HK,勵晶太平洋,勵晶太平洋,,SecurityBoard.HKEquity,10000,291815782.0,291815782.0,0,0,0,1
00576,576.HK,浙江滬杭甬,浙江滬杭甬,,SecurityBoard.HKEquity,2000,6038114642.0,2023335842.0,0,0,0,1
00579,579.HK,京能清潔能源,京能清潔能源,,SecurityBoard.HKEquity,2000,8244508144.0,2829676800.0,0,0,0,1
00580,580.HK,賽晶科技,賽晶科技,,SecurityBoard.HKEquity,2000,1601832000.0,1601832000.0,0,0,0,1
00581,581.HK,中國東方集團,中國東方集團,,SecurityBoard.HKEquity,2000,3722569000.0,3722569000.0,0,0,0,1
00582,582.HK,神話世界,神話世界,,SecurityBoard.HKEquity,6000,3651481386.0,3651481386.0,0,0,0,1
00583,583.HK,長城環亞控股,長城環亞控股,,SecurityBoard.HKEquity,2000,1567745596.0,1567745596.0,0,0,0,1
00585,585.HK,意力國際,意力國際(五百),,SecurityBoard.HKEquity,500,829921572.0,829921572.0,0,0,0,1
00586,586.HK,海螺創業,海螺創業,,SecurityBoard.HKEquity,500,1792041059.0,1792041059.0,0,0,0,1
00587,587.HK,海螺環保,海螺環保,,SecurityBoard.HKEquity,500,1826765059.0,1826765059.0,0,0,0,1
00588,588.HK,北京北辰實業股份,北京北辰實業股份,,SecurityBoard.HKEquity,2000,3367020000.0,707020000.0,0,0,0,1
00590,590.HK,六福集團,六福集團,,SecurityBoard.HKEquity,1000,587107850.0,587107850.0,0,0,0,1
00591,591.HK,中國高精密,中國高精密,,SecurityBoard.HKEquity,1000,1037500000.0,1037500000.0,0,0,0,1
00595,595.HK,AV CONCEPT HOLD,先思行,,SecurityBoard.HKEquity,2000,857501302.0,857501302.0,0,0,0,1
00596,596.HK,浪潮數字企業,浪潮數字企業,,SecurityBoard.HKEquity,2000,1217035831.0,1217035831.0,0,0,0,1
00598,598.HK,中國外運,中國外運,,SecurityBoard.HKEquity,1000,7173751227.0,2016281000.0,0,0,0,1
00599,599.HK,怡邦行控股,怡邦行控股,,SecurityBoard.HKEquity,16000,718838942.0,718838942.0,0,0,0,1
00600,600.HK,愛芯元智,愛芯元智,,SecurityBoard.HKEquity,100,588936581.0,588936581.0,0,0,0,1
00601,601.HK,稀鎂科技,稀鎂科技,,SecurityBoard.HKEquity,10000,592595103.0,592595103.0,0,0,0,1
00602,602.HK,佳華百貨控股,佳華百貨控股,,SecurityBoard.HKEquity,2500,1037500002.0,1037500002.0,0,0,0,1
00603,603.HK,中油燃氣,中油燃氣,,SecurityBoard.HKEquity,20000,5636803834.0,5636803834.0,0,0,0,1
00604,604.HK,深圳控股,深圳控股,,SecurityBoard.HKEquity,2000,8898793115.0,8898793115.0,0,0,0,1
00605,605.HK,中國金融投資管理,中國金融投資管理,,SecurityBoard.HKEquity,2000,209160067.0,209160067.0,0,0,0,1
00606,606.HK,中駿商管,中駿商管,,SecurityBoard.HKEquity,1000,1935000000.0,1935000000.0,0,0,0,1
00607,607.HK,豐盛控股,豐盛控股,,SecurityBoard.HKEquity,4000,708763934.0,708763934.0,0,0,0,1
00608,608.HK,達利國際,達利國際,,SecurityBoard.HKEquity,2000,305615420.0,305615420.0,0,0,0,1
00609,609.HK,天德化工,天德化工,,SecurityBoard.HKEquity,4000,878418000.0,878418000.0,0,0,0,1
00610,610.HK,WAI KEE HOLD,惠記集團,,SecurityBoard.HKEquity,2000,793124034.0,793124034.0,0,0,0,1
00611,611.HK,中國核能科技,中國核能科技,,SecurityBoard.HKEquity,2000,1852036942.0,1852036942.0,0,0,0,1
00612,612.HK,嘉文世紀投資公司,嘉文世紀投資公司,,SecurityBoard.HKEquity,8000,1561433790.0,1561433790.0,0,0,0,1
00613,613.HK,梧桐國際,梧桐國際,,SecurityBoard.HKEquity,2000,1149633210.0,1149633210.0,0,0,0,1
00616,616.HK,財富鏈,財富鏈,,SecurityBoard.HKEquity,5000,1867324348.0,1867324348.0,0,0,0,1
00617,617.HK,百利保控股,百利保控股,,SecurityBoard.HKEquity,2000,1114585474.0,1114585474.0,0,0,0,1
00618,618.HK,北大資源,北大資源,,SecurityBoard.HKEquity,8000,2737417279.0,2737417279.0,0,0,0,1
00619,619.HK,南華金融,南華金融,,SecurityBoard.HKEquity,2000,301277070.0,301277070.0,0,0,0,1
00620,620.HK,大唐西市,大唐西市,,SecurityBoard.HKEquity,2000,801025230.0,801025230.0,0,0,0,1
00621,621.HK,壇金礦業,壇金礦業,,SecurityBoard.HKEquity,5000,1815147198.0,1815147198.0,0,0,0,1
00622,622.HK,威華達控股,威華達控股,,SecurityBoard.HKEquity,3000,6943483326.0,6943483326.0,0,0,0,1
00623,623.HK,金橋集團控股,金橋集團控股,,SecurityBoard.HKEquity,1000,456195370.0,456195370.0,0,0,0,1
00625,625.HK,希音－Ｗ,希音-W,,SecurityBoard.HKEquity,100,4246202609.0,4246202609.0,0,0,0,1
00626,626.HK,大眾金融控股,大眾金融控股,,SecurityBoard.HKEquity,2000,1097917618.0,1097917618.0,0,0,0,1
00627,627.HK,共生智築,共生智築,,SecurityBoard.HKEquity,20000,1420673262.0,1420673262.0,0,0,0,1
00628,628.HK,通通ＡＩ社交,通通AI社交,,SecurityBoard.HKEquity,2000,5201123120.0,5201123120.0,0,0,0,1
00629,629.HK,悅達國際控股,悅達國際控股,,SecurityBoard.HKEquity,1000,1168626516.0,1168626516.0,0,0,0,1
00630,630.HK,雋泰控股,雋泰控股,,SecurityBoard.HKEquity,10000,967551792.0,967551792.0,0,0,0,1
00631,631.HK,三一國際,三一國際,,SecurityBoard.HKEquity,1000,3289720239.0,3289720239.0,0,0,0,1
00632,632.HK,中港石油,中港石油,,SecurityBoard.HKEquity,2000,956353674.0,956353674.0,0,0,0,1
00635,635.HK,彩星集團,彩星集團,,SecurityBoard.HKEquity,2000,2068000000.0,2068000000.0,0,0,0,1
00636,636.HK,KLN,KLN,,SecurityBoard.HKEquity,500,1807429342.0,1807429342.0,0,0,0,1
00637,637.HK,利記,利記,,SecurityBoard.HKEquity,2000,828750000.0,828750000.0,0,0,0,1
00638,638.HK,廣和通,廣和通,,SecurityBoard.HKEquity,200,899265844.0,135080200.0,0,0,0,1
00639,639.HK,首鋼資源,首鋼資源,,SecurityBoard.HKEquity,2000,5091065770.0,5091065770.0,0,0,0,1
00640,640.HK,星謙發展,星謙發展,,SecurityBoard.HKEquity,2000,310245538.0,310245538.0,0,0,0,1
00641,641.HK,中國恒天立信國際,中國恆天立信國際,,SecurityBoard.HKEquity,2000,1100216570.0,1100216570.0,0,0,0,1
00643,643.HK,恆富控股,恆富控股,,SecurityBoard.HKEquity,10000,899845554.0,899845554.0,0,0,0,1
00645,645.HK,安域亞洲,安域亞洲,,SecurityBoard.HKEquity,2000,513175401.0,513175401.0,0,0,0,1
00646,646.HK,中國環保科技,中國環保科技,,SecurityBoard.HKEquity,8000,342697938.0,342697938.0,0,0,0,1
00648,648.HK,京玖康療,京玖康療,,SecurityBoard.HKEquity,1000,107116933.0,107116933.0,0,0,0,1
00650,650.HK,普達特科技,普達特科技,,SecurityBoard.HKEquity,2000,7416145730.0,7416145730.0,0,0,0,1
00653,653.HK,卓悅控股,卓悅控股,,SecurityBoard.HKEquity,12000,1874878065.0,1874878065.0,0,0,0,1
00655,655.HK,香港華人有限公司,香港華人有限公司,,SecurityBoard.HKEquity,2000,1998280097.0,1998280097.0,0,0,0,1
00656,656.HK,復星國際,复星國際,,SecurityBoard.HKEquity,500,8126959294.0,8126959294.0,0,0,0,1
00657,657.HK,環科國際,環科國際,,SecurityBoard.HKEquity,2000,1946314108.0,1946314108.0,0,0,0,1
00658,658.HK,中國高速傳動,中國高速傳動,,SecurityBoard.HKEquity,1000,1635291556.0,1635291556.0,0,0,0,1
00659,659.HK,周大福創建,周大福創建,,SecurityBoard.HKEquity,1000,4566258021.0,4566258021.0,0,0,0,1
00660,660.HK,瑋俊生物科技,瑋俊生物科技,,SecurityBoard.HKEquity,20000,384309785.0,384309785.0,0,0,0,1
00661,661.HK,中國大冶有色金屬,中國大冶有色金屬,,SecurityBoard.HKEquity,2000,17895579706.0,17895579706.0,0,0,0,1
00662,662.HK,亞洲金融,亞洲金融,,SecurityBoard.HKEquity,2000,924142000.0,924142000.0,0,0,0,1
00664,664.HK,銅師傅,銅師傅,,SecurityBoard.HKEquity,100,64406800.0,62227201.0,0,0,0,1
00666,666.HK,瑞浦蘭鈞,瑞浦蘭鈞,,SecurityBoard.HKEquity,200,2336874050.0,934422124.0,0,0,0,1
00667,667.HK,中國東方教育,中國東方教育,,SecurityBoard.HKEquity,500,2218304446.0,2218304446.0,0,0,0,1
00668,668.HK,安克創新,安克創新,,SecurityBoard.HKEquity,100,588054402.0,50076100.0,0,0,0,1
00669,669.HK,創科實業,創科實業,,SecurityBoard.HKEquity,500,1827547941.0,1827547941.0,0,0,0,1
00670,670.HK,中國東方航空股份,中國東方航空股份,,SecurityBoard.HKEquity,2000,22087736670.0,5062771777.0,0,0,0,1
00672,672.HK,眾安集團,眾安集團,,SecurityBoard.HKEquity,1000,5635809800.0,5635809800.0,0,0,0,1
00673,673.HK,中國衛生集團,中國衛生集團,,SecurityBoard.HKEquity,6000,1387138191.0,1387138191.0,0,0,0,1
00674,674.HK,中國唐商,中國唐商,,SecurityBoard.HKEquity,4000,3428466570.0,3428466570.0,0,0,0,1
00675,675.HK,堅寶國際,堅寶國際,,SecurityBoard.HKEquity,2000,267004800.0,267004800.0,0,0,0,1
00676,676.HK,創信國際,創信國際,,SecurityBoard.HKEquity,2000,730650000.0,730650000.0,0,0,0,1
00677,677.HK,金源發展國際實業,金源發展國際實業,,SecurityBoard.HKEquity,2000,1697406458.0,1697406458.0,0,0,0,1
00679,679.HK,亞洲聯網科技,亞洲聯網科技,,SecurityBoard.HKEquity,5000,378733400.0,378733400.0,0,0,0,1
00681,681.HK,中民控股,中民控股,,SecurityBoard.HKEquity,2000,8934561203.0,8934561203.0,0,0,0,1
00682,682.HK,超大現代,超大現代,,SecurityBoard.HKEquity,10000,197729124.0,197729124.0,0,0,0,1
00683,683.HK,嘉里建設,嘉里建設,,SecurityBoard.HKEquity,500,1451305728.0,1451305728.0,0,0,0,1
00684,684.HK,亞倫國際,亞倫國際,,SecurityBoard.HKEquity,2000,333054520.0,333054520.0,0,0,0,1
00685,685.HK,世界華文媒體,世界華文媒體,,SecurityBoard.HKEquity,1000,1621521441.0,1621521441.0,0,0,0,1
00686,686.HK,北京能源國際,北京能源國際,,SecurityBoard.HKEquity,2000,2198864443.0,2198864443.0,0,0,0,1
00687,687.HK,泰昇集團,泰升集團,,SecurityBoard.HKEquity,2000,3366035709.0,3366035709.0,0,0,0,1
00688,688.HK,中國海外發展,中國海外發展,,SecurityBoard.HKEquity,500,10944883535.0,10944883535.0,0,0,0,1
00689,689.HK,長盈集團（控股）,長盈集團(控股),,SecurityBoard.HKEquity,15000,1857731712.0,1857731712.0,0,0,0,1
00690,690.HK,聯康生物科技集團,聯康生物科技集團,,SecurityBoard.HKEquity,20000,5971228147.0,5971228147.0,0,0,0,1
00691,691.HK,山水水泥,山水水泥,,SecurityBoard.HKEquity,1000,4353966228.0,4353966228.0,0,0,0,1
00693,693.HK,陳唱國際,陳唱國際,,SecurityBoard.HKEquity,3000,2013309000.0,2013309000.0,0,0,0,1
00694,694.HK,北京首都機場股份,北京首都機場股份,,SecurityBoard.HKEquity,2000,4579178977.0,1879364000.0,0,0,0,1
00695,695.HK,東吳水泥,東吳水泥,,SecurityBoard.HKEquity,2000,552000000.0,552000000.0,0,0,0,1
00696,696.HK,中國民航信息網絡,中國民航信息網絡,,SecurityBoard.HKEquity,1000,2926209589.0,932562000.0,0,0,0,1
00697,697.HK,首程控股,首程控股,,SecurityBoard.HKEquity,2000,7981371161.0,7981371161.0,0,0,0,1
00698,698.HK,通達集團,通達集團,,SecurityBoard.HKEquity,1000,194712152.0,194712152.0,0,0,0,1
00699,699.HK,均勝電子,均勝電子,,SecurityBoard.HKEquity,500,1544580563.0,148910000.0,0,0,0,1
00700,700.HK,騰訊控股,騰訊控股,,SecurityBoard.HKEquity,100,9103153877.0,9103153877.0,0,0,0,1
00701,701.HK,CNT GROUP,北海集團,,SecurityBoard.HKEquity,2000,1903685690.0,1903685690.0,0,0,0,1
00702,702.HK,中國油氣控股,中國油氣控股,,SecurityBoard.HKEquity,10000,3345439069.0,3345439069.0,0,0,0,1
00703,703.HK,FUTURE BRIGHT,佳景集團,,SecurityBoard.HKEquity,6000,694302422.0,694302422.0,0,0,0,1
00704,704.HK,和嘉控股,和嘉控股,,SecurityBoard.HKEquity,5000,290373235.0,290373235.0,0,0,0,1
00707,707.HK,亞洲電視控股,亞洲電視控股,,SecurityBoard.HKEquity,8000,2228826200.0,2228826200.0,0,0,0,1
00708,708.HK,恒大汽車,恆大汽車,,SecurityBoard.HKEquity,500,10843793000.0,10843793000.0,0,0,0,1
00709,709.HK,佐丹奴國際,佐丹奴國際,,SecurityBoard.HKEquity,2000,1616376518.0,1616376518.0,0,0,0,1
00710,710.HK,京東方精電,京東方精電,,SecurityBoard.HKEquity,1000,791575204.0,791575204.0,0,0,0,1
00711,711.HK,亞洲聯合基建控股,亞洲聯合基建控股,,SecurityBoard.HKEquity,2000,1842911704.0,1842911704.0,0,0,0,1
00712,712.HK,卡姆丹克太陽能,卡姆丹克太陽能,,SecurityBoard.HKEquity,10000,1059923412.0,1059923412.0,0,0,0,1
00713,713.HK,世界（集團）,世界(集團),,SecurityBoard.HKEquity,2000,792117421.0,792117421.0,0,0,0,1
00716,716.HK,勝獅貨櫃,勝獅貨櫃,,SecurityBoard.HKEquity,2000,2382205918.0,2382205918.0,0,0,0,1
00717,717.HK,英皇資本,英皇資本,,SecurityBoard.HKEquity,6000,6740845724.0,6740845724.0,0,0,0,1
00718,718.HK,太和控股,太和控股,,SecurityBoard.HKEquity,5000,5250019852.0,5250019852.0,0,0,0,1
00719,719.HK,山東新華製藥股份,山東新華制藥股份,,SecurityBoard.HKEquity,2000,696683435.0,195000000.0,0,0,0,1
00720,720.HK,意達利控股,意達利控股,,SecurityBoard.HKEquity,25000,6142515390.0,6142515390.0,0,0,0,1
00721,721.HK,中國金融國際,中國金融國際,,SecurityBoard.HKEquity,10000,2194326806.0,2194326806.0,0,0,0,1
00722,722.HK,聯合醫務,聯合醫務,,SecurityBoard.HKEquity,2000,810955244.0,810955244.0,0,0,0,1
00723,723.HK,信保環球控股,信保環球控股,,SecurityBoard.HKEquity,30000,1093841518.0,1093841518.0,0,0,0,1
00725,725.HK,恆都集團,恆都集團,,SecurityBoard.HKEquity,2000,198958000.0,198958000.0,0,0,0,1
00726,726.HK,築友智造科技,築友智造科技,,SecurityBoard.HKEquity,5000,3101095730.0,3101095730.0,0,0,0,1
00727,727.HK,中國豐滙,中國豐匯,,SecurityBoard.HKEquity,10000,1271844000.0,1271844000.0,0,0,0,1
00728,728.HK,中國電信,中國電信,,SecurityBoard.HKEquity,2000,91507138699.0,13877410000.0,0,0,0,1
00730,730.HK,首惠產業金融,首惠產業金融,,SecurityBoard.HKEquity,1000,3953938703.0,3953938703.0,0,0,0,1
00731,731.HK,建發新勝,建發新勝,,SecurityBoard.HKEquity,20000,1414600832.0,1414600832.0,0,0,0,1
00732,732.HK,信利國際,信利國際,,SecurityBoard.HKEquity,2000,2922529398.0,2922529398.0,0,0,0,1
00733,733.HK,合富輝煌,合富輝煌,,SecurityBoard.HKEquity,2000,674149989.0,674149989.0,0,0,0,1
00736,736.HK,中國置業投資,中國置業投資,,SecurityBoard.HKEquity,3000,320599606.0,320599606.0,0,0,0,1
00737,737.HK,灣區發展,灣區發展,,SecurityBoard.HKEquity,500,3331690283.0,3331690283.0,0,0,0,1
00738,738.HK,萊爾斯丹,萊爾斯丹,,SecurityBoard.HKEquity,2000,694751060.0,694751060.0,0,0,0,1
00743,743.HK,亞洲水泥（中國）,亞洲水泥(中國),,SecurityBoard.HKEquity,500,1566851000.0,1566851000.0,0,0,0,1
00745,745.HK,中國國家文化產業,中國國家文化產業,,SecurityBoard.HKEquity,2000,234366456.0,234366456.0,0,0,0,1
00746,746.HK,理文化工,理文化工,,SecurityBoard.HKEquity,2000,825000000.0,825000000.0,0,0,0,1
00747,747.HK,瀋陽公用發展股份,沈陽公用發展股份,,SecurityBoard.HKEquity,2000,1469376000.0,605376000.0,0,0,0,1
00750,750.HK,水發興業能源,水發興業能源,,SecurityBoard.HKEquity,1000,2521081780.0,2521081780.0,0,0,0,1
00751,751.HK,創維集團,創維集團,,SecurityBoard.HKEquity,2000,1892004732.0,1892004732.0,0,0,0,1
00752,752.HK,PICO FAR EAST,筆克遠東,,SecurityBoard.HKEquity,2000,1277271005.0,1277271005.0,0,0,0,1
00753,753.HK,中國國航,中國國航,,SecurityBoard.HKEquity,2000,20492561030.0,4955610672.0,0,0,0,1
00754,754.HK,合生創展集團,合生創展集團,,SecurityBoard.HKEquity,100,3792540571.0,3792540571.0,0,0,0,1
00755,755.HK,大方廣瑞德,大方廣瑞德,,SecurityBoard.HKEquity,5000,178552218.0,178552218.0,0,0,0,1
00756,756.HK,森美控股,森美控股,,SecurityBoard.HKEquity,8000,340558265.0,340558265.0,0,0,0,1
00757,757.HK,陽光能源,陽光能源,,SecurityBoard.HKEquity,1000,3323771133.0,3323771133.0,0,0,0,1
00759,759.HK,CEC INT'L HOLD,CEC國際,,SecurityBoard.HKEquity,2000,666190798.0,666190798.0,0,0,0,1
00760,760.HK,新天地產集團,新天地產集團,,SecurityBoard.HKEquity,30000,514656827.0,514656827.0,0,0,0,1
00762,762.HK,中國聯通,中國聯通,,SecurityBoard.HKEquity,2000,30598124345.0,30598124345.0,0,0,0,1
00763,763.HK,中興通訊,中興通訊,,SecurityBoard.HKEquity,200,4783534887.0,755502534.0,0,0,0,1
00764,764.HK,永恒策略,永恆策略,,SecurityBoard.HKEquity,10000,402856705.0,402856705.0,0,0,0,1
00765,765.HK,PERFECTECH INTL,威發國際,,SecurityBoard.HKEquity,2000,490385410.0,490385410.0,0,0,0,1
00767,767.HK,中基長壽科學,中基長壽科學,,SecurityBoard.HKEquity,10000,636654300.0,636654300.0,0,0,0,1
00768,768.HK,開明投資,開明投資,,SecurityBoard.HKEquity,2000,1271732200.0,1271732200.0,0,0,0,1
00769,769.HK,中國稀土,中國稀土,,SecurityBoard.HKEquity,2000,2790450281.0,2790450281.0,0,0,0,1
00770,770.HK,SHANGHAI GROWTH,滬光國際,,SecurityBoard.HKEquity,1000,17631415.0,17631415.0,0,0,0,1
00771,771.HK,自動系統,自動系統,,SecurityBoard.HKEquity,2000,839429492.0,839429492.0,0,0,0,1
00772,772.HK,閱文集團,閱文集團,,SecurityBoard.HKEquity,200,1017367317.0,1017367317.0,0,0,0,1
00775,775.HK,長江生命科技,長江生命科技,,SecurityBoard.HKEquity,2000,9611072400.0,9611072400.0,0,0,0,1
00776,776.HK,帝國科技集團,帝國科技集團,,SecurityBoard.HKEquity,5000,671837550.0,671837550.0,0,0,0,1
00777,777.HK,網龍,網龍,,SecurityBoard.HKEquity,500,526100249.0,526100249.0,0,0,0,1
00778,778.HK,置富產業信託,,,,,,,0,0,,0
00780,780.HK,同程旅行,同程旅行,,SecurityBoard.HKEquity,400,2354315962.0,2354315962.0,0,0,0,1
00784,784.HK,愛生命國際,愛生命國際,,SecurityBoard.HKEquity,10000,800000000.0,800000000.0,0,0,0,1
00788,788.HK,中國鐵塔,中國鐵塔,,SecurityBoard.HKEquity,500,17600847102.0,4666385600.0,0,0,0,1
00789,789.HK,雅天妮集團,雅天妮集團,,SecurityBoard.HKEquity,5000,264793625.0,264793625.0,0,0,0,1
00794,794.HK,錦勝集團（控股）,錦勝集團(控股),,SecurityBoard.HKEquity,2000,331084000.0,331084000.0,0,0,0,1
00797,797.HK,第七大道,第七大道,,SecurityBoard.HKEquity,2000,2508088000.0,2508088000.0,0,0,0,1
00798,798.HK,中電光谷,中電光谷,,SecurityBoard.HKEquity,4000,7408560000.0,7408560000.0,0,0,0,1
00799,799.HK,IGG,IGG,,SecurityBoard.HKEquity,1000,1145165599.0,1145165599.0,0,0,0,1
00800,800.HK,文遠知行－Ｗ,文遠知行-W,,SecurityBoard.HKEquity,100,986868365.0,986868365.0,0,0,0,1
00804,804.HK,鼎石資本,鼎石資本,,SecurityBoard.HKEquity,5000,68800013.0,68800013.0,0,0,0,1
00805,805.HK,新吉奧房車,新吉奧房車,,SecurityBoard.HKEquity,2000,960000000.0,960000000.0,0,0,0,1
00806,806.HK,惠理集團,惠理集團,,SecurityBoard.HKEquity,1000,1826709831.0,1826709831.0,0,0,0,1
00807,807.HK,上海實業環境,上海實業環境,,SecurityBoard.HKEquity,1000,2575665726.0,2575665726.0,0,0,0,1
00808,808.HK,泓富產業信託,,,,,,,0,0,,0
00809,809.HK,大成生化科技,大成生化科技,,SecurityBoard.HKEquity,10000,1678821152.0,1678821152.0,0,0,0,1
00810,810.HK,中國鑄晨８１,中國鑄晨81,,SecurityBoard.HKEquity,6000,712751154.0,712751154.0,0,0,0,1
00811,811.HK,新華文軒,新華文軒,,SecurityBoard.HKEquity,1000,1233841000.0,441937100.0,0,0,0,1
00813,813.HK,世茂集團,世茂集團,,SecurityBoard.HKEquity,500,10385605933.0,10385605933.0,0,0,0,1
00814,814.HK,北京京客隆,北京京客隆,,SecurityBoard.HKEquity,1000,412220000.0,182160000.0,0,0,0,1
00815,815.HK,中國白銀集團,中國白銀集團,,SecurityBoard.HKEquity,2000,3946337559.0,3946337559.0,0,0,0,1
00816,816.HK,金茂服務,金茂服務,,SecurityBoard.HKEquity,500,904189000.0,904189000.0,0,0,0,1
00817,817.HK,中國金茂,中國金茂,,SecurityBoard.HKEquity,2000,13512466348.0,13512466348.0,0,0,0,1
00818,818.HK,高陽科技,高陽科技,,SecurityBoard.HKEquity,3000,2776833835.0,2776833835.0,0,0,0,1
00819,819.HK,天能動力,天能動力,,SecurityBoard.HKEquity,2000,1126124500.0,1126124500.0,0,0,0,1
00821,821.HK,匯盈控股,匯盈控股,,SecurityBoard.HKEquity,8000,371085219.0,371085219.0,0,0,0,1
00822,822.HK,嘉瑞國際,嘉瑞國際,,SecurityBoard.HKEquity,2000,893761400.0,893761400.0,0,0,0,1
00823,823.HK,領展房產基金,領展房產基金,,SecurityBoard.HKEquity,100,2598933306.0,2598933306.0,0,0,0,1
00825,825.HK,新世界百貨中國,新世界百貨中國,,SecurityBoard.HKEquity,1000,1686145000.0,1686145000.0,0,0,0,1
00826,826.HK,天工國際,天工國際,,SecurityBoard.HKEquity,2000,2725000000.0,2725000000.0,0,0,0,1
00827,827.HK,玖源集團,玖源集團,,SecurityBoard.HKEquity,4000,7028042599.0,7028042599.0,0,0,0,1
00828,828.HK,王朝酒業,王朝酒業,,SecurityBoard.HKEquity,2000,1408405886.0,1408405886.0,0,0,0,1
00829,829.HK,神冠控股,神冠控股,,SecurityBoard.HKEquity,2000,3230480000.0,3230480000.0,0,0,0,1
00830,830.HK,中國建築興業,中國建築興業,,SecurityBoard.HKEquity,2000,2254641000.0,2254641000.0,0,0,0,1
00831,831.HK,利亞零售,利亞零售,,SecurityBoard.HKEquity,2000,782136974.0,782136974.0,0,0,0,1
00832,832.HK,建業地產,建業地產,,SecurityBoard.HKEquity,1000,3039126090.0,3039126090.0,0,0,0,1
00833,833.HK,華訊,華訊,,SecurityBoard.HKEquity,4000,473058180.0,473058180.0,0,0,0,1
00834,834.HK,盛融控股,盛融控股,,SecurityBoard.HKEquity,4000,452948000.0,452948000.0,0,0,0,1
00836,836.HK,華潤電力,華潤電力,,SecurityBoard.HKEquity,2000,5177057740.0,5177057740.0,0,0,0,1
00837,837.HK,譚木匠,譚木匠,,SecurityBoard.HKEquity,500,248714000.0,248714000.0,0,0,0,1
00838,838.HK,億和控股,億和控股,,SecurityBoard.HKEquity,2000,1730437800.0,1730437800.0,0,0,0,1
00839,839.HK,中教控股,中教控股,,SecurityBoard.HKEquity,1000,2800312865.0,2800312865.0,0,0,0,1
00840,840.HK,天業節水,天業節水,,SecurityBoard.HKEquity,2000,519521560.0,202400000.0,0,0,0,1
00841,841.HK,木薯資源,木薯資源,,SecurityBoard.HKEquity,2000,584726715.0,584726715.0,0,0,0,1
00842,842.HK,理士國際,理士國際,,SecurityBoard.HKEquity,1000,1433074857.0,1433074857.0,0,0,0,1
00844,844.HK,廣泰國際控股,廣泰國際控股,,SecurityBoard.HKEquity,4000,494335330.0,494335330.0,0,0,0,1
00845,845.HK,恒盛地產,恆盛地產,,SecurityBoard.HKEquity,1000,7792645623.0,7792645623.0,0,0,0,1
00846,846.HK,明發集團,明發集團,,SecurityBoard.HKEquity,1000,6093451026.0,6093451026.0,0,0,0,1
00848,848.HK,茂業國際,茂業國際,,SecurityBoard.HKEquity,1000,5140326000.0,5140326000.0,0,0,0,1
00851,851.HK,盛源控股,盛源控股,,SecurityBoard.HKEquity,10000,881970541.0,881970541.0,0,0,0,1
00852,852.HK,海峽石油化工,海峽石油化工,,SecurityBoard.HKEquity,2000,2123364090.0,2123364090.0,0,0,0,1
00853,853.HK,微創醫療,微創醫療,,SecurityBoard.HKEquity,100,1917386655.0,1917386655.0,0,0,0,1
00854,854.HK,威雅利,威雅利,,SecurityBoard.HKEquity,1000,102989049.0,102989049.0,0,0,0,1
00855,855.HK,中國水務,中國水務,,SecurityBoard.HKEquity,2000,1626712346.0,1626712346.0,0,0,0,1
00856,856.HK,偉仕佳杰,偉仕佳傑,,SecurityBoard.HKEquity,2000,1429787998.0,1429787998.0,0,0,0,1
00857,857.HK,中國石油股份,中國石油股份,,SecurityBoard.HKEquity,2000,183020977818.0,21098900000.0,0,0,0,1
00858,858.HK,精優藥業,精優藥業,,SecurityBoard.HKEquity,10000,2900000000.0,2900000000.0,0,0,0,1
00859,859.HK,中昌國際控股,中昌國際控股,,SecurityBoard.HKEquity,2000,1125027072.0,1125027072.0,0,0,0,1
00860,860.HK,ＡＰＯＬＬＯ出行,APOLLO出行,,SecurityBoard.HKEquity,4000,1022438090.0,1022438090.0,0,0,0,1
00861,861.HK,神州控股,神州控股,,SecurityBoard.HKEquity,1000,1673607386.0,1673607386.0,0,0,0,1
00862,862.HK,遠見控股,遠見控股,,SecurityBoard.HKEquity,10000,392419046.0,392419046.0,0,0,0,1
00863,863.HK,ＯＳＬ集團,OSL集團,,SecurityBoard.HKEquity,500,902318602.0,902318602.0,0,0,0,1
00864,864.HK,永利地產發展,永利地產發展,,SecurityBoard.HKEquity,4000,386175758.0,386175758.0,0,0,0,1
00865,865.HK,建德國際控股,建德國際控股,,SecurityBoard.HKEquity,4000,5837989696.0,5837989696.0,0,0,0,1
00866,866.HK,中國秦發,中國秦發,,SecurityBoard.HKEquity,2000,2627413985.0,2627413985.0,0,0,0,1
00867,867.HK,康哲藥業,康哲藥業,,SecurityBoard.HKEquity,1000,2433131512.0,2433131512.0,0,0,0,1
00868,868.HK,信義玻璃,信義玻璃,,SecurityBoard.HKEquity,1000,4427425346.0,4427425346.0,0,0,0,1
00869,869.HK,彩星玩具,彩星玩具,,SecurityBoard.HKEquity,4000,1135000000.0,1135000000.0,0,0,0,1
00871,871.HK,中國疏浚環保,中國疏浚環保,,SecurityBoard.HKEquity,20000,1503881500.0,1503881500.0,0,0,0,1
00873,873.HK,世茂服務,世茂服務,,SecurityBoard.HKEquity,1000,2468173000.0,2468173000.0,0,0,0,1
00874,874.HK,白雲山,白雲山,,SecurityBoard.HKEquity,2000,1625790949.0,219900000.0,0,0,0,1
00875,875.HK,從玉智農,從玉智農,,SecurityBoard.HKEquity,2000,699046571.0,699046571.0,0,0,0,1
00876,876.HK,佳兆業健康,佳兆業健康,,SecurityBoard.HKEquity,2000,103632754.0,103632754.0,0,0,0,1
00878,878.HK,金朝陽集團,金朝陽集團,,SecurityBoard.HKEquity,500,283308635.0,283308635.0,0,0,0,1
00880,880.HK,澳博控股,澳博控股,,SecurityBoard.HKEquity,1000,7101805366.0,7101805366.0,0,0,0,1
00881,881.HK,中升控股,中升控股,,SecurityBoard.HKEquity,500,2366993863.0,2366993863.0,0,0,0,1
00882,882.HK,天津發展,天津發展,,SecurityBoard.HKEquity,2000,1072770125.0,1072770125.0,0,0,0,1
00883,883.HK,中國海洋石油,中國海洋石油,,SecurityBoard.HKEquity,1000,47529953984.0,44539953984.0,0,0,0,1
00884,884.HK,旭輝控股集團,旭輝控股集團,,SecurityBoard.HKEquity,2000,18847752243.0,18847752243.0,0,0,0,1
00887,887.HK,英皇鐘錶珠寶,英皇鐘表珠寶,,SecurityBoard.HKEquity,10000,7256708129.0,7256708129.0,0,0,0,1
00888,888.HK,鏈信控股,鏈信控股,,SecurityBoard.HKEquity,2000,1421838398.0,1421838398.0,0,0,0,1
00889,889.HK,連達科技控股,連達科技控股,,SecurityBoard.HKEquity,2000,320000000.0,320000000.0,0,0,0,1
00893,893.HK,中國鐵鈦,中國鐵鈦,,SecurityBoard.HKEquity,1000,2249015410.0,2249015410.0,0,0,0,1
00894,894.HK,萬裕科技,萬裕科技,,SecurityBoard.HKEquity,2000,479322470.0,479322470.0,0,0,0,1
00895,895.HK,東江環保,東江環保,,SecurityBoard.HKEquity,200,1105255802.0,200137500.0,0,0,0,1
00896,896.HK,興勝創建,興勝創建,,SecurityBoard.HKEquity,2000,1073074676.0,1073074676.0,0,0,0,1
00897,897.HK,位元堂,位元堂,,SecurityBoard.HKEquity,5000,1114382888.0,1114382888.0,0,0,0,1
00898,898.HK,萬事昌國際,萬事昌國際,,SecurityBoard.HKEquity,2000,836074218.0,836074218.0,0,0,0,1
00899,899.HK,中加國信,中加國信,,SecurityBoard.HKEquity,10000,445159008.0,445159008.0,0,0,0,1
00900,900.HK,AEON CREDIT,Aeon信貸,,SecurityBoard.HKEquity,2000,418765600.0,418765600.0,0,0,0,1
00901,901.HK,華曦達,華曦達,,SecurityBoard.HKEquity,100,209540070.0,209393562.0,0,0,0,1
00902,902.HK,華能國際電力股份,華能國際電力股份,,SecurityBoard.HKEquity,2000,15698093359.0,4700383440.0,0,0,0,1
00905,905.HK,胡桃資本,胡桃資本,,SecurityBoard.HKEquity,16000,1050500887.0,1050500887.0,0,0,0,1
00907,907.HK,高雅光學,高雅光學,,SecurityBoard.HKEquity,20000,872863684.0,872863684.0,0,0,0,1
00909,909.HK,明源雲,明源雲,,SecurityBoard.HKEquity,1000,1898429020.0,1898429020.0,0,0,0,1
00910,910.HK,中國三迪,中國三迪,,SecurityBoard.HKEquity,6000,5088207546.0,5088207546.0,0,0,0,1
00911,911.HK,前海健康,前海健康,,SecurityBoard.HKEquity,10000,169445000.0,169445000.0,0,0,0,1
00912,912.HK,信佳國際,信佳國際,,SecurityBoard.HKEquity,2000,284790000.0,284790000.0,0,0,0,1
00913,913.HK,港灣數字,港灣數字,,SecurityBoard.HKEquity,10000,887045040.0,887045040.0,0,0,0,1
00914,914.HK,海螺水泥,海螺水泥,,SecurityBoard.HKEquity,500,5264895044.0,1287435000.0,0,0,0,1
00915,915.HK,道和環球,道和環球,,SecurityBoard.HKEquity,1000,1509592701.0,1509592701.0,0,0,0,1
00916,916.HK,龍源電力,龍源電力,,SecurityBoard.HKEquity,1000,8359816164.0,3317882000.0,0,0,0,1
00917,917.HK,趣致集團,趣致集團,,SecurityBoard.HKEquity,100,264898646.0,264898646.0,0,0,0,1
00918,918.HK,龍翼航空科技,龍翼航空科技,,SecurityBoard.HKEquity,6000,1114069159.0,1114069159.0,0,0,0,1
00919,919.HK,現代健康科技,現代健康科技,,SecurityBoard.HKEquity,4000,904483942.0,904483942.0,0,0,0,1
00921,921.HK,海信家電,海信家電,,SecurityBoard.HKEquity,1000,1384861171.0,459589808.0,0,0,0,1
00922,922.HK,安賢園中國,安賢園中國,,SecurityBoard.HKEquity,10000,2221363150.0,2221363150.0,0,0,0,1
00923,923.HK,綜合環保集團,綜合環保集團,,SecurityBoard.HKEquity,2000,4823009000.0,4823009000.0,0,0,0,1
00924,924.HK,坤集團,坤集團,,SecurityBoard.HKEquity,8000,1000000000.0,1000000000.0,0,0,0,1
00926,926.HK,碧生源,碧生源,,SecurityBoard.HKEquity,1000,122265585.0,122265585.0,0,0,0,1
00927,927.HK,富士高實業,富士高實業,,SecurityBoard.HKEquity,2000,511005000.0,511005000.0,0,0,0,1
00928,928.HK,帝王國際投資,帝王國際投資,,SecurityBoard.HKEquity,20000,1850425060.0,1850425060.0,0,0,0,1
00929,929.HK,國際精密,國際精密,,SecurityBoard.HKEquity,5000,1052254135.0,1052254135.0,0,0,0,1
00931,931.HK,中國港能,中國港能,,SecurityBoard.HKEquity,2000,8157900589.0,8157900589.0,0,0,0,1
00932,932.HK,順騰國際控股,順騰國際控股,,SecurityBoard.HKEquity,4000,3107893440.0,3107893440.0,0,0,0,1
00933,933.HK,非凡領越,非凡領越,,SecurityBoard.HKEquity,8000,9958575244.0,9958575244.0,0,0,0,1
00934,934.HK,中石化冠德,中石化冠德,,SecurityBoard.HKEquity,2000,2486160000.0,2486160000.0,0,0,0,1
00936,936.HK,佳兆業資本,佳兆業資本,,SecurityBoard.HKEquity,10000,1060000000.0,1060000000.0,0,0,0,1
00938,938.HK,民生國際,民生國際,,SecurityBoard.HKEquity,2000,647198595.0,647198595.0,0,0,0,1
00939,939.HK,建設銀行,建設銀行,,SecurityBoard.HKEquity,1000,261600381459.0,240417319880.0,0,0,0,1
00941,941.HK,中國移動,中國移動,,SecurityBoard.HKEquity,500,21690937654.0,20788169787.0,0,0,0,1
00943,943.HK,中證國際,中證國際,,SecurityBoard.HKEquity,16000,2060601229.0,2060601229.0,0,0,0,1
00945,945.HK,宏利金融－Ｓ,宏利金融-S,,SecurityBoard.HKEquity,100,1656816042.0,1656816042.0,0,0,0,1
00947,947.HK,摩比發展,摩比發展,,SecurityBoard.HKEquity,1000,796845094.0,796845094.0,0,0,0,1
00948,948.HK,阿爾法企業,阿爾法企業-一萬,,SecurityBoard.HKEquity,10000,412280383.0,412280383.0,0,0,0,1
00950,950.HK,李氏大藥廠,李氏大藥廠,,SecurityBoard.HKEquity,500,588835343.0,588835343.0,0,0,0,1
00951,951.HK,超威動力,超威動力,,SecurityBoard.HKEquity,1000,1104126979.0,1104126979.0,0,0,0,1
00952,952.HK,華富建業金融,華富建業金融,,SecurityBoard.HKEquity,10000,6197049220.0,6197049220.0,0,0,0,1
00953,953.HK,邵氏兄弟控股,邵氏兄弟控股,,SecurityBoard.HKEquity,2000,1419610000.0,1419610000.0,0,0,0,1
00954,954.HK,常茂生物,常茂生物,,SecurityBoard.HKEquity,4000,529700000.0,183700000.0,0,0,0,1
00956,956.HK,新天綠色能源,新天綠色能源,,SecurityBoard.HKEquity,1000,4500267473.0,2146004396.0,0,0,0,1
00959,959.HK,世紀娛樂國際,世紀娛樂國際,,SecurityBoard.HKEquity,10000,128247561.0,128247561.0,0,0,0,1
00960,960.HK,龍湖集團,龍湖集團,,SecurityBoard.HKEquity,500,7097402528.0,7097402528.0,0,0,0,1
00966,966.HK,中國太平,中國太平,,SecurityBoard.HKEquity,200,3594018538.0,3594018538.0,0,0,0,1
00968,968.HK,信義光能,信義光能,,SecurityBoard.HKEquity,2000,9147043615.0,9147043615.0,0,0,0,1
00969,969.HK,華聯國際,華聯國際,,SecurityBoard.HKEquity,2000,2191180000.0,2191180000.0,0,0,0,1
00970,970.HK,新耀萊,新耀萊,,SecurityBoard.HKEquity,2000,675362170.0,675362170.0,0,0,0,1
00974,974.HK,中國順客隆,中國順客隆,,SecurityBoard.HKEquity,1000,290457000.0,290457000.0,0,0,0,1
00975,975.HK,MONGOL MINING,蒙古焦煤,,SecurityBoard.HKEquity,3000,1025766286.0,1025766286.0,0,0,0,1
00976,976.HK,齊合環保,齊合環保,,SecurityBoard.HKEquity,2000,1605152291.0,1605152291.0,0,0,0,1
00978,978.HK,招商局置地,招商局置地,,SecurityBoard.HKEquity,2000,4905257860.0,4905257860.0,0,0,0,1
00979,979.HK,綠色能源科技集團,綠色能源科技集團,,SecurityBoard.HKEquity,2000,1356308176.0,1356308176.0,0,0,0,1
00980,980.HK,聯華超市,聯華超市,,SecurityBoard.HKEquity,1000,1479600000.0,372600000.0,0,0,0,1
00981,981.HK,中芯國際,中芯國際,,SecurityBoard.HKEquity,500,8561151853.0,6014407231.0,0,0,0,1
00983,983.HK,瑞安建業,瑞安建業,,SecurityBoard.HKEquity,2000,373346164.0,373346164.0,0,0,0,1
00984,984.HK,永旺,永旺,,SecurityBoard.HKEquity,500,260000000.0,260000000.0,0,0,0,1
00986,986.HK,杜甫酒業集團,杜甫酒業集團,,SecurityBoard.HKEquity,5000,129470550.0,129470550.0,0,0,0,1
00987,987.HK,中國再生能源投資,中國再生能源投資,,SecurityBoard.HKEquity,2000,2506157464.0,2506157464.0,0,0,0,1
00989,989.HK,中國長白山國際,中國長白山國際,,SecurityBoard.HKEquity,10000,360181940.0,360181940.0,0,0,0,1
00990,990.HK,至源控股,至源控股,,SecurityBoard.HKEquity,10000,14770434631.0,14770434631.0,0,0,0,1
00991,991.HK,大唐發電,大唐發電,,SecurityBoard.HKEquity,2000,18506710504.0,6110621398.0,0,0,0,1
00992,992.HK,聯想集團,聯想集團,,SecurityBoard.HKEquity,2000,12414766938.0,12414766938.0,0,0,0,1
00993,993.HK,信控國際資本,信控國際資本,,SecurityBoard.HKEquity,1000,8709586011.0,8709586011.0,0,0,0,1
00994,994.HK,中天宏信,中天宏信,,SecurityBoard.HKEquity,4000,1291006000.0,1291006000.0,0,0,0,1
00995,995.HK,安徽皖通高速公路,安徽皖通高速公路,,SecurityBoard.HKEquity,2000,1708591889.0,542991889.0,0,0,0,1
00997,997.HK,普匯中金國際,普匯中金國際,,SecurityBoard.HKEquity,8000,1169287752.0,1169287752.0,0,0,0,1
00998,998.HK,中信銀行,中信銀行,,SecurityBoard.HKEquity,1000,55645162264.0,14882162977.0,0,0,0,1
00999,999.HK,小菜園,小菜園,,SecurityBoard.HKEquity,800,1165026800.0,1165026800.0,0,0,0,1
01000,1000.HK,北青傳媒,北青傳媒,,SecurityBoard.HKEquity,500,197310000.0,54901000.0,0,0,0,1
01001,1001.HK,滬港聯合,滬港聯合,,SecurityBoard.HKEquity,2000,636508315.0,636508315.0,0,0,0,1
01002,1002.HK,威鋮國際,威鋮國際,,SecurityBoard.HKEquity,4000,2778834792.0,2778834792.0,0,0,0,1
01003,1003.HK,歡喜傳媒,歡喜傳媒,,SecurityBoard.HKEquity,10000,4384110362.0,4384110362.0,0,0,0,1
01004,1004.HK,中國智慧能源,中國智慧能源,,SecurityBoard.HKEquity,10000,468717568.0,468717568.0,0,0,0,1
01005,1005.HK,MATRIX HOLDINGS,美力時,,SecurityBoard.HKEquity,2000,756203313.0,756203313.0,0,0,0,1
01007,1007.HK,龍輝國際控股,龍輝國際控股,,SecurityBoard.HKEquity,4000,189592867.0,189592867.0,0,0,0,1
01008,1008.HK,力圖控股,力圖控股,,SecurityBoard.HKEquity,2000,1567884634.0,1567884634.0,0,0,0,1
01009,1009.HK,國際娛樂,國際娛樂,,SecurityBoard.HKEquity,10000,1369157235.0,1369157235.0,0,0,0,1
01010,1010.HK,天璽曜１１,天璽曜11,,SecurityBoard.HKEquity,2000,444294170.0,444294170.0,0,0,0,1
01011,1011.HK,泰凌醫藥,泰凌醫藥,,SecurityBoard.HKEquity,10000,1796563586.0,1796563586.0,0,0,0,1
01013,1013.HK,偉俊集團控股,偉俊集團控股,,SecurityBoard.HKEquity,10000,267389531.0,267389531.0,0,0,0,1
01020,1020.HK,中細軟科技,中細軟科技,,SecurityBoard.HKEquity,4000,5983182005.0,5983182005.0,0,0,0,1
01021,1021.HK,華沿機器人,華沿機器人,,SecurityBoard.HKEquity,200,557066580.0,539038780.0,0,0,0,1
01022,1022.HK,飛魚科技,飛魚科技,,SecurityBoard.HKEquity,1500,1749442062.0,1749442062.0,0,0,0,1
01023,1023.HK,時代集團控股,時代集團控股,,SecurityBoard.HKEquity,1000,965430000.0,965430000.0,0,0,0,1
01024,1024.HK,快手－Ｗ,快手-W,,SecurityBoard.HKEquity,100,4326961215.0,4326961215.0,0,0,0,1
01025,1025.HK,嘉藝控股,嘉藝控股,,SecurityBoard.HKEquity,8000,447367440.0,447367440.0,0,0,0,1
01026,1026.HK,環球實業科技,環球實業科技,,SecurityBoard.HKEquity,10000,5513000000.0,5513000000.0,0,0,0,1
01027,1027.HK,亞洲策略科技,亞洲策略(一千),,SecurityBoard.HKEquity,1000,417550000.0,417550000.0,0,0,0,1
01028,1028.HK,千百度,千百度,,SecurityBoard.HKEquity,1000,2492400000.0,2492400000.0,0,0,0,1
01029,1029.HK,鐵貨,鐵貨,,SecurityBoard.HKEquity,4000,1916922882.0,1916922882.0,0,0,0,1
01030,1030.HK,新城發展,新城發展,,SecurityBoard.HKEquity,2000,7263741521.0,7263741521.0,0,0,0,1
01033,1033.HK,中石化油服,中石化油服,,SecurityBoard.HKEquity,2000,18957045833.0,5410033482.0,0,0,0,1
01036,1036.HK,萬科海外,萬科海外,,SecurityBoard.HKEquity,1000,389527932.0,389527932.0,0,0,0,1
01037,1037.HK,雲智匯科技,雲智匯科技,,SecurityBoard.HKEquity,2000,706173448.0,706173448.0,0,0,0,1
01038,1038.HK,長江基建集團,長江基建集團,,SecurityBoard.HKEquity,500,2519610945.0,2519610945.0,0,0,0,1
01039,1039.HK,暢由國際集團,暢由國際集團,,SecurityBoard.HKEquity,1000,1810953272.0,1810953272.0,0,0,0,1
01044,1044.HK,恒安國際,恆安國際,,SecurityBoard.HKEquity,500,1155320917.0,1155320917.0,0,0,0,1
01045,1045.HK,亞太衛星,亞太衛星,,SecurityBoard.HKEquity,2000,928572500.0,928572500.0,0,0,0,1
01046,1046.HK,寰宇娛樂文化,寰宇娛樂文化,,SecurityBoard.HKEquity,5000,906632276.0,906632276.0,0,0,0,1
01047,1047.HK,毅興行,毅興行,,SecurityBoard.HKEquity,2000,369200000.0,369200000.0,0,0,0,1
01049,1049.HK,時富投資,時富投資,,SecurityBoard.HKEquity,2000,80698181.0,80698181.0,0,0,0,1
01050,1050.HK,嘉利國際,嘉利國際,,SecurityBoard.HKEquity,2000,2087525200.0,2087525200.0,0,0,0,1
01051,1051.HK,國際資源,國際資源,,SecurityBoard.HKEquity,1000,450814079.0,450814079.0,0,0,0,1
01052,1052.HK,越秀交通基建,越秀交通基建,,SecurityBoard.HKEquity,2000,1673162295.0,1673162295.0,0,0,0,1
01053,1053.HK,重慶鋼鐵股份,重慶鋼鐵股份,,SecurityBoard.HKEquity,2000,9609339524.0,538127200.0,0,0,0,1
01055,1055.HK,中國南方航空股份,中國南方航空股份,,SecurityBoard.HKEquity,2000,18120970492.0,4643997308.0,0,0,0,1
01057,1057.HK,浙江世寶,浙江世寶,,SecurityBoard.HKEquity,2000,822632384.0,216785000.0,0,0,0,1
01058,1058.HK,南粵控股,南粵控股,,SecurityBoard.HKEquity,2000,538019000.0,538019000.0,0,0,0,1
01059,1059.HK,看通集團,看通集團,,SecurityBoard.HKEquity,3000,375033506.0,375033506.0,0,0,0,1
01060,1060.HK,大麥娛樂,大麥娛樂,,SecurityBoard.HKEquity,10000,29976756325.0,29976756325.0,0,0,0,1
01061,1061.HK,億勝生物科技,億勝生物科技,,SecurityBoard.HKEquity,1000,565062000.0,565062000.0,0,0,0,1
01062,1062.HK,國開國際投資,國開國際投資,,SecurityBoard.HKEquity,10000,2902215360.0,2902215360.0,0,0,0,1
01063,1063.HK,新確科技,新確科技(新),,SecurityBoard.HKEquity,5000,307707313.0,307707313.0,0,0,0,1
01064,1064.HK,中華國際,中華國際,,SecurityBoard.HKEquity,5000,768616520.0,768616520.0,0,0,0,1
01065,1065.HK,天津創業環保股份,天津創業環保股份,,SecurityBoard.HKEquity,2000,1570418085.0,340000000.0,0,0,0,1
01066,1066.HK,威高股份,威高股份,,SecurityBoard.HKEquity,400,4506848324.0,4458548324.0,0,0,0,1
01068,1068.HK,雨潤食品,雨潤食品,,SecurityBoard.HKEquity,1000,1822755650.0,1822755650.0,0,0,0,1
01069,1069.HK,中國健康科技集團,中國健康科技集團,,SecurityBoard.HKEquity,10000,308772660.0,308772660.0,0,0,0,1
01070,1070.HK,ＴＣＬ電子,TCL電子,,SecurityBoard.HKEquity,1000,2520935155.0,2520935155.0,0,0,0,1
01071,1071.HK,華電國際電力股份,華電國際電力股份,,SecurityBoard.HKEquity,2000,11611774184.0,1717233600.0,0,0,0,1
01072,1072.HK,東方電氣,東方電氣,,SecurityBoard.HKEquity,200,3458360326.0,408000000.0,0,0,0,1
01073,1073.HK,大禹金融,大禹金融,,SecurityBoard.HKEquity,5000,3417990570.0,3417990570.0,0,0,0,1
01075,1075.HK,首都信息,首都信息,,SecurityBoard.HKEquity,1000,289808609.0,77449800.0,0,0,0,1
01079,1079.HK,松景科技,松景科技,,SecurityBoard.HKEquity,10000,2140052608.0,2140052608.0,0,0,0,1
01080,1080.HK,勝利管道,勝利管道,,SecurityBoard.HKEquity,1500,3874365600.0,3874365600.0,0,0,0,1
01081,1081.HK,大金重工,大金重工,,SecurityBoard.HKEquity,100,740085849.0,102336500.0,0,0,0,1
01082,1082.HK,源宇宙教育,源宇宙教育,,SecurityBoard.HKEquity,4000,608046880.0,608046880.0,0,0,0,1
01083,1083.HK,港華智慧能源,港華智慧能源,,SecurityBoard.HKEquity,1000,3781285868.0,3781285868.0,0,0,0,1
01084,1084.HK,綠新生物科技,綠新生物科技,,SecurityBoard.HKEquity,2000,874120000.0,874120000.0,0,0,0,1
01085,1085.HK,亨鑫科技,亨鑫科技,,SecurityBoard.HKEquity,2000,465600000.0,465600000.0,0,0,0,1
01086,1086.HK,好孩子國際,好孩子國際,,SecurityBoard.HKEquity,1000,1673332166.0,1673332166.0,0,0,0,1
01087,1087.HK,威訊控股,威訊控股,,SecurityBoard.HKEquity,2000,239865600.0,239865600.0,0,0,0,1
01088,1088.HK,中國神華,中國神華,,SecurityBoard.HKEquity,500,21689434304.0,3377482000.0,0,0,0,1
01090,1090.HK,大明國際,大明國際,,SecurityBoard.HKEquity,2000,1274528000.0,1274528000.0,0,0,0,1
01091,1091.HK,南方錳業,南方錳業,,SecurityBoard.HKEquity,1000,4936980960.0,4936980960.0,0,0,0,1
01093,1093.HK,石藥集團,石藥集團,,SecurityBoard.HKEquity,2000,11522451732.0,11522451732.0,0,0,0,1
01094,1094.HK,承輝國際,承輝國際,,SecurityBoard.HKEquity,8000,711015213.0,711015213.0,0,0,0,1
01097,1097.HK,周大福媒體娛樂,周大福媒體娛樂,,SecurityBoard.HKEquity,20000,7134623520.0,7134623520.0,0,0,0,1
01098,1098.HK,路勁,路勁,,SecurityBoard.HKEquity,1000,749336566.0,749336566.0,0,0,0,1
01099,1099.HK,國藥控股,國藥控股,,SecurityBoard.HKEquity,400,3120656191.0,1341810740.0,0,0,0,1
01100,1100.HK,飛達控股,飛達控股,,SecurityBoard.HKEquity,2000,429164448.0,429164448.0,0,0,0,1
01101,1101.HK,華榮能源,華榮能源,,SecurityBoard.HKEquity,2000,4770491507.0,4770491507.0,0,0,0,1
01102,1102.HK,環能國際,環能國際,,SecurityBoard.HKEquity,2000,2799385743.0,2799385743.0,0,0,0,1
01104,1104.HK,亞太資源,亞太資源,,SecurityBoard.HKEquity,20000,1495524901.0,1495524901.0,0,0,0,1
01105,1105.HK,星島,星島,,SecurityBoard.HKEquity,2000,880543017.0,880543017.0,0,0,0,1
01107,1107.HK,當代置業,當代置業,,SecurityBoard.HKEquity,2000,2794994650.0,2794994650.0,0,0,0,1
01108,1108.HK,凱盛新能,凱盛新能,,SecurityBoard.HKEquity,2000,645674963.0,250000000.0,0,0,0,1
01109,1109.HK,華潤置地,華潤置地,,SecurityBoard.HKEquity,500,7130939579.0,7130939579.0,0,0,0,1
01110,1110.HK,金活醫藥集團,金活醫藥集團,,SecurityBoard.HKEquity,4000,622500000.0,622500000.0,0,0,0,1
01111,1111.HK,華視集團控股,華視集團控股,,SecurityBoard.HKEquity,4000,770650000.0,770650000.0,0,0,0,1
01112,1112.HK,Ｈ＆Ｈ國際控股,H&H國際控股,,SecurityBoard.HKEquity,500,645561354.0,645561354.0,0,0,0,1
01113,1113.HK,長實集團,長實集團,,SecurityBoard.HKEquity,500,3499778333.0,3499778333.0,0,0,0,1
01114,1114.HK,BRILLIANCE CHI,華晨中國,,SecurityBoard.HKEquity,2000,5045269388.0,5045269388.0,0,0,0,1
01115,1115.HK,５１００藏冰川,5100藏冰川,,SecurityBoard.HKEquity,10000,5631278901.0,5631278901.0,0,0,0,1
01116,1116.HK,慧源同創科技,慧源同創科技,,SecurityBoard.HKEquity,10000,2158000000.0,2158000000.0,0,0,0,1
01117,1117.HK,現代牧業,現代牧業,,SecurityBoard.HKEquity,1000,7915662048.0,7915662048.0,0,0,0,1
01118,1118.HK,高力集團,高力集團,,SecurityBoard.HKEquity,10000,574378128.0,574378128.0,0,0,0,1
01119,1119.HK,創夢天地,創夢天地,,SecurityBoard.HKEquity,400,2041015665.0,2041015665.0,0,0,0,1
01120,1120.HK,雅視光學,雅視光學,,SecurityBoard.HKEquity,2000,386263374.0,386263374.0,0,0,0,1
01121,1121.HK,金陽新能源,金陽新能源,,SecurityBoard.HKEquity,2000,1924269608.0,1924269608.0,0,0,0,1
01122,1122.HK,慶鈴汽車股份,慶鈴汽車股份,,SecurityBoard.HKEquity,2000,2482268268.0,1238651865.0,0,0,0,1
01123,1123.HK,中港照相,中港照相,,SecurityBoard.HKEquity,2000,1185318349.0,1185318349.0,0,0,0,1
01124,1124.HK,沿海家園,沿海家園,,SecurityBoard.HKEquity,10000,414602028.0,414602028.0,0,0,0,1
01125,1125.HK,麗豐控股,麗豐控股,,SecurityBoard.HKEquity,400,331033443.0,331033443.0,0,0,0,1
01126,1126.HK,德林國際,德林國際,,SecurityBoard.HKEquity,500,676865000.0,676865000.0,0,0,0,1
01127,1127.HK,獅子山集團,獅子山集團,,SecurityBoard.HKEquity,4000,770000000.0,770000000.0,0,0,0,1
01128,1128.HK,永利澳門,永利澳門,,SecurityBoard.HKEquity,400,5300947600.0,5300947600.0,0,0,0,1
01129,1129.HK,中國水業集團,中國水業集團,,SecurityBoard.HKEquity,4000,632193928.0,632193928.0,0,0,0,1
01130,1130.HK,中國環境資源,中國環境資源,,SecurityBoard.HKEquity,20000,562869147.0,562869147.0,0,0,0,1
01132,1132.HK,橙天嘉禾,橙天嘉禾,,SecurityBoard.HKEquity,5000,2799669050.0,2799669050.0,0,0,0,1
01133,1133.HK,哈爾濱電氣,哈爾濱電氣,,SecurityBoard.HKEquity,2000,2236276000.0,675571000.0,0,0,0,1
01134,1134.HK,恒發光學,恆發光學,,SecurityBoard.HKEquity,4000,500000000.0,500000000.0,0,0,0,1
01137,1137.HK,香港科技探索,香港科技探索,,SecurityBoard.HKEquity,1000,791473781.0,791473781.0,0,0,0,1
01138,1138.HK,中遠海能,中遠海能,,SecurityBoard.HKEquity,2000,5471214178.0,1296000000.0,0,0,0,1
01140,1140.HK,華科智能投資,華科智能投資,,SecurityBoard.HKEquity,4000,11657280502.0,11657280502.0,0,0,0,1
01141,1141.HK,民銀資本,民銀資本,,SecurityBoard.HKEquity,1000,1096968693.0,1096968693.0,0,0,0,1
01142,1142.HK,能源及能量環球,能源及能量環球,,SecurityBoard.HKEquity,2000,14281801041.0,14281801041.0,0,0,0,1
01145,1145.HK,勇利投資,勇利投資,,SecurityBoard.HKEquity,20000,1097703568.0,1097703568.0,0,0,0,1
01146,1146.HK,匯成國際控股,匯成國際控股,,SecurityBoard.HKEquity,2000,3545450000.0,3545450000.0,0,0,0,1
01147,1147.HK,伊登軟件,伊登軟件,,SecurityBoard.HKEquity,10000,2044947350.0,2044947350.0,0,0,0,1
01148,1148.HK,新晨動力,新晨動力,,SecurityBoard.HKEquity,1000,1282211794.0,1282211794.0,0,0,0,1
01150,1150.HK,米蘭站,米蘭站,,SecurityBoard.HKEquity,10000,1056936650.0,1056936650.0,0,0,0,1
01152,1152.HK,正乾金融控股,正乾金融控股,,SecurityBoard.HKEquity,2000,3497719836.0,3497719836.0,0,0,0,1
01153,1153.HK,佳源服務,佳源服務,,SecurityBoard.HKEquity,1000,672209000.0,672209000.0,0,0,0,1
01156,1156.HK,CHINANEWENERGY,CHINANEWENERGY,,SecurityBoard.HKEquity,4000,707710677.0,707710677.0,0,0,0,1
01157,1157.HK,中聯重科,中聯重科,,SecurityBoard.HKEquity,200,8648535236.0,1552507548.0,0,0,0,1
01159,1159.HK,智數科技集團,智數科技集團,,SecurityBoard.HKEquity,2000,141856479.0,141856479.0,0,0,0,1
01160,1160.HK,金石資本集團,金石資本集團,,SecurityBoard.HKEquity,100000,237271250.0,237271250.0,0,0,0,1
01161,1161.HK,奧思集團,奧思集團,,SecurityBoard.HKEquity,2000,680552764.0,680552764.0,0,0,0,1
01162,1162.HK,瑩嵐集團,瑩嵐集團,,SecurityBoard.HKEquity,8000,600000000.0,600000000.0,0,0,0,1
01163,1163.HK,虎視傳媒,虎視傳媒,,SecurityBoard.HKEquity,2500,896400000.0,896400000.0,0,0,0,1
01164,1164.HK,中廣核礦業,中廣核礦業,,SecurityBoard.HKEquity,5000,7600682645.0,7600682645.0,0,0,0,1
01165,1165.HK,順風清潔能源,順風清潔能源,,SecurityBoard.HKEquity,2000,5082375490.0,5082375490.0,0,0,0,1
01166,1166.HK,星凱控股,星凱控股,,SecurityBoard.HKEquity,10000,142466617.0,142466617.0,0,0,0,1
01167,1167.HK,加科思－Ｂ,加科思-B,,SecurityBoard.HKEquity,300,782178180.0,782178180.0,0,0,0,1
01168,1168.HK,Z FIN,Z FIN,,SecurityBoard.HKEquity,1000,436347212.0,436347212.0,0,0,0,1
01170,1170.HK,信星集團,信星集團,,SecurityBoard.HKEquity,2000,666999445.0,666999445.0,0,0,0,1
01171,1171.HK,兗礦能源,兗礦能源,,SecurityBoard.HKEquity,2000,10036852020.0,4075500000.0,0,0,0,1
01172,1172.HK,融太集團,融太集團,,SecurityBoard.HKEquity,20000,5779196660.0,5779196660.0,0,0,0,1
01173,1173.HK,威高國際,威高國際,,SecurityBoard.HKEquity,20000,2518001334.0,2518001334.0,0,0,0,1
01176,1176.HK,珠光控股,珠光控股,,SecurityBoard.HKEquity,2000,8850632753.0,8850632753.0,0,0,0,1
01177,1177.HK,中國生物製藥,中國生物制藥,,SecurityBoard.HKEquity,1000,18682952230.0,18682952230.0,0,0,0,1
01179,1179.HK,華住集團－Ｓ,華住集團-S,,SecurityBoard.HKEquity,100,3075238190.0,3075238190.0,0,0,0,1
01180,1180.HK,匯彩控股,匯彩控股,,SecurityBoard.HKEquity,4000,1052185315.0,1052185315.0,0,0,0,1
01181,1181.HK,唐宮中國,唐宮中國,,SecurityBoard.HKEquity,2000,1076027500.0,1076027500.0,0,0,0,1
01182,1182.HK,勝龍國際,勝龍國際,,SecurityBoard.HKEquity,5000,340814567.0,340814567.0,0,0,0,1
01183,1183.HK,澳能建設,澳能建設,,SecurityBoard.HKEquity,2000,3980719188.0,3980719188.0,0,0,0,1
01184,1184.HK,S.A.S. DRAGON,時捷集團,,SecurityBoard.HKEquity,2000,625837440.0,625837440.0,0,0,0,1
01186,1186.HK,中國鐵建,中國鐵建,,SecurityBoard.HKEquity,500,13579541500.0,2076296000.0,0,0,0,1
01187,1187.HK,可孚醫療,可孚醫療,,SecurityBoard.HKEquity,100,235897000.0,27000000.0,0,0,0,1
01188,1188.HK,正道集團,正道集團,,SecurityBoard.HKEquity,2000,20352872747.0,20352872747.0,0,0,0,1
01191,1191.HK,海光芯正,海光芯正,,SecurityBoard.HKEquity,50,91556745.0,91556745.0,0,0,0,1
01193,1193.HK,華潤燃氣,華潤燃氣,,SecurityBoard.HKEquity,100,2314012871.0,2314012871.0,0,0,0,1
01195,1195.HK,京維集團,京維集團,,SecurityBoard.HKEquity,4000,2894091737.0,2894091737.0,0,0,0,1
01196,1196.HK,偉祿科技股份,偉祿科技股份,,SecurityBoard.HKEquity,2000,1442309880.0,1442309880.0,0,0,0,1
01198,1198.HK,皇朝家居,皇朝家居,,SecurityBoard.HKEquity,2000,2598561326.0,2598561326.0,0,0,0,1
01199,1199.HK,中遠海運港口,中遠海運港口,,SecurityBoard.HKEquity,2000,4016710738.0,4016710738.0,0,0,0,1
01200,1200.HK,美聯集團,美聯集團,,SecurityBoard.HKEquity,2000,716896005.0,716896005.0,0,0,0,1
01201,1201.HK,天臣控股,天臣控股,,SecurityBoard.HKEquity,3000,439685228.0,439685228.0,0,0,0,1
01202,1202.HK,四威科技,四威科技,,SecurityBoard.HKEquity,2000,400000000.0,160000000.0,0,0,0,1
01203,1203.HK,廣南（集團）,廣南(集團),,SecurityBoard.HKEquity,2000,907593285.0,907593285.0,0,0,0,1
01204,1204.HK,博維智慧,博維智慧,,SecurityBoard.HKEquity,2000,500000000.0,500000000.0,0,0,0,1
01205,1205.HK,中信資源,中信資源,,SecurityBoard.HKEquity,2000,7857727149.0,7857727149.0,0,0,0,1
01206,1206.HK,同方泰德,同方泰德,,SecurityBoard.HKEquity,2000,782192189.0,782192189.0,0,0,0,1
01208,1208.HK,五礦資源,五礦資源,,SecurityBoard.HKEquity,4000,12846422416.0,12846422416.0,0,0,0,1
01209,1209.HK,華潤萬象生活,華潤萬象生活,,SecurityBoard.HKEquity,200,2282500000.0,2282500000.0,0,0,0,1
01211,1211.HK,比亞迪股份,比亞迪股份,,SecurityBoard.HKEquity,100,9117197565.0,3683400000.0,0,0,0,1
01213,1213.HK,萬保剛集團,萬保剛集團,,SecurityBoard.HKEquity,2000,200000000.0,200000000.0,0,0,0,1
01215,1215.HK,開源控股,開源控股,,SecurityBoard.HKEquity,20000,12778879806.0,12778879806.0,0,0,0,1
01216,1216.HK,中原銀行,中原銀行,,SecurityBoard.HKEquity,1000,36549823322.0,6945000000.0,0,0,0,1
01217,1217.HK,中國創新投資,中國創新投資,,SecurityBoard.HKEquity,40000,12801578629.0,12801578629.0,0,0,0,1
01218,1218.HK,永義國際,永義國際,,SecurityBoard.HKEquity,1000,147976806.0,147976806.0,0,0,0,1
01220,1220.HK,志道國際,志道國際,,SecurityBoard.HKEquity,30000,2080000000.0,2080000000.0,0,0,0,1
01221,1221.HK,SINO HOTELS,信和酒店,,SecurityBoard.HKEquity,2000,1198009674.0,1198009674.0,0,0,0,1
01222,1222.HK,WANG ON GROUP,宏安集團,,SecurityBoard.HKEquity,20000,13538696942.0,13538696942.0,0,0,0,1
01223,1223.HK,新灃集團,新灃集團,,SecurityBoard.HKEquity,10000,2974225233.0,2974225233.0,0,0,0,1
01224,1224.HK,中渝置地,中渝置地,,SecurityBoard.HKEquity,1000,3882334668.0,3882334668.0,0,0,0,1
01225,1225.HK,隆成金融,隆成金融,,SecurityBoard.HKEquity,10000,230322413.0,230322413.0,0,0,0,1
01226,1226.HK,中國投融資,中國投融資,,SecurityBoard.HKEquity,10000,412596600.0,412596600.0,0,0,0,1
01228,1228.HK,北海康成－Ｂ,北海康成-B,,SecurityBoard.HKEquity,1000,597723347.0,597723347.0,0,0,0,1
01229,1229.HK,南南資源,南南資源,,SecurityBoard.HKEquity,2000,765373584.0,765373584.0,0,0,0,1
01231,1231.HK,新礦資源,新礦資源,,SecurityBoard.HKEquity,2000,4000000000.0,4000000000.0,0,0,0,1
01232,1232.HK,金輪天地控股,金輪天地控股,,SecurityBoard.HKEquity,8000,210421515.0,210421515.0,0,0,0,1
01233,1233.HK,時代中國控股,時代中國控股,,SecurityBoard.HKEquity,1000,2996092775.0,2996092775.0,0,0,0,1
01234,1234.HK,中國利郎,中國利郎,,SecurityBoard.HKEquity,1000,1197484919.0,1197484919.0,0,0,0,1
01235,1235.HK,專業旅運,專業旅運,,SecurityBoard.HKEquity,5000,509859000.0,509859000.0,0,0,0,1
01236,1236.HK,樂動機器人,樂動機器人,,SecurityBoard.HKEquity,200,333333400.0,333333400.0,0,0,0,1
01237,1237.HK,中科生物,中科生物,,SecurityBoard.HKEquity,10000,96037051.0,96037051.0,0,0,0,1
01238,1238.HK,寶龍地產,寶龍地產,,SecurityBoard.HKEquity,1000,4140403000.0,4140403000.0,0,0,0,1
01239,1239.HK,TEAMWAY INTL GP,TEAMWAY INTL GP,,SecurityBoard.HKEquity,20000,434017926.0,434017926.0,0,0,0,1
01240,1240.HK,青建國際,青建國際,,SecurityBoard.HKEquity,2500,1518320030.0,1518320030.0,0,0,0,1
01241,1241.HK,雙樺控股,雙樺控股,,SecurityBoard.HKEquity,2000,650000000.0,650000000.0,0,0,0,1
01243,1243.HK,宏安地產,宏安地產,,SecurityBoard.HKEquity,4000,15200000000.0,15200000000.0,0,0,0,1
01244,1244.HK,思路迪醫藥股份,思路迪醫藥股份,,SecurityBoard.HKEquity,500,258177000.0,258177000.0,0,0,0,1
01245,1245.HK,NIRAKU,NIRAKU,,SecurityBoard.HKEquity,2000,1195850460.0,1195850460.0,0,0,0,1
01247,1247.HK,米格國際控股,米格國際控股,,SecurityBoard.HKEquity,6000,222976000.0,222976000.0,0,0,0,1
01250,1250.HK,山高新能源,山高新能源,,SecurityBoard.HKEquity,1000,2246588726.0,2246588726.0,0,0,0,1
01251,1251.HK,華油能源,華油能源,,SecurityBoard.HKEquity,2000,1954143999.0,1954143999.0,0,0,0,1
01252,1252.HK,中國天瑞水泥,中國天瑞水泥,,SecurityBoard.HKEquity,1000,3083281647.0,3083281647.0,0,0,0,1
01253,1253.HK,綠博生態,綠博生態,,SecurityBoard.HKEquity,12000,604116479.0,604116479.0,0,0,0,1
01255,1255.HK,ＴＡＴＡ健康,TATA健康,,SecurityBoard.HKEquity,2000,242845000.0,242845000.0,0,0,0,1
01257,1257.HK,中國光大綠色環保,中國光大綠色環保,,SecurityBoard.HKEquity,1000,2066078000.0,2066078000.0,0,0,0,1
01258,1258.HK,中國有色礦業,中國有色礦業,,SecurityBoard.HKEquity,1000,3902036000.0,3902036000.0,0,0,0,1
01259,1259.HK,未來發展控股,未來發展控股,,SecurityBoard.HKEquity,1000,2203361000.0,2203361000.0,0,0,0,1
01260,1260.HK,皓天財經集團,皓天財經集團,,SecurityBoard.HKEquity,2000,1151454000.0,1151454000.0,0,0,0,1
01262,1262.HK,蠟筆小新食品,蠟筆小新食品,,SecurityBoard.HKEquity,2000,239250568.0,239250568.0,0,0,0,1
01265,1265.HK,天津津燃公用,天津津燃公用,,SecurityBoard.HKEquity,10000,1839307800.0,500060000.0,0,0,0,1
01268,1268.HK,美東汽車,美東汽車,,SecurityBoard.HKEquity,2000,1346247201.0,1346247201.0,0,0,0,1
01269,1269.HK,首控集團,首控集團,,SecurityBoard.HKEquity,10000,1848000000.0,1848000000.0,0,0,0,1
01270,1270.HK,朗廷－ＳＳ,朗廷-SS,,SecurityBoard.HKEquity,2000,3546270835.0,3546270835.0,0,0,0,1
01271,1271.HK,佳明集團控股,佳明集團控股,,SecurityBoard.HKEquity,1000,1420222346.0,1420222346.0,0,0,0,1
01272,1272.HK,大唐環境,大唐環境,,SecurityBoard.HKEquity,1000,2967542000.0,624296200.0,0,0,0,1
01273,1273.HK,香港信貸,香港信貸,,SecurityBoard.HKEquity,4000,415000000.0,415000000.0,0,0,0,1
01274,1274.HK,知行科技,知行科技,,SecurityBoard.HKEquity,100,253036640.0,253036640.0,0,0,0,1
01276,1276.HK,恒瑞醫藥,恆瑞醫藥,,SecurityBoard.HKEquity,200,6637199874.0,258197600.0,0,0,0,1
01277,1277.HK,力量發展,力量發展,,SecurityBoard.HKEquity,2000,8599508000.0,8599508000.0,0,0,0,1
01278,1278.HK,中國新城鎮,中國新城鎮,,SecurityBoard.HKEquity,2500,9726246417.0,9726246417.0,0,0,0,1
01280,1280.HK,奇點國峰,奇點國峰,,SecurityBoard.HKEquity,2000,1933300658.0,1933300658.0,0,0,0,1
01281,1281.HK,鑫達投資控股,鑫達投資控股,,SecurityBoard.HKEquity,1000,1484604000.0,1484604000.0,0,0,0,1
01282,1282.HK,中澤豐,中澤豐,,SecurityBoard.HKEquity,8000,5000000000.0,5000000000.0,0,0,0,1
01283,1283.HK,高陞集團控股,高升集團控股,,SecurityBoard.HKEquity,5000,825827000.0,825827000.0,0,0,0,1
01284,1284.HK,新傳企劃,新傳企劃,,SecurityBoard.HKEquity,5000,600000000.0,600000000.0,0,0,0,1
01285,1285.HK,嘉士利集團,嘉士利集團,,SecurityBoard.HKEquity,1000,415000000.0,415000000.0,0,0,0,1
01286,1286.HK,鷹普精密,鷹普精密,,SecurityBoard.HKEquity,1000,1947285665.0,1947285665.0,0,0,0,1
01288,1288.HK,農業銀行,農業銀行,,SecurityBoard.HKEquity,1000,349983033873.0,30738823096.0,0,0,0,1
01289,1289.HK,盛力達科技,盛力達科技,,SecurityBoard.HKEquity,500,128000000.0,32000000.0,0,0,0,1
01290,1290.HK,中國匯融,中國匯融,,SecurityBoard.HKEquity,2000,1090335000.0,1090335000.0,0,0,0,1
01292,1292.HK,長安民生物流,長安民生物流,,SecurityBoard.HKEquity,1000,202064000.0,129844800.0,0,0,0,1
01293,1293.HK,廣匯寶信,廣匯寶信,,SecurityBoard.HKEquity,500,2837511429.0,2837511429.0,0,0,0,1
01298,1298.HK,雲能國際,雲能國際,,SecurityBoard.HKEquity,1000,275437000.0,275437000.0,0,0,0,1
01299,1299.HK,友邦保險,友邦保險,,SecurityBoard.HKEquity,200,10346644870.0,10346644870.0,0,0,0,1
01300,1300.HK,俊知集團,俊知集團,,SecurityBoard.HKEquity,2000,1768000000.0,1768000000.0,0,0,0,1
01301,1301.HK,德基科技控股,德基科技控股,,SecurityBoard.HKEquity,2000,626984000.0,626984000.0,0,0,0,1
01302,1302.HK,先健科技,先健科技,,SecurityBoard.HKEquity,2000,4631712400.0,4631712400.0,0,0,0,1
01303,1303.HK,滙力資源,匯力資源,,SecurityBoard.HKEquity,2000,2103141290.0,2103141290.0,0,0,0,1
01304,1304.HK,FORTIOR,FORTIOR,,SecurityBoard.HKEquity,100,115114080.0,21556000.0,0,0,0,1
01305,1305.HK,偉志控股,偉志控股,,SecurityBoard.HKEquity,1000,216626000.0,216626000.0,0,0,0,1
01308,1308.HK,海豐國際,海豐國際,,SecurityBoard.HKEquity,1000,2711528233.0,2711528233.0,0,0,0,1
01310,1310.HK,香港寬頻,香港寬頻,,SecurityBoard.HKEquity,500,1478921568.0,1478921568.0,0,0,0,1
01312,1312.HK,華控康泰,華控康泰,,SecurityBoard.HKEquity,6000,5588571777.0,5588571777.0,0,0,0,1
01313,1313.HK,華潤建材科技,華潤建材科技,,SecurityBoard.HKEquity,2000,6982937817.0,6982937817.0,0,0,0,1
01314,1314.HK,翠華控股,翠華控股,,SecurityBoard.HKEquity,2000,1411226450.0,1411226450.0,0,0,0,1
01315,1315.HK,綠色經濟,綠色經濟,,SecurityBoard.HKEquity,10000,621876317.0,621876317.0,0,0,0,1
01316,1316.HK,耐世特,耐世特,,SecurityBoard.HKEquity,1000,2509824293.0,2509824293.0,0,0,0,1
01317,1317.HK,楓葉教育,楓葉教育,,SecurityBoard.HKEquity,2000,2843894920.0,2843894920.0,0,0,0,1
01318,1318.HK,毛戈平,毛戈平,,SecurityBoard.HKEquity,100,490186900.0,490186900.0,0,0,0,1
01319,1319.HK,靄華押業信貸,靄華押業信貸,,SecurityBoard.HKEquity,8000,1924308406.0,1924308406.0,0,0,0,1
01321,1321.HK,中國新城市,中國新城市,,SecurityBoard.HKEquity,2000,1844023117.0,1844023117.0,0,0,0,1
01323,1323.HK,華盛國際控股,華盛國際控股,,SecurityBoard.HKEquity,20000,906774743.0,906774743.0,0,0,0,1
01326,1326.HK,傳遞娛樂,傳遞娛樂,,SecurityBoard.HKEquity,8000,2595613733.0,2595613733.0,0,0,0,1
01327,1327.HK,勵時集團,勵時集團,,SecurityBoard.HKEquity,20000,258785280.0,258785280.0,0,0,0,1
01328,1328.HK,金涌投資,金湧投資,,SecurityBoard.HKEquity,1000,256934296.0,256934296.0,0,0,0,1
01330,1330.HK,綠色動力環保,綠色動力環保,,SecurityBoard.HKEquity,1000,1430405143.0,404359792.0,0,0,0,1
01332,1332.HK,透雲生物,透雲生物,,SecurityBoard.HKEquity,10000,2805952149.0,2805952149.0,0,0,0,1
01333,1333.HK,博雷頓,博雷頓,,SecurityBoard.HKEquity,200,391280962.0,359005690.0,0,0,0,1
01334,1334.HK,瑞昌國際控股,瑞昌國際控股,,SecurityBoard.HKEquity,2500,500000000.0,500000000.0,0,0,0,1
01335,1335.HK,順泰控股,順泰控股,,SecurityBoard.HKEquity,2000,2434136166.0,2434136166.0,0,0,0,1
01336,1336.HK,新華保險,新華保險,,SecurityBoard.HKEquity,100,3119546600.0,1034107260.0,0,0,0,1
01338,1338.HK,霸王集團,霸王集團,,SecurityBoard.HKEquity,2000,3162440720.0,3162440720.0,0,0,0,1
01339,1339.HK,中國人民保險集團,中國人民保險集團,,SecurityBoard.HKEquity,1000,44223990583.0,8726234000.0,0,0,0,1
01340,1340.HK,惠生國際,惠生國際,,SecurityBoard.HKEquity,10000,138425700.0,138425700.0,0,0,0,1
01341,1341.HK,昊天國際建投,昊天國際建投,,SecurityBoard.HKEquity,8000,11095376835.0,11095376835.0,0,0,0,1
01343,1343.HK,偉源控股,偉源控股,,SecurityBoard.HKEquity,5000,1064000000.0,1064000000.0,0,0,0,1
01345,1345.HK,上海先鋒控股,上海先鋒控股,,SecurityBoard.HKEquity,1000,1257447000.0,1257447000.0,0,0,0,1
01346,1346.HK,利華控股集團,利華控股集團,,SecurityBoard.HKEquity,4000,639100000.0,639100000.0,0,0,0,1
01347,1347.HK,華虹宏力,華虹宏力,,SecurityBoard.HKEquity,1000,1737726402.0,1329976402.0,0,0,0,1
01348,1348.HK,滉達富控股,滉達富控股,,SecurityBoard.HKEquity,2000,1474232000.0,1474232000.0,0,0,0,1
01349,1349.HK,復旦張江,复旦張江,,SecurityBoard.HKEquity,1000,1036572100.0,326000000.0,0,0,0,1
01351,1351.HK,輝煌明天,輝煌明天,,SecurityBoard.HKEquity,2000,600000000.0,600000000.0,0,0,0,1
01354,1354.HK,經發物業,經發物業,,SecurityBoard.HKEquity,300,66666800.0,16666800.0,0,0,0,1
01355,1355.HK,生物系統工程,生物系統工程,,SecurityBoard.HKEquity,20000,1789597740.0,1789597740.0,0,0,0,1
01357,1357.HK,美圖公司,美圖公司,,SecurityBoard.HKEquity,500,4523176780.0,4523176780.0,0,0,0,1
01358,1358.HK,普華和順,普華和順,,SecurityBoard.HKEquity,1000,1433241098.0,1433241098.0,0,0,0,1
01359,1359.HK,中國信達,中國信達,,SecurityBoard.HKEquity,1000,38164535147.0,13567602831.0,0,0,0,1
01361,1361.HK,３６１度,361度,,SecurityBoard.HKEquity,1000,2167682000.0,2167682000.0,0,0,0,1
01362,1362.HK,新龍移動,新龍移動,,SecurityBoard.HKEquity,4000,280000000.0,280000000.0,0,0,0,1
01364,1364.HK,古茗,古茗,,SecurityBoard.HKEquity,400,2338897460.0,2338897460.0,0,0,0,1
01368,1368.HK,特步國際,特步國際,,SecurityBoard.HKEquity,500,2815096985.0,2815096985.0,0,0,0,1
01370,1370.HK,奧威控股,奧威控股,,SecurityBoard.HKEquity,1000,1635329892.0,1635329892.0,0,0,0,1
01371,1371.HK,中國生態旅遊,中國生態旅遊,,SecurityBoard.HKEquity,2000,342108876.0,342108876.0,0,0,0,1
01372,1372.HK,中國碳中和,中國碳中和,,SecurityBoard.HKEquity,1000,980478712.0,980478712.0,0,0,0,1
01373,1373.HK,國際家居零售,國際家居零售,,SecurityBoard.HKEquity,1000,713253000.0,713253000.0,0,0,0,1
01375,1375.HK,中州證券,中州證券,,SecurityBoard.HKEquity,1000,4642884700.0,1195365000.0,0,0,0,1
01376,1376.HK,RAFFLESINTERIOR,RAFFLESINTERIOR,,SecurityBoard.HKEquity,8000,1000000000.0,1000000000.0,0,0,0,1
01377,1377.HK,鼎泰高科,鼎泰高科,,SecurityBoard.HKEquity,100,424044934.0,12632000.0,0,0,0,1
01378,1378.HK,中國宏橋,中國宏橋,,SecurityBoard.HKEquity,500,9819397841.0,9819397841.0,0,0,0,1
01379,1379.HK,温嶺工量刃具,溫嶺工量刃具,,SecurityBoard.HKEquity,500,80000000.0,20000000.0,0,0,0,1
01380,1380.HK,中國金石,中國金石,,SecurityBoard.HKEquity,10000,516947660.0,516947660.0,0,0,0,1
01382,1382.HK,互太紡織,互太紡織,,SecurityBoard.HKEquity,1000,1375442000.0,1375442000.0,0,0,0,1
01384,1384.HK,滴普科技,滴普科技,,SecurityBoard.HKEquity,200,348860000.0,348860000.0,0,0,0,1
01385,1385.HK,上海復旦,上海复旦,,SecurityBoard.HKEquity,1000,823719250.0,284330000.0,0,0,0,1
01388,1388.HK,安莉芳控股,安莉芳控股,,SecurityBoard.HKEquity,1000,422416638.0,422416638.0,0,0,0,1
01389,1389.HK,美捷滙控股,美捷匯控股,,SecurityBoard.HKEquity,12000,554333332.0,554333332.0,0,0,0,1
01392,1392.HK,海清智元,海清智元,,SecurityBoard.HKEquity,500,774208420.0,756143940.0,0,0,0,1
01393,1393.HK,恒鼎實業,恆鼎實業,,SecurityBoard.HKEquity,1000,4605259407.0,4605259407.0,0,0,0,1
01395,1395.HK,強泰環保,強泰環保,,SecurityBoard.HKEquity,5000,1107300000.0,1107300000.0,0,0,0,1
01396,1396.HK,粵港灣智算,粵港灣智算,,SecurityBoard.HKEquity,2000,1583704880.0,1583704880.0,0,0,0,1
01397,1397.HK,碧瑤綠色集團,碧瑤綠色集團,,SecurityBoard.HKEquity,4000,415000000.0,415000000.0,0,0,0,1
01398,1398.HK,工商銀行,工商銀行,,SecurityBoard.HKEquity,1000,356406257089.0,86794044550.0,0,0,0,1
01399,1399.HK,銳信控股,銳信控股,,SecurityBoard.HKEquity,2000,1090001246.0,1090001246.0,0,0,0,1
01400,1400.HK,滿地科技股份,滿地科技股份,,SecurityBoard.HKEquity,10000,3801767365.0,3801767365.0,0,0,0,1
01401,1401.HK,未來機器有限公司,未來機器有限公司,,SecurityBoard.HKEquity,2000,1500000000.0,1500000000.0,0,0,0,1
01402,1402.HK,超智能控股,超智能控股,,SecurityBoard.HKEquity,10000,1050500000.0,1050500000.0,0,0,0,1
01405,1405.HK,達勢股份,達勢股份,,SecurityBoard.HKEquity,100,131619251.0,131619251.0,0,0,0,1
01406,1406.HK,清晰醫療,清晰醫療,,SecurityBoard.HKEquity,1250,539767122.0,539767122.0,0,0,0,1
01407,1407.HK,交運燃氣,交運燃氣,,SecurityBoard.HKEquity,2000,440000000.0,440000000.0,0,0,0,1
01408,1408.HK,濠江機電,濠江機電,,SecurityBoard.HKEquity,2000,500000000.0,500000000.0,0,0,0,1
01410,1410.HK,安領國際,安領國際,,SecurityBoard.HKEquity,10000,1009717000.0,1009717000.0,0,0,0,1
01412,1412.HK,雋思集團,雋思集團,,SecurityBoard.HKEquity,2000,532000000.0,532000000.0,0,0,0,1
01413,1413.HK,鑄帝控股,鑄帝控股,,SecurityBoard.HKEquity,7000,328000000.0,328000000.0,0,0,0,1
01415,1415.HK,高偉電子,高偉電子,,SecurityBoard.HKEquity,1000,868757800.0,868757800.0,0,0,0,1
01416,1416.HK,CTR HOLDINGS,CTR HOLDINGS,,SecurityBoard.HKEquity,10000,1400000000.0,1400000000.0,0,0,0,1
01417,1417.HK,浦江中國,浦江中國,,SecurityBoard.HKEquity,2000,405000000.0,405000000.0,0,0,0,1
01418,1418.HK,盛諾集團,盛諾集團,,SecurityBoard.HKEquity,2000,1750002000.0,1750002000.0,0,0,0,1
01419,1419.HK,盈健醫療,盈健醫療,,SecurityBoard.HKEquity,2000,379552233.0,379552233.0,0,0,0,1
01420,1420.HK,川控股,川控股,,SecurityBoard.HKEquity,4000,1342651200.0,1342651200.0,0,0,0,1
01421,1421.HK,恒昌集團國際,恆昌集團國際,,SecurityBoard.HKEquity,5000,200195200.0,200195200.0,0,0,0,1
01425,1425.HK,捷隆控股,捷隆控股,,SecurityBoard.HKEquity,5000,1250000000.0,1250000000.0,0,0,0,1
01426,1426.HK,春泉產業信託,,,,,,,0,0,,0
01427,1427.HK,中國天保集團,中國天保集團,,SecurityBoard.HKEquity,1000,877936000.0,877936000.0,0,0,0,1
01428,1428.HK,耀才證券金融,耀才證券金融,,SecurityBoard.HKEquity,2000,1697296308.0,1697296308.0,0,0,0,1
01429,1429.HK,天任集團,天任集團,,SecurityBoard.HKEquity,8000,1600000000.0,1600000000.0,0,0,0,1
01431,1431.HK,原生態牧業,原生態牧業,,SecurityBoard.HKEquity,1000,4690496400.0,4690496400.0,0,0,0,1
01432,1432.HK,中國聖牧－ＰＦ,中國聖牧-PF,,SecurityBoard.HKEquity,1000,8381295229.0,8381295229.0,0,0,0,1
01433,1433.HK,常達控股,常達控股,,SecurityBoard.HKEquity,10000,1991470000.0,1991470000.0,0,0,0,1
01440,1440.HK,應星控股,應星控股,,SecurityBoard.HKEquity,2500,1259770000.0,1259770000.0,0,0,0,1
01442,1442.HK,鷹輝物流,鷹輝物流,,SecurityBoard.HKEquity,5000,2064000000.0,2064000000.0,0,0,0,1
01443,1443.HK,富臨集團控股,富臨集團控股,,SecurityBoard.HKEquity,2000,1300000000.0,1300000000.0,0,0,0,1
01446,1446.HK,鴻福堂,鴻福堂,,SecurityBoard.HKEquity,2000,655944000.0,655944000.0,0,0,0,1
01447,1447.HK,新福港,新福港,,SecurityBoard.HKEquity,2000,400000000.0,400000000.0,0,0,0,1
01448,1448.HK,福壽園,福壽園,,SecurityBoard.HKEquity,1000,2319863422.0,2319863422.0,0,0,0,1
01449,1449.HK,立德教育,立德教育,,SecurityBoard.HKEquity,1000,800000000.0,800000000.0,0,0,0,1
01450,1450.HK,交個朋友控股,交個朋友控股,,SecurityBoard.HKEquity,2000,1404653163.0,1404653163.0,0,0,0,1
01451,1451.HK,萬成集團股份,萬成集團股份,,SecurityBoard.HKEquity,2000,204400000.0,204400000.0,0,0,0,1
01452,1452.HK,迪諾斯環保,迪諾斯環保,,SecurityBoard.HKEquity,1000,770697720.0,770697720.0,0,0,0,1
01455,1455.HK,科利實業控股,科利實業控股,,SecurityBoard.HKEquity,5000,1278562500.0,1278562500.0,0,0,0,1
01456,1456.HK,國聯民生,國聯民生,,SecurityBoard.HKEquity,500,5680592806.0,442640000.0,0,0,0,1
01458,1458.HK,周黑鴨,周黑鴨,,SecurityBoard.HKEquity,500,2081065000.0,2081065000.0,0,0,0,1
01459,1459.HK,巨匠建設,巨匠建設,,SecurityBoard.HKEquity,2000,533360000.0,133360000.0,0,0,0,1
01460,1460.HK,揚科集團,揚科集團,,SecurityBoard.HKEquity,8000,877590312.0,877590312.0,0,0,0,1
01461,1461.HK,中泰期貨,中泰期貨,,SecurityBoard.HKEquity,1000,1001900000.0,277090000.0,0,0,0,1
01463,1463.HK,C-LINK SQ,C-LINK SQ,,SecurityBoard.HKEquity,2000,2874251497.0,2874251497.0,0,0,0,1
01466,1466.HK,佰金生命科學,佰金生命科學,,SecurityBoard.HKEquity,8000,932254085.0,932254085.0,0,0,0,1
01468,1468.HK,嘉高達資本,嘉高達資本,,SecurityBoard.HKEquity,10000,416830951.0,416830951.0,0,0,0,1
01470,1470.HK,富一國際控股,富一國際控股,,SecurityBoard.HKEquity,4000,800000000.0,800000000.0,0,0,0,1
01471,1471.HK,眾淼控股,眾淼控股,,SecurityBoard.HKEquity,100,141195600.0,35300000.0,0,0,0,1
01472,1472.HK,生興控股,生興控股,,SecurityBoard.HKEquity,5000,1000000000.0,1000000000.0,0,0,0,1
01473,1473.HK,環聯連訊,環聯連訊,,SecurityBoard.HKEquity,4000,1182441289.0,1182441289.0,0,0,0,1
01475,1475.HK,日清食品,日清食品,,SecurityBoard.HKEquity,1000,1043691480.0,1043691480.0,0,0,0,1
01476,1476.HK,金融街證券,金融街證券,,SecurityBoard.HKEquity,1000,2604567412.0,450846000.0,0,0,0,1
01477,1477.HK,歐康維視生物－Ｂ,歐康維視生物-B,,SecurityBoard.HKEquity,500,815382414.0,815382414.0,0,0,0,1
01478,1478.HK,丘鈦科技,丘鈦科技,,SecurityBoard.HKEquity,1000,1194890725.0,1194890725.0,0,0,0,1
01480,1480.HK,恩達集團控股,恩達集團控股,,SecurityBoard.HKEquity,2000,240000000.0,240000000.0,0,0,0,1
01481,1481.HK,竣球控股,竣球控股,,SecurityBoard.HKEquity,10000,1020000000.0,1020000000.0,0,0,0,1
01483,1483.HK,網譽科技,網譽科技,,SecurityBoard.HKEquity,2000,819450000.0,819450000.0,0,0,0,1
01486,1486.HK,思城控股,思城控股,,SecurityBoard.HKEquity,10000,432391170.0,432391170.0,0,0,0,1
01488,1488.HK,百福控股,百福控股,,SecurityBoard.HKEquity,2000,1578664000.0,1578664000.0,0,0,0,1
01489,1489.HK,GC CONSTRUCTION,GC CONSTRUCTION,,SecurityBoard.HKEquity,5000,1000000000.0,1000000000.0,0,0,0,1
01490,1490.HK,AI X TECH,AI X TECH,,SecurityBoard.HKEquity,4000,1234600000.0,1234600000.0,0,0,0,1
01496,1496.HK,亞積邦租賃,亞積邦租賃,,SecurityBoard.HKEquity,4000,864000000.0,864000000.0,0,0,0,1
01497,1497.HK,燕之屋,燕之屋,,SecurityBoard.HKEquity,400,461115600.0,461115600.0,0,0,0,1
01498,1498.HK,培力農本方,培力農本方,,SecurityBoard.HKEquity,500,535897647.0,535897647.0,0,0,0,1
01499,1499.HK,歐科雲鏈,歐科雲鏈,,SecurityBoard.HKEquity,10000,5370510000.0,5370510000.0,0,0,0,1
01500,1500.HK,現恆建築,現恆建築,,SecurityBoard.HKEquity,5000,830000000.0,830000000.0,0,0,0,1
01501,1501.HK,瑛泰醫療,瑛泰醫療,,SecurityBoard.HKEquity,200,211200000.0,211200000.0,0,0,0,1
01502,1502.HK,金融街物業,金融街物業,,SecurityBoard.HKEquity,1000,373500000.0,103500000.0,0,0,0,1
01503,1503.HK,招商局商業房託,,,,,,,0,0,,0
01508,1508.HK,中國再保險,中國再保險,,SecurityBoard.HKEquity,1000,42479808085.0,6679416700.0,0,0,0,1
01511,1511.HK,馭勢科技,馭勢科技,,SecurityBoard.HKEquity,50,162485020.0,126725450.0,0,0,0,1
01513,1513.HK,麗珠醫藥,麗珠醫藥,,SecurityBoard.HKEquity,100,887907171.0,299807117.0,0,0,0,1
01515,1515.HK,華潤醫療,華潤醫療,,SecurityBoard.HKEquity,500,1296676516.0,1296676516.0,0,0,0,1
01516,1516.HK,融創服務,融創服務,,SecurityBoard.HKEquity,1000,3027973000.0,3027973000.0,0,0,0,1
01518,1518.HK,新世紀醫療,新世紀醫療,,SecurityBoard.HKEquity,500,490025000.0,490025000.0,0,0,0,1
01519,1519.HK,極兔速遞－Ｗ,極兔速遞-W,,SecurityBoard.HKEquity,200,9632333163.0,9632333163.0,0,0,0,1
01520,1520.HK,天機控股,天機控股,,SecurityBoard.HKEquity,6000,1048938313.0,1048938313.0,0,0,0,1
01521,1521.HK,方達控股,方達控股,,SecurityBoard.HKEquity,2000,2042074910.0,2042074910.0,0,0,0,1
01522,1522.HK,京投交通科技,京投交通科技,,SecurityBoard.HKEquity,4000,2097146727.0,2097146727.0,0,0,0,1
01523,1523.HK,珩灣科技,珩灣科技,,SecurityBoard.HKEquity,1000,1107684000.0,1107684000.0,0,0,0,1
01525,1525.HK,建橋教育,建橋教育,,SecurityBoard.HKEquity,500,415000000.0,415000000.0,0,0,0,1
01526,1526.HK,瑞慈醫療,瑞慈醫療,,SecurityBoard.HKEquity,1000,1587506000.0,1587506000.0,0,0,0,1
01527,1527.HK,天潔環境,天潔環境,,SecurityBoard.HKEquity,200,135000000.0,35000000.0,0,0,0,1
01528,1528.HK,紅星美凱龍,紅星美凱龍,,SecurityBoard.HKEquity,200,4353687873.0,741285634.0,0,0,0,1
01529,1529.HK,樂氏國際控股,樂氏國際控股,,SecurityBoard.HKEquity,2000,667080000.0,667080000.0,0,0,0,1
01530,1530.HK,三生製藥,三生制藥,,SecurityBoard.HKEquity,500,2528243912.0,2528243912.0,0,0,0,1
01532,1532.HK,中國派對文化,中國派對文化,,SecurityBoard.HKEquity,3000,1807263120.0,1807263120.0,0,0,0,1
01536,1536.HK,煜榮集團,煜榮集團,,SecurityBoard.HKEquity,2000,456000000.0,456000000.0,0,0,0,1
01538,1538.HK,中奧到家,中奧到家,,SecurityBoard.HKEquity,2000,854550000.0,854550000.0,0,0,0,1
01539,1539.HK,知行集團控股,知行集團控股,,SecurityBoard.HKEquity,2000,3538657002.0,3538657002.0,0,0,0,1
01540,1540.HK,澳獅環球,澳獅環球,,SecurityBoard.HKEquity,3000,498671823.0,498671823.0,0,0,0,1
01541,1541.HK,宜明昂科－Ｂ,宜明昂科-B,,SecurityBoard.HKEquity,200,429441095.0,418410705.0,0,0,0,1
01542,1542.HK,台州水務,台州水務,,SecurityBoard.HKEquity,1000,200000000.0,50000000.0,0,0,0,1
01543,1543.HK,中盈盛達融資擔保,中盈盛達融資擔保,,SecurityBoard.HKEquity,2000,1560792687.0,554363334.0,0,0,0,1
01545,1545.HK,設計都會,設計都會,,SecurityBoard.HKEquity,10000,2000000000.0,2000000000.0,0,0,0,1
01546,1546.HK,德萊建業,德萊建業,,SecurityBoard.HKEquity,8000,800000000.0,800000000.0,0,0,0,1
01547,1547.HK,IBI GROUP HLDGS,IBI GROUP HLDGS,,SecurityBoard.HKEquity,8000,800000000.0,800000000.0,0,0,0,1
01548,1548.HK,金斯瑞生物科技,金斯瑞生物科技,,SecurityBoard.HKEquity,2000,2200591697.0,2200591697.0,0,0,0,1
01549,1549.HK,永豐集團控股,永豐集團控股,,SecurityBoard.HKEquity,8000,1550000000.0,1550000000.0,0,0,0,1
01551,1551.HK,廣州農商銀行,廣州農商銀行,,SecurityBoard.HKEquity,1000,14409789327.0,2674925000.0,0,0,0,1
01552,1552.HK,BHCC HOLDING,BHCC HOLDING,,SecurityBoard.HKEquity,5000,800000000.0,800000000.0,0,0,0,1
01553,1553.HK,邁科管業,邁科管業,,SecurityBoard.HKEquity,2000,433800000.0,433800000.0,0,0,0,1
01555,1555.HK,ＭＩ能源,MI能源,,SecurityBoard.HKEquity,2000,3386525510.0,3386525510.0,0,0,0,1
01556,1556.HK,建業建榮,建業建榮,,SecurityBoard.HKEquity,5000,1500000000.0,1500000000.0,0,0,0,1
01557,1557.HK,劍虹集團控股,劍虹集團控股,,SecurityBoard.HKEquity,4000,480000000.0,480000000.0,0,0,0,1
01559,1559.HK,均安控股,均安控股,,SecurityBoard.HKEquity,10000,2754600460.0,2754600460.0,0,0,0,1
01560,1560.HK,星星集團,星星集團,,SecurityBoard.HKEquity,2000,641498000.0,641498000.0,0,0,0,1
01561,1561.HK,聯洋智能控股,聯洋智能控股,,SecurityBoard.HKEquity,4000,1065454100.0,1065454100.0,0,0,0,1
01563,1563.HK,友聯國際教育租賃,友聯國際教育租賃,,SecurityBoard.HKEquity,1000,1690914000.0,1690914000.0,0,0,0,1
01565,1565.HK,成實外教育,成實外教育,,SecurityBoard.HKEquity,1000,3036787000.0,3036787000.0,0,0,0,1
01566,1566.HK,華夏文化科技,華夏文化科技,,SecurityBoard.HKEquity,5000,708004200.0,708004200.0,0,0,0,1
01568,1568.HK,承達集團,承達集團,,SecurityBoard.HKEquity,2000,2180210000.0,2180210000.0,0,0,0,1
01569,1569.HK,民生教育,民生教育,,SecurityBoard.HKEquity,2000,4217720000.0,4217720000.0,0,0,0,1
01570,1570.HK,偉業控股,偉業控股,,SecurityBoard.HKEquity,1000,196133152.0,196133152.0,0,0,0,1
01571,1571.HK,信邦控股,信邦控股,,SecurityBoard.HKEquity,1000,1008107000.0,1008107000.0,0,0,0,1
01572,1572.HK,中國藝術金融,中國藝術金融,,SecurityBoard.HKEquity,4000,1690500000.0,1690500000.0,0,0,0,1
01575,1575.HK,皇庭智家,皇庭智家,,SecurityBoard.HKEquity,2000,3860000000.0,3860000000.0,0,0,0,1
01576,1576.HK,齊魯高速,齊魯高速,,SecurityBoard.HKEquity,1000,2000000000.0,2000000000.0,0,0,0,1
01577,1577.HK,匯鑫小貸,匯鑫小貸,,SecurityBoard.HKEquity,2000,680000000.0,180000000.0,0,0,0,1
01578,1578.HK,天津銀行,天津銀行,,SecurityBoard.HKEquity,500,6070551822.0,1764599063.0,0,0,0,1
01579,1579.HK,頤海國際,頤海國際,,SecurityBoard.HKEquity,1000,1036700000.0,1036700000.0,0,0,0,1
01580,1580.HK,大森控股,大森控股,,SecurityBoard.HKEquity,30000,1095679546.0,1095679546.0,0,0,0,1
01581,1581.HK,進昇集團控股,進升集團控股,,SecurityBoard.HKEquity,10000,415000000.0,415000000.0,0,0,0,1
01582,1582.HK,華營建築,華營建築,,SecurityBoard.HKEquity,2500,500000000.0,500000000.0,0,0,0,1
01583,1583.HK,親親食品,親親食品,,SecurityBoard.HKEquity,1000,753776557.0,753776557.0,0,0,0,1
01585,1585.HK,雅迪控股,雅迪控股,,SecurityBoard.HKEquity,2000,3112647294.0,3112647294.0,0,0,0,1
01586,1586.HK,力鴻檢驗,力鴻檢驗,,SecurityBoard.HKEquity,4000,586632818.0,586632818.0,0,0,0,1
01587,1587.HK,欣融國際,欣融國際,,SecurityBoard.HKEquity,4000,680000000.0,680000000.0,0,0,0,1
01588,1588.HK,暢捷通,暢捷通,,SecurityBoard.HKEquity,200,321406805.0,135077211.0,0,0,0,1
01591,1591.HK,汛和集團,汛和集團,,SecurityBoard.HKEquity,20000,533333333.0,533333333.0,0,0,0,1
01592,1592.HK,基石控股,基石控股,,SecurityBoard.HKEquity,10000,1447776405.0,1447776405.0,0,0,0,1
01593,1593.HK,辰林教育,辰林教育,,SecurityBoard.HKEquity,2000,992780000.0,992780000.0,0,0,0,1
01596,1596.HK,翼辰實業,翼辰實業,,SecurityBoard.HKEquity,1000,897840000.0,224460000.0,0,0,0,1
01597,1597.HK,納泉能源科技,納泉能源科技,,SecurityBoard.HKEquity,1000,250000000.0,250000000.0,0,0,0,1
01598,1598.HK,２１世紀教育,21世紀教育,,SecurityBoard.HKEquity,3000,1161204000.0,1161204000.0,0,0,0,1
01599,1599.HK,城建設計,城建設計,,SecurityBoard.HKEquity,1000,1348670000.0,387937000.0,0,0,0,1
01600,1600.HK,天倫燃氣,天倫燃氣,,SecurityBoard.HKEquity,500,973461608.0,973461608.0,0,0,0,1
01601,1601.HK,中關村科技租賃,中關村科技租賃,,SecurityBoard.HKEquity,2000,1615102000.0,493334000.0,0,0,0,1
01606,1606.HK,國銀金租,國銀金租,,SecurityBoard.HKEquity,2000,12642380000.0,2769594000.0,0,0,0,1
01608,1608.HK,偉能集團,偉能集團,,SecurityBoard.HKEquity,1000,6683150524.0,6683150524.0,0,0,0,1
01609,1609.HK,天星醫療,天星醫療,,SecurityBoard.HKEquity,50,54831344.0,54831344.0,0,0,0,1
01610,1610.HK,中糧家佳康,中糧家佳康,,SecurityBoard.HKEquity,1000,4581998323.0,4581998323.0,0,0,0,1
01611,1611.HK,新火集團,新火集團,,SecurityBoard.HKEquity,500,753048375.0,753048375.0,0,0,0,1
01612,1612.HK,永勝醫療,永勝醫療,,SecurityBoard.HKEquity,2000,660098832.0,660098832.0,0,0,0,1
01613,1613.HK,協同通信,協同通信,,SecurityBoard.HKEquity,6400,1535864491.0,1535864491.0,0,0,0,1
01615,1615.HK,奧邦建築,奧邦建築,,SecurityBoard.HKEquity,5000,600000000.0,600000000.0,0,0,0,1
01616,1616.HK,一元宇宙,一元宇宙,,SecurityBoard.HKEquity,2000,2151577026.0,2151577026.0,0,0,0,1
01617,1617.HK,南方通信,南方通信,,SecurityBoard.HKEquity,4000,1626240000.0,1626240000.0,0,0,0,1
01618,1618.HK,中國中冶,中國中冶,,SecurityBoard.HKEquity,1000,20691619170.0,2839000000.0,0,0,0,1
01620,1620.HK,富盈環球集團,富盈環球集團,,SecurityBoard.HKEquity,10000,1200000000.0,1200000000.0,0,0,0,1
01621,1621.HK,域高國際控股,域高國際控股,,SecurityBoard.HKEquity,8000,1000000000.0,1000000000.0,0,0,0,1
01622,1622.HK,力高集團,力高集團,,SecurityBoard.HKEquity,2000,3551609322.0,3551609322.0,0,0,0,1
01623,1623.HK,海隆控股,海隆控股,,SecurityBoard.HKEquity,1000,1696438600.0,1696438600.0,0,0,0,1
01626,1626.HK,嘉耀控股,嘉耀控股,,SecurityBoard.HKEquity,1000,600000000.0,600000000.0,0,0,0,1
01627,1627.HK,安保工程控股,安保工程控股,,SecurityBoard.HKEquity,4000,2000000000.0,2000000000.0,0,0,0,1
01628,1628.HK,禹洲集團,禹洲集團,,SecurityBoard.HKEquity,5000,1487986995.0,1487986995.0,0,0,0,1
01629,1629.HK,冠均國際控股,冠均國際控股,,SecurityBoard.HKEquity,4000,546092537.0,546092537.0,0,0,0,1
01630,1630.HK,建成控股,建成控股,,SecurityBoard.HKEquity,6000,1500000000.0,1500000000.0,0,0,0,1
01631,1631.HK,REF HOLDINGS,REF HOLDINGS,,SecurityBoard.HKEquity,5000,307200000.0,307200000.0,0,0,0,1
01632,1632.HK,民商創科,民商創科,,SecurityBoard.HKEquity,2000,953274910.0,953274910.0,0,0,0,1
01633,1633.HK,上諭集團,上諭集團,,SecurityBoard.HKEquity,3000,684750000.0,684750000.0,0,0,0,1
01635,1635.HK,大眾公用,大眾公用,,SecurityBoard.HKEquity,1000,2952434675.0,533643000.0,0,0,0,1
01636,1636.HK,中國金屬利用,中國金屬利用,,SecurityBoard.HKEquity,8000,448155726.0,448155726.0,0,0,0,1
01637,1637.HK,順興集團控股,順興集團控股,,SecurityBoard.HKEquity,2000,400000000.0,400000000.0,0,0,0,1
01638,1638.HK,佳兆業集團,佳兆業集團,,SecurityBoard.HKEquity,1000,11427029390.0,11427029390.0,0,0,0,1
01640,1640.HK,千循科技,千循科技,,SecurityBoard.HKEquity,2000,599230768.0,599230768.0,0,0,0,1
01641,1641.HK,紅星冷鏈,紅星冷鏈,,SecurityBoard.HKEquity,500,98263000.0,24566464.0,0,0,0,1
01643,1643.HK,現代中藥集團,現代中藥集團,,SecurityBoard.HKEquity,3000,720000000.0,720000000.0,0,0,0,1
01645,1645.HK,海納智能,海納智能,,SecurityBoard.HKEquity,4000,563976000.0,563976000.0,0,0,0,1
01647,1647.HK,雄岸科技,雄岸科技,,SecurityBoard.HKEquity,5000,1195040000.0,1195040000.0,0,0,0,1
01650,1650.HK,HYGIEIA GROUP,HYGIEIA GROUP,,SecurityBoard.HKEquity,8000,2000000000.0,2000000000.0,0,0,0,1
01651,1651.HK,津上機床中國,津上機床中國,,SecurityBoard.HKEquity,500,368614000.0,368614000.0,0,0,0,1
01652,1652.HK,福森藥業,福森藥業,,SecurityBoard.HKEquity,1000,739301000.0,739301000.0,0,0,0,1
01653,1653.HK,MOS HOUSE,MOS HOUSE,,SecurityBoard.HKEquity,20000,288917000.0,288917000.0,0,0,0,1
01655,1655.HK,OKURA HOLDINGS,OKURA HOLDINGS,,SecurityBoard.HKEquity,5000,719999580.0,719999580.0,0,0,0,1
01656,1656.HK,億仕登控股,億仕登控股,,SecurityBoard.HKEquity,2000,455527383.0,455527383.0,0,0,0,1
01657,1657.HK,樺欣控股,樺欣控股,,SecurityBoard.HKEquity,500,32000000.0,32000000.0,0,0,0,1
01658,1658.HK,郵儲銀行,郵儲銀行,,SecurityBoard.HKEquity,1000,120095053492.0,19856167000.0,0,0,0,1
01660,1660.HK,七元投資,七元投資,,SecurityBoard.HKEquity,8000,6195000000.0,6195000000.0,0,0,0,1
01661,1661.HK,中國前沿科技集團,中國前沿科技集團,,SecurityBoard.HKEquity,6000,190294200.0,190294200.0,0,0,0,1
01662,1662.HK,義合控股,義合控股,,SecurityBoard.HKEquity,1000,515000000.0,515000000.0,0,0,0,1
01663,1663.HK,漢港控股,漢港控股,,SecurityBoard.HKEquity,2000,2464000000.0,2464000000.0,0,0,0,1
01666,1666.HK,同仁堂科技,同仁堂科技,,SecurityBoard.HKEquity,1000,1280784000.0,628704000.0,0,0,0,1
01667,1667.HK,迪米生活控股,迪米生活控股,,SecurityBoard.HKEquity,10000,960000000.0,960000000.0,0,0,0,1
01668,1668.HK,華南城,華南城,,SecurityBoard.HKEquity,2000,11441892848.0,11441892848.0,0,0,0,1
01669,1669.HK,環球信貸集團,環球信貸集團,,SecurityBoard.HKEquity,2000,400000000.0,400000000.0,0,0,0,1
01671,1671.HK,天保能源,天保能源,,SecurityBoard.HKEquity,2000,159920907.0,159920907.0,0,0,0,1
01672,1672.HK,歌禮製藥－Ｂ,歌禮制藥-B,,SecurityBoard.HKEquity,1000,1051984845.0,1051984845.0,0,0,0,1
01673,1673.HK,華章科技,華章科技,,SecurityBoard.HKEquity,2000,1596134067.0,1596134067.0,0,0,0,1
01675,1675.HK,亞信科技,亞信科技,,SecurityBoard.HKEquity,400,939988940.0,939988940.0,0,0,0,1
01676,1676.HK,高地股份,高地股份,,SecurityBoard.HKEquity,10000,394644342.0,394644342.0,0,0,0,1
01679,1679.HK,瑞斯康集團,瑞斯康集團,,SecurityBoard.HKEquity,5000,215813840.0,215813840.0,0,0,0,1
01680,1680.HK,澳門勵駿,澳門勵駿,,SecurityBoard.HKEquity,4000,930178068.0,930178068.0,0,0,0,1
01681,1681.HK,康臣葯業,康臣藥業,,SecurityBoard.HKEquity,1000,839049111.0,839049111.0,0,0,0,1
01682,1682.HK,杭品生活科技,杭品生活科技,,SecurityBoard.HKEquity,4000,1571854000.0,1571854000.0,0,0,0,1
01683,1683.HK,曠逸國際,曠逸國際,,SecurityBoard.HKEquity,16000,1866240000.0,1866240000.0,0,0,0,1
01685,1685.HK,博耳電力,博耳電力,,SecurityBoard.HKEquity,1000,773769000.0,773769000.0,0,0,0,1
01686,1686.HK,新意網集團,新意網集團,,SecurityBoard.HKEquity,1000,2363184833.0,2363184833.0,0,0,0,1
01688,1688.HK,領益智造,領益智造,,SecurityBoard.HKEquity,660,8120306431.0,811811880.0,0,0,0,1
01689,1689.HK,華禧控股,華禧控股,,SecurityBoard.HKEquity,2000,701430000.0,701430000.0,0,0,0,1
01690,1690.HK,立基工程控股,立基工程控股,,SecurityBoard.HKEquity,10000,1445230000.0,1445230000.0,0,0,0,1
01691,1691.HK,ＪＳ環球生活,JS環球生活,,SecurityBoard.HKEquity,500,3474571777.0,3474571777.0,0,0,0,1
01692,1692.HK,登輝控股,登輝控股,,SecurityBoard.HKEquity,2000,359000000.0,359000000.0,0,0,0,1
01693,1693.HK,璋利國際,璋利國際,,SecurityBoard.HKEquity,2000,80278240.0,80278240.0,0,0,0,1
01695,1695.HK,椰豐集團,椰豐集團,,SecurityBoard.HKEquity,5000,1080000000.0,1080000000.0,0,0,0,1
01696,1696.HK,復銳醫療科技,复銳醫療科技,,SecurityBoard.HKEquity,400,468343092.0,468343092.0,0,0,0,1
01697,1697.HK,山東國信,山東國信,,SecurityBoard.HKEquity,1800,4658850000.0,1164735000.0,0,0,0,1
01698,1698.HK,騰訊音樂－ＳＷ,騰訊音樂-SW,,SecurityBoard.HKEquity,100,3301604303.0,3301604303.0,0,0,0,1
01701,1701.HK,途屹控股,途屹控股,,SecurityBoard.HKEquity,4000,1000000000.0,1000000000.0,0,0,0,1
01702,1702.HK,東光化工,東光化工,,SecurityBoard.HKEquity,4000,620944000.0,620944000.0,0,0,0,1
01703,1703.HK,誼和股份,誼和股份,,SecurityBoard.HKEquity,5000,138000000.0,138000000.0,0,0,0,1
01705,1705.HK,賓仕國際,賓仕國際,,SecurityBoard.HKEquity,4000,400000000.0,400000000.0,0,0,0,1
01707,1707.HK,致浩達控股,致浩達控股,,SecurityBoard.HKEquity,8000,1680000000.0,1680000000.0,0,0,0,1
01708,1708.HK,三寶科技,三寶科技,,SecurityBoard.HKEquity,500,792058500.0,229500000.0,0,0,0,1
01709,1709.HK,德林控股,德林控股,,SecurityBoard.HKEquity,1000,1989400028.0,1989400028.0,0,0,0,1
01710,1710.HK,致豐工業電子,致豐工業電子,,SecurityBoard.HKEquity,4000,1000000000.0,1000000000.0,0,0,0,1
01711,1711.HK,歐化,歐化,,SecurityBoard.HKEquity,10000,800000000.0,800000000.0,0,0,0,1
01712,1712.HK,龍資源,龍資源,,SecurityBoard.HKEquity,1000,189715935.0,189715935.0,0,0,0,1
01713,1713.HK,四川能投發展,四川能投發展,,SecurityBoard.HKEquity,2000,1074357700.0,787396758.0,0,0,0,1
01715,1715.HK,智慧健康科技,智慧健康科技,,SecurityBoard.HKEquity,10000,360759879.0,360759879.0,0,0,0,1
01716,1716.HK,毛記葵涌,毛記葵湧,,SecurityBoard.HKEquity,2000,270000000.0,270000000.0,0,0,0,1
01717,1717.HK,澳優,澳優,,SecurityBoard.HKEquity,1000,1778144841.0,1778144841.0,0,0,0,1
01718,1718.HK,宏基集團控股,宏基集團控股,,SecurityBoard.HKEquity,5000,304120000.0,304120000.0,0,0,0,1
01719,1719.HK,中國通商集團,中國通商集團,,SecurityBoard.HKEquity,4000,1725066689.0,1725066689.0,0,0,0,1
01720,1720.HK,普天通信集團,普天通信集團,,SecurityBoard.HKEquity,4000,1100000000.0,1100000000.0,0,0,0,1
01721,1721.HK,FSM HOLDINGS,FSM HOLDINGS,,SecurityBoard.HKEquity,5000,1000000000.0,1000000000.0,0,0,0,1
01722,1722.HK,建鵬控股,建鵬控股,,SecurityBoard.HKEquity,10000,1100000000.0,1100000000.0,0,0,0,1
01723,1723.HK,恆月控股,恆月控股,,SecurityBoard.HKEquity,2000,478272000.0,478272000.0,0,0,0,1
01725,1725.HK,中國技術集團,中國技術集團,,SecurityBoard.HKEquity,200,818410000.0,818410000.0,0,0,0,1
01726,1726.HK,HKE HOLDINGS,HKE HOLDINGS,,SecurityBoard.HKEquity,5000,1141746668.0,1141746668.0,0,0,0,1
01727,1727.HK,河北建設,河北建設,,SecurityBoard.HKEquity,500,1761383500.0,461383500.0,0,0,0,1
01728,1728.HK,正通汽車,正通汽車,,SecurityBoard.HKEquity,500,10016050944.0,10016050944.0,0,0,0,1
01729,1729.HK,匯聚科技,匯聚科技,,SecurityBoard.HKEquity,1000,2233460404.0,2233460404.0,0,0,0,1
01731,1731.HK,其利工業集團,其利工業集團,,SecurityBoard.HKEquity,4000,1120000000.0,1120000000.0,0,0,0,1
01732,1732.HK,象興科技,象興科技,,SecurityBoard.HKEquity,20000,1280000000.0,1280000000.0,0,0,0,1
01733,1733.HK,易大宗,易大宗,,SecurityBoard.HKEquity,2000,2669782962.0,2669782962.0,0,0,0,1
01735,1735.HK,中環新能源,中環新能源,,SecurityBoard.HKEquity,1000,4224000000.0,4224000000.0,0,0,0,1
01736,1736.HK,中國育兒網絡,中國育兒網絡,,SecurityBoard.HKEquity,5000,51138203.0,51138203.0,0,0,0,1
01737,1737.HK,亞洲實業集團,亞洲實業集團,,SecurityBoard.HKEquity,10000,1000000000.0,1000000000.0,0,0,0,1
01738,1738.HK,飛尚無煙煤,飛尚無煙煤,,SecurityBoard.HKEquity,2500,1380545800.0,1380545800.0,0,0,0,1
01739,1739.HK,齊屹科技,齊屹科技,,SecurityBoard.HKEquity,500,1145011090.0,1145011090.0,0,0,0,1
01740,1740.HK,新石文化,新石文化,,SecurityBoard.HKEquity,5000,1037500000.0,1037500000.0,0,0,0,1
01741,1741.HK,成志控股,成志控股,,SecurityBoard.HKEquity,4000,800000000.0,800000000.0,0,0,0,1
01742,1742.HK,HPC HOLDINGS,HPC HOLDINGS,,SecurityBoard.HKEquity,5000,1600000000.0,1600000000.0,0,0,0,1
01745,1745.HK,驢跡科技,驢跡科技,,SecurityBoard.HKEquity,2000,50616020.0,50616020.0,0,0,0,1
01746,1746.HK,萬順集團控股,萬順集團控股,,SecurityBoard.HKEquity,4000,1000000000.0,1000000000.0,0,0,0,1
01747,1747.HK,HOME CONTROL,HOME CONTROL,,SecurityBoard.HKEquity,2000,535074000.0,535074000.0,0,0,0,1
01748,1748.HK,信源企業集團,信源企業集團,,SecurityBoard.HKEquity,2000,440000000.0,440000000.0,0,0,0,1
01749,1749.HK,杉杉品牌,杉杉品牌,,SecurityBoard.HKEquity,1000,133400000.0,33400000.0,0,0,0,1
01750,1750.HK,全達電器集團控股,全達電器集團控股,,SecurityBoard.HKEquity,10000,1800000000.0,1800000000.0,0,0,0,1
01751,1751.HK,智算能建,智算能建(二千),,SecurityBoard.HKEquity,2000,407671369.0,407671369.0,0,0,0,1
01752,1752.HK,澳洲成峰高教,澳洲成峰高教,,SecurityBoard.HKEquity,10000,2231846000.0,2231846000.0,0,0,0,1
01753,1753.HK,兌吧,兌吧,,SecurityBoard.HKEquity,400,1076823200.0,1076823200.0,0,0,0,1
01755,1755.HK,新城悅服務,新城悅服務,,SecurityBoard.HKEquity,1000,871331000.0,871331000.0,0,0,0,1
01756,1756.HK,中國科教產業,中國科教產業,,SecurityBoard.HKEquity,1000,1200000000.0,1200000000.0,0,0,0,1
01757,1757.HK,環球華商俱樂部,環球華商俱樂部,,SecurityBoard.HKEquity,1000,1200000000.0,1200000000.0,0,0,0,1
01758,1758.HK,博駿教育,博駿教育,,SecurityBoard.HKEquity,2000,903138460.0,903138460.0,0,0,0,1
01759,1759.HK,中油潔能控股,中油潔能控股,,SecurityBoard.HKEquity,1000,216000000.0,216000000.0,0,0,0,1
01760,1760.HK,英恒科技,英恆科技,,SecurityBoard.HKEquity,1000,1087838400.0,1087838400.0,0,0,0,1
01762,1762.HK,萬咖壹聯,萬咖壹聯,,SecurityBoard.HKEquity,1000,1942487964.0,1942487964.0,0,0,0,1
01763,1763.HK,中國同輻,中國同輻,,SecurityBoard.HKEquity,200,319874900.0,79968800.0,0,0,0,1
01765,1765.HK,希教國際控股,希教國際控股,,SecurityBoard.HKEquity,2000,8673936140.0,8673936140.0,0,0,0,1
01766,1766.HK,中國中車,中國中車,,SecurityBoard.HKEquity,1000,28698864088.0,4371066040.0,0,0,0,1
01767,1767.HK,TS WONDERS,TS WONDERS,,SecurityBoard.HKEquity,10000,1000000000.0,1000000000.0,0,0,0,1
01768,1768.HK,鳴鳴很忙,鳴鳴很忙,,SecurityBoard.HKEquity,100,217837800.0,215917351.0,0,0,0,1
01769,1769.HK,思考樂教育,思考樂教育,,SecurityBoard.HKEquity,1000,673781050.0,673781050.0,0,0,0,1
01770,1770.HK,東方科脈,東方科脈,,SecurityBoard.HKEquity,50,51185739.0,51185739.0,0,0,0,1
01771,1771.HK,新豐泰集團,新豐泰集團,,SecurityBoard.HKEquity,1000,600000000.0,600000000.0,0,0,0,1
01772,1772.HK,贛鋒鋰業,贛鋒鋰業,,SecurityBoard.HKEquity,200,2096694404.0,483100705.0,0,0,0,1
01773,1773.HK,天立國際控股,天立國際控股,,SecurityBoard.HKEquity,1000,2088528000.0,2088528000.0,0,0,0,1
01775,1775.HK,精英匯集團,精英匯集團,,SecurityBoard.HKEquity,4000,533012000.0,533012000.0,0,0,0,1
01776,1776.HK,廣發証券,廣發證券,,SecurityBoard.HKEquity,200,7824845511.0,1920796200.0,0,0,0,1
01777,1777.HK,花樣年控股,花樣年控股(新),,SecurityBoard.HKEquity,5000,3628367310.0,3628367310.0,0,0,0,1
01778,1778.HK,彩生活,彩生活,,SecurityBoard.HKEquity,1000,1859407192.0,1859407192.0,0,0,0,1
01779,1779.HK,天辰生物－Ｂ,天辰生物-B,,SecurityBoard.HKEquity,50,76322100.0,75059218.0,0,0,0,1
01780,1780.HK,榮尊國際控股,榮尊國際控股,,SecurityBoard.HKEquity,2500,620000000.0,620000000.0,0,0,0,1
01782,1782.HK,國際商業數字技術,國際商業數字技術,,SecurityBoard.HKEquity,5000,800000000.0,800000000.0,0,0,0,1
01783,1783.HK,晉景新能,晉景新能,,SecurityBoard.HKEquity,1000,3007266280.0,3007266280.0,0,0,0,1
01785,1785.HK,成都高速,成都高速,,SecurityBoard.HKEquity,1000,1656102000.0,456102000.0,0,0,0,1
01786,1786.HK,鐵建裝備,鐵建裝備,,SecurityBoard.HKEquity,500,1519884000.0,531900000.0,0,0,0,1
01787,1787.HK,山東黃金,山東黃金,,SecurityBoard.HKEquity,250,4609929525.0,995486178.0,0,0,0,1
01788,1788.HK,國泰君安國際,國泰君安國際,,SecurityBoard.HKEquity,1000,9529944707.0,9529944707.0,0,0,0,1
01789,1789.HK,愛康醫療,愛康醫療,,SecurityBoard.HKEquity,2000,1077620382.0,1077620382.0,0,0,0,1
01790,1790.HK,達力環保,達力環保,,SecurityBoard.HKEquity,5000,1000000000.0,1000000000.0,0,0,0,1
01792,1792.HK,CMON,CMON,,SecurityBoard.HKEquity,2000,247680000.0,247680000.0,0,0,0,1
01793,1793.HK,偉工控股,偉工控股,,SecurityBoard.HKEquity,4000,800000000.0,800000000.0,0,0,0,1
01795,1795.HK,亞東集團,亞東集團,,SecurityBoard.HKEquity,3000,600000000.0,600000000.0,0,0,0,1
01796,1796.HK,中國數智科技,中國數智科技,,SecurityBoard.HKEquity,2000,480000000.0,480000000.0,0,0,0,1
01797,1797.HK,東方甄選,東方甄選,,SecurityBoard.HKEquity,500,1053879218.0,1053879218.0,0,0,0,1
01798,1798.HK,大唐新能源,大唐新能源,,SecurityBoard.HKEquity,1000,7273701000.0,2501071100.0,0,0,0,1
01799,1799.HK,新特能源,新特能源,,SecurityBoard.HKEquity,400,1430000000.0,376170756.0,0,0,0,1
01800,1800.HK,中國交通建設,中國交通建設,,SecurityBoard.HKEquity,1000,16213786279.0,4418476000.0,0,0,0,1
01801,1801.HK,信達生物,信達生物,,SecurityBoard.HKEquity,500,1743864650.0,1743864650.0,0,0,0,1
01802,1802.HK,文業集團,文業集團,,SecurityBoard.HKEquity,2000,831600000.0,831600000.0,0,0,0,1
01803,1803.HK,北京體育文化,北京體育文化-新,,SecurityBoard.HKEquity,5000,168961900.0,168961900.0,0,0,0,1
01808,1808.HK,企展控股,企展控股,,SecurityBoard.HKEquity,2000,244888185.0,244888185.0,0,0,0,1
01809,1809.HK,浦林成山,浦林成山,,SecurityBoard.HKEquity,500,638645000.0,638645000.0,0,0,0,1
01810,1810.HK,小米集團－Ｗ,小米集團-W,,SecurityBoard.HKEquity,200,25759203687.0,25759203687.0,0,0,0,1
01811,1811.HK,中廣核新能源,中廣核新能源,,SecurityBoard.HKEquity,2000,4289924000.0,4289924000.0,0,0,0,1
01812,1812.HK,晨鳴紙業,晨鳴紙業,,SecurityBoard.HKEquity,500,2941456200.0,528305250.0,0,0,0,1
01813,1813.HK,合景泰富集團,合景泰富集團,,SecurityBoard.HKEquity,500,3418883945.0,3418883945.0,0,0,0,1
01815,1815.HK,珠峰黃金,珠峰黃金,,SecurityBoard.HKEquity,1000,1397875040.0,1397875040.0,0,0,0,1
01816,1816.HK,中廣核電力,中廣核電力,,SecurityBoard.HKEquity,1000,50498824032.0,11163625000.0,0,0,0,1
01817,1817.HK,慕尚集團控股,慕尚集團控股,,SecurityBoard.HKEquity,500,950000000.0,950000000.0,0,0,0,1
01818,1818.HK,招金礦業,招金礦業,,SecurityBoard.HKEquity,500,3542393204.0,2881555597.0,0,0,0,1
01820,1820.HK,濟豐包裝,濟豐包裝,,SecurityBoard.HKEquity,1000,300632000.0,300632000.0,0,0,0,1
01822,1822.HK,中木國際,中木國際,,SecurityBoard.HKEquity,30000,1973797360.0,1973797360.0,0,0,0,1
01823,1823.HK,華昱高速,華昱高速,,SecurityBoard.HKEquity,2000,471108000.0,471108000.0,0,0,0,1
01825,1825.HK,STERLING GP,STERLING GP,,SecurityBoard.HKEquity,2000,41472000.0,41472000.0,0,0,0,1
01826,1826.HK,豐展控股,豐展控股,,SecurityBoard.HKEquity,10000,2397600000.0,2397600000.0,0,0,0,1
01827,1827.HK,卓珈控股,卓珈控股,,SecurityBoard.HKEquity,5000,400000000.0,400000000.0,0,0,0,1
01828,1828.HK,富衛集團,富衛集團,,SecurityBoard.HKEquity,100,1279622076.0,1279622076.0,0,0,0,1
01830,1830.HK,完美醫療,完美醫療,,SecurityBoard.HKEquity,1000,1256197771.0,1256197771.0,0,0,0,1
01831,1831.HK,十方控股,十方控股,,SecurityBoard.HKEquity,10000,1075449549.0,1075449549.0,0,0,0,1
01832,1832.HK,海天地悅旅,海天地悅旅,,SecurityBoard.HKEquity,1000,360000000.0,360000000.0,0,0,0,1
01833,1833.HK,平安好醫生,平安好醫生,,SecurityBoard.HKEquity,100,2161443720.0,2161443720.0,0,0,0,1
01835,1835.HK,瑞威資管,瑞威資管,,SecurityBoard.HKEquity,400,153340000.0,38340000.0,0,0,0,1
01836,1836.HK,九興控股,九興控股,,SecurityBoard.HKEquity,500,844496500.0,844496500.0,0,0,0,1
01837,1837.HK,五谷磨房,五谷磨房,,SecurityBoard.HKEquity,2000,2188564000.0,2188564000.0,0,0,0,1
01841,1841.HK,優越集團控股,優越集團控股,,SecurityBoard.HKEquity,10000,400000000.0,400000000.0,0,0,0,1
01842,1842.HK,植華集團,植華集團,,SecurityBoard.HKEquity,4000,1440000000.0,1440000000.0,0,0,0,1
01843,1843.HK,快餐帝國,快餐帝國,,SecurityBoard.HKEquity,4000,800000000.0,800000000.0,0,0,0,1
01845,1845.HK,維港環保科技,維港環保科技,,SecurityBoard.HKEquity,3000,1333335000.0,1333335000.0,0,0,0,1
01846,1846.HK,德視佳,德視佳,,SecurityBoard.HKEquity,1000,320706000.0,320706000.0,0,0,0,1
01847,1847.HK,雲南建投混凝土,雲南建投混凝土,,SecurityBoard.HKEquity,1000,446272000.0,133882000.0,0,0,0,1
01848,1848.HK,中國飛機租賃,中國飛機租賃,,SecurityBoard.HKEquity,500,759344424.0,759344424.0,0,0,0,1
01849,1849.HK,秀商時代控股,秀商時代控股,,SecurityBoard.HKEquity,5000,800000000.0,800000000.0,0,0,0,1
01850,1850.HK,美好生活集團控股,美好生活集團控股,,SecurityBoard.HKEquity,10000,172800000.0,172800000.0,0,0,0,1
01851,1851.HK,銀杏教育,銀杏教育,,SecurityBoard.HKEquity,2000,500000000.0,500000000.0,0,0,0,1
01853,1853.HK,春城熱力,春城熱力,,SecurityBoard.HKEquity,2500,466700000.0,116700000.0,0,0,0,1
01854,1854.HK,中國萬天控股,中國萬天控股,,SecurityBoard.HKEquity,10000,2038329769.0,2038329769.0,0,0,0,1
01855,1855.HK,中慶股份,中慶股份,,SecurityBoard.HKEquity,2000,825000000.0,825000000.0,0,0,0,1
01856,1856.HK,依波路,依波路,,SecurityBoard.HKEquity,1000,360257512.0,360257512.0,0,0,0,1
01857,1857.HK,中國光大水務,中國光大水務,,SecurityBoard.HKEquity,1000,2860876723.0,2860876723.0,0,0,0,1
01858,1858.HK,春立醫療,春立醫療,,SecurityBoard.HKEquity,250,383568500.0,95140500.0,0,0,0,1
01860,1860.HK,匯量科技,匯量科技,,SecurityBoard.HKEquity,1000,1705770487.0,1705770487.0,0,0,0,1
01861,1861.HK,保寶龍科技,保寶龍科技,,SecurityBoard.HKEquity,2000,233917250.0,233917250.0,0,0,0,1
01862,1862.HK,景瑞控股,景瑞控股,,SecurityBoard.HKEquity,1000,1538813213.0,1538813213.0,0,0,0,1
01863,1863.HK,中國龍天集團,中國龍天集團,,SecurityBoard.HKEquity,1000,852612470.0,852612470.0,0,0,0,1
01865,1865.HK,鵬高控股集團,鵬高控股集團,,SecurityBoard.HKEquity,12000,1434541901.0,1434541901.0,0,0,0,1
01866,1866.HK,中國心連心化肥,中國心連心化肥,,SecurityBoard.HKEquity,1000,1274680000.0,1274680000.0,0,0,0,1
01867,1867.HK,標準發展集團,標準發展集團,,SecurityBoard.HKEquity,10000,1494000000.0,1494000000.0,0,0,0,1
01868,1868.HK,同方友友,同方友友,,SecurityBoard.HKEquity,2000,2094465417.0,2094465417.0,0,0,0,1
01869,1869.HK,貓屎咖啡控股,貓屎咖啡控股,,SecurityBoard.HKEquity,10000,1692300000.0,1692300000.0,0,0,0,1
01870,1870.HK,綠色電能集團,綠色電能集團,,SecurityBoard.HKEquity,2500,1017170000.0,1017170000.0,0,0,0,1
01871,1871.HK,向中國際,向中國際,,SecurityBoard.HKEquity,4000,435958192.0,435958192.0,0,0,0,1
01872,1872.HK,冠轈控股,冠轈控股,,SecurityBoard.HKEquity,5000,651701081.0,651701081.0,0,0,0,1
01873,1873.HK,維亞生物,維亞生物,,SecurityBoard.HKEquity,500,2093553353.0,2093553353.0,0,0,0,1
01875,1875.HK,東曜藥業－Ｂ,東曜藥業-B,,SecurityBoard.HKEquity,400,772787887.0,772787887.0,0,0,0,1
01876,1876.HK,百威亞太,百威亞太,,SecurityBoard.HKEquity,100,13243397000.0,13243397000.0,0,0,0,1
01877,1877.HK,君實生物,君實生物,,SecurityBoard.HKEquity,200,1026689871.0,260295700.0,0,0,0,1
01878,1878.HK,南戈壁,南戈壁,,SecurityBoard.HKEquity,50,370549288.0,370549288.0,0,0,0,1
01879,1879.HK,曦智科技－Ｐ,曦智科技-P,,SecurityBoard.HKEquity,15,94037377.0,76850576.0,0,0,0,1
01880,1880.HK,中國中免,中國中免,,SecurityBoard.HKEquity,100,2077796644.0,125321100.0,0,0,0,1
01881,1881.HK,富豪產業信託,,,,,,,0,0,,0
01882,1882.HK,海天國際,海天國際,,SecurityBoard.HKEquity,1000,1596000000.0,1596000000.0,0,0,0,1
01883,1883.HK,中信國際電訊,中信國際電訊,,SecurityBoard.HKEquity,1000,3700891382.0,3700891382.0,0,0,0,1
01884,1884.HK,ＥＰＲＩＮＴ集團,EPRINT集團,,SecurityBoard.HKEquity,4000,550000000.0,550000000.0,0,0,0,1
01888,1888.HK,建滔積層板,建滔積層板,,SecurityBoard.HKEquity,500,3151450000.0,3151450000.0,0,0,0,1
01889,1889.HK,三愛健康集團,三愛健康集團,,SecurityBoard.HKEquity,5000,152898695.0,152898695.0,0,0,0,1
01890,1890.HK,中國科培,中國科培,,SecurityBoard.HKEquity,2000,2014248667.0,2014248667.0,0,0,0,1
01891,1891.HK,興合控股,興合控股,,SecurityBoard.HKEquity,4000,1000000000.0,1000000000.0,0,0,0,1
01894,1894.HK,恒益控股,恆益控股,,SecurityBoard.HKEquity,5000,233357000.0,233357000.0,0,0,0,1
01895,1895.HK,鑫苑服務,鑫苑服務,,SecurityBoard.HKEquity,1000,593037500.0,593037500.0,0,0,0,1
01896,1896.HK,貓眼娛樂,貓眼娛樂,,SecurityBoard.HKEquity,200,1174142157.0,1174142157.0,0,0,0,1
01897,1897.HK,美亨實業,美亨實業,,SecurityBoard.HKEquity,2000,403377630.0,403377630.0,0,0,0,1
01898,1898.HK,中煤能源,中煤能源,,SecurityBoard.HKEquity,1000,13258663400.0,4106663000.0,0,0,0,1
01899,1899.HK,興達國際,興達國際,,SecurityBoard.HKEquity,1000,1920125199.0,1920125199.0,0,0,0,1
01900,1900.HK,中國智能交通,中國智能交通,,SecurityBoard.HKEquity,1000,1720185862.0,1720185862.0,0,0,0,1
01901,1901.HK,飛揚集團,飛揚集團,,SecurityBoard.HKEquity,2000,998400000.0,998400000.0,0,0,0,1
01903,1903.HK,JBB BUILDERS,JBB BUILDERS,,SecurityBoard.HKEquity,2000,500000000.0,500000000.0,0,0,0,1
01905,1905.HK,海通恆信,海通恆信,,SecurityBoard.HKEquity,2000,8235300000.0,5794453176.0,0,0,0,1
01906,1906.HK,博尼控股,博尼控股,,SecurityBoard.HKEquity,10000,1471123710.0,1471123710.0,0,0,0,1
01907,1907.HK,中國旭陽集團,中國旭陽集團,,SecurityBoard.HKEquity,1000,4252177000.0,4252177000.0,0,0,0,1
01908,1908.HK,建發國際集團,建發國際集團,,SecurityBoard.HKEquity,1000,2315932646.0,2315932646.0,0,0,0,1
01909,1909.HK,火岩控股,火岩控股,,SecurityBoard.HKEquity,2000,242821041.0,242821041.0,0,0,0,1
01910,1910.HK,新秀麗,新秀麗,,SecurityBoard.HKEquity,300,1363795481.0,1363795481.0,0,0,0,1
01911,1911.HK,華興資本控股,華興資本控股,,SecurityBoard.HKEquity,100,573347776.0,573347776.0,0,0,0,1
01912,1912.HK,康特隆,康特隆,,SecurityBoard.HKEquity,5000,461209833.0,461209833.0,0,0,0,1
01913,1913.HK,普拉達,普拉達,,SecurityBoard.HKEquity,100,2558824000.0,2558824000.0,0,0,0,1
01915,1915.HK,泰和小貸,泰和小貸,,SecurityBoard.HKEquity,2000,600000000.0,150000000.0,0,0,0,1
01916,1916.HK,江西銀行,江西銀行,,SecurityBoard.HKEquity,500,6024276901.0,1345500000.0,0,0,0,1
01917,1917.HK,豆盟科技,豆盟科技,,SecurityBoard.HKEquity,10000,2300000000.0,2300000000.0,0,0,0,1
01918,1918.HK,融創中國,融創中國,,SecurityBoard.HKEquity,1000,19965499620.0,19965499620.0,0,0,0,1
01919,1919.HK,中遠海控,中遠海控,,SecurityBoard.HKEquity,500,15268122965.0,2711586000.0,0,0,0,1
01920,1920.HK,巨美集團,巨美集團,,SecurityBoard.HKEquity,10000,587600000.0,587600000.0,0,0,0,1
01921,1921.HK,達力普控股,達力普控股,,SecurityBoard.HKEquity,2000,1556066000.0,1556066000.0,0,0,0,1
01925,1925.HK,曠世芳香,曠世芳香,,SecurityBoard.HKEquity,2000,405042000.0,405042000.0,0,0,0,1
01927,1927.HK,久久王,久久王,,SecurityBoard.HKEquity,5000,792000000.0,792000000.0,0,0,0,1
01928,1928.HK,金沙中國有限公司,金沙中國有限公司,,SecurityBoard.HKEquity,400,8093379566.0,8093379566.0,0,0,0,1
01929,1929.HK,周大福,周大福,,SecurityBoard.HKEquity,200,9866331200.0,9866331200.0,0,0,0,1
01930,1930.HK,勛龍,勳龍,,SecurityBoard.HKEquity,4000,660000000.0,660000000.0,0,0,0,1
01931,1931.HK,華檢醫療,華檢醫療,,SecurityBoard.HKEquity,1000,1604289096.0,1604289096.0,0,0,0,1
01932,1932.HK,中漆集團,中漆集團,,SecurityBoard.HKEquity,4000,1000000000.0,1000000000.0,0,0,0,1
01933,1933.HK,元力控股,元力控股,,SecurityBoard.HKEquity,4000,503927177.0,503927177.0,0,0,0,1
01935,1935.HK,嘉宏教育,嘉宏教育,,SecurityBoard.HKEquity,2000,1600830000.0,1600830000.0,0,0,0,1
01936,1936.HK,利特米,利特米,,SecurityBoard.HKEquity,2000,466762000.0,466762000.0,0,0,0,1
01937,1937.HK,佳辰控股,佳辰控股,,SecurityBoard.HKEquity,5000,1000000000.0,1000000000.0,0,0,0,1
01938,1938.HK,珠江鋼管,珠江鋼管,,SecurityBoard.HKEquity,1000,1011142000.0,1011142000.0,0,0,0,1
01939,1939.HK,上善黃金,上善黃金,,SecurityBoard.HKEquity,2000,511880000.0,511880000.0,0,0,0,1
01940,1940.HK,CGII HLDGS,CGII HLDGS,,SecurityBoard.HKEquity,2000,1200000000.0,1200000000.0,0,0,0,1
01941,1941.HK,燁星集團,燁星集團,,SecurityBoard.HKEquity,2000,405310000.0,405310000.0,0,0,0,1
01942,1942.HK,馬可數字科技,馬可數字科技,,SecurityBoard.HKEquity,2000,2058389599.0,2058389599.0,0,0,0,1
01943,1943.HK,金石控股集團,金石控股集團,,SecurityBoard.HKEquity,5000,1173420000.0,1173420000.0,0,0,0,1
01945,1945.HK,清科控股,清科控股,,SecurityBoard.HKEquity,400,294030400.0,294030400.0,0,0,0,1
01947,1947.HK,美皓集團,美皓集團,,SecurityBoard.HKEquity,5000,600154350.0,600154350.0,0,0,0,1
01948,1948.HK,優矩控股,優矩控股,,SecurityBoard.HKEquity,1000,600000000.0,600000000.0,0,0,0,1
01949,1949.HK,佰達國際控股,佰達國際控股,,SecurityBoard.HKEquity,4000,230400000.0,230400000.0,0,0,0,1
01950,1950.HK,帝王實業控股,帝王實業控股,,SecurityBoard.HKEquity,4000,720000000.0,720000000.0,0,0,0,1
01951,1951.HK,錦欣生殖,錦欣生殖,,SecurityBoard.HKEquity,500,2692915043.0,2692915043.0,0,0,0,1
01952,1952.HK,雲頂新耀,雲頂新耀,,SecurityBoard.HKEquity,500,354077331.0,354077331.0,0,0,0,1
01953,1953.HK,賽孚迅國際,賽孚迅國際,,SecurityBoard.HKEquity,5000,1260000000.0,1260000000.0,0,0,0,1
01955,1955.HK,莊臣控股,莊臣控股,,SecurityBoard.HKEquity,2000,500000000.0,500000000.0,0,0,0,1
01956,1956.HK,中科聞歌,中科聞歌,,SecurityBoard.HKEquity,200,174436207.0,174436207.0,0,0,0,1
01957,1957.HK,大人國際,大人國際,,SecurityBoard.HKEquity,2500,628000000.0,628000000.0,0,0,0,1
01958,1958.HK,北京汽車,北京汽車,,SecurityBoard.HKEquity,500,8015338182.0,2520690682.0,0,0,0,1
01959,1959.HK,中聚投資,中聚投資,,SecurityBoard.HKEquity,2000,530002000.0,530002000.0,0,0,0,1
01960,1960.HK,TBKS HLDGS,TBKS HLDGS,,SecurityBoard.HKEquity,5000,1000000000.0,1000000000.0,0,0,0,1
01961,1961.HK,多牛科技,多牛科技,,SecurityBoard.HKEquity,2000,734301174.0,734301174.0,0,0,0,1
01962,1962.HK,訓修實業,訓修實業,,SecurityBoard.HKEquity,2000,616136000.0,616136000.0,0,0,0,1
01963,1963.HK,重慶銀行,重慶銀行,,SecurityBoard.HKEquity,500,3625787310.0,1579020812.0,0,0,0,1
01965,1965.HK,朗詩綠色生活,朗詩綠色生活,,SecurityBoard.HKEquity,1000,410765000.0,410765000.0,0,0,0,1
01966,1966.HK,中駿集團控股,中駿集團控股,,SecurityBoard.HKEquity,1000,4222986126.0,4222986126.0,0,0,0,1
01967,1967.HK,信懇智能,信懇智能,,SecurityBoard.HKEquity,200,300000000.0,300000000.0,0,0,0,1
01968,1968.HK,興紡控股,興紡控股,,SecurityBoard.HKEquity,4000,640000000.0,640000000.0,0,0,0,1
01969,1969.HK,中國春來,中國春來,,SecurityBoard.HKEquity,1000,1200000000.0,1200000000.0,0,0,0,1
01970,1970.HK,IMAX CHINA,IMAX CHINA,,SecurityBoard.HKEquity,100,339887221.0,339887221.0,0,0,0,1
01971,1971.HK,弘陽服務,弘陽服務,,SecurityBoard.HKEquity,1000,415000000.0,415000000.0,0,0,0,1
01972,1972.HK,太古地產,太古地產,,SecurityBoard.HKEquity,200,5757484800.0,5757484800.0,0,0,0,1
01973,1973.HK,天圖投資,天圖投資,,SecurityBoard.HKEquity,400,693031110.0,173258000.0,0,0,0,1
01975,1975.HK,新興印刷,新興印刷,,SecurityBoard.HKEquity,4000,480000000.0,480000000.0,0,0,0,1
01977,1977.HK,安樂工程,安樂工程,,SecurityBoard.HKEquity,2000,1400000000.0,1400000000.0,0,0,0,1
01978,1978.HK,敘福樓集團,敘福樓集團,,SecurityBoard.HKEquity,2000,800000000.0,800000000.0,0,0,0,1
01979,1979.HK,天寶集團,天寶集團,,SecurityBoard.HKEquity,4000,1035216837.0,1035216837.0,0,0,0,1
01980,1980.HK,天鴿互動,天鴿互動,,SecurityBoard.HKEquity,1000,1105998162.0,1105998162.0,0,0,0,1
01981,1981.HK,華夏控股,華夏控股,,SecurityBoard.HKEquity,1000,1654937000.0,1654937000.0,0,0,0,1
01982,1982.HK,南旋控股,南旋控股,,SecurityBoard.HKEquity,2000,2279392000.0,2279392000.0,0,0,0,1
01983,1983.HK,瀘州銀行,瀘州銀行,,SecurityBoard.HKEquity,1000,2717752062.0,753120000.0,0,0,0,1
01985,1985.HK,美高域,美高域,,SecurityBoard.HKEquity,2000,306374000.0,306374000.0,0,0,0,1
01986,1986.HK,彩客新能源,彩客新能源,,SecurityBoard.HKEquity,500,967884500.0,967884500.0,0,0,0,1
01987,1987.HK,BENG SOON MACH,BENG SOON MACH,,SecurityBoard.HKEquity,4000,1000000000.0,1000000000.0,0,0,0,1
01988,1988.HK,民生銀行,民生銀行,,SecurityBoard.HKEquity,500,43782418502.0,8320295289.0,0,0,0,1
01989,1989.HK,廣合科技,廣合科技,,SecurityBoard.HKEquity,100,472723864.0,46000000.0,0,0,0,1
01991,1991.HK,大洋集團,大洋集團,,SecurityBoard.HKEquity,10000,172006700.0,172006700.0,0,0,0,1
01993,1993.HK,雅仕維,雅仕維,,SecurityBoard.HKEquity,500,484910739.0,484910739.0,0,0,0,1
01995,1995.HK,永升服務,永升服務,,SecurityBoard.HKEquity,2000,1707652000.0,1707652000.0,0,0,0,1
01996,1996.HK,弘陽地產,弘陽地產,,SecurityBoard.HKEquity,1000,3338898000.0,3338898000.0,0,0,0,1
01997,1997.HK,九龍倉置業,九龍倉置業,,SecurityBoard.HKEquity,1000,3036227327.0,3036227327.0,0,0,0,1
01999,1999.HK,敏華控股,敏華控股,,SecurityBoard.HKEquity,400,3843951200.0,3843951200.0,0,0,0,1
02000,2000.HK,晨訊科技,晨訊科技,,SecurityBoard.HKEquity,2000,2119047300.0,2119047300.0,0,0,0,1
02001,2001.HK,新高教集團,新高教集團,,SecurityBoard.HKEquity,1000,1971941783.0,1971941783.0,0,0,0,1
02002,2002.HK,陽光紙業,陽光紙業,,SecurityBoard.HKEquity,2000,1065144359.0,1065144359.0,0,0,0,1
02003,2003.HK,維信金科,維信金科,,SecurityBoard.HKEquity,200,489459789.0,489459789.0,0,0,0,1
02005,2005.HK,石四藥集團,石四藥集團,,SecurityBoard.HKEquity,2000,2891443385.0,2891443385.0,0,0,0,1
02007,2007.HK,碧桂園,碧桂園,,SecurityBoard.HKEquity,1000,46726894415.0,46726894415.0,0,0,0,1
02008,2008.HK,鳳凰衛視,鳳凰衛視,,SecurityBoard.HKEquity,1000,499365950.0,499365950.0,0,0,0,1
02009,2009.HK,金隅集團,金隅集團,,SecurityBoard.HKEquity,1000,10677771134.0,2338764870.0,0,0,0,1
02011,2011.HK,進騰集團,進騰集團,,SecurityBoard.HKEquity,2000,574497800.0,574497800.0,0,0,0,1
02012,2012.HK,陽光油砂,陽光油砂,,SecurityBoard.HKEquity,1000,711354444.0,711354444.0,0,0,0,1
02013,2013.HK,微盟集團,微盟集團,,SecurityBoard.HKEquity,1000,4132258208.0,4132258208.0,0,0,0,1
02015,2015.HK,理想汽車－Ｗ,理想汽車-W,,SecurityBoard.HKEquity,100,2050309098.0,2050309098.0,0,0,0,1
02016,2016.HK,浙商銀行,浙商銀行,,SecurityBoard.HKEquity,1000,27464635963.0,5920200000.0,0,0,0,1
02017,2017.HK,滄海控股,滄海控股,,SecurityBoard.HKEquity,2000,618502000.0,618502000.0,0,0,0,1
02018,2018.HK,瑞聲科技,瑞聲科技,,SecurityBoard.HKEquity,500,1154645000.0,1154645000.0,0,0,0,1
02020,2020.HK,安踏體育,安踏體育,,SecurityBoard.HKEquity,200,2796653300.0,2796653300.0,0,0,0,1
02022,2022.HK,遊萊互動,遊萊互動,,SecurityBoard.HKEquity,4000,2000000000.0,2000000000.0,0,0,0,1
02023,2023.HK,中國綠島科技,中國綠島科技,,SecurityBoard.HKEquity,4000,491800000.0,491800000.0,0,0,0,1
02025,2025.HK,瑞豐動力,瑞豐動力,,SecurityBoard.HKEquity,2000,800000000.0,800000000.0,0,0,0,1
02026,2026.HK,小馬智行－Ｗ,小馬智行-W,,SecurityBoard.HKEquity,100,434413615.0,434413615.0,0,0,0,1
02028,2028.HK,映美控股,映美控股,,SecurityBoard.HKEquity,2000,858334100.0,858334100.0,0,0,0,1
02030,2030.HK,卡賓,卡賓,,SecurityBoard.HKEquity,1000,668593000.0,668593000.0,0,0,0,1
02031,2031.HK,澳至尊,澳至尊,,SecurityBoard.HKEquity,5000,762000000.0,762000000.0,0,0,0,1
02033,2033.HK,時計寶,時計寶,,SecurityBoard.HKEquity,2000,2058068000.0,2058068000.0,0,0,0,1
02038,2038.HK,富智康集團,富智康集團,,SecurityBoard.HKEquity,1000,781213483.0,781213483.0,0,0,0,1
02039,2039.HK,中集集團,中集集團,,SecurityBoard.HKEquity,100,5312538985.0,3009856495.0,0,0,0,1
02041,2041.HK,麥科田,麥科田,,SecurityBoard.HKEquity,100,538626686.0,479221686.0,0,0,0,1
02048,2048.HK,易居企業控股,易居企業控股,,SecurityBoard.HKEquity,300,1749059530.0,1749059530.0,0,0,0,1
02050,2050.HK,三花智控,三花智控,,SecurityBoard.HKEquity,100,4208013935.0,476536400.0,0,0,0,1
02051,2051.HK,VALA,VALA,,SecurityBoard.HKEquity,10000,1629984225.0,1629984225.0,0,0,0,1
02057,2057.HK,中通快遞－Ｗ,中通快遞-W,,SecurityBoard.HKEquity,50,758715053.0,758715053.0,0,0,0,1
02068,2068.HK,中鋁國際,中鋁國際,,SecurityBoard.HKEquity,1000,2986917967.0,399476000.0,0,0,0,1
02076,2076.HK,ＢＯＳＳ直聘－Ｗ,BOSS直聘-W,,SecurityBoard.HKEquity,100,943762002.0,943762002.0,0,0,0,1
02078,2078.HK,榮陽實業,榮陽實業,,SecurityBoard.HKEquity,1000,1200000000.0,1200000000.0,0,0,0,1
02080,2080.HK,奧克斯國際,奧克斯國際,,SecurityBoard.HKEquity,2000,492984000.0,492984000.0,0,0,0,1
02086,2086.HK,高維科技,高維科技,,SecurityBoard.HKEquity,1000,319564892.0,319564892.0,0,0,0,1
02088,2088.HK,西王置業,西王置業,,SecurityBoard.HKEquity,2000,1408784239.0,1408784239.0,0,0,0,1
02096,2096.HK,先聲藥業,先聲藥業,,SecurityBoard.HKEquity,1000,2568198618.0,2568198618.0,0,0,0,1
02097,2097.HK,蜜雪集團,蜜雪集團,,SecurityBoard.HKEquity,100,379618800.0,150883058.0,0,0,0,1
02098,2098.HK,卓爾智聯,卓爾智聯,,SecurityBoard.HKEquity,1000,12399505800.0,12399505800.0,0,0,0,1
02099,2099.HK,中國黃金國際,中國黃金國際,,SecurityBoard.HKEquity,100,396413753.0,396413753.0,0,0,0,1
02100,2100.HK,百奧家庭互動,百奧家庭互動,,SecurityBoard.HKEquity,2000,2856582000.0,2856582000.0,0,0,0,1
02101,2101.HK,福祿控股,福祿控股,,SecurityBoard.HKEquity,500,406020887.0,406020887.0,0,0,0,1
02102,2102.HK,德利機械,德利機械,,SecurityBoard.HKEquity,10000,1000000000.0,1000000000.0,0,0,0,1
02105,2105.HK,來凱醫藥－Ｂ,來凱醫藥-B,,SecurityBoard.HKEquity,500,449331350.0,449331350.0,0,0,0,1
02107,2107.HK,第一服務控股,第一服務控股,,SecurityBoard.HKEquity,2500,1264000000.0,1264000000.0,0,0,0,1
02108,2108.HK,K2 F&B,K2 F&B,,SecurityBoard.HKEquity,4000,800000000.0,800000000.0,0,0,0,1
02110,2110.HK,天成控股,天成控股,,SecurityBoard.HKEquity,10000,43200000.0,43200000.0,0,0,0,1
02111,2111.HK,超盈國際控股,超盈國際控股,,SecurityBoard.HKEquity,2000,1039808000.0,1039808000.0,0,0,0,1
02112,2112.HK,恩典生命科技,恩典生命科技,,SecurityBoard.HKEquity,2000,1500000000.0,1500000000.0,0,0,0,1
02113,2113.HK,世紀集團國際,世紀集團國際,,SecurityBoard.HKEquity,5000,804750000.0,804750000.0,0,0,0,1
02116,2116.HK,江蘇創新,江蘇創新,,SecurityBoard.HKEquity,2000,480000000.0,480000000.0,0,0,0,1
02119,2119.HK,捷榮國際控股,捷榮國際控股,,SecurityBoard.HKEquity,2000,720731512.0,720731512.0,0,0,0,1
02120,2120.HK,康寧醫院,康寧醫院,,SecurityBoard.HKEquity,100,70399100.0,26925459.0,0,0,0,1
02121,2121.HK,創新奇智,創新奇智,,SecurityBoard.HKEquity,100,552773138.0,552773138.0,0,0,0,1
02122,2122.HK,凱知樂國際,凱知樂國際,,SecurityBoard.HKEquity,2000,1355914286.0,1355914286.0,0,0,0,1
02125,2125.HK,稻草熊娛樂,稻草熊娛樂,,SecurityBoard.HKEquity,1000,706041400.0,706041400.0,0,0,0,1
02126,2126.HK,藥明巨諾－Ｂ,藥明巨諾-B,,SecurityBoard.HKEquity,500,416768373.0,416768373.0,0,0,0,1
02127,2127.HK,匯森股份,匯森股份,,SecurityBoard.HKEquity,2000,3828908000.0,3828908000.0,0,0,0,1
02128,2128.HK,中國聯塑,中國聯塑,,SecurityBoard.HKEquity,1000,3102418400.0,3102418400.0,0,0,0,1
02129,2129.HK,LEGION CONSO,LEGION CONSO,,SecurityBoard.HKEquity,5000,1250000000.0,1250000000.0,0,0,0,1
02130,2130.HK,嘉泓物流,嘉泓物流,,SecurityBoard.HKEquity,1000,300489000.0,300489000.0,0,0,0,1
02131,2131.HK,云想科技,雲想科技,,SecurityBoard.HKEquity,1000,795658000.0,795658000.0,0,0,0,1
02132,2132.HK,譽燊豐控股,譽燊豐控股,,SecurityBoard.HKEquity,8000,1600000000.0,1600000000.0,0,0,0,1
02135,2135.HK,瑞麗醫美,瑞麗醫美,,SecurityBoard.HKEquity,10000,557077333.0,557077333.0,0,0,0,1
02136,2136.HK,利福中國,利福中國,,SecurityBoard.HKEquity,500,1464448500.0,1464448500.0,0,0,0,1
02137,2137.HK,騰盛博藥－Ｂ,騰盛博藥-B,,SecurityBoard.HKEquity,500,722034740.0,722034740.0,0,0,0,1
02138,2138.HK,醫思健康,醫思健康,,SecurityBoard.HKEquity,1000,1185211265.0,1185211265.0,0,0,0,1
02139,2139.HK,甘肅銀行,甘肅銀行,,SecurityBoard.HKEquity,1000,15069791330.0,3793800000.0,0,0,0,1
02142,2142.HK,和鉑醫藥－Ｂ,和鉑醫藥-B,,SecurityBoard.HKEquity,1000,869264522.0,869264522.0,0,0,0,1
02145,2145.HK,上美股份,上美股份,,SecurityBoard.HKEquity,100,396011971.0,204259411.0,0,0,0,1
02146,2146.HK,榮萬家,榮萬家,,SecurityBoard.HKEquity,500,376000000.0,94000000.0,0,0,0,1
02147,2147.HK,正味集團,正味集團,,SecurityBoard.HKEquity,4000,67200000.0,67200000.0,0,0,0,1
02149,2149.HK,貝克微,貝克微,,SecurityBoard.HKEquity,100,63000000.0,18000000.0,0,0,0,1
02150,2150.HK,奈雪的茶,奈雪的茶,,SecurityBoard.HKEquity,500,1674164147.0,1674164147.0,0,0,0,1
02152,2152.HK,蘇新服務,蘇新服務,,SecurityBoard.HKEquity,500,101047000.0,26047000.0,0,0,0,1
02153,2153.HK,達豐設備,達豐設備,,SecurityBoard.HKEquity,2000,1166871250.0,1166871250.0,0,0,0,1
02155,2155.HK,森松國際,森松國際,,SecurityBoard.HKEquity,1000,1271329000.0,1271329000.0,0,0,0,1
02156,2156.HK,建發物業,建發物業,,SecurityBoard.HKEquity,1000,1408264016.0,1408264016.0,0,0,0,1
02157,2157.HK,樂普生物,樂普生物,,SecurityBoard.HKEquity,1000,1804439838.0,1804439838.0,0,0,0,1
02158,2158.HK,醫渡科技,醫渡科技,,SecurityBoard.HKEquity,100,1019986095.0,1019986095.0,0,0,0,1
02159,2159.HK,麥迪衛康,麥迪衛康,,SecurityBoard.HKEquity,8000,336480000.0,336480000.0,0,0,0,1
02160,2160.HK,微創心通－Ｂ,微創心通-B,,SecurityBoard.HKEquity,1000,1273311439.0,1273311439.0,0,0,0,1
02161,2161.HK,健倍苗苗,健倍苗苗,,SecurityBoard.HKEquity,2000,822000000.0,822000000.0,0,0,0,1
02162,2162.HK,康諾亞－Ｂ,康諾亞-B,,SecurityBoard.HKEquity,500,298735566.0,298735566.0,0,0,0,1
02163,2163.HK,遠大住工,遠大住工,,SecurityBoard.HKEquity,300,487639400.0,309814400.0,0,0,0,1
02165,2165.HK,領悅服務集團,領悅服務集團,,SecurityBoard.HKEquity,1000,285685000.0,285685000.0,0,0,0,1
02166,2166.HK,芯智控股,芯智控股,,SecurityBoard.HKEquity,2000,586417030.0,586417030.0,0,0,0,1
02167,2167.HK,天潤雲,天潤雲,,SecurityBoard.HKEquity,200,173380400.0,173380400.0,0,0,0,1
02168,2168.HK,佳兆業美好,佳兆業美好,,SecurityBoard.HKEquity,250,154110000.0,154110000.0,0,0,0,1
02169,2169.HK,滄港鐵路,滄港鐵路,,SecurityBoard.HKEquity,2000,4000000000.0,4000000000.0,0,0,0,1
02170,2170.HK,貝康醫療－Ｂ,貝康醫療-B,,SecurityBoard.HKEquity,500,273526000.0,82713835.0,0,0,0,1
02171,2171.HK,科濟藥業－Ｂ,科濟藥業-B,,SecurityBoard.HKEquity,500,594237547.0,594237547.0,0,0,0,1
02172,2172.HK,微創腦科學,微創腦科學,,SecurityBoard.HKEquity,1000,568543380.0,568543380.0,0,0,0,1
02175,2175.HK,中國通才教育,中國通才教育,,SecurityBoard.HKEquity,1000,505517000.0,505517000.0,0,0,0,1
02176,2176.HK,賽迪顧問,賽迪顧問,,SecurityBoard.HKEquity,10000,700000000.0,209000000.0,0,0,0,1
02177,2177.HK,優趣匯控股,優趣匯控股,,SecurityBoard.HKEquity,200,165894700.0,165894700.0,0,0,0,1
02178,2178.HK,百勤油服,百勤油服,,SecurityBoard.HKEquity,1000,1726674682.0,1726674682.0,0,0,0,1
02179,2179.HK,瑞科生物－Ｂ,瑞科生物-B,,SecurityBoard.HKEquity,500,626075702.0,458092178.0,0,0,0,1
02180,2180.HK,萬寶盛華,萬寶盛華,,SecurityBoard.HKEquity,250,207505000.0,207505000.0,0,0,0,1
02181,2181.HK,邁博藥業－Ｂ,邁博藥業-B,,SecurityBoard.HKEquity,2000,4124080000.0,4124080000.0,0,0,0,1
02182,2182.HK,天長集團,天長集團,,SecurityBoard.HKEquity,4000,620000000.0,620000000.0,0,0,0,1
02185,2185.HK,百心安－Ｂ,百心安-B,,SecurityBoard.HKEquity,100,243417100.0,235703422.0,0,0,0,1
02186,2186.HK,綠葉製藥,綠葉制藥,,SecurityBoard.HKEquity,500,3994515953.0,3994515953.0,0,0,0,1
02187,2187.HK,智欣集團控股,智欣集團控股,,SecurityBoard.HKEquity,2000,897600000.0,897600000.0,0,0,0,1
02188,2188.HK,泰坦能源技術,泰坦能源技術,,SecurityBoard.HKEquity,2000,1492026000.0,1492026000.0,0,0,0,1
02189,2189.HK,嘉濤（香港）控股,嘉濤(香港)控股,,SecurityBoard.HKEquity,4000,1000000000.0,1000000000.0,0,0,0,1
02190,2190.HK,歸創通橋,歸創通橋,,SecurityBoard.HKEquity,500,330981870.0,323200613.0,0,0,0,1
02191,2191.HK,順豐房託,,,,,,,0,0,,0
02192,2192.HK,醫脈通,醫脈通,,SecurityBoard.HKEquity,500,740274500.0,740274500.0,0,0,0,1
02193,2193.HK,萬景控股,萬景控股,,SecurityBoard.HKEquity,4000,419594000.0,419594000.0,0,0,0,1
02195,2195.HK,盈滙企業控股,盈匯企業控股,,SecurityBoard.HKEquity,10000,169142857.0,169142857.0,0,0,0,1
02196,2196.HK,復星醫藥,复星醫藥,,SecurityBoard.HKEquity,500,2658908825.0,540420000.0,0,0,0,1
02197,2197.HK,三葉草生物－Ｂ,三葉草生物-B,,SecurityBoard.HKEquity,500,1298600681.0,1298600681.0,0,0,0,1
02198,2198.HK,中國三江化工,中國三江化工,,SecurityBoard.HKEquity,1000,1190000000.0,1190000000.0,0,0,0,1
02199,2199.HK,維珍妮,維珍妮,,SecurityBoard.HKEquity,1000,1224250000.0,1224250000.0,0,0,0,1
02202,2202.HK,萬科企業,萬科企業,,SecurityBoard.HKEquity,100,11930709471.0,2206512938.0,0,0,0,1
02203,2203.HK,腦洞科技,腦洞科技,,SecurityBoard.HKEquity,10000,800000000.0,800000000.0,0,0,0,1
02205,2205.HK,康橋悅生活,康橋悅生活,,SecurityBoard.HKEquity,1000,700000000.0,700000000.0,0,0,0,1
02208,2208.HK,金風科技,金風科技,,SecurityBoard.HKEquity,200,4220348647.0,770132399.0,0,0,0,1
02209,2209.HK,喆麗控股,喆麗控股,,SecurityBoard.HKEquity,1000,418987896.0,418987896.0,0,0,0,1
02210,2210.HK,京城佳業,京城佳業,,SecurityBoard.HKEquity,400,146667200.0,36667200.0,0,0,0,1
02211,2211.HK,大健康國際,大健康國際,,SecurityBoard.HKEquity,5000,110546218.0,110546218.0,0,0,0,1
02212,2212.HK,高鵬礦業,高鵬礦業,,SecurityBoard.HKEquity,10000,1263899200.0,1263899200.0,0,0,0,1
02215,2215.HK,德信服務集團,德信服務集團,,SecurityBoard.HKEquity,1000,917881000.0,917881000.0,0,0,0,1
02216,2216.HK,堃博醫療－Ｂ,堃博醫療-B,,SecurityBoard.HKEquity,500,527079084.0,527079084.0,0,0,0,1
02218,2218.HK,安德利果汁,安德利果汁,,SecurityBoard.HKEquity,500,327888000.0,57352000.0,0,0,0,1
02219,2219.HK,朝聚眼科,朝聚眼科,,SecurityBoard.HKEquity,500,701460000.0,701460000.0,0,0,0,1
02221,2221.HK,創業集團控股,創業集團控股,,SecurityBoard.HKEquity,4000,229303213.0,229303213.0,0,0,0,1
02222,2222.HK,雷士國際,雷士國際,,SecurityBoard.HKEquity,10000,507273677.0,507273677.0,0,0,0,1
02223,2223.HK,卡撒天嬌,卡撒天嬌,,SecurityBoard.HKEquity,2000,258152000.0,258152000.0,0,0,0,1
02225,2225.HK,今海醫療科技,今海醫療科技,,SecurityBoard.HKEquity,5000,5299000000.0,5299000000.0,0,0,0,1
02226,2226.HK,老恒和釀造,老恆和釀造,,SecurityBoard.HKEquity,500,578750000.0,578750000.0,0,0,0,1
02227,2227.HK,守益控股,守益控股,,SecurityBoard.HKEquity,4000,915600000.0,915600000.0,0,0,0,1
02228,2228.HK,晶泰控股,晶泰控股,,SecurityBoard.HKEquity,1000,4303469679.0,4303469679.0,0,0,0,1
02230,2230.HK,羚邦集團,羚邦集團,,SecurityBoard.HKEquity,5000,1992000000.0,1992000000.0,0,0,0,1
02231,2231.HK,景業名邦集團,景業名邦集團,,SecurityBoard.HKEquity,1000,1646173000.0,1646173000.0,0,0,0,1
02232,2232.HK,晶苑國際,晶苑國際,,SecurityBoard.HKEquity,500,2852822000.0,2852822000.0,0,0,0,1
02233,2233.HK,西部水泥,西部水泥,,SecurityBoard.HKEquity,2000,5462532820.0,5462532820.0,0,0,0,1
02235,2235.HK,微泰醫療－Ｂ,微泰醫療-B,,SecurityBoard.HKEquity,100,415082700.0,163180542.0,0,0,0,1
02236,2236.HK,惠生工程,惠生工程,,SecurityBoard.HKEquity,1000,4080107800.0,4080107800.0,0,0,0,1
02237,2237.HK,中國石墨,中國石墨,,SecurityBoard.HKEquity,10000,1600000000.0,1600000000.0,0,0,0,1
02238,2238.HK,廣汽集團,廣汽集團,,SecurityBoard.HKEquity,2000,10197065900.0,2813368305.0,0,0,0,1
02239,2239.HK,國微控股,國微控股,,SecurityBoard.HKEquity,1000,324931990.0,324931990.0,0,0,0,1
02245,2245.HK,力勤資源,力勤資源,,SecurityBoard.HKEquity,200,1555931350.0,550694291.0,0,0,0,1
02246,2246.HK,快狗打車,快狗打車,,SecurityBoard.HKEquity,2000,66021275.0,66021275.0,0,0,0,1
02249,2249.HK,晶合集成,晶合集成,,SecurityBoard.HKEquity,100,2234645597.0,227053900.0,0,0,0,1
02250,2250.HK,小黃鴨德盈,小黃鴨德盈,,SecurityBoard.HKEquity,1000,1008355000.0,1008355000.0,0,0,0,1
02251,2251.HK,鷹瞳科技－Ｂ,鷹瞳科技-B,,SecurityBoard.HKEquity,100,101021313.0,101021313.0,0,0,0,1
02252,2252.HK,微創機器人－Ｂ,微創機器人-B,,SecurityBoard.HKEquity,500,1031330331.0,1030720586.0,0,0,0,1
02255,2255.HK,海昌海洋公園,海昌海洋公園,,SecurityBoard.HKEquity,1000,13214002000.0,13214002000.0,0,0,0,1
02256,2256.HK,和譽－Ｂ,和譽-B,,SecurityBoard.HKEquity,1000,717491350.0,717491350.0,0,0,0,1
02257,2257.HK,聖諾醫藥－Ｂ,聖諾醫藥-B,,SecurityBoard.HKEquity,50,112157138.0,112157138.0,0,0,0,1
02258,2258.HK,華滋國際海洋,華滋國際海洋,,SecurityBoard.HKEquity,2000,825400000.0,825400000.0,0,0,0,1
02259,2259.HK,紫金黃金國際,紫金黃金國際,,SecurityBoard.HKEquity,100,2676339300.0,2676339300.0,0,0,0,1
02260,2260.HK,環龍控股,環龍控股,,SecurityBoard.HKEquity,2000,483442000.0,483442000.0,0,0,0,1
02261,2261.HK,拿森科技,拿森科技,,SecurityBoard.HKEquity,100,594984292.0,594984292.0,0,0,0,1
02262,2262.HK,梁志天設計集團,梁志天設計集團,,SecurityBoard.HKEquity,3000,1141401000.0,1141401000.0,0,0,0,1
02263,2263.HK,富石金融,富石金融,,SecurityBoard.HKEquity,10000,1000000000.0,1000000000.0,0,0,0,1
02265,2265.HK,鴻承環保科技,鴻承環保科技,,SecurityBoard.HKEquity,5000,1000000000.0,1000000000.0,0,0,0,1
02266,2266.HK,黎氏企業,黎氏企業,,SecurityBoard.HKEquity,2000,400000000.0,400000000.0,0,0,0,1
02268,2268.HK,藥明合聯,藥明合聯,,SecurityBoard.HKEquity,500,1268295784.0,1268295784.0,0,0,0,1
02269,2269.HK,藥明生物,藥明生物,,SecurityBoard.HKEquity,500,4152929787.0,4152929787.0,0,0,0,1
02270,2270.HK,德商產投服務,德商產投服務,,SecurityBoard.HKEquity,2000,620259200.0,620259200.0,0,0,0,1
02271,2271.HK,眾安智慧生活,眾安智慧生活,,SecurityBoard.HKEquity,2000,542864000.0,542864000.0,0,0,0,1
02272,2272.HK,科拓股份,科拓股份,,SecurityBoard.HKEquity,60,101122609.0,98265569.0,0,0,0,1
02273,2273.HK,固生堂,固生堂,,SecurityBoard.HKEquity,100,221856551.0,221856551.0,0,0,0,1
02276,2276.HK,康耐特光學,康耐特光學,,SecurityBoard.HKEquity,100,498269800.0,498269800.0,0,0,0,1
02279,2279.HK,雍禾醫療,雍禾醫療,,SecurityBoard.HKEquity,500,525224416.0,525224416.0,0,0,0,1
02280,2280.HK,慧聰集團,慧聰集團,,SecurityBoard.HKEquity,500,1309931119.0,1309931119.0,0,0,0,1
02281,2281.HK,興瀘水務,興瀘水務,,SecurityBoard.HKEquity,1000,859710000.0,214940000.0,0,0,0,1
02282,2282.HK,美高梅中國,美高梅中國,,SecurityBoard.HKEquity,400,3800519001.0,3800519001.0,0,0,0,1
02283,2283.HK,東江集團控股,東江集團控股,,SecurityBoard.HKEquity,2000,833260000.0,833260000.0,0,0,0,1
02285,2285.HK,泉峰控股,泉峰控股,,SecurityBoard.HKEquity,100,509203811.0,509203811.0,0,0,0,1
02286,2286.HK,辰興發展,辰興發展,,SecurityBoard.HKEquity,1000,599999989.0,599999989.0,0,0,0,1
02288,2288.HK,宏基資本,宏基資本,,SecurityBoard.HKEquity,1000,375447000.0,375447000.0,0,0,0,1
02289,2289.HK,創美藥業,創美藥業,,SecurityBoard.HKEquity,500,108000000.0,108000000.0,0,0,0,1
02290,2290.HK,龍豐集團,龍豐集團,,SecurityBoard.HKEquity,500,500000000.0,500000000.0,0,0,0,1
02291,2291.HK,心泰醫療,心泰醫療,,SecurityBoard.HKEquity,1000,344693997.0,344693997.0,0,0,0,1
02293,2293.HK,百本醫護,百本醫護,,SecurityBoard.HKEquity,4000,402460000.0,402460000.0,0,0,0,1
02295,2295.HK,豐城控股,豐城控股,,SecurityBoard.HKEquity,5000,400000000.0,400000000.0,0,0,0,1
02297,2297.HK,潤邁德－Ｂ,潤邁德-B,,SecurityBoard.HKEquity,1000,1401358800.0,1401358800.0,0,0,0,1
02298,2298.HK,都市麗人,都市麗人,,SecurityBoard.HKEquity,1000,2249457213.0,2249457213.0,0,0,0,1
02299,2299.HK,百宏實業,百宏實業,,SecurityBoard.HKEquity,2000,2110420000.0,2110420000.0,0,0,0,1
02302,2302.HK,中核國際,中核國際,,SecurityBoard.HKEquity,1000,489168308.0,489168308.0,0,0,0,1
02306,2306.HK,樂華娛樂,樂華娛樂,,SecurityBoard.HKEquity,3000,830559000.0,830559000.0,0,0,0,1
02307,2307.HK,錦興國際控股,錦興國際控股,,SecurityBoard.HKEquity,2000,869919000.0,869919000.0,0,0,0,1
02309,2309.HK,大象未來集團,大象未來集團,,SecurityBoard.HKEquity,2000,922783892.0,922783892.0,0,0,0,1
02310,2310.HK,時代環球集團,時代環球集團,,SecurityBoard.HKEquity,2000,1092877195.0,1092877195.0,0,0,0,1
02312,2312.HK,ＬＯＮＧ投資集團,LONG投資集團,,SecurityBoard.HKEquity,10000,456878407.0,456878407.0,0,0,0,1
02313,2313.HK,申洲國際,申洲國際,,SecurityBoard.HKEquity,100,1502835997.0,1502835997.0,0,0,0,1
02314,2314.HK,理文造紙,理文造紙,,SecurityBoard.HKEquity,1000,4295000000.0,4295000000.0,0,0,0,1
02315,2315.HK,百奧賽圖－Ｂ,百奧賽圖-B,,SecurityBoard.HKEquity,500,446898420.0,110781920.0,0,0,0,1
02317,2317.HK,味丹國際,味丹國際,,SecurityBoard.HKEquity,4000,1522742000.0,1522742000.0,0,0,0,1
02318,2318.HK,中國平安,中國平安,,SecurityBoard.HKEquity,500,18107641995.0,7447576912.0,0,0,0,1
02319,2319.HK,蒙牛乳業,蒙牛乳業,,SecurityBoard.HKEquity,1000,3871192513.0,3871192513.0,0,0,0,1
02320,2320.HK,合豐集團,合豐集團,,SecurityBoard.HKEquity,2000,817644000.0,817644000.0,0,0,0,1
02321,2321.HK,雙財莊,雙財莊,,SecurityBoard.HKEquity,5000,1000150000.0,1000150000.0,0,0,0,1
02322,2322.HK,新質數字,新質數字,,SecurityBoard.HKEquity,8000,4420600000.0,4420600000.0,0,0,0,1
02324,2324.HK,首都創投,首都創投,,SecurityBoard.HKEquity,10000,900256498.0,900256498.0,0,0,0,1
02325,2325.HK,雲康集團,雲康集團,,SecurityBoard.HKEquity,3000,621250500.0,621250500.0,0,0,0,1
02326,2326.HK,新源萬恒控股,新源萬恆控股,,SecurityBoard.HKEquity,10000,21084072140.0,21084072140.0,0,0,0,1
02327,2327.HK,美瑞健康國際,美瑞健康國際,,SecurityBoard.HKEquity,6000,4055356636.0,4055356636.0,0,0,0,1
02328,2328.HK,中國財險,中國財險,,SecurityBoard.HKEquity,2000,22242765303.0,6899293833.0,0,0,0,1
02329,2329.HK,國瑞健康,國瑞健康,,SecurityBoard.HKEquity,1000,4444417986.0,4444417986.0,0,0,0,1
02330,2330.HK,中國上城,中國上城,,SecurityBoard.HKEquity,8000,452845748.0,452845748.0,0,0,0,1
02331,2331.HK,李寧,李寧,,SecurityBoard.HKEquity,500,2584813753.0,2584813753.0,0,0,0,1
02333,2333.HK,長城汽車,長城汽車,,SecurityBoard.HKEquity,500,8561551715.0,2301858000.0,0,0,0,1
02335,2335.HK,麥科醫藥－Ｂ,麥科醫藥-B,,SecurityBoard.HKEquity,200,331740350.0,280071100.0,0,0,0,1
02336,2336.HK,碩奧國際,碩奧國際,,SecurityBoard.HKEquity,10000,1815910767.0,1815910767.0,0,0,0,1
02337,2337.HK,眾誠能源,眾誠能源,,SecurityBoard.HKEquity,1000,374502000.0,374502000.0,0,0,0,1
02338,2338.HK,濰柴動力,濰柴動力,,SecurityBoard.HKEquity,1000,8640220621.0,1943040000.0,0,0,0,1
02339,2339.HK,京西國際,京西國際,,SecurityBoard.HKEquity,2000,1292262903.0,1292262903.0,0,0,0,1
02340,2340.HK,昇柏控股,升柏控股,,SecurityBoard.HKEquity,4000,764723000.0,764723000.0,0,0,0,1
02342,2342.HK,京信通信,京信通信,,SecurityBoard.HKEquity,2000,3125813722.0,3125813722.0,0,0,0,1
02343,2343.HK,太平洋航運,太平洋航運,,SecurityBoard.HKEquity,1000,5157246803.0,5157246803.0,0,0,0,1
02347,2347.HK,友和集團,友和集團,,SecurityBoard.HKEquity,2000,484088000.0,484088000.0,0,0,0,1
02348,2348.HK,東瑞製葯,東瑞制藥,,SecurityBoard.HKEquity,4000,1507025000.0,1507025000.0,0,0,0,1
02349,2349.HK,中國智能基礎設施,中國智能基礎設施,,SecurityBoard.HKEquity,4000,3128278542.0,3128278542.0,0,0,0,1
02350,2350.HK,數科集團,數科集團,,SecurityBoard.HKEquity,5000,875000000.0,875000000.0,0,0,0,1
02352,2352.HK,東原仁知服務,東原仁知服務,,SecurityBoard.HKEquity,200,66990867.0,66990867.0,0,0,0,1
02355,2355.HK,寶業集團,寶業集團,,SecurityBoard.HKEquity,2000,520628053.0,169886000.0,0,0,0,1
02356,2356.HK,大新銀行集團,大新銀行集團,,SecurityBoard.HKEquity,400,1405752132.0,1405752132.0,0,0,0,1
02357,2357.HK,中航科工,中航科工,,SecurityBoard.HKEquity,1000,7972854242.0,6210662836.0,0,0,0,1
02358,2358.HK,久融控股,久融控股,,SecurityBoard.HKEquity,10000,5472000000.0,5472000000.0,0,0,0,1
02359,2359.HK,藥明康德,藥明康德,,SecurityBoard.HKEquity,100,2991233624.0,517953378.0,0,0,0,1
02360,2360.HK,優品３６０,優品360,,SecurityBoard.HKEquity,2000,1000000000.0,1000000000.0,0,0,0,1
02361,2361.HK,中康科技控股,中康科技控股,,SecurityBoard.HKEquity,500,451770000.0,451770000.0,0,0,0,1
02362,2362.HK,金川國際,金川國際,,SecurityBoard.HKEquity,1000,13132082051.0,13132082051.0,0,0,0,1
02363,2363.HK,通達宏泰,通達宏泰,,SecurityBoard.HKEquity,5000,204224073.0,204224073.0,0,0,0,1
02367,2367.HK,巨子生物,巨子生物,,SecurityBoard.HKEquity,200,1061704000.0,1061704000.0,0,0,0,1
02368,2368.HK,鷹美,鷹美,,SecurityBoard.HKEquity,2000,574180000.0,574180000.0,0,0,0,1
02369,2369.HK,酷派集團,酷派集團,,SecurityBoard.HKEquity,4000,397930198.0,397930198.0,0,0,0,1
02370,2370.HK,力高健康生活,力高健康生活,,SecurityBoard.HKEquity,500,200000000.0,200000000.0,0,0,0,1
02371,2371.HK,創聯控股,創聯控股,,SecurityBoard.HKEquity,8000,688378950.0,688378950.0,0,0,0,1
02372,2372.HK,偉立控股,偉立控股,,SecurityBoard.HKEquity,4000,800000001.0,800000000.0,0,0,0,1
02373,2373.HK,美麗田園醫療健康,美麗田園醫療健康,,SecurityBoard.HKEquity,500,247921715.0,247921715.0,0,0,0,1
02376,2376.HK,魯商服務,魯商服務,,SecurityBoard.HKEquity,500,133340000.0,33340000.0,0,0,0,1
02377,2377.HK,博奇環保,博奇環保,,SecurityBoard.HKEquity,1000,854862679.0,854862679.0,0,0,0,1
02378,2378.HK,保誠,保誠,,SecurityBoard.HKEquity,50,2494807825.0,2494807825.0,0,0,0,1
02380,2380.HK,中國電力,中國電力,,SecurityBoard.HKEquity,1000,12370150983.0,12370150983.0,0,0,0,1
02381,2381.HK,蜆壳電業,蜆殼電業,,SecurityBoard.HKEquity,10000,2000000000.0,2000000000.0,0,0,0,1
02382,2382.HK,舜宇光學科技,舜宇光學科技,,SecurityBoard.HKEquity,100,1078964800.0,1078964800.0,0,0,0,1
02383,2383.HK,ＴＯＭ集團,TOM集團,,SecurityBoard.HKEquity,2000,3958510558.0,3958510558.0,0,0,0,1
02385,2385.HK,讀書郎,讀書郎,,SecurityBoard.HKEquity,400,352000000.0,352000000.0,0,0,0,1
02386,2386.HK,中石化煉化工程,中石化煉化工程,,SecurityBoard.HKEquity,500,4394024000.0,1646804000.0,0,0,0,1
02388,2388.HK,中銀香港,中銀香港,,SecurityBoard.HKEquity,500,10572780266.0,10572780266.0,0,0,0,1
02389,2389.HK,北京健康,北京健康,,SecurityBoard.HKEquity,6000,6058772027.0,6058772027.0,0,0,0,1
02390,2390.HK,知乎－Ｗ,知乎-W,,SecurityBoard.HKEquity,100,255267596.0,255267596.0,0,0,0,1
02391,2391.HK,塗鴉智能－Ｗ,塗鴉智能-W,,SecurityBoard.HKEquity,200,613216079.0,613216079.0,0,0,0,1
02392,2392.HK,玄武雲,玄武雲,,SecurityBoard.HKEquity,500,554859000.0,554859000.0,0,0,0,1
02393,2393.HK,巨星醫療控股,巨星醫療控股,,SecurityBoard.HKEquity,2500,2331590000.0,2331590000.0,0,0,0,1
02396,2396.HK,青城新藥－Ｂ,青城新藥-B,,SecurityBoard.HKEquity,200,117657522.0,83022145.0,0,0,0,1
02399,2399.HK,中國安儲能源,中國安儲能源,,SecurityBoard.HKEquity,1000,3571394000.0,3571394000.0,0,0,0,1
02400,2400.HK,心動公司,心動公司,,SecurityBoard.HKEquity,200,483880364.0,483880364.0,0,0,0,1
02402,2402.HK,億華通,億華通,,SecurityBoard.HKEquity,50,240532081.0,44744962.0,0,0,0,1
02405,2405.HK,力盟科技,力盟科技,,SecurityBoard.HKEquity,4000,800000000.0,800000000.0,0,0,0,1
02407,2407.HK,高視醫療,高視醫療,,SecurityBoard.HKEquity,100,147887869.0,147887869.0,0,0,0,1
02408,2408.HK,遇見小麵,遇見小面,,SecurityBoard.HKEquity,500,710689300.0,710689300.0,0,0,0,1
02409,2409.HK,洲際船務,洲際船務,,SecurityBoard.HKEquity,1000,500000000.0,500000000.0,0,0,0,1
02410,2410.HK,同源康醫藥－Ｂ,同源康醫藥-B,,SecurityBoard.HKEquity,500,380065818.0,380065818.0,0,0,0,1
02411,2411.HK,百果園集團,百果園集團,,SecurityBoard.HKEquity,500,1977842750.0,1977842750.0,0,0,0,1
02415,2415.HK,梅斯健康,梅斯健康,,SecurityBoard.HKEquity,250,607170950.0,607170950.0,0,0,0,1
02416,2416.HK,易點雲,易點雲,,SecurityBoard.HKEquity,500,486426466.0,486426466.0,0,0,0,1
02418,2418.HK,德銀天下,德銀天下,,SecurityBoard.HKEquity,1500,2152398400.0,523398400.0,0,0,0,1
02419,2419.HK,德康農牧,德康農牧,,SecurityBoard.HKEquity,100,385356936.0,154069754.0,0,0,0,1
02420,2420.HK,子不語,子不語,,SecurityBoard.HKEquity,500,500000000.0,500000000.0,0,0,0,1
02421,2421.HK,嘉創地產,嘉創地產,,SecurityBoard.HKEquity,2000,505364800.0,505364800.0,0,0,0,1
02422,2422.HK,潤歌互動,潤歌互動,,SecurityBoard.HKEquity,4000,1660000000.0,1660000000.0,0,0,0,1
02423,2423.HK,貝殼－Ｗ,貝殼-W,,SecurityBoard.HKEquity,100,3318945388.0,3318945388.0,0,0,0,1
02425,2425.HK,澳亞集團,澳亞集團,,SecurityBoard.HKEquity,1000,980648356.0,980648356.0,0,0,0,1
02427,2427.HK,GUANZE MEDICAL,GUANZE MEDICAL,,SecurityBoard.HKEquity,5000,950000000.0,950000000.0,0,0,0,1
02429,2429.HK,友寶在線,友寶在線,,SecurityBoard.HKEquity,500,979908933.0,978121933.0,0,0,0,1
02431,2431.HK,佑駕創新,佑駕創新,,SecurityBoard.HKEquity,200,434884608.0,345307716.0,0,0,0,1
02432,2432.HK,越疆,越疆,,SecurityBoard.HKEquity,200,439955400.0,393798547.0,0,0,0,1
02433,2433.HK,中天湖南集團,中天湖南集團,,SecurityBoard.HKEquity,2000,576000000.0,576000000.0,0,0,0,1
02436,2436.HK,凌雄科技,凌雄科技,,SecurityBoard.HKEquity,300,346635600.0,346635600.0,0,0,0,1
02438,2438.HK,出門問問,出門問問,,SecurityBoard.HKEquity,1000,1548844356.0,1548844356.0,0,0,0,1
02439,2439.HK,中寶新材,中寶新材,,SecurityBoard.HKEquity,2000,1200000000.0,1200000000.0,0,0,0,1
02440,2440.HK,迷策略,迷策略,,SecurityBoard.HKEquity,1000,417029093.0,417029093.0,0,0,0,1
02442,2442.HK,怡俊集團控股,怡俊集團控股,,SecurityBoard.HKEquity,2000,408000000.0,408000000.0,0,0,0,1
02443,2443.HK,汽車街,汽車街,,SecurityBoard.HKEquity,200,832662428.0,832662428.0,0,0,0,1
02450,2450.HK,淮北綠金股份,淮北綠金股份,,SecurityBoard.HKEquity,1500,264000000.0,66000000.0,0,0,0,1
02451,2451.HK,綠源集團控股,綠源集團控股,,SecurityBoard.HKEquity,500,406127000.0,406127000.0,0,0,0,1
02453,2453.HK,美中嘉和,美中嘉和,,SecurityBoard.HKEquity,200,783662016.0,313874624.0,0,0,0,1
02455,2455.HK,潤華服務,潤華服務,,SecurityBoard.HKEquity,2000,300000000.0,300000000.0,0,0,0,1
02457,2457.HK,步陽國際,步陽國際,,SecurityBoard.HKEquity,5000,1000000000.0,1000000000.0,0,0,0,1
02458,2458.HK,望塵科技控股,望塵科技控股,,SecurityBoard.HKEquity,400,142710128.0,142710128.0,0,0,0,1
02459,2459.HK,昇能集團,升能集團,,SecurityBoard.HKEquity,10000,193800000.0,193800000.0,0,0,0,1
02460,2460.HK,華潤飲料,華潤飲料,,SecurityBoard.HKEquity,200,2398196600.0,2398196600.0,0,0,0,1
02461,2461.HK,獅騰控股二九,獅騰控股二九,,SecurityBoard.HKEquity,11500,,,0,0,0,1
02465,2465.HK,龍蟠科技,龍蟠科技,,SecurityBoard.HKEquity,500,791111906.0,135000000.0,0,0,0,1
02469,2469.HK,粉筆,粉筆,,SecurityBoard.HKEquity,500,2209996030.0,2209996030.0,0,0,0,1
02473,2473.HK,喜相逢集團,喜相逢集團,,SecurityBoard.HKEquity,2500,1856250000.0,1856250000.0,0,0,0,1
02475,2475.HK,立訊精密,立訊精密,,SecurityBoard.HKEquity,100,7737876773.0,396014700.0,0,0,0,1
02476,2476.HK,勝宏科技,勝宏科技,,SecurityBoard.HKEquity,100,982784813.0,110227500.0,0,0,0,1
02477,2477.HK,經緯天地,經緯天地,,SecurityBoard.HKEquity,800,4796000000.0,4796000000.0,0,0,0,1
02478,2478.HK,亞太資源二七十二,亞太資源二七十二,,SecurityBoard.HKEquity,12000,,,0,0,0,1
02479,2479.HK,天聚地合,天聚地合,,SecurityBoard.HKEquity,50,50118200.0,50118200.0,0,0,0,1
02480,2480.HK,綠竹生物－Ｂ,綠竹生物-B,,SecurityBoard.HKEquity,200,198913232.0,198913232.0,0,0,0,1
02481,2481.HK,雙良睿能,雙良睿能,,SecurityBoard.HKEquity,1000,301600000.0,301600000.0,0,0,0,1
02482,2482.HK,維天運通,維天運通,,SecurityBoard.HKEquity,1000,1393876104.0,527431924.0,0,0,0,1
02483,2483.HK,Ｋ ＣＡＳＨ集團,K CASH集團,,SecurityBoard.HKEquity,2000,500000000.0,500000000.0,0,0,0,1
02486,2486.HK,普樂師集團控股,普樂師集團控股,,SecurityBoard.HKEquity,200,113207600.0,113207600.0,0,0,0,1
02487,2487.HK,科笛－Ｂ,科笛-B,,SecurityBoard.HKEquity,200,373171291.0,373171291.0,0,0,0,1
02488,2488.HK,元征科技,元徵科技,,SecurityBoard.HKEquity,500,410155600.0,350837200.0,0,0,0,1
02489,2489.HK,集海黃金,集海黃金,,SecurityBoard.HKEquity,5000,2399435000.0,2399435000.0,0,0,0,1
02490,2490.HK,樂艙物流,樂艙物流,,SecurityBoard.HKEquity,300,614691912.0,614691912.0,0,0,0,1
02493,2493.HK,邁威生物－Ｂ,邁威生物-B,,SecurityBoard.HKEquity,200,446730200.0,47130200.0,0,0,0,1
02495,2495.HK,聲通科技,聲通科技,,SecurityBoard.HKEquity,20,39659059.0,32661809.0,0,0,0,1
02496,2496.HK,友芝友生物－Ｂ,友芝友生物-B,,SecurityBoard.HKEquity,200,193849200.0,179479113.0,0,0,0,1
02497,2497.HK,富景中國控股,富景中國控股,,SecurityBoard.HKEquity,2000,500000000.0,500000000.0,0,0,0,1
02498,2498.HK,速騰聚創,速騰聚創,,SecurityBoard.HKEquity,100,471627153.0,471627153.0,0,0,0,1
02499,2499.HK,佛朗斯股份,佛朗斯股份,,SecurityBoard.HKEquity,200,362522816.0,264151704.0,0,0,0,1
02500,2500.HK,啓明醫療－Ｂ,啟明醫療-B,,SecurityBoard.HKEquity,500,441011443.0,441010235.0,0,0,0,1
02501,2501.HK,邁越科技,邁越科技,,SecurityBoard.HKEquity,2000,500000000.0,500000000.0,0,0,0,1
02502,2502.HK,金源氫化,金源氫化,,SecurityBoard.HKEquity,2000,955640000.0,955640000.0,0,0,0,1
02503,2503.HK,中深建業,中深建業,,SecurityBoard.HKEquity,4000,3432851094.0,3432851094.0,0,0,0,1
02505,2505.HK,ＥＤＡ集團控股,EDA集團控股,,SecurityBoard.HKEquity,1000,463315750.0,463315750.0,0,0,0,1
02506,2506.HK,訊飛醫療科技,訊飛醫療科技,,SecurityBoard.HKEquity,50,120878233.0,77297112.0,0,0,0,1
02507,2507.HK,西銳,西銳,,SecurityBoard.HKEquity,100,365988818.0,365988818.0,0,0,0,1
02508,2508.HK,聖貝拉集團,聖貝拉集團,,SecurityBoard.HKEquity,500,618747500.0,618747500.0,0,0,0,1
02509,2509.HK,荃信生物－Ｂ,荃信生物-B,,SecurityBoard.HKEquity,200,223369200.0,223369200.0,0,0,0,1
02510,2510.HK,德翔海運,德翔海運,,SecurityBoard.HKEquity,1000,1665031000.0,1665031000.0,0,0,0,1
02511,2511.HK,君聖泰醫藥－Ｂ,君聖泰醫藥-B,,SecurityBoard.HKEquity,500,670035668.0,670035668.0,0,0,0,1
02512,2512.HK,雲工場,雲工場,,SecurityBoard.HKEquity,1000,479368000.0,479368000.0,0,0,0,1
02513,2513.HK,智譜,智譜,,SecurityBoard.HKEquity,100,465623090.0,241094605.0,0,0,0,1
02515,2515.HK,天津建發,天津建發,,SecurityBoard.HKEquity,2000,310742749.0,310742749.0,0,0,0,1
02516,2516.HK,泛遠國際,泛遠國際,,SecurityBoard.HKEquity,4000,936000000.0,936000000.0,0,0,0,1
02517,2517.HK,鍋圈,鍋圈,,SecurityBoard.HKEquity,400,2571259200.0,2571259200.0,0,0,0,1
02518,2518.HK,汽車之家－Ｓ,汽車之家-S,,SecurityBoard.HKEquity,100,460683644.0,460683644.0,0,0,0,1
02519,2519.HK,傲基股份,傲基股份,,SecurityBoard.HKEquity,300,415205916.0,414787676.0,0,0,0,1
02520,2520.HK,山西安裝,山西安裝,,SecurityBoard.HKEquity,2000,1373486000.0,373486000.0,0,0,0,1
02521,2521.HK,升輝清潔,升輝清潔,,SecurityBoard.HKEquity,7500,1949735000.0,1949735000.0,0,0,0,1
02522,2522.HK,一脈陽光,一脈陽光,,SecurityBoard.HKEquity,500,450497332.0,343563574.0,0,0,0,1
02523,2523.HK,永康控股,永康控股,,SecurityBoard.HKEquity,2000,438578285.0,438578285.0,0,0,0,1
02525,2525.HK,禾賽－Ｗ,禾賽-W,,SecurityBoard.HKEquity,100,1257137688.0,1257137688.0,0,0,0,1
02526,2526.HK,德適－Ｂ,德適-B,,SecurityBoard.HKEquity,50,88879200.0,88879200.0,0,0,0,1
02528,2528.HK,尚晉國際控股,尚晉國際控股,,SecurityBoard.HKEquity,2000,400000000.0,400000000.0,0,0,0,1
02529,2529.HK,泓盈城市服務,泓盈城市服務,,SecurityBoard.HKEquity,1000,160000000.0,40000000.0,0,0,0,1
02530,2530.HK,紐曼思,紐曼思,,SecurityBoard.HKEquity,8000,1000000000.0,1000000000.0,0,0,0,1
02531,2531.HK,廣聯科技控股,廣聯科技控股,,SecurityBoard.HKEquity,500,366600000.0,366600000.0,0,0,0,1
02533,2533.HK,黑芝麻智能,黑芝麻智能,,SecurityBoard.HKEquity,100,715207989.0,715207989.0,0,0,0,1
02535,2535.HK,泓基集團,泓基集團,,SecurityBoard.HKEquity,10000,2000000000.0,2000000000.0,0,0,0,1
02536,2536.HK,百樂皇宮,百樂皇宮,,SecurityBoard.HKEquity,1000,806594000.0,806594000.0,0,0,0,1
02539,2539.HK,樂摩科技,樂摩科技,,SecurityBoard.HKEquity,100,55555600.0,23226020.0,0,0,0,1
02540,2540.HK,樂思集團,樂思集團,,SecurityBoard.HKEquity,2500,600000000.0,600000000.0,0,0,0,1
02543,2543.HK,大行科工,大行科工,,SecurityBoard.HKEquity,100,32788841.0,9041000.0,0,0,0,1
02545,2545.HK,中贛通信,中贛通信,,SecurityBoard.HKEquity,2000,640000000.0,640000000.0,0,0,0,1
02546,2546.HK,智匯礦業,智匯礦業,,SecurityBoard.HKEquity,1000,487805659.0,487805659.0,0,0,0,1
02549,2549.HK,卡羅特,卡羅特,,SecurityBoard.HKEquity,500,550801100.0,550801100.0,0,0,0,1
02550,2550.HK,宜搜科技,宜搜科技,,SecurityBoard.HKEquity,500,449503244.0,449503244.0,0,0,0,1
02551,2551.HK,晶科電子股份,晶科電子股份,,SecurityBoard.HKEquity,1000,537146709.0,254146643.0,0,0,0,1
02552,2552.HK,華領醫藥－Ｂ,華領醫藥-B,,SecurityBoard.HKEquity,500,1056605016.0,1056605016.0,0,0,0,1
02553,2553.HK,首鋼朗澤,首鋼朗澤,,SecurityBoard.HKEquity,200,400000000.0,266548803.0,0,0,0,1
02555,2555.HK,茶百道,茶百道,,SecurityBoard.HKEquity,200,1477634250.0,1477634250.0,0,0,0,1
02556,2556.HK,邁富時,邁富時,,SecurityBoard.HKEquity,100,267736800.0,267736800.0,0,0,0,1
02558,2558.HK,晉商銀行,晉商銀行,,SecurityBoard.HKEquity,1000,5838650000.0,970650000.0,0,0,0,1
02559,2559.HK,嘀嗒出行－ＰＦ,嘀嗒出行-PF,,SecurityBoard.HKEquity,500,1026282344.0,1026282344.0,0,0,0,1
02560,2560.HK,海螺材料科技,海螺材料科技,,SecurityBoard.HKEquity,1000,579894000.0,185370800.0,0,0,0,1
02561,2561.HK,維昇藥業－Ｂ,維昇藥業-B,,SecurityBoard.HKEquity,100,113753364.0,113753364.0,0,0,0,1
02562,2562.HK,獅騰控股,獅騰控股,,SecurityBoard.HKEquity,500,466623070.0,466623070.0,0,0,0,1
02563,2563.HK,華昊中天醫藥－Ｂ,華昊中天醫藥-B,,SecurityBoard.HKEquity,200,389588000.0,389588000.0,0,0,0,1
02565,2565.HK,派格生物醫藥－Ｂ,派格生物醫藥-B,,SecurityBoard.HKEquity,50,391091532.0,386002390.0,0,0,0,1
02566,2566.HK,九源基因,九源基因,,SecurityBoard.HKEquity,200,240290000.0,240290000.0,0,0,0,1
02567,2567.HK,七牛智能,七牛智能,,SecurityBoard.HKEquity,1000,2003520275.0,2003520275.0,0,0,0,1
02569,2569.HK,舒寶國際,舒寶國際,,SecurityBoard.HKEquity,5000,1000000000.0,1000000000.0,0,0,0,1
02570,2570.HK,重塑能源,重塑能源,,SecurityBoard.HKEquity,20,94815641.0,90342100.0,0,0,0,1
02571,2571.HK,賽目科技,賽目科技,,SecurityBoard.HKEquity,200,133333400.0,33333400.0,0,0,0,1
02572,2572.HK,找鋼網三零,找鋼網三零,,SecurityBoard.HKEquity,52500,,,0,0,0,1
02573,2573.HK,新琪安,新琪安,,SecurityBoard.HKEquity,200,96231234.0,96231234.0,0,0,0,1
02575,2575.HK,軒竹生物－Ｂ,軒竹生物-B,,SecurityBoard.HKEquity,500,517947790.0,517947790.0,0,0,0,1
02576,2576.HK,太美醫療科技,太美醫療科技,,SecurityBoard.HKEquity,200,557419000.0,194232533.0,0,0,0,1
02577,2577.HK,英諾賽科,英諾賽科,,SecurityBoard.HKEquity,100,915100653.0,899382457.0,0,0,0,1
02579,2579.HK,中偉新材,中偉新材,,SecurityBoard.HKEquity,200,1044466212.0,104225400.0,0,0,0,1
02580,2580.HK,奧克斯電氣,奧克斯電氣,,SecurityBoard.HKEquity,200,1588235200.0,1588235200.0,0,0,0,1
02581,2581.HK,明基醫院,明基醫院,,SecurityBoard.HKEquity,500,311945001.0,311945001.0,0,0,0,1
02582,2582.HK,國富氫能,國富氫能,,SecurityBoard.HKEquity,50,126671639.0,119865554.0,0,0,0,1
02583,2583.HK,西普尼,西普尼,,SecurityBoard.HKEquity,100,58825000.0,58825000.0,0,0,0,1
02585,2585.HK,夢金園,夢金園,,SecurityBoard.HKEquity,200,273023466.0,273023466.0,0,0,0,1
02586,2586.HK,多點數智,多點數智,,SecurityBoard.HKEquity,100,866000911.0,866000911.0,0,0,0,1
02587,2587.HK,健康之路,健康之路,,SecurityBoard.HKEquity,500,874271300.0,874271300.0,0,0,0,1
02588,2588.HK,中銀航空租賃,中銀航空租賃,,SecurityBoard.HKEquity,100,694010334.0,694010334.0,0,0,0,1
02589,2589.HK,滬上阿姨,滬上阿姨,,SecurityBoard.HKEquity,30,105203020.0,94682718.0,0,0,0,1
02590,2590.HK,極智嘉－Ｗ,極智嘉-W,,SecurityBoard.HKEquity,200,1304810398.0,991673883.0,0,0,0,1
02591,2591.HK,銀諾醫藥－Ｂ,銀諾醫藥-B,,SecurityBoard.HKEquity,200,456819349.0,420285370.0,0,0,0,1
02592,2592.HK,撥康視雲－Ｂ,撥康視雲-B,,SecurityBoard.HKEquity,500,924692316.0,924692316.0,0,0,0,1
02593,2593.HK,草姬集團,草姬集團,,SecurityBoard.HKEquity,800,133333600.0,133333600.0,0,0,0,1
02595,2595.HK,勁方醫藥－Ｂ,勁方醫藥-B,,SecurityBoard.HKEquity,200,383907630.0,351570020.0,0,0,0,1
02596,2596.HK,宜賓銀行,宜賓銀行,,SecurityBoard.HKEquity,1000,4588400000.0,688400000.0,0,0,0,1
02597,2597.HK,訊眾通信,訊眾通信,,SecurityBoard.HKEquity,500,121754291.0,30440000.0,0,0,0,1
02598,2598.HK,連連數字,連連數字,,SecurityBoard.HKEquity,500,1089660000.0,429268764.0,0,0,0,1
02600,2600.HK,中國鋁業,中國鋁業,,SecurityBoard.HKEquity,2000,17154971327.0,3943965968.0,0,0,0,1
02601,2601.HK,中國太保,中國太保,,SecurityBoard.HKEquity,200,9620341455.0,2775300000.0,0,0,0,1
02602,2602.HK,萬物雲,萬物雲,,SecurityBoard.HKEquity,100,1148653329.0,1148653329.0,0,0,0,1
02603,2603.HK,吉宏股份,吉宏股份,,SecurityBoard.HKEquity,500,457916788.0,77281500.0,0,0,0,1
02605,2605.HK,METALIGHT,MetaLight,,SecurityBoard.HKEquity,400,154911462.0,154911462.0,0,0,0,1
02607,2607.HK,上海醫藥,上海醫藥,,SecurityBoard.HKEquity,100,3708361809.0,919072704.0,0,0,0,1
02608,2608.HK,陽光１００中國,陽光100中國,,SecurityBoard.HKEquity,1000,2550811477.0,2550811477.0,0,0,0,1
02609,2609.HK,佰澤醫療,佰澤醫療,,SecurityBoard.HKEquity,600,1318466823.0,1318466823.0,0,0,0,1
02610,2610.HK,南山鋁業國際,南山鋁業國際,,SecurityBoard.HKEquity,100,620435200.0,620435200.0,0,0,0,1
02611,2611.HK,國泰海通,國泰海通,,SecurityBoard.HKEquity,200,17581057948.0,3505759848.0,0,0,0,1
02612,2612.HK,資本策略二七零四,資本策略二七零四,,SecurityBoard.HKEquity,20000,,,0,0,0,1
02613,2613.HK,匯舸環保,匯舸環保,,SecurityBoard.HKEquity,100,40000000.0,40000000.0,0,0,0,1
02615,2615.HK,百利天恒,百利天恆,,SecurityBoard.HKEquity,100,421508117.0,8634300.0,0,0,0,1
02616,2616.HK,基石藥業－Ｂ,基石藥業-B,,SecurityBoard.HKEquity,500,1596323572.0,1596323572.0,0,0,0,1
02617,2617.HK,藥捷安康－Ｂ,藥捷安康-B,,SecurityBoard.HKEquity,500,407200633.0,311969673.0,0,0,0,1
02618,2618.HK,京東物流,京東物流,,SecurityBoard.HKEquity,100,6628721572.0,6628721572.0,0,0,0,1
02619,2619.HK,香江電器,香江電器,,SecurityBoard.HKEquity,1000,272879509.0,68220000.0,0,0,0,1
02621,2621.HK,手回集團,手回集團,,SecurityBoard.HKEquity,400,226378600.0,226378600.0,0,0,0,1
02623,2623.HK,香港黃金產業集團,香港黃金產業集團,,SecurityBoard.HKEquity,500,548629792.0,548629792.0,0,0,0,1
02625,2625.HK,江蘇宏信,江蘇宏信,,SecurityBoard.HKEquity,1000,235639565.0,235639565.0,0,0,0,1
02627,2627.HK,中慧生物－Ｂ,中慧生物-B,,SecurityBoard.HKEquity,200,393442600.0,296361845.0,0,0,0,1
02628,2628.HK,中國人壽,中國人壽,,SecurityBoard.HKEquity,1000,28264705000.0,7441175000.0,0,0,0,1
02629,2629.HK,MIRXES-B,MIRXES-B,,SecurityBoard.HKEquity,100,298230331.0,298230331.0,0,0,0,1
02630,2630.HK,旺山旺水－Ｂ,旺山旺水-B,,SecurityBoard.HKEquity,200,167597800.0,166897800.0,0,0,0,1
02631,2631.HK,天岳先進,天岳先進,,SecurityBoard.HKEquity,100,484618544.0,54907500.0,0,0,0,1
02632,2632.HK,澤景股份,澤景股份,,SecurityBoard.HKEquity,50,123395266.0,109037029.0,0,0,0,1
02633,2633.HK,雅各臣科研製藥,雅各臣科研制藥,,SecurityBoard.HKEquity,2000,2000221000.0,2000221000.0,0,0,0,1
02635,2635.HK,諾比侃,諾比侃,,SecurityBoard.HKEquity,100,378666000.0,304345780.0,0,0,0,1
02637,2637.HK,海西新藥,海西新藥,,SecurityBoard.HKEquity,50,78707270.0,78707270.0,0,0,0,1
02638,2638.HK,港燈－ＳＳ,港燈-SS,,SecurityBoard.HKEquity,500,8836200000.0,8836200000.0,0,0,0,1
02643,2643.HK,曹操出行,曹操出行,,SecurityBoard.HKEquity,100,580854446.0,580854446.0,0,0,0,1
02648,2648.HK,安井食品,安井食品,,SecurityBoard.HKEquity,100,333288932.0,39994700.0,0,0,0,1
02649,2649.HK,優樂賽共享,優樂賽共享,,SecurityBoard.HKEquity,500,90336000.0,87653705.0,0,0,0,1
02650,2650.HK,摯達科技,摯達科技,,SecurityBoard.HKEquity,50,318069685.0,318069685.0,0,0,0,1
02651,2651.HK,大眾口腔,大眾口腔,,SecurityBoard.HKEquity,100,50579042.0,18226140.0,0,0,0,1
02652,2652.HK,長風藥業,長風藥業,,SecurityBoard.HKEquity,100,432329087.0,322574286.0,0,0,0,1
02655,2655.HK,果下科技,果下科技,,SecurityBoard.HKEquity,100,517711575.0,394689340.0,0,0,0,1
02656,2656.HK,健康１６０,健康160,,SecurityBoard.HKEquity,250,347240580.0,347240580.0,0,0,0,1
02657,2657.HK,林清軒,林清軒,,SecurityBoard.HKEquity,50,139694685.0,106124027.0,0,0,0,1
02658,2658.HK,天域半導體,天域半導體,,SecurityBoard.HKEquity,50,393268511.0,58990426.0,0,0,0,1
02659,2659.HK,寶濟藥業－Ｂ,寶濟藥業-B,,SecurityBoard.HKEquity,100,323400765.0,151746550.0,0,0,0,1
02660,2660.HK,禪遊科技,禪遊科技,,SecurityBoard.HKEquity,2000,1036256687.0,1036256687.0,0,0,0,1
02661,2661.HK,輕鬆健康,輕松健康,,SecurityBoard.HKEquity,200,206467158.0,206467158.0,0,0,0,1
02663,2663.HK,應力控股,應力控股,,SecurityBoard.HKEquity,10000,556930000.0,556930000.0,0,0,0,1
02665,2665.HK,圖達通,圖達通,,SecurityBoard.HKEquity,500,1309258881.0,1309258881.0,0,0,0,1
02666,2666.HK,環球醫療,環球醫療,,SecurityBoard.HKEquity,500,2014204924.0,2014204924.0,0,0,0,1
02667,2667.HK,同仁堂醫養,同仁堂醫養,,SecurityBoard.HKEquity,500,465362049.0,218292524.0,0,0,0,1
02668,2668.HK,百德國際,百德國際,,SecurityBoard.HKEquity,10000,5630000000.0,5630000000.0,0,0,0,1
02669,2669.HK,中海物業,中海物業,,SecurityBoard.HKEquity,5000,3283960460.0,3283960460.0,0,0,0,1
02670,2670.HK,雲迹,雲跡,,SecurityBoard.HKEquity,50,69345982.0,69345982.0,0,0,0,1
02671,2671.HK,美聯股份,美聯股份,,SecurityBoard.HKEquity,300,120550005.0,120550005.0,0,0,0,1
02672,2672.HK,白鴿在線,白鴿在線,,SecurityBoard.HKEquity,200,320620632.0,150963472.0,0,0,0,1
02673,2673.HK,圖達通三零,圖達通三零,,SecurityBoard.HKEquity,11000,,,0,0,0,1
02675,2675.HK,精鋒醫療－Ｂ,精鋒醫療-B,,SecurityBoard.HKEquity,100,389617100.0,325497848.0,0,0,0,1
02676,2676.HK,納芯微,納芯微,,SecurityBoard.HKEquity,100,163505247.0,20095000.0,0,0,0,1
02677,2677.HK,卓正醫療,卓正醫療,,SecurityBoard.HKEquity,50,64580450.0,64580450.0,0,0,0,1
02678,2678.HK,天虹國際集團,天虹國際集團,,SecurityBoard.HKEquity,500,916877000.0,916877000.0,0,0,0,1
02680,2680.HK,南強控股,南強控股,,SecurityBoard.HKEquity,2000,60000000.0,60000000.0,0,0,0,1
02682,2682.HK,潤利海事,潤利海事,,SecurityBoard.HKEquity,4000,1000000000.0,1000000000.0,0,0,0,1
02683,2683.HK,華新手袋國際控股,華新手袋國際控股,,SecurityBoard.HKEquity,2000,408626000.0,408626000.0,0,0,0,1
02685,2685.HK,量化派,量化派,,SecurityBoard.HKEquity,500,519695201.0,519695201.0,0,0,0,1
02687,2687.HK,卓越睿新,卓越睿新,,SecurityBoard.HKEquity,100,66666700.0,61952800.0,0,0,0,1
02688,2688.HK,新奧能源,新奧能源,,SecurityBoard.HKEquity,100,1131839264.0,1131839264.0,0,0,0,1
02689,2689.HK,玖龍紙業,玖龍紙業,,SecurityBoard.HKEquity,1000,4692220811.0,4692220811.0,0,0,0,1
02691,2691.HK,南華期貨股份,南華期貨股份,,SecurityBoard.HKEquity,500,1035622540.0,153583550.0,0,0,0,1
02692,2692.HK,兆威機電,兆威機電,,SecurityBoard.HKEquity,100,267547850.0,26748300.0,0,0,0,1
02693,2693.HK,金岩高嶺新材,金岩高嶺新材,,SecurityBoard.HKEquity,500,97194316.0,24300000.0,0,0,0,1
02695,2695.HK,印象大紅袍,印象大紅袍,,SecurityBoard.HKEquity,1000,144170000.0,36100000.0,0,0,0,1
02696,2696.HK,復宏漢霖,复宏漢霖,,SecurityBoard.HKEquity,100,545282853.0,347862397.0,0,0,0,1
02697,2697.HK,真健康醫療－Ｂ,真健康醫療-B,,SecurityBoard.HKEquity,20,35647003.0,35647003.0,0,0,0,1
02698,2698.HK,樂舒適,樂舒適,,SecurityBoard.HKEquity,200,620814300.0,620814300.0,0,0,0,1
02699,2699.HK,新明中國,新明中國,,SecurityBoard.HKEquity,2000,26300708.0,26300708.0,0,0,0,1
02700,2700.HK,格林國際控股,格林國際控股,,SecurityBoard.HKEquity,20000,659894693.0,659894693.0,0,0,0,1
02701,2701.HK,國民技術,國民技術,,SecurityBoard.HKEquity,200,678126700.0,95000000.0,0,0,0,1
02706,2706.HK,海致科技集團,海致科技集團,,SecurityBoard.HKEquity,200,404221723.0,404221723.0,0,0,0,1
02714,2714.HK,牧原股份,牧原股份,,SecurityBoard.HKEquity,100,5771969844.0,309196800.0,0,0,0,1
02715,2715.HK,埃斯頓,埃斯頓,,SecurityBoard.HKEquity,200,968666053.0,96780000.0,0,0,0,1
02718,2718.HK,明略科技－Ｗ,明略科技-W,,SecurityBoard.HKEquity,40,152880973.0,152880973.0,0,0,0,1
02720,2720.HK,樂欣戶外,樂欣戶外,,SecurityBoard.HKEquity,500,128205000.0,128205000.0,0,0,0,1
02722,2722.HK,重慶機電,重慶機電,,SecurityBoard.HKEquity,2000,3684640154.0,1100187470.0,0,0,0,1
02723,2723.HK,深演智能,深演智能,,SecurityBoard.HKEquity,100,90679175.0,90679175.0,0,0,0,1
02726,2726.HK,瀚天天成,瀚天天成,,SecurityBoard.HKEquity,50,425584810.0,118923631.0,0,0,0,1
02727,2727.HK,上海電氣,上海電氣,,SecurityBoard.HKEquity,2000,15540121636.0,2924482000.0,0,0,0,1
02728,2728.HK,金泰能源控股,金泰能源控股,,SecurityBoard.HKEquity,4000,4455020888.0,4455020888.0,0,0,0,1
02729,2729.HK,凱樂士科技,凱樂士科技,,SecurityBoard.HKEquity,200,427883729.0,427883729.0,0,0,0,1
02738,2738.HK,華津國際控股,華津國際控股,,SecurityBoard.HKEquity,2000,600000000.0,600000000.0,0,0,0,1
02768,2768.HK,國恩科技,國恩科技,,SecurityBoard.HKEquity,200,436600000.0,44400000.0,0,0,0,1
02772,2772.HK,中梁控股,中梁控股,,SecurityBoard.HKEquity,500,4473661920.0,4473661920.0,0,0,0,1
02777,2777.HK,富力地產,富力地產,,SecurityBoard.HKEquity,400,3752367344.0,3752367344.0,0,0,0,1
02778,2778.HK,冠君產業信託,,,,,,,0,0,,0
02779,2779.HK,中國新華教育,中國新華教育,,SecurityBoard.HKEquity,1000,1608583000.0,1608583000.0,0,0,0,1
02788,2788.HK,創新實業,創新實業,,SecurityBoard.HKEquity,500,2075000000.0,2075000000.0,0,0,0,1
02789,2789.HK,遠大中國,遠大中國,,SecurityBoard.HKEquity,2000,6208734000.0,6208734000.0,0,0,0,1
02797,2797.HK,齊雲山食品,齊雲山食品,,SecurityBoard.HKEquity,500,100000000.0,25000000.0,0,0,0,1
02798,2798.HK,久泰邦達能源,久泰邦達能源,,SecurityBoard.HKEquity,5000,1600000000.0,1600000000.0,0,0,0,1
02799,2799.HK,中信金融資產,中信金融資產,,SecurityBoard.HKEquity,1000,80246679047.0,35362261280.0,0,0,0,1
02858,2858.HK,易鑫集團,易鑫集團,,SecurityBoard.HKEquity,500,6797639034.0,6797639034.0,0,0,0,1
02863,2863.HK,高豐集團控股,高豐集團控股,,SecurityBoard.HKEquity,3000,689511000.0,689511000.0,0,0,0,1
02865,2865.HK,鈞達股份,鈞達股份,,SecurityBoard.HKEquity,100,311266052.0,82114300.0,0,0,0,1
02866,2866.HK,中遠海發,中遠海發,,SecurityBoard.HKEquity,1000,13132056720.0,3421629000.0,0,0,0,1
02869,2869.HK,綠城服務,綠城服務,,SecurityBoard.HKEquity,2000,3116483512.0,3116483512.0,0,0,0,1
02877,2877.HK,神威藥業,神威藥業,,SecurityBoard.HKEquity,1000,827000000.0,827000000.0,0,0,0,1
02878,2878.HK,晶門半導體,晶門半導體,,SecurityBoard.HKEquity,2000,2497752351.0,2497752351.0,0,0,0,1
02880,2880.HK,遼港股份,遼港股份,,SecurityBoard.HKEquity,2000,23571767213.0,5158715999.0,0,0,0,1
02881,2881.HK,武漢有機,武漢有機,,SecurityBoard.HKEquity,500,93300000.0,93300000.0,0,0,0,1
02882,2882.HK,金至尊集團,金至尊集團,,SecurityBoard.HKEquity,5000,269671601.0,269671601.0,0,0,0,1
02883,2883.HK,中海油田服務,中海油田服務,,SecurityBoard.HKEquity,2000,4771592000.0,1811124000.0,0,0,0,1
02885,2885.HK,彼岸控股,彼岸控股,,SecurityBoard.HKEquity,2000,400000000.0,400000000.0,0,0,0,1
02886,2886.HK,濱海投資,濱海投資,,SecurityBoard.HKEquity,2000,1365195112.0,1365195112.0,0,0,0,1
02888,2888.HK,渣打集團,渣打集團,,SecurityBoard.HKEquity,50,2182903376.0,2182903376.0,0,0,0,1
02889,2889.HK,博泰車聯,博泰車聯,,SecurityBoard.HKEquity,20,161816558.0,82823156.0,0,0,0,1
02892,2892.HK,萬城控股,萬城控股,,SecurityBoard.HKEquity,2000,750000000.0,750000000.0,0,0,0,1
02898,2898.HK,盛禾生物－Ｂ,盛禾生物-B,,SecurityBoard.HKEquity,200,156666800.0,156666800.0,0,0,0,1
02899,2899.HK,紫金礦業,紫金礦業,,SecurityBoard.HKEquity,2000,26590714622.0,5988921482.0,0,0,0,1
02908,2908.HK,彩虹新能源,北京體育文化-舊,,SecurityBoard.HKEquity,250,168961900.0,168961900.0,0,0,0,1
03200,3200.HK,大族數控,大族數控,,SecurityBoard.HKEquity,100,489007741.0,58019500.0,0,0,0,1
03223,3223.HK,君正股份,君正股份,,SecurityBoard.HKEquity,100,514951667.0,31287300.0,0,0,0,1
03231,3231.HK,優地機器人,優地機器人,,SecurityBoard.HKEquity,200,416368421.0,282232625.0,0,0,0,1
03268,3268.HK,美格智能,美格智能,,SecurityBoard.HKEquity,100,302289300.0,40250000.0,0,0,0,1
03277,3277.HK,長光辰芯,長光辰芯,,SecurityBoard.HKEquity,100,445088300.0,300932600.0,0,0,0,1
03288,3288.HK,海天味業,海天味業,,SecurityBoard.HKEquity,100,5851045044.0,291224400.0,0,0,0,1
03296,3296.HK,華勤技術,華勤技術,,SecurityBoard.HKEquity,100,1515803032.0,94262560.0,0,0,0,1
03300,3300.HK,中國玻璃,中國玻璃,,SecurityBoard.HKEquity,2000,1836218258.0,1836218258.0,0,0,0,1
03301,3301.HK,融信中國,融信中國,,SecurityBoard.HKEquity,500,1683431417.0,1683431417.0,0,0,0,1
03302,3302.HK,精技集團,精技集團,,SecurityBoard.HKEquity,2000,920393394.0,920393394.0,0,0,0,1
03303,3303.HK,巨濤海洋石油服務,巨濤海洋石油服務,,SecurityBoard.HKEquity,2000,2488835287.0,2488835287.0,0,0,0,1
03306,3306.HK,江南布衣,江南布衣,,SecurityBoard.HKEquity,500,533285000.0,533285000.0,0,0,0,1
03308,3308.HK,中際旭創,中際旭創,,SecurityBoard.HKEquity,50,1177909641.0,62675000.0,0,0,0,1
03309,3309.HK,希瑪醫療,希瑪醫療,,SecurityBoard.HKEquity,2000,1208790870.0,1208790870.0,0,0,0,1
03310,3310.HK,雲英谷科技,雲英谷科技,,SecurityBoard.HKEquity,200,435707750.0,435707750.0,0,0,0,1
03311,3311.HK,中國建築國際,中國建築國際,,SecurityBoard.HKEquity,2000,5282216668.0,5282216668.0,0,0,0,1
03313,3313.HK,雅高控股,雅高控股,,SecurityBoard.HKEquity,5000,142210462.0,142210462.0,0,0,0,1
03315,3315.HK,金邦達寶嘉,金邦達寶嘉,,SecurityBoard.HKEquity,1000,805802000.0,805802000.0,0,0,0,1
03316,3316.HK,濱江服務,濱江服務,,SecurityBoard.HKEquity,500,276407000.0,276407000.0,0,0,0,1
03317,3317.HK,迅策,迅策,,SecurityBoard.HKEquity,100,330816940.0,275298046.0,0,0,0,1
03318,3318.HK,中國波頓,中國波頓,,SecurityBoard.HKEquity,2000,1057354146.0,1057354146.0,0,0,0,1
03319,3319.HK,雅生活服務,雅生活服務,,SecurityBoard.HKEquity,250,1418540550.0,1418540550.0,0,0,0,1
03320,3320.HK,華潤醫藥,華潤醫藥,,SecurityBoard.HKEquity,500,6282510461.0,6282510461.0,0,0,0,1
03321,3321.HK,中科集團控股,中科集團控股,,SecurityBoard.HKEquity,10000,77669600.0,77669600.0,0,0,0,1
03322,3322.HK,永嘉集團,永嘉集團,,SecurityBoard.HKEquity,2000,1284400000.0,1284400000.0,0,0,0,1
03323,3323.HK,中國建材,中國建材,,SecurityBoard.HKEquity,2000,7593021358.0,3716397196.0,0,0,0,1
03328,3328.HK,交通銀行,交通銀行,,SecurityBoard.HKEquity,1000,88363784223.0,35011862630.0,0,0,0,1
03329,3329.HK,交銀國際,交銀國際,,SecurityBoard.HKEquity,1000,2734392000.0,2734392000.0,0,0,0,1
03330,3330.HK,靈寶黃金,靈寶黃金,,SecurityBoard.HKEquity,100,1377644833.0,1196247775.0,0,0,0,1
03332,3332.HK,中生聯合,中生聯合,,SecurityBoard.HKEquity,2000,946298370.0,946298370.0,0,0,0,1
03336,3336.HK,巨騰國際,巨騰國際,,SecurityBoard.HKEquity,2000,1200008445.0,1200008445.0,0,0,0,1
03337,3337.HK,安東油田服務,安東油田服務,,SecurityBoard.HKEquity,2000,3001701447.0,3001701447.0,0,0,0,1
03339,3339.HK,中國龍工,中國龍工,,SecurityBoard.HKEquity,1000,4280100000.0,4280100000.0,0,0,0,1
03347,3347.HK,泰格醫藥,泰格醫藥,,SecurityBoard.HKEquity,100,861026050.0,123124800.0,0,0,0,1
03348,3348.HK,中國鵬飛集團,中國鵬飛集團,,SecurityBoard.HKEquity,2000,500000000.0,500000000.0,0,0,0,1
03355,3355.HK,飛速創新,飛速創新,,SecurityBoard.HKEquity,100,405675700.0,405675700.0,0,0,0,1
03360,3360.HK,遠東宏信,遠東宏信,,SecurityBoard.HKEquity,1000,4818877665.0,4818877665.0,0,0,0,1
03363,3363.HK,正業國際,正業國際,,SecurityBoard.HKEquity,2000,500000000.0,500000000.0,0,0,0,1
03366,3366.HK,華僑城（亞洲）,華僑城(亞洲),,SecurityBoard.HKEquity,2000,748366000.0,748366000.0,0,0,0,1
03368,3368.HK,百盛集團,百盛集團,,SecurityBoard.HKEquity,500,2634532250.0,2634532250.0,0,0,0,1
03369,3369.HK,秦港股份,秦港股份,,SecurityBoard.HKEquity,500,5587412000.0,829853000.0,0,0,0,1
03377,3377.HK,遠洋集團,遠洋集團,,SecurityBoard.HKEquity,500,12668321134.0,12668321134.0,0,0,0,1
03378,3378.HK,翰思艾泰－Ｂ,翰思艾泰-B,,SecurityBoard.HKEquity,100,134060730.0,134060730.0,0,0,0,1
03380,3380.HK,龍光集團,龍光集團,,SecurityBoard.HKEquity,1000,5685407450.0,5685407450.0,0,0,0,1
03382,3382.HK,天津港發展,天津港發展,,SecurityBoard.HKEquity,2000,6158000000.0,6158000000.0,0,0,0,1
03383,3383.HK,雅居樂集團,雅居樂集團,,SecurityBoard.HKEquity,2000,5046047500.0,5046047500.0,0,0,0,1
03388,3388.HK,創想三維,創想三維,,SecurityBoard.HKEquity,150,477854151.0,477854151.0,0,0,0,1
03389,3389.HK,亨得利,亨得利,,SecurityBoard.HKEquity,4000,4404018959.0,4404018959.0,0,0,0,1
03390,3390.HK,滿貫集團,滿貫集團,,SecurityBoard.HKEquity,2000,894000000.0,894000000.0,0,0,0,1
03393,3393.HK,威勝控股,威勝控股,,SecurityBoard.HKEquity,2000,1038795675.0,1038795675.0,0,0,0,1
03395,3395.HK,吉星新能源,吉星新能源,,SecurityBoard.HKEquity,1000,869292597.0,869292597.0,0,0,0,1
03396,3396.HK,聯想控股,聯想控股,,SecurityBoard.HKEquity,100,2356230900.0,1271853990.0,0,0,0,1
03398,3398.HK,華鼎控股,華鼎控股,,SecurityBoard.HKEquity,2000,2099818000.0,2099818000.0,0,0,0,1
03399,3399.HK,粵運交通,粵運交通,,SecurityBoard.HKEquity,1000,799847800.0,207000000.0,0,0,0,1
03401,3401.HK,ＧＸＡＩ基礎設施,GXAI基礎設施,,SecurityBoard.HKEquity,50,171429.0,,0,0,0,1
03402,3402.HK,ＧＸ中美科技,GX中美科技,,SecurityBoard.HKEquity,50,250000.0,,0,0,0,1
03403,3403.HK,華夏恒ＥＳＧ,華夏恆ESG,,SecurityBoard.HKEquity,10,185400000.0,,0,0,0,1
03404,3404.HK,華夏印度,華夏印度,,SecurityBoard.HKEquity,100,45500000.0,,0,0,0,1
03406,3406.HK,平安科技精選,平安科技精選,,SecurityBoard.HKEquity,50,37250000.0,,0,0,0,1
03408,3408.HK,GX KOSPI 200,GX KOSPI 200,,,,,,0,0,1,1
03410,3410.HK,恒生日本東證一百,恆生日本東證一百,,SecurityBoard.HKEquity,100,6669800.0,,0,0,0,1
03411,3411.HK,ＰＰ亞洲美債,PP亞洲美債,,SecurityBoard.HKEquity,50,5200000.0,,0,0,0,1
03412,3412.HK,Ａ都會電子支付,A都會電子支付,,SecurityBoard.HKEquity,100,600000.0,,0,0,0,1
03413,3413.HK,Ａ都會人工智能,A都會人工智能,,SecurityBoard.HKEquity,100,700000.0,,0,0,0,1
03415,3415.HK,ＡＧＸ標普兌,AGX標普兌,,SecurityBoard.HKEquity,25,3350000.0,,0,0,0,1
03416,3416.HK,ＡＧＸ國指兌,AGX國指兌,,SecurityBoard.HKEquity,100,2644400000.0,,0,0,0,1
03417,3417.HK,ＡＧＸ恒科備兌,AGX恆科備兌,,SecurityBoard.HKEquity,100,426400000.0,,0,0,0,1
03418,3418.HK,華夏數字黃金,華夏數字黃金,,SecurityBoard.HKEquity,10,4063320.0,,0,0,0,1
03419,3419.HK,Ａ ＧＸ恒指備兌,AGX恆指備兌,,SecurityBoard.HKEquity,100,292000000.0,,0,0,0,1
03420,3420.HK,Ａ惠理人民幣,A惠理人民幣,,SecurityBoard.HKEquity,1,,,0,0,0,1
03421,3421.HK,Ａ惠理港元,A惠理港元,,SecurityBoard.HKEquity,1,,,0,0,0,1
03422,3422.HK,ＧＸ創新藍籌十強,GX創新藍籌十強,,SecurityBoard.HKEquity,50,165200.0,,0,0,0,1
03423,3423.HK,招商恒生科技,招商恆生科技,,SecurityBoard.HKEquity,10,55400000.0,,0,0,0,1
03425,3425.HK,ＭＢＣ以太幣,MBC以太幣,,SecurityBoard.HKEquity,100,,,0,0,0,1
03426,3426.HK,Ａ都會ＷＥＢ３,A都會WEB3,,SecurityBoard.HKEquity,100,700000.0,,0,0,0,1
03427,3427.HK,富邦多元資產,富邦多元資產,,SecurityBoard.HKEquity,200,124000.0,,0,0,0,1
03428,3428.HK,ＧＸ國壽港美,GX國壽港美,,SecurityBoard.HKEquity,50,81700000.0,,0,0,0,1
03430,3430.HK,ＭＢＣ比特幣,MBC比特幣,,SecurityBoard.HKEquity,100,,,0,0,0,1
03431,3431.HK,南方港韓科技,南方港韓科技,,SecurityBoard.HKEquity,100,122000000.0,,0,0,0,1
03432,3432.HK,南方港股通,南方港股通,,SecurityBoard.HKEquity,10,101950000.0,,0,0,0,1
03434,3434.HK,易方達數科,易方達數科ETF,,SecurityBoard.HKEquity,100,700000.0,,0,0,0,1
03435,3435.HK,恒生招商七十美債,恆生招商七十美債,,SecurityBoard.HKEquity,10,1500000.0,,0,0,0,1
03436,3436.HK,恒生招商一三美債,恆生招商一三美債,,SecurityBoard.HKEquity,10,1450000.0,,0,0,0,1
03437,3437.HK,博時央企紅利,博時央企紅利,,SecurityBoard.HKEquity,100,16000000.0,,0,0,0,1
03439,3439.HK,嘉實比特幣,嘉實比特幣,,SecurityBoard.HKEquity,100,15900000.0,,0,0,0,1
03440,3440.HK,ＧＸ０３月債,GX03月債,,SecurityBoard.HKEquity,50,5835000.0,,0,0,0,1
03441,3441.HK,南方東西精選,南方東西精選,,SecurityBoard.HKEquity,100,136000000.0,,0,0,0,1
03442,3442.HK,南方港美科技,南方港美科技,,SecurityBoard.HKEquity,100,87000000.0,,0,0,0,1
03443,3443.HK,南方香港股票,南方香港股票,,SecurityBoard.HKEquity,100,2025900000.0,,0,0,0,1
03444,3444.HK,恒生香港股票,恆生香港股票,,SecurityBoard.HKEquity,100,12600000.0,,0,0,0,1
03447,3447.HK,南方亞太房託,,,,,,,0,0,,0
03448,3448.HK,ＧＸ中國科技,GX中國科技,,SecurityBoard.HKEquity,1,3000000.0,,0,0,0,1
03450,3450.HK,ＧＸ３５美債,GX35美債,,SecurityBoard.HKEquity,50,6840000.0,,0,0,0,1
03451,3451.HK,ＡＧＸ納指兌,AGX納指兌,,SecurityBoard.HKEquity,25,4600000.0,,0,0,0,1
03453,3453.HK,ＰＰ台灣５０,PP台灣50,,SecurityBoard.HKEquity,50,800000.0,,0,0,0,1
03454,3454.HK,南方美股七巨頭,南方美股七巨頭,,SecurityBoard.HKEquity,100,10100000.0,,0,0,0,1
03455,3455.HK,景順ＱＱＱ,景順 QQQ,,SecurityBoard.HKEquity,1,675650000.0,,0,0,0,1
03456,3456.HK,易方達港交所科技,易方達港交所科技100 ETF,,SecurityBoard.HKEquity,100,,,0,0,0,1
03457,3457.HK,Ａ泰康港元,A泰康港元,,SecurityBoard.HKEquity,1,,,0,0,0,1
03460,3460.HK,華夏ＳＯＬ,華夏SOL,,SecurityBoard.HKEquity,100,16300000.0,,0,0,0,1
03461,3461.HK,Ａ華夏人幣數,A華夏人幣數,,SecurityBoard.HKEquity,1,41500.0,,0,0,0,1
03466,3466.HK,恒生高息股,恆生高息股,,SecurityBoard.HKEquity,400,671000000.0,,0,0,0,1
03469,3469.HK,南方港股通紅利,南方港股通紅利,,SecurityBoard.HKEquity,100,66500000.0,,0,0,0,1
03470,3470.HK,ＧＸ大中華,GX大中華,,SecurityBoard.HKEquity,100,31440000.0,,0,0,0,1
03471,3471.HK,Ａ華夏港元數,A華夏港元數,,SecurityBoard.HKEquity,1,42000.0,,0,0,0,1
03472,3472.HK,Ａ華夏美元數,A華夏美元數,,SecurityBoard.HKEquity,1,10400.0,,0,0,0,1
03473,3473.HK,南方亞洲科技,南方亞洲科技,,SecurityBoard.HKEquity,100,82000000.0,,0,0,0,1
03476,3476.HK,Ａ恒生摩根美入息,A恆生摩根美入息,,SecurityBoard.HKEquity,500,17200000.0,,0,0,0,1
03477,3477.HK,平安東西精選,平安東西精選,,SecurityBoard.HKEquity,50,37000000.0,,0,0,0,1
03480,3480.HK,Ａ惠理美元,A惠理美元,,SecurityBoard.HKEquity,1,,,0,0,0,1
03483,3483.HK,易方達高股息,易方達高股息,,SecurityBoard.HKEquity,100,34100000.0,,0,0,0,1
03486,3486.HK,易方達亞洲半導體,易方達亞洲半導體ETF,,SecurityBoard.HKEquity,100,9700000.0,,0,0,0,1
03488,3488.HK,惠理港美紅利低波,惠理港美紅利低波,,SecurityBoard.HKEquity,100,,,0,0,0,1
03489,3489.HK,易方達ＡＩ,易方達AI,,SecurityBoard.HKEquity,100,45700000.0,,0,0,0,1
03509,3509.HK,易方達ＭＰＦＡ股,易方達MPFA股,,SecurityBoard.HKEquity,100,,,0,0,0,1
03519,3519.HK,Ａ恒生國指備兌,A恆生國指備兌,,SecurityBoard.HKEquity,100,13500000.0,,0,0,0,1
03533,3533.HK,ＸＡＧＸ金兌,XAGX金兌,,SecurityBoard.HKEquity,25,1000000.0,,0,0,0,1
03535,3535.HK,南方港日現金流,南方港日現金流,,SecurityBoard.HKEquity,100,85000000.0,,0,0,0,1
03537,3537.HK,Ａ南方韓國備兌,A南方韓國備兌,,SecurityBoard.HKEquity,100,20000000.0,,0,0,0,1
03555,3555.HK,ＡＧＸ恒息增,AGX恆息增,,SecurityBoard.HKEquity,100,18000000.0,,0,0,0,1
03579,3579.HK,易方達ＭＰＦ港股,易方達MPF港股,,SecurityBoard.HKEquity,100,,,0,0,0,1
03589,3589.HK,Ａ恒生科技備兌,A恆生科技備兌,,SecurityBoard.HKEquity,100,9500000.0,,0,0,0,1
03600,3600.HK,現代牙科,現代牙科,,SecurityBoard.HKEquity,1000,934214000.0,934214000.0,0,0,0,1
03601,3601.HK,魯大師,魯大師,,SecurityBoard.HKEquity,1000,269000000.0,269000000.0,0,0,0,1
03603,3603.HK,信基沙溪,信基沙溪,,SecurityBoard.HKEquity,3000,1492944000.0,1492944000.0,0,0,0,1
03606,3606.HK,福耀玻璃,福耀玻璃,,SecurityBoard.HKEquity,400,2609743532.0,606757200.0,0,0,0,1
03613,3613.HK,同仁堂國藥,同仁堂國藥,,SecurityBoard.HKEquity,1000,837100000.0,837100000.0,0,0,0,1
03616,3616.HK,恒達集團控股,恆達集團控股,,SecurityBoard.HKEquity,2000,1200000000.0,1200000000.0,0,0,0,1
03618,3618.HK,重慶農村商業銀行,重慶農村商業銀行,,SecurityBoard.HKEquity,1000,11357000000.0,2513336041.0,0,0,0,1
03623,3623.HK,中國金融發展,中國金融發展,,SecurityBoard.HKEquity,2000,630663336.0,630663336.0,0,0,0,1
03625,3625.HK,傅里葉,傅里葉,,SecurityBoard.HKEquity,100,112000000.0,110889800.0,0,0,0,1
03626,3626.HK,啟明東方控股,啟明東方控股,,SecurityBoard.HKEquity,2000,184000000.0,184000000.0,0,0,0,1
03628,3628.HK,仁恒實業控股,仁恆實業控股,,SecurityBoard.HKEquity,4000,804000000.0,804000000.0,0,0,0,1
03633,3633.HK,中裕能源,中裕能源,,SecurityBoard.HKEquity,1000,2694265157.0,2694265157.0,0,0,0,1
03636,3636.HK,金潯資源,金潯資源,,SecurityBoard.HKEquity,200,152314643.0,42018000.0,0,0,0,1
03638,3638.HK,亨利加集團,亨利加集團,,SecurityBoard.HKEquity,1000,76948775.0,76948775.0,0,0,0,1
03639,3639.HK,億達中國,億達中國,,SecurityBoard.HKEquity,2000,2583970000.0,2583970000.0,0,0,0,1
03650,3650.HK,KEEP,KEEP,,SecurityBoard.HKEquity,100,497221387.0,497221387.0,0,0,0,1
03658,3658.HK,新希望服務,新希望服務,,SecurityBoard.HKEquity,1000,814126000.0,814126000.0,0,0,0,1
03660,3660.HK,奇富科技－Ｓ,奇富科技-S,,SecurityBoard.HKEquity,50,243165684.0,243165684.0,0,0,0,1
03661,3661.HK,聖邦股份,聖邦股份,,SecurityBoard.HKEquity,100,685634253.0,62101300.0,0,0,0,1
03662,3662.HK,星悅康旅,星悅康旅,,SecurityBoard.HKEquity,1000,726250000.0,726250000.0,0,0,0,1
03666,3666.HK,上海小南國,上海小南國,,SecurityBoard.HKEquity,2000,2655637000.0,2655637000.0,0,0,0,1
03668,3668.HK,兗煤澳大利亞,兗煤澳大利亞,,SecurityBoard.HKEquity,100,1320439437.0,1320439437.0,0,0,0,1
03669,3669.HK,永達汽車,永達汽車,,SecurityBoard.HKEquity,500,1902156894.0,1902156894.0,0,0,0,1
03677,3677.HK,正力新能,正力新能,,SecurityBoard.HKEquity,300,2554421103.0,1485293739.0,0,0,0,1
03678,3678.HK,弘業期貨,弘業期貨,,SecurityBoard.HKEquity,1000,1007777778.0,249700000.0,0,0,0,1
03680,3680.HK,瑞和數智,瑞和數智,,SecurityBoard.HKEquity,2000,920572036.0,920572036.0,0,0,0,1
03681,3681.HK,中國抗體－Ｂ,中國抗體-B,,SecurityBoard.HKEquity,300,1386638336.0,1386638336.0,0,0,0,1
03683,3683.HK,榮豐億控股,榮豐億控股,,SecurityBoard.HKEquity,2500,952613513.0,952613513.0,0,0,0,1
03686,3686.HK,祈福生活服務,祈福生活服務,,SecurityBoard.HKEquity,10000,1015750000.0,1015750000.0,0,0,0,1
03688,3688.HK,萊蒙國際,萊蒙國際,,SecurityBoard.HKEquity,500,1412732441.0,1412732441.0,0,0,0,1
03689,3689.HK,康華醫療,康華醫療,,SecurityBoard.HKEquity,200,334394000.0,84394000.0,0,0,0,1
03690,3690.HK,美團－Ｗ,美團-W,,SecurityBoard.HKEquity,100,6175484800.0,6175484800.0,0,0,0,1
03692,3692.HK,翰森製藥,翰森制藥,,SecurityBoard.HKEquity,2000,6064150070.0,6064150070.0,0,0,0,1
03696,3696.HK,英矽智能,英矽智能,,SecurityBoard.HKEquity,500,582684110.0,582684110.0,0,0,0,1
03698,3698.HK,徽商銀行,徽商銀行,,SecurityBoard.HKEquity,1000,13889801211.0,3478750000.0,0,0,0,1
03699,3699.HK,光大永年,光大永年,,SecurityBoard.HKEquity,2000,441400000.0,441400000.0,0,0,0,1
03700,3700.HK,映宇宙,映宇宙,,SecurityBoard.HKEquity,1000,2324930400.0,2324930400.0,0,0,0,1
03708,3708.HK,世界數字經濟產業,中國供應鏈產業,,SecurityBoard.HKEquity,10000,727280000.0,727280000.0,0,0,0,1
03709,3709.HK,贏家時尚,贏家時尚,,SecurityBoard.HKEquity,500,708650195.0,708650195.0,0,0,0,1
03718,3718.HK,北控城市資源,北控城市資源,,SecurityBoard.HKEquity,4000,3556664000.0,3556664000.0,0,0,0,1
03728,3728.HK,正利控股,正利控股,,SecurityBoard.HKEquity,20000,1013000000.0,1013000000.0,0,0,0,1
03737,3737.HK,中智藥業,中智藥業,,SecurityBoard.HKEquity,1000,863600000.0,863600000.0,0,0,0,1
03738,3738.HK,阜博集團,阜博集團,,SecurityBoard.HKEquity,1000,2592865836.0,2592865836.0,0,0,0,1
03750,3750.HK,寧德時代,寧德時代,,SecurityBoard.HKEquity,100,4626770410.0,218300300.0,0,0,0,1
03752,3752.HK,珞石機器人,珞石機器人,,SecurityBoard.HKEquity,100,265180890.0,253246180.0,0,0,0,1
03759,3759.HK,康龍化成,康龍化成,,SecurityBoard.HKEquity,100,1835416798.0,358111057.0,0,0,0,1
03768,3768.HK,滇池水務,滇池水務,,SecurityBoard.HKEquity,1000,1029111000.0,340023000.0,0,0,0,1
03773,3773.HK,銀盛數惠,銀盛數惠,,SecurityBoard.HKEquity,2000,415000000.0,415000000.0,0,0,0,1
03774,3774.HK,亮晴控股,亮晴控股,,SecurityBoard.HKEquity,1000,818920000.0,818920000.0,0,0,0,1
03778,3778.HK,中國織材控股,中國織材控股,,SecurityBoard.HKEquity,2000,125235000.0,125235000.0,0,0,0,1
03788,3788.HK,罕王黃金,罕王黃金,,SecurityBoard.HKEquity,1000,2444647733.0,2444647733.0,0,0,0,1
03789,3789.HK,御佳控股,禦佳控股,,SecurityBoard.HKEquity,4000,1200000000.0,1200000000.0,0,0,0,1
03798,3798.HK,家鄉互動,家鄉互動,,SecurityBoard.HKEquity,2000,1261581500.0,1261581500.0,0,0,0,1
03800,3800.HK,協鑫科技,協鑫科技,,SecurityBoard.HKEquity,1000,32158081973.0,32158081973.0,0,0,0,1
03808,3808.HK,中國重汽,中國重汽,,SecurityBoard.HKEquity,500,2760993339.0,2760993339.0,0,0,0,1
03813,3813.HK,寶勝國際,寶勝國際,,SecurityBoard.HKEquity,1000,5315514615.0,5315514615.0,0,0,0,1
03816,3816.HK,ＫＦＭ金德,KFM金德,,SecurityBoard.HKEquity,4000,600000000.0,600000000.0,0,0,0,1
03818,3818.HK,中國動向,中國動向,,SecurityBoard.HKEquity,1000,5895073025.0,5895073025.0,0,0,0,1
03822,3822.HK,三和建築集團,三和建築集團,,SecurityBoard.HKEquity,4000,84000000.0,84000000.0,0,0,0,1
03828,3828.HK,明輝國際,明輝國際,,SecurityBoard.HKEquity,1000,734262697.0,734262697.0,0,0,0,1
03830,3830.HK,童園國際,童園國際,,SecurityBoard.HKEquity,5000,1000000000.0,1000000000.0,0,0,0,1
03833,3833.HK,新疆新鑫礦業,新疆新鑫礦業,,SecurityBoard.HKEquity,1000,2210000000.0,950580000.0,0,0,0,1
03836,3836.HK,和諧汽車,和諧汽車,,SecurityBoard.HKEquity,500,1523264677.0,1523264677.0,0,0,0,1
03838,3838.HK,中國澱粉,中國淀粉,,SecurityBoard.HKEquity,5000,5778812043.0,5778812043.0,0,0,0,1
03839,3839.HK,正大生物,正大生物,,SecurityBoard.HKEquity,500,240718310.0,240718310.0,0,0,0,1
03848,3848.HK,浩森金融科技,浩森金融科技,,SecurityBoard.HKEquity,1000,782085000.0,782085000.0,0,0,0,1
03858,3858.HK,佳鑫國際資源,佳鑫國際資源,,SecurityBoard.HKEquity,400,455550000.0,455550000.0,0,0,0,1
03860,3860.HK,ＥＰＳ創健科技,EPS創健科技,,SecurityBoard.HKEquity,5000,582429838.0,582429838.0,0,0,0,1
03866,3866.HK,青島銀行,青島銀行,,SecurityBoard.HKEquity,500,5820354724.0,2291945474.0,0,0,0,1
03868,3868.HK,信義能源,信義能源,,SecurityBoard.HKEquity,2000,8520776580.0,8520776580.0,0,0,0,1
03869,3869.HK,弘和仁愛醫療,弘和仁愛醫療,,SecurityBoard.HKEquity,200,138194000.0,138194000.0,0,0,0,1
03877,3877.HK,中國船舶租賃,中國船舶租賃,,SecurityBoard.HKEquity,2000,6204645014.0,6204645014.0,0,0,0,1
03878,3878.HK,VICON HOLDINGS,VICON HOLDINGS,,SecurityBoard.HKEquity,2000,479600000.0,479600000.0,0,0,0,1
03880,3880.HK,泰德醫藥,泰德醫藥,,SecurityBoard.HKEquity,100,141800000.0,141800000.0,0,0,0,1
03881,3881.HK,希迪智駕,希迪智駕,,SecurityBoard.HKEquity,100,437893100.0,424438920.0,0,0,0,1
03882,3882.HK,天彩控股,天彩控股,,SecurityBoard.HKEquity,1000,1008587455.0,1008587455.0,0,0,0,1
03883,3883.HK,中國奧園,中國奧園,,SecurityBoard.HKEquity,1000,4710146854.0,4710146854.0,0,0,0,1
03886,3886.HK,康健國際醫療,康健國際醫療,,SecurityBoard.HKEquity,2000,6773522452.0,6773522452.0,0,0,0,1
03887,3887.HK,HASHKEY HLDGS,HASHKEY HLDGS,,SecurityBoard.HKEquity,400,2757621602.0,2757621602.0,0,0,0,1
03888,3888.HK,金山軟件,金山軟件,,SecurityBoard.HKEquity,200,1374440310.0,1374440310.0,0,0,0,1
03889,3889.HK,大成玉米集團,大成玉米集團,,SecurityBoard.HKEquity,2000,1931374856.0,1931374856.0,0,0,0,1
03893,3893.HK,易緯集團,易緯集團,,SecurityBoard.HKEquity,12000,1054805818.0,1054805818.0,0,0,0,1
03896,3896.HK,金山雲,金山雲,,SecurityBoard.HKEquity,2000,4531784801.0,4531784801.0,0,0,0,1
03898,3898.HK,時代電氣,時代電氣,,SecurityBoard.HKEquity,100,1330703412.0,461795900.0,0,0,0,1
03899,3899.HK,中集安瑞科,中集安瑞科,,SecurityBoard.HKEquity,2000,2110613503.0,2110613503.0,0,0,0,1
03900,3900.HK,綠城中國,綠城中國,,SecurityBoard.HKEquity,500,2539598690.0,2539598690.0,0,0,0,1
03903,3903.HK,瀚華控股,瀚華控股,,SecurityBoard.HKEquity,2000,4600000000.0,1170000000.0,0,0,0,1
03908,3908.HK,中金公司,中金公司,,SecurityBoard.HKEquity,400,4827256868.0,1903714428.0,0,0,0,1
03913,3913.HK,合景悠活,合景悠活,,SecurityBoard.HKEquity,1000,2025858916.0,2025858916.0,0,0,0,1
03918,3918.HK,金界控股,金界控股,,SecurityBoard.HKEquity,2000,4422990160.0,4422990160.0,0,0,0,1
03919,3919.HK,金力集團,金力集團,,SecurityBoard.HKEquity,4000,45372000.0,45372000.0,0,0,0,1
03928,3928.HK,中國新零售供應鏈,中國新零售供應鏈,,SecurityBoard.HKEquity,500,496000000.0,496000000.0,0,0,0,1
03931,3931.HK,中創新航,中創新航,,SecurityBoard.HKEquity,100,1772301858.0,761499395.0,0,0,0,1
03933,3933.HK,聯邦制藥,聯邦制藥,,SecurityBoard.HKEquity,2000,1970276508.0,1970276508.0,0,0,0,1
03938,3938.HK,ＬＦＧ投資控股,LFG投資控股,,SecurityBoard.HKEquity,2000,490470397.0,490470397.0,0,0,0,1
03939,3939.HK,萬國黃金集團,萬國黃金集團,,SecurityBoard.HKEquity,500,4403345800.0,4403345800.0,0,0,0,1
03952,3952.HK,來福諧波,來福諧波,,SecurityBoard.HKEquity,100,104135187.0,104135187.0,0,0,0,1
03958,3958.HK,東方證券,東方證券,,SecurityBoard.HKEquity,400,8496645292.0,1027162428.0,0,0,0,1
03963,3963.HK,融眾金融,融眾金融,,SecurityBoard.HKEquity,10000,606802571.0,606802571.0,0,0,0,1
03968,3968.HK,招商銀行,招商銀行,,SecurityBoard.HKEquity,500,25219845601.0,4590901172.0,0,0,0,1
03969,3969.HK,中國通號,中國通號,,SecurityBoard.HKEquity,1000,10589819000.0,1968801000.0,0,0,0,1
03978,3978.HK,卓越教育集團,卓越教育集團,,SecurityBoard.HKEquity,1000,847221000.0,847221000.0,0,0,0,1
03983,3983.HK,中海石油化學,中海石油化學,,SecurityBoard.HKEquity,2000,4610000000.0,1796000122.0,0,0,0,1
03986,3986.HK,兆易創新,兆易創新,,SecurityBoard.HKEquity,100,703971427.0,33253100.0,0,0,0,1
03988,3988.HK,中國銀行,中國銀行,,SecurityBoard.HKEquity,1000,322212411814.0,83622276395.0,0,0,0,1
03989,3989.HK,首創環境,首創環境,,SecurityBoard.HKEquity,2000,14294733167.0,14294733167.0,0,0,0,1
03990,3990.HK,美的置業,美的置業,,SecurityBoard.HKEquity,200,1435411483.0,1435411483.0,0,0,0,1
03991,3991.HK,長虹佳華,長虹佳華,,SecurityBoard.HKEquity,2000,1454652000.0,1454652000.0,0,0,0,1
03993,3993.HK,洛陽鉬業,洛陽鉬業,,SecurityBoard.HKEquity,3000,21394310176.0,3933468000.0,0,0,0,1
03996,3996.HK,中國能源建設,中國能源建設,,SecurityBoard.HKEquity,2000,44240183243.0,9262436000.0,0,0,0,1
03997,3997.HK,電訊首科,電訊首科,,SecurityBoard.HKEquity,2000,128342000.0,128342000.0,0,0,0,1
03998,3998.HK,波司登,波司登,,SecurityBoard.HKEquity,2000,11725064472.0,11725064472.0,0,0,0,1
03999,3999.HK,大成食品,大成食品,,SecurityBoard.HKEquity,1000,1016189000.0,1016189000.0,0,0,0,1
06012,6012.HK,PEAK RE PSGCSB,PEAK RE PSGCSB,,SecurityBoard.HKEquity,2000,,,0,0,0,1
06030,6030.HK,中信証券,中信證券,,SecurityBoard.HKEquity,500,15624272212.0,3423802238.0,0,0,0,1
06031,6031.HK,三一重工,三一重工,,SecurityBoard.HKEquity,200,9195004437.0,720614400.0,0,0,0,1
06033,6033.HK,電訊數碼控股,電訊數碼控股,,SecurityBoard.HKEquity,1000,403753000.0,403753000.0,0,0,0,1
06036,6036.HK,光麗科技,光麗科技,,SecurityBoard.HKEquity,5000,1075110000.0,1075110000.0,0,0,0,1
06038,6038.HK,信越控股,信越控股,,SecurityBoard.HKEquity,10000,1003000000.0,1003000000.0,0,0,0,1
06049,6049.HK,保利物業,保利物業,,SecurityBoard.HKEquity,200,553333400.0,347000090.0,0,0,0,1
06051,6051.HK,有贊,有贊,,SecurityBoard.HKEquity,5000,1607139419.0,1607139419.0,0,0,0,1
06055,6055.HK,中煙香港,中煙香港,,SecurityBoard.HKEquity,1000,691680000.0,691680000.0,0,0,0,1
06058,6058.HK,興證國際,興證國際,,SecurityBoard.HKEquity,2000,4000000000.0,4000000000.0,0,0,0,1
06060,6060.HK,眾安在綫,眾安在線,,SecurityBoard.HKEquity,100,1684812900.0,1634812900.0,0,0,0,1
06063,6063.HK,智中國際,智中國際,,SecurityBoard.HKEquity,8000,2000000000.0,2000000000.0,0,0,0,1
06066,6066.HK,中信建投証券,中信建投證券,,SecurityBoard.HKEquity,500,7756694797.0,1261023762.0,0,0,0,1
06067,6067.HK,星源材質,星源材質,,SecurityBoard.HKEquity,500,1495234139.0,149523500.0,0,0,0,1
06068,6068.HK,光正教育,光正教育,,SecurityBoard.HKEquity,2000,2178154000.0,2178154000.0,0,0,0,1
06069,6069.HK,盛業,盛業,,SecurityBoard.HKEquity,500,1065794792.0,1065794792.0,0,0,0,1
06078,6078.HK,海吉亞醫療,海吉亞醫療,,SecurityBoard.HKEquity,200,604764400.0,604764400.0,0,0,0,1
06080,6080.HK,榮智控股,榮智控股,,SecurityBoard.HKEquity,6000,1120350000.0,1120350000.0,0,0,0,1
06082,6082.HK,壁仞科技,壁仞科技,,SecurityBoard.HKEquity,200,2591858500.0,1353845424.0,0,0,0,1
06083,6083.HK,環宇物流（亞洲）,環宇物流(亞洲),,SecurityBoard.HKEquity,4000,501843114.0,501843114.0,0,0,0,1
06086,6086.HK,方舟健客,方舟健客,,SecurityBoard.HKEquity,500,1385448457.0,1385448457.0,0,0,0,1
06088,6088.HK,FIT HON TENG,鴻騰精密,,SecurityBoard.HKEquity,1000,7303738572.0,7303738572.0,0,0,0,1
06090,6090.HK,不同集團,不同集團,,SecurityBoard.HKEquity,100,88753878.0,88753878.0,0,0,0,1
06093,6093.HK,和泓服務,和泓服務,,SecurityBoard.HKEquity,2000,560000000.0,560000000.0,0,0,0,1
06098,6098.HK,碧桂園服務,碧桂園服務,,SecurityBoard.HKEquity,1000,3325821519.0,3325821519.0,0,0,0,1
06099,6099.HK,招商證券,招商證券,,SecurityBoard.HKEquity,200,8696526806.0,1274521534.0,0,0,0,1
06100,6100.HK,同道獵聘,同道獵聘,,SecurityBoard.HKEquity,200,504905174.0,504905174.0,0,0,0,1
06106,6106.HK,仙工智能,仙工智能,,SecurityBoard.HKEquity,50,110497300.0,110497300.0,0,0,0,1
06108,6108.HK,新銳醫藥,新銳醫藥,,SecurityBoard.HKEquity,8000,200616665.0,200616665.0,0,0,0,1
06110,6110.HK,滔搏,滔搏,,SecurityBoard.HKEquity,1000,6201222024.0,6201222024.0,0,0,0,1
06113,6113.HK,比特策略,比特策略,,SecurityBoard.HKEquity,2000,400000000.0,400000000.0,0,0,0,1
06117,6117.HK,日照港裕廊,日照港裕廊,,SecurityBoard.HKEquity,2000,1660000000.0,820000000.0,0,0,0,1
06118,6118.HK,奧星生命科技,奧星生命科技,,SecurityBoard.HKEquity,1000,512582000.0,512582000.0,0,0,0,1
06119,6119.HK,天源集團,天源集團,,SecurityBoard.HKEquity,3000,600000000.0,600000000.0,0,0,0,1
06123,6123.HK,圓通國際快遞,圓通國際快遞,,SecurityBoard.HKEquity,2000,420190000.0,420190000.0,0,0,0,1
06127,6127.HK,昭衍新藥,昭衍新藥,,SecurityBoard.HKEquity,100,749348220.0,118995206.0,0,0,0,1
06128,6128.HK,烯石電車新材料,烯石電車新材料,,SecurityBoard.HKEquity,10000,941313336.0,941313336.0,0,0,0,1
06132,6132.HK,華健未來－Ｂ,華健未來-B,,SecurityBoard.HKEquity,100,73599605.0,73599605.0,0,0,0,1
06133,6133.HK,維太創科,維太創科,,SecurityBoard.HKEquity,1000,850000000.0,850000000.0,0,0,0,1
06136,6136.HK,康達環保,康達環保,,SecurityBoard.HKEquity,1000,2307008500.0,2307008500.0,0,0,0,1
06138,6138.HK,哈爾濱銀行,哈爾濱銀行,,SecurityBoard.HKEquity,1000,10995599553.0,3023570000.0,0,0,0,1
06158,6158.HK,正榮地產,正榮地產,,SecurityBoard.HKEquity,1000,4367756000.0,4367756000.0,0,0,0,1
06160,6160.HK,百濟神州,百濟神州,,SecurityBoard.HKEquity,100,1542285181.0,1427229921.0,0,0,0,1
06162,6162.HK,天瑞汽車內飾,天瑞汽車內飾,,SecurityBoard.HKEquity,8000,2400000000.0,2400000000.0,0,0,0,1
06163,6163.HK,彭順國際,彭順國際,,SecurityBoard.HKEquity,2000,276504000.0,276504000.0,0,0,0,1
06166,6166.HK,劍橋科技,劍橋科技,,SecurityBoard.HKEquity,50,368250373.0,92662000.0,0,0,0,1
06168,6168.HK,周六福,周六福,,SecurityBoard.HKEquity,100,427066028.0,260138883.0,0,0,0,1
06169,6169.HK,宇華教育,宇華教育,,SecurityBoard.HKEquity,2000,4308550807.0,4308550807.0,0,0,0,1
06178,6178.HK,光大證券,光大證券,,SecurityBoard.HKEquity,200,4610787639.0,704088800.0,0,0,0,1
06181,6181.HK,老鋪黃金,老鋪黃金,,SecurityBoard.HKEquity,100,176744500.0,143541560.0,0,0,0,1
06182,6182.HK,乙德投資控股,乙德投資控股,,SecurityBoard.HKEquity,8000,800000000.0,800000000.0,0,0,0,1
06185,6185.HK,康希諾生物,康希諾生物,,SecurityBoard.HKEquity,200,247043801.0,132670900.0,0,0,0,1
06186,6186.HK,中國飛鶴,中國飛鶴,,SecurityBoard.HKEquity,1000,8807664704.0,8807664704.0,0,0,0,1
06188,6188.HK,迪信通,迪信通,,SecurityBoard.HKEquity,500,886460400.0,548760400.0,0,0,0,1
06189,6189.HK,愛得威建設集團,愛得威建設集團,,SecurityBoard.HKEquity,500,240930645.0,62763000.0,0,0,0,1
06190,6190.HK,九江銀行,九江銀行,,SecurityBoard.HKEquity,200,2847367200.0,482367200.0,0,0,0,1
06193,6193.HK,泰林科建,泰林科建,,SecurityBoard.HKEquity,2000,400000000.0,400000000.0,0,0,0,1
06196,6196.HK,鄭州銀行,鄭州銀行,,SecurityBoard.HKEquity,1000,9092091358.0,2020458000.0,0,0,0,1
06198,6198.HK,青島港,青島港,,SecurityBoard.HKEquity,1000,6491100000.0,1099025000.0,0,0,0,1
06199,6199.HK,貴州銀行,貴州銀行,,SecurityBoard.HKEquity,1000,14588046744.0,2200000000.0,0,0,0,1
06228,6228.HK,自由黃金－ＤＲＳ,自由黃金-DRS,,SecurityBoard.HKEquity,100,14731366060.0,14731366060.0,0,0,0,1
06288,6288.HK,FAST RETAIL-DRS,迅銷,,SecurityBoard.HKEquity,300,31822096800.0,1500000000.0,0,0,0,1
06600,6600.HK,臥安機器人,臥安機器人,,SecurityBoard.HKEquity,100,225356100.0,225356100.0,0,0,0,1
06601,6601.HK,朝雲集團,朝雲集團,,SecurityBoard.HKEquity,500,1333333500.0,1333333500.0,0,0,0,1
06603,6603.HK,IFBH,IFBH,,SecurityBoard.HKEquity,200,264778000.0,264778000.0,0,0,0,1
06608,6608.HK,百融智能－Ｗ,百融智能-W,,SecurityBoard.HKEquity,500,443613470.0,443613470.0,0,0,0,1
06609,6609.HK,心瑋醫療－Ｂ,心瑋醫療-B,,SecurityBoard.HKEquity,50,38862008.0,30593404.0,0,0,0,1
06610,6610.HK,飛天雲動,飛天雲動,,SecurityBoard.HKEquity,1000,130028760.0,130028760.0,0,0,0,1
06611,6611.HK,三巽集團,三巽集團,,SecurityBoard.HKEquity,1000,675529000.0,675529000.0,0,0,0,1
06613,6613.HK,藍思科技,藍思科技,,SecurityBoard.HKEquity,200,5278740870.0,301595200.0,0,0,0,1
06616,6616.HK,環球新材國際,環球新材國際,,SecurityBoard.HKEquity,1000,1248441781.0,1248441781.0,0,0,0,1
06618,6618.HK,京東健康,京東健康,,SecurityBoard.HKEquity,50,3190481011.0,3190481011.0,0,0,0,1
06622,6622.HK,兆科眼科－Ｂ,兆科眼科-B,,SecurityBoard.HKEquity,500,548839012.0,548839012.0,0,0,0,1
06623,6623.HK,陸控,陸金所控股,,SecurityBoard.HKEquity,100,1733377784.0,1733377784.0,0,0,0,1
06626,6626.HK,越秀服務,越秀服務,,SecurityBoard.HKEquity,500,1502212177.0,1502212177.0,0,0,0,1
06628,6628.HK,創勝集團醫藥－Ｂ,創勝集團醫藥-B,,SecurityBoard.HKEquity,500,452981499.0,452981499.0,0,0,0,1
06633,6633.HK,青瓷遊戲,青瓷遊戲,,SecurityBoard.HKEquity,500,691330500.0,691330500.0,0,0,0,1
06636,6636.HK,極視角,極視角,,SecurityBoard.HKEquity,50,112914783.0,112352436.0,0,0,0,1
06639,6639.HK,瑞爾集團,瑞爾集團,,SecurityBoard.HKEquity,500,562095450.0,562095450.0,0,0,0,1
06651,6651.HK,五一視界,五一視界,,SecurityBoard.HKEquity,200,419469371.0,400387563.0,0,0,0,1
06655,6655.HK,華新建材,華新建材,,SecurityBoard.HKEquity,100,2078995649.0,734720000.0,0,0,0,1
06656,6656.HK,思格新能,思格新能,,SecurityBoard.HKEquity,100,248832930.0,141768341.0,0,0,0,1
06657,6657.HK,百望股份,百望股份,,SecurityBoard.HKEquity,100,225906754.0,225906754.0,0,0,0,1
06658,6658.HK,溜溜梅,溜溜梅,,SecurityBoard.HKEquity,100,78811208.0,78811208.0,0,0,0,1
06660,6660.HK,艾美疫苗,艾美疫苗,,SecurityBoard.HKEquity,200,1226562599.0,507673711.0,0,0,0,1
06661,6661.HK,湖州燃氣,湖州燃氣,,SecurityBoard.HKEquity,500,202714500.0,52714500.0,0,0,0,1
06663,6663.HK,國際永勝集團,國際永勝集團,,SecurityBoard.HKEquity,10000,800000000.0,800000000.0,0,0,0,1
06666,6666.HK,恒大物業,恆大物業,,SecurityBoard.HKEquity,500,10810811000.0,10810811000.0,0,0,0,1
06667,6667.HK,美因基因,美因基因,,SecurityBoard.HKEquity,200,223532200.0,223532200.0,0,0,0,1
06668,6668.HK,星盛商業,星盛商業,,SecurityBoard.HKEquity,1000,1014516000.0,1014516000.0,0,0,0,1
06669,6669.HK,先瑞達醫療－Ｂ,先瑞達醫療-B,,SecurityBoard.HKEquity,1000,313389171.0,313389171.0,0,0,0,1
06675,6675.HK,SENASIC,SENASIC,,SecurityBoard.HKEquity,200,381897620.0,381897620.0,0,0,0,1
06676,6676.HK,找鋼網－Ｗ,找鋼網-W,,SecurityBoard.HKEquity,500,1071728377.0,1071728377.0,0,0,0,1
06677,6677.HK,遠洋服務,遠洋服務,,SecurityBoard.HKEquity,500,1184000000.0,1184000000.0,0,0,0,1
06680,6680.HK,金力永磁,金力永磁,,SecurityBoard.HKEquity,200,1381970097.0,241144516.0,0,0,0,1
06681,6681.HK,腦動極光－Ｂ,腦動極光-B,,SecurityBoard.HKEquity,1000,1358278000.0,1358278000.0,0,0,0,1
06682,6682.HK,範式智能,範式智能,,SecurityBoard.HKEquity,100,557037433.0,358168196.0,0,0,0,1
06683,6683.HK,巨星傳奇,巨星傳奇,,SecurityBoard.HKEquity,500,958378481.0,958378481.0,0,0,0,1
06686,6686.HK,諾亞控股,諾亞控股,,SecurityBoard.HKEquity,100,343228815.0,343228815.0,0,0,0,1
06687,6687.HK,聚水潭,聚水潭,,SecurityBoard.HKEquity,100,422801100.0,422801100.0,0,0,0,1
06690,6690.HK,海爾智家,海爾智家,,SecurityBoard.HKEquity,200,9303088164.0,2853587266.0,0,0,0,1
06693,6693.HK,赤峰黃金,赤峰黃金,,SecurityBoard.HKEquity,200,1900411178.0,236499800.0,0,0,0,1
06696,6696.HK,多想雲,多想雲,,SecurityBoard.HKEquity,1000,672000000.0,672000000.0,0,0,0,1
06698,6698.HK,星空華文,星空華文,,SecurityBoard.HKEquity,100,397508868.0,397508868.0,0,0,0,1
06699,6699.HK,時代天使,時代天使,,SecurityBoard.HKEquity,200,171676633.0,171676633.0,0,0,0,1
06715,6715.HK,鱘龍科技,鱘龍科技,,SecurityBoard.HKEquity,100,108885600.0,108885600.0,0,0,0,1
06745,6745.HK,濱化股份,濱化股份,,SecurityBoard.HKEquity,1000,2408962276.0,352126000.0,0,0,0,1
06805,6805.HK,金茂源環保,金茂源環保,,SecurityBoard.HKEquity,2000,1106368000.0,1106368000.0,0,0,0,1
06806,6806.HK,申萬宏源,申萬宏源,,SecurityBoard.HKEquity,800,25039944560.0,2504000000.0,0,0,0,1
06808,6808.HK,高鑫零售,高鑫零售,,SecurityBoard.HKEquity,500,9540504700.0,9540504700.0,0,0,0,1
06809,6809.HK,瀾起科技,瀾起科技,,SecurityBoard.HKEquity,100,1220538021.0,75773500.0,0,0,0,1
06810,6810.HK,商米科技－Ｗ,商米科技-W,,SecurityBoard.HKEquity,100,402626800.0,304042524.0,0,0,0,1
06811,6811.HK,太興集團,太興集團,,SecurityBoard.HKEquity,1000,971419000.0,971419000.0,0,0,0,1
06812,6812.HK,永順控股香港,永順控股香港,,SecurityBoard.HKEquity,5000,600000000.0,600000000.0,0,0,0,1
06816,6816.HK,瑞港建設,瑞港建設,,SecurityBoard.HKEquity,2000,800000000.0,800000000.0,0,0,0,1
06818,6818.HK,中國光大銀行,中國光大銀行,,SecurityBoard.HKEquity,1000,59085551061.0,12678735500.0,0,0,0,1
06820,6820.HK,友誼時光,友誼時光,,SecurityBoard.HKEquity,2000,2180850000.0,2180850000.0,0,0,0,1
06821,6821.HK,凱萊英,凱萊英,,SecurityBoard.HKEquity,100,360663470.0,27834510.0,0,0,0,1
06822,6822.HK,科勁國際,科勁國際,,SecurityBoard.HKEquity,2000,700000000.0,700000000.0,0,0,0,1
06823,6823.HK,香港電訊－ＳＳ,香港電訊-SS,,SecurityBoard.HKEquity,1000,7582398399.0,7582398399.0,0,0,0,1
06826,6826.HK,昊海生物科技,昊海生物科技,,SecurityBoard.HKEquity,100,228832195.0,34780340.0,0,0,0,1
06828,6828.HK,北京燃氣藍天,北京燃氣藍天,,SecurityBoard.HKEquity,8000,22736114715.0,22736114715.0,0,0,0,1
06829,6829.HK,龍昇集團控股,龍升集團控股,,SecurityBoard.HKEquity,1000,288000000.0,288000000.0,0,0,0,1
06830,6830.HK,華眾車載,華眾車載,,SecurityBoard.HKEquity,2000,1769193800.0,1769193800.0,0,0,0,1
06831,6831.HK,綠茶集團,綠茶集團,,SecurityBoard.HKEquity,400,658454800.0,658454800.0,0,0,0,1
06833,6833.HK,興科蓉醫藥,興科蓉醫藥,,SecurityBoard.HKEquity,4000,2032890585.0,2032890585.0,0,0,0,1
06838,6838.HK,盈利時,盈利時,,SecurityBoard.HKEquity,2000,600000000.0,600000000.0,0,0,0,1
06839,6839.HK,雲南水務,雲南水務,,SecurityBoard.HKEquity,1000,1193213457.0,363713900.0,0,0,0,1
06855,6855.HK,亞盛醫藥,亞盛醫藥,,SecurityBoard.HKEquity,100,373616240.0,373616240.0,0,0,0,1
06858,6858.HK,本間高爾夫,本間高爾夫,,SecurityBoard.HKEquity,500,605642500.0,605642500.0,0,0,0,1
06860,6860.HK,指尖悅動,指尖悅動,,SecurityBoard.HKEquity,1000,1918088000.0,1918088000.0,0,0,0,1
06862,6862.HK,海底撈,海底撈,,SecurityBoard.HKEquity,1000,5574000000.0,5574000000.0,0,0,0,1
06865,6865.HK,福萊特玻璃,福萊特玻璃,,SecurityBoard.HKEquity,1000,2330759024.0,429593000.0,0,0,0,1
06866,6866.HK,佐力科創,佐力科創,,SecurityBoard.HKEquity,2000,1180000000.0,300000000.0,0,0,0,1
06868,6868.HK,天福,天福,,SecurityBoard.HKEquity,1000,1082632460.0,1082632460.0,0,0,0,1
06869,6869.HK,長飛光纖光纜,長飛光纖光纜,,SecurityBoard.HKEquity,500,827905108.0,421566794.0,0,0,0,1
06871,6871.HK,翼菲科技,翼菲科技,,SecurityBoard.HKEquity,100,244953968.0,244953968.0,0,0,0,1
06872,6872.HK,丹諾醫藥－B,丹諾醫藥-B,,SecurityBoard.HKEquity,50,52328926.0,52328926.0,0,0,0,1
06877,6877.HK,TE HEALTHCARE,TE HEALTHCARE,,SecurityBoard.HKEquity,5000,2033290000.0,2033290000.0,0,0,0,1
06878,6878.HK,鼎豐集團汽車,鼎豐集團汽車,,SecurityBoard.HKEquity,10000,939423988.0,939423988.0,0,0,0,1
06880,6880.HK,MOMENTA-W,MOMENTA-W,,SecurityBoard.HKEquity,20,235538011.0,235538011.0,0,0,0,1
06881,6881.HK,中國銀河,中國銀河,,SecurityBoard.HKEquity,500,10934402256.0,3690984633.0,0,0,0,1
06882,6882.HK,東瀛遊,東瀛遊,,SecurityBoard.HKEquity,2000,502450000.0,502450000.0,0,0,0,1
06883,6883.HK,穎通控股,穎通控股,,SecurityBoard.HKEquity,1000,1358000000.0,1358000000.0,0,0,0,1
06885,6885.HK,金馬能源,金馬能源,,SecurityBoard.HKEquity,1000,535421000.0,535421000.0,0,0,0,1
06886,6886.HK,HTSC,華泰證券,,SecurityBoard.HKEquity,200,9026863786.0,1719045680.0,0,0,0,1
06887,6887.HK,東陽光藥,東陽光藥,,SecurityBoard.HKEquity,100,574527747.0,318974840.0,0,0,0,1
06888,6888.HK,英達公路再生科技,英達公路再生科技,,SecurityBoard.HKEquity,1000,1079000000.0,1079000000.0,0,0,0,1
06889,6889.HK,DYNAM JAPAN,DYNAM JAPAN,,SecurityBoard.HKEquity,200,684643096.0,684643096.0,0,0,0,1
06890,6890.HK,康利國際控股,康利國際控股,,SecurityBoard.HKEquity,2000,606252000.0,606252000.0,0,0,0,1
06893,6893.HK,衍生集團,衍生集團,,SecurityBoard.HKEquity,2000,1091796000.0,1091796000.0,0,0,0,1
06896,6896.HK,金嗓子,金嗓子,,SecurityBoard.HKEquity,500,739302000.0,739302000.0,0,0,0,1
06898,6898.HK,中國鋁罐,中國鋁罐,,SecurityBoard.HKEquity,2000,941401000.0,941401000.0,0,0,0,1
06899,6899.HK,聯眾,聯眾,,SecurityBoard.HKEquity,1000,1077799887.0,1077799887.0,0,0,0,1
06908,6908.HK,宏光半導體,宏光半導體,,SecurityBoard.HKEquity,5000,1171854481.0,1171854481.0,0,0,0,1
06909,6909.HK,百得利控股,百得利控股,,SecurityBoard.HKEquity,1000,622500000.0,622500000.0,0,0,0,1
06911,6911.HK,瀾滄古茶,瀾滄古茶,,SecurityBoard.HKEquity,200,150000000.0,55500000.0,0,0,0,1
06913,6913.HK,華南職業教育,華南職業教育,,SecurityBoard.HKEquity,2000,1334000000.0,1334000000.0,0,0,0,1
06915,6915.HK,江西生物,江西生物,,SecurityBoard.HKEquity,500,308377319.0,307090319.0,0,0,0,1
06918,6918.HK,九泰數智,九泰數智,,SecurityBoard.HKEquity,2000,874386800.0,874386800.0,0,0,0,1
06919,6919.HK,人瑞人才,人瑞人才,,SecurityBoard.HKEquity,100,158445679.0,158445679.0,0,0,0,1
06922,6922.HK,康灃生物－Ｂ,康灃生物-B,,SecurityBoard.HKEquity,200,244705000.0,149033579.0,0,0,0,1
06928,6928.HK,萬馬控股,萬馬控股,,SecurityBoard.HKEquity,4000,765000000.0,765000000.0,0,0,0,1
06929,6929.HK,業聚醫療,業聚醫療,,SecurityBoard.HKEquity,500,827968337.0,827968337.0,0,0,0,1
06933,6933.HK,新娛科控股,新娛科控股,,SecurityBoard.HKEquity,2000,428002816.0,428002816.0,0,0,0,1
06936,6936.HK,順豐控股,順豐控股,,SecurityBoard.HKEquity,200,5254367278.0,454936869.0,0,0,0,1
06938,6938.HK,瑞博生物－Ｂ,瑞博生物-B,,SecurityBoard.HKEquity,200,169985510.0,169985510.0,0,0,0,1
06939,6939.HK,美佳音控股,美佳音控股,,SecurityBoard.HKEquity,2000,622500000.0,622500000.0,0,0,0,1
06951,6951.HK,三環集團,三環集團,,SecurityBoard.HKEquity,100,1996718571.0,80221200.0,0,0,0,1
06955,6955.HK,博安生物,博安生物,,SecurityBoard.HKEquity,200,619133694.0,619133694.0,0,0,0,1
06958,6958.HK,正榮服務,正榮服務,,SecurityBoard.HKEquity,1000,1037500000.0,1037500000.0,0,0,0,1
06959,6959.HK,長久股份,長久股份,,SecurityBoard.HKEquity,100,202160000.0,202160000.0,0,0,0,1
06960,6960.HK,雙登股份,雙登股份,,SecurityBoard.HKEquity,500,425609500.0,342609500.0,0,0,0,1
06963,6963.HK,陽光保險,陽光保險,,SecurityBoard.HKEquity,500,11501522500.0,3478768513.0,0,0,0,1
06966,6966.HK,中國萬桐園,中國萬桐園,,SecurityBoard.HKEquity,10000,1000000000.0,1000000000.0,0,0,0,1
06968,6968.HK,港龍中國地產,港龍中國地產,,SecurityBoard.HKEquity,1000,1621799000.0,1621799000.0,0,0,0,1
06969,6969.HK,思摩爾國際,思摩爾國際,,SecurityBoard.HKEquity,1000,6196185950.0,6196185950.0,0,0,0,1
06978,6978.HK,永泰生物－Ｂ,永泰生物-B,,SecurityBoard.HKEquity,1000,617500800.0,617500800.0,0,0,0,1
06979,6979.HK,珍酒李渡,珍酒李渡,,SecurityBoard.HKEquity,200,3388623550.0,3388623550.0,0,0,0,1
06980,6980.HK,八馬茶業,八馬茶業,,SecurityBoard.HKEquity,100,84357400.0,84277400.0,0,0,0,1
06988,6988.HK,樂享集團,樂享集團,,SecurityBoard.HKEquity,1000,2371927200.0,2371927200.0,0,0,0,1
06989,6989.HK,卓越商企服務,卓越商企服務,,SecurityBoard.HKEquity,1000,1220348000.0,1220348000.0,0,0,0,1
06990,6990.HK,科倫博泰生物,科倫博泰生物,,SecurityBoard.HKEquity,100,239023969.0,176822257.0,0,0,0,1
06993,6993.HK,藍月亮集團,藍月亮集團,,SecurityBoard.HKEquity,500,5798933256.0,5798933256.0,0,0,0,1
06996,6996.HK,德琪醫藥－Ｂ,德琪醫藥-B,,SecurityBoard.HKEquity,500,677417632.0,677417632.0,0,0,0,1
06998,6998.HK,億騰嘉和,億騰嘉和,,SecurityBoard.HKEquity,500,1988102274.0,1988102274.0,0,0,0,1
06999,6999.HK,領地控股,領地控股,,SecurityBoard.HKEquity,1000,1026945000.0,1026945000.0,0,0,0,1
07489,7489.HK,嵐圖汽車,嵐圖汽車,,SecurityBoard.HKEquity,1000,3680000000.0,885381529.0,0,0,0,1
07500,7500.HK,ＦＩ二南方恒指,南方兩倍看空恆指,,SecurityBoard.HKEquity,100,1776000000.0,,0,0,0,1
07515,7515.HK,ＦＩ二南方日經,南方兩倍看空日經,,SecurityBoard.HKEquity,10,16150000.0,,0,0,0,1
07522,7522.HK,ＦＩ二華夏納一百,FI二華夏納一百,,SecurityBoard.HKEquity,100,59190000.0,,0,0,0,1
07552,7552.HK,ＸＩ二南方恒科,南方兩倍看空恆科,,SecurityBoard.HKEquity,100,1316600000.0,,0,0,0,1
07568,7568.HK,ＦＩ二南方納指,南方兩倍看空納指,,SecurityBoard.HKEquity,100,589520000.0,,0,0,0,1
07588,7588.HK,ＦＩ二南方國指,南方兩倍看空國指,,SecurityBoard.HKEquity,100,47200000.0,,0,0,0,1
07618,7618.HK,京東工業,京東工業,,SecurityBoard.HKEquity,200,2714959931.0,2714959931.0,0,0,0,1
07630,7630.HK,英派藥業－Ｂ,英派藥業-B,,SecurityBoard.HKEquity,200,282461530.0,282461530.0,0,0,0,1
07656,7656.HK,瑞為技術,瑞為技術,,SecurityBoard.HKEquity,200,305292905.0,273727616.0,0,0,0,1
07666,7666.HK,劑泰科技－Ｐ,劑泰科技-P,,SecurityBoard.HKEquity,500,1182697850.0,1083110111.0,0,0,0,1
07687,7687.HK,易控智駕,易控智駕,,SecurityBoard.HKEquity,50,150640819.0,150640819.0,0,0,0,1
07688,7688.HK,拓璞數控,拓璞數控,,SecurityBoard.HKEquity,100,419081290.0,381272404.0,0,0,0,1
07709,7709.HK,ＸＬ二南方海力士,南方東英 SK 海力士每日槓桿最多(2x)產品,,SecurityBoard.HKEquity,100,923000000.0,,0,0,0,1
07711,7711.HK,ＸＬ二南ＣＯ,南方東英 Coinbase 每日槓桿最多(2x) 產品,,SecurityBoard.HKEquity,10,1761870.0,,0,0,0,1
07747,7747.HK,ＸＬ二南三星,南方東英三星電子每日槓桿最多(2x)產品,,SecurityBoard.HKEquity,100,99500000.0,,0,0,0,1
07766,7766.HK,ＸＬ二南特斯,南方東英特斯拉每日槓桿最多 (2x) 產品,,SecurityBoard.HKEquity,10,1044830.0,,0,0,0,1
07777,7777.HK,ＸＬ二南巴郡,南方東英 Berkshire 每日槓桿最多 (2x) 產品,,SecurityBoard.HKEquity,10,439510.0,,0,0,0,1
07788,7788.HK,ＸＬ二南英偉,南方東英英偉達每日槓桿最多 (2x) 產品,,SecurityBoard.HKEquity,10,447400.0,,0,0,0,1
07799,7799.HK,ＸＬ二南策略,南方東英 MicroStrategy 每日槓桿最多 (2x) 產品,,SecurityBoard.HKEquity,10,14805170.0,,0,0,0,1
08003,8003.HK,世大控股,世大控股,,SecurityBoard.HKEquity,6000,332269560.0,332269560.0,0,0,0,1
08005,8005.HK,裕興科技,裕興科技,,SecurityBoard.HKEquity,2000,2487704800.0,2487704800.0,0,0,0,1
08006,8006.HK,華泰瑞銀,華泰瑞銀,,SecurityBoard.HKEquity,10000,368852325.0,368852325.0,0,0,0,1
08007,8007.HK,環球戰略集團,環球戰略集團,,SecurityBoard.HKEquity,10000,226317429.0,226317429.0,0,0,0,1
08013,8013.HK,ECI TECH,ECI TECH,,SecurityBoard.HKEquity,20000,1600000000.0,1600000000.0,0,0,0,1
08017,8017.HK,捷利交易寶,捷利交易寶,,SecurityBoard.HKEquity,4000,700002400.0,700002400.0,0,0,0,1
08018,8018.HK,匯財金融投資,匯財金融投資,,SecurityBoard.HKEquity,10000,504232936.0,504232936.0,0,0,0,1
08019,8019.HK,皓文控股,皓文控股,,SecurityBoard.HKEquity,20000,356072058.0,356072058.0,0,0,0,1
08020,8020.HK,宏海控股集團,宏海控股集團,,SecurityBoard.HKEquity,10000,2612959333.0,2612959333.0,0,0,0,1
08021,8021.HK,匯隆控股,匯隆控股,,SecurityBoard.HKEquity,10000,718355052.0,718355052.0,0,0,0,1
08023,8023.HK,鄺文記,鄺文記,,SecurityBoard.HKEquity,6000,597444000.0,597444000.0,0,0,0,1
08026,8026.HK,朗華國際集團,朗華國際集團,,SecurityBoard.HKEquity,1000,1539985388.0,1539985388.0,0,0,0,1
08027,8027.HK,吉輝控股,吉輝控股,,SecurityBoard.HKEquity,10000,710400000.0,710400000.0,0,0,0,1
08028,8028.HK,天時資源,天時資源,,SecurityBoard.HKEquity,20000,505932270.0,505932270.0,0,0,0,1
08029,8029.HK,中投金融科技集團,中投金融科技集團,,SecurityBoard.HKEquity,5000,280081621.0,280081621.0,0,0,0,1
08030,8030.HK,豐銀禾控股,豐銀禾控股,,SecurityBoard.HKEquity,1000,349347100.0,349347100.0,0,0,0,1
08031,8031.HK,易通訊集團,易通訊集團,,SecurityBoard.HKEquity,2000,354745000.0,354745000.0,0,0,0,1
08033,8033.HK,愛達利網絡,愛達利網絡,,SecurityBoard.HKEquity,2000,616115000.0,616115000.0,0,0,0,1
08035,8035.HK,駿高控股,駿高控股,,SecurityBoard.HKEquity,10000,600000000.0,600000000.0,0,0,0,1
08036,8036.HK,電子交易集團,電子交易集團,,SecurityBoard.HKEquity,10000,1230000000.0,1230000000.0,0,0,0,1
08037,8037.HK,中國生物科技服務,中國生物科技服務,,SecurityBoard.HKEquity,5000,975731150.0,975731150.0,0,0,0,1
08039,8039.HK,中國來騎哦,中國來騎哦,,SecurityBoard.HKEquity,8000,493000000.0,493000000.0,0,0,0,1
08040,8040.HK,快意智能,快意智能,,SecurityBoard.HKEquity,5000,340000000.0,340000000.0,0,0,0,1
08041,8041.HK,中微智碼,中微智碼,,SecurityBoard.HKEquity,5000,819535615.0,819535615.0,0,0,0,1
08042,8042.HK,高奧士人才集團,高奧士人才集團,,SecurityBoard.HKEquity,10000,800000000.0,800000000.0,0,0,0,1
08043,8043.HK,ATLINKS,ATLINKS,,SecurityBoard.HKEquity,5000,400000000.0,400000000.0,0,0,0,1
08047,8047.HK,中國海洋發展,中國海洋發展,,SecurityBoard.HKEquity,4000,7083656179.0,7083656179.0,0,0,0,1
08049,8049.HK,吉林長龍藥業,吉林長龍藥業,,SecurityBoard.HKEquity,4000,560250000.0,172500000.0,0,0,0,1
08050,8050.HK,城市酷選,城市酷選,,SecurityBoard.HKEquity,2000,271250000.0,271250000.0,0,0,0,1
08051,8051.HK,訊智海,訊智海,,SecurityBoard.HKEquity,200,26038783.0,26038783.0,0,0,0,1
08052,8052.HK,陸慶娛樂,陸慶娛樂,,SecurityBoard.HKEquity,20000,548256000.0,548256000.0,0,0,0,1
08056,8056.HK,生活概念,生活概念,,SecurityBoard.HKEquity,10000,113414545.0,113414545.0,0,0,0,1
08057,8057.HK,麥迪森控股,麥迪森控股,,SecurityBoard.HKEquity,4000,155781805.0,155781805.0,0,0,0,1
08059,8059.HK,朝威控股,朝威控股,,SecurityBoard.HKEquity,5000,1010605000.0,1010605000.0,0,0,0,1
08060,8060.HK,國聯通信,國聯通信,,SecurityBoard.HKEquity,10000,326380750.0,326380750.0,0,0,0,1
08062,8062.HK,俊盟國際,俊盟國際,,SecurityBoard.HKEquity,5000,480000000.0,480000000.0,0,0,0,1
08065,8065.HK,高萌科技,高萌科技,,SecurityBoard.HKEquity,5000,404960000.0,404960000.0,0,0,0,1
08066,8066.HK,品創控股,品創控股,,SecurityBoard.HKEquity,5000,663796750.0,663796750.0,0,0,0,1
08067,8067.HK,東方大學城控股,東方大學城控股,,SecurityBoard.HKEquity,1000,180000000.0,180000000.0,0,0,0,1
08069,8069.HK,飛道旅遊科技,飛道旅遊科技,,SecurityBoard.HKEquity,5000,40835700.0,40835700.0,0,0,0,1
08070,8070.HK,僑洋國際控股,僑洋國際控股,,SecurityBoard.HKEquity,5000,200000000.0,200000000.0,0,0,0,1
08071,8071.HK,中彩網通控股,中彩網通控股,,SecurityBoard.HKEquity,5000,93720967.0,93720967.0,0,0,0,1
08072,8072.HK,蘭谷股份,蘭谷股份,,SecurityBoard.HKEquity,20000,168349134.0,168349134.0,0,0,0,1
08073,8073.HK,水發興業新材料,水發興業新材料,,SecurityBoard.HKEquity,4000,520000000.0,520000000.0,0,0,0,1
08076,8076.HK,新利軟件,新利軟件,,SecurityBoard.HKEquity,5000,1317240000.0,1317240000.0,0,0,0,1
08079,8079.HK,曌生命,曌生命,,SecurityBoard.HKEquity,5000,36637201.0,36637201.0,0,0,0,1
08080,8080.HK,北亞策略,北亞策略,,SecurityBoard.HKEquity,20000,454509311.0,454509311.0,0,0,0,1
08081,8081.HK,白居易控股,白居易控股,,SecurityBoard.HKEquity,10000,5156035108.0,5156035108.0,0,0,0,1
08082,8082.HK,擎華控股,擎華控股,,SecurityBoard.HKEquity,10000,2672815671.0,2672815671.0,0,0,0,1
08087,8087.HK,中國三三集團,中國三三集團,,SecurityBoard.HKEquity,2000,648000000.0,648000000.0,0,0,0,1
08090,8090.HK,寶蓋新材,寶蓋新材,,SecurityBoard.HKEquity,500,57870000.0,14470000.0,0,0,0,1
08091,8091.HK,奧傳思維控股,奧傳思維控股,,SecurityBoard.HKEquity,10000,720000000.0,720000000.0,0,0,0,1
08092,8092.HK,ITE HOLDINGS,ITE HOLDINGS,,SecurityBoard.HKEquity,4000,925508000.0,925508000.0,0,0,0,1
08093,8093.HK,瓦普思瑞元宇宙,瓦普思瑞元宇宙,,SecurityBoard.HKEquity,2000,49478400.0,49478400.0,0,0,0,1
08095,8095.HK,北大青鳥環宇,北大青鳥環宇,,SecurityBoard.HKEquity,1000,1514464000.0,814464000.0,0,0,0,1
08096,8096.HK,賞之味,賞之味股權,,SecurityBoard.HKEquity,5000,481250000.0,481250000.0,0,0,0,1
08098,8098.HK,昌利控股,昌利控股,,SecurityBoard.HKEquity,10000,2200000000.0,2200000000.0,0,0,0,1
08100,8100.HK,名科國際,名科國際,,SecurityBoard.HKEquity,6000,444448237.0,444448237.0,0,0,0,1
08103,8103.HK,ＨＭＶＯＤ視頻,HMVOD視頻,,SecurityBoard.HKEquity,1500,129447897.0,129447897.0,0,0,0,1
08106,8106.HK,芯化蘭德,芯化蘭德,,SecurityBoard.HKEquity,5000,558821170.0,314400000.0,0,0,0,1
08107,8107.HK,細葉榕科技,細葉榕科技,,SecurityBoard.HKEquity,5000,1373145000.0,1373145000.0,0,0,0,1
08111,8111.HK,中國科技產業集團,中國科技產業集團,,SecurityBoard.HKEquity,10000,460976684.0,460976684.0,0,0,0,1
08112,8112.HK,基石金融,基石金融,,SecurityBoard.HKEquity,24000,229418448.0,229418448.0,0,0,0,1
08113,8113.HK,時騰科技,時騰科技,,SecurityBoard.HKEquity,5000,196117411.0,196117411.0,0,0,0,1
08115,8115.HK,清大東方,清大東方,,SecurityBoard.HKEquity,4000,215430000.0,83560000.0,0,0,0,1
08117,8117.HK,中國基礎能源,中國基礎能源,,SecurityBoard.HKEquity,10000,1023987439.0,1023987439.0,0,0,0,1
08118,8118.HK,中資國際控股,中資國際控股,,SecurityBoard.HKEquity,8000,500000000.0,500000000.0,0,0,0,1
08120,8120.HK,國農金融投資,國農金融投資,,SecurityBoard.HKEquity,5000,162626760.0,162626760.0,0,0,0,1
08121,8121.HK,國恩控股,國恩控股,,SecurityBoard.HKEquity,10000,150040000.0,150040000.0,0,0,0,1
08123,8123.HK,華億金控,華億金控,,SecurityBoard.HKEquity,5000,344648302.0,344648302.0,0,0,0,1
08125,8125.HK,榮記萬通,榮記萬通,,SecurityBoard.HKEquity,8000,216732672.0,216732672.0,0,0,0,1
08128,8128.HK,中華節能,中華節能,,SecurityBoard.HKEquity,8000,4486061163.0,4486061163.0,0,0,0,1
08130,8130.HK,大地國際集團,大地國際集團,,SecurityBoard.HKEquity,20000,3640627457.0,3640627457.0,0,0,0,1
08131,8131.HK,諾亞智能,諾亞智能,,SecurityBoard.HKEquity,10000,719211139.0,719211139.0,0,0,0,1
08132,8132.HK,百能國際能源,百能國際能源,,SecurityBoard.HKEquity,10000,2694465453.0,2694465453.0,0,0,0,1
08133,8133.HK,吉盛集團控股,吉盛集團控股,,SecurityBoard.HKEquity,8000,38184000.0,38184000.0,0,0,0,1
08136,8136.HK,英馬斯集團,英馬斯集團,,SecurityBoard.HKEquity,10000,1000000000.0,1000000000.0,0,0,0,1
08137,8137.HK,洪橋集團,洪橋集團,,SecurityBoard.HKEquity,2000,14554533606.0,14554533606.0,0,0,0,1
08139,8139.HK,長安仁恒,長安仁恆,,SecurityBoard.HKEquity,500,38400000.0,38400000.0,0,0,0,1
08140,8140.HK,人和科技,人和科技,,SecurityBoard.HKEquity,10000,800000000.0,800000000.0,0,0,0,1
08143,8143.HK,金威醫療,金威醫療,,SecurityBoard.HKEquity,10000,1352759971.0,1352759971.0,0,0,0,1
08146,8146.HK,怡園酒業,怡園酒業,,SecurityBoard.HKEquity,10000,813000000.0,813000000.0,0,0,0,1
08147,8147.HK,雲晶數智,雲晶數智,,SecurityBoard.HKEquity,8000,207229597.0,207229597.0,0,0,0,1
08148,8148.HK,悟喜生活,悟喜生活,,SecurityBoard.HKEquity,20000,458150400.0,458150400.0,0,0,0,1
08149,8149.HK,浩德控股,浩德控股,,SecurityBoard.HKEquity,10000,834660000.0,834660000.0,0,0,0,1
08152,8152.HK,明樑控股,明梁控股,,SecurityBoard.HKEquity,10000,600000000.0,600000000.0,0,0,0,1
08153,8153.HK,嘉鼎國際集團,嘉鼎國際集團,,SecurityBoard.HKEquity,5000,41595175.0,41595175.0,0,0,0,1
08156,8156.HK,國藥科技股份,國藥科技股份,,SecurityBoard.HKEquity,10000,633693055.0,633693055.0,0,0,0,1
08158,8158.HK,中國再生醫學,中國再生醫學,,SecurityBoard.HKEquity,5000,304252480.0,304252480.0,0,0,0,1
08159,8159.HK,新華聯合投資,新華聯合投資,,SecurityBoard.HKEquity,5000,804800000.0,804800000.0,0,0,0,1
08160,8160.HK,GOLDWAY EDU,GOLDWAY EDU,,SecurityBoard.HKEquity,12000,214791940.0,214791940.0,0,0,0,1
08161,8161.HK,醫匯集團,醫匯集團,,SecurityBoard.HKEquity,4000,41600000.0,41600000.0,0,0,0,1
08162,8162.HK,港銀控股,港銀控股,,SecurityBoard.HKEquity,10000,995284800.0,995284800.0,0,0,0,1
08163,8163.HK,聲揚集團,聲揚集團,,SecurityBoard.HKEquity,20000,1025255612.0,1025255612.0,0,0,0,1
08168,8168.HK,寶積資本,寶積資本,,SecurityBoard.HKEquity,10000,1484600000.0,1484600000.0,0,0,0,1
08169,8169.HK,環康集團,環康集團,,SecurityBoard.HKEquity,10000,649540000.0,649540000.0,0,0,0,1
08172,8172.HK,拉近網娛,拉近網娛,,SecurityBoard.HKEquity,20000,420913104.0,420913104.0,0,0,0,1
08173,8173.HK,客思控股,客思控股,,SecurityBoard.HKEquity,20000,215346526.0,215346526.0,0,0,0,1
08176,8176.HK,超人智能,超人智能,,SecurityBoard.HKEquity,5000,715500728.0,715500728.0,0,0,0,1
08178,8178.HK,中國信息科技,中國信息科技,,SecurityBoard.HKEquity,2000,172107158.0,172107158.0,0,0,0,1
08179,8179.HK,百利達集團控股,百利達集團控股,,SecurityBoard.HKEquity,12000,1907798274.0,1907798274.0,0,0,0,1
08181,8181.HK,港深智能管理,港深智能管理,,SecurityBoard.HKEquity,8000,1128986665.0,1128986665.0,0,0,0,1
08186,8186.HK,浩盟控股,浩盟控股,,SecurityBoard.HKEquity,5000,113868640.0,113868640.0,0,0,0,1
08187,8187.HK,積木集團,積木集團,,SecurityBoard.HKEquity,5000,151683840.0,151683840.0,0,0,0,1
08188,8188.HK,駿傑集團控股,駿傑集團控股,,SecurityBoard.HKEquity,4000,476688000.0,476688000.0,0,0,0,1
08189,8189.HK,泰達生物,泰達生物,,SecurityBoard.HKEquity,5000,2133900000.0,1436400000.0,0,0,0,1
08191,8191.HK,鴻偉亞洲,鴻偉亞洲,,SecurityBoard.HKEquity,6000,354040431.0,354040431.0,0,0,0,1
08193,8193.HK,亞太金融投資,亞太金融投資,,SecurityBoard.HKEquity,10000,279812344.0,279812344.0,0,0,0,1
08195,8195.HK,傳承教育集團,傳承教育集團,,SecurityBoard.HKEquity,2000,458664696.0,458664696.0,0,0,0,1
08196,8196.HK,福田股份,福田股份,,SecurityBoard.HKEquity,8000,63593856.0,63593856.0,0,0,0,1
08198,8198.HK,加幂科技,加冪科技,,SecurityBoard.HKEquity,4000,784229253.0,784229253.0,0,0,0,1
08200,8200.HK,修身堂,修身堂,,SecurityBoard.HKEquity,4000,78842031.0,78842031.0,0,0,0,1
08201,8201.HK,寶聯控股,寶聯控股,,SecurityBoard.HKEquity,20000,540000000.0,540000000.0,0,0,0,1
08203,8203.HK,凱順控股,凱順控股,,SecurityBoard.HKEquity,10000,583415844.0,583415844.0,0,0,0,1
08205,8205.HK,交大慧谷,交大慧谷,,SecurityBoard.HKEquity,4000,480000000.0,132000000.0,0,0,0,1
08206,8206.HK,神通機器人教育,神通機器人教育,,SecurityBoard.HKEquity,1000,1895697017.0,1895697017.0,0,0,0,1
08208,8208.HK,永通萬國集團,永通萬國集團,,SecurityBoard.HKEquity,6000,720000000.0,720000000.0,0,0,0,1
08210,8210.HK,衍匯亞洲,衍匯亞洲,,SecurityBoard.HKEquity,10000,800000000.0,800000000.0,0,0,0,1
08213,8213.HK,榮暉控股,榮暉控股,,SecurityBoard.HKEquity,10000,555057588.0,555057588.0,0,0,0,1
08217,8217.HK,菊福堂生物,菊福堂生物,,SecurityBoard.HKEquity,10000,301860000.0,301860000.0,0,0,0,1
08218,8218.HK,毅高國際控股,毅高國際控股,,SecurityBoard.HKEquity,12000,666423133.0,666423133.0,0,0,0,1
08219,8219.HK,恆偉集團控股,恆偉集團控股,,SecurityBoard.HKEquity,10000,247500000.0,247500000.0,0,0,0,1
08220,8220.HK,比高集團,比高集團,,SecurityBoard.HKEquity,1000,181137703.0,181137703.0,0,0,0,1
08221,8221.HK,高裕金融,高裕金融,,SecurityBoard.HKEquity,5000,47600000.0,47600000.0,0,0,0,1
08222,8222.HK,壹照明,壹照明,,SecurityBoard.HKEquity,4000,451035713.0,451035713.0,0,0,0,1
08223,8223.HK,紫元元,紫元元,,SecurityBoard.HKEquity,4000,516000000.0,516000000.0,0,0,0,1
08225,8225.HK,中國醫療集團,中國醫療集團,,SecurityBoard.HKEquity,20000,995351660.0,995351660.0,0,0,0,1
08226,8226.HK,樹熊金融集團,樹熊金融集團,,SecurityBoard.HKEquity,5000,417503991.0,417503991.0,0,0,0,1
08227,8227.HK,海天天綫,海天天線,,SecurityBoard.HKEquity,1000,1897629000.0,645764706.0,0,0,0,1
08229,8229.HK,未來數據集團,未來數據集團,,SecurityBoard.HKEquity,5000,555480000.0,555480000.0,0,0,0,1
08232,8232.HK,一木集團,一木集團,,SecurityBoard.HKEquity,5000,55750000.0,55750000.0,0,0,0,1
08237,8237.HK,華星控股,華星控股,,SecurityBoard.HKEquity,6000,201024000.0,201024000.0,0,0,0,1
08238,8238.HK,玖方數智,玖方數智,,SecurityBoard.HKEquity,8000,348364800.0,348364800.0,0,0,0,1
08239,8239.HK,首都金融控股,首都金融控股,,SecurityBoard.HKEquity,500,97768961.0,97768961.0,0,0,0,1
08241,8241.HK,英記茶莊集團,英記茶莊集團,,SecurityBoard.HKEquity,5000,361650000.0,361650000.0,0,0,0,1
08245,8245.HK,烽翼集團,烽翼集團,,SecurityBoard.HKEquity,20000,289541272.0,289541272.0,0,0,0,1
08246,8246.HK,中華燃氣,中華燃氣,,SecurityBoard.HKEquity,5000,592203000.0,592203000.0,0,0,0,1
08247,8247.HK,中生北控生物科技,中生北控生物科技,,SecurityBoard.HKEquity,2000,144707176.0,64286143.0,0,0,0,1
08249,8249.HK,瑞遠智控,瑞遠智控,,SecurityBoard.HKEquity,5000,500000000.0,130000000.0,0,0,0,1
08250,8250.HK,都都控股,都都控股,,SecurityBoard.HKEquity,10000,344208116.0,344208116.0,0,0,0,1
08262,8262.HK,宏強控股,宏強控股,,SecurityBoard.HKEquity,10000,923290000.0,923290000.0,0,0,0,1
08267,8267.HK,藍港互動,藍港互動,,SecurityBoard.HKEquity,500,369492964.0,369492964.0,0,0,0,1
08268,8268.HK,智城發展控股,智城發展控股,,SecurityBoard.HKEquity,8000,288000000.0,288000000.0,0,0,0,1
08269,8269.HK,倍升教育科技,倍升教育科技,,SecurityBoard.HKEquity,30000,890722800.0,890722800.0,0,0,0,1
08270,8270.HK,中國煤層氣,中國煤層氣,,SecurityBoard.HKEquity,10000,390450669.0,390450669.0,0,0,0,1
08271,8271.HK,環球數碼創意,環球數碼創意,,SecurityBoard.HKEquity,2000,1503309540.0,1503309540.0,0,0,0,1
08275,8275.HK,中國新消費集團,中國新消費集團,,SecurityBoard.HKEquity,20000,959985543.0,959985543.0,0,0,0,1
08277,8277.HK,駿東控股,駿東控股,,SecurityBoard.HKEquity,2000,262473333.0,262473333.0,0,0,0,1
08279,8279.HK,亞博科技控股,亞博科技控股,,SecurityBoard.HKEquity,4000,11672342235.0,11672342235.0,0,0,0,1
08280,8280.HK,中國數字視頻,中國數字視頻,,SecurityBoard.HKEquity,2000,630332000.0,630332000.0,0,0,0,1
08281,8281.HK,中國金典集團,中國金典集團,,SecurityBoard.HKEquity,8000,1000000000.0,1000000000.0,0,0,0,1
08282,8282.HK,智傲控股,智傲控股,,SecurityBoard.HKEquity,12000,57000000.0,57000000.0,0,0,0,1
08283,8283.HK,中食民安,中食民安,,SecurityBoard.HKEquity,5000,345600000.0,345600000.0,0,0,0,1
08285,8285.HK,森浩集團,森浩集團,,SecurityBoard.HKEquity,5000,560000000.0,560000000.0,0,0,0,1
08286,8286.HK,長城微光,長城微光,,SecurityBoard.HKEquity,5000,308860000.0,110000000.0,0,0,0,1
08290,8290.HK,亞勢備份,亞勢備份,,SecurityBoard.HKEquity,10000,2000000000.0,2000000000.0,0,0,0,1
08291,8291.HK,港娛國際,港娛國際,,SecurityBoard.HKEquity,10000,213333332.0,213333332.0,0,0,0,1
08292,8292.HK,VSING,VSING,,SecurityBoard.HKEquity,10000,1078320000.0,1078320000.0,0,0,0,1
08293,8293.HK,星亞控股,星亞控股,,SecurityBoard.HKEquity,20000,215040093.0,215040093.0,0,0,0,1
08295,8295.HK,金慧科技,金慧科技,,SecurityBoard.HKEquity,20000,4776019590.0,4776019590.0,0,0,0,1
08296,8296.HK,中國生命集團,中國生命集團,,SecurityBoard.HKEquity,4000,94500000.0,94500000.0,0,0,0,1
08297,8297.HK,海納星空科技,海納星空科技,,SecurityBoard.HKEquity,2500,1293647000.0,1293647000.0,0,0,0,1
08299,8299.HK,大唐黃金,大唐黃金,,SecurityBoard.HKEquity,24000,9540817720.0,9540817720.0,0,0,0,1
08300,8300.HK,今米房集團,今米房集團,,SecurityBoard.HKEquity,20000,2643360000.0,2643360000.0,0,0,0,1
08305,8305.HK,聖唐控股,聖唐控股,,SecurityBoard.HKEquity,10000,1622000000.0,1622000000.0,0,0,0,1
08307,8307.HK,密迪斯肌,密迪斯肌,,SecurityBoard.HKEquity,4000,396736000.0,396736000.0,0,0,0,1
08308,8308.HK,古兜控股,古兜控股,,SecurityBoard.HKEquity,4000,1388800767.0,1388800767.0,0,0,0,1
08309,8309.HK,萬成環球控股,萬成環球控股,,SecurityBoard.HKEquity,10000,600000000.0,600000000.0,0,0,0,1
08310,8310.HK,鹽城港,鹽城港,,SecurityBoard.HKEquity,10000,1288000000.0,1288000000.0,0,0,0,1
08311,8311.HK,圓美光電,圓美光電,,SecurityBoard.HKEquity,10000,1483687151.0,1483687151.0,0,0,0,1
08313,8313.HK,杰地集團,傑地集團,,SecurityBoard.HKEquity,10000,2000000000.0,2000000000.0,0,0,0,1
08315,8315.HK,新都酒店,新都酒店,,SecurityBoard.HKEquity,10000,581442248.0,581442248.0,0,0,0,1
08316,8316.HK,中國紅包,中國紅包,,SecurityBoard.HKEquity,2000,953376000.0,953376000.0,0,0,0,1
08317,8317.HK,財華社集團,財華社集團,,SecurityBoard.HKEquity,2000,999808161.0,999808161.0,0,0,0,1
08319,8319.HK,思博系統,思博系統,,SecurityBoard.HKEquity,10000,803280000.0,803280000.0,0,0,0,1
08320,8320.HK,沛然環保,沛然環保,,SecurityBoard.HKEquity,20000,733190000.0,733190000.0,0,0,0,1
08321,8321.HK,泰錦控股,泰錦控股,,SecurityBoard.HKEquity,10000,536400000.0,536400000.0,0,0,0,1
08326,8326.HK,同景新能源,同景新能源,,SecurityBoard.HKEquity,25000,1227000000.0,1227000000.0,0,0,0,1
08328,8328.HK,信義儲電,信義儲電,,SecurityBoard.HKEquity,4000,785533629.0,785533629.0,0,0,0,1
08329,8329.HK,海王英特龍,海王英特龍,,SecurityBoard.HKEquity,10000,1678000000.0,426000000.0,0,0,0,1
08331,8331.HK,倍搏集團,倍搏集團,,SecurityBoard.HKEquity,10000,159114400.0,159114400.0,0,0,0,1
08333,8333.HK,阿仕特朗金融,阿仕特朗金融,,SecurityBoard.HKEquity,5000,96000000.0,96000000.0,0,0,0,1
08337,8337.HK,直通電訊,直通電訊,,SecurityBoard.HKEquity,10000,244875000.0,244875000.0,0,0,0,1
08340,8340.HK,紫荊國際金融,紫荊國際金融,,SecurityBoard.HKEquity,5000,79990000.0,79990000.0,0,0,0,1
08341,8341.HK,艾碩控股,艾碩控股,,SecurityBoard.HKEquity,5000,240000000.0,240000000.0,0,0,0,1
08347,8347.HK,Ｆ８企業,F8企業,,SecurityBoard.HKEquity,8000,137520190.0,137520190.0,0,0,0,1
08348,8348.HK,濱海泰達物流,濱海泰達物流,,SecurityBoard.HKEquity,2000,353790000.0,353790000.0,0,0,0,1
08349,8349.HK,硅鑫集團,硅鑫集團,,SecurityBoard.HKEquity,10000,400000000.0,400000000.0,0,0,0,1
08350,8350.HK,立橋證券控股,立橋證券控股,,SecurityBoard.HKEquity,8000,950064000.0,950064000.0,0,0,0,1
08356,8356.HK,進業控股,進業控股,,SecurityBoard.HKEquity,2000,74908184.0,74908184.0,0,0,0,1
08357,8357.HK,REPUBLIC HC,REPUBLIC HC,,SecurityBoard.HKEquity,5000,624000000.0,624000000.0,0,0,0,1
08360,8360.HK,簡樸新生活,簡樸新生活,,SecurityBoard.HKEquity,6000,362059714.0,362059714.0,0,0,0,1
08362,8362.HK,運興泰集團,運興泰集團,,SecurityBoard.HKEquity,20000,1400000000.0,1400000000.0,0,0,0,1
08365,8365.HK,亦辰集團,亦辰集團,,SecurityBoard.HKEquity,10000,198749440.0,198749440.0,0,0,0,1
08366,8366.HK,浙江聯合投資,浙江聯合投資,,SecurityBoard.HKEquity,10000,1577200000.0,1577200000.0,0,0,0,1
08367,8367.HK,倩碧控股,倩碧控股,,SecurityBoard.HKEquity,10000,96649984.0,96649984.0,0,0,0,1
08368,8368.HK,中國創意控股,中國創意控股,,SecurityBoard.HKEquity,10000,692217719.0,692217719.0,0,0,0,1
08370,8370.HK,智昇集團控股,智昇集團控股,,SecurityBoard.HKEquity,800,186388529.0,186388529.0,0,0,0,1
08371,8371.HK,嚐高美集團,嘗高美集團,,SecurityBoard.HKEquity,4000,382709000.0,382709000.0,0,0,0,1
08372,8372.HK,君百延集團,君百延集團,,SecurityBoard.HKEquity,10000,800000000.0,800000000.0,0,0,0,1
08373,8373.HK,靛藍星,靛藍星,,SecurityBoard.HKEquity,5000,40800000.0,40800000.0,0,0,0,1
08375,8375.HK,數盟資本,數盟資本,,SecurityBoard.HKEquity,10000,345600000.0,345600000.0,0,0,0,1
08377,8377.HK,維港育馬,維港育馬,,SecurityBoard.HKEquity,10000,539241860.0,539241860.0,0,0,0,1
08379,8379.HK,盈證國際,盈證國際,,SecurityBoard.HKEquity,10000,800000000.0,800000000.0,0,0,0,1
08385,8385.HK,萬里印刷,萬里印刷,,SecurityBoard.HKEquity,10000,104388000.0,104388000.0,0,0,0,1
08391,8391.HK,基石科技控股,基石科技控股,,SecurityBoard.HKEquity,4000,1049615007.0,1049615007.0,0,0,0,1
08392,8392.HK,舍圖控股,舍圖控股,,SecurityBoard.HKEquity,10000,1000000000.0,1000000000.0,0,0,0,1
08395,8395.HK,中顯智能齊家控股,中顯智能齊家控股,,SecurityBoard.HKEquity,20000,1714000000.0,1714000000.0,0,0,0,1
08400,8400.HK,亞洲先鋒娛樂,亞洲先鋒娛樂,,SecurityBoard.HKEquity,10000,1000000000.0,1000000000.0,0,0,0,1
08401,8401.HK,華夏水務集團,華夏水務集團,,SecurityBoard.HKEquity,2000,813210607.0,813210607.0,0,0,0,1
08402,8402.HK,高原之寶,高原之寶,,SecurityBoard.HKEquity,5000,480010000.0,480010000.0,0,0,0,1
08403,8403.HK,德豐宿來,德豐宿來,,SecurityBoard.HKEquity,4000,169200000.0,169200000.0,0,0,0,1
08406,8406.HK,中國口腔產業,中國口腔產業,,SecurityBoard.HKEquity,10000,1969617722.0,1969617722.0,0,0,0,1
08411,8411.HK,K W NELSON GP,K W NELSON GP,,SecurityBoard.HKEquity,10000,1000000000.0,1000000000.0,0,0,0,1
08412,8412.HK,新愛德集團,新愛德集團,,SecurityBoard.HKEquity,10000,146697120.0,146697120.0,0,0,0,1
08413,8413.HK,亞洲富思,亞洲富思,,SecurityBoard.HKEquity,10000,1162000000.0,1162000000.0,0,0,0,1
08416,8416.HK,HM INTL HLDGS,HM INTL HLDGS,,SecurityBoard.HKEquity,5000,421415000.0,421415000.0,0,0,0,1
08417,8417.HK,大地教育,大地教育,,SecurityBoard.HKEquity,10000,1750400000.0,1750400000.0,0,0,0,1
08418,8418.HK,傲迪瑪汽車,傲迪瑪汽車,,SecurityBoard.HKEquity,2000,850000000.0,850000000.0,0,0,0,1
08419,8419.HK,ＡＶ策劃推廣,AV策劃推廣,,SecurityBoard.HKEquity,5000,400000000.0,400000000.0,0,0,0,1
08420,8420.HK,NEXION TECH,NEXION TECH,,SecurityBoard.HKEquity,5000,887760000.0,887760000.0,0,0,0,1
08422,8422.HK,ＷＴ集團,WT集團,,SecurityBoard.HKEquity,10000,360000000.0,360000000.0,0,0,0,1
08423,8423.HK,CHI HO DEV,潪澔發展,,SecurityBoard.HKEquity,10000,800000000.0,800000000.0,0,0,0,1
08425,8425.HK,興銘控股,興銘控股,,SecurityBoard.HKEquity,4000,376000000.0,376000000.0,0,0,0,1
08426,8426.HK,雅居投資控股,雅居投資控股,,SecurityBoard.HKEquity,10000,800000000.0,800000000.0,0,0,0,1
08427,8427.HK,萬順瑞強集團,萬順瑞強集團,,SecurityBoard.HKEquity,400,16567632.0,16567632.0,0,0,0,1
08428,8428.HK,漢諾佳池,漢諾佳池,,SecurityBoard.HKEquity,10000,111971512.0,111971512.0,0,0,0,1
08429,8429.HK,華美樂樂,華美樂樂,,SecurityBoard.HKEquity,5000,480000000.0,480000000.0,0,0,0,1
08430,8430.HK,春能控股,春能控股,,SecurityBoard.HKEquity,10000,166835200.0,166835200.0,0,0,0,1
08431,8431.HK,浩柏國際,浩柏國際,,SecurityBoard.HKEquity,10000,236563600.0,236563600.0,0,0,0,1
08432,8432.HK,太平洋酒吧,太平洋酒吧,,SecurityBoard.HKEquity,10000,879264000.0,879264000.0,0,0,0,1
08436,8436.HK,德寶集團控股,德寶集團控股,,SecurityBoard.HKEquity,5000,400000000.0,400000000.0,0,0,0,1
08437,8437.HK,德斯控股,德斯控股,,SecurityBoard.HKEquity,8000,66600000.0,66600000.0,0,0,0,1
08439,8439.HK,新百利融資,新百利融資,,SecurityBoard.HKEquity,2000,151491894.0,151491894.0,0,0,0,1
08445,8445.HK,怡康泰工程集團,怡康泰工程集團,,SecurityBoard.HKEquity,10000,276380000.0,276380000.0,0,0,0,1
08446,8446.HK,耀星科技集團,耀星科技集團-新,,SecurityBoard.HKEquity,2000,56255273.0,56255273.0,0,0,0,1
08447,8447.HK,MS CONCEPT,MS CONCEPT,,SecurityBoard.HKEquity,10000,1000000000.0,1000000000.0,0,0,0,1
08448,8448.HK,環球印館,環球印館,,SecurityBoard.HKEquity,20000,99800000.0,99800000.0,0,0,0,1
08450,8450.HK,鉅京控股,鉅京控股,,SecurityBoard.HKEquity,10000,1000000000.0,1000000000.0,0,0,0,1
08451,8451.HK,日光控股,日光控股,,SecurityBoard.HKEquity,10000,800000000.0,800000000.0,0,0,0,1
08452,8452.HK,富銀融資股份,富銀融資股份,,SecurityBoard.HKEquity,2000,359340000.0,89840000.0,0,0,0,1
08455,8455.HK,禮建德集團,禮建德集團,,SecurityBoard.HKEquity,10000,960000000.0,960000000.0,0,0,0,1
08456,8456.HK,民信國際控股,民信國際控股,,SecurityBoard.HKEquity,10000,132202950.0,132202950.0,0,0,0,1
08460,8460.HK,基地錦標集團,基地錦標集團,,SecurityBoard.HKEquity,5000,265608018.0,265608018.0,0,0,0,1
08462,8462.HK,中安控股集團,中安控股集團,,SecurityBoard.HKEquity,5000,600000000.0,600000000.0,0,0,0,1
08471,8471.HK,新達控股,新達控股,,SecurityBoard.HKEquity,10000,73560000.0,73560000.0,0,0,0,1
08472,8472.HK,立高控股,立高控股,,SecurityBoard.HKEquity,2000,115200000.0,115200000.0,0,0,0,1
08473,8473.HK,彌明生活百貨,彌明生活百貨,,SecurityBoard.HKEquity,10000,1120000000.0,1120000000.0,0,0,0,1
08475,8475.HK,易站綠色科技,易站綠色科技,,SecurityBoard.HKEquity,5000,68160000.0,68160000.0,0,0,0,1
08480,8480.HK,飛霓控股,飛霓控股,,SecurityBoard.HKEquity,4000,923321600.0,923321600.0,0,0,0,1
08481,8481.HK,盛龍錦秀國際,盛龍錦秀國際,,SecurityBoard.HKEquity,5000,405170000.0,405170000.0,0,0,0,1
08482,8482.HK,萬勵達,萬勵達,,SecurityBoard.HKEquity,10000,179687520.0,179687520.0,0,0,0,1
08483,8483.HK,名仕快相,名仕快相,,SecurityBoard.HKEquity,8000,800000000.0,800000000.0,0,0,0,1
08487,8487.HK,ISP GLOBAL,ISP GLOBAL,,SecurityBoard.HKEquity,2000,1046628000.0,1046628000.0,0,0,0,1
08489,8489.HK,裕程物流,裕程物流,,SecurityBoard.HKEquity,5000,307575000.0,307575000.0,0,0,0,1
08490,8490.HK,駿碼半導體,駿碼半導體,,SecurityBoard.HKEquity,5000,705500000.0,705500000.0,0,0,0,1
08491,8491.HK,COOL LINK,COOL LINK,,SecurityBoard.HKEquity,5000,398606168.0,398606168.0,0,0,0,1
08493,8493.HK,炙龍控股,炙龍控股,,SecurityBoard.HKEquity,12000,290304000.0,290304000.0,0,0,0,1
08495,8495.HK,1957 & CO.,1957 & CO.,,SecurityBoard.HKEquity,4000,384000000.0,384000000.0,0,0,0,1
08496,8496.HK,環球友飲智能,環球友飲智能,,SecurityBoard.HKEquity,2500,266175000.0,266175000.0,0,0,0,1
08500,8500.HK,天泓文創,天泓文創,,SecurityBoard.HKEquity,10000,432000000.0,432000000.0,0,0,0,1
08501,8501.HK,莊皇集團公司,莊皇集團公司,,SecurityBoard.HKEquity,2000,200000000.0,200000000.0,0,0,0,1
08502,8502.HK,遠航港口,遠航港口,,SecurityBoard.HKEquity,8000,800000000.0,800000000.0,0,0,0,1
08507,8507.HK,愛世紀集團,愛世紀集團,,SecurityBoard.HKEquity,4000,800000000.0,800000000.0,0,0,0,1
08509,8509.HK,威揚酒業控股,威揚酒業控股,,SecurityBoard.HKEquity,4000,400000000.0,400000000.0,0,0,0,1
08510,8510.HK,TOPSTANDARDCORP,TOPSTANDARDCORP,,SecurityBoard.HKEquity,20000,238878720.0,238878720.0,0,0,0,1
08511,8511.HK,民富國際,民富國際,,SecurityBoard.HKEquity,2000,31096329.0,31096329.0,0,0,0,1
08512,8512.HK,凱富善集團控股,凱富善集團控股,,SecurityBoard.HKEquity,10000,918500000.0,918500000.0,0,0,0,1
08513,8513.HK,加和國際控股,加和國際控股,,SecurityBoard.HKEquity,5000,81845537.0,81845537.0,0,0,0,1
08516,8516.HK,中盈國際,中盈國際,,SecurityBoard.HKEquity,5000,57548400.0,57548400.0,0,0,0,1
08519,8519.HK,新享時代,新享時代,,SecurityBoard.HKEquity,20000,144972500.0,144972500.0,0,0,0,1
08521,8521.HK,智雲國際控股,智雲國際控股,,SecurityBoard.HKEquity,5000,639000000.0,639000000.0,0,0,0,1
08525,8525.HK,百應控股,百應控股,,SecurityBoard.HKEquity,2000,270000000.0,270000000.0,0,0,0,1
08526,8526.HK,榮豐集團亞洲,榮豐集團亞洲,,SecurityBoard.HKEquity,10000,162250000.0,162250000.0,0,0,0,1
08527,8527.HK,聚利寶控股,聚利寶控股,,SecurityBoard.HKEquity,5000,500000000.0,500000000.0,0,0,0,1
08529,8529.HK,優博控股,優博控股,,SecurityBoard.HKEquity,5000,514075000.0,514075000.0,0,0,0,1
08532,8532.HK,寶發控股,寶發控股,,SecurityBoard.HKEquity,16000,84874400.0,84874400.0,0,0,0,1
08535,8535.HK,熒德控股,熒德控股,,SecurityBoard.HKEquity,20000,1200000000.0,1200000000.0,0,0,0,1
08536,8536.HK,TL NATURAL GAS,TL NATURAL GAS,,SecurityBoard.HKEquity,5000,212505000.0,212505000.0,0,0,0,1
08537,8537.HK,創輝珠寶,創輝珠寶,,SecurityBoard.HKEquity,10000,360000000.0,360000000.0,0,0,0,1
08540,8540.HK,勝利證券,勝利證券,,SecurityBoard.HKEquity,1000,212975200.0,212975200.0,0,0,0,1
08545,8545.HK,佰悅集團,佰悅集團,,SecurityBoard.HKEquity,8000,1192307692.0,1192307692.0,0,0,0,1
08547,8547.HK,PACIFIC LEGEND,PACIFIC LEGEND,,SecurityBoard.HKEquity,10000,886733316.0,886733316.0,0,0,0,1
08549,8549.HK,金葉國際集團,金葉國際集團,,SecurityBoard.HKEquity,5000,400000000.0,400000000.0,0,0,0,1
08601,8601.HK,寶燵控股,寶燵控股,,SecurityBoard.HKEquity,10000,800000000.0,800000000.0,0,0,0,1
08606,8606.HK,倢冠控股,倢冠控股,,SecurityBoard.HKEquity,10000,1445849998.0,1445849998.0,0,0,0,1
08610,8610.HK,BBSB INTL,BBSB INTL,,SecurityBoard.HKEquity,4000,500000000.0,500000000.0,0,0,0,1
08611,8611.HK,九福來,九福來,,SecurityBoard.HKEquity,5000,596014196.0,596014196.0,0,0,0,1
08612,8612.HK,維亮控股,維亮控股,,SecurityBoard.HKEquity,20000,414720000.0,414720000.0,0,0,0,1
08613,8613.HK,東方支付集團控股,東方支付集團控股,,SecurityBoard.HKEquity,10000,1927716667.0,1927716667.0,0,0,0,1
08616,8616.HK,新威工程集團,新威工程集團,,SecurityBoard.HKEquity,10000,1000000000.0,1000000000.0,0,0,0,1
08619,8619.HK,NIU HOLDINGS,NIU HOLDINGS,,SecurityBoard.HKEquity,10000,433635000.0,433635000.0,0,0,0,1
08620,8620.HK,亞洲速運,亞洲速運,,SecurityBoard.HKEquity,5000,628705000.0,628705000.0,0,0,0,1
08621,8621.HK,METROPOLIS CAP,METROPOLIS CAP,,SecurityBoard.HKEquity,8000,960000000.0,960000000.0,0,0,0,1
08622,8622.HK,愉悅集團,愉悅集團,,SecurityBoard.HKEquity,8000,515472000.0,515472000.0,0,0,0,1
08623,8623.HK,中國蜀塔,中國蜀塔,,SecurityBoard.HKEquity,40000,187175245.0,187175245.0,0,0,0,1
08627,8627.HK,旅橙文化,旅橙文化,,SecurityBoard.HKEquity,8000,800000000.0,800000000.0,0,0,0,1
08629,8629.HK,集信國控,集信國控,,SecurityBoard.HKEquity,500,33929000.0,10179000.0,0,0,0,1
08631,8631.HK,申港控股,申港控股,,SecurityBoard.HKEquity,10000,48000000.0,48000000.0,0,0,0,1
08635,8635.HK,大象控股集團,大象控股集團,,SecurityBoard.HKEquity,4000,543000000.0,543000000.0,0,0,0,1
08637,8637.HK,元續科技,元續科技,,SecurityBoard.HKEquity,1000,149702000.0,149702000.0,0,0,0,1
08645,8645.HK,比特元宇宙,比特元宇宙,,SecurityBoard.HKEquity,6000,756504000.0,756504000.0,0,0,0,1
08646,8646.HK,中國宏光,中國宏光,,SecurityBoard.HKEquity,3000,782990000.0,782990000.0,0,0,0,1
08657,8657.HK,TRUE PARTNER,TRUE PARTNER,,SecurityBoard.HKEquity,2000,610183500.0,610183500.0,0,0,0,1
08659,8659.HK,易和國際控股,易和國際控股,,SecurityBoard.HKEquity,5000,823331036.0,823331036.0,0,0,0,1
08661,8661.HK,中微智碼二七零三,中微智碼二七零三,,SecurityBoard.HKEquity,5000,,,0,0,0,1
08668,8668.HK,瀛海集團,瀛海集團,,SecurityBoard.HKEquity,10000,1200000000.0,1200000000.0,0,0,0,1
09600,9600.HK,新紐科技,新紐科技,,SecurityBoard.HKEquity,800,997864480.0,997864480.0,0,0,0,1
09606,9606.HK,映恩生物－Ｂ,映恩生物-B,,SecurityBoard.HKEquity,100,90833614.0,90833614.0,0,0,0,1
09608,9608.HK,宋都服務,宋都服務,,SecurityBoard.HKEquity,10000,3840000000.0,3840000000.0,0,0,0,1
09609,9609.HK,海偉股份,海偉股份,,SecurityBoard.HKEquity,200,160926487.0,66234139.0,0,0,0,1
09611,9611.HK,龍旗科技,龍旗科技,,SecurityBoard.HKEquity,100,522253444.0,51921900.0,0,0,0,1
09615,9615.HK,梅卡曼德機器人,梅卡曼德機器人,,SecurityBoard.HKEquity,30,125011050.0,113064770.0,0,0,0,1
09616,9616.HK,東軟睿新集團,東軟睿新集團,,SecurityBoard.HKEquity,800,646219735.0,646219735.0,0,0,0,1
09618,9618.HK,京東集團－ＳＷ,京東-SW,,SecurityBoard.HKEquity,50,2688000000.0,2688000000.0,0,0,0,1
09626,9626.HK,嗶哩嗶哩－Ｗ,嗶哩嗶哩-W,,SecurityBoard.HKEquity,20,418505765.0,418505765.0,0,0,0,1
09630,9630.HK,芯碁微裝,芯碁微裝,,SecurityBoard.HKEquity,50,146505116.0,14764400.0,0,0,0,1
09633,9633.HK,農夫山泉,農夫山泉,,SecurityBoard.HKEquity,200,11246466400.0,5034666400.0,0,0,0,1
09636,9636.HK,九方智投控股,九方智投控股,,SecurityBoard.HKEquity,100,463209400.0,463209400.0,0,0,0,1
09637,9637.HK,禮邦醫藥－Ｂ,禮邦醫藥-B,,SecurityBoard.HKEquity,100,348365531.0,235635489.0,0,0,0,1
09638,9638.HK,法拉帝,法拉帝,,SecurityBoard.HKEquity,100,338482654.0,338482654.0,0,0,0,1
09639,9639.HK,榮利營造,榮利營造,,SecurityBoard.HKEquity,5000,1000000000.0,1000000000.0,0,0,0,1
09658,9658.HK,特海國際,特海國際,,SecurityBoard.HKEquity,1000,650299000.0,650299000.0,0,0,0,1
09660,9660.HK,地平線機器人－Ｗ,地平線機器人-W,,SecurityBoard.HKEquity,600,15873486671.0,15873486671.0,0,0,0,1
09663,9663.HK,國鴻氫能,國鴻氫能,,SecurityBoard.HKEquity,500,510004169.0,385860566.0,0,0,0,1
09668,9668.HK,渤海銀行,渤海銀行,,SecurityBoard.HKEquity,500,17762000000.0,6200555000.0,0,0,0,1
09669,9669.HK,北森控股,北森控股,,SecurityBoard.HKEquity,200,721966023.0,721966023.0,0,0,0,1
09676,9676.HK,十月稻田,十月稻田,,SecurityBoard.HKEquity,300,1056750750.0,1056750750.0,0,0,0,1
09677,9677.HK,威海銀行,威海銀行,,SecurityBoard.HKEquity,1000,6869188513.0,1158861000.0,0,0,0,1
09678,9678.HK,雲知聲,雲知聲,,SecurityBoard.HKEquity,20,74675593.0,45109883.0,0,0,0,1
09680,9680.HK,如祺出行,如祺出行,,SecurityBoard.HKEquity,100,204113852.0,204113852.0,0,0,0,1
09686,9686.HK,熙康雲醫院,熙康雲醫院,,SecurityBoard.HKEquity,500,841877805.0,841877805.0,0,0,0,1
09688,9688.HK,再鼎醫藥,再鼎醫藥,,SecurityBoard.HKEquity,100,1137828030.0,1137828030.0,0,0,0,1
09689,9689.HK,金泰豐國際控股,金泰豐國際控股,,SecurityBoard.HKEquity,4000,1116000000.0,1116000000.0,0,0,0,1
09690,9690.HK,途虎－Ｗ,途虎-W,,SecurityBoard.HKEquity,100,823354095.0,823354095.0,0,0,0,1
09696,9696.HK,天齊鋰業,天齊鋰業,,SecurityBoard.HKEquity,200,1713105208.0,236145538.0,0,0,0,1
09698,9698.HK,萬國數據－ＳＷ,萬國數據-SW,,SecurityBoard.HKEquity,100,1554302551.0,1554302551.0,0,0,0,1
09699,9699.HK,順豐同城,順豐同城,,SecurityBoard.HKEquity,200,912856107.0,741091209.0,0,0,0,1
09857,9857.HK,檸萌影視,檸萌影視,,SecurityBoard.HKEquity,100,361958556.0,361958556.0,0,0,0,1
09858,9858.HK,優然牧業,優然牧業,,SecurityBoard.HKEquity,1000,4491227833.0,4491227833.0,0,0,0,1
09860,9860.HK,艾迪康控股,艾迪康控股,,SecurityBoard.HKEquity,500,725643291.0,725643291.0,0,0,0,1
09863,9863.HK,零跑汽車,零跑汽車,,SecurityBoard.HKEquity,100,1421812652.0,1131047140.0,0,0,0,1
09866,9866.HK,蔚來－ＳＷ,蔚來-SW,,SecurityBoard.HKEquity,10,2509871468.0,2509871468.0,0,0,0,1
09868,9868.HK,小鵬集團－Ｗ,小鵬集團-W,,SecurityBoard.HKEquity,100,1916135573.0,1916135573.0,0,0,0,1
09869,9869.HK,海倫司,海倫司,,SecurityBoard.HKEquity,500,1265002524.0,1265002524.0,0,0,0,1
09876,9876.HK,大洋環球控股,大洋環球控股,,SecurityBoard.HKEquity,2000,280000000.0,280000000.0,0,0,0,1
09877,9877.HK,健世科技－Ｂ,健世科技-B,,SecurityBoard.HKEquity,200,417167290.0,310306209.0,0,0,0,1
09878,9878.HK,匯通達網絡,匯通達網絡,,SecurityBoard.HKEquity,100,561174137.0,528620452.0,0,0,0,1
09879,9879.HK,米高集團,米高集團,,SecurityBoard.HKEquity,1000,908940000.0,908940000.0,0,0,0,1
09880,9880.HK,優必選,優必選,,SecurityBoard.HKEquity,50,503401373.0,438189327.0,0,0,0,1
09881,9881.HK,容大科技,容大科技,,SecurityBoard.HKEquity,500,94733000.0,94733000.0,0,0,0,1
09882,9882.HK,永聯豐控股,永聯豐控股,,SecurityBoard.HKEquity,2000,800000000.0,800000000.0,0,0,0,1
09885,9885.HK,藥師幫,藥師幫,,SecurityBoard.HKEquity,200,692487321.0,692487321.0,0,0,0,1
09886,9886.HK,叮噹健康,叮當健康,,SecurityBoard.HKEquity,500,1238260897.0,1238260897.0,0,0,0,1
09887,9887.HK,維立志博－Ｂ,維立志博-B,,SecurityBoard.HKEquity,100,198891800.0,197670289.0,0,0,0,1
09888,9888.HK,百度集團－Ｗ,百度集團-W,,SecurityBoard.HKEquity,50,2722021272.0,2722021272.0,0,0,0,1
09889,9889.HK,東莞農商銀行,東莞農商銀行,,SecurityBoard.HKEquity,1000,6888545510.0,1148091000.0,0,0,0,1
09890,9890.HK,貪玩,貪玩,,SecurityBoard.HKEquity,200,518273118.0,518273118.0,0,0,0,1
09893,9893.HK,比優集團,比優集團,,SecurityBoard.HKEquity,20000,3558724852.0,3558724852.0,0,0,0,1
09896,9896.HK,名創優品,名創優品,,SecurityBoard.HKEquity,200,1195612929.0,1195612929.0,0,0,0,1
09898,9898.HK,微博－ＳＷ,微博-SW,,SecurityBoard.HKEquity,20,245672572.0,245672572.0,0,0,0,1
09899,9899.HK,網易雲音樂,網易雲音樂,,SecurityBoard.HKEquity,50,210333516.0,210333516.0,0,0,0,1
09900,9900.HK,智雲科技建設,智雲科技建設,,SecurityBoard.HKEquity,4000,2976000000.0,2976000000.0,0,0,0,1
09901,9901.HK,新東方－Ｓ,新東方-S,,SecurityBoard.HKEquity,100,1591457473.0,1591457473.0,0,0,0,1
09903,9903.HK,天數智芯,天數智芯,,SecurityBoard.HKEquity,100,269174736.0,259958965.0,0,0,0,1
09906,9906.HK,宏力醫療管理,宏力醫療管理,,SecurityBoard.HKEquity,2000,600000000.0,600000000.0,0,0,0,1
09908,9908.HK,嘉興燃氣,嘉興燃氣,,SecurityBoard.HKEquity,500,137844500.0,37844500.0,0,0,0,1
09909,9909.HK,寶龍商業,寶龍商業,,SecurityBoard.HKEquity,500,642900000.0,642900000.0,0,0,0,1
09911,9911.HK,赤子城科技,赤子城科技,,SecurityBoard.HKEquity,2000,1400338391.0,1400338391.0,0,0,0,1
09913,9913.HK,智勤控股,智勤控股,,SecurityBoard.HKEquity,4000,1000000000.0,1000000000.0,0,0,0,1
09916,9916.HK,興業物聯,興業物聯,,SecurityBoard.HKEquity,2000,400000000.0,400000000.0,0,0,0,1
09918,9918.HK,麗年國際,麗年國際,,SecurityBoard.HKEquity,2000,100000000.0,100000000.0,0,0,0,1
09919,9919.HK,艾德韋宣集團,艾德韋宣集團,,SecurityBoard.HKEquity,2000,744218000.0,744218000.0,0,0,0,1
09922,9922.HK,九毛九,九毛九,,SecurityBoard.HKEquity,1000,1337583700.0,1337583700.0,0,0,0,1
09923,9923.HK,移卡,移卡,,SecurityBoard.HKEquity,400,460494442.0,460494442.0,0,0,0,1
09926,9926.HK,康方生物,康方生物,,SecurityBoard.HKEquity,1000,921143176.0,921143176.0,0,0,0,1
09927,9927.HK,賽力斯,賽力斯,,SecurityBoard.HKEquity,100,1741985086.0,108619000.0,0,0,0,1
09928,9928.HK,時代鄰里,時代鄰里,,SecurityBoard.HKEquity,1000,985672747.0,985672747.0,0,0,0,1
09929,9929.HK,澳達控股,澳達控股,,SecurityBoard.HKEquity,10000,2000000000.0,2000000000.0,0,0,0,1
09930,9930.HK,宏信建發,宏信建發,,SecurityBoard.HKEquity,1000,3197244000.0,3197244000.0,0,0,0,1
09933,9933.HK,GHW INTL,GHW INTL,,SecurityBoard.HKEquity,4000,1009500000.0,1009500000.0,0,0,0,1
09936,9936.HK,稀美資源,稀美資源,,SecurityBoard.HKEquity,500,414100000.0,414100000.0,0,0,0,1
09938,9938.HK,華和控股,華和控股,,SecurityBoard.HKEquity,5000,1000000000.0,1000000000.0,0,0,0,1
09939,9939.HK,開拓藥業－Ｂ,開拓藥業-B,,SecurityBoard.HKEquity,500,498660100.0,498660100.0,0,0,0,1
09955,9955.HK,智雲健康,智雲健康,,SecurityBoard.HKEquity,100,645718830.0,645718830.0,0,0,0,1
09958,9958.HK,力天影業,力天影業,,SecurityBoard.HKEquity,1000,500000000.0,500000000.0,0,0,0,1
09959,9959.HK,聯易融科技－Ｗ,聯易融科技-W,,SecurityBoard.HKEquity,500,2136534948.0,2136534948.0,0,0,0,1
09960,9960.HK,康聖環球,康聖環球,,SecurityBoard.HKEquity,500,1032466140.0,1032466140.0,0,0,0,1
09961,9961.HK,攜程集團－Ｓ,攜程集團-S,,SecurityBoard.HKEquity,50,629705222.0,629705222.0,0,0,0,1
09963,9963.HK,高科橋光導,高科橋光導,,SecurityBoard.HKEquity,2000,387343000.0,387343000.0,0,0,0,1
09966,9966.HK,康寧傑瑞製藥－Ｂ,康寧傑瑞制藥-B,,SecurityBoard.HKEquity,1000,968000697.0,968000697.0,0,0,0,1
09968,9968.HK,滙景控股,匯景控股,,SecurityBoard.HKEquity,2000,5254000000.0,5254000000.0,0,0,0,1
09969,9969.HK,諾誠健華,諾誠健華,,SecurityBoard.HKEquity,1000,1766621002.0,1493798235.0,0,0,0,1
09971,9971.HK,基本半導體,基本半導體,,SecurityBoard.HKEquity,200,304289725.0,287534442.0,0,0,0,1
09973,9973.HK,奇瑞汽車,奇瑞汽車,,SecurityBoard.HKEquity,100,5808604533.0,2354771974.0,0,0,0,1
09976,9976.HK,江波龍,江波龍,,SecurityBoard.HKPreIPO,50,455745949.0,26077800.0,0,0,0,1
09978,9978.HK,方圓生活服務,方圓生活服務,,SecurityBoard.HKEquity,4000,400000000.0,400000000.0,0,0,0,1
09979,9979.HK,綠城管理控股,綠城管理控股,,SecurityBoard.HKEquity,1000,2000000000.0,2000000000.0,0,0,0,1
09980,9980.HK,東鵬飲料,東鵬飲料,,SecurityBoard.HKEquity,100,734199310.0,58182410.0,0,0,0,1
09981,9981.HK,沃爾核材,沃爾核材,,SecurityBoard.HKEquity,200,1399887362.0,139988800.0,0,0,0,1
09982,9982.HK,中原建業,中原建業,,SecurityBoard.HKEquity,2000,4638617028.0,4638617028.0,0,0,0,1
09983,9983.HK,建業新生活,建業新生活,,SecurityBoard.HKEquity,1000,1299138000.0,1299138000.0,0,0,0,1
09985,9985.HK,衛龍美味,衛龍美味,,SecurityBoard.HKEquity,200,2430337978.0,2430337978.0,0,0,0,1
09986,9986.HK,大山教育,大山教育,,SecurityBoard.HKEquity,2000,900000000.0,900000000.0,0,0,0,1
09987,9987.HK,百勝中國,百勝中國,,SecurityBoard.HKEquity,50,341596061.0,341596061.0,0,0,0,1
09988,9988.HK,阿里巴巴－Ｗ,阿里巴巴-W,,SecurityBoard.HKEquity,100,19884988918.0,19884988918.0,0,0,0,1
09989,9989.HK,海普瑞,海普瑞,,SecurityBoard.HKEquity,500,1467296204.0,220094500.0,0,0,0,1
09990,9990.HK,祖龍娛樂,祖龍娛樂,,SecurityBoard.HKEquity,1000,800360630.0,800360630.0,0,0,0,1
09991,9991.HK,寶尊電商－Ｗ,寶尊電商-W,,SecurityBoard.HKEquity,100,174431064.0,174431064.0,0,0,0,1
09992,9992.HK,泡泡瑪特,泡泡瑪特,,SecurityBoard.HKEquity,200,1331779203.0,1331779203.0,0,0,0,1
09993,9993.HK,金輝控股,金輝控股,,SecurityBoard.HKEquity,1000,4045227000.0,4045227000.0,0,0,0,1
09995,9995.HK,榮昌生物,榮昌生物,,SecurityBoard.HKEquity,500,564477483.0,208581239.0,0,0,0,1
09996,9996.HK,沛嘉醫療－Ｂ,沛嘉醫療-B,,SecurityBoard.HKEquity,1000,676961912.0,676961912.0,0,0,0,1
09998,9998.HK,光榮控股,光榮控股,,SecurityBoard.HKEquity,5000,800000000.0,800000000.0,0,0,0,1
09999,9999.HK,網易,網易,,SecurityBoard.HKEquity,100,3190640526.0,3190640526.0,0,0,0,1
