"編號","名稱","資產淨值","資產淨值+ 殼價","市值","流通市值","理論價","現價","溢價/折讓","內資股(佔比)","最近3年盈利","CCASS頭5+ 非流通 ","券商數目","上市日","招股價","行業"
00623.hk,金橋集團控股,21.4億,24.4億,9.9億,9.6億,5.35,2.23,-58.23%,-,3.1億,85.52%,139,2008/07/08,2.63,影視及傳媒
09857.hk,檸萌影視,27.5億,30.5億,9.9億,9.0億,8.42,2.90,-65.54%,-,6.8千萬,97.63%,83,2022/08/10,27.75,影視及傳媒
00057.hk,震雄集團,32.4億,35.4億,9.8億,3.4億,5.62,1.55,-72.40%,-,2.6億,80.37%,123,1991/10/22,N/A,工業
00621.hk,壇金礦業,25.9億,28.9億,9.8億,9.5億,1.59,0.52,-67.36%,-,-4.1千萬,49.09%,221,1995/12/18,1.0,金屬及採礦
01986.hk,彩客新能源,23.4億,26.4億,9.8億,9.5億,2.72,0.96,-64.75%,-,3.6百萬,77.07%,135,2015/07/03,4.01,石油化工
09960.hk,康聖環球,31.7億,34.7億,9.8億,9.1億,3.36,0.98,-70.86%,-,-7.8千萬,64.79%,194,2021/07/16,9.78,保健及生物科技
02881.hk,武漢有機,8.0億,11.0億,9.8億,8.6億,11.84,10.47,-11.59%,-,2.8億,94.44%,55,2024/06/18,5.5,石油化工
00103.hk,首佳科技,19.5億,22.5億,9.7億,4.9億,4.33,1.79,-58.71%,-,1.5億,82.45%,165,1992/04/09,N/A,N/A
00212.hk,NANYANG HOLD,47.0億,50.0億,9.7億,8.0億,147.14,28.50,-80.63%,-,-1.5億,83.2%,77,1954/09/15,N/A,地產
02327.hk,美瑞健康國際,12.4億,15.4億,9.7億,9.4億,0.38,0.24,-36.67%,-,1.1億,75.39%,144,2003/10/14,0.48,綜合企業
03836.hk,和諧汽車,56.0億,59.0億,9.7億,8.6億,3.87,0.64,-83.61%,-,-12.9億,77.53%,156,2013/06/13,6.08,零售及貿易
01483.hk,網譽科技,1.7億,4.7億,9.7億,8.8億,0.58,1.19,105.69%,-,-1.5億,85.92%,86,2013/12/10,1.0,影視及傳媒
02139.hk,甘肅銀行,3.8百億,3.9百億,9.7億,6.2億,2.57,0.25,-90.26%,-,0.0,86.01%,148,2018/01/18,2.69,銀行
01119.hk,創夢天地,19.5億,22.5億,9.7億,9.6億,1.10,0.44,-60.06%,-,-11.6億,62.4%,196,2018/12/06,6.6,N/A
02495.hk,聲通科技,22.0億,25.0億,9.7億,9.7億,62.98,30.16,-52.11%,-,-1.1億,76.43%,127,2024/07/10,152.1,科技
02603.hk,吉宏股份,33.0億,36.0億,9.7億,9.7億,7.85,12.47,58.77%,492.53%,8.8億,78.8%,88,2025/05/27,7.68,工業
00818.hk,高陽科技,71.1億,74.1億,9.6億,7.4億,2.67,0.34,-87.08%,-,5.0億,68.7%,181,1997/12/22,3.125,金融證券
01201.hk,天臣控股,4.7億,7.7億,9.6億,5.1億,1.75,2.12,21.19%,-,-2.6億,90.24%,142,1998/06/23,1.08,電子
02002.hk,陽光紙業,56.3億,59.3億,9.6億,3.5億,5.57,0.96,-82.77%,-,9.1億,92.49%,142,2007/12/12,6.0,工業
09989.hk,海普瑞,1.4百億,1.4百億,9.6億,9.6億,9.75,4.23,-56.61%,566.67%,2.2億,69.42%,203,2020/07/08,18.4,保健及生物科技
02251.hk,鷹瞳科技－Ｂ,14.1億,17.1億,9.6億,9.6億,16.92,9.00,-46.80%,-,-4.5億,79.98%,104,2021/11/05,75.1,保健及生物科技
06086.hk,方舟健客,1.9億,4.9億,9.6億,5.4億,0.35,0.77,119.74%,-,-11.1億,87.29%,115,2024/07/09,8.18,保健及生物科技
09639.hk,榮利營造,3.7億,6.7億,9.6億,9.6億,0.67,0.99,47.76%,-,1.3億,89.42%,77,2024/10/09,0.73,建築及建築材料
00374.hk,四洲集團,12.1億,15.1億,9.5億,5.0億,3.97,2.50,-36.95%,-,4.5千萬,82.39%,66,1993/08/25,N/A,食品及飲料製造
00451.hk,時代數字,5.7億,8.7億,9.5億,9.3億,0.49,0.55,11.11%,-,-32.2億,49.18%,337,1992/03/25,N/A,公用事業
01696.hk,復銳醫療科技,37.1億,40.1億,9.5億,9.5億,8.56,2.18,-74.54%,-,5.9億,81.29%,166,2017/09/19,8.88,保健及生物科技
01931.hk,華檢醫療,34.3億,37.3億,9.5億,8.1億,2.33,0.60,-74.20%,-,5.8億,86.66%,143,2019/07/12,3.07,保健及生物科技
00255.hk,龍記集團,15.1億,18.1億,9.4億,3.5億,2.85,1.49,-47.72%,-,-1.1億,77.13%,113,1993/03/05,N/A,工業
01161.hk,奧思集團,4.1億,7.1億,9.4億,4.8億,1.04,1.37,31.25%,-,2.6億,79.89%,102,2002/03/11,1.08,零售及貿易
01328.hk,金涌投資,10.4億,13.4億,9.4億,6.9億,5.23,3.65,-30.25%,-,1.0億,88.64%,129,2007/10/16,1.36,金融證券
08321.hk,泰錦控股,1.4億,2.4億,9.4億,3.8億,0.44,1.75,295.55%,-,-4.9千萬,88.44%,95,2016/10/28,0.35,N/A
01627.hk,安保工程控股,19.2億,22.2億,9.4億,2.3億,1.11,0.48,-56.38%,-,4.3億,89.92%,125,2017/02/20,1.1,建築及建築材料
09906.hk,宏力醫療管理,6.5億,9.5億,9.4億,6.9億,1.58,1.56,-1.07%,-,1.3億,99.33%,53,2020/07/13,2.1,保健及生物科技
00873.hk,世茂服務,90.2億,93.2億,9.4億,4.2億,3.78,0.37,-90.20%,-,1.3億,79.92%,178,2020/10/30,16.6,地產
02153.hk,達豐設備,13.7億,16.7億,9.4億,6.9億,1.43,0.81,-43.52%,-,-2.4億,95.47%,81,2021/01/13,1.73,建築及建築材料
00526.hk,利時集團控股,30.4億,33.4億,9.3億,8.3億,0.38,0.10,-72.44%,-,3.9億,70.04%,156,1995/10/11,1.28,工業
00536.hk,貿易通,3.7億,6.7億,9.3億,7.5億,0.85,1.17,37.41%,-,2.7億,65.84%,166,2005/10/28,1.25,科技
02130.hk,嘉泓物流,5.4億,8.4億,9.3億,3.1億,2.81,3.12,11.02%,-,9.6千萬,87.43%,102,2020/10/15,2.66,物流運輸
02126.hk,藥明巨諾－Ｂ,6.5億,9.5億,9.3億,9.1億,2.28,2.06,-9.68%,-,-20.9億,54.13%,227,2020/11/03,23.8,保健及生物科技
09663.hk,國鴻氫能,28.5億,31.5億,9.3億,8.5億,6.17,2.37,-61.66%,-,-14.2億,94.81%,99,2023/12/05,19.66,電子
00505.hk,興業合金,26.7億,29.7億,9.2億,9.1億,3.30,1.03,-68.81%,-,6.1億,83.59%,155,2007/12/27,1.7,金屬及採礦
00609.hk,天德化工,28.2億,31.2億,9.2億,4.7億,3.55,1.05,-70.41%,-,3.7億,83.04%,103,2006/10/27,1.02,石油化工
01127.hk,獅子山集團,16.5億,19.5億,9.2億,4.5億,2.53,1.21,-52.35%,-,5.9億,76.7%,106,2011/07/25,0.7,工業
03838.hk,中國澱粉,47.1億,50.1億,9.2億,3.3億,0.86,0.16,-81.35%,-,8.4億,80.86%,206,2007/09/27,2.22,食品及飲料製造
08540.hk,勝利證券,2.4億,3.4億,9.2億,4.0億,1.60,4.32,170.40%,-,3.2千萬,96.32%,80,2018/07/16,1.25,N/A
01785.hk,成都高速,58.0億,61.0億,9.2億,9.2億,3.68,2.02,-45.25%,-,18.5億,95.48%,75,2019/01/15,2.2,基建
02550.hk,宜搜科技,11.0億,14.0億,9.2億,8.8億,3.12,1.94,-37.85%,-,6.1千萬,64.01%,166,2024/06/07,5.8,影視及傳媒
01187.hk,可孚醫療,N/A,N/A,9.2億,9.2億,N/A,33.14,N/A,773.69%,10.2億,71.38%,106,2026/05/06,39.33,保健及生物科技
00093.hk,零在科技金融,11.9億,14.9億,9.1億,1.4億,0.56,0.34,-39.01%,-,6.0千萬,99.12%,65,1991/10/23,N/A,金融證券
00156.hk,力寶華潤,18.6億,21.6億,9.1億,9.0億,2.36,0.99,-57.78%,-,-8.9億,86.77%,203,N/A,N/A,飲食酒店及旅遊
00264.hk,中聯發展控股,-1.5千萬,2.8億,9.1億,8.5億,0.60,1.88,213.31%,-,-6.1千萬,73.71%,115,2003/03/12,0.6,紡織及服飾製造
00266.hk,天德地產,36.4億,39.4億,9.1億,4.3億,8.30,1.92,-76.87%,-,-1.3億,89.01%,85,N/A,N/A,地產
06138.hk,哈爾濱銀行,5.9百億,5.9百億,9.1億,9.1億,5.38,0.32,-94.06%,-,0.0,77.45%,181,2014/03/31,2.9,銀行
01204.hk,博維智慧,3.5億,6.5億,9.1億,7.8億,1.29,1.88,45.74%,-,1.4千萬,96.85%,64,2022/07/15,1.08,科技
08220.hk,比高集團,-8.7千萬,1.3千萬,9.0億,4.6億,0.07,4.90,6515.70%,-,-3.4千萬,84.4%,154,2002/11/12,0.25,N/A
01346.hk,利華控股集團,5.5億,8.5億,9.0億,6.1億,1.33,1.40,5.36%,-,3.8億,83.38%,80,2019/11/13,0.85,紡織及服飾製造
02483.hk,Ｋ ＣＡＳＨ集團,9.7億,12.7億,9.0億,4.0億,2.54,1.79,-29.39%,-,0.0,93.7%,59,2023/12/05,1.8,金融證券
00157.hk,自然美,4.2億,7.2億,8.9億,8.9億,0.36,0.46,25.75%,-,-1.1億,98.0%,68,2002/03/28,0.55,零售及貿易
00237.hk,安全貨倉,34.2億,37.2億,8.9億,2.6億,9.19,2.18,-76.29%,-,-3.9億,85.53%,94,1973/01/09,N/A,地產
00472.hk,新絲路控股集團,13.3億,16.3億,8.9億,8.3億,0.42,0.23,-45.51%,-,-5.4億,76.08%,150,1988/01/29,N/A,地產
00618.hk,北大資源,6.9億,9.9億,8.9億,5.4億,0.36,0.34,-6.91%,-,-34.4億,83.73%,139,1991/10/07,N/A,保健及生物科技
01003.hk,歡喜傳媒,8.4億,11.4億,8.9億,8.4億,0.26,0.20,-23.29%,-,-6.0億,70.16%,187,1994/02/21,1.02,影視及傳媒
01262.hk,蠟筆小新食品,2.9億,5.9億,8.9億,2.1億,2.46,3.50,42.28%,-,-2.0億,90.43%,125,2011/12/09,2.65,食品及飲料製造
02136.hk,利福中國,1.0百億,1.1百億,8.9億,6.8億,7.21,0.59,-91.75%,-,4.0千萬,85.62%,132,2016/07/15,N/A,零售及貿易
03991.hk,長虹佳華,37.4億,40.4億,8.9億,3.0億,2.78,0.61,-78.03%,-,11.4億,89.19%,86,2000/01/24,1.28,科技
06660.hk,艾美疫苗,32.1億,35.1億,8.9億,8.9億,2.86,1.71,-40.29%,-,-24.8億,83.21%,128,2022/10/06,16.16,N/A
00131.hk,卓能（集團）,59.8億,62.8億,8.8億,4.5億,9.62,1.33,-86.18%,-,-8.0億,85.03%,120,N/A,N/A,地產
02450.hk,淮北綠金股份,5.1億,8.1億,8.8億,4.1億,3.08,15.39,399.60%,-,-1.4千萬,90.58%,44,2023/01/20,1.91,建築及建築材料
00538.hk,味千（中國）,31.9億,34.9億,8.7億,8.5億,3.20,0.79,-75.32%,-,2.1億,82.64%,144,2007/03/30,5.47,飲食酒店及旅遊
00655.hk,香港華人有限公司,87.3億,90.3億,8.7億,8.4億,4.52,0.42,-90.59%,-,-19.3億,77.72%,236,1992/10/12,N/A,地產
08198.hk,加幂科技,1.8億,2.8億,8.7億,8.0億,0.39,1.14,195.06%,-,-1.3億,72.13%,157,2002/05/17,0.55,N/A
02581.hk,明基醫院,26.3億,29.3億,8.7億,2.2億,9.38,2.80,-70.16%,-,4.1億,96.07%,111,2025/12/22,9.34,保健及生物科技
02701.hk,國民技術,N/A,N/A,8.7億,8.7億,N/A,9.20,N/A,613.82%,-10.1億,67.66%,117,2026/03/23,10.8,科技
00128.hk,安寧控股,10.2億,13.2億,8.6億,7.6億,0.80,0.52,-34.82%,-,-3.4百萬,63.46%,189,1972/11/06,N/A,金融證券
00433.hk,北方礦業,3.3億,6.3億,8.6億,5.9億,0.04,0.06,35.72%,-,-14.7億,78.74%,233,N/A,N/A,金屬及採礦
00533.hk,金利來集團,44.9億,47.9億,8.6億,2.2億,4.92,0.88,-82.12%,-,1.7億,86.17%,136,1992/09/18,N/A,紡織及服飾製造
00554.hk,漢思集團控股,8.7億,11.7億,8.6億,8.6億,0.27,0.20,-26.05%,-,-3.8億,85.65%,138,1997/05/28,1.0,石油化工
01057.hk,浙江世寶,25.4億,28.4億,8.6億,8.6億,3.45,3.94,14.29%,279.47%,4.4億,71.88%,151,2006/05/16,1.5,工業
02030.hk,卡賓,15.9億,18.9億,8.6億,8.6億,2.82,1.28,-54.65%,-,8.6千萬,82.84%,66,2013/10/28,2.53,零售及貿易
03383.hk,雅居樂集團,-1.5百億,-1.4百億,8.6億,8.6億,N/A,0.17,N/A,-,-5.9百億,65.64%,233,2005/12/15,3.3,地產
01731.hk,其利工業集團,15.0億,18.0億,8.6億,2.1億,1.60,0.76,-52.61%,-,5.4億,90.04%,122,2018/07/13,0.89,紡織及服飾製造
02458.hk,望塵科技控股,5.0億,8.0億,8.6億,8.2億,5.60,6.60,17.92%,-,2.8億,82.82%,58,2023/01/16,6.5,科技
03650.hk,KEEP,15.3億,18.3億,8.6億,8.4億,3.67,1.70,-53.80%,-,5.7億,78.79%,115,2023/07/12,28.92,工業
01858.hk,春立醫療,34.9億,37.9億,8.5億,8.5億,9.88,8.22,-16.76%,303.16%,7.4億,74.45%,140,2015/03/11,13.88,保健及生物科技
08017.hk,捷利交易寶,3.9億,4.9億,8.5億,6.4億,0.70,1.18,67.41%,-,1.3億,75.86%,109,2018/09/28,0.64,N/A
01410.hk,安領國際,2.1億,5.1億,8.5億,6.8億,0.51,0.83,64.32%,-,5.4千萬,86.54%,103,2017/04/19,0.32,科技
02503.hk,中深建業,22.3億,25.3億,8.5億,2.8億,0.74,0.25,-66.08%,-,-3.6百萬,90.01%,114,2024/01/09,1.0,建築及建築材料
00664.hk,銅師傅,N/A,N/A,8.5億,6.9億,N/A,12.75,N/A,-,1.9億,96.74%,94,2026/03/31,60.0,工業
00611.hk,中國核能科技,22.2億,25.2億,8.4億,8.4億,1.36,0.46,-66.51%,-,4.4億,69.03%,166,1993/02/12,N/A,公用事業
01029.hk,鐵貨,17.8億,20.8億,8.4億,8.4億,1.09,0.45,-58.57%,-,-24.1億,87.09%,198,2010/10/21,1.8,金屬及採礦
01141.hk,民銀資本,16.3億,19.3億,8.4億,3.3億,1.76,0.72,-58.75%,-,-3.7億,82.26%,213,1998/03/12,1.0,金融證券
01985.hk,美高域,2.3億,5.3億,8.4億,7.4億,1.76,2.81,59.74%,-,4.4千萬,79.66%,96,2017/03/08,1.46,科技
02473.hk,喜相逢集團,13.2億,16.2億,8.4億,8.3億,0.87,0.45,-48.31%,-,2.1億,80.68%,152,2023/11/09,1.1,零售及貿易
00993.hk,信控國際資本,-96.8億,-93.8億,8.3億,4.6億,N/A,0.09,N/A,-,-27.6億,85.8%,222,1994/02/16,1.05,金融證券
01349.hk,復旦張江,25.1億,28.1億,8.3億,8.2億,2.71,2.53,-6.55%,217.97%,-1.3千萬,77.91%,126,2002/08/13,0.8,保健及生物科技
02100.hk,百奧家庭互動,17.3億,20.3億,8.3億,5.2億,0.71,0.30,-57.70%,-,-1.5億,74.21%,168,2014/04/10,2.15,科技
01820.hk,濟豐包裝,5.1億,8.1億,8.3億,2.9億,2.71,2.75,1.46%,-,-4.5千萬,98.55%,24,2018/12/21,3.98,工業
09939.hk,開拓藥業－Ｂ,1.3億,4.3億,8.3億,8.3億,0.86,1.68,96.13%,-,-15.5億,60.85%,195,2020/05/22,20.15,保健及生物科技
00383.hk,天安卓健,17.6億,20.6億,8.2億,4.3億,2.04,0.81,-60.33%,-,1.7千萬,97.45%,150,1991/08/01,N/A,保健及生物科技
01793.hk,偉工控股,2.8億,5.8億,8.2億,2.0億,0.72,1.13,56.94%,-,1.3千萬,90.98%,87,2019/02/27,0.625,建築及建築材料
02520.hk,山西安裝,33.8億,36.8億,8.2億,8.2億,2.68,2.19,-18.45%,-,4.9億,99.69%,36,2023/11/22,2.18,建築及建築材料
00239.hk,白花油,7.3億,10.3億,8.1億,3.4億,3.32,2.61,-21.33%,-,2.8億,89.64%,100,1991/12/18,N/A,保健及生物科技
01137.hk,香港科技探索,14.4億,17.4億,8.1億,4.1億,2.19,1.04,-52.60%,-,-1.7億,82.49%,193,1997/08/04,1.8,科技
01831.hk,十方控股,-4.1千萬,2.6億,8.1億,3.7億,0.24,0.76,213.88%,-,-2.6億,77.47%,149,2010/12/03,3.03,影視及傳媒
01916.hk,江西銀行,4.6百億,4.6百億,8.1億,8.1億,7.67,0.61,-92.05%,-,0.0,73.17%,126,2018/06/26,6.39,銀行
00184.hk,激成投資,35.7億,38.7億,8.0億,3.6億,11.38,2.35,-79.31%,-,7.3億,94.27%,81,1973/02/24,N/A,飲食酒店及旅遊
00353.hk,能源國際投資,28.7億,31.7億,8.0億,1.3億,1.50,0.39,-74.31%,-,3.1億,89.6%,207,2001/07/26,0.8,石油化工
00420.hk,福田實業,32.6億,35.6億,8.0億,5.2億,2.91,0.65,-77.64%,-,1.4億,73.56%,162,1988/04/20,N/A,紡織及服飾製造
00553.hk,南京熊貓電子股份,36.0億,39.0億,8.0億,8.0億,4.26,3.27,-23.18%,277.62%,-4.5億,64.94%,166,1996/05/02,2.13,科技
00894.hk,萬裕科技,16.3億,19.3億,8.0億,3.4億,4.03,1.65,-59.05%,-,1.8千萬,81.55%,167,1997/03/05,1.08,電子
01846.hk,德視佳,12.5億,15.5億,8.0億,7.9億,4.83,2.37,-50.96%,-,2.7億,88.21%,93,2019/10/15,7.5,保健及生物科技
00711.hk,亞洲聯合基建控股,23.4億,26.4億,7.9億,6.6億,1.43,0.42,-70.38%,-,-2.0億,90.48%,172,1993/02/12,N/A,建築及建築材料
00950.hk,李氏大藥廠,20.5億,23.5億,7.9億,7.7億,3.98,1.27,-67.99%,-,2.0億,67.55%,150,2002/07/15,0.4,保健及生物科技
01586.hk,力鴻檢驗,5.0億,8.0億,7.9億,7.6億,1.36,1.25,-7.84%,-,2.0億,91.81%,77,2016/07/12,0.98,N/A
00898.hk,萬事昌國際,76.3億,79.3億,7.8億,2.1億,9.49,1.04,-89.04%,-,-2.3億,96.93%,105,1998/07/31,1.0,地產
01085.hk,亨鑫科技,17.7億,20.7億,7.8億,5.4億,4.44,1.69,-61.97%,-,7.4千萬,76.88%,101,2010/12/23,2.25,科技
01090.hk,大明國際,29.3億,32.3億,7.8億,3.8億,2.53,0.61,-75.93%,-,-7.2億,87.34%,74,2010/12/01,2.1,金屬及採礦
01180.hk,匯彩控股,4.5億,7.5億,7.8億,3.2億,0.71,0.77,7.73%,-,5.7億,93.24%,188,1997/01/20,1.0,飲食酒店及旅遊
02011.hk,進騰集團,2.2億,5.2億,7.8億,7.5億,0.90,1.35,50.47%,-,-1.3千萬,91.4%,75,2011/01/12,1.33,紡織及服飾製造
02098.hk,卓爾智聯,1.6百億,1.7百億,7.8億,6.9億,1.35,0.07,-94.73%,-,3.6億,88.08%,132,2011/07/13,2.89,N/A
01528.hk,紅星美凱龍,2.8百億,2.8百億,7.8億,7.8億,6.45,1.05,-83.64%,487.32%,-3.3百億,76.82%,161,2015/06/26,13.28,地產
02481.hk,雙良睿能,15.1億,18.1億,7.8億,7.1億,5.99,2.58,-57.05%,-,5.3億,96.93%,57,2023/07/10,3.6,公用事業
09686.hk,熙康雲醫院,3.6億,6.6億,7.8億,4.4億,0.79,0.93,17.81%,-,-3.0億,87.02%,74,2023/09/28,4.76,保健及生物科技
06676.hk,找鋼網－Ｗ,6.4億,9.4億,7.8億,5.4億,0.88,0.70,-20.41%,-,-12.5億,85.65%,90,2025/03/10,10.0,金屬及採礦
00206.hk,華商能源,14.2億,17.2億,7.7億,3.7億,0.53,0.24,-55.28%,-,1.6億,85.22%,125,2005/11/28,0.73,石油化工
06828.hk,北京燃氣藍天,15.9億,18.9億,7.7億,2.6億,0.08,0.04,-57.85%,-,2.8億,81.81%,187,2011/07/12,1.48,公用事業
08148.hk,悟喜生活,7.9千萬,1.8億,7.7億,7.3億,0.39,1.76,352.25%,-,-3.9百萬,92.28%,130,2004/01/09,0.43,N/A
01466.hk,佰金生命科學,1.9億,4.9億,7.7億,6.2億,0.52,0.83,59.37%,-,-7.8百萬,73.98%,149,2014/10/17,N/A,零售及貿易
01748.hk,信源企業集團,12.0億,15.0億,7.7億,8.6千萬,3.41,1.76,-48.36%,-,1.6億,99.42%,44,2018/09/26,1.5,物流運輸
06820.hk,友誼時光,14.8億,17.8億,7.7億,4.0億,0.82,0.35,-56.57%,-,-1.0億,93.02%,126,2019/10/08,1.52,科技
03268.hk,美格智能,N/A,N/A,7.7億,7.7億,N/A,21.84,N/A,650.49%,3.7億,78.32%,123,2026/03/10,28.86,科技
00163.hk,英皇國際,1.5百億,1.5百億,7.6億,2.5億,2.74,0.14,-95.00%,-,-67.9億,93.27%,176,1972/11/14,N/A,地產
00493.hk,國美零售,-4.2百億,-4.1百億,7.6億,5.0億,N/A,0.01,N/A,-,-3.0百億,78.07%,315,1992/04/15,N/A,零售及貿易
02372.hk,偉立控股,2.4億,5.4億,7.6億,4.5億,0.68,1.04,53.99%,-,-1.7千萬,89.18%,82,2022/06/30,0.63,工業
02469.hk,粉筆,15.3億,18.3億,7.6億,6.6億,0.83,0.34,-58.84%,-,6.8億,60.86%,144,2023/01/09,9.9,N/A
00251.hk,爪哇控股,36.2億,39.2億,7.5億,6.3億,6.52,1.24,-80.97%,-,-11.8億,92.8%,85,1973/10/03,N/A,地產
01238.hk,寶龍地產,3.1百億,3.1百億,7.5億,7.5億,7.59,0.19,-97.50%,-,-1.6百億,78.79%,160,2009/10/14,2.75,地產
01583.hk,親親食品,13.8億,16.8億,7.5億,6.0億,2.23,0.99,-55.64%,-,1.8千萬,85.56%,116,2016/07/08,N/A,食品及飲料製造
08450.hk,鉅京控股,2.8千萬,1.3億,7.5億,3.4億,0.13,0.75,485.94%,-,-2.6千萬,94.51%,86,2018/02/02,0.22,N/A
00676.hk,創信國際,5.9億,8.9億,7.4億,1.6億,1.22,1.01,-16.89%,-,-3.8千萬,97.64%,40,1996/10/11,1.08,地產
01252.hk,中國天瑞水泥,1.8百億,1.9百億,7.4億,6.7億,6.08,0.24,-96.05%,-,1.1億,54.29%,181,2011/12/23,2.41,建築及建築材料
02777.hk,富力地產,-47.8億,-44.8億,7.4億,4.8億,N/A,0.19,N/A,-,-5.9百億,66.66%,243,2005/07/14,10.8,地產
00205.hk,BFB HEALTH,2.2億,5.2億,7.3億,5.2億,0.41,0.56,34.13%,-,-6.3千萬,79.04%,185,1993/01/05,N/A,影視及傳媒
00418.hk,方正控股,11.3億,14.3億,7.3億,7.3億,1.24,0.58,-52.86%,-,1.4億,68.09%,203,1995/12/21,1.98,科技
00528.hk,金達控股,17.6億,20.6億,7.3億,4.3億,3.27,1.16,-64.53%,-,2.0億,88.89%,118,2006/12/12,1.75,紡織及服飾製造
00640.hk,星謙發展,6.9億,9.9億,7.3億,2.4億,3.20,2.34,-26.87%,-,2.9億,92.33%,90,2010/08/12,0.6,石油化工
02068.hk,中鋁國際,36.1億,39.1億,7.3億,7.3億,1.31,1.82,38.93%,647.71%,-28.8億,80.66%,123,2012/07/06,3.93,建築及建築材料
08371.hk,嚐高美集團,3.4億,4.4億,7.3億,2.3億,1.14,1.89,66.18%,-,1.9億,90.91%,72,2018/01/17,0.92,N/A
01425.hk,捷隆控股,9.3億,12.3億,7.3億,7.1億,0.99,0.59,-39.78%,-,5.1億,93.82%,69,2019/11/28,0.4,紡織及服飾製造
02167.hk,天潤雲,6.4億,9.4億,7.3億,4.5億,5.41,4.26,-21.12%,-,9.4千萬,93.45%,79,2022/06/30,12.85,科技
02487.hk,科笛－Ｂ,10.6億,13.6億,7.3億,7.3億,3.64,1.93,-46.97%,-,-30.0億,81.33%,91,2023/06/12,21.85,保健及生物科技
02501.hk,邁越科技,3.7億,6.7億,7.3億,1.7億,1.34,1.48,10.14%,-,3.2千萬,92.1%,92,2023/10/11,1.18,科技
03636.hk,金潯資源,N/A,N/A,7.3億,7.3億,N/A,15.86,N/A,-,6.1億,70.16%,100,2026/01/09,30.0,金屬及採礦
00884.hk,旭輝控股集團,6.2百億,6.2百億,7.2億,N/A,3.38,0.04,-98.85%,-,22.5億,N/A,245,2012/11/23,1.33,地產
01499.hk,歐科雲鏈,1.2億,4.2億,7.2億,7.2億,0.08,0.12,56.69%,-,-5.6千萬,84.07%,157,2015/09/02,0.25,建築及建築材料
02567.hk,七牛智能,4.2億,7.2億,7.2億,5.1億,0.36,0.34,-3.98%,-,-9.1億,82.8%,146,2024/10/16,2.75,科技
02530.hk,紐曼思,5.8億,8.8億,7.2億,1.8億,0.88,0.72,-17.26%,-,2.6億,92.23%,80,2025/01/10,0.8,保健及生物科技
00610.hk,WAI KEE HOLD,25.1億,28.1億,7.1億,5.5億,3.55,0.90,-74.64%,-,-71.1億,82.0%,122,1992/08/28,N/A,建築及建築材料
01152.hk,正乾金融控股,2.9億,5.9億,7.1億,5.2億,0.17,0.20,17.91%,-,-1.2千萬,68.95%,113,2011/10/28,0.5,食品及飲料製造
00217.hk,中國誠通發展集團,29.4億,32.4億,7.0億,3.3億,0.54,0.12,-78.28%,-,1.5億,71.82%,183,N/A,N/A,金融證券
03348.hk,中國鵬飛集團,11.8億,14.8億,7.0億,1.8億,2.96,1.36,-54.10%,-,3.4億,97.1%,77,2019/11/15,1.58,工業
06959.hk,長久股份,6.0億,9.0億,7.0億,6.7億,4.44,3.46,-22.01%,-,4.4億,93.36%,101,2024/01/09,5.95,零售及貿易
00603.hk,中油燃氣,40.2億,43.2億,6.9億,6.5億,0.77,0.12,-83.97%,-,2.9千萬,57.39%,241,1993/05/28,N/A,公用事業
00976.hk,齊合環保,48.5億,51.5億,6.9億,6.9億,3.21,0.43,-86.60%,-,9.6億,75.84%,131,2010/07/12,2.43,金屬及採礦
01122.hk,慶鈴汽車股份,85.2億,88.2億,6.9億,4.2億,3.55,0.54,-84.94%,-,-1.5億,68.56%,185,1994/08/17,2.07,工業
06898.hk,中國鋁罐,1.2億,4.2億,6.9億,3.3億,0.44,0.73,64.91%,-,5.9千萬,87.68%,86,2013/07/12,1.0,工業
01272.hk,大唐環境,94.8億,97.8億,6.9億,6.9億,3.30,1.08,-67.23%,-,18.0億,80.26%,80,2016/11/15,3.78,工業
01710.hk,致豐工業電子,3.7億,6.7億,6.9億,1.7億,0.67,0.70,5.70%,-,2.0千萬,88.61%,125,2017/11/23,0.62,電子
06829.hk,龍昇集團控股,3.4億,6.4億,6.9億,2.9億,2.21,2.43,10.17%,-,1.3千萬,89.77%,81,2018/02/08,0.4,建築及建築材料
02137.hk,騰盛博藥－Ｂ,25.8億,28.8億,6.9億,6.9億,3.99,0.92,-77.06%,-,-9.8億,59.48%,184,2021/07/13,22.25,保健及生物科技
01274.hk,知行科技,9.3億,12.3億,6.9億,6.9億,4.86,2.49,-48.80%,-,-9.8億,82.92%,149,2023/12/20,29.65,科技
00224.hk,建生國際,74.0億,77.0億,6.8億,6.4億,6.67,0.59,-91.15%,-,-2.2億,90.59%,102,N/A,N/A,地產
00334.hk,華顯光電,14.9億,17.9億,6.8億,4.3億,0.85,0.32,-62.77%,-,2.4億,82.64%,170,1997/06/18,1.12,N/A
00560.hk,珠江船務,33.0億,36.0億,6.8億,6.7億,3.21,0.60,-81.32%,-,2.8億,80.26%,171,1997/05/23,1.2,物流運輸
00627.hk,共生智築,-23.7億,-20.7億,6.8億,1.7億,N/A,0.56,N/A,-,-16.3億,96.12%,223,2000/11/13,0.8,地產
01036.hk,萬科海外,41.1億,44.1億,6.8億,1.7億,11.31,1.75,-84.53%,-,-1.2億,92.16%,135,1996/11/08,N/A,地產
01826.hk,豐展控股,-3.9千萬,2.6億,6.8億,5.7億,0.11,0.29,171.20%,-,-7.2千萬,91.73%,114,2015/09/30,0.25,金融證券
02377.hk,博奇環保,38.9億,41.9億,6.8億,5.9億,4.90,0.80,-83.69%,-,7.8億,86.65%,102,2018/03/16,2.4,工業
06939.hk,美佳音控股,4.0億,7.0億,6.8億,6.3億,1.12,1.07,-4.85%,-,-5.7千萬,88.02%,110,2021/03/31,1.26,科技
02407.hk,高視醫療,19.7億,22.7億,6.8億,3.9億,15.32,4.58,-70.10%,-,4.0億,91.21%,83,2022/12/12,51.4,保健及生物科技
02516.hk,泛遠國際,9.0億,12.0億,6.8億,5.5億,1.29,0.73,-43.27%,-,1.1億,83.3%,63,2023/12/22,0.9,物流運輸
00727.hk,中國豐滙,9.6億,12.6億,6.7億,1.5億,0.99,0.46,-54.08%,-,-1.1億,93.62%,100,1998/01/16,8.0,食品及飲料製造
01121.hk,金陽新能源,3.1億,6.1億,6.7億,4.2億,0.32,0.34,8.59%,-,-10.0億,74.29%,140,2011/01/28,2.0,紡織及服飾製造
01244.hk,思路迪醫藥股份,6.9億,9.9億,6.7億,5.6億,3.85,2.46,-36.01%,-,-9.7億,60.73%,112,2022/12/15,24.98,保健及生物科技
02515.hk,天津建發,4.7億,7.7億,6.7億,5.8億,2.48,2.45,-1.12%,-,1.4千萬,81.98%,77,2024/04/23,2.5,建築及建築材料
02536.hk,百樂皇宮,5.7億,8.7億,6.7億,6.5億,1.07,0.81,-24.65%,-,2.4千萬,89.58%,90,2024/03/26,2.6,飲食酒店及旅遊
01278.hk,中國新城鎮,49.5億,52.5億,6.6億,2.9億,0.54,0.07,-87.58%,-,2.8億,81.7%,183,2010/10/22,N/A,地產
02298.hk,都市麗人,25.0億,28.0億,6.6億,6.6億,1.24,0.28,-77.07%,-,3.2億,75.0%,125,2014/06/26,3.6,紡織及服飾製造
01118.hk,高力集團,15.1億,18.1億,6.5億,5.4億,3.15,1.13,-64.13%,-,4.5億,32.65%,100,1994/07/15,1.13,建築及建築材料
01980.hk,天鴿互動,25.0億,28.0億,6.5億,6.5億,2.53,0.59,-76.69%,-,-1.4億,85.5%,133,2014/07/09,5.28,影視及傳媒
03300.hk,中國玻璃,-51.4億,-48.4億,6.5億,5.0億,N/A,0.32,N/A,-,-68.3億,71.58%,185,2005/06/23,2.18,工業
01553.hk,邁科管業,14.3億,17.3億,6.5億,1.5億,3.98,1.50,-62.36%,-,4.8億,96.99%,74,2019/12/18,2.28,金屬及採礦
09876.hk,大洋環球控股,3.2億,6.2億,6.5億,1.7億,2.21,2.36,6.72%,-,8.2千萬,85.15%,84,2017/10/19,1.22,食品及飲料製造
00351.hk,亞洲能源物流,1.3億,4.3億,6.4億,1.9億,0.22,0.32,47.21%,-,-4.3千萬,86.44%,248,1992/08/18,N/A,物流運輸
00809.hk,大成生化科技,-5.2億,-2.2億,6.4億,1.6億,N/A,0.38,N/A,-,51.5億,89.16%,189,2001/03/16,1.02,保健及生物科技
01878.hk,南戈壁,-23.7億,-20.7億,6.4億,5.0億,N/A,1.80,N/A,-,-5.9億,80.74%,173,2010/01/29,126.04,金屬及採礦
02878.hk,晶門半導體,11.1億,14.1億,6.4億,6.1億,0.57,0.25,-56.32%,-,2.6億,57.43%,227,2004/04/08,1.75,科技
00149.hk,中國農產品交易,17.5億,20.5億,6.3億,6.2億,0.21,0.06,-69.44%,-,1.5千萬,74.42%,258,1973/03/12,N/A,食品及飲料製造
00154.hk,北京控股環境集團,47.2億,50.2億,6.3億,3.1億,3.35,0.40,-88.06%,-,7.7億,82.85%,179,N/A,N/A,工業
00771.hk,自動系統,19.5億,22.5億,6.3億,2.7億,2.68,0.75,-72.06%,-,3.6億,84.67%,149,1997/11/05,1.18,N/A
00952.hk,華富建業金融,16.9億,19.9億,6.3億,6.3億,0.32,0.10,-68.26%,-,-1.9億,97.08%,176,1997/09/24,1.0,金融證券
01046.hk,寰宇娛樂文化,2.3億,5.3億,6.3億,6.2億,0.59,0.68,15.21%,-,-1.9億,86.84%,165,1999/07/20,1.22,影視及傳媒
01022.hk,飛魚科技,6.9億,9.9億,6.3億,6.3億,0.57,0.38,-33.90%,-,1.3億,74.3%,168,2014/12/05,2.2,科技
06989.hk,卓越商企服務,43.8億,46.8億,6.3億,1.8億,3.83,0.52,-86.43%,-,7.8億,84.67%,189,2020/10/19,10.68,地產
02621.hk,手回集團,15.3億,18.3億,6.3億,4.2億,8.07,3.00,-62.81%,-,3.5億,89.47%,89,2025/05/30,8.08,金融證券
00040.hk,金山科技工業,11.1億,14.1億,6.2億,4.7億,1.56,0.69,-55.81%,-,-3.4億,71.93%,116,1984/07/02,N/A,電子
00450.hk,鴻興印刷集團,25.9億,28.9億,6.2億,2.2億,3.18,0.66,-79.27%,-,1.3千萬,83.17%,133,1992/03/16,N/A,工業
00929.hk,國際精密,19.0億,22.0億,6.2億,6.2億,2.09,0.54,-74.38%,-,2.8千萬,82.73%,116,2004/11/01,0.77,N/A
01082.hk,源宇宙教育,5.2千萬,3.5億,6.2億,6.2億,0.58,0.97,68.28%,-,-1.1億,79.18%,142,2011/07/04,1.3,其他
01823.hk,華昱高速,9.5億,12.5億,6.2億,1.9億,2.65,1.28,-51.73%,-,3.1億,87.52%,102,2009/12/23,1.28,食品及飲料製造
02008.hk,鳳凰衛視,27.0億,30.0億,6.2億,2.6億,6.00,1.23,-79.52%,-,-7.4億,82.85%,163,2000/06/30,1.08,影視及傳媒
08162.hk,港銀控股,2.4億,3.4億,6.2億,6.2億,0.34,0.59,72.73%,-,1.1億,56.97%,101,2014/08/05,0.36,N/A
01285.hk,嘉士利集團,12.0億,15.0億,6.2億,6.2億,3.62,1.48,-59.15%,-,2.5億,92.22%,87,2014/09/25,3.7,食品及飲料製造
01669.hk,環球信貸集團,9.5億,12.5億,6.2億,1.4億,3.11,1.46,-53.10%,-,1.5億,90.7%,100,2014/12/12,1.35,金融證券
00052.hk,大快活集團,6.7億,9.7億,6.1億,3.7億,7.48,4.70,-37.21%,-,8.6千萬,75.91%,176,1991/10/09,N/A,飲食酒店及旅遊
00210.hk,達芙妮國際,9.8億,12.8億,6.1億,4.2億,0.65,0.31,-52.21%,-,3.1億,78.13%,164,1995/11/03,1.0,紡織及服飾製造
00302.hk,中手游,27.1億,30.1億,6.1億,6.0億,0.96,0.20,-79.79%,-,-39.0億,58.66%,221,2019/10/31,2.83,科技
00813.hk,世茂集團,-2.3億,7.0千萬,6.1億,5.3億,0.01,0.06,757.06%,-,-4.5百億,59.34%,271,2006/07/05,6.25,N/A
01588.hk,暢捷通,10.7億,13.7億,6.1億,6.1億,4.25,4.60,8.12%,-,1.4億,59.23%,113,2014/06/26,16.38,科技
03377.hk,遠洋集團,-8.4億,-5.4億,6.1億,6.0億,N/A,0.05,N/A,-,-3.6百億,58.82%,281,2007/09/28,7.7,地產
01084.hk,綠新生物科技,9.8億,12.8億,6.1億,5.3億,1.46,0.70,-52.04%,-,-2.0千萬,90.55%,80,2019/10/17,1.16,食品及飲料製造
02260.hk,環龍控股,4.9億,7.9億,6.1億,5.0億,1.62,1.24,-23.65%,-,1.4億,96.75%,58,2022/01/11,1.22,工業
09689.hk,金泰豐國際控股,6.3億,9.3億,6.1億,4.4億,0.83,0.52,-37.52%,-,-2.3千萬,85.91%,100,2018/01/17,0.5,石油化工
00365.hk,芯成科技,2.5億,5.5億,6.0億,1.9億,0.38,0.39,2.34%,-,-7.8千萬,92.05%,154,2000/10/16,1.18,工業
08037.hk,中國生物科技服務,1.9億,2.9億,6.0億,2.7億,0.30,0.62,107.71%,-,-3.6億,78.04%,126,2004/06/17,0.5,N/A
06966.hk,中國萬桐園,2.5億,5.5億,6.0億,5.7億,0.55,0.59,8.82%,-,1.7千萬,98.77%,48,2017/09/27,0.28,N/A
02350.hk,數科集團,1.6億,4.6億,6.0億,5.9億,0.52,0.71,36.05%,-,-2.5千萬,73.88%,105,2022/09/26,0.85,科技
02671.hk,美聯股份,7.3億,10.3億,6.0億,1.9億,8.52,5.00,-41.29%,-,2.2億,95.23%,50,2025/12/30,7.1,建築及建築材料
00537.hk,普源精電,N/A,N/A,6.0億,6.0億,N/A,23.80,N/A,781.68%,0.0,70.36%,103,2026/07/09,45.98,電子
00280.hk,景福集團,8.9億,11.9億,5.9億,5.6億,1.31,0.63,-51.91%,-,1.7億,80.83%,161,1988/03/28,N/A,零售及貿易
00677.hk,金源發展國際實業,13.2億,16.2億,5.9億,3.3億,0.95,0.35,-63.23%,-,9.2千萬,75.19%,162,1991/01/28,N/A,零售及貿易
01100.hk,飛達控股,12.1億,15.1億,5.9億,2.0億,3.53,1.38,-61.03%,-,2.9億,92.57%,100,2000/12/13,1.0,紡織及服飾製造
01203.hk,廣南（集團）,27.1億,30.1億,5.9億,2.6億,3.32,0.64,-80.70%,-,3.2億,75.56%,184,1994/12/09,1.03,食品及飲料製造
01290.hk,中國匯融,22.5億,25.5億,5.9億,5.9億,2.34,0.55,-76.52%,-,1.6億,81.96%,103,2013/10/28,2.18,金融證券
08030.hk,豐銀禾控股,2.8億,3.8億,5.9億,4.2億,1.09,1.73,58.33%,-,1.3億,86.28%,112,2012/05/07,0.65,N/A
00080.hk,ＣＡＩ控股,2.7億,5.7億,5.9億,4.9億,0.26,0.27,1.25%,-,-1.1億,78.26%,157,2011/01/06,1.03,金融證券
02289.hk,創美藥業,7.2億,10.2億,5.9億,4.7億,9.42,5.50,-41.62%,-,1.6億,98.53%,53,2015/12/14,8.6,保健及生物科技
01652.hk,福森藥業,4.2億,7.2億,5.9億,4.5億,0.97,0.80,-17.66%,-,-2.5億,93.92%,115,2018/07/11,2.08,保健及生物科技
02051.hk,VALA,7.6億,10.6億,5.9億,5.7億,0.65,0.35,-46.23%,-,-2.2億,63.64%,139,2018/07/13,8.5,金融證券
01769.hk,思考樂教育,9.2億,12.2億,5.9億,5.9億,1.81,0.91,-50.05%,-,1.6億,65.1%,132,2019/06/21,3.68,N/A
01643.hk,現代中藥集團,5.8億,8.8億,5.9億,1.5億,1.22,0.82,-32.50%,-,4.9千萬,91.89%,102,2021/01/15,1.18,保健及生物科技
02496.hk,友芝友生物－Ｂ,-6.2千萬,2.4億,5.9億,5.9億,1.23,3.30,168.59%,-,-4.1億,97.89%,49,2023/09/25,16.0,保健及生物科技
02562.hk,獅騰控股,N/A,N/A,5.9億,5.8億,N/A,1.27,N/A,-,-3.4億,62.71%,190,2024/10/30,10.0,科技
01856.hk,依波路,5.9千萬,3.6億,5.8億,5.4億,1.00,1.60,60.69%,-,-8.2千萬,88.81%,63,2014/07/11,3.0,零售及貿易
03999.hk,大成食品,25.4億,28.4億,5.8億,2.4億,2.79,0.56,-79.94%,-,1.1億,91.04%,180,2007/10/04,2.9,食品及飲料製造
06826.hk,昊海生物科技,63.7億,66.7億,5.8億,5.8億,29.15,16.44,-43.61%,557.94%,11.8億,68.37%,159,2015/04/30,59.0,保健及生物科技
03737.hk,中智藥業,12.7億,15.7億,5.8億,2.6億,1.82,0.68,-62.71%,-,3.0億,90.16%,103,2015/07/13,2.46,保健及生物科技
06113.hk,比特策略,N/A,N/A,5.8億,4.7億,N/A,1.45,N/A,-,2.1千萬,95.37%,81,2017/07/12,1.38,影視及傳媒
06182.hk,乙德投資控股,6.8千萬,3.7億,5.8億,5.8億,0.46,0.72,56.52%,-,-3.5千萬,92.78%,95,2018/01/17,0.65,建築及建築材料
01865.hk,鵬高控股集團,9.7千萬,4.0億,5.8億,3.2億,0.28,0.42,51.89%,-,-2.5千萬,73.65%,137,2019/03/27,0.55,建築及建築材料
09919.hk,艾德韋宣集團,3.7億,6.7億,5.8億,5.2億,0.91,0.78,-14.45%,-,2.9億,85.86%,113,2020/01/16,2.02,影視及傳媒
01412.hk,雋思集團,9.0億,12.0億,5.8億,4.8億,2.25,1.08,-51.82%,-,2.7億,87.49%,66,2020/01/16,1.18,工業
02502.hk,金源氫化,11.1億,14.1億,5.8億,5.8億,1.47,0.63,-57.21%,-,5.2百萬,92.36%,95,2023/12/20,1.2,石油化工
02149.hk,貝克微,14.9億,17.9億,5.8億,5.6億,28.47,32.40,13.82%,-,4.3億,56.04%,101,2023/12/28,27.47,科技
00370.hk,港仔機器人,4.7億,7.7億,5.7億,4.6億,0.37,0.27,-26.23%,-,-2.7億,71.8%,201,1996/03/26,1.0,電子
00848.hk,茂業國際,1.4百億,1.5百億,5.7億,5.7億,2.87,0.11,-96.20%,-,-7.1億,89.83%,149,2008/05/05,3.1,零售及貿易
00854.hk,威雅利,5.8億,8.8億,5.7億,1.2億,8.53,5.57,-34.70%,-,-1.8億,97.9%,67,2013/12/06,N/A,電子
01108.hk,凱盛新能,36.1億,39.1億,5.7億,5.6億,6.06,2.29,-62.29%,158.27%,-12.3億,82.4%,152,1994/07/08,3.65,工業
03678.hk,弘業期貨,21.7億,24.7億,5.7億,5.7億,2.45,2.21,-10.05%,303.6%,4.5千萬,82.51%,123,2015/12/30,2.43,金融證券
08188.hk,駿傑集團控股,2.1億,3.1億,5.7億,2.4億,0.65,1.22,88.05%,-,2.3億,78.52%,102,2017/02/22,0.54,N/A
09882.hk,永聯豐控股,1.4億,4.4億,5.7億,1.3億,0.54,0.72,32.35%,-,2.6千萬,89.71%,68,2019/11/15,0.55,電子
02667.hk_depre,同仁堂醫養,N/A,N/A,5.7億,5.7億,N/A,2.60,N/A,-,0.0,88.68%,116,2026/07/07,5.5,保健及生物科技
02667.hk,同仁堂醫養,N/A,N/A,5.7億,5.7億,N/A,2.60,N/A,-,0.0,88.68%,116,2026/07/07,5.5,保健及生物科技
00089.hk,大生地產,80.2億,83.2億,5.6億,1.6億,28.91,1.95,-93.25%,-,-7.8億,79.26%,139,1973/02/21,N/A,地產
00225.hk,博富臨置業,43.8億,46.8億,5.6億,8.9千萬,42.51,5.15,-87.89%,-,-9.9億,90.57%,74,1972/12/19,N/A,地產
00382.hk,中滙集團,52.7億,55.7億,5.6億,1.6億,4.64,0.47,-89.98%,-,6.2億,86.99%,158,2019/07/16,2.85,N/A
01476.hk,金融街證券,1.0百億,1.0百億,5.6億,5.6億,4.02,1.25,-68.89%,-,6.2億,95.76%,75,2015/10/15,3.92,金融證券
01442.hk,鷹輝物流,1.6億,4.5億,5.6億,5.6億,0.22,0.27,22.48%,-,4.3千萬,87.03%,55,2020/01/21,0.31,物流運輸
02402.hk,億華通,23.0億,26.0億,5.6億,5.6億,10.82,12.52,15.69%,437.56%,-14.4億,76.46%,117,2023/01/12,60.0,電子
00099.hk,王氏國際,35.6億,38.6億,5.5億,2.0億,8.07,1.15,-85.75%,-,-8.5億,86.07%,95,1983/12/15,N/A,電子
00201.hk,華大酒店,42.3億,45.3億,5.5億,1.7億,0.51,0.06,-87.76%,-,-6.9千萬,90.14%,161,1972/11/17,N/A,飲食酒店及旅遊
00860.hk,ＡＰＯＬＬＯ出行,13.8億,16.8億,5.5億,4.9億,1.64,0.54,-67.10%,-,-30.6億,71.54%,220,2002/09/03,0.36,工業
01638.hk,佳兆業集團,1.5百億,1.5百億,5.5億,5.2億,1.35,0.04,-97.03%,-,62.0億,66.21%,242,2009/12/09,3.45,地產
08095.hk,北大青鳥環宇,46.8億,47.8億,5.5億,5.4億,3.16,0.64,-79.74%,-,5.0億,52.56%,141,2000/07/27,11.0,N/A
01790.hk,達力環保,14.9億,17.9億,5.5億,1.4億,1.79,0.55,-69.27%,-,1.9億,96.98%,38,2018/11/29,0.58,公用事業
02573.hk,新琪安,7.7億,10.7億,5.5億,5.5億,11.13,5.60,-49.68%,-,1.1億,95.74%,83,2025/06/10,18.9,食品及飲料製造
01565.hk,成實外教育,10.0億,13.0億,5.4億,4.7億,0.43,0.18,-58.32%,-,3.2千萬,71.22%,123,2016/01/15,2.4,其他
09609.hk,海偉股份,N/A,N/A,5.4億,5.4億,N/A,7.74,N/A,-,2.3億,88.2%,91,2025/11/28,14.28,電子
00279.hk,裕承科金,5.9千萬,3.6億,5.3億,5.2億,0.26,0.38,47.88%,-,-1.2億,86.97%,233,1988/05/11,N/A,金融證券
00464.hk,中國智能科技,7.5千萬,3.7億,5.3億,5.2億,0.50,0.70,42.22%,-,-6.5千萬,54.5%,115,2005/06/16,0.55,工業
01268.hk,美東汽車,23.5億,26.5億,5.3億,5.0億,1.97,0.38,-80.71%,-,-31.0億,84.16%,115,2013/12/05,1.8,零售及貿易
01319.hk,靄華押業信貸,11.6億,14.6億,5.3億,5.3億,0.76,0.28,-62.35%,-,2.2億,90.22%,124,2013/03/12,0.98,金融證券
01685.hk,博耳電力,3.5億,6.5億,5.3億,5.3億,0.84,0.62,-25.44%,-,8.5千萬,84.3%,152,2010/10/20,6.38,工業
02000.hk,晨訊科技,14.8億,17.8億,5.3億,2.3億,0.84,0.25,-70.26%,-,2.4億,89.14%,182,2005/06/30,1.7,科技
02178.hk,百勤油服,1.8億,4.8億,5.3億,4.0億,0.28,0.30,10.61%,-,-6.8千萬,75.38%,151,2013/03/06,3.28,石油化工
03828.hk,明輝國際,13.8億,16.8億,5.3億,3.6億,2.28,0.72,-68.44%,-,3.5億,57.9%,146,2007/11/02,2.98,工業
02863.hk,高豐集團控股,2.5億,5.5億,5.3億,5.3億,0.79,0.82,3.52%,-,-4.6千萬,76.67%,94,2017/08/11,0.86,建築及建築材料
01183.hk,澳能建設,N/A,N/A,5.3億,2.5億,N/A,0.13,N/A,-,19.6萬,82.29%,178,2018/02/13,1.25,建築及建築材料
02779.hk,中國新華教育,47.1億,50.1億,5.3億,1.7億,3.12,0.33,-89.41%,-,10.7億,89.65%,148,2018/03/26,3.26,N/A
06890.hk,康利國際控股,10.7億,13.7億,5.3億,5.2億,2.25,0.81,-64.02%,-,2.3億,94.75%,71,2018/11/19,1.02,金屬及採礦
06919.hk,人瑞人才,15.1億,18.1億,5.3億,N/A,11.41,3.37,-70.46%,-,6.7千萬,N/A,103,2019/12/13,26.6,N/A
01334.hk,瑞昌國際控股,4.3億,7.3億,5.3億,2.8億,1.47,1.07,-26.79%,-,7.7千萬,92.48%,68,2024/07/10,1.05,石油化工
00869.hk,彩星玩具,10.5億,13.5億,5.2億,2.4億,1.19,0.46,-61.38%,-,3.4億,78.23%,176,2008/02/01,N/A,工業
02355.hk,寶業集團,1.5百億,1.6百億,5.2億,4.9億,29.91,3.10,-89.64%,-,17.4億,49.19%,104,2003/06/30,1.43,建築及建築材料
00612.hk,嘉文世紀投資公司,5.0億,8.0億,5.2億,4.5億,0.51,0.34,-34.84%,-,-11.1億,58.62%,169,2002/01/02,0.5,金融證券
01317.hk,楓葉教育,22.5億,25.5億,5.2億,5.2億,0.90,0.17,-80.49%,-,5.1百萬,88.47%,164,2014/11/28,2.88,其他
01538.hk,中奧到家,13.0億,16.0億,5.2億,5.2億,1.87,0.60,-68.00%,-,2.9億,81.6%,129,2015/11/25,1.88,地產
08349.hk,硅鑫集團,6.2千萬,1.6億,5.2億,3.1億,0.41,1.29,217.74%,-,-1.1千萬,68.82%,147,2017/01/13,0.35,N/A
01529.hk,樂氏國際控股,2.0億,5.0億,5.2億,3.7億,0.74,0.73,-1.76%,-,-9.0千萬,74.47%,100,2017/10/18,0.3,物流運輸
06933.hk,新娛科控股,7.1千萬,3.7億,5.2億,1.4億,0.87,1.24,43.15%,-,-1.8億,85.96%,100,2020/07/15,1.63,科技
02392.hk,玄武雲,3.2億,6.2億,5.2億,3.3億,1.12,0.93,-17.08%,-,-1.3億,84.33%,107,2022/07/08,6.24,科技
00018.hk,東方傳媒集團,16.8億,19.8億,5.1億,8.9千萬,0.82,0.21,-74.28%,-,1.3億,91.78%,170,1987/08/18,N/A,影視及傳媒
00529.hk,SIS INT'L,36.1億,39.1億,5.1億,1.3億,14.08,1.82,-87.04%,-,2.9億,90.86%,60,1992/08/18,N/A,科技
00588.hk,北京北辰實業股份,1.4百億,1.5百億,5.1億,5.0億,4.34,0.71,-83.64%,376.23%,-64.2億,73.89%,211,1997/05/14,2.4,地產
00829.hk,神冠控股,24.2億,27.2億,5.1億,1.7億,0.84,0.15,-81.94%,-,-1.5千萬,85.71%,166,2009/10/13,3.1,食品及飲料製造
03315.hk,金邦達寶嘉,22.8億,25.8億,5.1億,4.1億,3.20,0.62,-80.63%,-,2.4億,81.47%,145,2013/12/04,5.39,科技
06123.hk,圓通國際快遞,9.8億,12.8億,5.1億,5.1億,3.05,1.23,-59.68%,-,-9.0千萬,80.4%,176,2014/07/11,1.18,物流運輸
01693.hk,璋利國際,N/A,N/A,5.1億,1.7億,N/A,6.41,N/A,-,-2.8千萬,96.31%,102,2017/08/09,0.7,建築及建築材料
01861.hk,保寶龍科技,3.8億,6.8億,5.1億,5.1億,2.91,2.19,-24.65%,-,1.5億,85.58%,95,2019/06/21,N/A,工業
02107.hk,第一服務控股,6.3億,9.3億,5.1億,4.0億,0.73,0.39,-46.73%,-,-8.4百萬,87.19%,118,2020/10/22,2.4,地產
08637.hk,元續科技,N/A,N/A,5.1億,5.0億,N/A,3.39,N/A,-,1.8千萬,87.61%,68,2024/07/02,2.42,N/A
01282.hk,中澤豐,53.9億,56.9億,5.0億,1.4億,1.14,0.11,-90.59%,-,-2.4億,92.63%,196,2010/12/15,0.95,綜合企業
08195.hk,傳承教育集團,4.9億,5.9億,5.0億,3.9億,1.29,1.09,-15.37%,-,8.3千萬,73.66%,147,2014/10/10,0.6,N/A
01520.hk,天機控股,1.7億,4.7億,5.0億,N/A,0.49,0.60,21.66%,-,-2.8億,N/A,143,2013/12/03,0.35,紡織及服飾製造
02337.hk,眾誠能源,5.7億,8.7億,5.0億,4.9億,2.33,1.36,-41.52%,-,1.1億,88.53%,66,2017/10/16,2.68,石油化工
00784.hk,愛生命國際,4.6千萬,3.5億,5.0億,5.0億,0.43,0.61,41.20%,-,-2.0千萬,88.5%,110,2017/12/28,0.5,建築及建築材料
08403.hk,德豐宿來,1.8千萬,1.2億,5.0億,4.9億,0.69,3.10,347.00%,-,-4.4千萬,91.22%,90,2018/06/12,0.145,N/A
02262.hk,梁志天設計集團,3.3億,6.3億,5.0億,5.0億,0.55,0.44,-20.27%,-,-5.8百萬,87.43%,67,2018/07/05,0.88,建築及建築材料
02189.hk,嘉濤（香港）控股,4.5億,7.5億,5.0億,4.7億,0.75,0.49,-34.35%,-,8.6千萬,87.19%,77,2019/06/13,0.6,保健及生物科技
01925.hk,曠世芳香,6.4億,9.4億,5.0億,9.3千萬,2.31,1.24,-46.43%,-,2.3億,95.66%,43,2020/01/16,1.28,零售及貿易
02321.hk,雙財莊,N/A,N/A,5.0億,1.4億,N/A,0.49,N/A,-,8.8千萬,95.76%,98,2022/08/19,0.56,食品及飲料製造
02571.hk,賽目科技,10.5億,13.5億,5.0億,5.0億,10.11,15.00,48.41%,-,1.8億,92.88%,61,2025/01/15,12.99,科技
02651.hk,大眾口腔,3.8億,6.8億,5.0億,4.8億,13.48,25.74,90.97%,-,1.3億,76.68%,76,2025/07/09,20.0,N/A
00160.hk,漢國置業,1.0百億,1.1百億,4.9億,4.8億,14.78,0.69,-95.36%,-,-6.7億,77.61%,159,1972/09/16,N/A,地產
00750.hk,水發興業能源,49.6億,52.6億,4.9億,4.5億,2.09,0.19,-90.75%,-,-5.2千萬,80.81%,195,2009/01/13,1.05,建築及建築材料
00987.hk,中國再生能源投資,19.1億,22.1億,4.9億,4.9億,0.88,0.19,-78.25%,-,5.9千萬,85.2%,265,1994/01/27,1.78,公用事業
01053.hk,重慶鋼鐵股份,1.8百億,1.8百億,4.9億,4.8億,1.86,0.90,-51.65%,1685.7%,-80.7億,54.07%,207,1997/10/17,1.71,金屬及採礦
01255.hk,ＴＡＴＡ健康,-5.4千萬,2.5億,4.9億,1.6億,1.01,2.02,99.24%,-,-8.7千萬,80.03%,96,2013/07/11,2.13,零售及貿易
02389.hk,北京健康,16.6億,19.6億,4.9億,4.8億,0.32,0.08,-75.27%,-,-2.8億,59.49%,182,2002/04/26,0.95,保健及生物科技
01673.hk,華章科技,4.6億,7.6億,4.9億,3.6億,0.47,0.30,-36.75%,-,-8.9千萬,71.08%,66,2013/05/16,1.2,工業
01243.hk,宏安地產,25.7億,28.7億,4.9億,4.9億,0.19,0.03,-83.05%,-,-17.1億,90.58%,157,2016/04/12,0.92,地產
03686.hk,祈福生活服務,6.9億,9.9億,4.9億,1.7億,0.97,0.46,-52.66%,-,5.1億,91.65%,88,2016/11/08,0.46,地產
06628.hk,創勝集團醫藥－Ｂ,7.2億,10.2億,4.9億,4.3億,2.26,1.04,-54.02%,-,-10.4億,63.63%,135,2021/09/29,16.0,保健及生物科技
00524.hk,長城天下,-2.2千萬,2.8億,4.8億,4.8億,1.18,2.03,72.22%,-,-9.1千萬,79.9%,233,1989/04/21,N/A,科技
00550.hk,律齊文化,4.7千萬,3.5億,4.8億,4.7億,0.76,1.00,31.31%,-,-5.4千萬,72.06%,127,2000/07/20,0.28,影視及傳媒
02138.hk,醫思健康,13.9億,16.9億,4.8億,4.8億,1.42,0.43,-69.76%,-,-1.9億,75.19%,168,2016/03/11,3.03,保健及生物科技
01653.hk,MOS HOUSE,1.2億,4.2億,4.8億,2.3億,1.47,1.78,21.47%,-,-1.2百萬,87.58%,92,2018/10/19,0.19,建築及建築材料
08611.hk,九福來,2.9百萬,1.0億,4.8億,2.0億,0.17,0.72,319.89%,-,-8.8百萬,78.5%,101,2018/10/22,0.62,N/A
01909.hk,火岩控股,1.1億,4.1億,4.8億,4.1億,1.68,1.81,7.45%,-,4.8億,79.82%,163,2016/02/18,1.28,科技
01692.hk,登輝控股,3.4億,6.4億,4.8億,7.8千萬,1.78,1.33,-25.43%,-,2.9億,96.01%,71,2019/10/25,1.3,工業
09928.hk,時代鄰里,15.6億,18.6億,4.8億,4.8億,1.89,0.51,-73.30%,-,-2.0億,71.19%,178,2019/12/19,5.15,地產
02159.hk,麥迪衛康,1.5億,4.5億,4.8億,4.3億,1.61,1.74,7.97%,-,-1.4億,81.06%,126,2021/01/19,3.0,保健及生物科技
00606.hk,中駿商管,32.6億,35.6億,4.8億,2.3億,1.84,0.25,-86.62%,-,4.1億,93.35%,119,2021/07/02,3.7,地產
00587.hk,海螺環保,31.5億,34.5億,4.8億,4.8億,1.89,0.27,-85.68%,-,4.3千萬,60.26%,132,2022/03/30,10.0,工業
06922.hk,康灃生物－Ｂ,5.9千萬,3.6億,4.8億,4.8億,1.47,3.00,104.69%,-,-2.6億,94.63%,59,2022/12/30,18.9,N/A
02486.hk,普樂師集團控股,5.5億,8.5億,4.8億,3.8億,7.52,4.22,-43.82%,-,5.1千萬,98.38%,54,2023/05/11,10.6,影視及傳媒
00191.hk,麗新國際,1.4百億,1.4百億,4.7億,2.9億,16.08,0.50,-96.89%,-,-55.1億,82.31%,148,1987/12/03,N/A,綜合企業
00256.hk,冠城鐘錶珠寶,46.9億,49.9億,4.7億,3.8億,0.96,0.09,-90.64%,-,-4.2億,68.75%,194,1991/12/10,N/A,零售及貿易
00556.hk,泛亞環保,11.8億,14.8億,4.7億,1.4億,1.47,0.43,-70.74%,-,2.9千萬,86.09%,124,2007/12/21,2.8,工業
01332.hk,透雲生物,-5.1千萬,2.5億,4.7億,3.2億,0.09,0.14,61.95%,-,-3.3億,65.18%,176,2012/07/12,1.59,工業
01373.hk,國際家居零售,8.7億,11.7億,4.7億,2.5億,1.65,0.65,-60.52%,-,1.5億,74.09%,122,2013/09/25,2.81,零售及貿易
01522.hk,京投交通科技,29.3億,32.3億,4.7億,4.6億,1.54,0.22,-85.71%,-,4.8億,77.61%,158,2012/05/16,1.0,科技
08229.hk,未來數據集團,1.2億,2.2億,4.7億,1.5億,0.39,0.83,111.18%,-,-7.2千萬,91.11%,73,2016/07/08,0.58,N/A
03869.hk,弘和仁愛醫療,5.8億,8.8億,4.7億,1.3億,6.40,3.40,-46.91%,-,2.7億,95.09%,54,2017/03/16,12.8,保健及生物科技
01630.hk,建成控股,1.1億,4.1億,4.7億,4.6億,0.28,0.30,10.51%,-,-5.3千萬,87.77%,139,2017/06/16,0.38,建築及建築材料
06117.hk,日照港裕廊,35.2億,38.2億,4.7億,2.6億,2.30,0.57,-75.22%,-,6.5億,95.61%,100,2019/06/19,1.5,物流運輸
08418.hk,傲迪瑪汽車,3.9千萬,1.4億,4.7億,1.4億,0.16,0.56,238.44%,-,-2.7百萬,93.07%,47,2019/10/11,0.24,N/A
09978.hk,方圓生活服務,-2.4千萬,2.8億,4.7億,1.9億,0.69,1.23,77.37%,-,-2.1億,86.14%,94,2017/11/15,0.79,地產
02165.hk,領悅服務集團,8.1億,11.1億,4.7億,1.9億,3.89,1.60,-58.83%,-,2.9億,96.61%,68,2021/07/12,4.19,地產
02415.hk,梅斯健康,13.7億,16.7億,4.7億,3.3億,2.76,0.75,-72.81%,-,1.1億,92.33%,87,2023/04/27,9.1,保健及生物科技
00159.hk,布萊克萬礦業,4.5億,7.5億,4.6億,2.9億,0.08,0.05,-39.75%,-,-1.0億,72.87%,203,1985/07/05,N/A,金屬及採礦
00432.hk,盈大地產,28.1億,31.1億,4.6億,3.3億,1.53,0.23,-85.26%,-,-7.7億,73.55%,337,1993/09/20,N/A,地產
00672.hk,眾安集團,1.0百億,1.0百億,4.6億,4.6億,1.84,0.08,-95.83%,-,-4.4億,74.66%,250,2007/11/13,6.67,地產
00730.hk,首惠產業金融,14.5億,17.5億,4.6億,3.0億,0.44,0.12,-73.30%,-,9.0千萬,79.48%,189,1991/08/08,N/A,金融證券
00846.hk,明發集團,1.7百億,1.7百億,4.6億,4.6億,2.82,0.08,-97.30%,-,-37.9億,91.86%,91,2009/11/13,2.39,地產
00862.hk,遠見控股,1.2億,4.2億,4.6億,4.5億,1.07,1.18,10.76%,-,-1.2億,79.09%,223,1998/10/14,1.0,物流運輸
01079.hk,松景科技,1.1億,4.1億,4.6億,4.5億,0.19,0.21,11.87%,-,-7.5千萬,73.18%,161,1999/11/26,1.5,N/A
01097.hk,周大福媒體娛樂,-23.8億,-20.8億,4.6億,2.7億,N/A,0.06,N/A,-,-16.3億,74.35%,272,1999/11/24,10.39,影視及傳媒
01116.hk,慧源同創科技,2.2億,5.2億,4.6億,2.4億,0.24,0.21,-11.80%,-,-2.7億,92.62%,102,2004/06/21,0.55,金屬及採礦
01260.hk,皓天財經集團,16.3億,19.3億,4.6億,1.3億,1.68,0.39,-76.78%,-,-2.5千萬,91.87%,119,2012/03/30,1.39,金融證券
08115.hk,清大東方,2.0億,3.0億,4.6億,2.0億,1.41,5.60,297.64%,-,9.5百萬,89.79%,44,2004/06/30,0.54,N/A
01612.hk,永勝醫療,7.2億,10.2億,4.6億,1.8億,1.54,0.69,-55.15%,-,2.3億,81.08%,148,2016/07/13,1.0,保健及生物科技
01746.hk,萬順集團控股,1.2億,4.2億,4.6億,4.6億,0.42,0.55,31.58%,-,-8.7百萬,87.14%,98,2018/07/11,0.52,建築及建築材料
02892.hk,萬城控股,6.4億,9.4億,4.6億,1.2億,1.25,0.61,-50.98%,-,-6.7億,98.98%,34,2018/12/20,1.2,地產
01756.hk,中國科教產業,51.2億,54.2億,4.6億,4.6億,4.52,0.36,-92.03%,-,3.9億,89.74%,86,2019/11/25,3.26,其他
01402.hk,超智能控股,1.2億,4.2億,4.6億,4.6億,0.40,0.41,3.12%,-,-3.1千萬,92.93%,116,2015/05/27,0.36,N/A
02381.hk,蜆壳電業,1.3億,4.3億,4.6億,4.6億,0.21,0.23,5.63%,-,5.7千萬,91.62%,114,2020/06/02,0.25,工業
02185.hk,百心安－Ｂ,5.1億,8.1億,4.6億,4.6億,3.31,1.80,-45.49%,-,-3.6億,72.91%,128,2021/12/23,21.25,保健及生物科技
02438.hk,出門問問,2.7億,5.7億,4.6億,3.3億,0.37,0.31,-16.10%,-,-17.3億,71.13%,161,2024/04/24,3.8,科技
00519.hk,諾科達科技,7.7億,10.7億,4.5億,2.8億,0.35,0.15,-58.19%,-,-8.5千萬,72.9%,176,1986/03/24,N/A,地產
00825.hk,新世界百貨中國,35.7億,38.7億,4.5億,1.2億,2.29,0.27,-88.22%,-,-2.8億,88.74%,189,2007/07/12,5.8,零售及貿易
01661.hk,中國前沿科技集團,3.4億,6.4億,4.5億,3.5億,3.38,2.40,-29.23%,-,-1.9億,60.96%,166,2013/07/11,2.11,其他
01777.hk,花樣年控股,-8.5百億,-8.5百億,4.5億,N/A,N/A,0.09,N/A,-,-2.6百億,N/A,245,2009/11/25,2.18,地產
02033.hk,時計寶,22.3億,25.3億,4.5億,4.5億,1.23,0.22,-82.11%,-,5.3千萬,86.37%,141,2013/02/05,1.35,零售及貿易
08026.hk,朗華國際集團,3.5億,4.5億,4.5億,4.3億,0.29,0.29,0.70%,-,-5.9千萬,81.04%,110,2000/03/28,4.5,N/A
08041.hk,中微智碼,1.7千萬,1.2億,4.5億,4.1億,0.14,0.53,270.58%,-,-1.2千萬,89.57%,123,2000/07/07,1.78,N/A
01569.hk,民生教育,50.9億,53.9億,4.5億,2.2億,1.28,0.10,-91.86%,-,-6.7億,85.03%,127,2017/03/22,1.38,N/A
02683.hk,華新手袋國際控股,3.3億,6.3億,4.5億,1.2億,1.55,1.09,-29.23%,-,9.3千萬,86.99%,103,2018/01/22,1.18,紡織及服飾製造
02003.hk,維信金科,45.9億,48.9億,4.5億,4.5億,10.00,0.91,-90.90%,-,0.0,85.14%,130,2018/06/21,20.0,金融證券
02540.hk,樂思集團,9.1億,12.1億,4.5億,1.7億,2.01,0.75,-62.71%,-,1.9億,91.62%,76,2024/03/08,1.1,影視及傳媒
02625.hk,江蘇宏信,8.4億,11.4億,4.5億,3.5億,4.83,2.00,-58.63%,-,1.4億,93.92%,68,2025/03/31,2.5,零售及貿易
00097.hk,恒基發展,9.9億,12.9億,4.4億,1.3億,0.42,0.14,-66.31%,-,-2.6億,83.13%,198,1972/11/06,N/A,零售及貿易
00458.hk,聯亞集團,13.3億,16.3億,4.4億,4.1億,5.95,1.60,-73.11%,-,4.5億,94.02%,64,1988/01/06,N/A,紡織及服飾製造
00698.hk,通達集團,29.4億,32.4億,4.4億,2.6億,16.62,2.08,-87.48%,-,-50.5億,67.12%,227,2000/12/22,1.0,電子
00717.hk,英皇資本,36.6億,39.6億,4.4億,2.7億,0.59,0.07,-88.43%,-,5.3千萬,66.42%,235,2007/04/24,0.38,金融證券
01023.hk,時代集團控股,9.7千萬,4.0億,4.4億,4.4億,0.41,0.47,13.21%,-,1.3億,83.62%,111,2011/12/06,2.95,紡織及服飾製造
01037.hk,雲智匯科技,4.7億,7.7億,4.4億,2.6億,1.09,0.62,-42.76%,-,-4.8千萬,71.45%,169,1994/04/14,1.17,科技
01808.hk,企展控股,6.0億,9.0億,4.4億,4.4億,3.66,2.06,-43.70%,-,2.5億,61.79%,192,2007/01/11,1.66,N/A
03882.hk,天彩控股,1.1千萬,3.1億,4.4億,3.1億,0.31,0.44,42.65%,-,-1.9億,75.01%,120,2015/07/02,3.38,工業
06038.hk,信越控股,3.0億,6.0億,4.4億,1.0億,0.60,0.44,-26.19%,-,1.6億,90.49%,96,2017/06/13,0.41,建築及建築材料
02500.hk,啓明醫療－Ｂ,20.5億,23.5億,4.4億,4.3億,5.33,1.00,-81.25%,-,-19.9億,53.21%,168,2019/12/10,33.0,保健及生物科技
02257.hk,聖諾醫藥－Ｂ,-8.1千萬,2.2億,4.4億,4.3億,1.96,3.95,101.94%,-,-11.3億,57.22%,127,2021/12/30,65.9,保健及生物科技
00169.hk,萬達酒店發展,18.3億,21.3億,4.3億,1.5億,0.45,0.09,-80.61%,-,13.5億,87.41%,164,2002/06/04,1.0,飲食酒店及旅遊
00360.hk,新焦點,4.0億,7.0億,4.3億,3.9億,0.04,0.03,-31.22%,-,-3.1億,80.29%,157,2005/02/28,0.94,工業
00567.hk,金安智能,5.0千萬,3.5億,4.3億,4.3億,0.22,0.27,24.45%,-,-3.3千萬,75.64%,153,1990/01/31,N/A,工業
01271.hk,佳明集團控股,23.8億,26.8億,4.3億,3.6億,1.88,0.30,-84.08%,-,6.4百萬,94.31%,81,2013/08/09,1.11,地產
01622.hk,力高集團,-60.4億,-57.4億,4.3億,1.7億,N/A,0.11,N/A,-,-79.3億,89.88%,113,2014/01/30,2.5,地產
02329.hk,國瑞健康,94.4億,97.4億,4.3億,3.2億,2.19,0.10,-95.62%,-,-39.7億,86.98%,99,2014/07/07,2.38,地產
01327.hk,勵時集團,3.4千萬,3.3億,4.3億,4.0億,1.29,1.65,27.83%,-,-1.2億,83.14%,148,2015/01/30,1.1,零售及貿易
01617.hk,南方通信,9.9億,12.9億,4.3億,3.9億,0.79,0.28,-64.65%,-,8.2千萬,78.79%,150,2016/12/12,1.02,N/A
01832.hk,海天地悅旅,1.4億,4.4億,4.3億,8.6千萬,1.22,1.21,-1.14%,-,-4.6億,96.07%,78,2019/05/16,3.54,飲食酒店及旅遊
01945.hk,清科控股,7.4億,10.4億,4.3億,2.1億,3.52,1.45,-58.97%,-,1.1億,73.95%,167,2020/12/30,11.0,金融證券
00366.hk,陸氏集團（越南）,23.1億,26.1億,4.2億,1.3億,5.21,0.81,-84.35%,-,-6.1千萬,85.56%,155,1987/01/07,N/A,建築及建築材料
00439.hk,瀚源控股,27.7億,30.7億,4.2億,4.0億,4.98,0.69,-86.14%,-,-2.0億,67.96%,204,1992/03/11,N/A,科技
00673.hk,中國衛生集團,5.3千萬,3.5億,4.2億,1.8億,0.25,0.30,19.95%,-,-1.1億,81.84%,186,1996/10/14,1.0,保健及生物科技
00731.hk,建發新勝,1.0億,4.0億,4.2億,1.3億,0.29,0.30,5.24%,-,-1.8億,85.88%,143,1995/12/01,1.28,工業
02239.hk,國微控股,9.8億,12.8億,4.2億,4.2億,3.93,1.30,-66.93%,-,-4.5億,81.93%,79,2016/03/30,3.78,科技
08350.hk,立橋證券控股,1.4億,2.4億,4.2億,4.1億,0.25,0.43,69.79%,-,5.9千萬,94.42%,71,2018/01/12,0.4,N/A
06908.hk,宏光半導體,7.1億,10.1億,4.2億,3.9億,0.86,0.35,-58.90%,-,-4.6億,68.1%,161,2016/12/30,0.63,工業
01936.hk,利特米,1.6億,4.6億,4.2億,8.8千萬,0.98,0.91,-7.26%,-,2.9千萬,93.93%,89,2020/05/13,1.0,食品及飲料製造
02205.hk,康橋悅生活,8.0億,11.0億,4.2億,1.2億,1.57,0.60,-61.80%,-,5.3千萬,94.64%,74,2021/07/16,3.68,地產
00111.hk,信達國際控股,10.6億,13.6億,4.1億,4.1億,2.13,0.65,-69.67%,-,7.8千萬,78.51%,140,2000/08/01,1.0,金融證券
00235.hk,中策資本控股,21.8億,24.8億,4.1億,3.4億,0.12,0.02,-83.57%,-,1.8千萬,53.25%,279,1972/12/04,N/A,金融證券
00236.hk,香港生力啤,7.1億,10.1億,4.1億,1.0億,2.70,1.08,-60.06%,-,1.4億,88.26%,118,N/A,N/A,食品及飲料製造
00367.hk,莊士機構國際,73.3億,76.3億,4.1億,1.9億,4.56,0.24,-94.65%,-,-15.2億,68.24%,190,1987/01/16,N/A,地產
00641.hk,中國恒天立信國際,10.5億,13.5億,4.1億,1.7億,1.22,0.37,-69.76%,-,-3.5億,89.85%,101,1990/10/12,N/A,工業
02336.hk,碩奧國際,3.8億,6.8億,4.1億,1.7億,0.38,0.23,-39.39%,-,-2.7千萬,85.06%,119,2003/03/03,0.5,金屬及採礦
08049.hk,吉林長龍藥業,21.1億,22.1億,4.1億,3.1億,3.94,2.35,-40.39%,-,5.8億,63.72%,84,2001/05/24,0.5,N/A
08246.hk,中華燃氣,1.9億,2.9億,4.1億,8.7千萬,0.49,0.76,56.16%,-,-7.5千萬,90.0%,82,2011/12/30,0.72,N/A
01631.hk,REF HOLDINGS,1.1億,4.1億,4.1億,1.6億,1.33,1.35,1.38%,-,2.0千萬,90.65%,77,2015/09/25,0.75,工業
01719.hk,中國通商集團,8.1億,11.1億,4.1億,4.1億,0.64,0.24,-63.02%,-,3.9千萬,96.06%,96,2005/09/16,0.6,物流運輸
02680.hk,南強控股,2.0億,5.0億,4.1億,4.1億,8.31,6.91,-16.85%,-,-3.4千萬,88.84%,109,2018/09/14,1.8,金融證券
02101.hk,福祿控股,14.2億,17.2億,4.1億,1.8億,4.24,1.03,-75.58%,-,1.5億,90.28%,136,2020/09/18,8.9,科技
02396.hk,青城新藥－Ｂ,6.5億,9.5億,4.1億,4.1億,8.05,4.88,-39.42%,-,-5.7億,87.68%,100,2025/12/22,38.2,保健及生物科技
00090.hk,普星能量,10.6億,13.6億,4.0億,4.0億,2.96,0.86,-70.75%,-,1.8億,86.22%,119,2009/07/10,1.66,公用事業
00114.hk,HERALD HOLD,6.1億,9.1億,4.0億,2.7億,1.50,0.67,-55.40%,-,1.8千萬,88.83%,137,N/A,N/A,工業
00219.hk,順豪物業,68.9億,71.9億,4.0億,1.9億,12.40,0.69,-94.39%,-,-5.4億,79.21%,166,1973/05/10,N/A,飲食酒店及旅遊
00244.hk,先施,-1.3千萬,2.9億,4.0億,3.9億,0.22,0.30,39.70%,-,-1.5億,91.94%,122,N/A,N/A,零售及貿易
01303.hk,滙力資源,12.5億,15.5億,4.0億,2.7億,0.74,0.18,-75.59%,-,3.7億,83.5%,99,2012/01/12,1.7,金屬及採礦
01399.hk,銳信控股,12.8億,15.8億,4.0億,2.1億,1.45,0.37,-74.44%,-,3.3千萬,79.07%,155,2006/12/21,2.02,電子
01599.hk,城建設計,92.7億,95.7億,4.0億,4.0億,7.10,1.02,-85.63%,-,20.8億,52.55%,125,2014/07/08,2.75,建築及建築材料
08521.hk,智雲國際控股,1.7億,2.7億,4.0億,2.7億,0.42,0.64,51.84%,-,-2.0千萬,93.49%,64,2018/05/16,0.58,N/A
02230.hk,羚邦集團,6.4億,9.4億,4.0億,1.1億,0.47,0.20,-57.89%,-,1.0億,88.36%,135,2019/05/21,0.45,影視及傳媒
02187.hk,智欣集團控股,4.5億,7.5億,4.0億,1.6億,0.83,0.45,-45.87%,-,-1.3億,80.64%,107,2021/03/26,1.5,建築及建築材料
09982.hk,中原建業,36.2億,39.2億,4.0億,2.6億,0.84,0.09,-89.70%,-,3.4億,74.28%,166,2021/05/31,3.0,建築及建築材料
02177.hk,優趣匯控股,7.7億,10.7億,4.0億,2.4億,6.43,2.40,-62.70%,-,4.7千萬,95.19%,114,2021/07/12,11.86,科技
02457.hk,步陽國際,4.8億,7.8億,4.0億,10.0千萬,0.78,0.40,-48.62%,-,7.8千萬,97.72%,75,2022/12/15,0.5,工業
00228.hk,中能控股,22.2億,25.2億,3.9億,1.1億,5.52,0.85,-84.59%,-,1.2億,81.04%,184,2002/02/18,0.2,石油化工
00229.hk,利民實業,6.5億,9.5億,3.9億,2.2億,1.90,0.77,-59.48%,-,1.6億,73.67%,123,1984/11/22,N/A,工業
00377.hk,中國華君,-1.4百億,-1.4百億,3.9億,2.9億,N/A,4.45,N/A,-,-45.5億,91.23%,114,1993/04/19,N/A,N/A
01098.hk,路勁,35.2億,38.2億,3.9億,2.6億,5.10,0.54,-89.50%,-,-1.4百億,84.71%,174,1996/07/04,8.4,地產
01868.hk,同方友友,18.1億,21.1億,3.9億,2.0億,1.01,0.18,-81.67%,-,7.7千萬,87.51%,170,2006/12/15,6.9,工業
01786.hk,鐵建裝備,71.9億,74.9億,3.9億,3.8億,4.93,0.70,-85.69%,-,4.6億,57.47%,150,2015/12/16,5.25,工業
01608.hk,偉能集團,13.8億,16.8億,3.9億,3.8億,0.25,0.06,-77.37%,-,-32.9億,89.59%,128,2016/11/24,2.88,公用事業
01601.hk,中關村科技租賃,38.0億,41.0億,3.9億,3.9億,2.54,0.75,-70.47%,-,8.8億,86.26%,103,2020/01/21,1.52,金融證券
00037.hk,遠東酒店實業,2.9億,5.9億,3.8億,2.2億,0.79,0.51,-35.41%,-,-6.8千萬,73.0%,158,1979/07/03,N/A,飲食酒店及旅遊
00078.hk,REGAL INT'L,55.0億,58.0億,3.8億,2.8億,6.46,0.46,-92.95%,-,-57.0億,83.99%,198,N/A,N/A,飲食酒店及旅遊
00320.hk,金寶通,14.5億,17.5億,3.8億,2.2億,2.07,0.45,-78.28%,-,1.8億,74.38%,131,2006/10/09,2.28,電子
02023.hk,中國綠島科技,7.0億,10.0億,3.8億,3.8億,2.02,0.73,-63.69%,-,1.7億,92.34%,88,2013/10/11,0.8,工業
01753.hk,兌吧,14.1億,17.1億,3.8億,3.4億,1.59,0.46,-71.04%,-,-1.3億,78.25%,179,2019/05/07,6.0,影視及傳媒
06093.hk,和泓服務,6.7億,9.7億,3.8億,3.3億,1.73,0.68,-60.75%,-,7.2千萬,94.51%,42,2019/07/12,1.28,地產
01401.hk,未來機器有限公司,6.3億,9.3億,3.8億,3.7億,0.62,0.25,-59.47%,-,9.9千萬,62.94%,125,2019/11/13,0.5,科技
02528.hk,尚晉國際控股,2.1億,5.1億,3.8億,9.4千萬,1.28,0.93,-27.85%,-,-3.6千萬,91.87%,67,2020/01/13,2.0,零售及貿易
09983.hk,建業新生活,22.0億,25.0億,3.8億,3.8億,1.93,0.29,-84.95%,-,-2.3億,82.28%,160,2020/05/15,6.85,地產
02440.hk,迷策略,3.3億,6.3億,3.8億,3.3億,1.51,0.89,-41.05%,-,-2.3億,83.33%,128,2022/12/12,2.73,N/A
02551.hk,晶科電子股份,15.4億,18.4億,3.8億,3.8億,3.43,1.50,-56.36%,-,2.5億,93.21%,94,2024/11/08,3.61,工業
00252.hk,華信地產財務,11.6億,14.6億,3.7億,2.1億,6.48,1.62,-75.01%,-,3.1千萬,96.73%,52,N/A,N/A,工業
01159.hk,智數科技集團,-1.5億,1.5億,3.7億,2.7億,1.06,2.58,143.21%,-,1.3億,67.94%,135,1998/03/13,0.7,影視及傳媒
01371.hk,中國生態旅遊,-1.7百億,-1.6百億,3.7億,1.5千萬,N/A,1.07,N/A,-,-5.6億,98.81%,242,2001/10/26,0.24,飲食酒店及旅遊
01623.hk,海隆控股,34.6億,37.6億,3.7億,3.0億,2.21,0.23,-89.84%,-,-1.7億,75.01%,169,2011/04/21,2.6,石油化工
08189.hk,泰達生物,1.5千萬,1.1億,3.7億,3.4億,0.05,0.26,373.56%,-,-1.5億,62.69%,95,2002/06/18,0.98,N/A
01556.hk,建業建榮,8.8億,11.8億,3.7億,9.1千萬,0.79,0.25,-68.40%,-,3.8億,84.25%,135,2015/11/11,0.59,建築及建築材料
02031.hk,澳至尊,2.1億,5.1億,3.7億,1.6億,0.67,0.47,-30.24%,-,5.9千萬,97.73%,64,2016/09/12,0.55,保健及生物科技
01720.hk,普天通信集團,7.2億,10.2億,3.7億,3.7億,0.93,0.33,-64.94%,-,5.6千萬,86.11%,123,2017/11/09,0.66,N/A
02885.hk,彼岸控股,2.6億,5.6億,3.7億,9.2千萬,1.41,0.92,-34.84%,-,-3.3百萬,90.79%,84,2019/01/11,1.25,電子
06677.hk,遠洋服務,8.4億,11.4億,3.7億,1.7億,0.97,0.31,-67.90%,-,-14.5億,85.02%,132,2020/12/17,5.88,地產
00039.hk,中國北大荒,2.6億,5.6億,3.6億,2.6億,0.07,0.04,-35.09%,-,-6.7億,68.5%,174,2001/01/16,1.0,食品及飲料製造
00311.hk,聯泰控股,12.9億,15.9億,3.6億,1.3億,1.54,0.35,-77.27%,-,-2.8億,96.24%,106,2004/07/15,2.975,紡織及服飾製造
00690.hk,聯康生物科技集團,4.5億,7.5億,3.6億,3.0億,0.13,0.06,-50.50%,-,2.5億,63.0%,195,2001/11/12,1.0,保健及生物科技
00979.hk,綠色能源科技集團,3.5千萬,3.4億,3.6億,1.3億,0.25,0.26,3.16%,-,-3.9千萬,81.39%,207,1997/06/26,1.65,N/A
01011.hk,泰凌醫藥,-1.3億,1.7億,3.6億,2.0億,0.18,0.38,111.21%,-,-2.4億,90.58%,196,2011/04/20,4.54,保健及生物科技
03623.hk,中國金融發展,3.7億,6.7億,3.6億,3.2億,1.06,0.56,-46.59%,-,-1.1億,79.37%,116,2013/11/13,2.68,金融證券
03778.hk,中國織材控股,7.6億,10.6億,3.6億,1.3億,8.47,2.90,-65.68%,-,-4.9千萬,89.61%,50,2011/12/22,0.7,紡織及服飾製造
08120.hk,國農金融投資,4.3千萬,1.4億,3.6億,2.9億,0.88,2.20,150.03%,-,-1.1億,74.77%,163,2001/04/10,0.55,N/A
06118.hk,奧星生命科技,9.6億,12.6億,3.6億,1.2億,2.45,0.69,-72.08%,-,-7.0千萬,83.28%,148,2014/11/07,3.12,保健及生物科技
00722.hk,聯合醫務,7.5億,10.5億,3.6億,1.7億,1.29,0.45,-65.14%,-,1.3億,83.42%,111,2015/11/27,2.06,保健及生物科技
06083.hk,環宇物流（亞洲）,1.1億,4.1億,3.6億,3.2億,0.81,0.69,-14.70%,-,5.7千萬,84.6%,95,2015/12/29,0.5,物流運輸
08507.hk,愛世紀集團,1.7千萬,1.2億,3.6億,3.3億,0.15,0.40,173.97%,-,-1.7千萬,81.56%,105,2018/04/16,0.58,N/A
02131.hk,云想科技,10.6億,13.6億,3.6億,3.3億,1.70,0.46,-73.30%,-,-1.9億,72.48%,184,2020/12/17,6.98,影視及傳媒
02325.hk,雲康集團,13.4億,16.4億,3.6億,3.5億,2.65,0.57,-78.47%,-,-9.5億,81.86%,91,2022/05/18,7.89,保健及生物科技
00124.hk,粵海置地,32.9億,35.9億,3.5億,2.0億,2.10,0.20,-90.28%,-,-44.2億,65.22%,263,1997/08/08,1.8,地產
00202.hk,潤中國際控股,9.5億,12.5億,3.5億,2.1億,0.17,0.05,-71.95%,-,-5.6億,92.75%,183,N/A,N/A,食品及飲料製造
00227.hk,第一上海,24.5億,27.5億,3.5億,1.6億,1.26,0.15,-87.75%,-,-2.7千萬,79.15%,212,1972/08/24,N/A,金融證券
00608.hk,達利國際,33.5億,36.5億,3.5億,3.4億,11.96,1.12,-90.63%,-,2.8億,15.7%,59,1992/08/04,N/A,紡織及服飾製造
00852.hk,海峽石油化工,7.3億,10.3億,3.5億,1.7億,0.49,0.17,-65.93%,-,-8.9千萬,87.06%,117,2009/01/12,2.5,石油化工
01073.hk,大禹金融,6.7億,9.7億,3.5億,3.1億,0.28,0.10,-64.28%,-,-10.0千萬,93.51%,162,1999/11/25,1.2,金融證券
02226.hk,老恒和釀造,-39.2億,-36.2億,3.5億,3.0億,N/A,0.66,N/A,-,-17.0億,81.13%,141,2014/01/28,7.15,食品及飲料製造
03368.hk,百盛集團,32.9億,35.9億,3.5億,2.2億,1.36,0.13,-90.32%,-,-3.2億,80.74%,157,2005/11/30,9.8,零售及貿易
06830.hk,華眾車載,16.4億,19.4億,3.5億,7.0千萬,1.10,0.20,-81.94%,-,1.3億,89.66%,112,2012/01/12,1.4,工業
08328.hk,信義儲電,8.8億,9.8億,3.5億,1.9億,1.25,0.44,-64.86%,-,-1.7億,84.37%,178,2016/07/11,0.7,N/A
01705.hk,賓仕國際,1.5億,4.5億,3.5億,1.8億,1.13,0.87,-22.87%,-,5.1千萬,88.64%,137,2018/03/14,1.0,食品及飲料製造
01827.hk,卓珈控股,1.6億,4.6億,3.5億,3.5億,1.15,0.87,-24.08%,-,-2.0百萬,90.74%,81,2017/01/10,0.8,保健及生物科技
03860.hk,ＥＰＳ創健科技,1.2億,4.2億,3.5億,3.1億,0.72,0.54,-24.80%,-,1.7千萬,92.5%,72,2017/05/31,0.5,紡織及服飾製造
09998.hk,光榮控股,2.3億,5.3億,3.5億,8.8千萬,0.66,0.44,-33.21%,-,1.7千萬,91.69%,69,2020/01/08,0.65,建築及建築材料
02216.hk,堃博醫療－Ｂ,11.7億,14.7億,3.5億,3.0億,2.80,0.66,-76.57%,-,-4.8億,64.46%,120,2021/09/24,18.7,保健及生物科技
02250.hk,小黃鴨德盈,9.6千萬,4.0億,3.5億,2.4億,0.39,0.35,-10.83%,-,-1.8億,91.07%,121,2022/01/17,2.05,影視及傳媒
06698.hk,星空華文,29.3億,32.3億,3.5億,3.5億,8.14,0.87,-89.31%,-,-21.4億,84.51%,121,2022/12/29,26.5,影視及傳媒
00082.hk,瘋狂體育,7.1億,10.1億,3.4億,3.2億,0.22,0.07,-67.16%,-,-4.1千萬,53.53%,254,1991/10/25,N/A,影視及傳媒
00265.hk,港譽智慧城市服務,3.1億,6.1億,3.4億,2.8億,2.36,1.33,-43.62%,-,7.0千萬,89.86%,105,N/A,N/A,地產
00337.hk,綠地香港,94.2億,97.2億,3.4億,2.3億,3.48,0.12,-96.52%,-,-67.1億,76.04%,188,2006/10/10,4.78,N/A
00629.hk,悅達國際控股,5.4億,8.4億,3.4億,3.4億,0.72,0.29,-59.85%,-,5.5千萬,85.2%,94,2001/11/29,0.89,金融證券
00895.hk,東江環保,27.7億,30.7億,3.4億,3.4億,2.77,1.68,-39.63%,452.25%,-30.5億,68.9%,121,2003/01/29,0.338,工業
01813.hk,合景泰富集團,19.8億,22.8億,3.4億,1.8億,0.67,0.10,-85.29%,-,-3.3百億,76.24%,247,2007/07/03,7.28,地產
02700.hk,格林國際控股,3.7千萬,3.4億,3.4億,1.3億,0.51,0.55,7.71%,-,-1.5千萬,95.01%,128,2006/09/29,1.1,保健及生物科技
06833.hk,興科蓉醫藥,8.1億,11.1億,3.4億,3.2億,0.54,0.17,-69.52%,-,1.3億,71.95%,119,2016/03/10,0.8,保健及生物科技
03638.hk,亨利加集團,2.1億,5.1億,3.4億,3.0億,6.69,4.00,-40.21%,-,-6.1千萬,86.87%,91,2013/09/09,0.9,科技
00994.hk,中天宏信,1.8億,4.8億,3.4億,3.3億,0.37,0.26,-30.78%,-,-7.8千萬,74.87%,124,2017/07/17,0.86,公用事業
02116.hk,江蘇創新,2.8億,5.8億,3.4億,8.5千萬,1.21,0.71,-41.46%,-,5.6千萬,93.01%,103,2018/03/28,1.25,石油化工
01587.hk,欣融國際,5.6億,8.6億,3.4億,8.5千萬,1.27,0.50,-60.52%,-,1.3億,91.94%,71,2018/06/27,0.75,食品及飲料製造
01825.hk,STERLING GP,-2.6千萬,2.7億,3.4億,3.1億,6.61,8.15,23.26%,-,-4.6百萬,53.18%,94,2018/10/19,0.4,紡織及服飾製造
01767.hk,TS WONDERS,1.8億,4.8億,3.4億,3.3億,0.48,0.34,-29.61%,-,1.5千萬,89.48%,82,2019/01/14,0.5,食品及飲料製造
01867.hk,標準發展集團,7.9千萬,3.8億,3.4億,8.6千萬,0.25,0.23,-9.77%,-,-7.0千萬,91.12%,91,2017/01/12,0.255,建築及建築材料
01960.hk,TBKS HLDGS,4.7千萬,3.5億,3.4億,1.2億,0.35,0.34,-0.48%,-,-7.0千萬,95.37%,75,2019/09/30,0.5,建築及建築材料
02347.hk,友和集團,2.7億,5.7億,3.4億,2.3億,1.17,0.70,-40.26%,-,4.3千萬,88.33%,90,2022/06/10,2.1,零售及貿易
02439.hk,中寶新材,8.2億,11.2億,3.4億,1.9億,0.93,0.29,-68.35%,-,2.4億,78.92%,115,2023/03/31,1.05,工業
01973.hk,天圖投資,76.2億,79.2億,3.4億,3.4億,11.42,1.97,-82.75%,-,-16.9億,80.21%,58,2023/10/06,6.5,金融證券
02649.hk,優樂賽共享,N/A,N/A,3.4億,3.4億,N/A,3.90,N/A,-,1.3億,84.94%,113,2026/03/09,11.0,工業
00021.hk,大中華控股,6.0億,9.0億,3.3億,1.0億,0.23,0.09,-59.55%,-,-2.6億,89.15%,115,N/A,N/A,地產
00137.hk,金輝集團,16.7億,19.7億,3.3億,2.3億,3.71,0.64,-82.77%,-,-1.8億,92.4%,118,1991/12/06,N/A,物流運輸
00496.hk,卡森國際,46.2億,49.2億,3.3億,2.3億,2.68,0.18,-93.35%,-,1.8億,89.64%,126,2005/10/20,2.55,工業
00767.hk,中基長壽科學,4.0億,7.0億,3.3億,2.3億,1.10,0.51,-53.89%,-,-4.9千萬,73.73%,203,1995/11/20,1.15,保健及生物科技
00827.hk,玖源集團,-2.9億,5.5百萬,3.3億,2.4億,0.00,0.04,5692.34%,-,-15.4億,59.3%,172,2003/07/10,0.4,保健及生物科技
00833.hk,華訊,7.0億,10.0億,3.3億,2.4億,2.11,0.67,-68.50%,-,2.2億,71.11%,134,2005/07/15,0.8,電子
00897.hk,位元堂,11.7億,14.7億,3.3億,3.3億,1.32,0.29,-77.64%,-,-8.3百萬,83.15%,225,1997/10/31,N/A,保健及生物科技
00943.hk,中證國際,5.6億,8.6億,3.3億,5.9千萬,0.42,0.16,-61.59%,-,-7.8億,93.38%,203,1997/06/25,1.08,工業
01130.hk,中國環境資源,4.2億,7.2億,3.3億,3.2億,1.28,0.58,-54.69%,-,-1.4億,73.1%,201,1997/06/03,1.15,零售及貿易
01132.hk,橙天嘉禾,12.9億,15.9億,3.3億,3.1億,0.57,0.11,-80.08%,-,-2.8億,82.01%,155,1994/11/23,1.93,影視及傳媒
01251.hk,華油能源,10.4億,13.4億,3.3億,3.3億,0.68,0.19,-72.68%,-,-3.9億,65.09%,156,2011/12/23,1.23,石油化工
01226.hk,中國投融資,2.9億,5.9億,3.3億,2.8億,1.44,0.80,-44.68%,-,-4.3千萬,80.25%,136,2002/09/19,0.5,金融證券
08431.hk,浩柏國際,1.4千萬,1.1億,3.3億,2.1億,0.48,1.38,185.29%,-,-3.0千萬,86.32%,105,2017/05/26,0.2,N/A
02119.hk,捷榮國際控股,5.5億,8.5億,3.3億,9.4千萬,1.18,0.46,-61.06%,-,1.5億,87.14%,155,2018/05/11,1.98,食品及飲料製造
08512.hk,凱富善集團控股,7.7億,8.7億,3.3億,9.9千萬,0.94,0.35,-62.96%,-,3.8億,91.08%,78,2018/07/19,0.295,N/A
01429.hk,天任集團,1.2億,4.2億,3.3億,3.3億,0.26,0.19,-27.06%,-,-1.4億,83.31%,127,2020/09/29,0.35,建築及建築材料
09955.hk,智雲健康,6.4億,9.4億,3.3億,3.2億,1.45,0.50,-65.61%,-,-19.3億,56.27%,130,2022/07/06,30.5,保健及生物科技
02237.hk,中國石墨,5.1億,8.1億,3.3億,1.1億,0.51,0.20,-59.71%,-,1.6千萬,88.96%,132,2022/07/18,0.325,金屬及採礦
01947.hk,美皓集團,1.2億,4.2億,3.3億,2.8億,0.70,0.55,-21.96%,-,-6.5千萬,92.19%,74,2022/12/14,0.84,保健及生物科技
02543.hk,大行科工,6.1億,9.1億,3.3億,3.3億,27.90,36.48,30.76%,-,1.6億,58.2%,118,2025/09/09,49.5,工業
00096.hk,YUSEI,12.2億,15.2億,3.2億,8.2千萬,2.38,0.51,-78.80%,-,3.0億,94.74%,53,2005/10/13,1.25,工業
00213.hk,NATIONAL ELEC H,26.5億,29.5億,3.2億,1.1億,3.23,0.35,-89.17%,-,1.4億,86.08%,127,1985/02/04,N/A,零售及貿易
00936.hk,佳兆業資本,4.2千萬,3.4億,3.2億,2.9億,0.32,0.33,2.16%,-,-1.0億,89.9%,91,2010/07/19,1.0,工業
01087.hk,威訊控股,2.3億,5.3億,3.2億,2.4億,2.21,1.35,-39.01%,-,-1.7億,85.03%,153,2010/11/16,2.8,科技
01102.hk,環能國際,3.1千萬,3.3億,3.2億,1.4億,0.12,0.11,-5.22%,-,-5.9千萬,82.79%,216,2003/02/18,0.38,建築及建築材料
01397.hk,碧瑤綠色集團,4.9億,7.9億,3.2億,3.2億,1.91,0.78,-59.38%,-,2.0億,85.55%,98,2014/05/22,1.2,工業
01812.hk,晨鳴紙業,10.5億,13.5億,3.2億,3.2億,0.46,0.61,33.88%,323.06%,-1.9百億,60.26%,196,2008/06/18,9.0,工業
01900.hk,中國智能交通,21.3億,24.3億,3.2億,2.7億,1.41,0.18,-86.89%,-,2.5億,79.29%,172,2010/07/15,3.49,基建
01938.hk,珠江鋼管,17.4億,20.4億,3.2億,1.7億,2.02,0.25,-87.61%,-,7.0億,83.83%,167,2010/02/10,4.5,石油化工
03688.hk,萊蒙國際,33.0億,36.0億,3.2億,2.5億,2.55,0.20,-92.07%,-,-56.2億,85.98%,105,2011/03/23,6.23,地產
01667.hk,迪米生活控股,1.1千萬,3.1億,3.2億,1.8億,0.32,0.34,3.55%,-,-1.6億,96.2%,82,2017/04/07,0.52,建築及建築材料
06885.hk,金馬能源,30.2億,33.2億,3.2億,2.3億,6.19,0.55,-91.12%,-,-9.3億,84.77%,130,2017/10/10,3.0,金屬及採礦
01455.hk,科利實業控股,4.5億,7.5億,3.2億,8.3千萬,0.59,0.25,-57.53%,-,8.0千萬,92.93%,100,2020/09/15,0.4,工業
00046.hk,科聯系統,5.0億,8.0億,3.1億,1.2億,3.28,1.30,-60.42%,-,8.1千萬,80.84%,121,1998/05/18,1.08,科技
00146.hk,TAI PING CARPET,4.8億,7.8億,3.1億,6.5千萬,3.66,1.45,-60.37%,-,1.2億,89.61%,75,N/A,N/A,工業
00277.hk,太興置業,25.2億,28.2億,3.1億,1.2千萬,10.17,1.14,-88.83%,-,-6.4千萬,99.57%,37,N/A,N/A,地產
00756.hk,森美控股,-3.3億,-2.5千萬,3.1億,2.7億,N/A,0.88,N/A,-,-8.3千萬,91.57%,137,2008/07/10,0.63,食品及飲料製造
00865.hk,建德國際控股,8.6億,11.6億,3.1億,1.3億,0.20,0.05,-73.90%,-,-4.6千萬,86.99%,146,2000/12/29,0.82,地產
01094.hk,承輝國際,2.1億,5.1億,3.1億,2.2億,0.72,0.41,-42.44%,-,-1.1億,76.56%,211,2002/07/03,0.5,科技
01298.hk,雲能國際,1.8億,4.8億,3.1億,2.8億,1.75,1.11,-36.22%,-,-5.4百萬,98.95%,42,2011/12/21,N/A,保健及生物科技
02222.hk,雷士國際,37.0億,40.0億,3.1億,3.1億,7.88,0.62,-92.13%,-,2.4億,75.76%,172,2010/05/20,2.1,工業
08310.hk,鹽城港,-5.2億,-4.2億,3.1億,2.9億,N/A,0.28,N/A,-,-9.3百萬,90.02%,68,2013/08/22,0.25,N/A
08375.hk,數盟資本,6.6千萬,1.7億,3.1億,7.2千萬,0.48,0.93,93.61%,-,-3.4千萬,91.68%,92,2017/11/13,0.3,N/A
08391.hk,基石科技控股,-4.8千萬,5.2千萬,3.1億,2.7億,0.05,0.30,508.85%,-,-3.8億,71.44%,157,2018/05/11,0.6,N/A
03626.hk,啟明東方控股,2.4千萬,3.2億,3.1億,3.1億,1.76,1.78,1.11%,-,-2.6千萬,71.67%,99,2016/05/18,1.36,工業
01751.hk,智算能建,1.0億,4.0億,3.1億,3.1億,0.98,0.73,-25.18%,-,-9.5百萬,82.78%,102,2016/12/16,0.36,建築及建築材料
01540.hk,澳獅環球,3.1億,6.1億,3.1億,7.4千萬,1.22,0.62,-48.80%,-,9.6千萬,92.4%,105,2018/10/08,1.0,工業
09908.hk,嘉興燃氣,14.3億,17.3億,3.1億,3.1億,12.54,8.48,-32.36%,-,6.3億,84.43%,60,2020/07/16,10.0,公用事業
01490.hk,AI X TECH,6.2億,9.2億,3.1億,9.7千萬,0.75,0.25,-66.54%,-,4.6千萬,90.12%,139,2021/01/15,1.23,影視及傳媒
00396.hk,興利（香港）控股,3.2千萬,3.3億,3.0億,1.0億,0.41,0.38,-8.59%,-,4.7百萬,86.35%,83,2009/06/22,1.02,工業
00413.hk,南華集團控股,44.3億,47.3億,3.0億,9.1千萬,0.36,0.02,-93.57%,-,-14.8億,97.97%,122,1987/06/16,N/A,工業
00543.hk,太平洋網絡,7.6億,10.6億,3.0億,2.1億,0.93,0.27,-71.54%,-,1.6千萬,83.43%,146,2007/12/18,3.3,零售及貿易
00583.hk,長城環亞控股,34.4億,37.4億,3.0億,1.3億,2.39,0.19,-92.04%,-,-2.8億,94.08%,112,1990/06/29,N/A,地產
00685.hk,世界華文媒體,9.4億,12.4億,3.0億,5.7千萬,0.76,0.18,-75.76%,-,-2.9億,98.63%,110,1991/03/22,N/A,影視及傳媒
00822.hk,嘉瑞國際,11.7億,14.7億,3.0億,2.3億,1.64,0.34,-79.62%,-,-1.2億,77.92%,133,2007/06/27,1.35,電子
00831.hk,利亞零售,6.5億,9.5億,3.0億,1.7億,1.21,0.39,-67.73%,-,1.2億,79.91%,119,2001/01/18,1.15,零售及貿易
00912.hk,信佳國際,8.2億,11.2億,3.0億,2.6億,3.94,1.06,-72.97%,-,6.6千萬,77.39%,107,2002/09/18,1.0,電子
00926.hk,碧生源,5.6億,8.6億,3.0億,2.5億,7.06,2.43,-65.56%,-,-2.9億,84.33%,136,2010/09/29,3.12,保健及生物科技
01222.hk,WANG ON GROUP,34.5億,37.5億,3.0億,2.9億,0.28,0.02,-92.06%,-,-16.8億,66.6%,281,1995/02/28,1.0,綜合企業
01273.hk,香港信貸,9.1億,12.1億,3.0億,2.1億,2.92,0.73,-74.79%,-,8.9千萬,87.42%,95,2013/10/02,1.03,金融證券
01355.hk,生物系統工程,-4.4千萬,2.6億,3.0億,9.1千萬,0.14,0.15,6.75%,-,-1.0億,86.28%,101,2011/07/15,1.2,飲食酒店及旅遊
00339.hk,全球數字控股,7.3百萬,3.1億,3.0億,2.2億,0.71,0.69,-2.31%,-,-1.2千萬,85.21%,96,2000/07/26,1.0,金融證券
00520.hk,呷哺呷哺,5.0億,8.0億,3.0億,3.0億,0.73,0.27,-63.26%,-,-9.8億,75.94%,199,2014/12/17,4.7,飲食酒店及旅遊
01500.hk,現恆建築,3.1億,6.1億,3.0億,8.3千萬,0.73,0.36,-50.10%,-,-3.2千萬,86.31%,121,2015/04/16,0.66,建築及建築材料
01420.hk,川控股,N/A,N/A,3.0億,3.0億,N/A,0.24,N/A,-,3.0千萬,78.6%,121,2016/06/08,0.88,建築及建築材料
01962.hk,訓修實業,7.8億,10.8億,3.0億,3.0億,1.73,0.49,-71.69%,-,1.2億,86.24%,82,2017/07/12,1.65,工業
03302.hk,精技集團,4.1億,7.1億,3.0億,2.0億,0.77,0.32,-58.40%,-,-1.6千萬,81.33%,91,2018/07/18,1.17,電子
03616.hk,恒達集團控股,15.3億,18.3億,3.0億,7.4千萬,1.53,0.25,-83.84%,-,-4.9億,97.64%,57,2018/11/12,1.24,地產
00150.hk,HYPEBEAST,4.2億,7.2億,3.0億,2.9億,0.36,0.15,-57.38%,-,1.3百萬,89.85%,104,2016/04/11,0.13,影視及傳媒
01732.hk,象興科技,2.3億,5.3億,3.0億,1.1億,0.41,0.24,-41.26%,-,1.3百萬,81.43%,96,2017/07/07,0.22,物流運輸
09938.hk,華和控股,2.0億,5.0億,3.0億,3.0億,0.50,0.28,-44.22%,-,-3.8千萬,89.35%,100,2020/01/17,0.5,建築及建築材料
02263.hk,富石金融,3.7億,6.7億,3.0億,8.8千萬,0.67,0.31,-53.66%,-,1.8千萬,89.38%,98,2020/02/19,0.5,金融證券
02102.hk,德利機械,4.3億,7.3億,3.0億,7.6千萬,0.73,0.30,-58.50%,-,4.2千萬,87.56%,94,2017/07/27,0.44,工業
03913.hk,合景悠活,29.1億,32.1億,3.0億,1.7億,1.59,0.14,-90.93%,-,-9.2億,68.72%,246,2020/10/30,7.89,地產
00187.hk,京城機電股份,9.2億,12.2億,2.9億,2.9億,2.24,2.82,26.12%,447.49%,-1.1億,72.92%,132,1993/08/06,N/A,工業
00723.hk,信保環球控股,3.0億,6.0億,2.9億,2.6億,0.55,0.25,-55.46%,-,-2.1千萬,65.0%,235,1991/07/18,N/A,工業
01005.hk,MATRIX HOLDINGS,3.0億,6.0億,2.9億,5.6千萬,0.80,0.39,-51.86%,-,-5.6億,97.83%,77,1994/02/18,1.0,工業
01148.hk,新晨動力,20.7億,23.7億,2.9億,1.1億,1.85,0.23,-87.57%,-,1.1億,79.38%,160,2013/03/13,2.23,工業
02322.hk,新質數字,4.3億,7.3億,2.9億,2.8億,0.17,0.06,-62.62%,-,-1.8億,72.05%,136,2003/04/09,0.67,金融證券
02349.hk,中國智能基礎設施,5.4億,8.4億,2.9億,1.7億,0.27,0.10,-64.80%,-,-2.7億,86.12%,144,2003/06/25,0.85,地產
08146.hk,怡園酒業,1.0億,2.0億,2.9億,1.2億,0.25,0.34,35.32%,-,-3.5千萬,85.21%,106,2018/06/27,0.35,N/A
02901.hk,花樣年控股,-8.5百億,-8.5百億,2.9億,1.5億,N/A,0.09,N/A,-,0.0,89.19%,247,2026/08/14,N/A,地產
01545.hk,設計都會,1.4億,4.4億,2.9億,7.2千萬,0.22,0.15,-33.03%,-,1.5百萬,92.28%,108,2019/04/25,0.3,工業
01955.hk,莊臣控股,6.0億,9.1億,2.9億,2.9億,1.81,0.59,-67.40%,-,3.3千萬,93.37%,74,2019/10/16,1.0,工業
02421.hk,嘉創地產,10.2億,13.2億,2.9億,8.7千萬,2.61,0.56,-78.32%,-,6.5千萬,89.19%,129,2023/03/23,1.76,地產
02497.hk,富景中國控股,6.3億,9.3億,2.9億,7.4千萬,1.86,0.56,-69.62%,-,1.8億,96.3%,77,2024/03/28,1.08,食品及飲料製造
01471.hk,眾淼控股,7.4億,10.4億,2.9億,2.9億,7.34,8.15,11.07%,-,1.5億,90.04%,60,2024/08/06,7.0,金融證券
08610.hk,BBSB INTL,N/A,N/A,2.9億,6.3千萬,N/A,0.59,N/A,-,1.8千萬,97.73%,67,2026/01/13,0.6,N/A
00166.hk,新時代集團控股,9.9億,12.9億,2.8億,9.9千萬,0.15,0.03,-78.96%,-,-10.2億,85.95%,251,1998/10/13,1.17,金屬及採礦
00423.hk,經濟日報集團,7.3億,10.3億,2.8億,9.9千萬,2.39,0.65,-72.97%,-,1.9千萬,77.55%,95,2005/08/03,1.7,影視及傳媒
00896.hk,興勝創建,25.8億,28.8億,2.8億,1.0億,2.68,0.26,-90.31%,-,-5.1億,80.67%,212,2002/01/10,N/A,建築及建築材料
01240.hk,青建國際,25.3億,28.3億,2.8億,1.7億,1.86,0.19,-89.97%,-,-3.8億,90.19%,107,2012/10/18,0.88,建築及建築材料
01335.hk,順泰控股,6.1億,9.1億,2.8億,1.4億,0.37,0.12,-68.74%,-,-1.2億,86.16%,105,2012/07/13,1.2,工業
01778.hk,彩生活,50.7億,53.7億,2.8億,2.0億,2.89,0.15,-94.87%,-,7.2千萬,78.57%,156,2014/06/30,3.78,地產
01480.hk,恩達集團控股,7.5億,10.5億,2.8億,7.0千萬,4.36,1.17,-73.18%,-,1.4億,87.15%,138,2014/12/08,1.23,電子
06822.hk,科勁國際,4.2億,7.2億,2.8億,6.9千萬,1.04,0.40,-61.86%,-,-1.0億,92.19%,78,2015/01/16,1.38,工業
01683.hk,曠逸國際,5.2億,8.2億,2.8億,1.2億,0.44,0.14,-67.41%,-,-4.8千萬,85.37%,126,2015/09/08,1.0,建築及建築材料
01419.hk,盈健醫療,7.9億,10.9億,2.8億,9.3千萬,2.86,0.75,-73.80%,-,2.3億,84.73%,95,2016/04/01,1.38,保健及生物科技
01580.hk,大森控股,-3.8百萬,3.0億,2.8億,2.3億,0.27,0.28,3.58%,-,-7.7千萬,83.63%,98,2016/12/19,0.7,建築及建築材料
03789.hk,御佳控股,3.3億,6.3億,2.8億,6.9千萬,0.52,0.23,-55.85%,-,3.7百萬,89.0%,115,2017/02/08,0.56,建築及建築材料
02227.hk,守益控股,N/A,N/A,2.8億,2.8億,N/A,0.38,N/A,-,1.3千萬,84.57%,89,2017/12/11,0.85,建築及建築材料
01592.hk,基石控股,-3.9億,-9.1千萬,2.8億,2.3億,N/A,0.19,N/A,-,-2.0億,77.27%,115,2018/07/04,0.4,建築及建築材料
08502.hk,遠航港口,6.9億,7.9億,2.8億,6.9千萬,0.99,0.34,-65.03%,-,1.9億,91.64%,74,2018/07/10,0.38,N/A
02108.hk,K2 F&B,2.1億,5.1億,2.8億,7.0千萬,0.64,0.39,-38.94%,-,2.0千萬,94.15%,97,2019/03/06,0.75,飲食酒店及旅遊
01650.hk,HYGIEIA GROUP,N/A,N/A,2.8億,6.9千萬,N/A,0.14,N/A,-,3.9百萬,89.1%,103,2020/07/03,0.25,工業
01795.hk,亞東集團,4.0億,7.0億,2.8億,2.7億,1.17,0.46,-60.66%,-,1.2億,90.12%,72,2020/11/18,0.84,紡織及服飾製造
01284.hk,新傳企劃,1.8億,4.8億,2.8億,6.9千萬,0.81,0.47,-41.83%,-,4.1千萬,93.36%,95,2023/07/17,0.92,影視及傳媒
02545.hk,中贛通信,5.0億,8.0億,2.8億,2.1億,1.25,0.43,-65.69%,-,9.4千萬,94.43%,99,2024/07/03,1.25,科技
02560.hk,海螺材料科技,16.0億,19.0億,2.8億,2.8億,3.28,1.44,-56.06%,-,3.8億,80.11%,113,2025/01/09,3.0,建築及建築材料
00508.hk,鼎億集團投資,9.4億,12.4億,2.7億,2.4億,1.44,0.31,-78.43%,-,-9.8千萬,65.2%,164,1988/10/26,N/A,地產
00689.hk,長盈集團（控股）,8.8億,11.8億,2.7億,2.1億,0.64,0.15,-76.24%,-,2.7千萬,74.99%,267,1991/04/15,N/A,石油化工
01170.hk,信星集團,9.7億,12.7億,2.7億,1.4億,1.90,0.41,-78.48%,-,-1.4千萬,79.36%,102,1994/09/29,1.0,紡織及服飾製造
03399.hk,粵運交通,27.7億,30.7億,2.7億,2.6億,3.83,1.30,-66.09%,-,7.4億,68.29%,139,2005/10/26,3.45,物流運輸
01062.hk,國開國際投資,8.4億,11.4億,2.7億,2.6億,0.39,0.09,-76.55%,-,-4.3億,82.36%,116,1994/05/10,1.08,金融證券
02280.hk,慧聰集團,2.7億,5.7億,2.7億,2.7億,0.43,0.21,-52.52%,-,-25.7億,55.26%,165,2003/12/17,1.09,科技
06882.hk,東瀛遊,1.1億,4.1億,2.7億,1.0億,0.81,0.50,-38.12%,-,1.8億,85.6%,112,2014/11/28,1.39,飲食酒店及旅遊
01389.hk,美捷滙控股,1.1億,4.1億,2.7億,6.5千萬,0.74,0.48,-34.03%,-,-2.9千萬,88.29%,128,2014/01/10,1.1,食品及飲料製造
01697.hk,山東國信,1.3百億,1.3百億,2.7億,2.7億,2.87,0.23,-91.86%,-,3.9億,82.74%,114,2017/12/08,4.56,金融證券
01817.hk,慕尚集團控股,9.0億,12.0億,2.7億,1.9億,1.26,0.26,-79.74%,-,1.1億,91.18%,61,2019/05/27,4.39,紡織及服飾製造
09968.hk,滙景控股,-29.4億,-26.4億,2.7億,1.3億,N/A,0.07,N/A,-,-35.2億,90.69%,132,2020/01/16,1.93,地產
02132.hk,譽燊豐控股,3.4億,6.4億,2.7億,5.2千萬,0.40,0.17,-58.05%,-,3.9千萬,91.51%,90,2020/10/20,0.325,建築及建築材料
02297.hk,潤邁德－Ｂ,4.2億,7.2億,2.7億,2.3億,0.51,0.20,-61.83%,-,-3.3億,75.48%,118,2022/07/08,6.24,保健及生物科技
02405.hk,力盟科技,2.0億,5.0億,2.7億,2.4億,0.62,0.33,-48.00%,-,2.5千萬,89.65%,79,2023/03/31,0.7,影視及傳媒
00216.hk,建業實業,69.1億,72.1億,2.6億,2.4億,13.07,0.48,-96.29%,-,-6.3億,83.69%,99,1973/01/31,N/A,地產
00318.hk,黃河實業,5.5億,8.5億,2.6億,1.1億,2.96,0.89,-69.98%,-,4.5千萬,82.98%,148,2001/10/09,0.5,科技
00573.hk,稻香控股,10.9億,13.9億,2.6億,2.4億,1.37,0.26,-80.96%,-,-3.9千萬,90.77%,162,2007/06/29,3.18,飲食酒店及旅遊
00591.hk,中國高精密,20.0億,23.0億,2.6億,2.5億,2.21,0.25,-88.70%,-,-4.0千萬,73.74%,188,2009/11/13,4.0,電子
00828.hk,王朝酒業,3.4億,6.4億,2.6億,9.3千萬,0.46,0.18,-60.31%,-,6.8千萬,89.03%,145,2005/01/26,2.25,食品及飲料製造
01110.hk,金活醫藥集團,7.2億,10.2億,2.6億,1.1億,1.64,0.42,-74.03%,-,9.9千萬,86.54%,122,2010/11/25,1.6,保健及生物科技
01292.hk,長安民生物流,24.1億,27.1億,2.6億,2.6億,13.85,2.30,-83.39%,-,1.7億,74.19%,80,2006/02/23,2.7,物流運輸
01314.hk,翠華控股,4.8億,7.8億,2.6億,1.2億,0.56,0.18,-67.96%,-,5.1千萬,81.58%,164,2012/11/26,2.27,飲食酒店及旅遊
01348.hk,滉達富控股,1.3千萬,3.1億,2.6億,2.2億,0.21,0.17,-18.12%,-,-9.2千萬,85.57%,104,2013/01/23,1.5,工業
01370.hk,奧威控股,5.3億,8.3億,2.6億,2.4億,0.51,0.15,-71.21%,-,-11.8億,85.44%,92,2013/11/28,3.2,金屬及採礦
02369.hk,酷派集團,20.2億,23.2億,2.6億,2.6億,5.83,0.64,-89.03%,-,-5.8億,58.02%,240,2004/12/09,0.86,科技
08269.hk,倍升教育科技,4.5百萬,1.0億,2.6億,1.8億,0.12,0.29,147.30%,-,-3.4千萬,78.24%,149,2010/10/14,0.25,N/A
01532.hk,中國派對文化,3.0億,6.0億,2.6億,2.5億,0.33,0.14,-58.94%,-,-1.9億,82.28%,105,2015/10/16,1.0,紡織及服飾製造
02120.hk,康寧醫院,13.7億,16.7億,2.6億,2.6億,23.67,9.84,-58.42%,-,2.2億,79.96%,90,2015/11/20,38.7,保健及生物科技
01557.hk,劍虹集團控股,5.8千萬,3.6億,2.6億,2.6億,0.75,0.55,-26.27%,-,-1.1億,94.74%,75,2016/03/18,0.95,建築及建築材料
02663.hk,應力控股,2.6億,5.6億,2.6億,7.9千萬,1.00,0.48,-52.18%,-,8.3千萬,87.55%,95,2015/10/08,0.3,建築及建築材料
06119.hk,天源集團,3.4億,6.4億,2.6億,6.5千萬,1.07,0.44,-58.90%,-,6.3千萬,91.2%,88,2018/06/01,0.85,物流運輸
01451.hk,萬成集團股份,1.9億,4.9億,2.6億,8.2千萬,2.39,1.28,-46.50%,-,9.2千萬,89.21%,94,2018/06/01,1.34,工業
02258.hk,華滋國際海洋,8.4億,11.4億,2.6億,6.7千萬,1.38,0.31,-77.61%,-,-3.1百萬,94.5%,100,2018/11/19,1.22,建築及建築材料
03662.hk,星悅康旅,14.0億,17.0億,2.6億,1.8億,2.34,0.34,-85.28%,-,3.3億,63.54%,185,2019/03/18,3.66,地產
01640.hk,千循科技,1.3億,4.3億,2.6億,1.6億,0.72,0.42,-41.53%,-,-1.7億,84.07%,89,2019/11/12,1.25,影視及傳媒
01416.hk,CTR HOLDINGS,6.8千萬,3.7億,2.6億,6.5千萬,0.26,0.19,-28.52%,-,1.0千萬,86.66%,78,2020/01/15,0.36,建築及建築材料
02129.hk,LEGION CONSO,1.4億,4.4億,2.6億,6.6千萬,0.36,0.21,-40.32%,-,3.7百萬,89.92%,123,2021/01/13,0.4,物流運輸
02370.hk,力高健康生活,2.8億,5.8億,2.6億,2.6億,2.92,1.28,-55.98%,-,-6.1千萬,89.8%,88,2022/03/31,4.1,地產
06661.hk,湖州燃氣,14.8億,17.8億,2.6億,2.6億,8.78,4.95,-43.71%,-,3.5億,99.51%,40,2022/07/13,6.08,公用事業
01407.hk,交運燃氣,3.7億,6.7億,2.6億,2.6億,1.52,0.60,-60.53%,-,9.1千萬,95.19%,82,2022/11/16,1.42,石油化工
02453.hk,美中嘉和,21.3億,24.3億,2.6億,2.6億,3.10,0.79,-74.70%,-,-11.7億,79.79%,113,2024/01/09,14.28,保健及生物科技
02505.hk,ＥＤＡ集團控股,6.3億,9.3億,2.6億,2.5億,2.00,0.55,-72.50%,-,1.1億,84.96%,92,2024/05/28,2.28,物流運輸
00286.hk,愛帝宮,9.6億,12.6億,2.5億,2.0億,6.57,1.31,-80.06%,-,-3.4億,68.62%,236,1990/09/07,N/A,保健及生物科技
00295.hk,江山控股,22.1億,25.1億,2.5億,1.2億,0.17,0.02,-89.87%,-,-11.7億,87.25%,181,1970/11/28,N/A,公用事業
00361.hk,漢成發展控股,2.7億,5.7億,2.5億,2.2億,0.10,0.04,-57.85%,-,-4.5千萬,75.97%,135,2000/12/20,1.3,工業
00575.hk,勵晶太平洋,-4.8千萬,2.5億,2.5億,1.1億,0.86,0.85,-1.04%,-,-2.7億,83.86%,182,1997/05/19,2.62,保健及生物科技
00713.hk,世界（集團）,8.4億,11.4億,2.5億,1.2億,1.44,0.32,-77.76%,-,-7.0億,72.51%,127,1993/04/15,N/A,工業
00938.hk,民生國際,-6.0億,-3.0億,2.5億,1.4億,N/A,0.38,N/A,-,-11.4億,83.93%,137,1997/09/26,1.08,地產
00953.hk,邵氏兄弟控股,4.7億,7.7億,2.5億,2.5億,0.54,0.18,-66.64%,-,-2.5千萬,54.05%,166,2010/02/01,1.43,影視及傳媒
01008.hk,力圖控股,21.8億,24.8億,2.5億,2.3億,1.58,0.16,-90.06%,-,-8.2千萬,90.68%,103,2009/03/30,1.25,工業
01202.hk,四威科技,9.1億,12.1億,2.5億,2.5億,3.02,1.57,-48.07%,-,7.6百萬,41.2%,126,1994/12/13,2.8,科技
01682.hk,杭品生活科技,1.2億,4.2億,2.5億,2.3億,0.26,0.16,-40.72%,-,-2.7百萬,88.56%,113,2010/10/05,0.6,紡織及服飾製造
06899.hk,聯眾,4.1千萬,3.4億,2.5億,2.1億,0.32,0.23,-27.39%,-,-2.0億,81.09%,114,2014/06/30,4.25,科技
01993.hk,雅仕維,9.1千萬,3.9億,2.5億,5.5千萬,0.81,0.49,-39.30%,-,-10.0千萬,92.82%,76,2015/01/15,6.0,影視及傳媒
01245.hk,NIRAKU,N/A,N/A,2.5億,7.9千萬,N/A,0.20,N/A,-,31.5億,96.1%,111,2015/04/08,1.18,飲食酒店及旅遊
01662.hk,義合控股,4.8億,7.8億,2.5億,8.7千萬,1.51,0.49,-67.45%,-,6.2千萬,79.97%,92,2015/12/18,1.0,建築及建築材料
08281.hk,中國金典集團,3.2億,4.2億,2.5億,5.5千萬,0.42,0.26,-38.80%,-,2.2千萬,97.82%,56,2016/07/08,0.43,N/A
02017.hk,滄海控股,11.8億,14.8億,2.5億,2.4億,2.39,0.46,-80.95%,-,7.7千萬,93.37%,94,2017/03/31,2.17,建築及建築材料
01679.hk,瑞斯康集團,-5.7千萬,2.4億,2.5億,2.0億,1.13,1.28,13.46%,-,-2.6億,80.39%,125,2017/06/09,1.0,科技
01920.hk,巨美集團,2.9千萬,3.3億,2.5億,1.7億,0.56,0.42,-25.07%,-,-1.1億,82.2%,143,2019/08/16,0.2,建築及建築材料
01987.hk,BENG SOON MACH,1.7億,4.7億,2.5億,2.4億,0.47,0.23,-50.21%,-,62.5萬,74.73%,113,2019/11/08,0.5,建築及建築材料
01153.hk,佳源服務,-1.6百萬,3.0億,2.5億,2.5億,0.44,0.37,-16.66%,-,6.3千萬,87.89%,89,2020/12/09,3.86,地產
00129.hk,泛海集團,1.1百億,1.1百億,2.4億,2.0億,7.73,0.17,-97.80%,-,-95.4億,58.39%,216,1973/01/24,N/A,地產
00132.hk,興業控股,11.9億,14.9億,2.4億,5.3千萬,0.87,0.14,-83.57%,-,10.0千萬,92.04%,154,1973/05/18,N/A,綜合企業
00329.hk,東建國際,2.5億,5.5億,2.4億,1.7億,0.37,0.15,-58.81%,-,-4.7千萬,82.79%,151,2001/05/09,0.8,金融證券
00346.hk,延長石油國際,5.1億,8.1億,2.4億,1.7億,0.73,0.22,-69.92%,-,-4.9億,83.03%,201,2001/04/19,1.0,石油化工
00355.hk,世紀城市國際,47.9億,50.9億,2.4億,1.2億,1.65,0.08,-95.14%,-,-25.7億,78.49%,238,1981/09/07,N/A,飲食酒店及旅遊
00399.hk,星太鏈集團,-12.0億,-9.0億,2.4億,1.4億,N/A,0.07,N/A,-,-4.9億,65.96%,213,2000/08/23,1.0,零售及貿易
00455.hk,天大藥業,4.4億,7.4億,2.4億,4.9千萬,0.34,0.11,-67.78%,-,-1.6億,90.35%,133,1992/03/30,N/A,保健及生物科技
00582.hk,神話世界,64.4億,67.4億,2.4億,1.9億,1.85,0.07,-96.48%,-,-13.6億,92.31%,221,2002/04/30,0.8,飲食酒店及旅遊
00607.hk,豐盛控股,99.5億,1.0百億,2.4億,1.3億,14.47,0.34,-97.61%,-,-74.5億,76.14%,171,2002/12/18,0.8,地產
00681.hk,中民控股,27.7億,30.7億,2.4億,1.5億,0.34,0.03,-91.84%,-,-4.2億,69.84%,216,1997/04/24,1.0,公用事業
00738.hk,萊爾斯丹,4.7億,7.7億,2.4億,2.0億,1.10,0.34,-69.16%,-,-2.4千萬,85.71%,101,1992/12/11,N/A,紡織及服飾製造
00875.hk,從玉智農,4.5千萬,3.4億,2.4億,1.1億,0.49,0.33,-34.10%,-,-4.9億,73.97%,201,1998/07/03,0.8,食品及飲料製造
00970.hk,新耀萊,9.1億,12.1億,2.4億,1.1億,1.79,0.35,-80.13%,-,-13.3億,87.94%,165,1997/09/18,1.08,零售及貿易
01001.hk,滬港聯合,11.6億,14.6億,2.4億,1.5億,2.30,0.38,-83.66%,-,1.7億,70.26%,129,1994/02/18,1.08,金屬及採礦
01188.hk,正道集團,-1.0億,2.0億,2.4億,2.0億,0.01,0.01,23.20%,-,1.2百萬,52.08%,253,1995/04/06,1.0,工業
01293.hk,廣匯寶信,89.3億,92.3億,2.4億,2.4億,3.25,0.09,-97.36%,-,2.5千萬,85.45%,156,2011/12/14,8.5,零售及貿易
01418.hk,盛諾集團,10.6億,13.6億,2.4億,1.7億,0.78,0.12,-84.20%,-,2.6億,88.23%,95,2014/07/10,1.06,工業
03322.hk,永嘉集團,12.4億,15.4億,2.4億,1.2億,1.20,0.19,-84.15%,-,-6.3億,75.06%,151,2006/09/06,2.28,紡織及服飾製造
06893.hk,衍生集團,1.1億,4.1億,2.4億,2.4億,0.38,0.22,-41.92%,-,-8.6千萬,88.55%,116,2014/10/16,1.18,保健及生物科技
01633.hk,上諭集團,1.5億,4.5億,2.4億,2.4億,0.66,0.35,-45.98%,-,-5.4百萬,85.06%,119,2016/11/11,0.8,建築及建築材料
01637.hk,順興集團控股,2.2億,5.2億,2.4億,2.4億,1.30,0.57,-56.19%,-,-9.8百萬,88.15%,109,2017/01/03,1.2,建築及建築材料
01752.hk,澳洲成峰高教,N/A,N/A,2.4億,1.1億,N/A,0.11,N/A,-,6.5百萬,88.2%,114,2018/05/11,0.33,其他
01725.hk,中國技術集團,-1.4億,1.6億,2.4億,2.2億,0.19,0.29,51.09%,-,-8.0億,52.23%,220,2018/08/16,1.75,電子
01615.hk,奧邦建築,1.5億,4.5億,2.4億,6.0千萬,0.75,0.40,-46.78%,-,1.0百萬,90.27%,97,2018/09/10,0.67,建築及建築材料
01796.hk,中國數智科技,6.3千萬,3.6億,2.4億,2.1億,0.76,0.61,-18.76%,-,-3.7千萬,84.96%,110,2018/12/31,1.05,建築及建築材料
01845.hk,維港環保科技,3.5億,6.5億,2.4億,7.7千萬,0.48,0.18,-62.86%,-,-1.2億,90.61%,56,2019/01/03,0.88,工業
01792.hk,CMON,-1.2億,1.8億,2.4億,2.1億,0.73,0.95,30.19%,-,-1.7億,61.28%,115,2016/12/02,0.23,工業
01941.hk,燁星集團,2.6億,5.6億,2.4億,1.1億,1.38,0.61,-55.56%,-,-2.6千萬,81.92%,108,2020/03/13,1.56,地產
06978.hk,永泰生物－Ｂ,-1.7千萬,2.8億,2.4億,2.0億,0.46,0.39,-15.04%,-,-8.2億,64.23%,145,2020/07/10,11.0,保健及生物科技
00298.hk,莊士中國,29.2億,32.2億,2.3億,1.1億,1.37,0.10,-92.86%,-,-7.2億,67.96%,188,1980/01/23,N/A,地產
00422.hk,越南製造加工出口,3.6億,6.6億,2.3億,2.3億,0.73,0.28,-62.27%,-,1.9千萬,87.44%,110,2007/12/20,3.75,工業
00532.hk,WKK INTL (HOLD),14.8億,17.8億,2.3億,1.0億,2.44,0.29,-87.93%,-,-3.8億,77.46%,125,1989/07/10,N/A,電子
00858.hk,精優藥業,4.3億,7.3億,2.3億,1.6億,0.25,0.08,-67.66%,-,6.0千萬,61.62%,226,1999/03/10,1.0,保健及生物科技
00922.hk,安賢園中國,8.4億,11.4億,2.3億,2.3億,0.51,0.11,-79.26%,-,1.1億,80.28%,187,1999/12/21,1.35,其他
01058.hk,南粵控股,6.5百萬,3.1億,2.3億,2.2億,0.57,0.42,-26.26%,-,-1.1億,87.39%,137,1996/12/16,1.03,紡織及服飾製造
01120.hk,雅視光學,5.7億,8.7億,2.3億,1.1億,2.25,0.60,-73.13%,-,8.3千萬,86.66%,76,1996/11/08,1.0,紡織及服飾製造
01125.hk,麗豐控股,1.2百億,1.2百億,2.3億,5.7千萬,37.54,0.69,-98.18%,-,-12.7億,95.52%,147,1997/11/28,2.8,地產
01198.hk,皇朝家居,6.7億,9.7億,2.3億,1.9億,0.37,0.09,-76.32%,-,-14.5億,87.58%,109,2002/05/15,1.0,工業
01380.hk,中國金石,1.2億,4.2億,2.3億,2.2億,0.81,0.44,-45.66%,-,-1.8億,63.8%,188,2011/03/18,2.25,金屬及採礦
08050.hk,城市酷選,1.4千萬,1.1億,2.3億,2.2億,0.42,0.79,87.80%,-,-6.8百萬,90.81%,123,2000/07/24,1.23,N/A
00721.hk,中國金融國際,1.6億,4.6億,2.3億,1.8億,0.21,0.10,-51.13%,-,-3.7億,74.94%,157,2001/06/08,1.0,金融證券
01362.hk,新龍移動,1.8億,4.8億,2.3億,5.7千萬,1.70,0.81,-52.39%,-,2.5千萬,89.69%,83,2015/01/15,0.82,科技
06133.hk,維太創科,5.4億,8.4億,2.3億,8.1千萬,0.99,0.27,-72.72%,-,-6.5千萬,79.27%,133,2015/06/26,2.48,科技
01718.hk,宏基集團控股,6.2千萬,3.6億,2.3億,2.2億,1.19,0.72,-39.10%,-,-7.2千萬,62.13%,142,2015/08/11,0.85,建築及建築材料
00974.hk,中國順客隆,7.0千萬,3.7億,2.3億,1.6億,1.27,0.78,-38.77%,-,-1.2億,97.9%,68,2015/09/10,2.88,零售及貿易
06860.hk,指尖悅動,9.1億,12.1億,2.3億,2.3億,0.63,0.12,-81.66%,-,3.1百萬,73.84%,116,2018/07/12,2.07,科技
08525.hk,百應控股,3.2億,4.2億,2.3億,2.3億,1.56,0.85,-45.68%,-,-2.8千萬,94.86%,58,2018/07/18,1.28,N/A
03390.hk,滿貫集團,5.4億,8.4億,2.3億,1.9億,0.94,0.26,-72.24%,-,3.2億,82.43%,120,2020/04/15,1.49,保健及生物科技
06663.hk,國際永勝集團,1.9億,4.9億,2.3億,6.0千萬,0.62,0.28,-54.55%,-,1.8千萬,89.01%,85,2019/10/22,0.32,N/A
02352.hk,東原仁知服務,4.8億,7.8億,2.3億,2.3億,11.66,3.80,-67.40%,-,-3.7千萬,91.72%,41,2022/04/29,11.9,地產
00033.hk,INTL GENIUS,7.0億,10.0億,2.2億,1.1億,1.79,0.40,-77.60%,-,-3.7千萬,83.54%,195,2007/11/19,1.5,工業
00063.hk,中亞烯谷集團,5.0億,8.0億,2.2億,1.5億,0.13,0.03,-73.06%,-,1.5千萬,92.98%,172,1986/02/26,N/A,地產
00296.hk,英皇娛樂酒店,38.2億,41.2億,2.2億,9.4千萬,3.46,0.19,-94.54%,-,-1.3億,76.48%,189,N/A,N/A,飲食酒店及旅遊
00406.hk,有利集團,12.3億,15.3億,2.2億,1.4億,3.50,0.51,-85.57%,-,-3.2千萬,78.49%,129,1991/08/29,N/A,建築及建築材料
00476.hk,科軒動力控股,7.7億,10.7億,2.2億,1.5億,3.00,0.65,-78.33%,-,-6.9億,70.03%,242,1996/05/24,1.03,工業
00510.hk,時富金融服務集團,1.8億,4.8億,2.2億,1.6億,1.11,0.50,-55.11%,-,-1.7億,84.85%,286,2000/12/15,N/A,金融證券
00557.hk,天元醫療,1.6億,4.6億,2.2億,1.9億,1.16,0.55,-52.85%,-,-8.4千萬,89.43%,99,1989/12/29,N/A,保健及生物科技
00617.hk,百利保控股,72.7億,75.7億,2.2億,1.0億,6.80,0.20,-97.03%,-,-40.8億,81.58%,190,1993/12/17,N/A,飲食酒店及旅遊
00927.hk,富士高實業,5.4億,8.4億,2.2億,1.5億,1.65,0.45,-73.03%,-,-1.9千萬,77.93%,101,2000/04/11,1.0,電子
00989.hk,中國長白山國際,-6.1億,-3.1億,2.2億,1.6億,N/A,0.59,N/A,-,-11.5億,85.36%,171,1997/10/20,N/A,地產
01026.hk,環球實業科技,5.7億,8.7億,2.2億,1.2億,0.16,0.04,-74.75%,-,-4.0億,89.43%,99,2001/10/26,0.21,公用事業
01182.hk,勝龍國際,2.0億,5.0億,2.2億,7.5千萬,1.48,0.66,-55.32%,-,1.5千萬,90.56%,210,1994/10/17,1.0,金屬及採礦
01215.hk,開源控股,18.9億,21.9億,2.2億,9.0千萬,0.17,0.02,-90.09%,-,-9.4千萬,86.56%,215,1997/01/17,1.0,飲食酒店及旅遊
01247.hk,米格國際控股,1.4億,4.4億,2.2億,1.5億,1.95,1.00,-48.77%,-,-1.1億,62.89%,166,2014/01/15,2.28,工業
01822.hk,中木國際,1.1億,4.1億,2.2億,7.2千萬,0.21,0.11,-45.48%,-,12.3億,87.19%,164,2009/12/16,0.72,物流運輸
08132.hk,百能國際能源,-5.4千萬,4.6千萬,2.2億,2.0億,0.02,0.07,314.89%,-,-4.6千萬,88.08%,185,2011/05/18,0.3,N/A
08316.hk,中國紅包,1.0千萬,1.1億,2.2億,1.4億,0.12,0.23,98.46%,-,-1.7千萬,78.8%,101,2015/08/10,0.35,N/A
01447.hk,新福港,3.8億,6.8億,2.2億,6.1千萬,1.70,0.55,-67.88%,-,6.9千萬,90.96%,82,2015/12/10,1.35,建築及建築材料
08070.hk,僑洋國際控股,1.6億,2.6億,2.2億,6.1千萬,1.30,1.11,-14.62%,-,7.6千萬,96.74%,54,2016/02/24,0.55,N/A
01560.hk,星星集團,5.5億,8.5億,2.2億,2.2億,1.33,0.34,-74.81%,-,-11.7億,85.86%,117,2016/07/13,1.8,地產
01460.hk,揚科集團,6.0億,9.0億,2.2億,1.8億,1.03,0.25,-75.77%,-,4.2千萬,74.26%,125,2015/03/18,0.38,科技
01843.hk,快餐帝國,2.3千萬,3.2億,2.2億,2.2億,0.40,0.30,-25.78%,-,-30.3萬,92.85%,115,2019/10/23,0.65,飲食酒店及旅遊
01147.hk,伊登軟件,2.4億,5.4億,2.2億,7.4千萬,0.26,0.10,-62.16%,-,2.7千萬,82.11%,118,2020/05/13,0.25,科技
01927.hk,久久王,4.5億,7.5億,2.2億,5.9千萬,0.95,0.28,-71.13%,-,-6.9百萬,89.26%,130,2021/03/16,0.75,食品及飲料製造
02539.hk,樂摩科技,5.9億,8.9億,2.2億,2.2億,16.09,9.11,-43.43%,-,2.9億,86.67%,87,2025/12/03,40.0,工業
00092.hk,冠軍科技集團,9.8千萬,4.0億,2.1億,2.1億,0.36,0.19,-47.28%,-,-6.9千萬,64.43%,250,1992/08/19,N/A,科技
00110.hk,中國長遠,-2.3千萬,2.8億,2.1億,7.6千萬,0.99,0.74,-25.48%,-,-5.9千萬,79.36%,148,2000/02/16,2.5,科技
00294.hk,長江製衣,8.8億,11.8億,2.1億,1.5億,5.73,0.98,-82.81%,-,-1.1億,82.13%,80,N/A,N/A,紡織及服飾製造
00616.hk,財富鏈,28.3億,31.3億,2.1億,2.0億,1.68,0.11,-93.50%,-,-5.8億,75.37%,176,1991/09/16,N/A,地產
00789.hk,雅天妮集團,1.8億,4.8億,2.1億,1.9億,1.80,0.72,-59.95%,-,1.4千萬,89.07%,160,2008/05/16,2.22,零售及貿易
01080.hk,勝利管道,4.6億,7.6億,2.1億,1.7億,0.20,0.05,-72.64%,-,-1.7億,67.56%,229,2009/12/18,2.2,石油化工
01146.hk,匯成國際控股,10.1億,13.1億,2.1億,1.7億,0.37,0.06,-84.27%,-,-3.8億,70.07%,93,2011/12/09,1.64,紡織及服飾製造
02326.hk,新源萬恒控股,4.0億,7.0億,2.1億,8.1千萬,0.03,0.01,-69.91%,-,-7.7千萬,84.58%,180,2003/03/03,0.7,科技
06188.hk,迪信通,-32.1億,-29.1億,2.1億,2.6千萬,N/A,0.39,N/A,-,-37.6億,97.78%,76,2014/07/08,5.3,科技
08247.hk,中生北控生物科技,1.3億,2.3億,2.1億,9.9千萬,1.59,3.27,105.85%,-,-1.1億,80.35%,64,2006/02/27,2.0,N/A
02286.hk,辰興發展,9.2億,12.2億,2.1億,2.1億,2.04,0.33,-83.81%,-,-6.4億,96.52%,106,2015/07/03,3.0,地產
08023.hk,鄺文記,1.4億,2.4億,2.1億,7.6千萬,0.40,0.33,-18.42%,-,2.2千萬,97.76%,56,2016/10/13,0.43,N/A
01552.hk,BHCC HOLDING,N/A,N/A,2.1億,6.6千萬,N/A,0.26,N/A,-,1.9千萬,91.12%,101,2017/09/12,0.5,建築及建築材料
08509.hk,威揚酒業控股,3.8億,4.8億,2.1億,2.1億,1.19,0.54,-55.00%,-,7.1千萬,91.21%,63,2018/01/12,0.75,N/A
02182.hk,天長集團,7.5億,10.5億,2.1億,5.2千萬,1.70,0.34,-80.29%,-,-4.7百萬,96.09%,76,2018/03/08,0.71,工業
01742.hk,HPC HOLDINGS,N/A,N/A,2.1億,5.0千萬,N/A,0.13,N/A,-,3.1千萬,86.87%,104,2018/05/11,0.45,建築及建築材料
01723.hk,恆月控股,3.3億,6.3億,2.1億,2.0億,1.31,0.45,-66.11%,-,1.7千萬,82.17%,118,2018/09/27,1.0,科技
01939.hk,上善黃金,2.9億,5.9億,2.1億,1.8億,1.15,0.43,-62.51%,-,-4.6千萬,68.45%,132,2018/10/11,1.5,其他
01563.hk,友聯國際教育租賃,28.7億,31.7億,2.1億,2.0億,1.88,0.12,-93.44%,-,1.8億,78.36%,145,2019/03/15,0.85,其他
01930.hk,勛龍,4.3億,7.3億,2.1億,9.7千萬,1.11,0.32,-71.53%,-,5.6千萬,89.33%,88,2019/06/28,0.88,工業
01502.hk,金融街物業,15.6億,18.6億,2.1億,1.9億,4.99,1.97,-60.54%,-,3.8億,63.7%,109,2020/07/06,7.36,地產
02215.hk,德信服務集團,5.1億,8.1億,2.1億,1.8億,0.88,0.26,-71.17%,-,-1.3億,97.09%,89,2021/07/15,3.06,地產
00757.hk,陽光能源,7.7億,10.7億,2.0億,1.6億,0.32,0.06,-81.29%,-,-4.4億,70.13%,208,2008/03/31,2.92,工業
00844.hk,廣泰國際控股,1.9億,4.9億,2.0億,1.9億,0.99,0.43,-56.26%,-,-1.2億,79.02%,91,2011/11/24,0.8,紡織及服飾製造
00928.hk,帝王國際投資,2.4億,5.4億,2.0億,1.9億,0.29,0.13,-55.69%,-,-3.2千萬,71.84%,174,2002/04/29,0.385,保健及生物科技
01446.hk,鴻福堂,2.5億,5.5億,2.0億,8.0千萬,0.84,0.31,-62.93%,-,-6.5千萬,82.11%,115,2014/07/04,1.3,食品及飲料製造
01689.hk,華禧控股,1.8億,4.8億,2.0億,6.0千萬,0.68,0.28,-58.07%,-,-1.9億,92.98%,63,2013/12/06,1.35,工業
02310.hk,時代環球集團,-3.4千萬,2.7億,2.0億,2.0億,0.24,0.19,-23.62%,-,-1.7千萬,89.03%,102,2003/07/04,1.3,地產
03903.hk,瀚華控股,86.4億,89.4億,2.0億,2.0億,1.94,0.17,-91.35%,-,1.4億,78.75%,99,2014/06/19,1.62,金融證券
08029.hk,中投金融科技集團,-8.2千萬,1.8千萬,2.0億,1.8億,0.07,0.70,959.99%,-,-5.2千萬,86.27%,111,2000/12/14,0.2,N/A
08100.hk,名科國際,1.6億,2.6億,2.0億,1.9億,0.60,0.44,-26.17%,-,-2.7千萬,92.2%,141,2001/12/31,0.32,N/A
02212.hk,高鵬礦業,5.0千萬,3.5億,2.0億,4.6千萬,0.28,0.16,-43.67%,-,-6.1千萬,90.68%,85,2015/01/09,0.88,金屬及採礦
06163.hk,彭順國際,1.3億,4.3億,2.0億,2.0億,1.55,0.64,-58.60%,-,-3.3千萬,92.66%,48,2016/11/11,1.28,工業
06033.hk,電訊數碼控股,4.4億,7.4億,2.0億,1.9億,1.84,0.49,-73.37%,-,7.9千萬,93.69%,97,2014/05/30,1.0,科技
08481.hk,盛龍錦秀國際,3.7億,4.7億,2.0億,1.0億,1.15,0.49,-57.05%,-,1.7億,94.23%,44,2017/07/17,0.68,N/A
08426.hk,雅居投資控股,1.6億,2.6億,2.0億,5.6千萬,0.33,0.24,-24.62%,-,5.7千萬,95.79%,68,2017/11/10,0.3,N/A
01975.hk,新興印刷,3.6億,6.6億,2.0億,5.0千萬,1.38,0.42,-69.50%,-,6.0百萬,90.79%,91,2017/11/16,1.38,工業
03997.hk,電訊首科,4.6千萬,3.5億,2.0億,6.5千萬,2.70,1.59,-41.08%,-,-2.3千萬,88.51%,95,2013/05/30,1.0,科技
01978.hk,敘福樓集團,2.3億,5.3億,2.0億,4.9千萬,0.67,0.24,-63.32%,-,5.8千萬,89.51%,146,2018/05/30,1.1,飲食酒店及旅遊
01582.hk,華營建築,7.2億,10.2億,2.0億,4.5千萬,2.04,0.40,-80.42%,-,1.6億,90.61%,84,2019/10/16,1.0,建築及建築材料
09608.hk,宋都服務,4.7億,7.7億,2.0億,1.9億,0.20,0.05,-74.55%,-,3.3千萬,87.63%,105,2021/01/18,0.25,地產
02125.hk,稻草熊娛樂,20.5億,23.5億,2.0億,1.7億,3.33,0.28,-91.59%,-,-1.2億,90.52%,129,2021/01/15,5.88,影視及傳媒
02455.hk,潤華服務,4.5億,7.5億,2.0億,5.5千萬,2.51,0.68,-72.87%,-,1.5億,93.26%,68,2023/01/17,1.7,地產
00180.hk,開達集團,17.4億,20.4億,1.9億,1.2億,2.14,0.20,-90.86%,-,-4.5億,80.79%,122,1985/05/24,N/A,工業
00211.hk,STYLAND HOLD,2.4億,5.4億,1.9億,1.9億,0.74,0.26,-64.97%,-,-1.4億,70.52%,254,1991/12/05,N/A,金融證券
00253.hk,順豪控股,39.6億,42.6億,1.9億,7.9千萬,14.00,0.62,-95.57%,-,-3.2億,72.06%,76,N/A,N/A,飲食酒店及旅遊
00271.hk,亞證地產,14.1億,17.1億,1.9億,7.6千萬,1.38,0.15,-88.74%,-,-2.4千萬,92.64%,187,1973/02/28,N/A,地產
00487.hk,實德環球,5.7億,8.7億,1.9億,1.0億,0.18,0.04,-77.83%,-,-1.5億,92.35%,162,1988/05/03,N/A,飲食酒店及旅遊
00499.hk,青島控股,2.5億,5.5億,1.9億,9.3千萬,0.55,0.20,-64.27%,-,-1.2億,82.07%,229,1988/07/22,N/A,地產
00725.hk,恆都集團,4.8億,7.8億,1.9億,1.9億,3.90,0.96,-75.36%,-,7.3千萬,85.72%,99,1996/12/30,1.07,電子
00876.hk,佳兆業健康,-3.2億,-2.3千萬,1.9億,1.9億,N/A,1.90,N/A,-,-8.6千萬,74.78%,157,1997/04/10,1.0,保健及生物科技
01176.hk,珠光控股,-42.7億,-39.7億,1.9億,1.6億,N/A,0.02,N/A,-,-1.1百億,83.78%,165,1996/12/09,2.88,地產
02320.hk,合豐集團,6.6億,9.6億,1.9億,8.2千萬,1.18,0.24,-79.88%,-,-2.9億,83.55%,119,2003/09/24,1.1,N/A
03363.hk,正業國際,13.1億,16.1億,1.9億,4.7千萬,3.22,0.36,-88.66%,-,3.6千萬,90.2%,86,2011/06/03,1.43,工業
08270.hk,中國煤層氣,7.9千萬,1.8億,1.9億,6.7千萬,0.46,0.47,2.73%,-,-1.0億,88.54%,124,2003/08/12,0.3,N/A
01301.hk,德基科技控股,6.3億,9.3億,1.9億,1.6億,1.49,0.30,-79.85%,-,-3.9千萬,88.29%,113,2015/05/27,2.28,建築及建築材料
01461.hk,中泰期貨,31.7億,34.7億,1.9億,1.9億,3.47,0.69,-80.24%,-,2.5億,43.01%,141,2015/07/07,3.32,金融證券
08368.hk,中國創意控股,4.9億,5.9億,1.9億,1.2億,0.85,0.28,-67.73%,-,1.2億,93.42%,96,2015/11/18,0.39,N/A
01577.hk,匯鑫小貸,15.1億,18.1億,1.9億,1.8億,2.66,1.02,-61.64%,-,0.0,96.8%,59,2016/09/30,1.68,金融證券
06877.hk,TE HEALTHCARE,2.4億,5.4億,1.9億,1.6億,0.27,0.10,-63.23%,-,1.4千萬,87.71%,113,2013/07/03,0.452,保健及生物科技
01621.hk,域高國際控股,2.5億,5.5億,1.9億,5.4千萬,0.55,0.19,-64.60%,-,2.9千萬,87.25%,107,2018/03/05,0.35,石油化工
08601.hk,寶燵控股,1.6億,2.6億,1.9億,4.8千萬,0.32,0.24,-25.93%,-,7.9千萬,96.64%,48,2018/09/13,0.4,N/A
01917.hk,豆盟科技,3.2千萬,3.3億,1.9億,5.0千萬,0.14,0.08,-43.91%,-,-4.1千萬,92.47%,121,2019/03/14,0.41,影視及傳媒
02163.hk,遠大住工,30.2億,33.2億,1.9億,1.9億,6.81,0.60,-91.19%,-,-13.0億,78.07%,128,2019/11/06,9.68,工業
01870.hk,綠色電能集團,1.4億,4.4億,1.9億,1.6億,0.43,0.18,-57.94%,-,-2.5千萬,57.72%,110,2019/11/08,0.97,公用事業
08645.hk,比特元宇宙,7.3千萬,1.7億,1.9億,1.9億,0.23,0.26,11.75%,-,-2.0千萬,88.13%,73,2019/12/09,0.4,N/A
01957.hk,大人國際,N/A,N/A,1.9億,1.1億,N/A,0.29,N/A,-,4.2千萬,82.34%,99,2020/07/08,0.8,紡織及服飾製造
01406.hk,清晰醫療,1.8億,4.8億,1.9億,1.0億,0.88,0.35,-59.88%,-,-6.5千萬,73.33%,116,2022/02/18,1.6,保健及生物科技
01111.hk,華視集團控股,4.8億,7.8億,1.9億,1.6億,1.02,0.24,-76.57%,-,2.4億,90.57%,105,2023/11/10,1.04,影視及傳媒
00139.hk,小魚盈通,9.8億,12.8億,1.8億,1.8億,0.87,0.12,-86.14%,-,-3.5億,53.75%,281,1994/03/15,1.06,金融證券
00214.hk,匯漢控股,71.9億,74.9億,1.8億,1.4億,8.90,0.22,-97.56%,-,-60.0億,84.41%,206,1986/01/06,N/A,金融證券
00243.hk,QPL INT'L,4.3億,7.3億,1.8億,1.4億,2.10,0.51,-76.00%,-,-9.7千萬,61.98%,244,1987/01/20,N/A,科技
00343.hk,文化傳信,4.3千萬,3.4億,1.8億,1.5億,0.20,0.11,-46.47%,-,-4.9千萬,59.34%,261,1986/08/12,N/A,影視及傳媒
00380.hk,中國管業,9.0億,12.0億,1.8億,1.8億,0.90,0.13,-85.15%,-,2.0億,80.18%,132,2000/12/21,1.0,建築及建築材料
00387.hk,力豐（集團）,4.3億,7.3億,1.8億,1.7億,3.15,0.77,-75.59%,-,4.8千萬,89.46%,79,2003/07/10,0.84,工業
00417.hk,謝瑞麟,5.1億,8.1億,1.8億,1.8億,3.26,0.72,-77.95%,-,-5.7億,88.46%,134,1987/06/30,N/A,零售及貿易
00620.hk,大唐西市,8.7億,11.7億,1.8億,1.4億,1.46,0.21,-85.63%,-,-3.9億,86.38%,184,1991/09/30,N/A,N/A
00632.hk,中港石油,2.8億,5.8億,1.8億,1.6億,0.61,0.19,-69.54%,-,-3.7千萬,79.36%,227,1993/04/30,N/A,石油化工
01218.hk,永義國際,12.9億,15.9億,1.8億,N/A,10.77,2.40,-77.71%,-,-9.7億,N/A,217,1995/01/30,1.0,N/A
01312.hk,華控康泰,5.5億,8.5億,1.8億,1.8億,0.15,0.03,-77.73%,-,-5.3億,84.53%,130,2012/01/18,1.0,保健及生物科技
01323.hk,華盛國際控股,9.0億,12.0億,1.8億,1.8億,1.32,0.19,-85.80%,-,-1.2億,66.3%,159,2011/01/13,1.95,建築及建築材料
01966.hk,中駿集團控股,-59.5億,-56.5億,1.8億,1.8億,N/A,0.04,N/A,-,-2.5百億,80.81%,149,2010/02/05,2.6,地產
03883.hk,中國奧園,-5.4百億,-5.4百億,1.8億,1.5億,N/A,0.04,N/A,-,-3.0百億,61.58%,274,2007/10/09,5.2,地產
08047.hk,中國海洋發展,4.7億,5.7億,1.8億,1.6億,0.08,0.03,-68.80%,-,-7.4億,61.47%,165,2001/11/01,0.4,N/A
08080.hk,北亞策略,13.9億,14.9億,1.8億,4.0千萬,3.28,0.40,-87.79%,-,-5.7千萬,92.55%,177,2000/04/20,1.08,N/A
08131.hk,諾亞智能,2.9百萬,1.0億,1.8億,1.7億,0.14,0.25,74.77%,-,-1.4千萬,67.71%,103,2001/01/31,1.2,N/A
02312.hk,ＬＯＮＧ投資集團,1.2億,4.2億,1.8億,1.6億,0.93,0.39,-58.50%,-,-2.5千萬,67.87%,210,2002/10/28,1.0,金融證券
02912.hk,永義國際,12.9億,15.9億,1.8億,8.2千萬,10.77,1.20,-88.85%,-,0.0,84.56%,217,2026/08/27,N/A,地產
01341.hk,昊天國際建投,14.2億,17.2億,1.8億,1.8億,0.16,0.02,-89.68%,-,-5.5億,77.99%,177,2015/12/10,0.48,工業
01547.hk,IBI GROUP HLDGS,1.8億,4.8億,1.8億,1.8億,0.60,0.24,-60.70%,-,8.7百萬,91.73%,84,2016/10/14,0.45,建築及建築材料
03830.hk,童園國際,1.2千萬,3.1億,1.8億,4.5千萬,0.31,0.19,-38.14%,-,-1.4千萬,86.39%,114,2017/09/21,0.48,工業
03699.hk,光大永年,11.6億,14.6億,1.8億,5.3千萬,3.31,0.41,-87.48%,-,7.0千萬,90.52%,100,2018/01/16,1.41,地產
01690.hk,立基工程控股,1.5億,4.5億,1.8億,1.1億,0.31,0.15,-51.54%,-,2.5千萬,78.27%,130,2015/09/25,0.25,建築及建築材料
01835.hk,瑞威資管,2.7億,5.7億,1.8億,1.3億,3.70,4.58,23.70%,-,-1.1億,78.2%,54,2018/11/13,5.0,金融證券
06162.hk,天瑞汽車內飾,3.4億,6.4億,1.8億,1.4億,0.27,0.08,-70.66%,-,65.0萬,60.22%,114,2019/01/15,0.25,工業
01897.hk,美亨實業,5.3億,8.3億,1.8億,6.3千萬,2.05,0.45,-78.07%,-,2.1千萬,77.42%,209,2019/03/19,N/A,建築及建築材料
02772.hk,中梁控股,4.9億,7.9億,1.8億,1.8億,0.18,0.04,-77.34%,-,-1.2百億,76.7%,139,2019/07/16,5.55,地產
01156.hk,CHINANEWENERGY,-2.3千萬,2.8億,1.8億,1.4億,0.39,0.27,-32.28%,-,-2.3億,76.55%,105,2020/07/15,0.98,工業
01408.hk,濠江機電,10.0千萬,4.0億,1.8億,9.0千萬,0.80,0.36,-54.99%,-,-4.1百萬,87.74%,109,2020/09/11,1.0,建築及建築材料
08657.hk,TRUE PARTNER,3.0千萬,1.3億,1.8億,1.8億,0.21,0.29,36.22%,-,-1.5億,97.95%,63,2020/10/16,1.4,N/A
02146.hk,榮萬家,26.8億,29.8億,1.8億,1.3億,7.92,2.00,-74.70%,-,3.9億,73.77%,93,2021/01/15,13.46,地產
02605.hk,METALIGHT,4.2億,7.2億,1.8億,1.3億,4.63,1.25,-72.98%,-,-1.9億,86.88%,129,2025/06/10,9.75,影視及傳媒
00104.hk,ASIA COMM HOLD,4.8億,7.8億,1.7億,1.4億,1.04,0.22,-78.72%,-,5.1千萬,81.86%,185,1987/07/29,N/A,零售及貿易
00118.hk,大同機械,13.0億,16.0億,1.7億,7.5千萬,1.85,0.20,-89.26%,-,-2.3千萬,84.91%,148,1988/12/12,N/A,工業
00188.hk,新華匯富金融,6.0億,9.0億,1.7億,8.3千萬,1.17,0.22,-81.35%,-,-1.7億,84.2%,159,2000/09/15,1.0,金融證券
00287.hk,永發置業,10.1億,13.1億,1.7億,1.5千萬,32.69,4.36,-86.68%,-,-1.2億,97.39%,39,N/A,N/A,地產
00475.hk,中發展控股,-3.0百萬,3.0億,1.7億,4.9千萬,0.59,0.28,-52.06%,-,-5.0千萬,82.3%,110,2007/04/17,1.5,工業
00605.hk,中國金融投資管理,9.0億,12.0億,1.7億,1.6億,5.75,0.83,-85.56%,-,-4.7千萬,63.3%,154,1993/04/07,N/A,金融證券
00701.hk,CNT GROUP,12.0億,15.0億,1.7億,3.2千萬,0.79,0.09,-88.54%,-,-2.0億,90.81%,160,1991/05/21,N/A,石油化工
00893.hk,中國鐵鈦,7.3億,10.3億,1.7億,1.1億,0.46,0.07,-83.81%,-,-1.1千萬,75.3%,218,2009/10/08,3.5,金屬及採礦
00969.hk,華聯國際,-9.5億,-6.5億,1.7億,1.7億,N/A,0.08,N/A,-,-9.5千萬,80.66%,119,2000/02/02,1.0,食品及飲料製造
01059.hk,看通集團,2.2億,5.2億,1.7億,1.3億,1.39,0.46,-66.93%,-,4.2千萬,82.49%,161,1997/01/23,N/A,科技
01628.hk,禹洲集團,1.6百億,1.6百億,1.7億,1.3億,10.74,0.11,-98.96%,-,30.1億,73.25%,203,2009/11/02,2.7,地產
02080.hk,奧克斯國際,3.0億,6.0億,1.7億,5.4千萬,1.22,0.34,-72.12%,-,4.1千萬,86.13%,102,2014/01/23,1.5,地產
08005.hk,裕興科技,15.4億,16.4億,1.7億,9.5千萬,0.66,0.07,-89.41%,-,-2.4億,77.68%,116,2000/01/31,4.2,N/A
01486.hk,思城控股,4.3億,7.3億,1.7億,5.4千萬,1.70,0.39,-77.03%,-,-9.7百萬,87.68%,94,2013/12/20,0.83,建築及建築材料
01496.hk,亞積邦租賃,2.4億,5.4億,1.7億,2.8千萬,0.62,0.19,-69.74%,-,2.3千萬,92.42%,110,2016/04/08,0.75,建築及建築材料
03395.hk,吉星新能源,N/A,N/A,1.7億,7.8千萬,N/A,0.19,N/A,-,-6.5千萬,90.64%,109,2017/03/10,3.16,石油化工
08439.hk,新百利融資,6.4千萬,1.6億,1.7億,6.7千萬,1.08,1.06,-2.13%,-,-1.7千萬,86.26%,80,2017/03/28,2.05,N/A
08040.hk,快意智能,3.5千萬,1.4億,1.7億,5.1千萬,0.40,0.51,28.10%,-,-4.1千萬,87.65%,75,2018/02/14,0.75,N/A
01715.hk,智慧健康科技,6.8千萬,3.7億,1.7億,1.3億,1.02,0.46,-55.45%,-,-1.3億,80.02%,106,2018/07/16,0.3,工業
01775.hk,精英匯集團,5.0千萬,3.5億,1.7億,4.1千萬,0.66,0.32,-51.21%,-,-7.7千萬,89.98%,85,2018/07/13,1.08,其他
01841.hk,優越集團控股,1.1億,4.1億,1.7億,1.0億,1.03,0.46,-55.25%,-,7.0百萬,82.35%,70,2016/04/19,0.3,工業
03601.hk,魯大師,7.9億,10.9億,1.7億,1.6億,4.05,0.65,-83.94%,-,1.1億,68.2%,147,2019/10/10,2.7,科技
01427.hk,中國天保集團,8.2億,11.2億,1.7億,1.0億,1.28,0.18,-85.83%,-,-3.0億,93.71%,67,2019/11/11,2.5,建築及建築材料
08646.hk,中國宏光,6.0億,7.0億,1.7億,7.1千萬,0.89,0.21,-76.89%,-,1.3億,74.73%,108,2020/01/13,0.77,N/A
00164.hk,中國寶力科技,-3.6億,-5.9千萬,1.6億,1.3億,N/A,0.47,N/A,-,-3.1千萬,68.59%,209,1973/01/26,N/A,影視及傳媒
00234.hk,新世紀集團,14.9億,17.9億,1.6億,8.7千萬,0.31,0.03,-90.61%,-,-3.3千萬,92.05%,179,1972/11/24,N/A,金融證券
00254.hk,國家聯合資源,1.4億,4.4億,1.6億,1.4億,0.65,0.24,-62.59%,-,1.3億,49.56%,231,1972/11/16,N/A,物流運輸
00375.hk,YGM TRADING,3.7億,6.7億,1.6億,1.0億,4.03,0.97,-75.80%,-,-2.9千萬,89.64%,104,1988/01/25,N/A,紡織及服飾製造
00385.hk,建聯集團,20.2億,23.2億,1.6億,3.7千萬,3.89,0.25,-93.68%,-,7.3千萬,90.03%,191,1993/10/15,N/A,建築及建築材料
00389.hk,通天酒業,1.1億,4.1億,1.6億,1.4億,1.35,0.53,-60.70%,-,-4.3億,66.79%,206,2009/11/19,1.25,食品及飲料製造
00500.hk,先豐服務集團,8.9千萬,3.9億,1.6億,1.0億,0.16,0.07,-59.83%,-,-2.6億,59.24%,232,1988/07/29,N/A,其他
00660.hk,瑋俊生物科技,-1.4億,1.6億,1.6億,7.9千萬,0.42,0.40,-6.76%,-,-7.4千萬,91.24%,149,1993/02/05,N/A,N/A
00776.hk,帝國科技集團,-1.5億,1.5億,1.6億,1.6億,0.22,0.26,19.43%,-,-8.2千萬,57.74%,123,2005/10/13,0.8,科技
01123.hk,中港照相,6.8億,9.8億,1.6億,5.4千萬,0.83,0.14,-83.13%,-,2.7千萬,82.01%,134,1994/09/19,1.8,工業
01145.hk,勇利投資,4.7億,7.7億,1.6億,1.5億,0.70,0.14,-80.09%,-,-2.0千萬,78.08%,123,2011/06/24,N/A,物流運輸
02168.hk,佳兆業美好,10.8億,13.8億,1.6億,1.6億,8.95,1.02,-88.60%,-,-4.6億,87.35%,121,2018/12/06,9.38,地產
03366.hk,華僑城（亞洲）,-21.6億,-18.6億,1.6億,4.7千萬,N/A,0.21,N/A,-,-26.7億,85.67%,104,2005/11/02,1.3,地產
03398.hk,華鼎控股,15.1億,18.1億,1.6億,4.7千萬,0.86,0.08,-90.97%,-,-9.8億,91.35%,124,2005/12/15,2.025,紡織及服飾製造
03628.hk,仁恒實業控股,1.4億,4.4億,1.6億,4.1千萬,0.55,0.20,-63.84%,-,3.5千萬,91.39%,73,2011/11/18,1.2,工業
08125.hk,榮記萬通,7.4千萬,1.7億,1.6億,6.8千萬,0.80,0.76,-6.14%,-,-3.1千萬,88.98%,121,2014/07/18,0.6,N/A
08227.hk,海天天綫,-6.8千萬,3.2千萬,1.6億,1.4億,0.02,0.25,1405.22%,-,-7.4千萬,53.63%,118,2003/11/05,0.68,N/A
08292.hk,VSING,N/A,N/A,1.6億,1.3億,N/A,0.15,N/A,-,-1.0億,82.84%,132,2016/07/06,0.35,N/A
08326.hk,同景新能源,3.7億,4.7億,1.6億,1.6億,0.39,0.13,-66.80%,-,1.0億,85.19%,92,2013/11/21,0.5,N/A
00048.hk,中國汽車內飾,2.2億,5.2億,1.6億,1.5億,1.18,0.38,-67.86%,-,3.9千萬,84.49%,157,2010/09/29,0.93,工業
00905.hk,胡桃資本,8.9千萬,3.9億,1.6億,1.4億,0.37,0.15,-59.25%,-,-2.0億,85.84%,123,1998/07/17,1.0,金融證券
01305.hk,偉志控股,9.4億,12.4億,1.6億,1.5億,5.70,0.72,-87.28%,-,1.3億,77.42%,116,2014/11/18,3.68,工業
02193.hk,萬景控股,2.6億,5.6億,1.6億,1.6億,1.33,0.39,-70.76%,-,-4.4千萬,82.01%,102,2015/07/03,0.8,建築及建築材料
02086.hk,高維科技,5.8千萬,3.6億,1.6億,1.6億,1.12,0.51,-54.41%,-,-2.1千萬,89.84%,88,2003/11/10,0.32,電子
06816.hk,瑞港建設,1.5千萬,3.2億,1.6億,1.3億,0.39,0.20,-48.98%,-,-4.9億,98.59%,74,2016/07/20,1.0,物流運輸
00436.hk,新宇環保,9.0億,12.0億,1.6億,7.9千萬,0.40,0.05,-86.61%,-,-6.9千萬,86.5%,118,2000/05/18,1.0,工業
03689.hk,康華醫療,17.6億,20.6億,1.6億,1.6億,6.15,1.90,-69.11%,-,2.6億,75.12%,75,2016/11/08,11.6,保健及生物科技
08406.hk,中國口腔產業,1.6億,2.6億,1.6億,1.1億,0.13,0.09,-36.29%,-,-8.6千萬,80.02%,105,2017/12/07,0.315,N/A
08501.hk,莊皇集團公司,1.1億,2.1億,1.6億,2.1千萬,1.04,0.80,-22.93%,-,-5.3百萬,96.58%,57,2018/01/04,1.56,N/A
01737.hk,亞洲實業集團,1.6億,4.6億,1.6億,4.0千萬,0.46,0.16,-65.87%,-,-2.2百萬,90.62%,114,2018/03/14,0.48,物流運輸
08107.hk,細葉榕科技,-2.7千萬,7.3千萬,1.6億,1.6億,0.05,0.10,85.52%,-,-1.4億,84.4%,89,2018/05/04,0.225,N/A
01620.hk,富盈環球集團,1.1千萬,3.1億,1.6億,1.5億,0.26,0.13,-48.26%,-,-3.1千萬,89.36%,90,2018/06/28,0.36,飲食酒店及旅遊
01759.hk,中油潔能控股,4.0億,7.0億,1.6億,3.9千萬,3.25,0.70,-78.45%,-,-3.2千萬,93.5%,77,2018/12/28,2.8,公用事業
01901.hk,飛揚集團,5.2千萬,3.5億,1.6億,1.1億,0.35,0.17,-51.54%,-,-9.9千萬,65.02%,96,2019/06/28,1.05,飲食酒店及旅遊
01895.hk,鑫苑服務,7.6億,10.6億,1.6億,1.4億,1.79,0.27,-84.82%,-,2.3億,76.46%,141,2019/10/11,2.08,地產
01740.hk,新石文化,7.0千萬,3.7億,1.6億,1.4億,0.36,0.17,-53.74%,-,-2.3億,81.24%,123,2020/01/16,0.5,影視及傳媒
01937.hk,佳辰控股,3.8億,6.8億,1.6億,4.5千萬,0.68,0.15,-77.96%,-,2.3千萬,86.94%,117,2020/01/17,0.53,建築及建築材料
01433.hk,常達控股,2.4億,5.4億,1.6億,4.2千萬,0.27,0.08,-70.29%,-,4.9千萬,90.49%,96,2020/03/12,0.25,工業
02459.hk,昇能集團,8.1億,11.1億,1.6億,1.5億,5.71,0.76,-86.69%,-,-6.4億,58.48%,176,2023/01/17,1.6,電子
02482.hk,維天運通,8.8億,11.8億,1.6億,1.6億,0.85,0.33,-61.70%,-,6.9千萬,97.64%,68,2023/03/09,2.9,物流運輸
00060.hk,香港食品投資,5.1億,8.1億,1.5億,1.1億,3.16,0.57,-81.98%,-,-3.8千萬,73.68%,98,1992/12/16,N/A,食品及飲料製造
00077.hk,進智公共交通,4.4千萬,3.4億,1.5億,4.1千萬,1.26,0.56,-56.10%,-,-3.6百萬,88.34%,90,2004/04/15,1.07,物流運輸
00122.hk,鱷魚恤,13.6億,16.6億,1.5億,1.5億,16.06,1.45,-90.97%,-,-2.7億,76.26%,163,1971/01/01,N/A,地產
00330.hk,思捷環球,6.1千萬,3.6億,1.5億,1.5億,1.27,0.51,-59.96%,-,-35.9億,57.0%,254,1993/12/09,N/A,紡織及服飾製造
00401.hk,萬嘉集團,1.7億,4.7億,1.5億,8.1千萬,0.41,0.13,-67.94%,-,-4.7千萬,84.84%,174,2013/10/11,N/A,保健及生物科技
00630.hk,雋泰控股,1.2億,4.2億,1.5億,1.3億,0.43,0.15,-65.36%,-,5.5千萬,77.25%,197,1996/11/28,1.05,保健及生物科技
00643.hk,恆富控股,1.1億,4.1億,1.5億,1.3億,0.45,0.16,-63.59%,-,-8.9千萬,82.18%,120,2000/03/13,1.0,紡織及服飾製造
00674.hk,中國唐商,5.2億,8.2億,1.5億,4.5千萬,0.24,0.04,-81.29%,-,-2.0億,92.71%,169,1991/01/25,N/A,地產
00684.hk,亞倫國際,6.9億,9.9億,1.5億,7.0千萬,2.98,0.45,-84.91%,-,-1.7億,74.51%,85,1992/11/10,N/A,工業
00718.hk,太和控股,-22.0億,-19.0億,1.5億,1.5億,N/A,0.03,N/A,-,-23.0億,91.75%,179,1995/10/02,1.28,地產
00983.hk,瑞安建業,19.9億,22.9億,1.5億,9.4千萬,6.12,0.39,-93.63%,-,-6.1億,78.82%,139,1997/02/03,9.3,建築及建築材料
01068.hk,雨潤食品,-8.2億,-5.2億,1.5億,1.5億,N/A,0.08,N/A,-,-2.6億,55.25%,217,2005/10/03,3.7,食品及飲料製造
01105.hk,星島,15.6億,18.6億,1.5億,1.2億,2.11,0.17,-91.72%,-,-2.1億,64.36%,165,1996/07/10,1.0,影視及傳媒
01163.hk,虎視傳媒,2.3億,5.3億,1.5億,6.6千萬,0.59,0.16,-72.24%,-,-1.0千萬,91.25%,86,2020/07/10,0.86,影視及傳媒
01206.hk,同方泰德,24.7億,27.7億,1.5億,1.1億,3.54,0.20,-94.35%,-,-9.4億,61.84%,101,2011/10/27,1.0,科技
02078.hk,榮陽實業,6.6億,9.6億,1.5億,3.8千萬,0.80,0.13,-84.19%,-,-2.9百萬,84.69%,169,2013/02/05,4.13,金屬及採礦
01395.hk,強泰環保,2.8億,5.8億,1.5億,9.8千萬,0.52,0.14,-74.04%,-,4.3百萬,86.16%,149,2014/09/26,0.55,公用事業
00442.hk,域能控股,1.2億,4.2億,1.5億,1.3億,1.61,0.57,-64.70%,-,-2.6千萬,83.3%,82,2015/03/11,3.0,零售及貿易
02699.hk,新明中國,-1.9百億,-1.9百億,1.5億,1.2億,N/A,5.61,N/A,-,-14.0億,67.17%,129,2015/07/06,1.43,地產
01498.hk,培力農本方,1.3億,4.3億,1.5億,1.1億,0.80,0.28,-65.75%,-,-1.8億,76.13%,146,2015/07/08,5.98,保健及生物科技
01536.hk,煜榮集團,1.1億,4.1億,1.5億,1.5億,0.91,0.41,-55.29%,-,-3.1千萬,75.34%,124,2017/01/11,1.15,工業
08073.hk,水發興業新材料,2.2億,3.2億,1.5億,4.0千萬,0.61,0.28,-55.02%,-,-1.1千萬,90.94%,82,2017/07/21,1.0,N/A
06080.hk,榮智控股,1.3億,4.3億,1.5億,1.5億,0.38,0.13,-66.21%,-,8.1百萬,80.86%,109,2017/10/20,0.52,建築及建築材料
08535.hk,熒德控股,1.6億,2.6億,1.5億,3.8千萬,0.22,0.13,-41.29%,-,6.2百萬,95.59%,68,2018/02/12,0.17,N/A
01750.hk,全達電器集團控股,1.7億,4.7億,1.5億,3.8千萬,0.26,0.08,-68.52%,-,1.4千萬,90.5%,97,2018/05/11,0.3,電子
01739.hk,齊屹科技,9.1億,12.1億,1.5億,1.5億,1.06,0.13,-88.12%,-,-3.1億,71.82%,81,2018/07/12,4.85,科技
01891.hk,興合控股,5.1千萬,3.5億,1.5億,1.3億,0.35,0.16,-54.45%,-,4.9千萬,83.77%,103,2019/03/15,0.5,工業
08635.hk,大象控股集團,1.2億,2.2億,1.5億,9.1千萬,0.40,0.26,-34.37%,-,-4.2千萬,76.58%,89,2019/05/02,0.53,N/A
08668.hk,瀛海集團,1.1千萬,1.1億,1.5億,1.5億,0.09,0.12,31.05%,-,-2.6千萬,95.19%,62,2019/09/26,0.24,N/A
01853.hk,春城熱力,12.8億,15.8億,1.5億,1.5億,3.38,1.25,-63.00%,-,3.3億,90.11%,62,2019/10/24,2.35,公用事業
06193.hk,泰林科建,2.4億,5.4億,1.5億,1.5億,1.34,0.37,-72.34%,-,-2.5千萬,92.26%,70,2019/12/18,1.3,建築及建築材料
09916.hk,興業物聯,6.3億,9.3億,1.5億,1.5億,2.34,0.37,-84.17%,-,1.4億,89.79%,119,2020/03/09,1.99,地產
01942.hk,馬可數字科技,12.9億,15.9億,1.5億,1.5億,0.77,0.08,-90.17%,-,-3.3億,61.13%,183,2020/04/15,1.0,金融證券
01162.hk,瑩嵐集團,7.1千萬,3.7億,1.5億,6.2千萬,0.62,0.25,-59.61%,-,-4.3千萬,78.78%,127,2017/10/25,0.46,其他
06968.hk,港龍中國地產,24.9億,27.9億,1.5億,1.3億,1.72,0.09,-94.89%,-,-19.8億,76.16%,122,2020/07/15,3.93,地產
09600.hk,新紐科技,6.7億,9.7億,1.5億,1.4億,0.97,0.14,-85.41%,-,-3.8億,76.3%,201,2021/01/06,4.36,科技
01855.hk,中慶股份,7.9億,10.9億,1.5億,3.4千萬,1.32,0.19,-85.85%,-,2.2億,93.81%,103,2021/01/06,2.0,建築及建築材料
08529.hk,優博控股,8.4千萬,1.8億,1.5億,9.6千萬,0.36,0.29,-18.89%,-,-5.3百萬,91.03%,101,2024/06/03,0.5,N/A
00094.hk,綠心集團,5.6億,8.6億,1.4億,4.4千萬,0.31,0.05,-83.43%,-,-3.3億,88.89%,178,1988/06/21,N/A,工業
00126.hk,佳寧娜,30.9億,33.9億,1.4億,7.6千萬,2.16,0.09,-96.01%,-,-3.9億,78.91%,153,1991/11/01,N/A,飲食酒店及旅遊
00482.hk,聖馬丁國際,-2.9億,9.2百萬,1.4億,1.3億,0.04,0.55,1365.26%,-,-2.7億,94.59%,121,2005/05/12,1.08,電子
00637.hk,利記,7.9億,10.9億,1.4億,3.9千萬,1.31,0.17,-86.83%,-,-8.0千萬,83.87%,162,2006/10/04,2.67,金屬及採礦
00733.hk,合富輝煌,10.4億,13.4億,1.4億,9.4千萬,1.98,0.19,-90.41%,-,-11.1億,81.5%,97,2004/07/15,1.5,地產
00759.hk,CEC INT'L HOLD,4.1億,7.1億,1.4億,4.7千萬,1.07,0.21,-79.82%,-,-7.4千萬,88.45%,152,1999/11/15,1.1,零售及貿易
00851.hk,盛源控股,1.2億,4.2億,1.4億,4.3千萬,0.47,0.16,-66.04%,-,1.4千萬,92.09%,153,1998/12/02,1.13,金融證券
00947.hk,摩比發展,3.0億,6.0億,1.4億,9.8千萬,0.75,0.18,-76.25%,-,-3.0億,64.87%,183,2009/12/17,3.38,科技
01002.hk,威鋮國際,6.3億,9.3億,1.4億,6.3千萬,0.33,0.05,-84.75%,-,-3.9千萬,81.99%,119,2002/02/08,0.43,電子
01281.hk,鑫達投資控股,9.7億,12.7億,1.4億,1.4億,0.85,0.10,-88.74%,-,-3.2千萬,85.59%,107,2012/01/12,0.9,公用事業
01421.hk,恒昌集團國際,1.2億,4.2億,1.4億,1.3億,2.09,0.69,-67.06%,-,-1.3億,48.37%,132,2013/12/30,0.5,建築及建築材料
01636.hk,中國金屬利用,-50.8億,-47.8億,1.4億,8.9千萬,N/A,0.31,N/A,-,-69.7億,79.85%,134,2014/02/21,1.13,金屬及採礦
01991.hk,大洋集團,68.8萬,3.0億,1.4億,1.2億,1.75,0.78,-55.38%,-,-1.5億,73.92%,166,2007/06/08,3.5,工業
02012.hk,陽光油砂,N/A,N/A,1.4億,1.2億,N/A,0.21,N/A,-,-1.1億,55.04%,206,2012/03/01,4.86,石油化工
02266.hk,黎氏企業,N/A,N/A,1.4億,3.6千萬,N/A,0.34,N/A,-,1.4千萬,93.82%,99,2017/02/10,1.15,建築及建築材料
02393.hk,巨星醫療控股,4.4億,7.4億,1.4億,1.1億,0.32,0.06,-81.09%,-,8.8億,73.52%,115,2013/10/11,1.38,保健及生物科技
06838.hk,盈利時,9.3億,12.3億,1.4億,4.1千萬,2.04,0.23,-88.49%,-,-1.8千萬,89.37%,63,2011/07/20,1.87,零售及貿易
08098.hk,昌利控股,1.6億,2.6億,1.4億,3.6千萬,0.12,0.06,-52.32%,-,-1.5千萬,97.7%,97,2011/03/08,0.485,N/A
02221.hk,創業集團控股,3.5億,6.5億,1.4億,1.3億,2.85,0.55,-80.68%,-,-7.8千萬,69.77%,132,2014/09/19,0.86,建築及建築材料
03708.hk,世界數字經濟產業,1.5億,4.5億,1.4億,1.2億,0.63,0.19,-69.46%,-,43.0萬,67.96%,140,2015/01/14,0.6,建築及建築材料
03301.hk_depre,融信中國,-2.5百億,-2.5百億,1.4億,1.1億,N/A,0.09,N/A,-,-3.0百億,78.02%,150,2016/01/13,5.36,地產
01559.hk,均安控股,8.3千萬,3.8億,1.4億,7.8千萬,0.14,0.05,-62.57%,-,-2.4億,85.42%,114,2015/03/27,0.3,建築及建築材料
06068.hk,光正教育,7.8億,10.8億,1.4億,7.9千萬,0.50,0.06,-87.10%,-,1.6億,80.84%,151,2017/01/26,1.7,其他
02293.hk,百本醫護,2.5億,5.5億,1.4億,1.4億,1.38,0.36,-73.85%,-,9.5千萬,88.17%,92,2014/07/08,0.5,保健及生物科技
08365.hk,亦辰集團,1.5億,2.5億,1.4億,6.0千萬,1.25,0.74,-40.66%,-,-1.4億,82.95%,126,2017/05/26,0.68,N/A
01932.hk,中漆集團,3.5億,6.5億,1.4億,2.7千萬,0.65,0.14,-79.17%,-,-1.6億,95.13%,106,2017/07/10,0.86,石油化工
08483.hk,名仕快相,1.4千萬,1.1億,1.4億,1.4億,0.14,0.17,18.88%,-,2.7百萬,85.31%,90,2018/02/28,0.31,N/A
01721.hk,FSM HOLDINGS,10.0千萬,4.0億,1.4億,1.4億,0.40,0.14,-65.00%,-,-6.2百萬,90.62%,57,2018/07/16,0.53,金屬及採礦
01949.hk,佰達國際控股,4.4億,7.4億,1.4億,9.4千萬,3.22,0.59,-81.70%,-,-3.8億,74.16%,120,2019/07/16,1.25,科技
01343.hk,偉源控股,1.7億,4.7億,1.4億,6.6千萬,0.44,0.13,-71.19%,-,7.3百萬,84.15%,118,2020/03/12,0.48,建築及建築材料
06812.hk,永順控股香港,1.9億,4.9億,1.4億,2.4千萬,0.82,0.24,-71.05%,-,-2.6萬,90.92%,80,2017/03/16,0.42,工業
06909.hk,百得利控股,30.4億,33.4億,1.4億,1.4億,5.36,0.22,-95.93%,-,4.0千萬,85.79%,82,2021/07/15,4.4,零售及貿易
06913.hk,華南職業教育,18.1億,21.1億,1.4億,5.6千萬,1.58,0.11,-93.05%,-,1.5億,89.23%,91,2021/07/13,1.59,N/A
03301.hk,融信中國,-2.5百億,-2.5百億,1.4億,1.1億,N/A,0.09,N/A,-,-3.0百億,78.02%,150,2016/01/13,5.36,地產
00058.hk,新威國際,2.1千萬,3.2億,1.3億,3.6千萬,0.62,0.25,-60.03%,-,-1.4億,89.42%,162,1999/09/03,1.26,建築及建築材料
00174.hk,盛洋投資,37.6億,40.6億,1.3億,9.7千萬,5.56,0.17,-96.90%,-,-10.5億,93.18%,91,1988/10/05,N/A,地產
00397.hk,嬴集團,15.3億,18.3億,1.3億,1.3億,0.53,0.04,-92.71%,-,-3.1億,51.78%,261,1993/10/13,N/A,金融證券
00430.hk,東方興業控股,9.5億,12.5億,1.3億,4.6千萬,3.21,0.34,-89.26%,-,-5.5億,90.53%,157,1993/03/30,N/A,地產
00484.hk,雲遊控股,4.6億,7.6億,1.3億,8.6千萬,4.45,0.71,-84.05%,-,-1.4億,70.48%,186,2013/10/03,51.0,科技
00707.hk,亞洲電視控股,-5.7億,-2.7億,1.3億,1.2億,N/A,0.06,N/A,-,-4.8億,65.74%,217,2006/03/30,1.16,紡織及服飾製造
00821.hk,匯盈控股,4.0億,7.0億,1.3億,1.3億,1.90,0.45,-76.52%,-,-4.8億,56.54%,160,2001/04/09,0.7,金融證券
00859.hk,中昌國際控股,5.8億,8.8億,1.3億,1.3億,0.78,0.12,-84.97%,-,-4.5億,94.99%,106,2000/06/15,1.07,地產
01075.hk,首都信息,14.3億,17.3億,1.3億,1.3億,5.98,1.80,-69.91%,-,4.3千萬,51.51%,117,2001/12/21,0.48,科技
01229.hk,南南資源,2.6億,5.6億,1.3億,3.7千萬,0.73,0.17,-76.50%,-,1.1億,86.71%,134,1995/04/13,1.0,金屬及採礦
01239.hk,TEAMWAY INTL GP,-4.2億,-1.2億,1.3億,4.9千萬,N/A,0.30,N/A,-,-2.2億,87.33%,160,2011/11/18,1.25,工業
01616.hk,一元宇宙,1.9億,4.9億,1.3億,1.3億,0.23,0.06,-73.67%,-,-3.1億,66.22%,132,2012/07/12,1.1,影視及傳媒
01803.hk,北京體育文化,1.1億,4.1億,1.3億,N/A,2.40,0.08,-96.83%,-,-9.7千萬,N/A,122,2012/01/16,0.93,N/A
02223.hk,卡撒天嬌,3.6億,6.6億,1.3億,6.4千萬,2.57,0.55,-78.60%,-,-2.7千萬,84.6%,85,2012/11/23,1.5,工業
02307.hk,錦興國際控股,17.1億,20.1億,1.3億,6.7千萬,2.31,0.15,-93.49%,-,-2.1億,75.56%,109,2004/09/23,1.26,紡織及服飾製造
03332.hk,中生聯合,4.9億,7.9億,1.3億,1.3億,0.83,0.15,-81.94%,-,1.2億,87.15%,106,2014/01/15,2.0,保健及生物科技
01217.hk,中國創新投資,5.4億,8.4億,1.3億,1.3億,0.07,0.01,-84.72%,-,6.4千萬,61.73%,208,2002/08/28,0.25,金融證券
02908.hk,北京體育文化,1.1億,4.1億,1.3億,1.1億,2.40,0.77,-68.10%,-,-2.8億,67.77%,122,2026/08/24,N/A,飲食酒店及旅遊
01452.hk,迪諾斯環保,1.7億,4.7億,1.3億,9.8千萬,0.61,0.17,-72.87%,-,-8.7千萬,83.63%,109,2015/11/12,2.1,工業
02113.hk,世紀集團國際,-1.8千萬,2.8億,1.3億,1.3億,0.35,0.18,-48.12%,-,-1.5千萬,75.64%,91,2016/10/17,0.7,建築及建築材料
01575.hk,皇庭智家,-4.0億,-10.0千萬,1.3億,6.5千萬,N/A,0.03,N/A,-,-2.2億,92.8%,102,2017/01/12,1.05,工業
02281.hk,興瀘水務,34.9億,37.9億,1.3億,1.3億,4.41,0.61,-86.18%,-,5.4億,73.56%,104,2017/03/31,2.3,公用事業
03768.hk,滇池水務,63.1億,66.1億,1.3億,1.3億,6.43,0.40,-93.85%,-,8.5億,73.84%,110,2017/04/06,3.91,公用事業
08480.hk,飛霓控股,N/A,N/A,1.3億,7.4千萬,N/A,0.14,N/A,-,4.9千萬,89.0%,78,2017/10/16,0.5,N/A
02122.hk,凱知樂國際,-2.0億,1.0億,1.3億,8.4千萬,0.08,0.10,29.40%,-,-5.9億,85.41%,139,2017/11/10,1.55,工業
01598.hk,２１世紀教育,9.5億,12.5億,1.3億,1.3億,1.07,0.11,-89.67%,-,1.1億,86.11%,142,2018/05/29,1.13,其他
02682.hk,潤利海事,2.8億,5.8億,1.3億,5.2千萬,0.58,0.13,-77.05%,-,5.1千萬,82.28%,109,2019/03/18,0.5,物流運輸
01871.hk,向中國際,2.1億,5.1億,1.3億,4.9千萬,1.16,0.30,-74.13%,-,-2.9千萬,87.14%,91,2019/10/24,1.28,其他
06928.hk,萬馬控股,N/A,N/A,1.3億,3.0千萬,N/A,0.17,N/A,-,-1.7千萬,89.95%,112,2017/07/13,0.73,工業
01971.hk,弘陽服務,10.1億,13.1億,1.3億,3.9千萬,3.15,0.32,-89.99%,-,-1.6千萬,89.4%,106,2020/07/07,4.15,地產
00185.hk,正商實業,5.1千萬,3.5億,1.2億,1.2億,0.18,0.07,-64.59%,-,-58.0億,90.95%,199,1972/12/20,N/A,地產
00223.hk,易生活控股,6.2千萬,3.6億,1.2億,7.4千萬,0.22,0.07,-68.03%,-,-1.3億,74.01%,182,2002/04/10,1.0,N/A
00262.hk,迪臣發展國際,12.3億,15.3億,1.2億,7.6千萬,1.04,0.08,-92.25%,-,-1.5億,78.09%,140,1997/06/10,1.0,地產
00328.hk,ALCO HOLDINGS,-6.8千萬,2.3億,1.2億,1.2億,0.81,0.43,-46.40%,-,5.4億,61.19%,154,1992/11/27,N/A,科技
00379.hk,恒嘉融資租賃,4.2億,7.2億,1.2億,8.9千萬,0.42,0.07,-82.77%,-,-2.1億,83.31%,200,2002/11/13,0.25,保健及生物科技
00540.hk,迅捷環球控股,9.4千萬,3.9億,1.2億,1.2億,0.66,0.20,-69.56%,-,2.0千萬,82.76%,82,2013/01/15,0.82,紡織及服飾製造
00572.hk,未來世界控股,8.2億,11.2億,1.2億,8.2千萬,3.72,0.40,-89.38%,-,-1.9億,90.08%,212,2003/07/02,1.23,飲食酒店及旅遊
00726.hk,築友智造科技,-1.5億,1.5億,1.2億,1.1億,0.05,0.04,-24.59%,-,-20.6億,86.77%,202,1991/07/25,N/A,建築及建築材料
00832.hk,建業地產,-1.0百億,-1.0百億,1.2億,1.2億,N/A,0.04,N/A,-,-1.0百億,84.09%,140,2008/06/06,2.75,地產
00889.hk,連達科技控股,7.2億,10.2億,1.2億,4.0千萬,3.20,0.38,-88.26%,-,-10.0千萬,85.12%,118,2001/06/22,1.0,電子
00980.hk,聯華超市,-1.5億,1.5億,1.2億,1.2億,0.10,0.32,214.02%,-,-14.7億,60.76%,128,2003/06/27,3.875,零售及貿易
01047.hk,毅興行,5.1億,8.1億,1.2億,5.1千萬,2.20,0.34,-84.74%,-,-7.0千萬,77.58%,101,1994/04/25,1.36,石油化工
01165.hk,順風清潔能源,-25.4億,-22.4億,1.2億,1.2億,N/A,0.02,N/A,-,-11.5億,50.4%,214,2011/07/13,1.11,公用事業
01220.hk,志道國際,2.1億,5.1億,1.2億,1.1億,0.25,0.06,-77.16%,-,-1.2億,60.15%,215,1997/09/23,1.0,建築及建築材料
01388.hk,安莉芳控股,15.5億,18.5億,1.2億,3.1千萬,4.38,0.27,-93.95%,-,-7.0億,88.81%,106,2006/12/18,3.62,紡織及服飾製造
01393.hk,恒鼎實業,5.5億,8.5億,1.2億,1.0億,0.18,0.02,-87.49%,-,-21.9億,77.9%,235,2007/09/21,6.83,金屬及採礦
01663.hk,漢港控股,19.0億,22.0億,1.2億,6.1千萬,0.89,0.05,-94.50%,-,7.7千萬,82.97%,100,2011/07/22,1.1,地產
02188.hk,泰坦能源技術,6.2億,9.2億,1.2億,1.2億,0.61,0.08,-86.65%,-,-1.3億,83.51%,145,2010/05/28,1.18,工業
02371.hk,創聯控股,1.6億,4.6億,1.2億,1.1億,0.67,0.20,-70.19%,-,-2.3億,59.49%,166,2004/11/18,0.55,金融證券
08021.hk,匯隆控股,9.4億,10.4億,1.2億,1.1億,1.45,0.17,-88.65%,-,-1.3億,77.24%,162,2001/12/07,0.38,N/A
08066.hk,品創控股,1.1億,2.1億,1.2億,8.3千萬,0.32,0.23,-27.13%,-,1.7千萬,70.82%,127,2001/12/20,0.47,N/A
08186.hk,浩盟控股,2.3千萬,1.2億,1.2億,8.8千萬,1.08,1.07,-0.85%,-,23.6萬,78.13%,181,2001/12/31,0.5,N/A
08237.hk,華星控股,1.1億,2.1億,1.2億,9.2千萬,1.03,0.58,-43.49%,-,-5.6千萬,85.91%,109,2014/07/07,1.75,N/A
08295.hk,金慧科技,5.4億,6.4億,1.2億,1.1億,0.13,0.03,-80.58%,-,-4.4億,86.98%,91,2010/06/18,0.2,N/A
01160.hk,金石資本集團,47.5萬,3.0億,1.2億,1.1億,1.27,0.49,-61.31%,-,-1.5千萬,78.83%,39,2004/04/02,1.0,金融證券
08360.hk,簡樸新生活,-4.2千萬,5.8千萬,1.2億,9.7千萬,0.16,0.38,132.10%,-,-6.0千萬,84.5%,91,2016/07/12,0.64,N/A
01572.hk,中國藝術金融,12.9億,15.9億,1.2億,1.2億,0.94,0.07,-92.15%,-,1.6千萬,77.44%,114,2016/11/08,0.75,金融證券
01581.hk,進昇集團控股,3.1億,6.1億,1.2億,1.2億,1.47,0.29,-79.97%,-,5.6千萬,83.67%,126,2016/12/08,0.6,建築及建築材料
08062.hk,俊盟國際,1.3億,2.3億,1.2億,8.9千萬,0.48,0.25,-48.68%,-,3.7千萬,87.59%,86,2016/12/15,0.56,N/A
01518.hk,新世紀醫療,5.0億,8.0億,1.2億,9.6千萬,1.63,0.24,-85.28%,-,1.5千萬,81.99%,91,2017/01/18,7.36,保健及生物科技
01655.hk,OKURA HOLDINGS,N/A,N/A,1.2億,5.6千萬,N/A,0.16,N/A,-,66.1億,71.67%,112,2017/05/15,1.2,飲食酒店及旅遊
02048.hk,易居企業控股,-98.1億,-95.1億,1.2億,1.1億,N/A,0.03,N/A,-,-34.0億,64.27%,189,2018/07/20,14.38,地產
01894.hk,恒益控股,2.0億,5.0億,1.2億,1.1億,2.14,0.51,-76.21%,-,-2.8千萬,56.02%,135,2018/10/12,0.85,建築及建築材料
00924.hk,坤集團,6.2千萬,3.6億,1.2億,1.2億,0.36,0.12,-65.78%,-,-3.7百萬,91.96%,54,2019/07/05,0.5,建築及建築材料
06918.hk,九泰數智,3.0億,6.0億,1.2億,1.0億,0.68,0.14,-79.91%,-,-2.6億,66.67%,104,2020/03/18,1.38,N/A
06999.hk,領地控股,2.2億,5.2億,1.2億,4.9千萬,0.51,0.12,-76.95%,-,-83.7億,89.57%,103,2020/12/10,5.69,地產
02152.hk,蘇新服務,9.9億,12.9億,1.2億,1.2億,12.81,4.79,-62.61%,-,2.3億,98.69%,42,2022/08/24,8.6,地產
06610.hk,飛天雲動,12.9億,15.9億,1.2億,9.3千萬,12.19,0.95,-92.21%,-,-1.6億,66.89%,167,2022/10/18,2.21,科技
02593.hk,草姬集團,1.4億,4.4億,1.2億,3.1千萬,3.33,0.94,-71.93%,-,2.9千萬,88.99%,114,2024/12/19,3.75,保健及生物科技
00007.hk,智富資源投資,20.9億,23.9億,1.1億,8.3千萬,0.71,0.03,-95.51%,-,-18.1億,65.41%,177,2000/09/08,1.2,電子
00070.hk,金粵控股,9.6億,12.6億,1.1億,4.7千萬,0.65,0.06,-91.39%,-,-1.6億,87.16%,189,N/A,N/A,金融證券
00075.hk,渝太地產,4.1億,7.1億,1.1億,1.1億,0.89,0.14,-84.77%,-,-3.8億,74.14%,213,1984/11/12,N/A,地產
00269.hk,中國資源交通,-1.1百億,-1.1百億,1.1億,1.0億,N/A,0.01,N/A,-,13.9億,44.69%,289,1973/03/19,N/A,基建
00312.hk,歲寶百貨,7.6億,10.6億,1.1億,1.1億,0.43,0.05,-89.21%,-,-5.2億,86.41%,182,2010/11/17,2.2,零售及貿易
00381.hk,權識國際,3.2億,6.2億,1.1億,8.3千萬,0.47,0.07,-83.99%,-,-1.7億,63.6%,213,2001/01/22,1.0,工業
00438.hk,彩虹新能源,7.9億,10.9億,1.1億,1.1億,6.21,1.26,-79.71%,-,-12.8億,72.79%,157,2004/12/20,1.58,工業
00456.hk,新城市建設發展,1.8億,4.8億,1.1億,6.7千萬,2.26,0.48,-78.72%,-,-4.7億,89.8%,151,1993/07/14,N/A,地產
00544.hk,大同集團,-1.8億,1.2億,1.1億,2.6千萬,0.95,0.91,-4.35%,-,-1.1億,88.86%,181,1989/12/14,N/A,物流運輸
00702.hk,中國油氣控股,-3.2億,-1.8千萬,1.1億,9.2千萬,N/A,0.03,N/A,-,-24.3億,72.07%,221,2000/02/09,0.8,石油化工
00794.hk,錦勝集團（控股）,5.2億,8.2億,1.1億,1.1億,2.46,0.34,-86.19%,-,-1.4千萬,87.05%,79,2009/02/26,1.12,工業
00834.hk,盛融控股,6.0億,9.0億,1.1億,1.0億,1.98,0.26,-87.14%,-,-5.1千萬,90.34%,94,2008/12/22,N/A,食品及飲料製造
00841.hk,木薯資源,5.3億,8.3億,1.1億,4.8千萬,1.42,0.18,-87.30%,-,-2.4億,81.24%,148,2009/03/23,1.02,工業
00948.hk,阿爾法企業,2.7千萬,3.3億,1.1億,9.1千萬,0.79,0.25,-68.50%,-,-2.4億,91.42%,122,2010/03/01,1.8,食品及飲料製造
01181.hk,唐宮中國,1.5億,4.5億,1.1億,6.1千萬,0.42,0.10,-76.21%,-,-4.0千萬,89.01%,105,2011/04/19,1.65,飲食酒店及旅遊
01680.hk,澳門勵駿,19.7億,22.7億,1.1億,9.4千萬,2.44,0.11,-95.37%,-,-21.9億,81.92%,202,2013/07/05,2.35,飲食酒店及旅遊
02330.hk,中國上城,1.3億,4.3億,1.1億,8.3千萬,0.95,0.24,-75.10%,-,-1.5億,70.72%,121,2001/02/08,0.78,地產
02340.hk,昇柏控股,1.0億,4.0億,1.1億,1.1億,0.53,0.14,-74.02%,-,-9.8千萬,82.58%,158,2003/10/09,0.75,建築及建築材料
02882.hk,金至尊集團,-5.7億,-2.7億,1.1億,1.1億,N/A,0.39,N/A,-,-2.3億,89.34%,217,2003/06/30,0.88,零售及貿易
08007.hk,環球戰略集團,1.5千萬,1.2億,1.1億,1.0億,0.51,0.48,-4.69%,-,-4.7千萬,69.4%,284,2000/04/17,1.2,N/A
08348.hk,濱海泰達物流,10.1億,11.1億,1.1億,1.0億,3.13,0.27,-91.37%,-,46.8萬,92.51%,68,2008/04/30,1.98,N/A
08372.hk,君百延集團,1.2億,2.2億,1.1億,1.1億,0.27,0.15,-46.13%,-,1.7千萬,87.28%,90,2018/03/29,0.335,N/A
00356.hk,鼎立資本,7.4千萬,3.7億,1.1億,1.0億,1.86,0.54,-71.18%,-,-3.8千萬,84.99%,123,2002/06/07,1.0,金融證券
01470.hk,富一國際控股,3.0千萬,3.3億,1.1億,1.1億,0.41,0.11,-74.03%,-,4.0百萬,86.74%,119,2015/05/12,0.68,N/A
02900.hk,驢跡科技,14.1億,17.1億,1.1億,N/A,33.77,1.85,-94.52%,-,0.0,N/A,3,2026/07/29,N/A,科技
01549.hk,永豐集團控股,2.1億,5.1億,1.1億,1.1億,0.33,0.07,-78.52%,-,-1.1百萬,81.52%,131,2016/07/06,0.315,物流運輸
08160.hk,GOLDWAY EDU,4.1千萬,1.4億,1.1億,8.4千萬,0.66,0.57,-13.32%,-,-1.9千萬,91.17%,118,2016/12/02,0.205,N/A
08411.hk,K W NELSON GP,4.3千萬,1.4億,1.1億,1.1億,0.14,0.11,-20.28%,-,-5.9百萬,88.82%,93,2016/12/08,0.2,N/A
02203.hk,腦洞科技,-9.2千萬,2.1億,1.1億,1.1億,0.26,0.13,-48.85%,-,-2.0億,85.01%,121,2015/10/09,0.3,科技
08436.hk,德寶集團控股,2.5億,3.5億,1.1億,1.1億,0.88,0.27,-69.85%,-,2.8千萬,84.85%,92,2017/10/27,0.69,N/A
01727.hk,河北建設,65.2億,68.2億,1.1億,7.2千萬,3.87,0.25,-93.65%,-,-2.8億,66.43%,172,2017/12/15,4.46,建築及建築材料
01711.hk,歐化,2.2千萬,3.2億,1.1億,2.9千萬,0.40,0.14,-63.93%,-,-6.6千萬,83.32%,116,2018/01/29,0.56,工業
08473.hk,彌明生活百貨,7.6千萬,1.8億,1.1億,6.3千萬,0.16,0.11,-30.06%,-,2.0千萬,88.49%,106,2018/02/12,0.27,N/A
01671.hk,天保能源,3.8億,6.8億,1.1億,1.1億,4.28,0.65,-84.93%,-,1.4千萬,85.68%,111,2018/04/27,1.9,公用事業
01968.hk,興紡控股,2.1億,5.1億,1.1億,2.8千萬,0.80,0.16,-80.27%,-,-1.0億,89.86%,104,2018/07/16,1.12,紡織及服飾製造
01758.hk,博駿教育,3.5千萬,3.3億,1.1億,8.3千萬,0.37,0.12,-67.62%,-,5.1千萬,91.2%,97,2018/07/31,2.36,其他
01741.hk,成志控股,1.5千萬,3.2億,1.1億,6.4千萬,0.39,0.13,-67.77%,-,-2.4千萬,79.89%,84,2018/10/16,0.625,建築及建築材料
01134.hk,恒發光學,1.5億,4.5億,1.1億,4.6千萬,0.90,0.22,-75.47%,-,-3.5千萬,78.55%,109,2019/07/16,1.0,紡織及服飾製造
03603.hk,信基沙溪,13.4億,16.4億,1.1億,1.0億,1.10,0.08,-92.98%,-,-2.9億,64.31%,92,2019/11/08,1.0,地產
01472.hk,生興控股,2.8億,5.8億,1.1億,4.3千萬,0.58,0.10,-82.30%,-,-1.5千萬,79.96%,126,2020/03/17,0.5,建築及建築材料
06988.hk,樂享集團,4.8億,7.8億,1.1億,7.7千萬,0.33,0.05,-85.65%,-,-20.1億,70.66%,210,2020/09/23,2.88,影視及傳媒
02170.hk,貝康醫療－Ｂ,10.9億,13.9億,1.1億,1.1億,5.07,1.30,-74.38%,-,-7.1億,41.74%,188,2021/02/08,27.36,保健及生物科技
06911.hk,瀾滄古茶,7.4億,10.4億,1.1億,8.7千萬,6.92,1.96,-71.67%,-,-3.4億,81.09%,64,2023/12/22,10.7,食品及飲料製造
02529.hk,泓盈城市服務,4.8億,7.8億,1.1億,1.1億,4.87,2.80,-42.55%,-,2.4億,82.87%,58,2024/05/17,3.2,地產
00072.hk,超媒體控股,1.6億,4.6億,10.0千萬,7.3千萬,1.05,0.24,-76.86%,-,-9.7千萬,90.63%,93,2009/09/09,1.29,影視及傳媒
00197.hk,亨泰,5.6億,8.6億,1.0億,1.0億,4.11,0.48,-88.32%,-,-5.3億,50.03%,226,2001/12/03,0.01,食品及飲料製造
00276.hk,蒙古能源,-35.6億,-32.6億,1.0億,9.7千萬,N/A,0.53,N/A,-,3.0億,63.09%,286,1972/08/23,N/A,金屬及採礦
00764.hk,永恒策略,7.8億,10.8億,1.0億,9.4千萬,2.69,0.25,-90.71%,-,-10.3億,81.5%,241,2000/02/15,1.33,綜合企業
01129.hk,中國水業集團,6.5億,9.5億,1.0億,1.0億,1.50,0.16,-89.12%,-,-8.4億,83.88%,197,2002/01/17,0.5,公用事業
01150.hk,米蘭站,7.3千萬,3.7億,1.0億,9.7千萬,0.35,0.11,-69.96%,-,-5.3千萬,69.47%,164,2011/05/23,1.67,零售及貿易
01172.hk,融太集團,9.2千萬,3.9億,1.0億,1.0億,0.07,0.02,-73.49%,-,-2.0億,80.12%,148,1996/06/12,1.18,N/A
01235.hk,專業旅運,6.7千萬,3.7億,1.0億,9.9千萬,0.72,0.20,-72.38%,-,1.2千萬,88.61%,79,2011/09/30,0.63,飲食酒店及旅遊
01241.hk,雙樺控股,2.8億,5.8億,1.0億,1.0億,0.89,0.16,-82.34%,-,-5.2千萬,85.27%,106,2011/06/30,1.16,食品及飲料製造
01771.hk,新豐泰集團,23.7億,26.7億,1.0億,1.0億,4.44,0.17,-96.17%,-,-4.9億,20.17%,71,2014/05/15,3.61,零售及貿易
03313.hk,雅高控股,5.2億,8.2億,1.0億,8.1千萬,5.77,0.71,-87.61%,-,-8.3億,73.28%,223,2013/12/30,2.65,建築及建築材料
08031.hk,易通訊集團,6.2千萬,1.6億,1.0億,8.9千萬,0.46,0.28,-37.76%,-,1.0百萬,89.37%,78,2012/01/09,0.6,N/A
08106.hk,芯化蘭德,6.2千萬,1.6億,1.0億,8.4千萬,0.29,0.32,10.08%,-,-5.3千萬,71.0%,82,2002/05/03,0.83,N/A
08128.hk,中華節能,2.8億,3.8億,1.0億,9.9千萬,0.09,0.02,-73.03%,-,2.7千萬,72.1%,140,2001/11/30,0.3,N/A
08213.hk,榮暉控股,-1.6億,-5.7千萬,1.0億,7.9千萬,N/A,0.18,N/A,-,-3.8千萬,77.08%,99,2003/03/18,0.35,N/A
01543.hk,中盈盛達融資擔保,23.5億,26.5億,1.0億,1.0億,1.70,0.19,-88.85%,-,9.9千萬,73.98%,73,2015/12/23,1.36,金融證券
08149.hk,浩德控股,3.6億,4.6億,1.0億,2.4千萬,0.55,0.12,-77.93%,-,4.2百萬,91.86%,75,2016/10/17,0.425,N/A
08460.hk,基地錦標集團,6.0千萬,1.6億,1.0億,8.4千萬,0.60,0.41,-31.23%,-,-3.0千萬,65.73%,111,2017/06/27,0.24,N/A
01722.hk,建鵬控股,N/A,N/A,1.0億,4.0千萬,N/A,0.10,N/A,-,-7.2千萬,83.38%,91,2017/12/15,0.48,建築及建築材料
06158.hk,正榮地產,-3.3百億,-3.3百億,1.0億,1.0億,N/A,0.03,N/A,-,-3.6百億,69.92%,183,2018/01/16,3.99,地產
01933.hk,元力控股,1.2億,4.2億,1.0億,4.0千萬,0.84,0.20,-75.62%,-,-3.3千萬,85.71%,103,2018/03/02,0.95,科技
08448.hk,環球印館,1.0千萬,1.1億,1.0億,1.0億,1.10,1.01,-8.51%,-,-2.8千萬,89.68%,82,2018/03/28,0.23,N/A
08516.hk,中盈國際,2.9千萬,1.3億,1.0億,7.9千萬,2.23,1.69,-24.56%,-,-2.2千萬,79.74%,112,2018/10/15,0.4,N/A
01745.hk,驢跡科技,14.1億,17.1億,1.0億,7.6千萬,33.77,2.12,-93.72%,-,3.1億,68.98%,157,2020/01/17,2.12,科技
08659.hk,易和國際控股,3.6億,4.6億,1.0億,8.5千萬,0.56,0.12,-77.96%,-,5.2千萬,76.68%,77,2020/07/13,0.4,N/A
01351.hk,輝煌明天,1.1億,4.1億,1.0億,8.8千萬,0.69,0.17,-74.94%,-,-5.2千萬,90.88%,113,2020/11/11,1.1,影視及傳媒
02176.hk,賽迪顧問,1.5億,4.5億,1.0億,1.0億,0.64,0.48,-25.05%,-,2.3億,59.4%,78,2002/12/12,0.25,N/A
01641.hk,紅星冷鏈,N/A,N/A,1.0億,1.0億,N/A,4.14,N/A,-,2.6億,67.12%,86,2026/01/13,12.26,食品及飲料製造
00675.hk,堅寶國際,2.4億,5.4億,9.9千萬,5.0千萬,2.02,0.34,-82.95%,-,-4.2千萬,81.67%,107,1997/01/02,1.0,電子
08156.hk,國藥科技股份,-4.1千萬,5.9千萬,9.9千萬,2.6千萬,0.09,0.16,68.09%,-,-3.1千萬,90.29%,170,2002/11/12,0.46,N/A
08305.hk,聖唐控股,1.1億,2.1億,9.9千萬,7.3千萬,0.13,0.06,-53.72%,-,-5.3千萬,66.2%,110,2018/07/04,0.3,N/A
09918.hk,麗年國際,1.9億,4.9億,9.9千萬,7.2千萬,4.89,0.99,-79.78%,-,4.2千萬,89.78%,106,2020/01/10,0.25,電子
08491.hk,COOL LINK,N/A,N/A,9.8千萬,6.0千萬,N/A,0.24,N/A,-,-6.9百萬,81.56%,106,2017/09/22,0.55,N/A
02022.hk,遊萊互動,1.7億,4.7億,9.8千萬,5.3千萬,0.24,0.05,-79.23%,-,-9.9千萬,81.75%,113,2017/12/15,0.63,科技
08140.hk,人和科技,2.2億,3.2億,9.8千萬,5.3千萬,0.40,0.12,-70.22%,-,8.7千萬,82.57%,90,2018/07/12,0.3,N/A
01850.hk,美好生活集團控股,3.5億,6.5億,9.8千萬,9.7千萬,3.75,0.61,-83.73%,-,1.1千萬,46.37%,124,2017/04/18,0.27,建築及建築材料
00171.hk,銀建國際,13.9億,16.9億,9.7千萬,9.6千萬,0.74,0.04,-94.42%,-,-26.5億,69.37%,202,N/A,N/A,地產
00485.hk,中國華星,1.8億,4.8億,9.7千萬,2.1千萬,1.90,0.38,-79.96%,-,-4.3千萬,89.22%,158,1988/04/12,N/A,地產
01213.hk,萬保剛集團,1.1億,4.1億,9.7千萬,2.3千萬,2.06,0.48,-76.51%,-,-1.7千萬,94.02%,50,2001/05/07,1.0,電子
08620.hk,亞洲速運,3.8千萬,1.4億,9.7千萬,8.4千萬,0.22,0.15,-31.07%,-,-8.0百萬,81.9%,89,2020/04/20,0.5,N/A
00115.hk,鈞濠集團,1.8億,4.8億,9.6千萬,2.2千萬,22.94,4.62,-79.86%,-,-3.8億,89.32%,127,1981/10/29,N/A,地產
01546.hk,德萊建業,8.5千萬,3.8億,9.6千萬,9.6千萬,0.48,0.12,-75.05%,-,-4.3千萬,83.91%,99,2015/10/09,0.325,建築及建築材料
03878.hk,VICON HOLDINGS,2.8億,5.8億,9.6千萬,9.6千萬,1.20,0.18,-84.84%,-,1.3千萬,73.01%,102,2017/12/22,1.2,建築及建築材料
01376.hk,RAFFLESINTERIOR,6.8千萬,3.7億,9.6千萬,3.1千萬,0.37,0.10,-73.88%,-,-4.1百萬,87.79%,104,2020/05/07,0.5,建築及建築材料
00403.hk,星光集團,5.0億,8.0億,9.5千萬,4.3千萬,1.61,0.17,-89.11%,-,-9.5百萬,78.43%,107,1993/03/03,N/A,N/A
00645.hk,安域亞洲,3.2千萬,3.3億,9.5千萬,3.0千萬,0.65,0.18,-71.41%,-,-2.8千萬,82.88%,140,1993/12/22,N/A,金屬及採礦
01101.hk,華榮能源,-1.1百億,-1.1百億,9.5千萬,7.5千萬,N/A,0.02,N/A,-,-15.8億,72.26%,282,2010/11/19,8.0,石油化工
08271.hk,環球數碼創意,4.0億,5.0億,9.5千萬,5.2千萬,0.33,0.07,-78.15%,-,-6.6千萬,73.95%,141,2003/08/04,1.0,N/A
08311.hk,圓美光電,2.4千萬,1.2億,9.5千萬,3.7千萬,0.08,0.06,-31.65%,-,-7.5千萬,85.74%,118,2014/02/07,0.3,N/A
02324.hk,首都創投,4.8億,7.8億,9.5千萬,9.1千萬,0.87,0.11,-87.81%,-,-3.8千萬,66.55%,179,2003/10/27,1.0,金融證券
00181.hk,閩港控股,3.4億,6.4億,9.4千萬,2.5千萬,0.56,0.08,-85.38%,-,-7.1千萬,86.47%,141,1973/02/22,N/A,飲食酒店及旅遊
01013.hk,偉俊集團控股,-2.4億,5.5千萬,9.4千萬,9.3千萬,0.21,0.35,69.94%,-,-4.7千萬,90.49%,164,1997/02/03,1.03,科技
01063.hk,新確科技,2.4億,5.4億,9.4千萬,7.9千萬,1.77,0.30,-82.76%,-,2.5千萬,63.15%,267,1994/05/10,1.0,科技
02903.hk,新確科技,2.4億,5.4億,9.4千萬,0.0,1.77,0.35,-80.21%,-,0.0,142.1%,2,2026/08/05,N/A,科技
01069.hk,中國健康科技集團,1.7億,4.7億,9.3千萬,9.1千萬,1.52,0.28,-81.20%,-,2.3億,55.31%,176,2009/10/08,0.3,保健及生物科技
08168.hk,寶積資本,5.6千萬,1.6億,9.3千萬,6.6千萬,0.11,0.06,-47.80%,-,-1.7千萬,58.04%,107,2018/03/22,0.24,N/A
08093.hk,瓦普思瑞元宇宙,5.0千萬,1.5億,9.3千萬,5.1千萬,3.03,1.88,-38.02%,-,-3.3千萬,71.13%,95,2015/02/12,0.55,N/A
00959.hk,世紀娛樂國際,-1.0億,2.0億,9.2千萬,6.2千萬,1.56,0.72,-53.79%,-,-1.3億,66.85%,258,1997/10/03,1.11,飲食酒店及旅遊
01338.hk,霸王集團,1.7億,4.7億,9.2千萬,4.7千萬,0.15,0.03,-79.94%,-,2.6千萬,80.99%,199,2009/07/03,2.38,工業
03822.hk,三和建築集團,5.3億,8.3億,9.2千萬,2.6千萬,9.83,1.10,-88.81%,-,-1.7千萬,84.12%,130,2014/10/16,1.5,建築及建築材料
08223.hk,紫元元,4.1億,5.1億,9.2千萬,7.6千萬,0.99,0.17,-82.87%,-,-5.2千萬,76.96%,103,2018/07/09,0.76,N/A
01025.hk,嘉藝控股,6.6千萬,3.7億,9.2千萬,9.2千萬,0.82,0.20,-75.32%,-,-4.8千萬,68.65%,146,2019/02/28,0.98,紡織及服飾製造
06958.hk,正榮服務,7.1億,10.1億,9.2千萬,9.1千萬,0.97,0.09,-91.08%,-,-6.0億,83.66%,129,2020/07/10,4.55,地產
00599.hk,怡邦行控股,4.3億,7.3億,9.1千萬,4.1千萬,1.02,0.13,-87.26%,-,-4.9百萬,80.44%,98,2000/04/12,1.2,工業
01269.hk,首控集團,-24.6億,-21.6億,9.1千萬,8.3千萬,N/A,0.05,N/A,-,-11.8億,64.68%,151,2011/11/23,1.4,金融證券
08013.hk,ECI TECH,9.4千萬,1.9億,9.1千萬,8.5千萬,0.12,0.06,-53.09%,-,1.7千萬,87.36%,85,2017/03/10,0.15,N/A
00036.hk,遠東控股國際,32.7萬,3.0億,9.0千萬,9.0千萬,0.92,0.28,-70.08%,-,-4.9億,81.86%,165,1973/02/12,N/A,地產
00106.hk,朗詩綠色管理,-17.5億,-14.5億,9.0千萬,8.0千萬,N/A,0.02,N/A,-,-54.8億,63.86%,206,1986/03/24,N/A,地產
00619.hk,南華金融,4.8千萬,3.5億,9.0千萬,6.0千萬,1.15,0.29,-74.45%,-,-4.6億,74.17%,189,1993/07/16,N/A,金融證券
01233.hk,時代中國控股,-2.1百億,-2.1百億,9.0千萬,9.0千萬,N/A,0.03,N/A,-,-2.3百億,72.73%,181,2013/12/11,3.6,地產
00932.hk,順騰國際控股,1.1億,4.1億,9.0千萬,7.3千萬,0.13,0.03,-77.95%,-,-3.6千萬,71.42%,157,2013/10/11,1.07,保健及生物科技
08043.hk,ATLINKS,N/A,N/A,9.0千萬,2.2千萬,N/A,0.23,N/A,-,-35.5萬,90.48%,88,2018/01/19,0.5,N/A
00352.hk,富陽,1.8千萬,3.2億,8.9千萬,4.1千萬,1.29,0.36,-72.11%,-,-4.9百萬,84.45%,113,2006/07/05,1.06,地產
00513.hk,恆和集團,15.7億,18.7億,8.9千萬,1.6千萬,2.73,0.13,-95.25%,-,-6.1億,93.75%,125,1988/11/08,N/A,零售及貿易
00911.hk,前海健康,3.9億,6.9億,8.9千萬,8.8千萬,4.10,0.53,-87.18%,-,-4.5千萬,71.55%,207,2014/06/27,1.98,電子
01039.hk,暢由國際集團,2.5億,5.5億,8.9千萬,7.7千萬,0.30,0.05,-83.83%,-,-8.0千萬,72.3%,137,2010/09/24,4.0,金融證券
08113.hk,時騰科技,1.3億,2.3億,8.9千萬,3.2千萬,1.19,0.49,-58.26%,-,4.2百萬,88.16%,140,2016/01/07,0.31,N/A
08123.hk,華億金控,-1.3千萬,8.7千萬,8.8千萬,2.5千萬,0.25,0.23,-6.80%,-,-1.3億,86.47%,175,2002/01/11,0.38,N/A
06866.hk,佐力科創,24.0億,27.0億,8.8千萬,8.5千萬,2.28,0.25,-89.06%,-,0.0,62.58%,116,2015/01/13,1.3,金融證券
08275.hk,中國新消費集團,1.2億,2.2億,8.8千萬,8.8千萬,0.22,0.10,-57.62%,-,-2.3千萬,65.51%,134,2017/10/16,0.34,N/A
01400.hk,滿地科技股份,1.8千萬,3.2億,8.7千萬,6.6千萬,0.08,0.02,-72.48%,-,-7.1億,64.66%,162,2014/04/25,0.72,紡織及服飾製造
03889.hk,大成玉米集團,-3.4億,-4.4千萬,8.7千萬,2.6千萬,N/A,0.04,N/A,-,2.2億,87.15%,203,2007/09/20,2.04,食品及飲料製造
06888.hk,英達公路再生科技,6.7億,9.7億,8.7千萬,4.8千萬,0.90,0.08,-90.98%,-,-3.2千萬,84.17%,139,2013/06/26,2.43,建築及建築材料
08027.hk,吉輝控股,N/A,N/A,8.7千萬,6.8千萬,N/A,0.12,N/A,-,-1.9百萬,67.18%,111,2015/07/10,0.5,N/A
08219.hk,恆偉集團控股,1.4千萬,1.1億,8.7千萬,4.1千萬,0.46,0.38,-17.76%,-,-3.7千萬,76.48%,90,2018/07/12,0.25,N/A
02619.hk,香江電器,13.1億,16.1億,8.7千萬,8.7千萬,5.89,1.27,-78.42%,-,3.4億,69.86%,98,2025/06/25,2.86,工業
00261.hk,ＧＢＡ集團,5.6億,8.6億,8.6千萬,7.7千萬,2.60,0.28,-89.24%,-,-2.7億,69.82%,312,1991/12/30,N/A,飲食酒店及旅遊
01629.hk,冠均國際控股,2.7億,5.7億,8.6千萬,7.9千萬,1.04,0.16,-84.28%,-,-7.2百萬,89.7%,84,2016/11/25,0.7,工業
01869.hk,貓屎咖啡控股,-7.3千萬,2.3億,8.6千萬,8.3千萬,0.13,0.05,-61.27%,-,-4.5千萬,73.7%,134,2016/06/30,0.355,飲食酒店及旅遊
01967.hk,信懇智能,2.9億,5.9億,8.6千萬,4.2千萬,1.97,0.28,-85.57%,-,-2.0千萬,81.35%,103,2019/10/18,2.0,電子
00120.hk,COSMOPOL INT'L,2.2億,5.2億,8.5千萬,3.2千萬,0.32,0.05,-84.49%,-,-12.8億,83.74%,145,2020/09/08,N/A,地產
08221.hk,高裕金融,1.3億,2.3億,8.5千萬,7.2千萬,4.94,1.79,-63.74%,-,-4.0百萬,86.92%,105,2017/01/06,0.15,N/A
08622.hk,愉悅集團,5.9千萬,1.6億,8.5千萬,4.2千萬,0.31,0.17,-45.35%,-,-1.6千萬,76.92%,79,2018/12/13,0.5,N/A
08208.hk,永通萬國集團,N/A,N/A,8.5千萬,8.4千萬,N/A,0.12,N/A,-,-8.5萬,73.79%,92,2019/11/29,0.4,N/A
08629.hk,集信國控,2.2億,3.2億,8.5千萬,8.1千萬,9.50,9.00,-5.29%,-,5.5千萬,96.23%,32,2024/09/06,9.9,N/A
08090.hk,寶蓋新材,N/A,N/A,8.5千萬,8.5千萬,N/A,5.59,N/A,-,0.0,81.16%,47,2026/07/08,6.22,N/A
00059.hk,天譽置業,-43.6億,-40.6億,8.4千萬,8.4千萬,N/A,0.01,N/A,-,-81.4億,81.14%,241,1993/11/16,N/A,地產
08319.hk,思博系統,1.8億,2.8億,8.4千萬,2.1千萬,0.34,0.10,-69.52%,-,2.9千萬,85.82%,78,2016/04/12,0.25,N/A
01695.hk,椰豐集團,N/A,N/A,8.4千萬,2.1千萬,N/A,0.08,N/A,-,1.9千萬,85.98%,120,2017/07/11,0.48,食品及飲料製造
08527.hk,聚利寶控股,N/A,N/A,8.4千萬,3.4千萬,N/A,0.17,N/A,-,-9.0百萬,81.13%,74,2018/05/09,0.5,N/A
00491.hk,英皇文化產業,-14.7億,-11.7億,8.3千萬,3.5千萬,N/A,0.03,N/A,-,-11.9億,83.74%,214,1992/06/10,N/A,影視及傳媒
08362.hk,運興泰集團,8.5千萬,1.9億,8.3千萬,2.0千萬,0.13,0.06,-55.45%,-,-5.1百萬,88.55%,75,2017/06/30,0.2,N/A
08495.hk,1957 & CO.,5.6千萬,1.6億,8.3千萬,7.6千萬,0.41,0.21,-47.23%,-,-8.4百萬,94.28%,67,2017/12/05,0.63,N/A
08547.hk,PACIFIC LEGEND,8.5千萬,1.9億,8.3千萬,8.3千萬,0.21,0.09,-57.37%,-,-8.5千萬,57.37%,102,2018/07/18,0.3,N/A
01232.hk,金輪天地控股,-9.2億,-6.2億,8.2千萬,4.6千萬,N/A,0.34,N/A,-,-26.7億,77.41%,134,2013/01/16,1.68,地產
01738.hk,飛尚無煙煤,-28.5億,-25.5億,8.2千萬,7.5千萬,N/A,0.06,N/A,-,-18.1億,86.51%,108,2014/01/22,N/A,金屬及採礦
02358.hk,久融控股,-2.6億,4.3千萬,8.2千萬,8.0千萬,0.01,0.01,78.92%,-,-7.8億,55.99%,136,2004/07/15,1.068,電子
08028.hk,天時資源,7.0千萬,1.7億,8.2千萬,5.3千萬,0.34,0.17,-50.84%,-,-3.2千萬,76.53%,173,1999/11/25,3.3,N/A
08320.hk,沛然環保,6.6千萬,1.7億,8.2千萬,7.8千萬,0.23,0.10,-55.39%,-,-9.0百萬,84.72%,97,2016/10/17,0.28,N/A
01527.hk,天潔環境,12.1億,15.1億,8.2千萬,5.2千萬,11.16,2.30,-79.39%,-,2.3億,79.64%,77,2015/10/12,10.9,工業
01676.hk,高地股份,1.5億,4.5億,8.2千萬,8.2千萬,1.13,0.21,-81.13%,-,-3.6億,53.22%,139,2017/07/18,0.66,食品及飲料製造
01555.hk,ＭＩ能源,-32.1億,-29.1億,8.1千萬,8.1千萬,N/A,0.03,N/A,-,-10.8億,67.47%,184,2010/12/14,1.7,石油化工
08143.hk,金威醫療,9.5百萬,1.1億,8.1千萬,2.7千萬,0.08,0.06,-25.86%,-,-2.7千萬,89.43%,161,2002/05/10,0.28,N/A
08147.hk,雲晶數智,9.3百萬,1.1億,8.1千萬,3.0千萬,0.53,0.39,-26.07%,-,-2.3千萬,89.21%,129,2014/07/18,1.35,N/A
08225.hk,中國醫療集團,6.5千萬,1.6億,8.1千萬,3.1千萬,0.17,0.08,-51.71%,-,-9.6千萬,84.24%,112,2003/07/10,0.41,N/A
02246.hk,快狗打車,1.8億,4.8億,8.1千萬,7.9千萬,7.20,1.17,-83.76%,-,-15.9億,63.59%,186,2022/06/24,21.5,物流運輸
08549.hk,金葉國際集團,8.7千萬,1.9億,8.1千萬,2.0千萬,0.47,0.20,-56.53%,-,2.4千萬,90.38%,97,2025/10/10,0.5,N/A
08172.hk,拉近網娛,8.2千萬,1.8億,8.0千萬,3.3千萬,0.43,0.19,-56.08%,-,-9.3千萬,85.58%,144,2002/03/26,0.4,N/A
08317.hk,財華社集團,4.5千萬,1.4億,8.0千萬,5.7千萬,0.15,0.08,-44.83%,-,-1.3千萬,91.6%,78,2005/01/07,0.25,N/A
08490.hk,駿碼半導體,1.4億,2.4億,8.0千萬,2.2千萬,0.34,0.10,-69.95%,-,-8.1千萬,86.24%,108,2018/05/30,0.58,N/A
00653.hk,卓悅控股,9.0千萬,3.9億,7.9千萬,7.9千萬,0.21,0.04,-79.81%,-,-5.7千萬,60.2%,194,2003/07/16,0.9,零售及貿易
08413.hk,亞洲富思,1.0億,2.0億,7.9千萬,3.6千萬,0.17,0.07,-59.78%,-,2.9百萬,75.96%,96,2017/04/13,0.23,N/A
02376.hk,魯商服務,6.8億,9.8億,7.9千萬,7.9千萬,7.37,2.37,-67.83%,-,1.4億,89.98%,67,2022/07/08,5.92,地產
00183.hk,宏輝集團,12.9億,15.9億,7.8千萬,4.3千萬,2.81,0.14,-95.12%,-,-3.8億,75.79%,175,2002/05/21,0.26,地產
00313.hk,裕田中國,-2.1億,8.6千萬,7.8千萬,7.8千萬,0.07,0.07,-9.59%,-,-4.7億,82.47%,201,1993/01/05,N/A,地產
00518.hk,同得仕（集團）,3.8億,6.8億,7.8千萬,4.7千萬,1.51,0.17,-88.51%,-,-2.3千萬,65.51%,133,1988/12/15,N/A,紡織及服飾製造
00845.hk,恒盛地產,-41.6億,-38.6億,7.8千萬,7.7千萬,N/A,0.01,N/A,-,-98.9億,71.19%,244,2009/10/02,4.4,地產
00899.hk,中加國信,8.9億,11.9億,7.8千萬,7.7千萬,2.67,0.17,-93.44%,-,-4.6億,84.22%,203,1997/10/24,1.0,食品及飲料製造
00923.hk,綜合環保集團,5.3千萬,3.5億,7.7千萬,3.4千萬,0.07,0.01,-80.87%,-,-5.5億,84.08%,200,2010/03/31,2.3,工業
01237.hk,中科生物,10.7億,13.7億,7.7千萬,5.3千萬,14.24,0.81,-94.35%,-,5.0千萬,79.28%,158,2012/07/06,1.0,工業
01259.hk,未來發展控股,12.8億,15.8億,7.7千萬,6.7千萬,0.72,0.03,-95.53%,-,-1.7億,71.45%,169,2011/07/15,2.6,食品及飲料製造
08379.hk,盈證國際,5.6百萬,1.1億,7.7千萬,3.2千萬,0.13,0.10,-27.27%,-,-1.4千萬,84.88%,101,2018/02/14,0.35,N/A
01996.hk,弘陽地產,-53.0億,-50.0億,7.7千萬,7.5千萬,N/A,0.03,N/A,-,-1.8百億,88.18%,104,2018/07/12,2.28,地產
08537.hk,創輝珠寶,1.3億,2.3億,7.7千萬,3.7千萬,0.64,0.21,-67.02%,-,2.1百萬,89.3%,98,2019/03/27,0.3,N/A
03321.hk,中科集團控股,6.4千萬,3.6億,7.7千萬,7.3千萬,4.69,0.96,-79.53%,-,-1.2億,69.51%,127,2019/04/23,1.4,建築及建築材料
02127.hk,匯森股份,59.6億,62.6億,7.7千萬,5.8千萬,1.63,0.02,-98.78%,-,-12.1億,66.7%,148,2020/12/29,1.77,工業
02728.hk,金泰能源控股,4.5千萬,3.4億,7.6千萬,6.1千萬,0.08,0.02,-78.02%,-,-4.7千萬,76.02%,114,2005/07/14,0.8,石油化工
08057.hk,麥迪森控股,-2.2億,-1.2億,7.6千萬,7.2千萬,N/A,0.48,N/A,-,-3.1千萬,85.18%,106,2015/10/08,0.75,N/A
08428.hk,漢諾佳池,-1.2千萬,8.8千萬,7.6千萬,3.0千萬,0.78,0.68,-13.27%,-,-3.8千萬,83.25%,118,2017/02/15,0.25,N/A
00125.hk,新興光學,6.0億,9.0億,7.5千萬,3.3千萬,3.42,0.30,-91.22%,-,-6.1千萬,77.92%,73,1999/05/25,1.12,紡織及服飾製造
08267.hk,藍港互動,2.6億,3.6億,7.5千萬,7.0千萬,0.97,0.20,-78.85%,-,-6.2千萬,65.48%,116,2014/12/30,9.8,N/A
08487.hk,ISP GLOBAL,7.7千萬,1.8億,7.5千萬,7.3千萬,0.17,0.07,-56.18%,-,-7.3千萬,62.35%,95,2018/01/16,0.35,N/A
01413.hk,鑄帝控股,2.0億,5.0億,7.5千萬,7.4千萬,1.52,0.21,-86.12%,-,-6.4千萬,52.56%,126,2021/03/11,0.54,建築及建築材料
00076.hk,誼礫控股,33.2億,36.2億,7.4千萬,6.8千萬,8.15,0.16,-98.04%,-,2.1億,50.43%,275,1984/09/24,N/A,電子
00145.hk,信能低碳,4.4千萬,3.4億,7.4千萬,6.5千萬,0.94,0.21,-78.04%,-,-5.0千萬,62.0%,190,1972/07/01,N/A,工業
00498.hk,藍河控股,14.9億,17.9億,7.4千萬,7.4千萬,1.72,0.07,-95.87%,-,-4.4億,75.42%,165,1993/09/21,N/A,物流運輸
00571.hk,豐德麗控股,7.4千萬,3.7億,7.4千萬,2.6千萬,0.21,0.04,-80.27%,-,-7.2億,89.45%,190,N/A,N/A,影視及傳媒
01265.hk,天津津燃公用,15.6億,18.6億,7.4千萬,7.3千萬,1.01,0.15,-85.37%,-,-2.7億,38.52%,135,2004/01/09,0.25,公用事業
08039.hk,中國來騎哦,-1.5百萬,9.9千萬,7.4千萬,5.9千萬,0.20,0.15,-24.44%,-,-9.1百萬,88.61%,97,2016/12/12,0.325,N/A
01950.hk,帝王實業控股,7.2億,10.2億,7.4千萬,7.1千萬,1.42,0.10,-92.76%,-,5.6千萬,54.56%,150,2020/03/12,0.52,石油化工
02693.hk,金岩高嶺新材,7.1億,10.1億,7.4千萬,7.4千萬,10.37,3.03,-70.79%,-,1.5億,84.89%,83,2025/12/03,7.3,金屬及採礦
08033.hk,愛達利網絡,2.3億,3.3億,7.3千萬,6.9千萬,0.54,0.12,-77.96%,-,2.8千萬,80.27%,124,2000/02/25,1.33,N/A
03963.hk,融眾金融,9.1百萬,3.1億,7.3千萬,2.8千萬,0.51,0.12,-76.44%,-,-1.8千萬,90.01%,89,2016/01/28,2.11,金融證券
01647.hk,雄岸科技,N/A,N/A,7.3千萬,7.3千萬,N/A,0.06,N/A,-,1.2百萬,54.38%,167,2017/03/30,0.7,建築及建築材料
01701.hk,途屹控股,1.7億,4.7億,7.3千萬,6.5千萬,0.47,0.07,-84.51%,-,3.0千萬,87.05%,111,2019/06/28,0.52,飲食酒店及旅遊
01961.hk,多牛科技,1.4億,4.4億,7.3千萬,7.0千萬,0.60,0.10,-83.61%,-,-2.1億,77.41%,100,2020/03/17,1.35,科技
00871.hk,中國疏浚環保,3.3千萬,3.3億,7.2千萬,3.5千萬,0.22,0.05,-77.89%,-,-7.1億,74.18%,152,2011/06/20,3.19,建築及建築材料
01253.hk,綠博生態,-1.4百萬,3.0億,7.2千萬,5.0千萬,0.49,0.12,-75.92%,-,-9.0億,90.12%,105,2014/07/21,1.3,建築及建築材料
08206.hk,神通機器人教育,-5.9千萬,4.1千萬,7.2千萬,3.6千萬,0.02,0.04,74.70%,-,-1.1千萬,76.76%,120,2002/11/15,0.3,N/A
08218.hk,毅高國際控股,3.1千萬,1.3億,7.2千萬,1.4千萬,0.20,0.11,-45.19%,-,-1.4千萬,96.05%,112,2013/10/11,0.6,N/A
08400.hk,亞洲先鋒娛樂,2.6千萬,1.3億,7.2千萬,3.1千萬,0.13,0.07,-40.48%,-,8.0百萬,88.91%,104,2017/11/15,0.28,N/A
08187.hk,積木集團,1.0千萬,1.1億,7.2千萬,7.2千萬,0.73,0.53,-27.71%,-,-1.5千萬,67.48%,113,2016/05/30,0.5,N/A
08606.hk,倢冠控股,7.8千萬,1.8億,7.2千萬,5.7千萬,0.12,0.06,-50.47%,-,-1.6千萬,69.27%,118,2018/07/16,0.3,N/A
08616.hk,新威工程集團,1.8億,2.8億,7.2千萬,1.8千萬,0.28,0.09,-69.42%,-,-1.4千萬,90.7%,71,2020/04/23,0.24,N/A
00065.hk,弘海高新資源,1.1億,4.1億,7.1千萬,4.4千萬,1.67,0.26,-84.71%,-,-1.3億,66.85%,167,2001/08/30,0.7,金屬及採礦
00483.hk,包浩斯國際,1.7億,4.7億,7.1千萬,7.1千萬,1.29,0.19,-84.93%,-,1.3千萬,85.7%,93,2005/05/12,1.25,紡織及服飾製造
01049.hk,時富投資,1.4千萬,3.1億,7.1千萬,3.5千萬,3.89,0.88,-77.40%,-,-2.2億,77.23%,258,1994/04/27,1.0,工業
02211.hk,大健康國際,4.0億,7.0億,7.1千萬,5.1千萬,6.32,0.62,-90.10%,-,-1.4億,55.83%,202,2013/12/12,2.91,保健及生物科技
01468.hk,嘉高達資本,9.1億,12.1億,7.1千萬,7.1千萬,2.90,0.17,-94.31%,-,-6.7億,69.78%,166,2012/08/24,0.26,金融證券
01707.hk,致浩達控股,1.5億,4.5億,7.1千萬,7.0千萬,0.27,0.04,-84.48%,-,-6.4千萬,88.45%,82,2017/10/12,0.42,建築及建築材料
02210.hk,京城佳業,10.3億,13.3億,7.1千萬,7.1千萬,9.07,1.93,-78.72%,-,2.7億,78.47%,63,2021/11/10,8.28,地產
00084.hk,寶光實業,9.1億,12.1億,7.0千萬,3.7千萬,1.16,0.07,-94.16%,-,3.7億,81.48%,147,1972/10/02,N/A,零售及貿易
00310.hk,嘉進投資國際,1.6千萬,3.2億,7.0千萬,6.6千萬,0.51,0.11,-77.95%,-,-5.7千萬,86.03%,143,1992/12/21,N/A,金融證券
08377.hk,維港育馬,-2.0千萬,8.0千萬,7.0千萬,6.5千萬,0.15,0.13,-12.43%,-,-8.7千萬,92.34%,80,2017/12/15,0.375,N/A
01326.hk,傳遞娛樂,-6.9億,-3.9億,7.0千萬,7.0千萬,N/A,0.03,N/A,-,-6.3億,85.6%,127,2012/10/31,0.9,影視及傳媒
09958.hk,力天影業,-8.5億,-5.5億,7.0千萬,6.0千萬,N/A,0.14,N/A,-,-11.2億,55.65%,110,2020/06/22,2.56,影視及傳媒
00919.hk,現代健康科技,1.9億,4.9億,6.9千萬,3.0千萬,0.54,0.08,-85.87%,-,-1.5千萬,85.37%,126,2006/02/09,1.0,零售及貿易
08577.hk,耀星科技集團,2.4億,3.4億,6.9千萬,N/A,6.10,1.23,-79.84%,-,-1.4億,N/A,1,2026/08/07,N/A,N/A
01340.hk,惠生國際,5.3億,8.3億,6.8千萬,4.7千萬,6.03,0.49,-91.79%,-,-2.0億,67.75%,190,2014/02/28,2.05,食品及飲料製造
01443.hk,富臨集團控股,9.1千萬,3.9億,6.8千萬,1.6千萬,0.30,0.05,-83.38%,-,-1.6千萬,89.76%,117,2014/11/13,1.55,飲食酒店及旅遊
00022.hk,茂盛控股,2.5億,5.5億,6.7千萬,5.1千萬,14.05,1.75,-87.51%,-,-5.2千萬,64.5%,184,1972/12/14,N/A,建築及建築材料
01004.hk,中國智慧能源,-12.5億,-9.5億,6.7千萬,6.7千萬,N/A,0.15,N/A,-,-10.1億,80.13%,144,1997/10/09,1.0,公用事業
01884.hk,ＥＰＲＩＮＴ集團,2.2億,5.2億,6.7千萬,6.7千萬,0.95,0.12,-87.27%,-,-1.4千萬,77.13%,119,2013/12/03,0.78,工業
03639.hk,億達中國,48.8億,51.8億,6.7千萬,5.9千萬,2.00,0.03,-98.60%,-,-77.7億,94.39%,102,2014/06/27,2.45,地產
00810.hk,中國鑄晨８１,7.6千萬,3.8億,6.7千萬,6.7千萬,0.53,0.09,-82.54%,-,-3.5千萬,71.71%,165,2002/02/28,1.0,金融證券
01289.hk,盛力達科技,8.6億,11.6億,6.7千萬,6.7千萬,9.04,2.10,-76.78%,-,1.2億,53.72%,119,2014/11/11,7.72,電子
08333.hk,阿仕特朗金融,1.3億,2.3億,6.7千萬,2.6千萬,2.40,0.70,-70.82%,-,-1.9千萬,83.78%,97,2016/07/14,0.6,N/A
08446.hk,耀星科技集團,2.4億,3.4億,6.7千萬,4.2千萬,6.10,1.05,-82.79%,-,5.0千萬,78.57%,128,2017/06/14,0.3,N/A
00559.hk,德泰新能源集團,4.7億,7.7億,6.6千萬,6.5千萬,1.48,0.13,-91.48%,-,-1.1億,68.75%,211,1997/01/03,1.0,飲食酒店及旅遊
00703.hk,FUTURE BRIGHT,3.8億,6.8億,6.6千萬,5.9千萬,0.99,0.10,-90.36%,-,5.9千萬,76.69%,125,2002/08/15,0.34,飲食酒店及旅遊
00765.hk,PERFECTECH INTL,7.6千萬,3.8億,6.6千萬,2.1千萬,0.77,0.14,-82.39%,-,-6.5千萬,88.58%,94,1992/10/23,N/A,工業
08300.hk,今米房集團,-1.6千萬,8.4千萬,6.6千萬,5.6千萬,0.03,0.03,-21.46%,-,-3.4千萬,87.7%,105,2016/08/08,0.15,N/A
08042.hk,高奧士人才集團,6.1千萬,1.6億,6.6千萬,1.7千萬,0.20,0.08,-59.20%,-,-4.1百萬,89.54%,78,2018/10/12,0.3,N/A
00712.hk,卡姆丹克太陽能,-2.7億,3.2千萬,6.5千萬,5.6千萬,0.03,0.06,97.24%,-,-7.3千萬,67.27%,194,2009/10/30,2.1,工業
00915.hk,道和環球,1.3億,4.3億,6.5千萬,3.0千萬,0.28,0.04,-85.95%,-,3.7千萬,79.2%,156,2002/05/10,1.68,其他
08201.hk,寶聯控股,1.9億,2.9億,6.5千萬,6.3千萬,0.54,0.12,-77.79%,-,-1.6千萬,89.73%,155,2013/06/17,1.2,N/A
08139.hk,長安仁恒,1.4億,2.4億,6.5千萬,6.5千萬,6.20,1.22,-80.32%,-,3.8百萬,77.07%,111,2015/01/16,9.7,N/A
08118.hk,中資國際控股,1.7千萬,1.2億,6.5千萬,3.4千萬,0.23,0.13,-44.87%,-,-1.5億,75.06%,86,2017/11/16,0.3,N/A
08241.hk,英記茶莊集團,-2.9千萬,7.1千萬,6.5千萬,1.3千萬,0.20,0.18,-8.44%,-,-3.2千萬,91.91%,89,2018/04/16,0.54,N/A
08613.hk,東方支付集團控股,-3.7千萬,6.3千萬,6.5千萬,4.3千萬,0.03,0.04,6.46%,-,-7.1千萬,76.87%,103,2018/10/16,0.22,N/A
00736.hk,中國置業投資,4.1億,7.1億,6.4千萬,5.6千萬,2.22,0.20,-91.17%,-,-2.0億,45.89%,230,1992/09/30,N/A,金融證券
03666.hk,上海小南國,-2.0億,1.0億,6.4千萬,5.1千萬,0.04,0.02,-37.60%,-,-2.2億,67.43%,140,2012/07/04,1.5,飲食酒店及旅遊
08051.hk,訊智海,1.8億,2.8億,6.4千萬,5.1千萬,10.64,2.46,-76.89%,-,1.4千萬,82.11%,95,2001/05/08,0.6,N/A
00209.hk,萬維智能科技,-12.8億,-9.8億,6.3千萬,6.1千萬,N/A,0.41,N/A,-,-1.9億,40.22%,177,2002/03/06,0.55,工業
00760.hk,新天地產集團,15.2億,18.2億,6.3千萬,3.5千萬,3.53,0.12,-96.52%,-,-4.0億,82.76%,165,1995/08/08,1.06,地產
01173.hk,威高國際,1.8千萬,3.2億,6.3千萬,1.7千萬,0.13,0.03,-80.18%,-,-1.6億,90.44%,111,1999/04/19,1.0,零售及貿易
08200.hk,修身堂,7.1億,8.1億,6.3千萬,6.3千萬,10.33,0.72,-93.03%,-,-6.6千萬,73.73%,165,2003/11/19,0.25,N/A
01591.hk,汛和集團,1.4億,4.4億,6.3千萬,2.4千萬,0.83,0.12,-85.81%,-,3.4千萬,81.97%,144,2016/09/28,0.13,建築及建築材料
08357.hk,REPUBLIC HC,N/A,N/A,6.3千萬,6.3千萬,N/A,0.10,N/A,-,-4.0百萬,76.67%,79,2018/06/15,0.6,N/A
00648.hk,京玖康療,3.2千萬,3.3億,6.2千萬,6.1千萬,3.10,0.57,-81.46%,-,3.5億,45.65%,282,1990/10/29,N/A,保健及生物科技
00984.hk,永旺,-8.6億,-5.6億,6.2千萬,6.1千萬,N/A,0.23,N/A,-,-8.5億,83.25%,102,1994/02/04,1.6,零售及貿易
08081.hk,白居易控股,1.6億,2.6億,6.2千萬,5.8千萬,0.05,0.01,-74.71%,-,-1.3億,57.68%,186,2000/06/19,0.5,N/A
00913.hk,港灣數字,3.2億,6.2億,6.2千萬,5.3千萬,1.75,0.18,-89.92%,-,1.2億,69.4%,191,1999/10/27,1.0,金融證券
08290.hk,亞勢備份,5.4千萬,1.5億,6.2千萬,1.5千萬,0.08,0.03,-59.74%,-,62.9萬,87.07%,121,2015/10/08,0.2,N/A
08447.hk,MS CONCEPT,1.5千萬,1.1億,6.2千萬,3.0千萬,0.12,0.06,-48.70%,-,-3.6千萬,90.02%,77,2018/04/16,0.27,N/A
00333.hk,黛麗斯國際,3.2億,6.2億,6.1千萬,3.3千萬,2.06,0.20,-90.09%,-,-1.2億,71.46%,131,1991/12/16,N/A,紡織及服飾製造
00864.hk,永利地產發展,2.3億,5.3億,6.1千萬,1.5千萬,1.38,0.16,-88.56%,-,-5.5億,88.35%,115,2013/03/19,N/A,地產
00910.hk,中國三迪,-2.0億,9.9千萬,6.1千萬,5.3千萬,0.02,0.01,-27.76%,-,-54.3億,90.54%,235,1998/12/01,1.0,地產
08067.hk,東方大學城控股,12.9億,13.9億,6.1千萬,6.1千萬,7.70,0.34,-95.59%,-,-1.7億,95.29%,61,2015/01/16,2.64,N/A
08427.hk,萬順瑞強集團,N/A,N/A,6.1千萬,6.0千萬,N/A,3.68,N/A,-,27.8萬,80.3%,96,2017/07/19,0.28,N/A
00348.hk,中國智能健康,-6.0千萬,2.4億,6.0千萬,4.7千萬,0.26,0.08,-70.71%,-,-1.8億,67.44%,185,1997/09/30,1.08,保健及生物科技
00444.hk,SINCEREWATCH HK,-4.2千萬,2.6億,6.0千萬,5.3千萬,0.04,0.01,-76.55%,-,-6.3億,69.05%,156,2005/10/17,1.08,零售及貿易
08071.hk,中彩網通控股,5.8百萬,1.1億,6.0千萬,6.0千萬,1.13,0.62,-44.64%,-,-2.3千萬,57.1%,195,2001/03/02,0.25,N/A
08158.hk,中國再生醫學,5.4千萬,1.5億,6.0千萬,4.6千萬,0.50,0.18,-64.33%,-,-6.2千萬,78.7%,183,2001/07/18,0.4,N/A
01596.hk,翼辰實業,30.8億,33.8億,6.0千萬,4.9千萬,3.77,0.27,-92.83%,-,3.2億,69.02%,97,2016/12/21,3.0,工業
08451.hk,日光控股,N/A,N/A,6.0千萬,1.9千萬,N/A,0.08,N/A,-,1.9百萬,91.3%,91,2018/04/16,0.275,N/A
01965.hk,朗詩綠色生活,-3.7千萬,2.6億,6.0千萬,5.5千萬,0.64,0.14,-77.33%,-,-4.6億,77.36%,85,2021/07/08,3.18,地產
00042.hk,東北電氣,-3.2億,-2.1千萬,5.9千萬,5.8千萬,N/A,0.23,N/A,-,-1.1億,45.96%,168,1995/07/06,1.8,N/A
01847.hk,雲南建投混凝土,11.3億,14.3億,5.9千萬,5.9千萬,3.21,0.44,-86.30%,-,-3.2億,86.48%,107,2019/10/31,3.36,建築及建築材料
08121.hk,國恩控股,1.6億,2.6億,5.8千萬,4.2千萬,1.73,0.39,-77.44%,-,2.1百萬,75.52%,155,2015/05/29,0.25,N/A
08308.hk,古兜控股,1.9億,2.9億,5.8千萬,4.6千萬,0.21,0.04,-79.94%,-,-2.3億,84.73%,75,2016/12/09,0.6,N/A
03728.hk,正利控股,1.4億,4.4億,5.8千萬,5.7千萬,0.44,0.06,-86.99%,-,2.0千萬,82.68%,96,2016/03/29,0.283,建築及建築材料
02135.hk,瑞麗醫美,1.3億,4.3億,5.8千萬,5.6千萬,0.76,0.11,-85.74%,-,-9.7千萬,76.62%,140,2020/12/28,0.4,保健及生物科技
00888.hk,鏈信控股,-3.4千萬,2.7億,5.7千萬,4.4千萬,0.19,0.04,-78.61%,-,-1.1億,85.66%,172,2001/06/28,2.25,金融證券
08268.hk,智城發展控股,8.9千萬,1.9億,5.7千萬,5.7千萬,0.66,0.20,-70.03%,-,-6.7千萬,75.05%,148,2015/01/08,0.385,N/A
01225.hk,隆成金融,3.3億,6.3億,5.6千萬,5.4千萬,2.75,0.24,-91.20%,-,-3.7億,55.95%,193,1998/12/18,1.0,金融證券
01315.hk,綠色經濟,1.7億,4.7億,5.6千萬,3.9千萬,0.75,0.09,-87.99%,-,3.4千萬,70.97%,153,2012/01/18,1.2,建築及建築材料
08416.hk,HM INTL HLDGS,8.8千萬,1.9億,5.6千萬,2.7千萬,0.45,0.13,-70.36%,-,6.4百萬,85.38%,112,2017/01/11,0.6,N/A
08065.hk,高萌科技,1.3億,2.3億,5.6千萬,1.5千萬,0.56,0.14,-75.18%,-,-1.4千萬,89.46%,88,2017/10/16,0.6,N/A
02112.hk,恩典生命科技,-14.2億,-11.2億,5.5千萬,4.9千萬,N/A,0.04,N/A,-,-8.0億,77.99%,110,2013/07/03,1.3,保健及生物科技
08072.hk,蘭谷股份,2.4億,3.4億,5.5千萬,5.1千萬,2.02,0.35,-82.71%,-,-7.6千萬,85.61%,172,2013/02/25,0.3,N/A
08191.hk,鴻偉亞洲,2.6億,3.6億,5.5千萬,5.1千萬,1.03,0.15,-84.90%,-,-1.8億,66.87%,99,2014/01/08,0.39,N/A
08096.hk,賞之味,1.7千萬,1.2億,5.5千萬,5.5千萬,0.24,0.11,-53.05%,-,-1.4千萬,85.96%,105,2019/03/15,0.7,N/A
08627.hk,旅橙文化,9.1千萬,1.9億,5.5千萬,2.1千萬,0.24,0.07,-71.14%,-,-8.1百萬,82.69%,95,2019/11/14,0.275,N/A
00372.hk,保德國際發展,-7.5千萬,2.3億,5.4千萬,4.6千萬,0.74,0.16,-78.63%,-,-2.0億,83.52%,197,1992/02/13,N/A,石油化工
08489.hk,裕程物流,8.3千萬,1.8億,5.4千萬,5.4千萬,0.60,0.17,-70.59%,-,-5.0千萬,89.95%,82,2021/01/13,0.74,N/A
00130.hk,慕詩國際,2.6億,5.6億,5.3千萬,5.2千萬,1.95,0.18,-90.56%,-,-1.0億,85.53%,89,2002/02/11,1.0,紡織及服飾製造
00657.hk,環科國際,-1.9百萬,3.0億,5.3千萬,1.1千萬,0.15,0.03,-82.37%,-,-1.2千萬,90.43%,121,1992/10/30,N/A,飲食酒店及旅遊
00814.hk,北京京客隆,12.2億,15.2億,5.3千萬,5.3千萬,3.68,0.29,-92.13%,-,-4.0億,52.66%,143,2006/09/25,4.5,零售及貿易
00907.hk,高雅光學,-2.6百萬,3.0億,5.3千萬,4.7千萬,0.34,0.06,-82.10%,-,-8.0千萬,73.12%,124,1996/04/11,1.08,紡織及服飾製造
01708.hk,三寶科技,13.1億,16.1億,5.3千萬,4.4千萬,2.04,0.23,-88.70%,-,-5.3億,80.1%,92,2004/06/09,4.15,科技
02088.hk,西王置業,5.0億,8.0億,5.3千萬,5.3千萬,0.57,0.04,-93.34%,-,-1.5億,84.08%,177,2005/12/09,1.88,地產
01561.hk,聯洋智能控股,-7.4千萬,2.3億,5.3千萬,3.7千萬,0.21,0.05,-76.48%,-,-3.5億,65.29%,100,2015/12/01,1.0,科技
08203.hk,凱順控股,-8.8千萬,1.2千萬,5.2千萬,3.7千萬,0.02,0.09,297.12%,-,-7.0千萬,76.61%,169,2004/01/20,0.21,N/A
08313.hk,杰地集團,N/A,N/A,5.2千萬,5.1千萬,N/A,0.03,N/A,-,-5.0百萬,90.92%,77,2018/01/16,0.32,N/A
08196.hk,福田股份,1.2億,2.2億,5.1千萬,4.5千萬,3.49,0.83,-76.09%,-,-3.7百萬,69.37%,90,2015/12/09,0.96,N/A
02363.hk,通達宏泰,-2.0億,1.0億,5.1千萬,1.0千萬,0.51,0.25,-51.27%,-,-8.7千萬,95.84%,207,2018/03/16,2.3,科技
00248.hk,香港通訊國際控股,2.0億,5.0億,5.0千萬,2.0千萬,2.14,0.21,-90.08%,-,-4.9千萬,78.28%,115,2001/11/09,0.5,科技
06128.hk,烯石電車新材料,3.1千萬,3.3億,5.0千萬,4.9千萬,0.35,0.05,-85.21%,-,-5.9億,54.05%,173,2014/06/25,1.2,金屬及採礦
08020.hk,宏海控股集團,-2.1千萬,7.9千萬,5.0千萬,2.9千萬,0.03,0.02,-37.23%,-,-2.1千萬,86.17%,104,2011/10/12,0.3,N/A
08181.hk,港深智能管理,1.5億,2.5億,5.0千萬,1.1千萬,0.22,0.04,-79.87%,-,-7.6千萬,90.61%,99,2013/10/11,0.33,N/A
08226.hk,樹熊金融集團,3.9億,4.9億,5.0千萬,5.0千萬,1.17,0.12,-89.82%,-,-2.6千萬,50.29%,163,2002/07/19,0.5,N/A
08280.hk,中國數字視頻,-8.7千萬,1.3千萬,5.0千萬,4.6千萬,0.02,0.08,271.28%,-,-1.9億,76.88%,106,2016/06/27,1.9,N/A
08297.hk,海納星空科技,-3.1千萬,6.9千萬,5.0千萬,4.7千萬,0.05,0.04,-26.83%,-,-5.7千萬,70.64%,108,2017/07/13,0.4,N/A
08445.hk,怡康泰工程集團,6.8千萬,1.7億,5.0千萬,3.3千萬,0.61,0.18,-70.01%,-,-2.1千萬,84.32%,84,2017/09/29,0.47,N/A
08456.hk,民信國際控股,2.7千萬,1.3億,5.0千萬,5.0千萬,0.96,0.38,-60.43%,-,-9.6百萬,81.68%,110,2018/01/26,0.7,N/A
00332.hk,元亨燃氣,-14.6億,-11.6億,4.9千萬,4.8千萬,N/A,0.15,N/A,-,-26.6億,78.31%,188,1992/09/25,N/A,石油化工
00515.hk,中華銀科技,1.2億,4.2億,4.9千萬,4.6千萬,1.48,0.17,-88.34%,-,-1.2億,51.21%,186,2006/06/23,1.0,電子
08283.hk,中食民安,N/A,N/A,4.9千萬,3.2千萬,N/A,0.15,N/A,-,-2.7百萬,76.92%,120,2016/11/08,0.4,N/A
01632.hk,民商創科,9.8千萬,4.0億,4.9千萬,4.5千萬,0.42,0.05,-87.79%,-,-9.4千萬,83.66%,116,2016/11/29,2.0,科技
00309.hk,新華通訊頻媒,7.7千萬,3.8億,4.8千萬,3.9千萬,7.23,0.93,-87.14%,-,-2.1千萬,65.74%,158,2003/07/25,0.56,工業
00768.hk,開明投資,1.0億,4.0億,4.8千萬,1.2千萬,0.32,0.04,-88.01%,-,2.9百萬,86.19%,116,2000/01/18,1.0,金融證券
08307.hk,密迪斯肌,5.2百萬,1.1億,4.8千萬,1.7千萬,0.27,0.12,-53.97%,-,-6.4百萬,90.76%,77,2014/12/18,0.6,N/A
01354.hk,經發物業,4.1億,7.1億,4.8千萬,4.2千萬,10.66,3.00,-71.90%,-,1.9億,77.4%,75,2024/07/03,7.5,地產
00755.hk,大方廣瑞德,3.9億,6.9億,4.7千萬,3.9千萬,3.87,0.27,-93.15%,-,-7.9億,72.7%,213,1992/10/27,N/A,地產
02288.hk,宏基資本,4.4億,7.4億,4.7千萬,4.6千萬,1.97,0.12,-93.65%,-,-4.6億,77.54%,157,2009/08/21,4.18,地產
08329.hk,海王英特龍,7.5億,8.5億,4.7千萬,4.7千萬,0.51,0.11,-78.39%,-,7.8百萬,54.37%,118,2005/09/12,0.33,N/A
08238.hk,玖方數智,-1.5億,-5.2千萬,4.7千萬,4.7千萬,N/A,0.14,N/A,-,-1.0億,76.03%,158,2015/02/16,0.37,N/A
08232.hk,一木集團,2.5百萬,1.0億,4.7千萬,4.7千萬,1.84,0.85,-53.77%,-,-1.7千萬,86.64%,100,2016/07/11,0.55,N/A
08152.hk,明樑控股,1.1億,2.1億,4.7千萬,1.4千萬,0.35,0.08,-78.51%,-,3.5百萬,89.06%,78,2017/07/21,0.47,N/A
08536.hk,TL NATURAL GAS,5.3千萬,1.5億,4.7千萬,4.7千萬,0.72,0.23,-67.99%,-,-4.4千萬,64.22%,104,2018/05/18,0.48,N/A
02195.hk,盈滙企業控股,9.0千萬,3.9億,4.7千萬,3.2千萬,2.31,0.28,-87.87%,-,-1.1億,82.16%,123,2021/03/31,0.56,建築及建築材料
00471.hk,中播數據,5.9億,8.9億,4.6千萬,4.3千萬,1.85,0.10,-94.60%,-,-5.9億,60.28%,233,2005/10/10,1.02,N/A
01124.hk,沿海家園,3.9億,6.9億,4.6千萬,4.5千萬,1.67,0.11,-93.43%,-,-17.8億,68.1%,190,1997/10/16,2.38,地產
08205.hk,交大慧谷,7.8百萬,1.1億,4.6千萬,4.6千萬,0.22,0.35,55.81%,-,-2.1千萬,81.72%,65,2002/07/31,0.66,N/A
08340.hk,紫荊國際金融,8.5千萬,1.8億,4.6千萬,3.7千萬,2.31,0.58,-74.87%,-,-1.4千萬,68.14%,112,2008/05/20,0.25,N/A
08526.hk,榮豐集團亞洲,4.5千萬,1.4億,4.6千萬,2.3千萬,0.89,0.28,-68.06%,-,-5.7千萬,76.15%,78,2018/02/27,0.38,N/A
02695.hk,印象大紅袍,3.6億,6.6億,4.6千萬,4.6千萬,4.56,1.24,-72.90%,-,1.4億,51.27%,86,2025/12/22,3.6,飲食酒店及旅遊
00193.hk,冠中地產,8.3億,11.3億,4.5千萬,2.8千萬,4.84,0.19,-96.01%,-,-3.8千萬,83.47%,212,1972/09/11,N/A,金融證券
01064.hk,中華國際,3.2億,6.2億,4.5千萬,1.6千萬,0.80,0.06,-92.76%,-,-5.4億,85.97%,148,1997/10/13,2.08,地產
08082.hk,擎華控股,-3.2千萬,6.8千萬,4.5千萬,4.2千萬,0.03,0.02,-29.17%,-,-1.1億,63.37%,144,2001/11/02,0.25,N/A
08262.hk,宏強控股,7.5千萬,1.7億,4.5千萬,2.2千萬,0.19,0.05,-72.00%,-,-4.4千萬,87.62%,69,2016/03/30,0.33,N/A
08036.hk,電子交易集團,5.8千萬,1.6億,4.5千萬,1.7千萬,0.13,0.04,-68.82%,-,-4.5百萬,93.14%,89,2019/02/19,0.28,N/A
01703.hk,誼和股份,2.3千萬,3.2億,4.5千萬,4.1千萬,2.34,0.32,-86.54%,-,-3.1百萬,46.3%,112,2019/02/15,0.5,飲食酒店及旅遊
00426.hk,萬華媒體,-8.8千萬,2.1億,4.4千萬,1.1千萬,0.53,0.11,-79.22%,-,-7.4千萬,90.17%,101,2005/10/18,1.2,影視及傳媒
00747.hk,瀋陽公用發展股份,2.1億,5.1億,4.4千萬,4.3千萬,0.35,0.07,-79.41%,-,-3.9億,47.07%,156,1999/12/16,1.7,地產
08309.hk,萬成環球控股,1.2億,2.2億,4.4千萬,1.7千萬,0.37,0.07,-80.20%,-,8.9百萬,83.99%,73,2017/04/13,0.32,N/A
00138.hk,中建富通,3.6億,6.6億,4.3千萬,9.6百萬,4.11,0.27,-93.44%,-,-13.0億,89.26%,239,1991/11/11,N/A,零售及貿易
08462.hk,中安控股集團,N/A,N/A,4.3千萬,4.1千萬,N/A,0.07,N/A,-,5.1百萬,75.34%,104,2017/07/17,0.45,N/A
08545.hk,佰悅集團,1.9億,2.9億,4.3千萬,4.3千萬,0.25,0.04,-85.36%,-,-1.6百萬,59.8%,123,2018/05/31,0.35,N/A
01842.hk,植華集團,9.6千萬,4.0億,4.3千萬,2.8千萬,0.33,0.04,-89.09%,-,-2.9千萬,71.08%,115,2019/06/28,0.5,N/A
00162.hk,世紀金花,2.2億,5.2億,4.2千萬,2.8千萬,0.46,0.04,-91.22%,-,-15.4億,75.87%,138,2000/10/23,0.8,零售及貿易
00602.hk,佳華百貨控股,-2.1億,9.2千萬,4.2千萬,1.2千萬,0.09,0.04,-53.89%,-,-3.0億,86.7%,138,2007/05/21,1.04,零售及貿易
00682.hk,超大現代,2.0億,5.0億,4.2千萬,3.6千萬,2.55,0.21,-91.57%,-,-4.1千萬,55.04%,197,2000/12/15,1.52,食品及飲料製造
00954.hk,常茂生物,6.0億,9.0億,4.2千萬,4.2千萬,1.69,0.23,-86.52%,-,-2.4億,46.94%,81,2002/06/28,0.55,食品及飲料製造
06108.hk,新銳醫藥,4.2億,7.2億,4.2千萬,3.3千萬,3.61,0.24,-93.46%,-,-7.3千萬,64.7%,193,2013/10/25,0.25,保健及生物科技
08417.hk,大地教育,4.6千萬,1.5億,4.2千萬,3.1千萬,0.08,0.02,-71.13%,-,-1.5千萬,89.5%,104,2017/02/16,0.34,N/A
02147.hk,正味集團,4.5億,7.5億,4.2千萬,3.5千萬,11.22,0.70,-93.76%,-,6.1百萬,56.16%,116,2023/01/13,0.68,食品及飲料製造
08392.hk,舍圖控股,1.9千萬,1.2億,4.1千萬,4.1千萬,0.12,0.04,-66.39%,-,-1.0千萬,87.67%,96,2017/10/16,0.22,N/A
08432.hk,太平洋酒吧,2.0千萬,1.2億,4.1千萬,2.0千萬,0.14,0.05,-64.16%,-,-1.7千萬,78.88%,92,2017/01/11,0.29,N/A
08117.hk,中國基礎能源,2.0億,3.0億,4.0千萬,3.1千萬,0.30,0.04,-86.81%,-,-7.1千萬,83.34%,158,2001/12/13,0.3,N/A
08412.hk,新愛德集團,4.3百萬,1.0億,4.0千萬,1.9千萬,0.71,0.27,-62.01%,-,-1.8千萬,87.29%,105,2017/04/07,0.34,N/A
08510.hk,TOPSTANDARDCORP,-1.1千萬,8.9千萬,4.0千萬,3.3千萬,0.37,0.19,-50.22%,-,-4.8百萬,90.79%,83,2018/02/13,0.35,N/A
08210.hk,衍匯亞洲,7.4千萬,1.7億,4.0千萬,1.5千萬,0.22,0.05,-77.06%,-,2.0百萬,86.24%,93,2018/08/27,0.255,N/A
01849.hk,秀商時代控股,6.8百萬,3.1億,4.0千萬,1.9千萬,0.38,0.05,-86.96%,-,-3.5千萬,85.92%,94,2019/06/26,0.65,影視及傳媒
01915.hk,泰和小貸,10.0億,13.0億,4.0千萬,3.7千萬,2.17,0.27,-87.78%,-,-5.3百萬,83.47%,65,2017/05/08,1.34,金融證券
02433.hk,中天湖南集團,4.8億,7.8億,4.0千萬,2.9千萬,1.36,0.07,-94.84%,-,-6.1千萬,65.85%,107,2023/03/30,1.18,建築及建築材料
00079.hk,世紀建業,1.9億,4.9億,3.9千萬,1.7千萬,1.50,0.13,-91.62%,-,-7.4千萬,71.84%,143,1993/07/08,N/A,飲食酒店及旅遊
00704.hk,和嘉控股,8.8億,11.8億,3.9千萬,3.4千萬,4.08,0.13,-96.74%,-,11.8億,80.34%,192,1991/05/27,N/A,金屬及採礦
08163.hk,聲揚集團,-5.8千萬,4.2千萬,3.9千萬,3.3千萬,0.04,0.04,-6.26%,-,-6.5千萬,75.3%,179,2002/03/07,0.5,N/A
08282.hk,智傲控股,4.1千萬,1.4億,3.9千萬,3.7千萬,2.47,0.68,-72.67%,-,-3.3千萬,76.52%,78,2016/01/13,1.25,N/A
08500.hk,天泓文創,4.0千萬,1.4億,3.9千萬,3.5千萬,0.32,0.09,-71.87%,-,-1.6億,86.03%,96,2020/01/14,1.39,N/A
01195.hk,京維集團,1.1億,4.1億,3.8千萬,3.3千萬,0.14,0.01,-90.15%,-,-4.2千萬,52.57%,178,2001/05/17,0.9,地產
08331.hk,倍搏集團,1.2億,2.2億,3.8千萬,3.5千萬,1.41,0.23,-83.58%,-,-1.6千萬,86.71%,80,2015/12/29,0.32,N/A
00055.hk,中星集團控股,6.0億,9.0億,3.7千萬,3.1千萬,3.55,0.14,-95.91%,-,-2.1億,55.21%,161,1992/09/10,N/A,工業
00646.hk,中國環保科技,-6.4億,-3.4億,3.7千萬,2.6千萬,N/A,0.14,N/A,-,-1.3億,76.5%,149,2002/03/28,0.5,公用事業
01802.hk,文業集團,-8.6千萬,2.1億,3.7千萬,3.1千萬,0.26,0.04,-82.50%,-,7.7億,66.42%,114,2020/01/14,1.06,建築及建築材料
00601.hk,稀鎂科技,-8.8千萬,2.1億,3.6千萬,3.0千萬,0.36,0.06,-82.69%,-,-11.5億,69.72%,176,1993/01/28,N/A,金屬及採礦
01107.hk,當代置業,-2.7百億,-2.7百億,3.6千萬,1.2千萬,N/A,0.01,N/A,-,-2.9百億,85.01%,131,2013/07/12,1.49,地產
08130.hk,大地國際集團,-1.9億,-8.6千萬,3.6千萬,3.5千萬,N/A,0.01,N/A,-,-5.6億,72.42%,202,2002/08/26,0.3,N/A
00574.hk,百信國際,-1.8億,1.2億,3.6千萬,3.5千萬,0.06,0.02,-71.08%,-,-3.1千萬,74.45%,169,2015/06/19,1.22,保健及生物科技
08245.hk,烽翼集團,-6.4百萬,9.4千萬,3.6千萬,3.4千萬,0.32,0.14,-58.25%,-,-1.3千萬,77.01%,140,2015/09/30,0.57,N/A
08035.hk,駿高控股,1.8千萬,1.2億,3.6千萬,3.6千萬,0.20,0.06,-69.49%,-,-6.2千萬,73.42%,87,2016/10/07,0.41,N/A
08425.hk,興銘控股,9.6千萬,2.0億,3.6千萬,3.0千萬,0.52,0.10,-81.54%,-,-2.5千萬,87.43%,74,2017/03/15,0.75,N/A
08402.hk,高原之寶,N/A,N/A,3.6千萬,2.7千萬,N/A,0.07,N/A,-,-6.2百萬,69.92%,106,2017/11/17,0.54,N/A
08422.hk,ＷＴ集團,7.3千萬,1.7億,3.6千萬,3.6千萬,0.48,0.10,-78.99%,-,-2.6千萬,75.09%,106,2017/12/28,0.22,N/A
08136.hk,英馬斯集團,1.0億,2.0億,3.6千萬,1.8千萬,0.20,0.04,-82.59%,-,2.5千萬,82.15%,94,2018/01/25,0.25,N/A
08619.hk,NIU HOLDINGS,1.3億,2.3億,3.6千萬,2.5千萬,0.53,0.08,-84.65%,-,6.8千萬,74.54%,100,2018/09/17,0.2,N/A
08612.hk,維亮控股,-3.1千萬,6.9千萬,3.6千萬,2.4千萬,0.17,0.09,-49.14%,-,-8.9千萬,73.09%,106,2019/07/12,0.55,N/A
08092.hk,ITE HOLDINGS,1.9千萬,1.2億,3.5千萬,1.7千萬,0.13,0.04,-70.55%,-,4.1百萬,72.0%,99,2001/02/21,0.75,N/A
06839.hk,雲南水務,-17.1億,-14.1億,3.5千萬,3.5千萬,N/A,0.10,N/A,-,-46.7億,52.51%,171,2015/05/27,5.8,公用事業
06878.hk,鼎豐集團汽車,7.1千萬,3.7億,3.5千萬,3.5千萬,0.40,0.04,-90.63%,-,-24.4億,71.72%,185,2013/12/09,0.78,金融證券
08341.hk,艾碩控股,7.3千萬,1.7億,3.5千萬,3.4千萬,0.72,0.14,-79.88%,-,1.4千萬,68.56%,98,2017/01/13,0.84,N/A
08423.hk,CHI HO DEV,8.2千萬,1.8億,3.5千萬,1.2千萬,0.23,0.04,-83.26%,-,-2.2百萬,87.09%,77,2017/03/13,0.3,N/A
00274.hk,復興亞洲,5.3億,8.3億,3.4千萬,2.9千萬,12.15,0.49,-95.97%,-,-1.5億,70.53%,231,2000/12/18,1.0,金屬及採礦
00840.hk,天業節水,3.8億,6.8億,3.4千萬,3.3千萬,1.31,0.17,-87.40%,-,-1.1億,52.18%,121,2006/02/28,1.18,N/A
00986.hk,杜甫酒業集團,3.4千萬,3.3億,3.4千萬,3.1千萬,2.58,0.27,-89.73%,-,1.2千萬,44.0%,209,1994/02/02,1.0,零售及貿易
03683.hk,榮豐億控股,2.2千萬,3.2億,3.4千萬,3.3千萬,0.34,0.04,-89.36%,-,-1.4億,81.73%,83,2010/10/11,1.13,物流運輸
08006.hk,華泰瑞銀,3.5千萬,1.3億,3.4千萬,3.2千萬,0.37,0.09,-75.08%,-,-8.3千萬,70.75%,251,2000/03/09,1.88,N/A
08111.hk,中國科技產業集團,1.1千萬,1.1億,3.4千萬,1.2千萬,0.24,0.07,-69.19%,-,-7.5千萬,77.99%,124,2001/01/03,0.4,N/A
08178.hk,中國信息科技,2.6億,3.6億,3.4千萬,3.1千萬,2.11,0.19,-90.96%,-,-1.6億,58.56%,197,2001/12/11,0.38,N/A
08315.hk,新都酒店,4.1百萬,1.0億,3.3千萬,3.0千萬,0.18,0.06,-68.15%,-,-6.8百萬,87.75%,137,2014/08/20,0.385,N/A
08217.hk,菊福堂生物,5.0千萬,1.5億,3.3千萬,3.0千萬,0.50,0.11,-77.92%,-,-2.3千萬,58.3%,176,2016/04/12,0.26,N/A
08060.hk,國聯通信,8.0千萬,1.8億,3.2千萬,9.2百萬,0.55,0.10,-82.19%,-,-5.2百萬,88.18%,128,2002/11/13,0.36,N/A
08373.hk,靛藍星,N/A,N/A,3.2千萬,3.2千萬,N/A,0.80,N/A,-,6.1百萬,73.38%,90,2017/11/16,0.6,N/A
08621.hk,METROPOLIS CAP,1.7億,2.7億,3.2千萬,3.2千萬,0.28,0.03,-88.26%,-,-4.5千萬,77.59%,91,2018/12/12,0.39,N/A
01379.hk,温嶺工量刃具,9.3億,12.3億,3.2千萬,3.2千萬,15.37,1.60,-89.59%,-,6.4千萬,72.9%,65,2020/12/30,6.25,地產
08250.hk,都都控股,3.1億,4.1億,3.1千萬,2.1千萬,1.18,0.09,-92.49%,-,-3.0千萬,81.31%,182,2004/06/18,0.5,N/A
08337.hk,直通電訊,2.6千萬,1.3億,3.1千萬,5.3百萬,0.51,0.12,-75.70%,-,-2.7千萬,92.01%,97,2010/06/02,0.3,N/A
08366.hk,浙江聯合投資,-2.7千萬,7.3千萬,3.1千萬,3.1千萬,0.05,0.02,-54.74%,-,-2.4百萬,82.79%,94,2015/11/02,0.2,N/A
06611.hk,三巽集團,12.7億,15.7億,3.1千萬,1.1千萬,2.32,0.05,-98.02%,-,-5.5億,85.27%,98,2021/07/19,4.75,地產
08153.hk,嘉鼎國際集團,7.3千萬,1.7億,3.0千萬,2.6千萬,4.17,0.70,-83.21%,-,-8.2千萬,67.0%,190,2001/03/30,0.335,N/A
00428.hk,中國天弓控股,2.1億,5.1億,3.0千萬,2.9千萬,3.33,0.19,-94.18%,-,-1.4千萬,74.08%,182,1993/12/14,N/A,金融證券
08193.hk,亞太金融投資,6.0千萬,1.6億,2.9千萬,2.7千萬,0.57,0.11,-81.48%,-,-6.1千萬,61.34%,145,2011/05/31,0.72,N/A
08472.hk,立高控股,1.4億,2.4億,2.9千萬,2.7千萬,2.11,0.25,-88.18%,-,8.6百萬,53.85%,101,2017/07/18,0.5,N/A
08419.hk,ＡＶ策劃推廣,5.1千萬,1.5億,2.9千萬,2.9千萬,0.38,0.07,-80.69%,-,-1.6千萬,84.21%,94,2017/12/21,0.55,N/A
01542.hk,台州水務,7.6億,10.6億,2.9千萬,2.9千萬,5.32,0.58,-89.10%,-,-2.7億,91.93%,55,2019/12/31,4.22,公用事業
02608.hk,陽光１００中國,-1.1百億,-1.1百億,2.8千萬,2.7千萬,N/A,0.01,N/A,-,-1.3百億,75.25%,113,2014/03/13,4.0,地產
08112.hk,基石金融,9.4千萬,1.9億,2.8千萬,2.3千萬,0.84,0.11,-87.08%,-,-8.8千萬,78.55%,132,2011/07/28,0.72,N/A
02110.hk,天成控股,4.1千萬,3.4億,2.8千萬,2.6千萬,0.79,0.06,-92.54%,-,-1.7億,67.02%,135,2020/12/07,0.225,建築及建築材料
00073.hk,亞洲果業,1.2億,4.2億,2.7千萬,2.6千萬,28.16,1.84,-93.47%,-,-1.2億,73.86%,167,2009/11/26,N/A,食品及飲料製造
08159.hk,新華聯合投資,6.4百萬,1.1億,2.7千萬,9.6百萬,0.13,0.03,-74.29%,-,-5.8千萬,84.86%,84,2002/01/04,0.43,N/A
08420.hk,NEXION TECH,1.4千萬,1.1億,2.7千萬,2.7千萬,0.13,0.03,-76.68%,-,-2.5億,78.1%,90,2017/06/16,0.48,N/A
00176.hk,先機企業集團,-3.0千萬,2.7億,2.6千萬,2.6千萬,0.13,0.01,-90.20%,-,-4.8億,83.57%,116,1994/04/28,1.28,電子
08056.hk,生活概念,-5.8千萬,4.2千萬,2.6千萬,1.8千萬,0.37,0.23,-38.62%,-,3.0千萬,68.65%,131,2016/08/05,0.45,N/A
08222.hk,壹照明,7.2百萬,1.1億,2.6千萬,1.4千萬,0.24,0.05,-78.12%,-,-1.6千萬,76.19%,112,2014/09/29,0.5,N/A
01459.hk,巨匠建設,17.9億,20.9億,2.6千萬,2.6千萬,3.91,0.21,-94.74%,-,-4.7千萬,63.28%,96,2016/01/12,1.35,建築及建築材料
08519.hk,新享時代,87.0萬,1.0億,2.6千萬,1.6千萬,0.70,0.18,-74.56%,-,-6.3百萬,87.22%,100,2018/02/08,0.3,N/A
01000.hk,北青傳媒,6.8億,9.8億,2.5千萬,2.4千萬,4.96,0.45,-90.92%,-,-10.0千萬,66.73%,129,2004/12/22,18.95,影視及傳媒
01166.hk,星凱控股,6.1億,9.1億,2.5千萬,2.5千萬,6.42,0.17,-97.32%,-,-4.1億,72.28%,219,1996/12/12,1.2,金屬及採礦
01862.hk,景瑞控股,-56.7億,-53.7億,2.5千萬,2.3千萬,N/A,0.02,N/A,-,-99.2億,63.5%,126,2013/10/31,4.45,地產
01889.hk,三愛健康集團,3.5億,6.5億,2.5千萬,2.3千萬,4.23,0.17,-96.06%,-,1.2百萬,63.62%,210,2007/02/01,1.8,保健及生物科技
08173.hk,客思控股,2.1千萬,1.2億,2.5千萬,1.2千萬,0.56,0.12,-78.70%,-,-1.6千萬,83.94%,180,2002/05/09,0.33,N/A
08091.hk,奧傳思維控股,1.7千萬,1.2億,2.5千萬,6.7百萬,0.16,0.04,-78.51%,-,-2.1千萬,91.32%,91,2017/01/05,0.27,N/A
08513.hk,加和國際控股,N/A,N/A,2.5千萬,2.2千萬,N/A,0.31,N/A,-,-10.0百萬,70.05%,99,2018/01/19,0.65,N/A
08511.hk,民富國際,80.9萬,1.0億,2.5千萬,2.4千萬,3.24,0.70,-78.41%,-,-7.6千萬,79.83%,114,2018/04/20,0.65,N/A
08623.hk,中國蜀塔,-1.1億,-1.4千萬,2.5千萬,1.3千萬,N/A,0.14,N/A,-,-2.5億,88.9%,93,2020/07/10,0.3,N/A
00061.hk,綠領控股,-5.3億,-2.3億,2.4千萬,2.4千萬,N/A,0.18,N/A,-,3.8億,59.26%,222,1999/07/06,1.28,金屬及採礦
08019.hk,皓文控股,3.2億,4.2億,2.4千萬,2.0千萬,1.19,0.07,-93.96%,-,-2.0千萬,63.69%,178,2001/07/20,0.495,N/A
08277.hk,駿東控股,-52.5萬,9.9千萬,2.4千萬,2.0千萬,0.38,0.09,-76.25%,-,-2.3百萬,88.2%,96,2015/02/23,1.2,N/A
08401.hk,華夏水務集團,4.6千萬,1.5億,2.4千萬,2.3千萬,0.18,0.03,-82.68%,-,-2.8千萬,73.98%,107,2018/03/28,1.05,N/A
08482.hk,萬勵達,2.5千萬,1.3億,2.4千萬,2.0千萬,0.70,0.13,-81.19%,-,-5.0千萬,78.64%,103,2018/09/05,0.275,N/A
08169.hk,環康集團,1.1億,2.1億,2.3千萬,1.0千萬,0.33,0.04,-88.65%,-,91.9萬,81.9%,86,2001/12/05,0.238,N/A
02738.hk,華津國際控股,-9.9億,-6.9億,2.3千萬,2.2千萬,N/A,0.04,N/A,-,-14.2億,89.82%,75,2016/04/15,2.38,金屬及採礦
08429.hk,華美樂樂,4.6千萬,1.5億,2.3千萬,2.0千萬,0.30,0.05,-84.18%,-,-2.9千萬,82.75%,75,2017/12/08,0.55,N/A
08285.hk,森浩集團,-1.0千萬,9.0千萬,2.3千萬,5.7百萬,0.16,0.04,-71.87%,-,-2.0千萬,91.68%,82,2018/01/16,0.43,N/A
08003.hk,世大控股,2.7百萬,1.0億,2.2千萬,1.5千萬,0.31,0.07,-78.31%,-,-1.8千萬,68.75%,161,1999/12/02,1.5,N/A
08076.hk,新利軟件,-1.5百萬,9.8千萬,2.2千萬,1.7千萬,0.07,0.02,-77.26%,-,-3.5千萬,60.67%,105,2001/09/05,0.48,N/A
08079.hk,曌生命,3.1千萬,1.3億,2.2千萬,2.0千萬,3.57,0.60,-83.18%,-,-1.6億,60.64%,144,2001/10/15,0.5,N/A
00204.hk,資本界金控,4.4億,7.4億,2.2千萬,1.9千萬,2.96,0.09,-96.96%,-,-2.1億,65.82%,199,2000/12/12,0.33,金融證券
08293.hk,星亞控股,N/A,N/A,2.2千萬,2.1千萬,N/A,0.10,N/A,-,-3.8百萬,72.15%,146,2016/07/15,1.0,N/A
08052.hk,陸慶娛樂,-8.8百萬,9.1千萬,2.2千萬,2.1千萬,0.17,0.04,-75.36%,-,-2.7千萬,88.91%,112,2016/11/11,0.21,N/A
08455.hk,禮建德集團,-6.7百萬,9.3千萬,2.2千萬,1.7千萬,0.10,0.03,-69.13%,-,-2.5千萬,74.03%,113,2017/04/12,0.26,N/A
03919.hk,金力集團,3.4億,6.4億,2.2千萬,1.4千萬,14.21,0.51,-96.41%,-,-1.7千萬,74.46%,114,2015/06/05,1.35,電子
00997.hk,普匯中金國際,1.7億,4.7億,2.1千萬,2.1千萬,0.40,0.02,-95.54%,-,-7.3億,76.3%,155,2000/03/10,1.52,地產
08059.hk,朝威控股,-3.7千萬,6.3千萬,2.1千萬,2.1千萬,0.06,0.02,-66.10%,-,-3.8千萬,74.93%,119,2014/08/15,0.4,N/A
08356.hk,進業控股,-3.3千萬,6.7千萬,2.1千萬,1.2千萬,0.89,0.28,-68.54%,-,-2.1千萬,77.2%,141,2010/08/30,1.28,N/A
08471.hk,新達控股,5.6千萬,1.6億,2.1千萬,2.1千萬,2.12,0.29,-86.29%,-,-4.8千萬,73.3%,92,2017/07/21,0.3,N/A
08631.hk,申港控股,-1.5千萬,8.5千萬,2.1千萬,2.1千萬,1.77,0.43,-75.64%,-,-6.1千萬,87.01%,82,2019/01/08,0.6,N/A
00362.hk,中國天化工,-10.8億,-7.8億,2.0千萬,2.0千萬,N/A,0.01,N/A,-,-13.8億,52.05%,231,2001/05/02,0.25,石油化工
08018.hk,匯財金融投資,3.9千萬,1.4億,2.0千萬,2.0千萬,0.28,0.04,-87.29%,-,-5.3千萬,56.73%,170,2013/09/26,0.82,N/A
08161.hk,醫匯集團,8.4百萬,1.1億,2.0千萬,4.2百萬,2.60,0.47,-81.96%,-,-2.0萬,89.79%,82,2016/05/31,0.27,N/A
02231.hk,景業名邦集團,-7.8億,-4.8億,2.0千萬,2.0千萬,N/A,0.01,N/A,-,-28.4億,75.57%,104,2019/12/05,3.16,地產
00509.hk,世紀陽光,8.0億,11.0億,1.9千萬,1.6千萬,9.65,0.17,-98.24%,-,-23.7億,64.39%,170,2004/02/17,0.55,保健及生物科技
08179.hk,百利達集團控股,3.4億,4.4億,1.9千萬,1.3千萬,0.23,0.01,-95.66%,-,-1.1億,61.02%,183,2011/07/08,1.0,N/A
08367.hk,倩碧控股,-1.2千萬,8.8千萬,1.9千萬,1.7千萬,0.91,0.20,-78.08%,-,-1.3千萬,82.07%,116,2018/02/26,0.275,N/A
01736.hk,中國育兒網絡,-3.3千萬,2.7億,1.9千萬,8.9百萬,5.22,0.46,-91.29%,-,-8.1千萬,75.05%,126,2015/07/08,1.39,科技
08437.hk,德斯控股,N/A,N/A,1.7千萬,1.2千萬,N/A,0.25,N/A,-,-2.9千萬,78.84%,105,2017/10/13,0.48,N/A
08347.hk,Ｆ８企業,9.1千萬,1.9億,1.6千萬,1.6千萬,1.39,0.12,-91.45%,-,-9.5百萬,73.48%,94,2017/04/12,0.32,N/A
08452.hk,富銀融資股份,4.6億,5.6億,1.6千萬,1.6千萬,1.55,0.22,-85.83%,-,-5.1千萬,75.19%,63,2017/05/23,1.31,N/A
08103.hk,ＨＭＶＯＤ視頻,-5.3千萬,4.7千萬,1.5千萬,1.5千萬,0.36,0.12,-67.17%,-,-2.2千萬,69.54%,153,2000/09/08,0.56,N/A
08176.hk,超人智能,-7.6千萬,2.4千萬,1.5千萬,8.7百萬,0.03,0.02,-37.80%,-,-5.0千萬,76.91%,129,2002/02/19,0.3,N/A
08069.hk,飛道旅遊科技,2.4百萬,1.0億,1.5千萬,1.1千萬,2.51,0.38,-84.84%,-,-8.8百萬,72.4%,115,2017/01/12,0.8,N/A
01749.hk,杉杉品牌,3.2億,6.2億,1.5千萬,1.5千萬,4.64,0.44,-90.51%,-,7.9千萬,42.56%,95,2018/06/27,3.78,紡織及服飾製造
08296.hk,中國生命集團,1.4億,2.4億,1.4千萬,1.2千萬,2.54,0.15,-94.10%,-,-2.4千萬,68.43%,172,2009/09/09,0.72,N/A
01007.hk,龍輝國際控股,-2.1億,9.2千萬,1.3千萬,1.3千萬,0.49,0.07,-85.59%,-,-1.3億,54.07%,220,2010/10/28,4.39,食品及飲料製造
01010.hk,天璽曜１１,-1.6億,1.4億,1.3千萬,1.2千萬,0.32,0.03,-90.07%,-,-2.5億,51.06%,116,1994/02/18,1.23,電子
08430.hk,春能控股,N/A,N/A,1.3千萬,1.3千萬,N/A,0.08,N/A,-,-8.5百萬,70.87%,112,2017/10/18,0.44,N/A
00299.hk,寶新置地,-4.8億,-1.8億,1.2千萬,1.1千萬,N/A,0.11,N/A,-,-28.6億,75.43%,211,2004/04/30,1.77,地產
08286.hk,長城微光,-1.9億,-9.4千萬,1.2千萬,9.9百萬,N/A,0.11,N/A,-,-7.5千萬,83.02%,66,2004/05/18,0.4,N/A
08291.hk,港娛國際,-6.8千萬,3.2千萬,1.2千萬,1.2千萬,0.60,0.25,-58.84%,-,-3.3千萬,76.96%,106,2017/07/18,0.65,N/A
08133.hk,吉盛集團控股,1.8千萬,1.2億,1.1千萬,1.1千萬,3.08,0.28,-90.92%,-,-1.1千萬,53.17%,119,2015/04/30,0.2,N/A
08496.hk,環球友飲智能,3.0千萬,1.3億,1.1千萬,8.1百萬,0.49,0.04,-91.58%,-,-8.8百萬,86.59%,80,2020/05/18,0.9,N/A
08493.hk,炙龍控股,-1.1億,-1.1千萬,1.0千萬,10.0百萬,N/A,0.04,N/A,-,-4.0千萬,58.81%,114,2018/01/16,0.21,N/A
08385.hk,萬里印刷,-1.2億,-1.5千萬,8.9百萬,8.9百萬,N/A,0.08,N/A,-,-1.7億,60.57%,94,2017/12/13,0.35,N/A
08249.hk,瑞遠智控,-6.4千萬,3.6千萬,8.5百萬,8.5百萬,0.07,0.07,-9.65%,-,-6.7百萬,38.51%,87,2003/11/14,0.5,N/A
08532.hk,寶發控股,-1.1億,-7.5百萬,5.3百萬,5.3百萬,N/A,0.06,N/A,-,-1.3億,63.31%,99,2018/02/23,0.28,N/A
08475.hk,易站綠色科技,-2.5千萬,7.5千萬,4.7百萬,2.7百萬,1.11,0.07,-93.77%,-,2.7千萬,68.89%,106,2018/08/13,0.72,N/A
06189.hk,愛得威建設集團,-8.4億,-5.4億,4.5百萬,4.5百萬,N/A,0.07,N/A,-,-11.8億,45.6%,139,2016/11/25,5.2,建築及建築材料
00770.hk,SHANGHAI GROWTH,6.5百萬,3.1億,3.9百萬,3.0百萬,17.38,0.22,-98.73%,-,-1.3千萬,68.21%,57,1993/11/30,N/A,金融證券
